[2026-03-15T17:04:59.632+0000] {processor.py:161} INFO - Started process (PID=70) to work on /opt/airflow/dags/weather_flood_pipeline.py
[2026-03-15T17:04:59.634+0000] {processor.py:830} INFO - Processing file /opt/airflow/dags/weather_flood_pipeline.py for tasks to queue
[2026-03-15T17:04:59.636+0000] {logging_mixin.py:188} INFO - [2026-03-15T17:04:59.636+0000] {dagbag.py:540} INFO - Filling up the DagBag from /opt/airflow/dags/weather_flood_pipeline.py
[2026-03-15T17:04:59.670+0000] {processor.py:840} INFO - DAG(s) 'danang_flood_forecasting_etl' retrieved from /opt/airflow/dags/weather_flood_pipeline.py
[2026-03-15T17:04:59.862+0000] {logging_mixin.py:188} INFO - [2026-03-15T17:04:59.861+0000] {override.py:1769} INFO - Created Permission View: can read on DAG:danang_flood_forecasting_etl
[2026-03-15T17:04:59.873+0000] {logging_mixin.py:188} INFO - [2026-03-15T17:04:59.873+0000] {override.py:1769} INFO - Created Permission View: can edit on DAG:danang_flood_forecasting_etl
[2026-03-15T17:04:59.881+0000] {logging_mixin.py:188} INFO - [2026-03-15T17:04:59.880+0000] {override.py:1769} INFO - Created Permission View: can delete on DAG:danang_flood_forecasting_etl
[2026-03-15T17:04:59.881+0000] {logging_mixin.py:188} INFO - [2026-03-15T17:04:59.881+0000] {dag.py:3047} INFO - Sync 1 DAGs
[2026-03-15T17:04:59.891+0000] {logging_mixin.py:188} INFO - [2026-03-15T17:04:59.891+0000] {dag.py:3069} INFO - Creating ORM DAG for danang_flood_forecasting_etl
[2026-03-15T17:04:59.901+0000] {logging_mixin.py:188} INFO - [2026-03-15T17:04:59.901+0000] {dag.py:3834} INFO - Setting next_dagrun for danang_flood_forecasting_etl to 2026-03-14 00:00:00+00:00, run_after=2026-03-15 00:00:00+00:00
[2026-03-15T17:04:59.921+0000] {processor.py:183} INFO - Processing /opt/airflow/dags/weather_flood_pipeline.py took 0.292 seconds
[2026-03-15T17:05:30.362+0000] {processor.py:161} INFO - Started process (PID=126) to work on /opt/airflow/dags/weather_flood_pipeline.py
[2026-03-15T17:05:30.364+0000] {processor.py:830} INFO - Processing file /opt/airflow/dags/weather_flood_pipeline.py for tasks to queue
[2026-03-15T17:05:30.366+0000] {logging_mixin.py:188} INFO - [2026-03-15T17:05:30.366+0000] {dagbag.py:540} INFO - Filling up the DagBag from /opt/airflow/dags/weather_flood_pipeline.py
[2026-03-15T17:05:30.390+0000] {processor.py:840} INFO - DAG(s) 'danang_flood_forecasting_etl' retrieved from /opt/airflow/dags/weather_flood_pipeline.py
[2026-03-15T17:05:30.422+0000] {logging_mixin.py:188} INFO - [2026-03-15T17:05:30.421+0000] {dag.py:3047} INFO - Sync 1 DAGs
[2026-03-15T17:05:30.470+0000] {logging_mixin.py:188} INFO - [2026-03-15T17:05:30.470+0000] {dag.py:3834} INFO - Setting next_dagrun for danang_flood_forecasting_etl to 2026-03-14 00:00:00+00:00, run_after=2026-03-15 00:00:00+00:00
[2026-03-15T17:05:30.565+0000] {processor.py:183} INFO - Processing /opt/airflow/dags/weather_flood_pipeline.py took 0.207 seconds
[2026-03-15T17:06:32.164+0000] {processor.py:161} INFO - Started process (PID=180) to work on /opt/airflow/dags/weather_flood_pipeline.py
[2026-03-15T17:06:32.166+0000] {processor.py:830} INFO - Processing file /opt/airflow/dags/weather_flood_pipeline.py for tasks to queue
[2026-03-15T17:06:32.168+0000] {logging_mixin.py:188} INFO - [2026-03-15T17:06:32.167+0000] {dagbag.py:540} INFO - Filling up the DagBag from /opt/airflow/dags/weather_flood_pipeline.py
[2026-03-15T17:06:32.183+0000] {processor.py:840} INFO - DAG(s) 'danang_flood_forecasting_etl' retrieved from /opt/airflow/dags/weather_flood_pipeline.py
[2026-03-15T17:06:32.206+0000] {logging_mixin.py:188} INFO - [2026-03-15T17:06:32.206+0000] {dag.py:3047} INFO - Sync 1 DAGs
[2026-03-15T17:06:32.228+0000] {logging_mixin.py:188} INFO - [2026-03-15T17:06:32.228+0000] {dag.py:3834} INFO - Setting next_dagrun for danang_flood_forecasting_etl to 2026-03-14 00:00:00+00:00, run_after=2026-03-15 00:00:00+00:00
[2026-03-15T17:06:32.245+0000] {processor.py:183} INFO - Processing /opt/airflow/dags/weather_flood_pipeline.py took 0.084 seconds
[2026-03-15T17:07:03.231+0000] {processor.py:161} INFO - Started process (PID=247) to work on /opt/airflow/dags/weather_flood_pipeline.py
[2026-03-15T17:07:03.232+0000] {processor.py:830} INFO - Processing file /opt/airflow/dags/weather_flood_pipeline.py for tasks to queue
[2026-03-15T17:07:03.234+0000] {logging_mixin.py:188} INFO - [2026-03-15T17:07:03.233+0000] {dagbag.py:540} INFO - Filling up the DagBag from /opt/airflow/dags/weather_flood_pipeline.py
[2026-03-15T17:07:03.245+0000] {processor.py:840} INFO - DAG(s) 'danang_flood_forecasting_etl' retrieved from /opt/airflow/dags/weather_flood_pipeline.py
[2026-03-15T17:07:03.259+0000] {logging_mixin.py:188} INFO - [2026-03-15T17:07:03.259+0000] {dag.py:3047} INFO - Sync 1 DAGs
[2026-03-15T17:07:03.273+0000] {logging_mixin.py:188} INFO - [2026-03-15T17:07:03.273+0000] {dag.py:3834} INFO - Setting next_dagrun for danang_flood_forecasting_etl to 2026-03-14 00:00:00+00:00, run_after=2026-03-15 00:00:00+00:00
[2026-03-15T17:07:03.296+0000] {processor.py:183} INFO - Processing /opt/airflow/dags/weather_flood_pipeline.py took 0.068 seconds
[2026-03-15T17:07:33.780+0000] {processor.py:161} INFO - Started process (PID=392) to work on /opt/airflow/dags/weather_flood_pipeline.py
[2026-03-15T17:07:33.781+0000] {processor.py:830} INFO - Processing file /opt/airflow/dags/weather_flood_pipeline.py for tasks to queue
[2026-03-15T17:07:33.782+0000] {logging_mixin.py:188} INFO - [2026-03-15T17:07:33.782+0000] {dagbag.py:540} INFO - Filling up the DagBag from /opt/airflow/dags/weather_flood_pipeline.py
[2026-03-15T17:07:33.795+0000] {processor.py:840} INFO - DAG(s) 'danang_flood_forecasting_etl' retrieved from /opt/airflow/dags/weather_flood_pipeline.py
[2026-03-15T17:07:33.809+0000] {logging_mixin.py:188} INFO - [2026-03-15T17:07:33.808+0000] {dag.py:3047} INFO - Sync 1 DAGs
[2026-03-15T17:07:33.823+0000] {logging_mixin.py:188} INFO - [2026-03-15T17:07:33.823+0000] {dag.py:3834} INFO - Setting next_dagrun for danang_flood_forecasting_etl to 2026-03-14 00:00:00+00:00, run_after=2026-03-15 00:00:00+00:00
[2026-03-15T17:07:33.837+0000] {processor.py:183} INFO - Processing /opt/airflow/dags/weather_flood_pipeline.py took 0.059 seconds
[2026-03-15T17:08:08.220+0000] {processor.py:161} INFO - Started process (PID=448) to work on /opt/airflow/dags/weather_flood_pipeline.py
[2026-03-15T17:08:08.221+0000] {processor.py:830} INFO - Processing file /opt/airflow/dags/weather_flood_pipeline.py for tasks to queue
[2026-03-15T17:08:08.222+0000] {logging_mixin.py:188} INFO - [2026-03-15T17:08:08.222+0000] {dagbag.py:540} INFO - Filling up the DagBag from /opt/airflow/dags/weather_flood_pipeline.py
[2026-03-15T17:08:08.233+0000] {processor.py:840} INFO - DAG(s) 'danang_flood_forecasting_etl' retrieved from /opt/airflow/dags/weather_flood_pipeline.py
[2026-03-15T17:08:08.249+0000] {logging_mixin.py:188} INFO - [2026-03-15T17:08:08.249+0000] {dag.py:3047} INFO - Sync 1 DAGs
[2026-03-15T17:08:08.263+0000] {logging_mixin.py:188} INFO - [2026-03-15T17:08:08.263+0000] {dag.py:3834} INFO - Setting next_dagrun for danang_flood_forecasting_etl to 2026-03-14 00:00:00+00:00, run_after=2026-03-15 00:00:00+00:00
[2026-03-15T17:08:08.279+0000] {processor.py:183} INFO - Processing /opt/airflow/dags/weather_flood_pipeline.py took 0.062 seconds
[2026-03-15T17:14:17.997+0000] {processor.py:161} INFO - Started process (PID=67) to work on /opt/airflow/dags/weather_flood_pipeline.py
[2026-03-15T17:14:17.998+0000] {processor.py:830} INFO - Processing file /opt/airflow/dags/weather_flood_pipeline.py for tasks to queue
[2026-03-15T17:14:18.000+0000] {logging_mixin.py:188} INFO - [2026-03-15T17:14:18.000+0000] {dagbag.py:540} INFO - Filling up the DagBag from /opt/airflow/dags/weather_flood_pipeline.py
[2026-03-15T17:14:18.019+0000] {processor.py:840} INFO - DAG(s) 'danang_flood_forecasting_etl' retrieved from /opt/airflow/dags/weather_flood_pipeline.py
[2026-03-15T17:14:18.066+0000] {logging_mixin.py:188} INFO - [2026-03-15T17:14:18.066+0000] {dag.py:3047} INFO - Sync 1 DAGs
[2026-03-15T17:14:18.085+0000] {logging_mixin.py:188} INFO - [2026-03-15T17:14:18.085+0000] {dag.py:3834} INFO - Setting next_dagrun for danang_flood_forecasting_etl to 2026-03-14 00:00:00+00:00, run_after=2026-03-15 00:00:00+00:00
[2026-03-15T17:14:18.102+0000] {processor.py:183} INFO - Processing /opt/airflow/dags/weather_flood_pipeline.py took 0.108 seconds
[2026-03-15T17:14:48.834+0000] {processor.py:161} INFO - Started process (PID=123) to work on /opt/airflow/dags/weather_flood_pipeline.py
[2026-03-15T17:14:48.836+0000] {processor.py:830} INFO - Processing file /opt/airflow/dags/weather_flood_pipeline.py for tasks to queue
[2026-03-15T17:14:48.839+0000] {logging_mixin.py:188} INFO - [2026-03-15T17:14:48.838+0000] {dagbag.py:540} INFO - Filling up the DagBag from /opt/airflow/dags/weather_flood_pipeline.py
[2026-03-15T17:14:48.851+0000] {processor.py:840} INFO - DAG(s) 'danang_flood_forecasting_etl' retrieved from /opt/airflow/dags/weather_flood_pipeline.py
[2026-03-15T17:14:48.866+0000] {logging_mixin.py:188} INFO - [2026-03-15T17:14:48.866+0000] {dag.py:3047} INFO - Sync 1 DAGs
[2026-03-15T17:14:48.882+0000] {logging_mixin.py:188} INFO - [2026-03-15T17:14:48.882+0000] {dag.py:3834} INFO - Setting next_dagrun for danang_flood_forecasting_etl to 2026-03-14 00:00:00+00:00, run_after=2026-03-15 00:00:00+00:00
[2026-03-15T17:14:48.894+0000] {processor.py:183} INFO - Processing /opt/airflow/dags/weather_flood_pipeline.py took 0.063 seconds
[2026-03-15T17:15:54.598+0000] {processor.py:161} INFO - Started process (PID=168) to work on /opt/airflow/dags/weather_flood_pipeline.py
[2026-03-15T17:15:54.599+0000] {processor.py:830} INFO - Processing file /opt/airflow/dags/weather_flood_pipeline.py for tasks to queue
[2026-03-15T17:15:54.601+0000] {logging_mixin.py:188} INFO - [2026-03-15T17:15:54.601+0000] {dagbag.py:540} INFO - Filling up the DagBag from /opt/airflow/dags/weather_flood_pipeline.py
[2026-03-15T17:15:54.615+0000] {processor.py:840} INFO - DAG(s) 'danang_flood_forecasting_etl' retrieved from /opt/airflow/dags/weather_flood_pipeline.py
[2026-03-15T17:15:54.630+0000] {logging_mixin.py:188} INFO - [2026-03-15T17:15:54.630+0000] {dag.py:3047} INFO - Sync 1 DAGs
[2026-03-15T17:15:54.647+0000] {logging_mixin.py:188} INFO - [2026-03-15T17:15:54.646+0000] {dag.py:3834} INFO - Setting next_dagrun for danang_flood_forecasting_etl to 2026-03-14 00:00:00+00:00, run_after=2026-03-15 00:00:00+00:00
[2026-03-15T17:15:54.661+0000] {processor.py:183} INFO - Processing /opt/airflow/dags/weather_flood_pipeline.py took 0.066 seconds
[2026-03-15T17:16:25.367+0000] {processor.py:161} INFO - Started process (PID=327) to work on /opt/airflow/dags/weather_flood_pipeline.py
[2026-03-15T17:16:25.368+0000] {processor.py:830} INFO - Processing file /opt/airflow/dags/weather_flood_pipeline.py for tasks to queue
[2026-03-15T17:16:25.370+0000] {logging_mixin.py:188} INFO - [2026-03-15T17:16:25.370+0000] {dagbag.py:540} INFO - Filling up the DagBag from /opt/airflow/dags/weather_flood_pipeline.py
[2026-03-15T17:16:25.382+0000] {processor.py:840} INFO - DAG(s) 'danang_flood_forecasting_etl' retrieved from /opt/airflow/dags/weather_flood_pipeline.py
[2026-03-15T17:16:25.398+0000] {logging_mixin.py:188} INFO - [2026-03-15T17:16:25.397+0000] {dag.py:3047} INFO - Sync 1 DAGs
[2026-03-15T17:16:25.416+0000] {logging_mixin.py:188} INFO - [2026-03-15T17:16:25.416+0000] {dag.py:3834} INFO - Setting next_dagrun for danang_flood_forecasting_etl to 2026-03-14 00:00:00+00:00, run_after=2026-03-15 00:00:00+00:00
[2026-03-15T17:16:25.433+0000] {processor.py:183} INFO - Processing /opt/airflow/dags/weather_flood_pipeline.py took 0.068 seconds
[2026-03-15T17:17:24.675+0000] {processor.py:161} INFO - Started process (PID=330) to work on /opt/airflow/dags/weather_flood_pipeline.py
[2026-03-15T17:17:24.675+0000] {processor.py:830} INFO - Processing file /opt/airflow/dags/weather_flood_pipeline.py for tasks to queue
[2026-03-15T17:17:24.677+0000] {logging_mixin.py:188} INFO - [2026-03-15T17:17:24.677+0000] {dagbag.py:540} INFO - Filling up the DagBag from /opt/airflow/dags/weather_flood_pipeline.py
[2026-03-15T17:17:24.695+0000] {processor.py:840} INFO - DAG(s) 'danang_flood_forecasting_etl' retrieved from /opt/airflow/dags/weather_flood_pipeline.py
[2026-03-15T17:17:24.710+0000] {logging_mixin.py:188} INFO - [2026-03-15T17:17:24.710+0000] {dag.py:3047} INFO - Sync 1 DAGs
[2026-03-15T17:16:35.552+0000] {logging_mixin.py:188} INFO - [2026-03-15T17:16:35.552+0000] {dag.py:3834} INFO - Setting next_dagrun for danang_flood_forecasting_etl to 2026-03-14 00:00:00+00:00, run_after=2026-03-15 00:00:00+00:00
[2026-03-15T17:16:35.571+0000] {processor.py:183} INFO - Processing /opt/airflow/dags/weather_flood_pipeline.py took 0.078 seconds
[2026-03-15T17:16:38.908+0000] {processor.py:161} INFO - Started process (PID=380) to work on /opt/airflow/dags/weather_flood_pipeline.py
[2026-03-15T17:16:38.909+0000] {processor.py:830} INFO - Processing file /opt/airflow/dags/weather_flood_pipeline.py for tasks to queue
[2026-03-15T17:16:38.911+0000] {logging_mixin.py:188} INFO - [2026-03-15T17:16:38.911+0000] {dagbag.py:540} INFO - Filling up the DagBag from /opt/airflow/dags/weather_flood_pipeline.py
[2026-03-15T17:16:38.923+0000] {processor.py:840} INFO - DAG(s) 'danang_flood_forecasting_etl' retrieved from /opt/airflow/dags/weather_flood_pipeline.py
[2026-03-15T17:16:38.941+0000] {logging_mixin.py:188} INFO - [2026-03-15T17:16:38.941+0000] {dag.py:3047} INFO - Sync 1 DAGs
[2026-03-15T17:16:38.957+0000] {logging_mixin.py:188} INFO - [2026-03-15T17:16:38.957+0000] {dag.py:3834} INFO - Setting next_dagrun for danang_flood_forecasting_etl to 2026-03-14 00:00:00+00:00, run_after=2026-03-15 00:00:00+00:00
[2026-03-15T17:16:39.425+0000] {processor.py:183} INFO - Processing /opt/airflow/dags/weather_flood_pipeline.py took 0.520 seconds
[2026-03-15T17:17:09.487+0000] {processor.py:161} INFO - Started process (PID=437) to work on /opt/airflow/dags/weather_flood_pipeline.py
[2026-03-15T17:17:09.489+0000] {processor.py:830} INFO - Processing file /opt/airflow/dags/weather_flood_pipeline.py for tasks to queue
[2026-03-15T17:17:09.493+0000] {logging_mixin.py:188} INFO - [2026-03-15T17:17:09.492+0000] {dagbag.py:540} INFO - Filling up the DagBag from /opt/airflow/dags/weather_flood_pipeline.py
[2026-03-15T17:17:09.520+0000] {processor.py:840} INFO - DAG(s) 'danang_flood_forecasting_etl' retrieved from /opt/airflow/dags/weather_flood_pipeline.py
[2026-03-15T17:17:09.545+0000] {logging_mixin.py:188} INFO - [2026-03-15T17:17:09.544+0000] {dag.py:3047} INFO - Sync 1 DAGs
[2026-03-15T17:17:09.565+0000] {logging_mixin.py:188} INFO - [2026-03-15T17:17:09.565+0000] {dag.py:3834} INFO - Setting next_dagrun for danang_flood_forecasting_etl to 2026-03-14 00:00:00+00:00, run_after=2026-03-15 00:00:00+00:00
[2026-03-15T17:17:09.588+0000] {processor.py:183} INFO - Processing /opt/airflow/dags/weather_flood_pipeline.py took 0.106 seconds
[2026-03-15T17:18:03.056+0000] {processor.py:161} INFO - Started process (PID=486) to work on /opt/airflow/dags/weather_flood_pipeline.py
[2026-03-15T17:18:03.058+0000] {processor.py:830} INFO - Processing file /opt/airflow/dags/weather_flood_pipeline.py for tasks to queue
[2026-03-15T17:18:03.062+0000] {logging_mixin.py:188} INFO - [2026-03-15T17:18:03.061+0000] {dagbag.py:540} INFO - Filling up the DagBag from /opt/airflow/dags/weather_flood_pipeline.py
[2026-03-15T17:18:03.093+0000] {processor.py:840} INFO - DAG(s) 'danang_flood_forecasting_etl' retrieved from /opt/airflow/dags/weather_flood_pipeline.py
[2026-03-15T17:17:13.977+0000] {logging_mixin.py:188} INFO - [2026-03-15T17:17:13.976+0000] {dag.py:3047} INFO - Sync 1 DAGs
[2026-03-15T17:17:14.007+0000] {logging_mixin.py:188} INFO - [2026-03-15T17:17:14.007+0000] {dag.py:3834} INFO - Setting next_dagrun for danang_flood_forecasting_etl to 2026-03-14 00:00:00+00:00, run_after=2026-03-15 00:00:00+00:00
[2026-03-15T17:17:14.031+0000] {processor.py:183} INFO - Processing /opt/airflow/dags/weather_flood_pipeline.py took 0.129 seconds
[2026-03-15T17:18:24.599+0000] {processor.py:161} INFO - Started process (PID=542) to work on /opt/airflow/dags/weather_flood_pipeline.py
[2026-03-15T17:18:24.603+0000] {processor.py:830} INFO - Processing file /opt/airflow/dags/weather_flood_pipeline.py for tasks to queue
[2026-03-15T17:18:24.606+0000] {logging_mixin.py:188} INFO - [2026-03-15T17:18:24.605+0000] {dagbag.py:540} INFO - Filling up the DagBag from /opt/airflow/dags/weather_flood_pipeline.py
[2026-03-15T17:18:24.627+0000] {processor.py:840} INFO - DAG(s) 'danang_flood_forecasting_etl' retrieved from /opt/airflow/dags/weather_flood_pipeline.py
[2026-03-15T17:18:24.658+0000] {logging_mixin.py:188} INFO - [2026-03-15T17:18:24.657+0000] {dag.py:3047} INFO - Sync 1 DAGs
[2026-03-15T17:18:24.684+0000] {logging_mixin.py:188} INFO - [2026-03-15T17:18:24.684+0000] {dag.py:3834} INFO - Setting next_dagrun for danang_flood_forecasting_etl to 2026-03-14 00:00:00+00:00, run_after=2026-03-15 00:00:00+00:00
[2026-03-15T17:18:24.707+0000] {processor.py:183} INFO - Processing /opt/airflow/dags/weather_flood_pipeline.py took 0.113 seconds
[2026-03-15T17:18:55.214+0000] {processor.py:161} INFO - Started process (PID=706) to work on /opt/airflow/dags/weather_flood_pipeline.py
[2026-03-15T17:18:55.217+0000] {processor.py:830} INFO - Processing file /opt/airflow/dags/weather_flood_pipeline.py for tasks to queue
[2026-03-15T17:18:55.220+0000] {logging_mixin.py:188} INFO - [2026-03-15T17:18:55.219+0000] {dagbag.py:540} INFO - Filling up the DagBag from /opt/airflow/dags/weather_flood_pipeline.py
[2026-03-15T17:18:55.233+0000] {processor.py:840} INFO - DAG(s) 'danang_flood_forecasting_etl' retrieved from /opt/airflow/dags/weather_flood_pipeline.py
[2026-03-15T17:18:55.255+0000] {logging_mixin.py:188} INFO - [2026-03-15T17:18:55.255+0000] {dag.py:3047} INFO - Sync 1 DAGs
[2026-03-15T17:18:55.281+0000] {logging_mixin.py:188} INFO - [2026-03-15T17:18:55.281+0000] {dag.py:3834} INFO - Setting next_dagrun for danang_flood_forecasting_etl to 2026-03-14 00:00:00+00:00, run_after=2026-03-15 00:00:00+00:00
[2026-03-15T17:18:55.309+0000] {processor.py:183} INFO - Processing /opt/airflow/dags/weather_flood_pipeline.py took 0.098 seconds
[2026-03-15T17:19:54.549+0000] {processor.py:161} INFO - Started process (PID=708) to work on /opt/airflow/dags/weather_flood_pipeline.py
[2026-03-15T17:19:54.551+0000] {processor.py:830} INFO - Processing file /opt/airflow/dags/weather_flood_pipeline.py for tasks to queue
[2026-03-15T17:19:54.553+0000] {logging_mixin.py:188} INFO - [2026-03-15T17:19:54.553+0000] {dagbag.py:540} INFO - Filling up the DagBag from /opt/airflow/dags/weather_flood_pipeline.py
[2026-03-15T17:19:54.565+0000] {processor.py:840} INFO - DAG(s) 'danang_flood_forecasting_etl' retrieved from /opt/airflow/dags/weather_flood_pipeline.py
[2026-03-15T17:19:54.644+0000] {logging_mixin.py:188} INFO - [2026-03-15T17:19:54.643+0000] {dag.py:3047} INFO - Sync 1 DAGs
[2026-03-15T17:19:54.658+0000] {logging_mixin.py:188} INFO - [2026-03-15T17:19:54.658+0000] {dag.py:3834} INFO - Setting next_dagrun for danang_flood_forecasting_etl to 2026-03-14 00:00:00+00:00, run_after=2026-03-15 00:00:00+00:00
[2026-03-15T17:19:54.675+0000] {processor.py:183} INFO - Processing /opt/airflow/dags/weather_flood_pipeline.py took 0.128 seconds
[2026-03-15T17:19:50.157+0000] {processor.py:161} INFO - Started process (PID=70) to work on /opt/airflow/dags/weather_flood_pipeline.py
[2026-03-15T17:19:50.159+0000] {processor.py:830} INFO - Processing file /opt/airflow/dags/weather_flood_pipeline.py for tasks to queue
[2026-03-15T17:19:50.162+0000] {logging_mixin.py:188} INFO - [2026-03-15T17:19:50.161+0000] {dagbag.py:540} INFO - Filling up the DagBag from /opt/airflow/dags/weather_flood_pipeline.py
[2026-03-15T17:19:50.203+0000] {processor.py:840} INFO - DAG(s) 'danang_flood_forecasting_etl' retrieved from /opt/airflow/dags/weather_flood_pipeline.py
[2026-03-15T17:19:50.398+0000] {logging_mixin.py:188} INFO - [2026-03-15T17:19:50.397+0000] {dag.py:3047} INFO - Sync 1 DAGs
[2026-03-15T17:19:50.418+0000] {logging_mixin.py:188} INFO - [2026-03-15T17:19:50.417+0000] {dag.py:3834} INFO - Setting next_dagrun for danang_flood_forecasting_etl to 2026-03-14 00:00:00+00:00, run_after=2026-03-15 00:00:00+00:00
[2026-03-15T17:19:50.439+0000] {processor.py:183} INFO - Processing /opt/airflow/dags/weather_flood_pipeline.py took 0.285 seconds
[2026-03-15T17:20:43.130+0000] {processor.py:161} INFO - Started process (PID=127) to work on /opt/airflow/dags/weather_flood_pipeline.py
[2026-03-15T17:20:43.131+0000] {processor.py:830} INFO - Processing file /opt/airflow/dags/weather_flood_pipeline.py for tasks to queue
[2026-03-15T17:20:43.133+0000] {logging_mixin.py:188} INFO - [2026-03-15T17:20:43.133+0000] {dagbag.py:540} INFO - Filling up the DagBag from /opt/airflow/dags/weather_flood_pipeline.py
[2026-03-15T17:20:43.148+0000] {processor.py:840} INFO - DAG(s) 'danang_flood_forecasting_etl' retrieved from /opt/airflow/dags/weather_flood_pipeline.py
[2026-03-15T17:20:43.167+0000] {logging_mixin.py:188} INFO - [2026-03-15T17:20:43.167+0000] {dag.py:3047} INFO - Sync 1 DAGs
[2026-03-15T17:20:43.188+0000] {logging_mixin.py:188} INFO - [2026-03-15T17:20:43.187+0000] {dag.py:3834} INFO - Setting next_dagrun for danang_flood_forecasting_etl to 2026-03-14 00:00:00+00:00, run_after=2026-03-15 00:00:00+00:00
[2026-03-15T17:20:43.201+0000] {processor.py:183} INFO - Processing /opt/airflow/dags/weather_flood_pipeline.py took 0.075 seconds
[2026-03-15T17:20:39.218+0000] {processor.py:161} INFO - Started process (PID=280) to work on /opt/airflow/dags/weather_flood_pipeline.py
[2026-03-15T17:20:39.219+0000] {processor.py:830} INFO - Processing file /opt/airflow/dags/weather_flood_pipeline.py for tasks to queue
[2026-03-15T17:20:39.221+0000] {logging_mixin.py:188} INFO - [2026-03-15T17:20:39.221+0000] {dagbag.py:540} INFO - Filling up the DagBag from /opt/airflow/dags/weather_flood_pipeline.py
[2026-03-15T17:20:39.234+0000] {processor.py:840} INFO - DAG(s) 'danang_flood_forecasting_etl' retrieved from /opt/airflow/dags/weather_flood_pipeline.py
[2026-03-15T17:20:39.253+0000] {logging_mixin.py:188} INFO - [2026-03-15T17:20:39.253+0000] {dag.py:3047} INFO - Sync 1 DAGs
[2026-03-15T17:20:39.271+0000] {logging_mixin.py:188} INFO - [2026-03-15T17:20:39.271+0000] {dag.py:3834} INFO - Setting next_dagrun for danang_flood_forecasting_etl to 2026-03-14 00:00:00+00:00, run_after=2026-03-15 00:00:00+00:00
[2026-03-15T17:20:39.285+0000] {processor.py:183} INFO - Processing /opt/airflow/dags/weather_flood_pipeline.py took 0.070 seconds
[2026-03-15T17:21:09.698+0000] {processor.py:161} INFO - Started process (PID=334) to work on /opt/airflow/dags/weather_flood_pipeline.py
[2026-03-15T17:21:09.700+0000] {processor.py:830} INFO - Processing file /opt/airflow/dags/weather_flood_pipeline.py for tasks to queue
[2026-03-15T17:21:09.702+0000] {logging_mixin.py:188} INFO - [2026-03-15T17:21:09.702+0000] {dagbag.py:540} INFO - Filling up the DagBag from /opt/airflow/dags/weather_flood_pipeline.py
[2026-03-15T17:21:09.714+0000] {processor.py:840} INFO - DAG(s) 'danang_flood_forecasting_etl' retrieved from /opt/airflow/dags/weather_flood_pipeline.py
[2026-03-15T17:21:09.730+0000] {logging_mixin.py:188} INFO - [2026-03-15T17:21:09.729+0000] {dag.py:3047} INFO - Sync 1 DAGs
[2026-03-15T17:21:09.746+0000] {logging_mixin.py:188} INFO - [2026-03-15T17:21:09.746+0000] {dag.py:3834} INFO - Setting next_dagrun for danang_flood_forecasting_etl to 2026-03-14 00:00:00+00:00, run_after=2026-03-15 00:00:00+00:00
[2026-03-15T17:21:09.762+0000] {processor.py:183} INFO - Processing /opt/airflow/dags/weather_flood_pipeline.py took 0.067 seconds
[2026-03-15T17:22:03.380+0000] {processor.py:161} INFO - Started process (PID=382) to work on /opt/airflow/dags/weather_flood_pipeline.py
[2026-03-15T17:22:03.381+0000] {processor.py:830} INFO - Processing file /opt/airflow/dags/weather_flood_pipeline.py for tasks to queue
[2026-03-15T17:22:03.383+0000] {logging_mixin.py:188} INFO - [2026-03-15T17:22:03.382+0000] {dagbag.py:540} INFO - Filling up the DagBag from /opt/airflow/dags/weather_flood_pipeline.py
[2026-03-15T17:22:03.395+0000] {processor.py:840} INFO - DAG(s) 'danang_flood_forecasting_etl' retrieved from /opt/airflow/dags/weather_flood_pipeline.py
[2026-03-15T17:22:03.412+0000] {logging_mixin.py:188} INFO - [2026-03-15T17:22:03.412+0000] {dag.py:3047} INFO - Sync 1 DAGs
[2026-03-15T17:22:03.431+0000] {logging_mixin.py:188} INFO - [2026-03-15T17:22:03.431+0000] {dag.py:3834} INFO - Setting next_dagrun for danang_flood_forecasting_etl to 2026-03-14 00:00:00+00:00, run_after=2026-03-15 00:00:00+00:00
[2026-03-15T17:22:03.447+0000] {processor.py:183} INFO - Processing /opt/airflow/dags/weather_flood_pipeline.py took 0.070 seconds
[2026-03-15T17:22:24.711+0000] {processor.py:161} INFO - Started process (PID=438) to work on /opt/airflow/dags/weather_flood_pipeline.py
[2026-03-15T17:22:24.712+0000] {processor.py:830} INFO - Processing file /opt/airflow/dags/weather_flood_pipeline.py for tasks to queue
[2026-03-15T17:22:24.714+0000] {logging_mixin.py:188} INFO - [2026-03-15T17:22:24.714+0000] {dagbag.py:540} INFO - Filling up the DagBag from /opt/airflow/dags/weather_flood_pipeline.py
[2026-03-15T17:22:24.727+0000] {processor.py:840} INFO - DAG(s) 'danang_flood_forecasting_etl' retrieved from /opt/airflow/dags/weather_flood_pipeline.py
[2026-03-15T17:22:24.745+0000] {logging_mixin.py:188} INFO - [2026-03-15T17:22:24.744+0000] {dag.py:3047} INFO - Sync 1 DAGs
[2026-03-15T17:22:24.762+0000] {logging_mixin.py:188} INFO - [2026-03-15T17:22:24.762+0000] {dag.py:3834} INFO - Setting next_dagrun for danang_flood_forecasting_etl to 2026-03-14 00:00:00+00:00, run_after=2026-03-15 00:00:00+00:00
[2026-03-15T17:22:24.780+0000] {processor.py:183} INFO - Processing /opt/airflow/dags/weather_flood_pipeline.py took 0.072 seconds
[2026-03-15T17:22:05.955+0000] {processor.py:161} INFO - Started process (PID=493) to work on /opt/airflow/dags/weather_flood_pipeline.py
[2026-03-15T17:22:05.955+0000] {processor.py:830} INFO - Processing file /opt/airflow/dags/weather_flood_pipeline.py for tasks to queue
[2026-03-15T17:22:05.957+0000] {logging_mixin.py:188} INFO - [2026-03-15T17:22:05.957+0000] {dagbag.py:540} INFO - Filling up the DagBag from /opt/airflow/dags/weather_flood_pipeline.py
[2026-03-15T17:22:05.972+0000] {processor.py:840} INFO - DAG(s) 'danang_flood_forecasting_etl' retrieved from /opt/airflow/dags/weather_flood_pipeline.py
[2026-03-15T17:22:05.989+0000] {logging_mixin.py:188} INFO - [2026-03-15T17:22:05.989+0000] {dag.py:3047} INFO - Sync 1 DAGs
[2026-03-15T17:22:06.005+0000] {logging_mixin.py:188} INFO - [2026-03-15T17:22:06.005+0000] {dag.py:3834} INFO - Setting next_dagrun for danang_flood_forecasting_etl to 2026-03-14 00:00:00+00:00, run_after=2026-03-15 00:00:00+00:00
[2026-03-15T17:22:06.021+0000] {processor.py:183} INFO - Processing /opt/airflow/dags/weather_flood_pipeline.py took 0.069 seconds
[2026-03-15T17:22:58.405+0000] {processor.py:161} INFO - Started process (PID=541) to work on /opt/airflow/dags/weather_flood_pipeline.py
[2026-03-15T17:22:58.406+0000] {processor.py:830} INFO - Processing file /opt/airflow/dags/weather_flood_pipeline.py for tasks to queue
[2026-03-15T17:22:58.408+0000] {logging_mixin.py:188} INFO - [2026-03-15T17:22:58.407+0000] {dagbag.py:540} INFO - Filling up the DagBag from /opt/airflow/dags/weather_flood_pipeline.py
[2026-03-15T17:22:58.423+0000] {processor.py:840} INFO - DAG(s) 'danang_flood_forecasting_etl' retrieved from /opt/airflow/dags/weather_flood_pipeline.py
[2026-03-15T17:22:58.440+0000] {logging_mixin.py:188} INFO - [2026-03-15T17:22:58.440+0000] {dag.py:3047} INFO - Sync 1 DAGs
[2026-03-15T17:22:58.458+0000] {logging_mixin.py:188} INFO - [2026-03-15T17:22:58.458+0000] {dag.py:3834} INFO - Setting next_dagrun for danang_flood_forecasting_etl to 2026-03-14 00:00:00+00:00, run_after=2026-03-15 00:00:00+00:00
[2026-03-15T17:22:58.475+0000] {processor.py:183} INFO - Processing /opt/airflow/dags/weather_flood_pipeline.py took 0.072 seconds
[2026-03-15T17:24:03.520+0000] {processor.py:161} INFO - Started process (PID=698) to work on /opt/airflow/dags/weather_flood_pipeline.py
[2026-03-15T17:24:03.521+0000] {processor.py:830} INFO - Processing file /opt/airflow/dags/weather_flood_pipeline.py for tasks to queue
[2026-03-15T17:24:03.522+0000] {logging_mixin.py:188} INFO - [2026-03-15T17:24:03.522+0000] {dagbag.py:540} INFO - Filling up the DagBag from /opt/airflow/dags/weather_flood_pipeline.py
[2026-03-15T17:24:03.537+0000] {processor.py:840} INFO - DAG(s) 'danang_flood_forecasting_etl' retrieved from /opt/airflow/dags/weather_flood_pipeline.py
[2026-03-15T17:24:03.554+0000] {logging_mixin.py:188} INFO - [2026-03-15T17:24:03.554+0000] {dag.py:3047} INFO - Sync 1 DAGs
[2026-03-15T17:24:03.571+0000] {logging_mixin.py:188} INFO - [2026-03-15T17:24:03.571+0000] {dag.py:3834} INFO - Setting next_dagrun for danang_flood_forecasting_etl to 2026-03-14 00:00:00+00:00, run_after=2026-03-15 00:00:00+00:00
[2026-03-15T17:24:03.586+0000] {processor.py:183} INFO - Processing /opt/airflow/dags/weather_flood_pipeline.py took 0.069 seconds
[2026-03-15T17:24:43.592+0000] {processor.py:161} INFO - Started process (PID=854) to work on /opt/airflow/dags/weather_flood_pipeline.py
[2026-03-15T17:24:43.595+0000] {processor.py:830} INFO - Processing file /opt/airflow/dags/weather_flood_pipeline.py for tasks to queue
[2026-03-15T17:24:43.596+0000] {logging_mixin.py:188} INFO - [2026-03-15T17:24:43.596+0000] {dagbag.py:540} INFO - Filling up the DagBag from /opt/airflow/dags/weather_flood_pipeline.py
[2026-03-15T17:24:43.608+0000] {processor.py:840} INFO - DAG(s) 'danang_flood_forecasting_etl' retrieved from /opt/airflow/dags/weather_flood_pipeline.py
[2026-03-15T17:24:43.622+0000] {logging_mixin.py:188} INFO - [2026-03-15T17:24:43.622+0000] {dag.py:3047} INFO - Sync 1 DAGs
[2026-03-15T17:24:43.636+0000] {logging_mixin.py:188} INFO - [2026-03-15T17:24:43.636+0000] {dag.py:3834} INFO - Setting next_dagrun for danang_flood_forecasting_etl to 2026-03-14 00:00:00+00:00, run_after=2026-03-15 00:00:00+00:00
[2026-03-15T17:24:43.653+0000] {processor.py:183} INFO - Processing /opt/airflow/dags/weather_flood_pipeline.py took 0.063 seconds
[2026-03-15T17:24:29.659+0000] {processor.py:161} INFO - Started process (PID=956) to work on /opt/airflow/dags/weather_flood_pipeline.py
[2026-03-15T17:24:29.660+0000] {processor.py:830} INFO - Processing file /opt/airflow/dags/weather_flood_pipeline.py for tasks to queue
[2026-03-15T17:24:29.662+0000] {logging_mixin.py:188} INFO - [2026-03-15T17:24:29.661+0000] {dagbag.py:540} INFO - Filling up the DagBag from /opt/airflow/dags/weather_flood_pipeline.py
[2026-03-15T17:24:29.678+0000] {processor.py:840} INFO - DAG(s) 'danang_flood_forecasting_etl' retrieved from /opt/airflow/dags/weather_flood_pipeline.py
[2026-03-15T17:24:29.694+0000] {logging_mixin.py:188} INFO - [2026-03-15T17:24:29.694+0000] {dag.py:3047} INFO - Sync 1 DAGs
[2026-03-15T17:24:29.715+0000] {logging_mixin.py:188} INFO - [2026-03-15T17:24:29.715+0000] {dag.py:3834} INFO - Setting next_dagrun for danang_flood_forecasting_etl to 2026-03-14 00:00:00+00:00, run_after=2026-03-15 00:00:00+00:00
[2026-03-15T17:24:29.735+0000] {processor.py:183} INFO - Processing /opt/airflow/dags/weather_flood_pipeline.py took 0.080 seconds
[2026-03-15T17:25:17.394+0000] {processor.py:161} INFO - Started process (PID=70) to work on /opt/airflow/dags/weather_flood_pipeline.py
[2026-03-15T17:25:17.395+0000] {processor.py:830} INFO - Processing file /opt/airflow/dags/weather_flood_pipeline.py for tasks to queue
[2026-03-15T17:25:17.398+0000] {logging_mixin.py:188} INFO - [2026-03-15T17:25:17.397+0000] {dagbag.py:540} INFO - Filling up the DagBag from /opt/airflow/dags/weather_flood_pipeline.py
[2026-03-15T17:25:17.428+0000] {processor.py:840} INFO - DAG(s) 'danang_flood_forecasting_etl' retrieved from /opt/airflow/dags/weather_flood_pipeline.py
[2026-03-15T17:25:17.684+0000] {logging_mixin.py:188} INFO - [2026-03-15T17:25:17.683+0000] {dag.py:3047} INFO - Sync 1 DAGs
[2026-03-15T17:25:17.706+0000] {logging_mixin.py:188} INFO - [2026-03-15T17:25:17.705+0000] {dag.py:3834} INFO - Setting next_dagrun for danang_flood_forecasting_etl to 2026-03-14 00:00:00+00:00, run_after=2026-03-15 00:00:00+00:00
[2026-03-15T17:25:17.798+0000] {processor.py:183} INFO - Processing /opt/airflow/dags/weather_flood_pipeline.py took 0.408 seconds
[2026-03-15T17:26:24.611+0000] {processor.py:161} INFO - Started process (PID=126) to work on /opt/airflow/dags/weather_flood_pipeline.py
[2026-03-15T17:26:24.612+0000] {processor.py:830} INFO - Processing file /opt/airflow/dags/weather_flood_pipeline.py for tasks to queue
[2026-03-15T17:26:24.615+0000] {logging_mixin.py:188} INFO - [2026-03-15T17:26:24.614+0000] {dagbag.py:540} INFO - Filling up the DagBag from /opt/airflow/dags/weather_flood_pipeline.py
[2026-03-15T17:26:24.649+0000] {processor.py:840} INFO - DAG(s) 'danang_flood_forecasting_etl' retrieved from /opt/airflow/dags/weather_flood_pipeline.py
[2026-03-15T17:26:24.672+0000] {logging_mixin.py:188} INFO - [2026-03-15T17:26:24.672+0000] {dag.py:3047} INFO - Sync 1 DAGs
[2026-03-15T17:26:24.693+0000] {logging_mixin.py:188} INFO - [2026-03-15T17:26:24.693+0000] {dag.py:3834} INFO - Setting next_dagrun for danang_flood_forecasting_etl to 2026-03-14 00:00:00+00:00, run_after=2026-03-15 00:00:00+00:00
[2026-03-15T17:26:24.710+0000] {processor.py:183} INFO - Processing /opt/airflow/dags/weather_flood_pipeline.py took 0.102 seconds
[2026-03-15T17:27:44.032+0000] {processor.py:161} INFO - Started process (PID=416) to work on /opt/airflow/dags/weather_flood_pipeline.py
[2026-03-15T17:27:44.034+0000] {processor.py:830} INFO - Processing file /opt/airflow/dags/weather_flood_pipeline.py for tasks to queue
[2026-03-15T17:27:44.039+0000] {logging_mixin.py:188} INFO - [2026-03-15T17:27:44.039+0000] {dagbag.py:540} INFO - Filling up the DagBag from /opt/airflow/dags/weather_flood_pipeline.py
[2026-03-15T17:27:44.064+0000] {processor.py:840} INFO - DAG(s) 'danang_flood_forecasting_etl' retrieved from /opt/airflow/dags/weather_flood_pipeline.py
[2026-03-15T17:27:44.089+0000] {logging_mixin.py:188} INFO - [2026-03-15T17:27:44.089+0000] {dag.py:3047} INFO - Sync 1 DAGs
[2026-03-15T17:27:44.110+0000] {logging_mixin.py:188} INFO - [2026-03-15T17:27:44.110+0000] {dag.py:3834} INFO - Setting next_dagrun for danang_flood_forecasting_etl to 2026-03-14 00:00:00+00:00, run_after=2026-03-15 00:00:00+00:00
[2026-03-15T17:26:54.976+0000] {processor.py:183} INFO - Processing /opt/airflow/dags/weather_flood_pipeline.py took 0.104 seconds
[2026-03-15T17:27:54.677+0000] {processor.py:161} INFO - Started process (PID=466) to work on /opt/airflow/dags/weather_flood_pipeline.py
[2026-03-15T17:27:54.677+0000] {processor.py:830} INFO - Processing file /opt/airflow/dags/weather_flood_pipeline.py for tasks to queue
[2026-03-15T17:27:54.680+0000] {logging_mixin.py:188} INFO - [2026-03-15T17:27:54.679+0000] {dagbag.py:540} INFO - Filling up the DagBag from /opt/airflow/dags/weather_flood_pipeline.py
[2026-03-15T17:27:54.697+0000] {processor.py:840} INFO - DAG(s) 'danang_flood_forecasting_etl' retrieved from /opt/airflow/dags/weather_flood_pipeline.py
[2026-03-15T17:27:54.720+0000] {logging_mixin.py:188} INFO - [2026-03-15T17:27:54.719+0000] {dag.py:3047} INFO - Sync 1 DAGs
[2026-03-15T17:27:54.742+0000] {logging_mixin.py:188} INFO - [2026-03-15T17:27:54.742+0000] {dag.py:3834} INFO - Setting next_dagrun for danang_flood_forecasting_etl to 2026-03-14 00:00:00+00:00, run_after=2026-03-15 00:00:00+00:00
[2026-03-15T17:27:54.769+0000] {processor.py:183} INFO - Processing /opt/airflow/dags/weather_flood_pipeline.py took 0.095 seconds
[2026-03-15T17:27:59.054+0000] {processor.py:161} INFO - Started process (PID=516) to work on /opt/airflow/dags/weather_flood_pipeline.py
[2026-03-15T17:27:59.055+0000] {processor.py:830} INFO - Processing file /opt/airflow/dags/weather_flood_pipeline.py for tasks to queue
[2026-03-15T17:27:59.057+0000] {logging_mixin.py:188} INFO - [2026-03-15T17:27:59.057+0000] {dagbag.py:540} INFO - Filling up the DagBag from /opt/airflow/dags/weather_flood_pipeline.py
[2026-03-15T17:27:59.072+0000] {processor.py:840} INFO - DAG(s) 'danang_flood_forecasting_etl' retrieved from /opt/airflow/dags/weather_flood_pipeline.py
[2026-03-15T17:27:59.088+0000] {logging_mixin.py:188} INFO - [2026-03-15T17:27:59.088+0000] {dag.py:3047} INFO - Sync 1 DAGs
[2026-03-15T17:27:59.106+0000] {logging_mixin.py:188} INFO - [2026-03-15T17:27:59.105+0000] {dag.py:3834} INFO - Setting next_dagrun for danang_flood_forecasting_etl to 2026-03-14 00:00:00+00:00, run_after=2026-03-15 00:00:00+00:00
[2026-03-15T17:27:59.123+0000] {processor.py:183} INFO - Processing /opt/airflow/dags/weather_flood_pipeline.py took 0.072 seconds
[2026-03-15T17:27:57.052+0000] {processor.py:161} INFO - Started process (PID=71) to work on /opt/airflow/dags/weather_flood_pipeline.py
[2026-03-15T17:27:57.053+0000] {processor.py:830} INFO - Processing file /opt/airflow/dags/weather_flood_pipeline.py for tasks to queue
[2026-03-15T17:27:57.056+0000] {logging_mixin.py:188} INFO - [2026-03-15T17:27:57.055+0000] {dagbag.py:540} INFO - Filling up the DagBag from /opt/airflow/dags/weather_flood_pipeline.py
[2026-03-15T17:27:57.093+0000] {processor.py:840} INFO - DAG(s) 'danang_flood_forecasting_etl' retrieved from /opt/airflow/dags/weather_flood_pipeline.py
[2026-03-15T17:27:57.311+0000] {logging_mixin.py:188} INFO - [2026-03-15T17:27:57.310+0000] {override.py:1769} INFO - Created Permission View: can edit on DAG:danang_flood_forecasting_etl
[2026-03-15T17:27:57.321+0000] {logging_mixin.py:188} INFO - [2026-03-15T17:27:57.321+0000] {override.py:1769} INFO - Created Permission View: can read on DAG:danang_flood_forecasting_etl
[2026-03-15T17:27:57.328+0000] {logging_mixin.py:188} INFO - [2026-03-15T17:27:57.328+0000] {override.py:1769} INFO - Created Permission View: can delete on DAG:danang_flood_forecasting_etl
[2026-03-15T17:27:57.329+0000] {logging_mixin.py:188} INFO - [2026-03-15T17:27:57.329+0000] {dag.py:3047} INFO - Sync 1 DAGs
[2026-03-15T17:27:57.338+0000] {logging_mixin.py:188} INFO - [2026-03-15T17:27:57.338+0000] {dag.py:3069} INFO - Creating ORM DAG for danang_flood_forecasting_etl
[2026-03-15T17:27:57.348+0000] {logging_mixin.py:188} INFO - [2026-03-15T17:27:57.348+0000] {dag.py:3834} INFO - Setting next_dagrun for danang_flood_forecasting_etl to 2026-03-14 00:00:00+00:00, run_after=2026-03-15 00:00:00+00:00
[2026-03-15T17:27:57.370+0000] {processor.py:183} INFO - Processing /opt/airflow/dags/weather_flood_pipeline.py took 0.322 seconds
[2026-03-15T17:28:28.051+0000] {processor.py:161} INFO - Started process (PID=127) to work on /opt/airflow/dags/weather_flood_pipeline.py
[2026-03-15T17:28:28.053+0000] {processor.py:830} INFO - Processing file /opt/airflow/dags/weather_flood_pipeline.py for tasks to queue
[2026-03-15T17:28:28.057+0000] {logging_mixin.py:188} INFO - [2026-03-15T17:28:28.056+0000] {dagbag.py:540} INFO - Filling up the DagBag from /opt/airflow/dags/weather_flood_pipeline.py
[2026-03-15T17:28:28.083+0000] {processor.py:840} INFO - DAG(s) 'danang_flood_forecasting_etl' retrieved from /opt/airflow/dags/weather_flood_pipeline.py
[2026-03-15T17:28:28.101+0000] {logging_mixin.py:188} INFO - [2026-03-15T17:28:28.101+0000] {dag.py:3047} INFO - Sync 1 DAGs
[2026-03-15T17:28:28.119+0000] {logging_mixin.py:188} INFO - [2026-03-15T17:28:28.119+0000] {dag.py:3834} INFO - Setting next_dagrun for danang_flood_forecasting_etl to 2026-03-14 00:00:00+00:00, run_after=2026-03-15 00:00:00+00:00
[2026-03-15T17:28:28.136+0000] {processor.py:183} INFO - Processing /opt/airflow/dags/weather_flood_pipeline.py took 0.089 seconds
[2026-03-15T17:29:21.730+0000] {processor.py:161} INFO - Started process (PID=174) to work on /opt/airflow/dags/weather_flood_pipeline.py
[2026-03-15T17:29:21.731+0000] {processor.py:830} INFO - Processing file /opt/airflow/dags/weather_flood_pipeline.py for tasks to queue
[2026-03-15T17:29:21.733+0000] {logging_mixin.py:188} INFO - [2026-03-15T17:29:21.733+0000] {dagbag.py:540} INFO - Filling up the DagBag from /opt/airflow/dags/weather_flood_pipeline.py
[2026-03-15T17:29:21.752+0000] {processor.py:840} INFO - DAG(s) 'danang_flood_forecasting_etl' retrieved from /opt/airflow/dags/weather_flood_pipeline.py
[2026-03-15T17:29:21.766+0000] {logging_mixin.py:188} INFO - [2026-03-15T17:29:21.766+0000] {dag.py:3047} INFO - Sync 1 DAGs
[2026-03-15T17:29:21.782+0000] {logging_mixin.py:188} INFO - [2026-03-15T17:29:21.782+0000] {dag.py:3834} INFO - Setting next_dagrun for danang_flood_forecasting_etl to 2026-03-14 00:00:00+00:00, run_after=2026-03-15 00:00:00+00:00
[2026-03-15T17:29:21.796+0000] {processor.py:183} INFO - Processing /opt/airflow/dags/weather_flood_pipeline.py took 0.069 seconds
[2026-03-15T17:29:56.907+0000] {processor.py:161} INFO - Started process (PID=278) to work on /opt/airflow/dags/weather_flood_pipeline.py
[2026-03-15T17:29:56.907+0000] {processor.py:830} INFO - Processing file /opt/airflow/dags/weather_flood_pipeline.py for tasks to queue
[2026-03-15T17:29:56.909+0000] {logging_mixin.py:188} INFO - [2026-03-15T17:29:56.909+0000] {dagbag.py:540} INFO - Filling up the DagBag from /opt/airflow/dags/weather_flood_pipeline.py
[2026-03-15T17:29:56.921+0000] {processor.py:840} INFO - DAG(s) 'danang_flood_forecasting_etl' retrieved from /opt/airflow/dags/weather_flood_pipeline.py
[2026-03-15T17:29:56.938+0000] {logging_mixin.py:188} INFO - [2026-03-15T17:29:56.937+0000] {dag.py:3047} INFO - Sync 1 DAGs
[2026-03-15T17:29:56.954+0000] {logging_mixin.py:188} INFO - [2026-03-15T17:29:56.954+0000] {dag.py:3834} INFO - Setting next_dagrun for danang_flood_forecasting_etl to 2026-03-14 00:00:00+00:00, run_after=2026-03-15 00:00:00+00:00
[2026-03-15T17:29:56.969+0000] {processor.py:183} INFO - Processing /opt/airflow/dags/weather_flood_pipeline.py took 0.065 seconds
[2026-03-15T17:30:27.368+0000] {processor.py:161} INFO - Started process (PID=428) to work on /opt/airflow/dags/weather_flood_pipeline.py
[2026-03-15T17:30:27.369+0000] {processor.py:830} INFO - Processing file /opt/airflow/dags/weather_flood_pipeline.py for tasks to queue
[2026-03-15T17:30:27.371+0000] {logging_mixin.py:188} INFO - [2026-03-15T17:30:27.370+0000] {dagbag.py:540} INFO - Filling up the DagBag from /opt/airflow/dags/weather_flood_pipeline.py
[2026-03-15T17:30:27.384+0000] {processor.py:840} INFO - DAG(s) 'danang_flood_forecasting_etl' retrieved from /opt/airflow/dags/weather_flood_pipeline.py
[2026-03-15T17:30:27.405+0000] {logging_mixin.py:188} INFO - [2026-03-15T17:30:27.404+0000] {dag.py:3047} INFO - Sync 1 DAGs
[2026-03-15T17:30:27.423+0000] {logging_mixin.py:188} INFO - [2026-03-15T17:30:27.423+0000] {dag.py:3834} INFO - Setting next_dagrun for danang_flood_forecasting_etl to 2026-03-14 00:00:00+00:00, run_after=2026-03-15 00:00:00+00:00
[2026-03-15T17:30:27.437+0000] {processor.py:183} INFO - Processing /opt/airflow/dags/weather_flood_pipeline.py took 0.073 seconds
[2026-03-15T17:31:21.969+0000] {processor.py:161} INFO - Started process (PID=439) to work on /opt/airflow/dags/weather_flood_pipeline.py
[2026-03-15T17:31:21.971+0000] {processor.py:830} INFO - Processing file /opt/airflow/dags/weather_flood_pipeline.py for tasks to queue
[2026-03-15T17:31:21.973+0000] {logging_mixin.py:188} INFO - [2026-03-15T17:31:21.973+0000] {dagbag.py:540} INFO - Filling up the DagBag from /opt/airflow/dags/weather_flood_pipeline.py
[2026-03-15T17:31:21.988+0000] {processor.py:840} INFO - DAG(s) 'danang_flood_forecasting_etl' retrieved from /opt/airflow/dags/weather_flood_pipeline.py
[2026-03-15T17:31:22.007+0000] {logging_mixin.py:188} INFO - [2026-03-15T17:31:22.006+0000] {dag.py:3047} INFO - Sync 1 DAGs
[2026-03-15T17:31:22.027+0000] {logging_mixin.py:188} INFO - [2026-03-15T17:31:22.027+0000] {dag.py:3834} INFO - Setting next_dagrun for danang_flood_forecasting_etl to 2026-03-14 00:00:00+00:00, run_after=2026-03-15 00:00:00+00:00
[2026-03-15T17:31:22.045+0000] {processor.py:183} INFO - Processing /opt/airflow/dags/weather_flood_pipeline.py took 0.079 seconds
[2026-03-15T17:31:57.170+0000] {processor.py:161} INFO - Started process (PID=552) to work on /opt/airflow/dags/weather_flood_pipeline.py
[2026-03-15T17:31:57.171+0000] {processor.py:830} INFO - Processing file /opt/airflow/dags/weather_flood_pipeline.py for tasks to queue
[2026-03-15T17:31:57.173+0000] {logging_mixin.py:188} INFO - [2026-03-15T17:31:57.173+0000] {dagbag.py:540} INFO - Filling up the DagBag from /opt/airflow/dags/weather_flood_pipeline.py
[2026-03-15T17:31:57.190+0000] {processor.py:840} INFO - DAG(s) 'danang_flood_forecasting_etl' retrieved from /opt/airflow/dags/weather_flood_pipeline.py
[2026-03-15T17:31:57.207+0000] {logging_mixin.py:188} INFO - [2026-03-15T17:31:57.207+0000] {dag.py:3047} INFO - Sync 1 DAGs
[2026-03-15T17:31:08.066+0000] {logging_mixin.py:188} INFO - [2026-03-15T17:31:08.066+0000] {dag.py:3834} INFO - Setting next_dagrun for danang_flood_forecasting_etl to 2026-03-14 00:00:00+00:00, run_after=2026-03-15 00:00:00+00:00
[2026-03-15T17:31:08.082+0000] {processor.py:183} INFO - Processing /opt/airflow/dags/weather_flood_pipeline.py took 0.073 seconds
[2026-03-15T17:31:38.384+0000] {processor.py:161} INFO - Started process (PID=604) to work on /opt/airflow/dags/weather_flood_pipeline.py
[2026-03-15T17:31:38.386+0000] {processor.py:830} INFO - Processing file /opt/airflow/dags/weather_flood_pipeline.py for tasks to queue
[2026-03-15T17:31:38.388+0000] {logging_mixin.py:188} INFO - [2026-03-15T17:31:38.388+0000] {dagbag.py:540} INFO - Filling up the DagBag from /opt/airflow/dags/weather_flood_pipeline.py
[2026-03-15T17:31:38.402+0000] {processor.py:840} INFO - DAG(s) 'danang_flood_forecasting_etl' retrieved from /opt/airflow/dags/weather_flood_pipeline.py
[2026-03-15T17:31:38.423+0000] {logging_mixin.py:188} INFO - [2026-03-15T17:31:38.422+0000] {dag.py:3047} INFO - Sync 1 DAGs
[2026-03-15T17:31:38.445+0000] {logging_mixin.py:188} INFO - [2026-03-15T17:31:38.444+0000] {dag.py:3834} INFO - Setting next_dagrun for danang_flood_forecasting_etl to 2026-03-14 00:00:00+00:00, run_after=2026-03-15 00:00:00+00:00
[2026-03-15T17:31:38.467+0000] {processor.py:183} INFO - Processing /opt/airflow/dags/weather_flood_pipeline.py took 0.087 seconds
[2026-03-15T17:32:32.077+0000] {processor.py:161} INFO - Started process (PID=650) to work on /opt/airflow/dags/weather_flood_pipeline.py
[2026-03-15T17:32:32.078+0000] {processor.py:830} INFO - Processing file /opt/airflow/dags/weather_flood_pipeline.py for tasks to queue
[2026-03-15T17:32:32.080+0000] {logging_mixin.py:188} INFO - [2026-03-15T17:32:32.080+0000] {dagbag.py:540} INFO - Filling up the DagBag from /opt/airflow/dags/weather_flood_pipeline.py
[2026-03-15T17:32:32.094+0000] {processor.py:840} INFO - DAG(s) 'danang_flood_forecasting_etl' retrieved from /opt/airflow/dags/weather_flood_pipeline.py
[2026-03-15T17:32:32.111+0000] {logging_mixin.py:188} INFO - [2026-03-15T17:32:32.111+0000] {dag.py:3047} INFO - Sync 1 DAGs
[2026-03-15T17:32:32.131+0000] {logging_mixin.py:188} INFO - [2026-03-15T17:32:32.130+0000] {dag.py:3834} INFO - Setting next_dagrun for danang_flood_forecasting_etl to 2026-03-14 00:00:00+00:00, run_after=2026-03-15 00:00:00+00:00
[2026-03-15T17:32:32.149+0000] {processor.py:183} INFO - Processing /opt/airflow/dags/weather_flood_pipeline.py took 0.075 seconds
[2026-03-15T17:33:47.186+0000] {processor.py:161} INFO - Started process (PID=810) to work on /opt/airflow/dags/weather_flood_pipeline.py
[2026-03-15T17:33:47.186+0000] {processor.py:830} INFO - Processing file /opt/airflow/dags/weather_flood_pipeline.py for tasks to queue
[2026-03-15T17:33:47.188+0000] {logging_mixin.py:188} INFO - [2026-03-15T17:33:47.188+0000] {dagbag.py:540} INFO - Filling up the DagBag from /opt/airflow/dags/weather_flood_pipeline.py
[2026-03-15T17:33:47.204+0000] {processor.py:840} INFO - DAG(s) 'danang_flood_forecasting_etl' retrieved from /opt/airflow/dags/weather_flood_pipeline.py
[2026-03-15T17:33:47.219+0000] {logging_mixin.py:188} INFO - [2026-03-15T17:33:47.219+0000] {dag.py:3047} INFO - Sync 1 DAGs
[2026-03-15T17:33:47.235+0000] {logging_mixin.py:188} INFO - [2026-03-15T17:33:47.235+0000] {dag.py:3834} INFO - Setting next_dagrun for danang_flood_forecasting_etl to 2026-03-15 00:00:00+00:00, run_after=2026-03-16 00:00:00+00:00
[2026-03-15T17:33:47.250+0000] {processor.py:183} INFO - Processing /opt/airflow/dags/weather_flood_pipeline.py took 0.067 seconds
[2026-03-15T17:34:37.409+0000] {processor.py:161} INFO - Started process (PID=970) to work on /opt/airflow/dags/weather_flood_pipeline.py
[2026-03-15T17:34:37.410+0000] {processor.py:830} INFO - Processing file /opt/airflow/dags/weather_flood_pipeline.py for tasks to queue
[2026-03-15T17:34:37.411+0000] {logging_mixin.py:188} INFO - [2026-03-15T17:34:37.411+0000] {dagbag.py:540} INFO - Filling up the DagBag from /opt/airflow/dags/weather_flood_pipeline.py
[2026-03-15T17:34:37.422+0000] {processor.py:840} INFO - DAG(s) 'danang_flood_forecasting_etl' retrieved from /opt/airflow/dags/weather_flood_pipeline.py
[2026-03-15T17:34:37.436+0000] {logging_mixin.py:188} INFO - [2026-03-15T17:34:37.436+0000] {dag.py:3047} INFO - Sync 1 DAGs
[2026-03-15T17:33:48.270+0000] {logging_mixin.py:188} INFO - [2026-03-15T17:33:48.270+0000] {dag.py:3834} INFO - Setting next_dagrun for danang_flood_forecasting_etl to 2026-03-15 00:00:00+00:00, run_after=2026-03-16 00:00:00+00:00
[2026-03-15T17:33:48.285+0000] {processor.py:183} INFO - Processing /opt/airflow/dags/weather_flood_pipeline.py took 0.061 seconds
[2026-03-15T17:34:56.092+0000] {processor.py:161} INFO - Started process (PID=1026) to work on /opt/airflow/dags/weather_flood_pipeline.py
[2026-03-15T17:34:56.092+0000] {processor.py:830} INFO - Processing file /opt/airflow/dags/weather_flood_pipeline.py for tasks to queue
[2026-03-15T17:34:56.094+0000] {logging_mixin.py:188} INFO - [2026-03-15T17:34:56.094+0000] {dagbag.py:540} INFO - Filling up the DagBag from /opt/airflow/dags/weather_flood_pipeline.py
[2026-03-15T17:34:56.135+0000] {processor.py:840} INFO - DAG(s) 'danang_flood_forecasting_etl' retrieved from /opt/airflow/dags/weather_flood_pipeline.py
[2026-03-15T17:34:56.151+0000] {logging_mixin.py:188} INFO - [2026-03-15T17:34:56.150+0000] {dag.py:3047} INFO - Sync 1 DAGs
[2026-03-15T17:34:56.169+0000] {logging_mixin.py:188} INFO - [2026-03-15T17:34:56.168+0000] {dag.py:3834} INFO - Setting next_dagrun for danang_flood_forecasting_etl to 2026-03-15 00:00:00+00:00, run_after=2026-03-16 00:00:00+00:00
[2026-03-15T17:34:56.193+0000] {processor.py:183} INFO - Processing /opt/airflow/dags/weather_flood_pipeline.py took 0.104 seconds
[2026-03-15T17:35:27.345+0000] {processor.py:161} INFO - Started process (PID=1205) to work on /opt/airflow/dags/weather_flood_pipeline.py
[2026-03-15T17:35:27.346+0000] {processor.py:830} INFO - Processing file /opt/airflow/dags/weather_flood_pipeline.py for tasks to queue
[2026-03-15T17:35:27.349+0000] {logging_mixin.py:188} INFO - [2026-03-15T17:35:27.348+0000] {dagbag.py:540} INFO - Filling up the DagBag from /opt/airflow/dags/weather_flood_pipeline.py
[2026-03-15T17:35:27.363+0000] {processor.py:840} INFO - DAG(s) 'danang_flood_forecasting_etl' retrieved from /opt/airflow/dags/weather_flood_pipeline.py
[2026-03-15T17:35:27.380+0000] {logging_mixin.py:188} INFO - [2026-03-15T17:35:27.380+0000] {dag.py:3047} INFO - Sync 1 DAGs
[2026-03-15T17:35:27.399+0000] {logging_mixin.py:188} INFO - [2026-03-15T17:35:27.398+0000] {dag.py:3834} INFO - Setting next_dagrun for danang_flood_forecasting_etl to 2026-03-15 00:00:00+00:00, run_after=2026-03-16 00:00:00+00:00
[2026-03-15T17:35:27.414+0000] {processor.py:183} INFO - Processing /opt/airflow/dags/weather_flood_pipeline.py took 0.073 seconds
[2026-03-15T17:36:26.717+0000] {processor.py:161} INFO - Started process (PID=1455) to work on /opt/airflow/dags/weather_flood_pipeline.py
[2026-03-15T17:36:26.718+0000] {processor.py:830} INFO - Processing file /opt/airflow/dags/weather_flood_pipeline.py for tasks to queue
[2026-03-15T17:36:26.720+0000] {logging_mixin.py:188} INFO - [2026-03-15T17:36:26.720+0000] {dagbag.py:540} INFO - Filling up the DagBag from /opt/airflow/dags/weather_flood_pipeline.py
[2026-03-15T17:36:26.731+0000] {processor.py:840} INFO - DAG(s) 'danang_flood_forecasting_etl' retrieved from /opt/airflow/dags/weather_flood_pipeline.py
[2026-03-15T17:36:26.748+0000] {logging_mixin.py:188} INFO - [2026-03-15T17:36:26.748+0000] {dag.py:3047} INFO - Sync 1 DAGs
[2026-03-15T17:36:26.767+0000] {logging_mixin.py:188} INFO - [2026-03-15T17:36:26.767+0000] {dag.py:3834} INFO - Setting next_dagrun for danang_flood_forecasting_etl to 2026-03-15 00:00:00+00:00, run_after=2026-03-16 00:00:00+00:00
[2026-03-15T17:36:26.784+0000] {processor.py:183} INFO - Processing /opt/airflow/dags/weather_flood_pipeline.py took 0.071 seconds
[2026-03-15T17:37:02.894+0000] {processor.py:161} INFO - Started process (PID=1621) to work on /opt/airflow/dags/weather_flood_pipeline.py
[2026-03-15T17:37:02.895+0000] {processor.py:830} INFO - Processing file /opt/airflow/dags/weather_flood_pipeline.py for tasks to queue
[2026-03-15T17:37:02.897+0000] {logging_mixin.py:188} INFO - [2026-03-15T17:37:02.896+0000] {dagbag.py:540} INFO - Filling up the DagBag from /opt/airflow/dags/weather_flood_pipeline.py
[2026-03-15T17:37:02.915+0000] {processor.py:840} INFO - DAG(s) 'danang_flood_forecasting_etl' retrieved from /opt/airflow/dags/weather_flood_pipeline.py
[2026-03-15T17:37:02.930+0000] {logging_mixin.py:188} INFO - [2026-03-15T17:37:02.930+0000] {dag.py:3047} INFO - Sync 1 DAGs
[2026-03-15T17:37:02.944+0000] {logging_mixin.py:188} INFO - [2026-03-15T17:37:02.944+0000] {dag.py:3834} INFO - Setting next_dagrun for danang_flood_forecasting_etl to 2026-03-15 00:00:00+00:00, run_after=2026-03-16 00:00:00+00:00
[2026-03-15T17:37:02.957+0000] {processor.py:183} INFO - Processing /opt/airflow/dags/weather_flood_pipeline.py took 0.065 seconds
[2026-03-15T17:38:08.027+0000] {processor.py:161} INFO - Started process (PID=1753) to work on /opt/airflow/dags/weather_flood_pipeline.py
[2026-03-15T17:38:08.028+0000] {processor.py:830} INFO - Processing file /opt/airflow/dags/weather_flood_pipeline.py for tasks to queue
[2026-03-15T17:38:08.029+0000] {logging_mixin.py:188} INFO - [2026-03-15T17:38:08.029+0000] {dagbag.py:540} INFO - Filling up the DagBag from /opt/airflow/dags/weather_flood_pipeline.py
[2026-03-15T17:38:08.041+0000] {processor.py:840} INFO - DAG(s) 'danang_flood_forecasting_etl' retrieved from /opt/airflow/dags/weather_flood_pipeline.py
[2026-03-15T17:38:08.055+0000] {logging_mixin.py:188} INFO - [2026-03-15T17:38:08.055+0000] {dag.py:3047} INFO - Sync 1 DAGs
[2026-03-15T17:38:08.071+0000] {logging_mixin.py:188} INFO - [2026-03-15T17:38:08.071+0000] {dag.py:3834} INFO - Setting next_dagrun for danang_flood_forecasting_etl to 2026-03-15 00:00:00+00:00, run_after=2026-03-16 00:00:00+00:00
[2026-03-15T17:38:08.091+0000] {processor.py:183} INFO - Processing /opt/airflow/dags/weather_flood_pipeline.py took 0.067 seconds
[2026-03-15T17:38:26.654+0000] {processor.py:161} INFO - Started process (PID=1809) to work on /opt/airflow/dags/weather_flood_pipeline.py
[2026-03-15T17:38:26.655+0000] {processor.py:830} INFO - Processing file /opt/airflow/dags/weather_flood_pipeline.py for tasks to queue
[2026-03-15T17:38:26.656+0000] {logging_mixin.py:188} INFO - [2026-03-15T17:38:26.656+0000] {dagbag.py:540} INFO - Filling up the DagBag from /opt/airflow/dags/weather_flood_pipeline.py
[2026-03-15T17:38:26.670+0000] {processor.py:840} INFO - DAG(s) 'danang_flood_forecasting_etl' retrieved from /opt/airflow/dags/weather_flood_pipeline.py
[2026-03-15T17:38:26.685+0000] {logging_mixin.py:188} INFO - [2026-03-15T17:38:26.685+0000] {dag.py:3047} INFO - Sync 1 DAGs
[2026-03-15T17:38:26.700+0000] {logging_mixin.py:188} INFO - [2026-03-15T17:38:26.700+0000] {dag.py:3834} INFO - Setting next_dagrun for danang_flood_forecasting_etl to 2026-03-15 00:00:00+00:00, run_after=2026-03-16 00:00:00+00:00
[2026-03-15T17:38:26.716+0000] {processor.py:183} INFO - Processing /opt/airflow/dags/weather_flood_pipeline.py took 0.065 seconds
[2026-03-15T17:39:26.689+0000] {processor.py:161} INFO - Started process (PID=1948) to work on /opt/airflow/dags/weather_flood_pipeline.py
[2026-03-15T17:39:26.692+0000] {processor.py:830} INFO - Processing file /opt/airflow/dags/weather_flood_pipeline.py for tasks to queue
[2026-03-15T17:39:26.693+0000] {logging_mixin.py:188} INFO - [2026-03-15T17:39:26.693+0000] {dagbag.py:540} INFO - Filling up the DagBag from /opt/airflow/dags/weather_flood_pipeline.py
[2026-03-15T17:39:26.705+0000] {processor.py:840} INFO - DAG(s) 'danang_flood_forecasting_etl' retrieved from /opt/airflow/dags/weather_flood_pipeline.py
[2026-03-15T17:39:26.720+0000] {logging_mixin.py:188} INFO - [2026-03-15T17:39:26.720+0000] {dag.py:3047} INFO - Sync 1 DAGs
[2026-03-15T17:39:26.738+0000] {logging_mixin.py:188} INFO - [2026-03-15T17:39:26.737+0000] {dag.py:3834} INFO - Setting next_dagrun for danang_flood_forecasting_etl to 2026-03-15 00:00:00+00:00, run_after=2026-03-16 00:00:00+00:00
[2026-03-15T17:39:26.752+0000] {processor.py:183} INFO - Processing /opt/airflow/dags/weather_flood_pipeline.py took 0.065 seconds
[2026-03-15T17:39:07.678+0000] {processor.py:161} INFO - Started process (PID=2038) to work on /opt/airflow/dags/weather_flood_pipeline.py
[2026-03-15T17:39:07.679+0000] {processor.py:830} INFO - Processing file /opt/airflow/dags/weather_flood_pipeline.py for tasks to queue
[2026-03-15T17:39:07.681+0000] {logging_mixin.py:188} INFO - [2026-03-15T17:39:07.681+0000] {dagbag.py:540} INFO - Filling up the DagBag from /opt/airflow/dags/weather_flood_pipeline.py
[2026-03-15T17:39:07.695+0000] {processor.py:840} INFO - DAG(s) 'danang_flood_forecasting_etl' retrieved from /opt/airflow/dags/weather_flood_pipeline.py
[2026-03-15T17:39:07.714+0000] {logging_mixin.py:188} INFO - [2026-03-15T17:39:07.714+0000] {dag.py:3047} INFO - Sync 1 DAGs
[2026-03-15T17:39:07.731+0000] {logging_mixin.py:188} INFO - [2026-03-15T17:39:07.731+0000] {dag.py:3834} INFO - Setting next_dagrun for danang_flood_forecasting_etl to 2026-03-15 00:00:00+00:00, run_after=2026-03-16 00:00:00+00:00
[2026-03-15T17:39:07.747+0000] {processor.py:183} INFO - Processing /opt/airflow/dags/weather_flood_pipeline.py took 0.071 seconds
[2026-03-15T17:40:03.205+0000] {processor.py:161} INFO - Started process (PID=2082) to work on /opt/airflow/dags/weather_flood_pipeline.py
[2026-03-15T17:40:03.208+0000] {processor.py:830} INFO - Processing file /opt/airflow/dags/weather_flood_pipeline.py for tasks to queue
[2026-03-15T17:40:03.210+0000] {logging_mixin.py:188} INFO - [2026-03-15T17:40:03.210+0000] {dagbag.py:540} INFO - Filling up the DagBag from /opt/airflow/dags/weather_flood_pipeline.py
[2026-03-15T17:40:03.233+0000] {processor.py:840} INFO - DAG(s) 'danang_flood_forecasting_etl' retrieved from /opt/airflow/dags/weather_flood_pipeline.py
[2026-03-15T17:40:03.253+0000] {logging_mixin.py:188} INFO - [2026-03-15T17:40:03.252+0000] {dag.py:3047} INFO - Sync 1 DAGs
[2026-03-15T17:40:03.271+0000] {logging_mixin.py:188} INFO - [2026-03-15T17:40:03.271+0000] {dag.py:3834} INFO - Setting next_dagrun for danang_flood_forecasting_etl to 2026-03-15 00:00:00+00:00, run_after=2026-03-16 00:00:00+00:00
[2026-03-15T17:40:03.287+0000] {processor.py:183} INFO - Processing /opt/airflow/dags/weather_flood_pipeline.py took 0.085 seconds
[2026-03-15T17:40:11.539+0000] {processor.py:161} INFO - Started process (PID=50) to work on /opt/airflow/dags/weather_flood_pipeline.py
[2026-03-15T17:40:11.542+0000] {processor.py:830} INFO - Processing file /opt/airflow/dags/weather_flood_pipeline.py for tasks to queue
[2026-03-15T17:40:11.550+0000] {logging_mixin.py:188} INFO - [2026-03-15T17:40:11.549+0000] {dagbag.py:540} INFO - Filling up the DagBag from /opt/airflow/dags/weather_flood_pipeline.py
[2026-03-15T17:40:11.586+0000] {processor.py:840} INFO - DAG(s) 'danang_flood_forecasting_etl' retrieved from /opt/airflow/dags/weather_flood_pipeline.py
[2026-03-15T17:40:11.852+0000] {logging_mixin.py:188} INFO - [2026-03-15T17:40:11.852+0000] {dag.py:3047} INFO - Sync 1 DAGs
[2026-03-15T17:40:11.880+0000] {logging_mixin.py:188} INFO - [2026-03-15T17:40:11.879+0000] {dag.py:3834} INFO - Setting next_dagrun for danang_flood_forecasting_etl to 2026-03-15 00:00:00+00:00, run_after=2026-03-16 00:00:00+00:00
[2026-03-15T17:40:11.908+0000] {processor.py:183} INFO - Processing /opt/airflow/dags/weather_flood_pipeline.py took 0.376 seconds
[2026-03-15T17:40:19.194+0000] {processor.py:161} INFO - Started process (PID=106) to work on /opt/airflow/dags/weather_flood_pipeline.py
[2026-03-15T17:40:19.195+0000] {processor.py:830} INFO - Processing file /opt/airflow/dags/weather_flood_pipeline.py for tasks to queue
[2026-03-15T17:40:19.197+0000] {logging_mixin.py:188} INFO - [2026-03-15T17:40:19.197+0000] {dagbag.py:540} INFO - Filling up the DagBag from /opt/airflow/dags/weather_flood_pipeline.py
[2026-03-15T17:40:19.212+0000] {processor.py:840} INFO - DAG(s) 'danang_flood_forecasting_etl' retrieved from /opt/airflow/dags/weather_flood_pipeline.py
[2026-03-15T17:40:19.228+0000] {logging_mixin.py:188} INFO - [2026-03-15T17:40:19.228+0000] {dag.py:3047} INFO - Sync 1 DAGs
[2026-03-15T17:40:19.251+0000] {logging_mixin.py:188} INFO - [2026-03-15T17:40:19.250+0000] {dag.py:3834} INFO - Setting next_dagrun for danang_flood_forecasting_etl to 2026-03-15 00:00:00+00:00, run_after=2026-03-16 00:00:00+00:00
[2026-03-15T17:40:19.270+0000] {processor.py:183} INFO - Processing /opt/airflow/dags/weather_flood_pipeline.py took 0.079 seconds
[2026-03-15T17:40:49.853+0000] {processor.py:161} INFO - Started process (PID=161) to work on /opt/airflow/dags/weather_flood_pipeline.py
[2026-03-15T17:40:49.855+0000] {processor.py:830} INFO - Processing file /opt/airflow/dags/weather_flood_pipeline.py for tasks to queue
[2026-03-15T17:40:49.859+0000] {logging_mixin.py:188} INFO - [2026-03-15T17:40:49.858+0000] {dagbag.py:540} INFO - Filling up the DagBag from /opt/airflow/dags/weather_flood_pipeline.py
[2026-03-15T17:40:49.880+0000] {processor.py:840} INFO - DAG(s) 'danang_flood_forecasting_etl' retrieved from /opt/airflow/dags/weather_flood_pipeline.py
[2026-03-15T17:40:49.903+0000] {logging_mixin.py:188} INFO - [2026-03-15T17:40:49.903+0000] {dag.py:3047} INFO - Sync 1 DAGs
[2026-03-15T17:40:49.930+0000] {logging_mixin.py:188} INFO - [2026-03-15T17:40:49.929+0000] {dag.py:3834} INFO - Setting next_dagrun for danang_flood_forecasting_etl to 2026-03-15 00:00:00+00:00, run_after=2026-03-16 00:00:00+00:00
[2026-03-15T17:40:49.950+0000] {processor.py:183} INFO - Processing /opt/airflow/dags/weather_flood_pipeline.py took 0.103 seconds
[2026-03-15T17:41:56.804+0000] {processor.py:161} INFO - Started process (PID=210) to work on /opt/airflow/dags/weather_flood_pipeline.py
[2026-03-15T17:41:56.804+0000] {processor.py:830} INFO - Processing file /opt/airflow/dags/weather_flood_pipeline.py for tasks to queue
[2026-03-15T17:41:56.806+0000] {logging_mixin.py:188} INFO - [2026-03-15T17:41:56.806+0000] {dagbag.py:540} INFO - Filling up the DagBag from /opt/airflow/dags/weather_flood_pipeline.py
[2026-03-15T17:41:56.833+0000] {processor.py:840} INFO - DAG(s) 'danang_flood_forecasting_etl' retrieved from /opt/airflow/dags/weather_flood_pipeline.py
[2026-03-15T17:41:56.848+0000] {logging_mixin.py:188} INFO - [2026-03-15T17:41:56.848+0000] {dag.py:3047} INFO - Sync 1 DAGs
[2026-03-15T17:41:07.679+0000] {logging_mixin.py:188} INFO - [2026-03-15T17:41:07.679+0000] {dag.py:3834} INFO - Setting next_dagrun for danang_flood_forecasting_etl to 2026-03-15 00:00:00+00:00, run_after=2026-03-16 00:00:00+00:00
[2026-03-15T17:41:07.694+0000] {processor.py:183} INFO - Processing /opt/airflow/dags/weather_flood_pipeline.py took 0.078 seconds
[2026-03-15T17:42:03.324+0000] {processor.py:161} INFO - Started process (PID=260) to work on /opt/airflow/dags/weather_flood_pipeline.py
[2026-03-15T17:42:03.325+0000] {processor.py:830} INFO - Processing file /opt/airflow/dags/weather_flood_pipeline.py for tasks to queue
[2026-03-15T17:42:03.327+0000] {logging_mixin.py:188} INFO - [2026-03-15T17:42:03.326+0000] {dagbag.py:540} INFO - Filling up the DagBag from /opt/airflow/dags/weather_flood_pipeline.py
[2026-03-15T17:42:03.338+0000] {processor.py:840} INFO - DAG(s) 'danang_flood_forecasting_etl' retrieved from /opt/airflow/dags/weather_flood_pipeline.py
[2026-03-15T17:42:03.353+0000] {logging_mixin.py:188} INFO - [2026-03-15T17:42:03.353+0000] {dag.py:3047} INFO - Sync 1 DAGs
[2026-03-15T17:42:03.367+0000] {logging_mixin.py:188} INFO - [2026-03-15T17:42:03.367+0000] {dag.py:3834} INFO - Setting next_dagrun for danang_flood_forecasting_etl to 2026-03-15 00:00:00+00:00, run_after=2026-03-16 00:00:00+00:00
[2026-03-15T17:42:03.381+0000] {processor.py:183} INFO - Processing /opt/airflow/dags/weather_flood_pipeline.py took 0.059 seconds
[2026-03-15T17:43:02.443+0000] {processor.py:161} INFO - Started process (PID=399) to work on /opt/airflow/dags/weather_flood_pipeline.py
[2026-03-15T17:43:02.444+0000] {processor.py:830} INFO - Processing file /opt/airflow/dags/weather_flood_pipeline.py for tasks to queue
[2026-03-15T17:43:02.446+0000] {logging_mixin.py:188} INFO - [2026-03-15T17:43:02.446+0000] {dagbag.py:540} INFO - Filling up the DagBag from /opt/airflow/dags/weather_flood_pipeline.py
[2026-03-15T17:43:02.465+0000] {processor.py:840} INFO - DAG(s) 'danang_flood_forecasting_etl' retrieved from /opt/airflow/dags/weather_flood_pipeline.py
[2026-03-15T17:43:02.482+0000] {logging_mixin.py:188} INFO - [2026-03-15T17:43:02.482+0000] {dag.py:3047} INFO - Sync 1 DAGs
[2026-03-15T17:43:02.499+0000] {logging_mixin.py:188} INFO - [2026-03-15T17:43:02.499+0000] {dag.py:3834} INFO - Setting next_dagrun for danang_flood_forecasting_etl to 2026-03-15 00:00:00+00:00, run_after=2026-03-16 00:00:00+00:00
[2026-03-15T17:43:02.515+0000] {processor.py:183} INFO - Processing /opt/airflow/dags/weather_flood_pipeline.py took 0.076 seconds
[2026-03-15T17:44:07.656+0000] {processor.py:161} INFO - Started process (PID=559) to work on /opt/airflow/dags/weather_flood_pipeline.py
[2026-03-15T17:44:07.657+0000] {processor.py:830} INFO - Processing file /opt/airflow/dags/weather_flood_pipeline.py for tasks to queue
[2026-03-15T17:44:07.659+0000] {logging_mixin.py:188} INFO - [2026-03-15T17:44:07.658+0000] {dagbag.py:540} INFO - Filling up the DagBag from /opt/airflow/dags/weather_flood_pipeline.py
[2026-03-15T17:44:07.670+0000] {processor.py:840} INFO - DAG(s) 'danang_flood_forecasting_etl' retrieved from /opt/airflow/dags/weather_flood_pipeline.py
[2026-03-15T17:44:07.685+0000] {logging_mixin.py:188} INFO - [2026-03-15T17:44:07.685+0000] {dag.py:3047} INFO - Sync 1 DAGs
[2026-03-15T17:44:07.700+0000] {logging_mixin.py:188} INFO - [2026-03-15T17:44:07.700+0000] {dag.py:3834} INFO - Setting next_dagrun for danang_flood_forecasting_etl to 2026-03-15 00:00:00+00:00, run_after=2026-03-16 00:00:00+00:00
[2026-03-15T17:44:07.715+0000] {processor.py:183} INFO - Processing /opt/airflow/dags/weather_flood_pipeline.py took 0.061 seconds
[2026-03-15T17:45:02.544+0000] {processor.py:161} INFO - Started process (PID=663) to work on /opt/airflow/dags/weather_flood_pipeline.py
[2026-03-15T17:45:02.545+0000] {processor.py:830} INFO - Processing file /opt/airflow/dags/weather_flood_pipeline.py for tasks to queue
[2026-03-15T17:45:02.547+0000] {logging_mixin.py:188} INFO - [2026-03-15T17:45:02.547+0000] {dagbag.py:540} INFO - Filling up the DagBag from /opt/airflow/dags/weather_flood_pipeline.py
[2026-03-15T17:45:02.575+0000] {processor.py:840} INFO - DAG(s) 'danang_flood_forecasting_etl' retrieved from /opt/airflow/dags/weather_flood_pipeline.py
[2026-03-15T17:45:02.601+0000] {logging_mixin.py:188} INFO - [2026-03-15T17:45:02.600+0000] {dag.py:3047} INFO - Sync 1 DAGs
[2026-03-15T17:44:13.435+0000] {logging_mixin.py:188} INFO - [2026-03-15T17:44:13.435+0000] {dag.py:3834} INFO - Setting next_dagrun for danang_flood_forecasting_etl to 2026-03-15 00:00:00+00:00, run_after=2026-03-16 00:00:00+00:00
[2026-03-15T17:44:13.460+0000] {processor.py:183} INFO - Processing /opt/airflow/dags/weather_flood_pipeline.py took 0.106 seconds
[2026-03-15T17:44:44.081+0000] {processor.py:161} INFO - Started process (PID=719) to work on /opt/airflow/dags/weather_flood_pipeline.py
[2026-03-15T17:44:44.082+0000] {processor.py:830} INFO - Processing file /opt/airflow/dags/weather_flood_pipeline.py for tasks to queue
[2026-03-15T17:44:44.084+0000] {logging_mixin.py:188} INFO - [2026-03-15T17:44:44.083+0000] {dagbag.py:540} INFO - Filling up the DagBag from /opt/airflow/dags/weather_flood_pipeline.py
[2026-03-15T17:44:44.097+0000] {processor.py:840} INFO - DAG(s) 'danang_flood_forecasting_etl' retrieved from /opt/airflow/dags/weather_flood_pipeline.py
[2026-03-15T17:44:44.116+0000] {logging_mixin.py:188} INFO - [2026-03-15T17:44:44.116+0000] {dag.py:3047} INFO - Sync 1 DAGs
[2026-03-15T17:44:44.133+0000] {logging_mixin.py:188} INFO - [2026-03-15T17:44:44.133+0000] {dag.py:3834} INFO - Setting next_dagrun for danang_flood_forecasting_etl to 2026-03-15 00:00:00+00:00, run_after=2026-03-16 00:00:00+00:00
[2026-03-15T17:44:44.149+0000] {processor.py:183} INFO - Processing /opt/airflow/dags/weather_flood_pipeline.py took 0.071 seconds
[2026-03-15T17:45:37.738+0000] {processor.py:161} INFO - Started process (PID=775) to work on /opt/airflow/dags/weather_flood_pipeline.py
[2026-03-15T17:45:37.740+0000] {processor.py:830} INFO - Processing file /opt/airflow/dags/weather_flood_pipeline.py for tasks to queue
[2026-03-15T17:45:37.741+0000] {logging_mixin.py:188} INFO - [2026-03-15T17:45:37.741+0000] {dagbag.py:540} INFO - Filling up the DagBag from /opt/airflow/dags/weather_flood_pipeline.py
[2026-03-15T17:45:37.758+0000] {processor.py:840} INFO - DAG(s) 'danang_flood_forecasting_etl' retrieved from /opt/airflow/dags/weather_flood_pipeline.py
[2026-03-15T17:45:37.774+0000] {logging_mixin.py:188} INFO - [2026-03-15T17:45:37.773+0000] {dag.py:3047} INFO - Sync 1 DAGs
[2026-03-15T17:45:37.788+0000] {logging_mixin.py:188} INFO - [2026-03-15T17:45:37.788+0000] {dag.py:3834} INFO - Setting next_dagrun for danang_flood_forecasting_etl to 2026-03-15 00:00:00+00:00, run_after=2026-03-16 00:00:00+00:00
[2026-03-15T17:45:37.803+0000] {processor.py:183} INFO - Processing /opt/airflow/dags/weather_flood_pipeline.py took 0.068 seconds
[2026-03-15T17:46:12.736+0000] {processor.py:161} INFO - Started process (PID=878) to work on /opt/airflow/dags/weather_flood_pipeline.py
[2026-03-15T17:46:12.737+0000] {processor.py:830} INFO - Processing file /opt/airflow/dags/weather_flood_pipeline.py for tasks to queue
[2026-03-15T17:46:12.739+0000] {logging_mixin.py:188} INFO - [2026-03-15T17:46:12.738+0000] {dagbag.py:540} INFO - Filling up the DagBag from /opt/airflow/dags/weather_flood_pipeline.py
[2026-03-15T17:46:12.750+0000] {processor.py:840} INFO - DAG(s) 'danang_flood_forecasting_etl' retrieved from /opt/airflow/dags/weather_flood_pipeline.py
[2026-03-15T17:46:12.765+0000] {logging_mixin.py:188} INFO - [2026-03-15T17:46:12.765+0000] {dag.py:3047} INFO - Sync 1 DAGs
[2026-03-15T17:46:12.782+0000] {logging_mixin.py:188} INFO - [2026-03-15T17:46:12.782+0000] {dag.py:3834} INFO - Setting next_dagrun for danang_flood_forecasting_etl to 2026-03-15 00:00:00+00:00, run_after=2026-03-16 00:00:00+00:00
[2026-03-15T17:46:12.797+0000] {processor.py:183} INFO - Processing /opt/airflow/dags/weather_flood_pipeline.py took 0.064 seconds
[2026-03-15T17:47:02.487+0000] {processor.py:161} INFO - Started process (PID=980) to work on /opt/airflow/dags/weather_flood_pipeline.py
[2026-03-15T17:47:02.488+0000] {processor.py:830} INFO - Processing file /opt/airflow/dags/weather_flood_pipeline.py for tasks to queue
[2026-03-15T17:47:02.490+0000] {logging_mixin.py:188} INFO - [2026-03-15T17:47:02.490+0000] {dagbag.py:540} INFO - Filling up the DagBag from /opt/airflow/dags/weather_flood_pipeline.py
[2026-03-15T17:47:02.502+0000] {processor.py:840} INFO - DAG(s) 'danang_flood_forecasting_etl' retrieved from /opt/airflow/dags/weather_flood_pipeline.py
[2026-03-15T17:47:02.518+0000] {logging_mixin.py:188} INFO - [2026-03-15T17:47:02.518+0000] {dag.py:3047} INFO - Sync 1 DAGs
[2026-03-15T17:47:02.534+0000] {logging_mixin.py:188} INFO - [2026-03-15T17:47:02.534+0000] {dag.py:3834} INFO - Setting next_dagrun for danang_flood_forecasting_etl to 2026-03-15 00:00:00+00:00, run_after=2026-03-16 00:00:00+00:00
[2026-03-15T17:47:02.547+0000] {processor.py:183} INFO - Processing /opt/airflow/dags/weather_flood_pipeline.py took 0.063 seconds
[2026-03-15T17:47:42.915+0000] {processor.py:161} INFO - Started process (PID=1127) to work on /opt/airflow/dags/weather_flood_pipeline.py
[2026-03-15T17:47:42.916+0000] {processor.py:830} INFO - Processing file /opt/airflow/dags/weather_flood_pipeline.py for tasks to queue
[2026-03-15T17:47:42.920+0000] {logging_mixin.py:188} INFO - [2026-03-15T17:47:42.920+0000] {dagbag.py:540} INFO - Filling up the DagBag from /opt/airflow/dags/weather_flood_pipeline.py
[2026-03-15T17:47:42.937+0000] {processor.py:840} INFO - DAG(s) 'danang_flood_forecasting_etl' retrieved from /opt/airflow/dags/weather_flood_pipeline.py
[2026-03-15T17:47:42.953+0000] {logging_mixin.py:188} INFO - [2026-03-15T17:47:42.953+0000] {dag.py:3047} INFO - Sync 1 DAGs
[2026-03-15T17:47:42.969+0000] {logging_mixin.py:188} INFO - [2026-03-15T17:47:42.969+0000] {dag.py:3834} INFO - Setting next_dagrun for danang_flood_forecasting_etl to 2026-03-15 00:00:00+00:00, run_after=2026-03-16 00:00:00+00:00
[2026-03-15T17:47:42.983+0000] {processor.py:183} INFO - Processing /opt/airflow/dags/weather_flood_pipeline.py took 0.070 seconds
[2026-03-15T17:48:13.097+0000] {processor.py:161} INFO - Started process (PID=1268) to work on /opt/airflow/dags/weather_flood_pipeline.py
[2026-03-15T17:48:13.098+0000] {processor.py:830} INFO - Processing file /opt/airflow/dags/weather_flood_pipeline.py for tasks to queue
[2026-03-15T17:48:13.101+0000] {logging_mixin.py:188} INFO - [2026-03-15T17:48:13.100+0000] {dagbag.py:540} INFO - Filling up the DagBag from /opt/airflow/dags/weather_flood_pipeline.py
[2026-03-15T17:48:13.126+0000] {processor.py:840} INFO - DAG(s) 'danang_flood_forecasting_etl' retrieved from /opt/airflow/dags/weather_flood_pipeline.py
[2026-03-15T17:48:13.153+0000] {logging_mixin.py:188} INFO - [2026-03-15T17:48:13.152+0000] {dag.py:3047} INFO - Sync 1 DAGs
[2026-03-15T17:47:24.024+0000] {logging_mixin.py:188} INFO - [2026-03-15T17:47:24.023+0000] {dag.py:3834} INFO - Setting next_dagrun for danang_flood_forecasting_etl to 2026-03-15 00:00:00+00:00, run_after=2026-03-16 00:00:00+00:00
[2026-03-15T17:47:24.052+0000] {processor.py:183} INFO - Processing /opt/airflow/dags/weather_flood_pipeline.py took 0.116 seconds
[2026-03-15T17:48:18.078+0000] {processor.py:161} INFO - Started process (PID=1310) to work on /opt/airflow/dags/weather_flood_pipeline.py
[2026-03-15T17:48:18.079+0000] {processor.py:830} INFO - Processing file /opt/airflow/dags/weather_flood_pipeline.py for tasks to queue
[2026-03-15T17:48:18.081+0000] {logging_mixin.py:188} INFO - [2026-03-15T17:48:18.081+0000] {dagbag.py:540} INFO - Filling up the DagBag from /opt/airflow/dags/weather_flood_pipeline.py
[2026-03-15T17:48:18.094+0000] {processor.py:840} INFO - DAG(s) 'danang_flood_forecasting_etl' retrieved from /opt/airflow/dags/weather_flood_pipeline.py
[2026-03-15T17:48:18.110+0000] {logging_mixin.py:188} INFO - [2026-03-15T17:48:18.110+0000] {dag.py:3047} INFO - Sync 1 DAGs
[2026-03-15T17:48:18.129+0000] {logging_mixin.py:188} INFO - [2026-03-15T17:48:18.129+0000] {dag.py:3834} INFO - Setting next_dagrun for danang_flood_forecasting_etl to 2026-03-15 00:00:00+00:00, run_after=2026-03-16 00:00:00+00:00
[2026-03-15T17:48:18.144+0000] {processor.py:183} INFO - Processing /opt/airflow/dags/weather_flood_pipeline.py took 0.069 seconds
[2026-03-15T17:49:32.497+0000] {processor.py:161} INFO - Started process (PID=1449) to work on /opt/airflow/dags/weather_flood_pipeline.py
[2026-03-15T17:49:32.497+0000] {processor.py:830} INFO - Processing file /opt/airflow/dags/weather_flood_pipeline.py for tasks to queue
[2026-03-15T17:49:32.499+0000] {logging_mixin.py:188} INFO - [2026-03-15T17:49:32.499+0000] {dagbag.py:540} INFO - Filling up the DagBag from /opt/airflow/dags/weather_flood_pipeline.py
[2026-03-15T17:49:32.511+0000] {processor.py:840} INFO - DAG(s) 'danang_flood_forecasting_etl' retrieved from /opt/airflow/dags/weather_flood_pipeline.py
[2026-03-15T17:49:32.527+0000] {logging_mixin.py:188} INFO - [2026-03-15T17:49:32.527+0000] {dag.py:3047} INFO - Sync 1 DAGs
[2026-03-15T17:49:32.543+0000] {logging_mixin.py:188} INFO - [2026-03-15T17:49:32.543+0000] {dag.py:3834} INFO - Setting next_dagrun for danang_flood_forecasting_etl to 2026-03-15 00:00:00+00:00, run_after=2026-03-16 00:00:00+00:00
[2026-03-15T17:49:32.557+0000] {processor.py:183} INFO - Processing /opt/airflow/dags/weather_flood_pipeline.py took 0.064 seconds
[2026-03-15T17:50:03.326+0000] {processor.py:161} INFO - Started process (PID=1506) to work on /opt/airflow/dags/weather_flood_pipeline.py
[2026-03-15T17:50:03.327+0000] {processor.py:830} INFO - Processing file /opt/airflow/dags/weather_flood_pipeline.py for tasks to queue
[2026-03-15T17:50:03.328+0000] {logging_mixin.py:188} INFO - [2026-03-15T17:50:03.328+0000] {dagbag.py:540} INFO - Filling up the DagBag from /opt/airflow/dags/weather_flood_pipeline.py
[2026-03-15T17:50:03.339+0000] {processor.py:840} INFO - DAG(s) 'danang_flood_forecasting_etl' retrieved from /opt/airflow/dags/weather_flood_pipeline.py
[2026-03-15T17:50:03.355+0000] {logging_mixin.py:188} INFO - [2026-03-15T17:50:03.355+0000] {dag.py:3047} INFO - Sync 1 DAGs
[2026-03-15T17:50:03.372+0000] {logging_mixin.py:188} INFO - [2026-03-15T17:50:03.372+0000] {dag.py:3834} INFO - Setting next_dagrun for danang_flood_forecasting_etl to 2026-03-15 00:00:00+00:00, run_after=2026-03-16 00:00:00+00:00
[2026-03-15T17:49:14.233+0000] {processor.py:183} INFO - Processing /opt/airflow/dags/weather_flood_pipeline.py took 0.065 seconds
[2026-03-15T17:50:08.229+0000] {processor.py:161} INFO - Started process (PID=1557) to work on /opt/airflow/dags/weather_flood_pipeline.py
[2026-03-15T17:50:08.230+0000] {processor.py:830} INFO - Processing file /opt/airflow/dags/weather_flood_pipeline.py for tasks to queue
[2026-03-15T17:50:08.231+0000] {logging_mixin.py:188} INFO - [2026-03-15T17:50:08.231+0000] {dagbag.py:540} INFO - Filling up the DagBag from /opt/airflow/dags/weather_flood_pipeline.py
[2026-03-15T17:50:08.242+0000] {processor.py:840} INFO - DAG(s) 'danang_flood_forecasting_etl' retrieved from /opt/airflow/dags/weather_flood_pipeline.py
[2026-03-15T17:50:08.257+0000] {logging_mixin.py:188} INFO - [2026-03-15T17:50:08.257+0000] {dag.py:3047} INFO - Sync 1 DAGs
[2026-03-15T17:50:08.273+0000] {logging_mixin.py:188} INFO - [2026-03-15T17:50:08.273+0000] {dag.py:3834} INFO - Setting next_dagrun for danang_flood_forecasting_etl to 2026-03-15 00:00:00+00:00, run_after=2026-03-16 00:00:00+00:00
[2026-03-15T17:50:08.287+0000] {processor.py:183} INFO - Processing /opt/airflow/dags/weather_flood_pipeline.py took 0.061 seconds
[2026-03-15T17:49:57.196+0000] {processor.py:161} INFO - Started process (PID=50) to work on /opt/airflow/dags/weather_flood_pipeline.py
[2026-03-15T17:49:57.199+0000] {processor.py:830} INFO - Processing file /opt/airflow/dags/weather_flood_pipeline.py for tasks to queue
[2026-03-15T17:49:57.203+0000] {logging_mixin.py:188} INFO - [2026-03-15T17:49:57.203+0000] {dagbag.py:540} INFO - Filling up the DagBag from /opt/airflow/dags/weather_flood_pipeline.py
[2026-03-15T17:49:57.235+0000] {processor.py:840} INFO - DAG(s) 'danang_flood_forecasting_etl' retrieved from /opt/airflow/dags/weather_flood_pipeline.py
[2026-03-15T17:49:57.428+0000] {logging_mixin.py:188} INFO - [2026-03-15T17:49:57.428+0000] {dag.py:3047} INFO - Sync 1 DAGs
[2026-03-15T17:49:57.447+0000] {logging_mixin.py:188} INFO - [2026-03-15T17:49:57.446+0000] {dag.py:3834} INFO - Setting next_dagrun for danang_flood_forecasting_etl to 2026-03-15 00:00:00+00:00, run_after=2026-03-16 00:00:00+00:00
[2026-03-15T17:49:57.468+0000] {processor.py:183} INFO - Processing /opt/airflow/dags/weather_flood_pipeline.py took 0.277 seconds
[2026-03-15T17:51:02.660+0000] {processor.py:161} INFO - Started process (PID=106) to work on /opt/airflow/dags/weather_flood_pipeline.py
[2026-03-15T17:51:02.661+0000] {processor.py:830} INFO - Processing file /opt/airflow/dags/weather_flood_pipeline.py for tasks to queue
[2026-03-15T17:51:02.663+0000] {logging_mixin.py:188} INFO - [2026-03-15T17:51:02.663+0000] {dagbag.py:540} INFO - Filling up the DagBag from /opt/airflow/dags/weather_flood_pipeline.py
[2026-03-15T17:51:02.687+0000] {processor.py:840} INFO - DAG(s) 'danang_flood_forecasting_etl' retrieved from /opt/airflow/dags/weather_flood_pipeline.py
[2026-03-15T17:51:02.705+0000] {logging_mixin.py:188} INFO - [2026-03-15T17:51:02.705+0000] {dag.py:3047} INFO - Sync 1 DAGs
[2026-03-15T17:50:13.568+0000] {logging_mixin.py:188} INFO - [2026-03-15T17:50:13.568+0000] {dag.py:3834} INFO - Setting next_dagrun for danang_flood_forecasting_etl to 2026-03-15 00:00:00+00:00, run_after=2026-03-16 00:00:00+00:00
[2026-03-15T17:50:13.587+0000] {processor.py:183} INFO - Processing /opt/airflow/dags/weather_flood_pipeline.py took 0.085 seconds
[2026-03-15T17:51:08.280+0000] {processor.py:161} INFO - Started process (PID=154) to work on /opt/airflow/dags/weather_flood_pipeline.py
[2026-03-15T17:51:08.281+0000] {processor.py:830} INFO - Processing file /opt/airflow/dags/weather_flood_pipeline.py for tasks to queue
[2026-03-15T17:51:08.282+0000] {logging_mixin.py:188} INFO - [2026-03-15T17:51:08.282+0000] {dagbag.py:540} INFO - Filling up the DagBag from /opt/airflow/dags/weather_flood_pipeline.py
[2026-03-15T17:51:08.298+0000] {processor.py:840} INFO - DAG(s) 'danang_flood_forecasting_etl' retrieved from /opt/airflow/dags/weather_flood_pipeline.py
[2026-03-15T17:51:08.314+0000] {logging_mixin.py:188} INFO - [2026-03-15T17:51:08.314+0000] {dag.py:3047} INFO - Sync 1 DAGs
[2026-03-15T17:51:08.333+0000] {logging_mixin.py:188} INFO - [2026-03-15T17:51:08.332+0000] {dag.py:3834} INFO - Setting next_dagrun for danang_flood_forecasting_etl to 2026-03-15 00:00:00+00:00, run_after=2026-03-16 00:00:00+00:00
[2026-03-15T17:51:08.350+0000] {processor.py:183} INFO - Processing /opt/airflow/dags/weather_flood_pipeline.py took 0.073 seconds
[2026-03-15T17:52:23.586+0000] {processor.py:161} INFO - Started process (PID=395) to work on /opt/airflow/dags/weather_flood_pipeline.py
[2026-03-15T17:52:23.588+0000] {processor.py:830} INFO - Processing file /opt/airflow/dags/weather_flood_pipeline.py for tasks to queue
[2026-03-15T17:52:23.594+0000] {logging_mixin.py:188} INFO - [2026-03-15T17:52:23.593+0000] {dagbag.py:540} INFO - Filling up the DagBag from /opt/airflow/dags/weather_flood_pipeline.py
[2026-03-15T17:51:34.439+0000] {processor.py:840} INFO - DAG(s) 'danang_flood_forecasting_etl' retrieved from /opt/airflow/dags/weather_flood_pipeline.py
[2026-03-15T17:51:34.459+0000] {logging_mixin.py:188} INFO - [2026-03-15T17:51:34.459+0000] {dag.py:3047} INFO - Sync 1 DAGs
[2026-03-15T17:51:34.478+0000] {logging_mixin.py:188} INFO - [2026-03-15T17:51:34.477+0000] {dag.py:3834} INFO - Setting next_dagrun for danang_flood_forecasting_etl to 2026-03-15 00:00:00+00:00, run_after=2026-03-16 00:00:00+00:00
[2026-03-15T17:51:34.497+0000] {processor.py:183} INFO - Processing /opt/airflow/dags/weather_flood_pipeline.py took 0.101 seconds
[2026-03-15T17:52:28.460+0000] {processor.py:161} INFO - Started process (PID=445) to work on /opt/airflow/dags/weather_flood_pipeline.py
[2026-03-15T17:52:28.461+0000] {processor.py:830} INFO - Processing file /opt/airflow/dags/weather_flood_pipeline.py for tasks to queue
[2026-03-15T17:52:28.463+0000] {logging_mixin.py:188} INFO - [2026-03-15T17:52:28.463+0000] {dagbag.py:540} INFO - Filling up the DagBag from /opt/airflow/dags/weather_flood_pipeline.py
[2026-03-15T17:52:28.475+0000] {processor.py:840} INFO - DAG(s) 'danang_flood_forecasting_etl' retrieved from /opt/airflow/dags/weather_flood_pipeline.py
[2026-03-15T17:52:28.492+0000] {logging_mixin.py:188} INFO - [2026-03-15T17:52:28.492+0000] {dag.py:3047} INFO - Sync 1 DAGs
[2026-03-15T17:52:28.508+0000] {logging_mixin.py:188} INFO - [2026-03-15T17:52:28.508+0000] {dag.py:3834} INFO - Setting next_dagrun for danang_flood_forecasting_etl to 2026-03-15 00:00:00+00:00, run_after=2026-03-16 00:00:00+00:00
[2026-03-15T17:52:28.522+0000] {processor.py:183} INFO - Processing /opt/airflow/dags/weather_flood_pipeline.py took 0.064 seconds
[2026-03-15T17:53:02.334+0000] {processor.py:161} INFO - Started process (PID=549) to work on /opt/airflow/dags/weather_flood_pipeline.py
[2026-03-15T17:53:02.334+0000] {processor.py:830} INFO - Processing file /opt/airflow/dags/weather_flood_pipeline.py for tasks to queue
[2026-03-15T17:53:02.336+0000] {logging_mixin.py:188} INFO - [2026-03-15T17:53:02.336+0000] {dagbag.py:540} INFO - Filling up the DagBag from /opt/airflow/dags/weather_flood_pipeline.py
[2026-03-15T17:53:02.347+0000] {processor.py:840} INFO - DAG(s) 'danang_flood_forecasting_etl' retrieved from /opt/airflow/dags/weather_flood_pipeline.py
[2026-03-15T17:53:02.361+0000] {logging_mixin.py:188} INFO - [2026-03-15T17:53:02.361+0000] {dag.py:3047} INFO - Sync 1 DAGs
[2026-03-15T17:53:02.377+0000] {logging_mixin.py:188} INFO - [2026-03-15T17:53:02.377+0000] {dag.py:3834} INFO - Setting next_dagrun for danang_flood_forecasting_etl to 2026-03-15 00:00:00+00:00, run_after=2026-03-16 00:00:00+00:00
[2026-03-15T17:53:02.391+0000] {processor.py:183} INFO - Processing /opt/airflow/dags/weather_flood_pipeline.py took 0.060 seconds
[2026-03-15T17:53:14.685+0000] {processor.py:161} INFO - Started process (PID=746) to work on /opt/airflow/dags/weather_flood_pipeline.py
[2026-03-15T17:53:14.686+0000] {processor.py:830} INFO - Processing file /opt/airflow/dags/weather_flood_pipeline.py for tasks to queue
[2026-03-15T17:53:14.688+0000] {logging_mixin.py:188} INFO - [2026-03-15T17:53:14.688+0000] {dagbag.py:540} INFO - Filling up the DagBag from /opt/airflow/dags/weather_flood_pipeline.py
[2026-03-15T17:53:14.702+0000] {processor.py:840} INFO - DAG(s) 'danang_flood_forecasting_etl' retrieved from /opt/airflow/dags/weather_flood_pipeline.py
[2026-03-15T17:53:14.718+0000] {logging_mixin.py:188} INFO - [2026-03-15T17:53:14.718+0000] {dag.py:3047} INFO - Sync 1 DAGs
[2026-03-15T17:53:14.735+0000] {logging_mixin.py:188} INFO - [2026-03-15T17:53:14.735+0000] {dag.py:3834} INFO - Setting next_dagrun for danang_flood_forecasting_etl to 2026-03-15 00:00:00+00:00, run_after=2026-03-16 00:00:00+00:00
[2026-03-15T17:53:14.753+0000] {processor.py:183} INFO - Processing /opt/airflow/dags/weather_flood_pipeline.py took 0.071 seconds
[2026-03-15T17:53:45.697+0000] {processor.py:161} INFO - Started process (PID=795) to work on /opt/airflow/dags/weather_flood_pipeline.py
[2026-03-15T17:53:45.699+0000] {processor.py:830} INFO - Processing file /opt/airflow/dags/weather_flood_pipeline.py for tasks to queue
[2026-03-15T17:53:45.701+0000] {logging_mixin.py:188} INFO - [2026-03-15T17:53:45.701+0000] {dagbag.py:540} INFO - Filling up the DagBag from /opt/airflow/dags/weather_flood_pipeline.py
[2026-03-15T17:53:45.711+0000] {processor.py:840} INFO - DAG(s) 'danang_flood_forecasting_etl' retrieved from /opt/airflow/dags/weather_flood_pipeline.py
[2026-03-15T17:53:45.727+0000] {logging_mixin.py:188} INFO - [2026-03-15T17:53:45.727+0000] {dag.py:3047} INFO - Sync 1 DAGs
[2026-03-15T17:53:45.742+0000] {logging_mixin.py:188} INFO - [2026-03-15T17:53:45.742+0000] {dag.py:3834} INFO - Setting next_dagrun for danang_flood_forecasting_etl to 2026-03-15 00:00:00+00:00, run_after=2026-03-16 00:00:00+00:00
[2026-03-15T17:53:45.756+0000] {processor.py:183} INFO - Processing /opt/airflow/dags/weather_flood_pipeline.py took 0.061 seconds
[2026-03-15T17:54:15.815+0000] {processor.py:161} INFO - Started process (PID=845) to work on /opt/airflow/dags/weather_flood_pipeline.py
[2026-03-15T17:54:15.816+0000] {processor.py:830} INFO - Processing file /opt/airflow/dags/weather_flood_pipeline.py for tasks to queue
[2026-03-15T17:54:15.818+0000] {logging_mixin.py:188} INFO - [2026-03-15T17:54:15.818+0000] {dagbag.py:540} INFO - Filling up the DagBag from /opt/airflow/dags/weather_flood_pipeline.py
[2026-03-15T17:54:15.829+0000] {processor.py:840} INFO - DAG(s) 'danang_flood_forecasting_etl' retrieved from /opt/airflow/dags/weather_flood_pipeline.py
[2026-03-15T17:54:15.844+0000] {logging_mixin.py:188} INFO - [2026-03-15T17:54:15.843+0000] {dag.py:3047} INFO - Sync 1 DAGs
[2026-03-15T17:54:15.859+0000] {logging_mixin.py:188} INFO - [2026-03-15T17:54:15.859+0000] {dag.py:3834} INFO - Setting next_dagrun for danang_flood_forecasting_etl to 2026-03-15 00:00:00+00:00, run_after=2026-03-16 00:00:00+00:00
[2026-03-15T17:54:15.872+0000] {processor.py:183} INFO - Processing /opt/airflow/dags/weather_flood_pipeline.py took 0.060 seconds
[2026-03-15T17:55:05.246+0000] {processor.py:161} INFO - Started process (PID=850) to work on /opt/airflow/dags/weather_flood_pipeline.py
[2026-03-15T17:55:05.247+0000] {processor.py:830} INFO - Processing file /opt/airflow/dags/weather_flood_pipeline.py for tasks to queue
[2026-03-15T17:55:05.249+0000] {logging_mixin.py:188} INFO - [2026-03-15T17:55:05.249+0000] {dagbag.py:540} INFO - Filling up the DagBag from /opt/airflow/dags/weather_flood_pipeline.py
[2026-03-15T17:55:05.261+0000] {processor.py:840} INFO - DAG(s) 'danang_flood_forecasting_etl' retrieved from /opt/airflow/dags/weather_flood_pipeline.py
[2026-03-15T17:55:05.277+0000] {logging_mixin.py:188} INFO - [2026-03-15T17:55:05.276+0000] {dag.py:3047} INFO - Sync 1 DAGs
[2026-03-15T17:55:05.291+0000] {logging_mixin.py:188} INFO - [2026-03-15T17:55:05.291+0000] {dag.py:3834} INFO - Setting next_dagrun for danang_flood_forecasting_etl to 2026-03-15 00:00:00+00:00, run_after=2026-03-16 00:00:00+00:00
[2026-03-15T17:55:05.306+0000] {processor.py:183} INFO - Processing /opt/airflow/dags/weather_flood_pipeline.py took 0.062 seconds
[2026-03-15T17:55:45.296+0000] {processor.py:161} INFO - Started process (PID=991) to work on /opt/airflow/dags/weather_flood_pipeline.py
[2026-03-15T17:55:45.297+0000] {processor.py:830} INFO - Processing file /opt/airflow/dags/weather_flood_pipeline.py for tasks to queue
[2026-03-15T17:55:45.299+0000] {logging_mixin.py:188} INFO - [2026-03-15T17:55:45.299+0000] {dagbag.py:540} INFO - Filling up the DagBag from /opt/airflow/dags/weather_flood_pipeline.py
[2026-03-15T17:55:45.318+0000] {processor.py:840} INFO - DAG(s) 'danang_flood_forecasting_etl' retrieved from /opt/airflow/dags/weather_flood_pipeline.py
[2026-03-15T17:55:45.346+0000] {logging_mixin.py:188} INFO - [2026-03-15T17:55:45.345+0000] {dag.py:3047} INFO - Sync 1 DAGs
[2026-03-15T17:55:45.375+0000] {logging_mixin.py:188} INFO - [2026-03-15T17:55:45.374+0000] {dag.py:3834} INFO - Setting next_dagrun for danang_flood_forecasting_etl to 2026-03-15 00:00:00+00:00, run_after=2026-03-16 00:00:00+00:00
[2026-03-15T17:55:45.403+0000] {processor.py:183} INFO - Processing /opt/airflow/dags/weather_flood_pipeline.py took 0.109 seconds
[2026-03-15T17:56:40.519+0000] {processor.py:161} INFO - Started process (PID=1231) to work on /opt/airflow/dags/weather_flood_pipeline.py
[2026-03-15T17:56:40.521+0000] {processor.py:830} INFO - Processing file /opt/airflow/dags/weather_flood_pipeline.py for tasks to queue
[2026-03-15T17:56:40.523+0000] {logging_mixin.py:188} INFO - [2026-03-15T17:56:40.522+0000] {dagbag.py:540} INFO - Filling up the DagBag from /opt/airflow/dags/weather_flood_pipeline.py
[2026-03-15T17:56:40.537+0000] {processor.py:840} INFO - DAG(s) 'danang_flood_forecasting_etl' retrieved from /opt/airflow/dags/weather_flood_pipeline.py
[2026-03-15T17:56:40.555+0000] {logging_mixin.py:188} INFO - [2026-03-15T17:56:40.555+0000] {dag.py:3047} INFO - Sync 1 DAGs
[2026-03-15T17:56:40.572+0000] {logging_mixin.py:188} INFO - [2026-03-15T17:56:40.572+0000] {dag.py:3834} INFO - Setting next_dagrun for danang_flood_forecasting_etl to 2026-03-15 00:00:00+00:00, run_after=2026-03-16 00:00:00+00:00
[2026-03-15T17:56:40.588+0000] {processor.py:183} INFO - Processing /opt/airflow/dags/weather_flood_pipeline.py took 0.072 seconds
[2026-03-15T17:57:32.297+0000] {processor.py:161} INFO - Started process (PID=1385) to work on /opt/airflow/dags/weather_flood_pipeline.py
[2026-03-15T17:57:32.298+0000] {processor.py:830} INFO - Processing file /opt/airflow/dags/weather_flood_pipeline.py for tasks to queue
[2026-03-15T17:57:32.299+0000] {logging_mixin.py:188} INFO - [2026-03-15T17:57:32.299+0000] {dagbag.py:540} INFO - Filling up the DagBag from /opt/airflow/dags/weather_flood_pipeline.py
[2026-03-15T17:57:32.311+0000] {processor.py:840} INFO - DAG(s) 'danang_flood_forecasting_etl' retrieved from /opt/airflow/dags/weather_flood_pipeline.py
[2026-03-15T17:57:32.327+0000] {logging_mixin.py:188} INFO - [2026-03-15T17:57:32.326+0000] {dag.py:3047} INFO - Sync 1 DAGs
[2026-03-15T17:57:32.342+0000] {logging_mixin.py:188} INFO - [2026-03-15T17:57:32.342+0000] {dag.py:3834} INFO - Setting next_dagrun for danang_flood_forecasting_etl to 2026-03-15 00:00:00+00:00, run_after=2026-03-16 00:00:00+00:00
[2026-03-15T17:57:32.358+0000] {processor.py:183} INFO - Processing /opt/airflow/dags/weather_flood_pipeline.py took 0.063 seconds
[2026-03-15T17:58:10.555+0000] {processor.py:161} INFO - Started process (PID=1537) to work on /opt/airflow/dags/weather_flood_pipeline.py
[2026-03-15T17:58:10.555+0000] {processor.py:830} INFO - Processing file /opt/airflow/dags/weather_flood_pipeline.py for tasks to queue
[2026-03-15T17:58:10.557+0000] {logging_mixin.py:188} INFO - [2026-03-15T17:58:10.557+0000] {dagbag.py:540} INFO - Filling up the DagBag from /opt/airflow/dags/weather_flood_pipeline.py
[2026-03-15T17:58:10.570+0000] {processor.py:840} INFO - DAG(s) 'danang_flood_forecasting_etl' retrieved from /opt/airflow/dags/weather_flood_pipeline.py
[2026-03-15T17:58:10.589+0000] {logging_mixin.py:188} INFO - [2026-03-15T17:58:10.588+0000] {dag.py:3047} INFO - Sync 1 DAGs
[2026-03-15T17:58:10.608+0000] {logging_mixin.py:188} INFO - [2026-03-15T17:58:10.607+0000] {dag.py:3834} INFO - Setting next_dagrun for danang_flood_forecasting_etl to 2026-03-15 00:00:00+00:00, run_after=2026-03-16 00:00:00+00:00
[2026-03-15T17:58:10.630+0000] {processor.py:183} INFO - Processing /opt/airflow/dags/weather_flood_pipeline.py took 0.078 seconds
[2026-03-15T17:59:00.619+0000] {processor.py:161} INFO - Started process (PID=1688) to work on /opt/airflow/dags/weather_flood_pipeline.py
[2026-03-15T17:59:00.620+0000] {processor.py:830} INFO - Processing file /opt/airflow/dags/weather_flood_pipeline.py for tasks to queue
[2026-03-15T17:59:00.623+0000] {logging_mixin.py:188} INFO - [2026-03-15T17:59:00.622+0000] {dagbag.py:540} INFO - Filling up the DagBag from /opt/airflow/dags/weather_flood_pipeline.py
[2026-03-15T17:59:00.635+0000] {processor.py:840} INFO - DAG(s) 'danang_flood_forecasting_etl' retrieved from /opt/airflow/dags/weather_flood_pipeline.py
[2026-03-15T17:59:00.652+0000] {logging_mixin.py:188} INFO - [2026-03-15T17:59:00.652+0000] {dag.py:3047} INFO - Sync 1 DAGs
[2026-03-15T17:59:00.667+0000] {logging_mixin.py:188} INFO - [2026-03-15T17:59:00.667+0000] {dag.py:3834} INFO - Setting next_dagrun for danang_flood_forecasting_etl to 2026-03-15 00:00:00+00:00, run_after=2026-03-16 00:00:00+00:00
[2026-03-15T17:59:00.680+0000] {processor.py:183} INFO - Processing /opt/airflow/dags/weather_flood_pipeline.py took 0.064 seconds
[2026-03-15T17:59:32.301+0000] {processor.py:161} INFO - Started process (PID=1897) to work on /opt/airflow/dags/weather_flood_pipeline.py
[2026-03-15T17:59:32.302+0000] {processor.py:830} INFO - Processing file /opt/airflow/dags/weather_flood_pipeline.py for tasks to queue
[2026-03-15T17:59:32.304+0000] {logging_mixin.py:188} INFO - [2026-03-15T17:59:32.304+0000] {dagbag.py:540} INFO - Filling up the DagBag from /opt/airflow/dags/weather_flood_pipeline.py
[2026-03-15T17:59:32.315+0000] {processor.py:840} INFO - DAG(s) 'danang_flood_forecasting_etl' retrieved from /opt/airflow/dags/weather_flood_pipeline.py
[2026-03-15T17:59:32.331+0000] {logging_mixin.py:188} INFO - [2026-03-15T17:59:32.331+0000] {dag.py:3047} INFO - Sync 1 DAGs
[2026-03-15T17:59:32.348+0000] {logging_mixin.py:188} INFO - [2026-03-15T17:59:32.348+0000] {dag.py:3834} INFO - Setting next_dagrun for danang_flood_forecasting_etl to 2026-03-15 00:00:00+00:00, run_after=2026-03-16 00:00:00+00:00
[2026-03-15T17:59:32.361+0000] {processor.py:183} INFO - Processing /opt/airflow/dags/weather_flood_pipeline.py took 0.063 seconds
[2026-03-15T18:00:03.201+0000] {processor.py:161} INFO - Started process (PID=2029) to work on /opt/airflow/dags/weather_flood_pipeline.py
[2026-03-15T18:00:03.202+0000] {processor.py:830} INFO - Processing file /opt/airflow/dags/weather_flood_pipeline.py for tasks to queue
[2026-03-15T18:00:03.203+0000] {logging_mixin.py:188} INFO - [2026-03-15T18:00:03.203+0000] {dagbag.py:540} INFO - Filling up the DagBag from /opt/airflow/dags/weather_flood_pipeline.py
[2026-03-15T18:00:03.214+0000] {processor.py:840} INFO - DAG(s) 'danang_flood_forecasting_etl' retrieved from /opt/airflow/dags/weather_flood_pipeline.py
[2026-03-15T18:00:03.233+0000] {logging_mixin.py:188} INFO - [2026-03-15T18:00:03.233+0000] {dag.py:3047} INFO - Sync 1 DAGs
[2026-03-15T18:00:03.252+0000] {logging_mixin.py:188} INFO - [2026-03-15T18:00:03.251+0000] {dag.py:3834} INFO - Setting next_dagrun for danang_flood_forecasting_etl to 2026-03-15 00:00:00+00:00, run_after=2026-03-16 00:00:00+00:00
[2026-03-15T18:00:03.265+0000] {processor.py:183} INFO - Processing /opt/airflow/dags/weather_flood_pipeline.py took 0.067 seconds
[2026-03-15T18:00:55.807+0000] {processor.py:161} INFO - Started process (PID=2038) to work on /opt/airflow/dags/weather_flood_pipeline.py
[2026-03-15T18:00:55.808+0000] {processor.py:830} INFO - Processing file /opt/airflow/dags/weather_flood_pipeline.py for tasks to queue
[2026-03-15T18:00:55.810+0000] {logging_mixin.py:188} INFO - [2026-03-15T18:00:55.809+0000] {dagbag.py:540} INFO - Filling up the DagBag from /opt/airflow/dags/weather_flood_pipeline.py
[2026-03-15T18:00:55.822+0000] {processor.py:840} INFO - DAG(s) 'danang_flood_forecasting_etl' retrieved from /opt/airflow/dags/weather_flood_pipeline.py
[2026-03-15T18:00:55.837+0000] {logging_mixin.py:188} INFO - [2026-03-15T18:00:55.836+0000] {dag.py:3047} INFO - Sync 1 DAGs
[2026-03-15T18:00:55.852+0000] {logging_mixin.py:188} INFO - [2026-03-15T18:00:55.852+0000] {dag.py:3834} INFO - Setting next_dagrun for danang_flood_forecasting_etl to 2026-03-15 00:00:00+00:00, run_after=2026-03-16 00:00:00+00:00
[2026-03-15T18:00:55.864+0000] {processor.py:183} INFO - Processing /opt/airflow/dags/weather_flood_pipeline.py took 0.059 seconds
[2026-03-15T18:01:32.275+0000] {processor.py:161} INFO - Started process (PID=2150) to work on /opt/airflow/dags/weather_flood_pipeline.py
[2026-03-15T18:01:32.276+0000] {processor.py:830} INFO - Processing file /opt/airflow/dags/weather_flood_pipeline.py for tasks to queue
[2026-03-15T18:01:32.278+0000] {logging_mixin.py:188} INFO - [2026-03-15T18:01:32.278+0000] {dagbag.py:540} INFO - Filling up the DagBag from /opt/airflow/dags/weather_flood_pipeline.py
[2026-03-15T18:01:32.296+0000] {processor.py:840} INFO - DAG(s) 'danang_flood_forecasting_etl' retrieved from /opt/airflow/dags/weather_flood_pipeline.py
[2026-03-15T18:01:32.312+0000] {logging_mixin.py:188} INFO - [2026-03-15T18:01:32.312+0000] {dag.py:3047} INFO - Sync 1 DAGs
[2026-03-15T18:01:32.328+0000] {logging_mixin.py:188} INFO - [2026-03-15T18:01:32.328+0000] {dag.py:3834} INFO - Setting next_dagrun for danang_flood_forecasting_etl to 2026-03-15 00:00:00+00:00, run_after=2026-03-16 00:00:00+00:00
[2026-03-15T18:01:32.345+0000] {processor.py:183} INFO - Processing /opt/airflow/dags/weather_flood_pipeline.py took 0.073 seconds
[2026-03-15T18:02:36.044+0000] {processor.py:161} INFO - Started process (PID=2296) to work on /opt/airflow/dags/weather_flood_pipeline.py
[2026-03-15T18:02:36.045+0000] {processor.py:830} INFO - Processing file /opt/airflow/dags/weather_flood_pipeline.py for tasks to queue
[2026-03-15T18:02:36.046+0000] {logging_mixin.py:188} INFO - [2026-03-15T18:02:36.046+0000] {dagbag.py:540} INFO - Filling up the DagBag from /opt/airflow/dags/weather_flood_pipeline.py
[2026-03-15T18:02:36.060+0000] {processor.py:840} INFO - DAG(s) 'danang_flood_forecasting_etl' retrieved from /opt/airflow/dags/weather_flood_pipeline.py
[2026-03-15T18:02:36.075+0000] {logging_mixin.py:188} INFO - [2026-03-15T18:02:36.075+0000] {dag.py:3047} INFO - Sync 1 DAGs
[2026-03-15T18:02:36.091+0000] {logging_mixin.py:188} INFO - [2026-03-15T18:02:36.091+0000] {dag.py:3834} INFO - Setting next_dagrun for danang_flood_forecasting_etl to 2026-03-15 00:00:00+00:00, run_after=2026-03-16 00:00:00+00:00
[2026-03-15T18:02:36.105+0000] {processor.py:183} INFO - Processing /opt/airflow/dags/weather_flood_pipeline.py took 0.064 seconds
[2026-03-15T18:03:06.836+0000] {processor.py:161} INFO - Started process (PID=2452) to work on /opt/airflow/dags/weather_flood_pipeline.py
[2026-03-15T18:03:06.837+0000] {processor.py:830} INFO - Processing file /opt/airflow/dags/weather_flood_pipeline.py for tasks to queue
[2026-03-15T18:03:06.840+0000] {logging_mixin.py:188} INFO - [2026-03-15T18:03:06.840+0000] {dagbag.py:540} INFO - Filling up the DagBag from /opt/airflow/dags/weather_flood_pipeline.py
[2026-03-15T18:03:06.853+0000] {processor.py:840} INFO - DAG(s) 'danang_flood_forecasting_etl' retrieved from /opt/airflow/dags/weather_flood_pipeline.py
[2026-03-15T18:03:06.874+0000] {logging_mixin.py:188} INFO - [2026-03-15T18:03:06.874+0000] {dag.py:3047} INFO - Sync 1 DAGs
[2026-03-15T18:03:06.893+0000] {logging_mixin.py:188} INFO - [2026-03-15T18:03:06.893+0000] {dag.py:3834} INFO - Setting next_dagrun for danang_flood_forecasting_etl to 2026-03-15 00:00:00+00:00, run_after=2026-03-16 00:00:00+00:00
[2026-03-15T18:03:06.907+0000] {processor.py:183} INFO - Processing /opt/airflow/dags/weather_flood_pipeline.py took 0.074 seconds
[2026-03-15T18:03:17.161+0000] {processor.py:161} INFO - Started process (PID=2500) to work on /opt/airflow/dags/weather_flood_pipeline.py
[2026-03-15T18:03:17.162+0000] {processor.py:830} INFO - Processing file /opt/airflow/dags/weather_flood_pipeline.py for tasks to queue
[2026-03-15T18:03:17.164+0000] {logging_mixin.py:188} INFO - [2026-03-15T18:03:17.164+0000] {dagbag.py:540} INFO - Filling up the DagBag from /opt/airflow/dags/weather_flood_pipeline.py
[2026-03-15T18:03:17.189+0000] {processor.py:840} INFO - DAG(s) 'danang_flood_forecasting_etl' retrieved from /opt/airflow/dags/weather_flood_pipeline.py
[2026-03-15T18:03:17.204+0000] {logging_mixin.py:188} INFO - [2026-03-15T18:03:17.204+0000] {dag.py:3047} INFO - Sync 1 DAGs
[2026-03-15T18:03:17.221+0000] {logging_mixin.py:188} INFO - [2026-03-15T18:03:17.220+0000] {dag.py:3834} INFO - Setting next_dagrun for danang_flood_forecasting_etl to 2026-03-15 00:00:00+00:00, run_after=2026-03-16 00:00:00+00:00
[2026-03-15T18:03:17.235+0000] {processor.py:183} INFO - Processing /opt/airflow/dags/weather_flood_pipeline.py took 0.078 seconds
[2026-03-15T18:04:11.281+0000] {processor.py:161} INFO - Started process (PID=2544) to work on /opt/airflow/dags/weather_flood_pipeline.py
[2026-03-15T18:04:11.282+0000] {processor.py:830} INFO - Processing file /opt/airflow/dags/weather_flood_pipeline.py for tasks to queue
[2026-03-15T18:04:11.283+0000] {logging_mixin.py:188} INFO - [2026-03-15T18:04:11.283+0000] {dagbag.py:540} INFO - Filling up the DagBag from /opt/airflow/dags/weather_flood_pipeline.py
[2026-03-15T18:04:11.299+0000] {processor.py:840} INFO - DAG(s) 'danang_flood_forecasting_etl' retrieved from /opt/airflow/dags/weather_flood_pipeline.py
[2026-03-15T18:04:11.315+0000] {logging_mixin.py:188} INFO - [2026-03-15T18:04:11.314+0000] {dag.py:3047} INFO - Sync 1 DAGs
[2026-03-15T18:04:11.330+0000] {logging_mixin.py:188} INFO - [2026-03-15T18:04:11.330+0000] {dag.py:3834} INFO - Setting next_dagrun for danang_flood_forecasting_etl to 2026-03-15 00:00:00+00:00, run_after=2026-03-16 00:00:00+00:00
[2026-03-15T18:03:22.153+0000] {processor.py:183} INFO - Processing /opt/airflow/dags/weather_flood_pipeline.py took 0.066 seconds
[2026-03-15T18:03:43.371+0000] {processor.py:161} INFO - Started process (PID=2595) to work on /opt/airflow/dags/weather_flood_pipeline.py
[2026-03-15T18:03:43.373+0000] {processor.py:830} INFO - Processing file /opt/airflow/dags/weather_flood_pipeline.py for tasks to queue
[2026-03-15T18:03:43.375+0000] {logging_mixin.py:188} INFO - [2026-03-15T18:03:43.374+0000] {dagbag.py:540} INFO - Filling up the DagBag from /opt/airflow/dags/weather_flood_pipeline.py
[2026-03-15T18:03:43.390+0000] {processor.py:840} INFO - DAG(s) 'danang_flood_forecasting_etl' retrieved from /opt/airflow/dags/weather_flood_pipeline.py
[2026-03-15T18:03:43.411+0000] {logging_mixin.py:188} INFO - [2026-03-15T18:03:43.411+0000] {dag.py:3047} INFO - Sync 1 DAGs
[2026-03-15T18:03:43.429+0000] {logging_mixin.py:188} INFO - [2026-03-15T18:03:43.429+0000] {dag.py:3834} INFO - Setting next_dagrun for danang_flood_forecasting_etl to 2026-03-15 00:00:00+00:00, run_after=2026-03-16 00:00:00+00:00
[2026-03-15T18:03:43.442+0000] {processor.py:183} INFO - Processing /opt/airflow/dags/weather_flood_pipeline.py took 0.074 seconds
[2026-03-15T18:04:13.593+0000] {processor.py:161} INFO - Started process (PID=2646) to work on /opt/airflow/dags/weather_flood_pipeline.py
[2026-03-15T18:04:13.594+0000] {processor.py:830} INFO - Processing file /opt/airflow/dags/weather_flood_pipeline.py for tasks to queue
[2026-03-15T18:04:13.596+0000] {logging_mixin.py:188} INFO - [2026-03-15T18:04:13.595+0000] {dagbag.py:540} INFO - Filling up the DagBag from /opt/airflow/dags/weather_flood_pipeline.py
[2026-03-15T18:04:13.606+0000] {processor.py:840} INFO - DAG(s) 'danang_flood_forecasting_etl' retrieved from /opt/airflow/dags/weather_flood_pipeline.py
[2026-03-15T18:04:13.621+0000] {logging_mixin.py:188} INFO - [2026-03-15T18:04:13.621+0000] {dag.py:3047} INFO - Sync 1 DAGs
[2026-03-15T18:04:13.636+0000] {logging_mixin.py:188} INFO - [2026-03-15T18:04:13.636+0000] {dag.py:3834} INFO - Setting next_dagrun for danang_flood_forecasting_etl to 2026-03-15 00:00:00+00:00, run_after=2026-03-16 00:00:00+00:00
[2026-03-15T18:04:13.648+0000] {processor.py:183} INFO - Processing /opt/airflow/dags/weather_flood_pipeline.py took 0.058 seconds
[2026-03-15T18:05:06.284+0000] {processor.py:161} INFO - Started process (PID=2691) to work on /opt/airflow/dags/weather_flood_pipeline.py
[2026-03-15T18:05:06.285+0000] {processor.py:830} INFO - Processing file /opt/airflow/dags/weather_flood_pipeline.py for tasks to queue
[2026-03-15T18:05:06.286+0000] {logging_mixin.py:188} INFO - [2026-03-15T18:05:06.286+0000] {dagbag.py:540} INFO - Filling up the DagBag from /opt/airflow/dags/weather_flood_pipeline.py
[2026-03-15T18:05:06.299+0000] {processor.py:840} INFO - DAG(s) 'danang_flood_forecasting_etl' retrieved from /opt/airflow/dags/weather_flood_pipeline.py
[2026-03-15T18:05:06.316+0000] {logging_mixin.py:188} INFO - [2026-03-15T18:05:06.316+0000] {dag.py:3047} INFO - Sync 1 DAGs
[2026-03-15T18:05:06.334+0000] {logging_mixin.py:188} INFO - [2026-03-15T18:05:06.333+0000] {dag.py:3834} INFO - Setting next_dagrun for danang_flood_forecasting_etl to 2026-03-15 00:00:00+00:00, run_after=2026-03-16 00:00:00+00:00
[2026-03-15T18:05:06.348+0000] {processor.py:183} INFO - Processing /opt/airflow/dags/weather_flood_pipeline.py took 0.067 seconds
[2026-03-15T18:06:02.308+0000] {processor.py:161} INFO - Started process (PID=2880) to work on /opt/airflow/dags/weather_flood_pipeline.py
[2026-03-15T18:06:02.309+0000] {processor.py:830} INFO - Processing file /opt/airflow/dags/weather_flood_pipeline.py for tasks to queue
[2026-03-15T18:06:02.311+0000] {logging_mixin.py:188} INFO - [2026-03-15T18:06:02.311+0000] {dagbag.py:540} INFO - Filling up the DagBag from /opt/airflow/dags/weather_flood_pipeline.py
[2026-03-15T18:06:02.326+0000] {processor.py:840} INFO - DAG(s) 'danang_flood_forecasting_etl' retrieved from /opt/airflow/dags/weather_flood_pipeline.py
[2026-03-15T18:06:02.344+0000] {logging_mixin.py:188} INFO - [2026-03-15T18:06:02.344+0000] {dag.py:3047} INFO - Sync 1 DAGs
[2026-03-15T18:06:02.362+0000] {logging_mixin.py:188} INFO - [2026-03-15T18:06:02.362+0000] {dag.py:3834} INFO - Setting next_dagrun for danang_flood_forecasting_etl to 2026-03-15 00:00:00+00:00, run_after=2026-03-16 00:00:00+00:00
[2026-03-15T18:06:02.379+0000] {processor.py:183} INFO - Processing /opt/airflow/dags/weather_flood_pipeline.py took 0.075 seconds
[2026-03-15T18:07:06.574+0000] {processor.py:161} INFO - Started process (PID=3034) to work on /opt/airflow/dags/weather_flood_pipeline.py
[2026-03-15T18:07:06.575+0000] {processor.py:830} INFO - Processing file /opt/airflow/dags/weather_flood_pipeline.py for tasks to queue
[2026-03-15T18:07:06.580+0000] {logging_mixin.py:188} INFO - [2026-03-15T18:07:06.580+0000] {dagbag.py:540} INFO - Filling up the DagBag from /opt/airflow/dags/weather_flood_pipeline.py
[2026-03-15T18:07:06.598+0000] {processor.py:840} INFO - DAG(s) 'danang_flood_forecasting_etl' retrieved from /opt/airflow/dags/weather_flood_pipeline.py
[2026-03-15T18:07:06.615+0000] {logging_mixin.py:188} INFO - [2026-03-15T18:07:06.615+0000] {dag.py:3047} INFO - Sync 1 DAGs
[2026-03-15T18:06:17.448+0000] {logging_mixin.py:188} INFO - [2026-03-15T18:06:17.447+0000] {dag.py:3834} INFO - Setting next_dagrun for danang_flood_forecasting_etl to 2026-03-15 00:00:00+00:00, run_after=2026-03-16 00:00:00+00:00
[2026-03-15T18:06:17.470+0000] {processor.py:183} INFO - Processing /opt/airflow/dags/weather_flood_pipeline.py took 0.087 seconds
[2026-03-15T18:07:11.598+0000] {processor.py:161} INFO - Started process (PID=3084) to work on /opt/airflow/dags/weather_flood_pipeline.py
[2026-03-15T18:07:11.599+0000] {processor.py:830} INFO - Processing file /opt/airflow/dags/weather_flood_pipeline.py for tasks to queue
[2026-03-15T18:07:11.601+0000] {logging_mixin.py:188} INFO - [2026-03-15T18:07:11.601+0000] {dagbag.py:540} INFO - Filling up the DagBag from /opt/airflow/dags/weather_flood_pipeline.py
[2026-03-15T18:07:11.613+0000] {processor.py:840} INFO - DAG(s) 'danang_flood_forecasting_etl' retrieved from /opt/airflow/dags/weather_flood_pipeline.py
[2026-03-15T18:07:11.630+0000] {logging_mixin.py:188} INFO - [2026-03-15T18:07:11.630+0000] {dag.py:3047} INFO - Sync 1 DAGs
[2026-03-15T18:07:11.647+0000] {logging_mixin.py:188} INFO - [2026-03-15T18:07:11.647+0000] {dag.py:3834} INFO - Setting next_dagrun for danang_flood_forecasting_etl to 2026-03-15 00:00:00+00:00, run_after=2026-03-16 00:00:00+00:00
[2026-03-15T18:07:11.664+0000] {processor.py:183} INFO - Processing /opt/airflow/dags/weather_flood_pipeline.py took 0.069 seconds
[2026-03-15T18:07:51.595+0000] {processor.py:161} INFO - Started process (PID=3238) to work on /opt/airflow/dags/weather_flood_pipeline.py
[2026-03-15T18:07:51.596+0000] {processor.py:830} INFO - Processing file /opt/airflow/dags/weather_flood_pipeline.py for tasks to queue
[2026-03-15T18:07:51.598+0000] {logging_mixin.py:188} INFO - [2026-03-15T18:07:51.598+0000] {dagbag.py:540} INFO - Filling up the DagBag from /opt/airflow/dags/weather_flood_pipeline.py
[2026-03-15T18:07:51.610+0000] {processor.py:840} INFO - DAG(s) 'danang_flood_forecasting_etl' retrieved from /opt/airflow/dags/weather_flood_pipeline.py
[2026-03-15T18:07:51.623+0000] {logging_mixin.py:188} INFO - [2026-03-15T18:07:51.623+0000] {dag.py:3047} INFO - Sync 1 DAGs
[2026-03-15T18:07:51.637+0000] {logging_mixin.py:188} INFO - [2026-03-15T18:07:51.637+0000] {dag.py:3834} INFO - Setting next_dagrun for danang_flood_forecasting_etl to 2026-03-15 00:00:00+00:00, run_after=2026-03-16 00:00:00+00:00
[2026-03-15T18:07:51.653+0000] {processor.py:183} INFO - Processing /opt/airflow/dags/weather_flood_pipeline.py took 0.060 seconds
[2026-03-15T18:08:56.745+0000] {processor.py:161} INFO - Started process (PID=3396) to work on /opt/airflow/dags/weather_flood_pipeline.py
[2026-03-15T18:08:56.746+0000] {processor.py:830} INFO - Processing file /opt/airflow/dags/weather_flood_pipeline.py for tasks to queue
[2026-03-15T18:08:56.748+0000] {logging_mixin.py:188} INFO - [2026-03-15T18:08:56.747+0000] {dagbag.py:540} INFO - Filling up the DagBag from /opt/airflow/dags/weather_flood_pipeline.py
[2026-03-15T18:08:56.763+0000] {processor.py:840} INFO - DAG(s) 'danang_flood_forecasting_etl' retrieved from /opt/airflow/dags/weather_flood_pipeline.py
[2026-03-15T18:08:56.779+0000] {logging_mixin.py:188} INFO - [2026-03-15T18:08:56.779+0000] {dag.py:3047} INFO - Sync 1 DAGs
[2026-03-15T18:08:56.796+0000] {logging_mixin.py:188} INFO - [2026-03-15T18:08:56.796+0000] {dag.py:3834} INFO - Setting next_dagrun for danang_flood_forecasting_etl to 2026-03-15 00:00:00+00:00, run_after=2026-03-16 00:00:00+00:00
[2026-03-15T18:08:07.626+0000] {processor.py:183} INFO - Processing /opt/airflow/dags/weather_flood_pipeline.py took 0.076 seconds
[2026-03-15T18:09:02.371+0000] {processor.py:161} INFO - Started process (PID=3446) to work on /opt/airflow/dags/weather_flood_pipeline.py
[2026-03-15T18:09:02.372+0000] {processor.py:830} INFO - Processing file /opt/airflow/dags/weather_flood_pipeline.py for tasks to queue
[2026-03-15T18:09:02.374+0000] {logging_mixin.py:188} INFO - [2026-03-15T18:09:02.374+0000] {dagbag.py:540} INFO - Filling up the DagBag from /opt/airflow/dags/weather_flood_pipeline.py
[2026-03-15T18:09:02.386+0000] {processor.py:840} INFO - DAG(s) 'danang_flood_forecasting_etl' retrieved from /opt/airflow/dags/weather_flood_pipeline.py
[2026-03-15T18:09:02.403+0000] {logging_mixin.py:188} INFO - [2026-03-15T18:09:02.403+0000] {dag.py:3047} INFO - Sync 1 DAGs
[2026-03-15T18:09:02.419+0000] {logging_mixin.py:188} INFO - [2026-03-15T18:09:02.419+0000] {dag.py:3834} INFO - Setting next_dagrun for danang_flood_forecasting_etl to 2026-03-15 00:00:00+00:00, run_after=2026-03-16 00:00:00+00:00
[2026-03-15T18:09:02.433+0000] {processor.py:183} INFO - Processing /opt/airflow/dags/weather_flood_pipeline.py took 0.064 seconds
[2026-03-15T18:08:43.307+0000] {processor.py:161} INFO - Started process (PID=3502) to work on /opt/airflow/dags/weather_flood_pipeline.py
[2026-03-15T18:08:43.309+0000] {processor.py:830} INFO - Processing file /opt/airflow/dags/weather_flood_pipeline.py for tasks to queue
[2026-03-15T18:08:43.311+0000] {logging_mixin.py:188} INFO - [2026-03-15T18:08:43.311+0000] {dagbag.py:540} INFO - Filling up the DagBag from /opt/airflow/dags/weather_flood_pipeline.py
[2026-03-15T18:08:43.326+0000] {processor.py:840} INFO - DAG(s) 'danang_flood_forecasting_etl' retrieved from /opt/airflow/dags/weather_flood_pipeline.py
[2026-03-15T18:08:43.347+0000] {logging_mixin.py:188} INFO - [2026-03-15T18:08:43.347+0000] {dag.py:3047} INFO - Sync 1 DAGs
[2026-03-15T18:08:43.373+0000] {logging_mixin.py:188} INFO - [2026-03-15T18:08:43.373+0000] {dag.py:3834} INFO - Setting next_dagrun for danang_flood_forecasting_etl to 2026-03-15 00:00:00+00:00, run_after=2026-03-16 00:00:00+00:00
[2026-03-15T18:08:43.393+0000] {processor.py:183} INFO - Processing /opt/airflow/dags/weather_flood_pipeline.py took 0.090 seconds
[2026-03-15T18:10:02.304+0000] {processor.py:161} INFO - Started process (PID=3558) to work on /opt/airflow/dags/weather_flood_pipeline.py
[2026-03-15T18:10:02.304+0000] {processor.py:830} INFO - Processing file /opt/airflow/dags/weather_flood_pipeline.py for tasks to queue
[2026-03-15T18:10:02.306+0000] {logging_mixin.py:188} INFO - [2026-03-15T18:10:02.306+0000] {dagbag.py:540} INFO - Filling up the DagBag from /opt/airflow/dags/weather_flood_pipeline.py
[2026-03-15T18:10:02.316+0000] {processor.py:840} INFO - DAG(s) 'danang_flood_forecasting_etl' retrieved from /opt/airflow/dags/weather_flood_pipeline.py
[2026-03-15T18:10:02.331+0000] {logging_mixin.py:188} INFO - [2026-03-15T18:10:02.331+0000] {dag.py:3047} INFO - Sync 1 DAGs
[2026-03-15T18:10:02.347+0000] {logging_mixin.py:188} INFO - [2026-03-15T18:10:02.347+0000] {dag.py:3834} INFO - Setting next_dagrun for danang_flood_forecasting_etl to 2026-03-15 00:00:00+00:00, run_after=2026-03-16 00:00:00+00:00
[2026-03-15T18:10:02.361+0000] {processor.py:183} INFO - Processing /opt/airflow/dags/weather_flood_pipeline.py took 0.061 seconds
[2026-03-15T18:10:57.399+0000] {processor.py:161} INFO - Started process (PID=3749) to work on /opt/airflow/dags/weather_flood_pipeline.py
[2026-03-15T18:10:57.400+0000] {processor.py:830} INFO - Processing file /opt/airflow/dags/weather_flood_pipeline.py for tasks to queue
[2026-03-15T18:10:57.402+0000] {logging_mixin.py:188} INFO - [2026-03-15T18:10:57.402+0000] {dagbag.py:540} INFO - Filling up the DagBag from /opt/airflow/dags/weather_flood_pipeline.py
[2026-03-15T18:10:57.414+0000] {processor.py:840} INFO - DAG(s) 'danang_flood_forecasting_etl' retrieved from /opt/airflow/dags/weather_flood_pipeline.py
[2026-03-15T18:10:57.431+0000] {logging_mixin.py:188} INFO - [2026-03-15T18:10:57.431+0000] {dag.py:3047} INFO - Sync 1 DAGs
[2026-03-15T18:10:57.448+0000] {logging_mixin.py:188} INFO - [2026-03-15T18:10:57.448+0000] {dag.py:3834} INFO - Setting next_dagrun for danang_flood_forecasting_etl to 2026-03-15 00:00:00+00:00, run_after=2026-03-16 00:00:00+00:00
[2026-03-15T18:10:57.462+0000] {processor.py:183} INFO - Processing /opt/airflow/dags/weather_flood_pipeline.py took 0.065 seconds
[2026-03-15T18:11:27.741+0000] {processor.py:161} INFO - Started process (PID=3805) to work on /opt/airflow/dags/weather_flood_pipeline.py
[2026-03-15T18:11:27.742+0000] {processor.py:830} INFO - Processing file /opt/airflow/dags/weather_flood_pipeline.py for tasks to queue
[2026-03-15T18:11:27.744+0000] {logging_mixin.py:188} INFO - [2026-03-15T18:11:27.744+0000] {dagbag.py:540} INFO - Filling up the DagBag from /opt/airflow/dags/weather_flood_pipeline.py
[2026-03-15T18:11:27.755+0000] {processor.py:840} INFO - DAG(s) 'danang_flood_forecasting_etl' retrieved from /opt/airflow/dags/weather_flood_pipeline.py
[2026-03-15T18:11:27.771+0000] {logging_mixin.py:188} INFO - [2026-03-15T18:11:27.771+0000] {dag.py:3047} INFO - Sync 1 DAGs
[2026-03-15T18:11:27.787+0000] {logging_mixin.py:188} INFO - [2026-03-15T18:11:27.787+0000] {dag.py:3834} INFO - Setting next_dagrun for danang_flood_forecasting_etl to 2026-03-15 00:00:00+00:00, run_after=2026-03-16 00:00:00+00:00
[2026-03-15T18:11:27.800+0000] {processor.py:183} INFO - Processing /opt/airflow/dags/weather_flood_pipeline.py took 0.062 seconds
[2026-03-15T18:11:28.196+0000] {processor.py:161} INFO - Started process (PID=38) to work on /opt/airflow/dags/weather_flood_pipeline.py
[2026-03-15T18:11:28.198+0000] {processor.py:830} INFO - Processing file /opt/airflow/dags/weather_flood_pipeline.py for tasks to queue
[2026-03-15T18:11:28.200+0000] {logging_mixin.py:188} INFO - [2026-03-15T18:11:28.200+0000] {dagbag.py:540} INFO - Filling up the DagBag from /opt/airflow/dags/weather_flood_pipeline.py
[2026-03-15T18:11:28.232+0000] {processor.py:840} INFO - DAG(s) 'danang_flood_forecasting_etl' retrieved from /opt/airflow/dags/weather_flood_pipeline.py
[2026-03-15T18:11:28.466+0000] {logging_mixin.py:188} INFO - [2026-03-15T18:11:28.466+0000] {dag.py:3047} INFO - Sync 1 DAGs
[2026-03-15T18:11:28.484+0000] {logging_mixin.py:188} INFO - [2026-03-15T18:11:28.484+0000] {dag.py:3834} INFO - Setting next_dagrun for danang_flood_forecasting_etl to 2026-03-15 00:00:00+00:00, run_after=2026-03-16 00:00:00+00:00
[2026-03-15T18:11:28.505+0000] {processor.py:183} INFO - Processing /opt/airflow/dags/weather_flood_pipeline.py took 0.313 seconds
[2026-03-15T18:12:27.237+0000] {processor.py:161} INFO - Started process (PID=88) to work on /opt/airflow/dags/weather_flood_pipeline.py
[2026-03-15T18:12:27.238+0000] {processor.py:830} INFO - Processing file /opt/airflow/dags/weather_flood_pipeline.py for tasks to queue
[2026-03-15T18:12:27.240+0000] {logging_mixin.py:188} INFO - [2026-03-15T18:12:27.239+0000] {dagbag.py:540} INFO - Filling up the DagBag from /opt/airflow/dags/weather_flood_pipeline.py
[2026-03-15T18:12:27.253+0000] {processor.py:840} INFO - DAG(s) 'danang_flood_forecasting_etl' retrieved from /opt/airflow/dags/weather_flood_pipeline.py
[2026-03-15T18:11:38.099+0000] {logging_mixin.py:188} INFO - [2026-03-15T18:11:38.099+0000] {dag.py:3047} INFO - Sync 1 DAGs
[2026-03-15T18:11:38.127+0000] {logging_mixin.py:188} INFO - [2026-03-15T18:11:38.127+0000] {dag.py:3834} INFO - Setting next_dagrun for danang_flood_forecasting_etl to 2026-03-15 00:00:00+00:00, run_after=2026-03-16 00:00:00+00:00
[2026-03-15T18:11:38.146+0000] {processor.py:183} INFO - Processing /opt/airflow/dags/weather_flood_pipeline.py took 0.080 seconds
[2026-03-15T18:12:08.435+0000] {processor.py:161} INFO - Started process (PID=144) to work on /opt/airflow/dags/weather_flood_pipeline.py
[2026-03-15T18:12:08.437+0000] {processor.py:830} INFO - Processing file /opt/airflow/dags/weather_flood_pipeline.py for tasks to queue
[2026-03-15T18:12:08.439+0000] {logging_mixin.py:188} INFO - [2026-03-15T18:12:08.439+0000] {dagbag.py:540} INFO - Filling up the DagBag from /opt/airflow/dags/weather_flood_pipeline.py
[2026-03-15T18:12:08.458+0000] {processor.py:840} INFO - DAG(s) 'danang_flood_forecasting_etl' retrieved from /opt/airflow/dags/weather_flood_pipeline.py
[2026-03-15T18:12:08.477+0000] {logging_mixin.py:188} INFO - [2026-03-15T18:12:08.477+0000] {dag.py:3047} INFO - Sync 1 DAGs
[2026-03-15T18:12:08.496+0000] {logging_mixin.py:188} INFO - [2026-03-15T18:12:08.496+0000] {dag.py:3834} INFO - Setting next_dagrun for danang_flood_forecasting_etl to 2026-03-15 00:00:00+00:00, run_after=2026-03-16 00:00:00+00:00
[2026-03-15T18:12:08.513+0000] {processor.py:183} INFO - Processing /opt/airflow/dags/weather_flood_pipeline.py took 0.081 seconds
[2026-03-15T18:13:05.832+0000] {processor.py:161} INFO - Started process (PID=194) to work on /opt/airflow/dags/weather_flood_pipeline.py
[2026-03-15T18:13:05.833+0000] {processor.py:830} INFO - Processing file /opt/airflow/dags/weather_flood_pipeline.py for tasks to queue
[2026-03-15T18:13:05.835+0000] {logging_mixin.py:188} INFO - [2026-03-15T18:13:05.834+0000] {dagbag.py:540} INFO - Filling up the DagBag from /opt/airflow/dags/weather_flood_pipeline.py
[2026-03-15T18:13:05.847+0000] {processor.py:840} INFO - DAG(s) 'danang_flood_forecasting_etl' retrieved from /opt/airflow/dags/weather_flood_pipeline.py
[2026-03-15T18:13:05.863+0000] {logging_mixin.py:188} INFO - [2026-03-15T18:13:05.863+0000] {dag.py:3047} INFO - Sync 1 DAGs
[2026-03-15T18:13:05.878+0000] {logging_mixin.py:188} INFO - [2026-03-15T18:13:05.878+0000] {dag.py:3834} INFO - Setting next_dagrun for danang_flood_forecasting_etl to 2026-03-15 00:00:00+00:00, run_after=2026-03-16 00:00:00+00:00
[2026-03-15T18:13:05.892+0000] {processor.py:183} INFO - Processing /opt/airflow/dags/weather_flood_pipeline.py took 0.063 seconds
[2026-03-15T18:13:35.972+0000] {processor.py:161} INFO - Started process (PID=411) to work on /opt/airflow/dags/weather_flood_pipeline.py
[2026-03-15T18:13:35.974+0000] {processor.py:830} INFO - Processing file /opt/airflow/dags/weather_flood_pipeline.py for tasks to queue
[2026-03-15T18:13:35.977+0000] {logging_mixin.py:188} INFO - [2026-03-15T18:13:35.976+0000] {dagbag.py:540} INFO - Filling up the DagBag from /opt/airflow/dags/weather_flood_pipeline.py
[2026-03-15T18:13:35.989+0000] {processor.py:840} INFO - DAG(s) 'danang_flood_forecasting_etl' retrieved from /opt/airflow/dags/weather_flood_pipeline.py
[2026-03-15T18:13:36.006+0000] {logging_mixin.py:188} INFO - [2026-03-15T18:13:36.006+0000] {dag.py:3047} INFO - Sync 1 DAGs
[2026-03-15T18:13:36.023+0000] {logging_mixin.py:188} INFO - [2026-03-15T18:13:36.023+0000] {dag.py:3834} INFO - Setting next_dagrun for danang_flood_forecasting_etl to 2026-03-15 00:00:00+00:00, run_after=2026-03-16 00:00:00+00:00
[2026-03-15T18:12:46.877+0000] {processor.py:183} INFO - Processing /opt/airflow/dags/weather_flood_pipeline.py took 0.071 seconds
[2026-03-15T18:14:05.945+0000] {processor.py:161} INFO - Started process (PID=454) to work on /opt/airflow/dags/weather_flood_pipeline.py
[2026-03-15T18:14:05.946+0000] {processor.py:830} INFO - Processing file /opt/airflow/dags/weather_flood_pipeline.py for tasks to queue
[2026-03-15T18:14:05.947+0000] {logging_mixin.py:188} INFO - [2026-03-15T18:14:05.947+0000] {dagbag.py:540} INFO - Filling up the DagBag from /opt/airflow/dags/weather_flood_pipeline.py
[2026-03-15T18:14:05.960+0000] {processor.py:840} INFO - DAG(s) 'danang_flood_forecasting_etl' retrieved from /opt/airflow/dags/weather_flood_pipeline.py
[2026-03-15T18:14:05.978+0000] {logging_mixin.py:188} INFO - [2026-03-15T18:14:05.978+0000] {dag.py:3047} INFO - Sync 1 DAGs
[2026-03-15T18:13:16.806+0000] {logging_mixin.py:188} INFO - [2026-03-15T18:13:16.806+0000] {dag.py:3834} INFO - Setting next_dagrun for danang_flood_forecasting_etl to 2026-03-15 00:00:00+00:00, run_after=2026-03-16 00:00:00+00:00
[2026-03-15T18:13:16.837+0000] {processor.py:183} INFO - Processing /opt/airflow/dags/weather_flood_pipeline.py took 0.086 seconds
[2026-03-15T18:14:12.310+0000] {processor.py:161} INFO - Started process (PID=505) to work on /opt/airflow/dags/weather_flood_pipeline.py
[2026-03-15T18:14:12.311+0000] {processor.py:830} INFO - Processing file /opt/airflow/dags/weather_flood_pipeline.py for tasks to queue
[2026-03-15T18:14:12.312+0000] {logging_mixin.py:188} INFO - [2026-03-15T18:14:12.312+0000] {dagbag.py:540} INFO - Filling up the DagBag from /opt/airflow/dags/weather_flood_pipeline.py
[2026-03-15T18:14:12.324+0000] {processor.py:840} INFO - DAG(s) 'danang_flood_forecasting_etl' retrieved from /opt/airflow/dags/weather_flood_pipeline.py
[2026-03-15T18:14:12.341+0000] {logging_mixin.py:188} INFO - [2026-03-15T18:14:12.341+0000] {dag.py:3047} INFO - Sync 1 DAGs
[2026-03-15T18:14:12.356+0000] {logging_mixin.py:188} INFO - [2026-03-15T18:14:12.356+0000] {dag.py:3834} INFO - Setting next_dagrun for danang_flood_forecasting_etl to 2026-03-15 00:00:00+00:00, run_after=2026-03-16 00:00:00+00:00
[2026-03-15T18:14:12.370+0000] {processor.py:183} INFO - Processing /opt/airflow/dags/weather_flood_pipeline.py took 0.063 seconds
[2026-03-15T18:14:52.312+0000] {processor.py:161} INFO - Started process (PID=632) to work on /opt/airflow/dags/weather_flood_pipeline.py
[2026-03-15T18:14:52.313+0000] {processor.py:830} INFO - Processing file /opt/airflow/dags/weather_flood_pipeline.py for tasks to queue
[2026-03-15T18:14:52.315+0000] {logging_mixin.py:188} INFO - [2026-03-15T18:14:52.314+0000] {dagbag.py:540} INFO - Filling up the DagBag from /opt/airflow/dags/weather_flood_pipeline.py
[2026-03-15T18:14:52.331+0000] {processor.py:840} INFO - DAG(s) 'danang_flood_forecasting_etl' retrieved from /opt/airflow/dags/weather_flood_pipeline.py
[2026-03-15T18:14:52.347+0000] {logging_mixin.py:188} INFO - [2026-03-15T18:14:52.347+0000] {dag.py:3047} INFO - Sync 1 DAGs
[2026-03-15T18:14:52.365+0000] {logging_mixin.py:188} INFO - [2026-03-15T18:14:52.365+0000] {dag.py:3834} INFO - Setting next_dagrun for danang_flood_forecasting_etl to 2026-03-15 00:00:00+00:00, run_after=2026-03-16 00:00:00+00:00
[2026-03-15T18:14:52.383+0000] {processor.py:183} INFO - Processing /opt/airflow/dags/weather_flood_pipeline.py took 0.074 seconds
[2026-03-15T18:15:35.825+0000] {processor.py:161} INFO - Started process (PID=827) to work on /opt/airflow/dags/weather_flood_pipeline.py
[2026-03-15T18:15:35.826+0000] {processor.py:830} INFO - Processing file /opt/airflow/dags/weather_flood_pipeline.py for tasks to queue
[2026-03-15T18:15:35.828+0000] {logging_mixin.py:188} INFO - [2026-03-15T18:15:35.827+0000] {dagbag.py:540} INFO - Filling up the DagBag from /opt/airflow/dags/weather_flood_pipeline.py
[2026-03-15T18:15:35.841+0000] {processor.py:840} INFO - DAG(s) 'danang_flood_forecasting_etl' retrieved from /opt/airflow/dags/weather_flood_pipeline.py
[2026-03-15T18:15:35.855+0000] {logging_mixin.py:188} INFO - [2026-03-15T18:15:35.855+0000] {dag.py:3047} INFO - Sync 1 DAGs
[2026-03-15T18:15:35.870+0000] {logging_mixin.py:188} INFO - [2026-03-15T18:15:35.870+0000] {dag.py:3834} INFO - Setting next_dagrun for danang_flood_forecasting_etl to 2026-03-15 00:00:00+00:00, run_after=2026-03-16 00:00:00+00:00
[2026-03-15T18:15:35.885+0000] {processor.py:183} INFO - Processing /opt/airflow/dags/weather_flood_pipeline.py took 0.063 seconds
[2026-03-15T18:19:50.995+0000] {processor.py:161} INFO - Started process (PID=50) to work on /opt/airflow/dags/weather_flood_pipeline.py
[2026-03-15T18:19:50.997+0000] {processor.py:830} INFO - Processing file /opt/airflow/dags/weather_flood_pipeline.py for tasks to queue
[2026-03-15T18:19:50.999+0000] {logging_mixin.py:188} INFO - [2026-03-15T18:19:50.998+0000] {dagbag.py:540} INFO - Filling up the DagBag from /opt/airflow/dags/weather_flood_pipeline.py
[2026-03-15T18:19:51.031+0000] {processor.py:840} INFO - DAG(s) 'danang_flood_forecasting_etl' retrieved from /opt/airflow/dags/weather_flood_pipeline.py
[2026-03-15T18:19:51.288+0000] {logging_mixin.py:188} INFO - [2026-03-15T18:19:51.288+0000] {dag.py:3047} INFO - Sync 1 DAGs
[2026-03-15T18:19:51.317+0000] {logging_mixin.py:188} INFO - [2026-03-15T18:19:51.317+0000] {dag.py:3834} INFO - Setting next_dagrun for danang_flood_forecasting_etl to 2026-03-15 00:00:00+00:00, run_after=2026-03-16 00:00:00+00:00
[2026-03-15T18:19:51.348+0000] {processor.py:183} INFO - Processing /opt/airflow/dags/weather_flood_pipeline.py took 0.355 seconds
[2026-03-15T18:19:58.938+0000] {processor.py:161} INFO - Started process (PID=106) to work on /opt/airflow/dags/weather_flood_pipeline.py
[2026-03-15T18:19:58.939+0000] {processor.py:830} INFO - Processing file /opt/airflow/dags/weather_flood_pipeline.py for tasks to queue
[2026-03-15T18:19:58.941+0000] {logging_mixin.py:188} INFO - [2026-03-15T18:19:58.941+0000] {dagbag.py:540} INFO - Filling up the DagBag from /opt/airflow/dags/weather_flood_pipeline.py
[2026-03-15T18:19:58.961+0000] {processor.py:840} INFO - DAG(s) 'danang_flood_forecasting_etl' retrieved from /opt/airflow/dags/weather_flood_pipeline.py
[2026-03-15T18:19:58.973+0000] {logging_mixin.py:188} INFO - [2026-03-15T18:19:58.973+0000] {dag.py:3047} INFO - Sync 1 DAGs
[2026-03-15T18:19:59.000+0000] {logging_mixin.py:188} INFO - [2026-03-15T18:19:59.000+0000] {dag.py:3834} INFO - Setting next_dagrun for danang_flood_forecasting_etl to 2026-03-15 00:00:00+00:00, run_after=2026-03-16 00:00:00+00:00
[2026-03-15T18:19:59.017+0000] {processor.py:183} INFO - Processing /opt/airflow/dags/weather_flood_pipeline.py took 0.082 seconds
[2026-03-15T18:21:05.857+0000] {processor.py:161} INFO - Started process (PID=155) to work on /opt/airflow/dags/weather_flood_pipeline.py
[2026-03-15T18:21:05.858+0000] {processor.py:830} INFO - Processing file /opt/airflow/dags/weather_flood_pipeline.py for tasks to queue
[2026-03-15T18:21:05.860+0000] {logging_mixin.py:188} INFO - [2026-03-15T18:21:05.860+0000] {dagbag.py:540} INFO - Filling up the DagBag from /opt/airflow/dags/weather_flood_pipeline.py
[2026-03-15T18:21:05.876+0000] {processor.py:840} INFO - DAG(s) 'danang_flood_forecasting_etl' retrieved from /opt/airflow/dags/weather_flood_pipeline.py
[2026-03-15T18:21:05.892+0000] {logging_mixin.py:188} INFO - [2026-03-15T18:21:05.892+0000] {dag.py:3047} INFO - Sync 1 DAGs
[2026-03-15T18:21:05.910+0000] {logging_mixin.py:188} INFO - [2026-03-15T18:21:05.910+0000] {dag.py:3834} INFO - Setting next_dagrun for danang_flood_forecasting_etl to 2026-03-15 00:00:00+00:00, run_after=2026-03-16 00:00:00+00:00
[2026-03-15T18:21:05.925+0000] {processor.py:183} INFO - Processing /opt/airflow/dags/weather_flood_pipeline.py took 0.071 seconds
[2026-03-15T18:22:18.181+0000] {processor.py:161} INFO - Started process (PID=354) to work on /opt/airflow/dags/weather_flood_pipeline.py
[2026-03-15T18:22:18.182+0000] {processor.py:830} INFO - Processing file /opt/airflow/dags/weather_flood_pipeline.py for tasks to queue
[2026-03-15T18:22:18.185+0000] {logging_mixin.py:188} INFO - [2026-03-15T18:22:18.184+0000] {dagbag.py:540} INFO - Filling up the DagBag from /opt/airflow/dags/weather_flood_pipeline.py
[2026-03-15T18:22:18.199+0000] {processor.py:840} INFO - DAG(s) 'danang_flood_forecasting_etl' retrieved from /opt/airflow/dags/weather_flood_pipeline.py
[2026-03-15T18:22:18.214+0000] {logging_mixin.py:188} INFO - [2026-03-15T18:22:18.214+0000] {dag.py:3047} INFO - Sync 1 DAGs
[2026-03-15T18:22:18.233+0000] {logging_mixin.py:188} INFO - [2026-03-15T18:22:18.232+0000] {dag.py:3834} INFO - Setting next_dagrun for danang_flood_forecasting_etl to 2026-03-15 00:00:00+00:00, run_after=2026-03-16 00:00:00+00:00
[2026-03-15T18:22:18.250+0000] {processor.py:183} INFO - Processing /opt/airflow/dags/weather_flood_pipeline.py took 0.072 seconds
[2026-03-15T18:22:48.571+0000] {processor.py:161} INFO - Started process (PID=624) to work on /opt/airflow/dags/weather_flood_pipeline.py
[2026-03-15T18:22:48.572+0000] {processor.py:830} INFO - Processing file /opt/airflow/dags/weather_flood_pipeline.py for tasks to queue
[2026-03-15T18:22:48.574+0000] {logging_mixin.py:188} INFO - [2026-03-15T18:22:48.573+0000] {dagbag.py:540} INFO - Filling up the DagBag from /opt/airflow/dags/weather_flood_pipeline.py
[2026-03-15T18:22:48.587+0000] {processor.py:840} INFO - DAG(s) 'danang_flood_forecasting_etl' retrieved from /opt/airflow/dags/weather_flood_pipeline.py
[2026-03-15T18:22:48.602+0000] {logging_mixin.py:188} INFO - [2026-03-15T18:22:48.602+0000] {dag.py:3047} INFO - Sync 1 DAGs
[2026-03-15T18:22:48.618+0000] {logging_mixin.py:188} INFO - [2026-03-15T18:22:48.618+0000] {dag.py:3834} INFO - Setting next_dagrun for danang_flood_forecasting_etl to 2026-03-15 00:00:00+00:00, run_after=2026-03-16 00:00:00+00:00
[2026-03-15T18:22:48.634+0000] {processor.py:183} INFO - Processing /opt/airflow/dags/weather_flood_pipeline.py took 0.066 seconds
[2026-03-15T18:23:18.926+0000] {processor.py:161} INFO - Started process (PID=678) to work on /opt/airflow/dags/weather_flood_pipeline.py
[2026-03-15T18:23:18.927+0000] {processor.py:830} INFO - Processing file /opt/airflow/dags/weather_flood_pipeline.py for tasks to queue
[2026-03-15T18:23:18.928+0000] {logging_mixin.py:188} INFO - [2026-03-15T18:23:18.928+0000] {dagbag.py:540} INFO - Filling up the DagBag from /opt/airflow/dags/weather_flood_pipeline.py
[2026-03-15T18:23:18.941+0000] {processor.py:840} INFO - DAG(s) 'danang_flood_forecasting_etl' retrieved from /opt/airflow/dags/weather_flood_pipeline.py
[2026-03-15T18:23:18.957+0000] {logging_mixin.py:188} INFO - [2026-03-15T18:23:18.956+0000] {dag.py:3047} INFO - Sync 1 DAGs
[2026-03-15T18:23:18.974+0000] {logging_mixin.py:188} INFO - [2026-03-15T18:23:18.973+0000] {dag.py:3834} INFO - Setting next_dagrun for danang_flood_forecasting_etl to 2026-03-15 00:00:00+00:00, run_after=2026-03-16 00:00:00+00:00
[2026-03-15T18:23:18.998+0000] {processor.py:183} INFO - Processing /opt/airflow/dags/weather_flood_pipeline.py took 0.076 seconds
[2026-03-15T18:24:13.429+0000] {processor.py:161} INFO - Started process (PID=684) to work on /opt/airflow/dags/weather_flood_pipeline.py
[2026-03-15T18:24:13.430+0000] {processor.py:830} INFO - Processing file /opt/airflow/dags/weather_flood_pipeline.py for tasks to queue
[2026-03-15T18:24:13.431+0000] {logging_mixin.py:188} INFO - [2026-03-15T18:24:13.431+0000] {dagbag.py:540} INFO - Filling up the DagBag from /opt/airflow/dags/weather_flood_pipeline.py
[2026-03-15T18:24:13.444+0000] {processor.py:840} INFO - DAG(s) 'danang_flood_forecasting_etl' retrieved from /opt/airflow/dags/weather_flood_pipeline.py
[2026-03-15T18:24:13.460+0000] {logging_mixin.py:188} INFO - [2026-03-15T18:24:13.459+0000] {dag.py:3047} INFO - Sync 1 DAGs
[2026-03-15T18:24:13.476+0000] {logging_mixin.py:188} INFO - [2026-03-15T18:24:13.476+0000] {dag.py:3834} INFO - Setting next_dagrun for danang_flood_forecasting_etl to 2026-03-15 00:00:00+00:00, run_after=2026-03-16 00:00:00+00:00
[2026-03-15T18:24:13.491+0000] {processor.py:183} INFO - Processing /opt/airflow/dags/weather_flood_pipeline.py took 0.065 seconds
[2026-03-15T18:25:23.452+0000] {processor.py:161} INFO - Started process (PID=880) to work on /opt/airflow/dags/weather_flood_pipeline.py
[2026-03-15T18:25:23.453+0000] {processor.py:830} INFO - Processing file /opt/airflow/dags/weather_flood_pipeline.py for tasks to queue
[2026-03-15T18:25:23.456+0000] {logging_mixin.py:188} INFO - [2026-03-15T18:25:23.455+0000] {dagbag.py:540} INFO - Filling up the DagBag from /opt/airflow/dags/weather_flood_pipeline.py
[2026-03-15T18:25:23.468+0000] {processor.py:840} INFO - DAG(s) 'danang_flood_forecasting_etl' retrieved from /opt/airflow/dags/weather_flood_pipeline.py
[2026-03-15T18:25:23.545+0000] {logging_mixin.py:188} INFO - [2026-03-15T18:25:23.545+0000] {dag.py:3047} INFO - Sync 1 DAGs
[2026-03-15T18:25:23.553+0000] {logging_mixin.py:188} INFO - [2026-03-15T18:25:23.552+0000] {dag.py:3069} INFO - Creating ORM DAG for danang_flood_forecasting_etl
[2026-03-15T18:25:23.563+0000] {logging_mixin.py:188} INFO - [2026-03-15T18:25:23.563+0000] {dag.py:3834} INFO - Setting next_dagrun for danang_flood_forecasting_etl to 2026-03-14 00:00:00+00:00, run_after=2026-03-15 00:00:00+00:00
[2026-03-15T18:25:23.585+0000] {processor.py:183} INFO - Processing /opt/airflow/dags/weather_flood_pipeline.py took 0.136 seconds
[2026-03-15T18:26:03.481+0000] {processor.py:161} INFO - Started process (PID=983) to work on /opt/airflow/dags/weather_flood_pipeline.py
[2026-03-15T18:26:03.482+0000] {processor.py:830} INFO - Processing file /opt/airflow/dags/weather_flood_pipeline.py for tasks to queue
[2026-03-15T18:26:03.484+0000] {logging_mixin.py:188} INFO - [2026-03-15T18:26:03.484+0000] {dagbag.py:540} INFO - Filling up the DagBag from /opt/airflow/dags/weather_flood_pipeline.py
[2026-03-15T18:26:03.494+0000] {processor.py:840} INFO - DAG(s) 'danang_flood_forecasting_etl' retrieved from /opt/airflow/dags/weather_flood_pipeline.py
[2026-03-15T18:26:03.557+0000] {logging_mixin.py:188} INFO - [2026-03-15T18:26:03.557+0000] {dag.py:3047} INFO - Sync 1 DAGs
[2026-03-15T18:26:03.570+0000] {logging_mixin.py:188} INFO - [2026-03-15T18:26:03.570+0000] {dag.py:3834} INFO - Setting next_dagrun for danang_flood_forecasting_etl to 2026-03-14 00:00:00+00:00, run_after=2026-03-15 00:00:00+00:00
[2026-03-15T18:26:03.590+0000] {processor.py:183} INFO - Processing /opt/airflow/dags/weather_flood_pipeline.py took 0.111 seconds
[2026-03-15T18:27:06.001+0000] {processor.py:161} INFO - Started process (PID=1183) to work on /opt/airflow/dags/weather_flood_pipeline.py
[2026-03-15T18:27:06.002+0000] {processor.py:830} INFO - Processing file /opt/airflow/dags/weather_flood_pipeline.py for tasks to queue
[2026-03-15T18:27:06.004+0000] {logging_mixin.py:188} INFO - [2026-03-15T18:27:06.003+0000] {dagbag.py:540} INFO - Filling up the DagBag from /opt/airflow/dags/weather_flood_pipeline.py
[2026-03-15T18:27:06.015+0000] {processor.py:840} INFO - DAG(s) 'danang_flood_forecasting_etl' retrieved from /opt/airflow/dags/weather_flood_pipeline.py
[2026-03-15T18:27:06.031+0000] {logging_mixin.py:188} INFO - [2026-03-15T18:27:06.030+0000] {dag.py:3047} INFO - Sync 1 DAGs
[2026-03-15T18:27:06.050+0000] {logging_mixin.py:188} INFO - [2026-03-15T18:27:06.050+0000] {dag.py:3834} INFO - Setting next_dagrun for danang_flood_forecasting_etl to 2026-03-14 00:00:00+00:00, run_after=2026-03-15 00:00:00+00:00
[2026-03-15T18:26:16.873+0000] {processor.py:183} INFO - Processing /opt/airflow/dags/weather_flood_pipeline.py took 0.072 seconds
[2026-03-15T18:27:08.683+0000] {processor.py:161} INFO - Started process (PID=1233) to work on /opt/airflow/dags/weather_flood_pipeline.py
[2026-03-15T18:27:08.684+0000] {processor.py:830} INFO - Processing file /opt/airflow/dags/weather_flood_pipeline.py for tasks to queue
[2026-03-15T18:27:08.685+0000] {logging_mixin.py:188} INFO - [2026-03-15T18:27:08.685+0000] {dagbag.py:540} INFO - Filling up the DagBag from /opt/airflow/dags/weather_flood_pipeline.py
[2026-03-15T18:27:08.696+0000] {processor.py:840} INFO - DAG(s) 'danang_flood_forecasting_etl' retrieved from /opt/airflow/dags/weather_flood_pipeline.py
[2026-03-15T18:27:08.711+0000] {logging_mixin.py:188} INFO - [2026-03-15T18:27:08.711+0000] {dag.py:3047} INFO - Sync 1 DAGs
[2026-03-15T18:27:08.726+0000] {logging_mixin.py:188} INFO - [2026-03-15T18:27:08.726+0000] {dag.py:3834} INFO - Setting next_dagrun for danang_flood_forecasting_etl to 2026-03-14 00:00:00+00:00, run_after=2026-03-15 00:00:00+00:00
[2026-03-15T18:27:08.740+0000] {processor.py:183} INFO - Processing /opt/airflow/dags/weather_flood_pipeline.py took 0.060 seconds
[2026-03-15T18:27:39.203+0000] {processor.py:161} INFO - Started process (PID=1391) to work on /opt/airflow/dags/weather_flood_pipeline.py
[2026-03-15T18:27:39.204+0000] {processor.py:830} INFO - Processing file /opt/airflow/dags/weather_flood_pipeline.py for tasks to queue
[2026-03-15T18:27:39.206+0000] {logging_mixin.py:188} INFO - [2026-03-15T18:27:39.206+0000] {dagbag.py:540} INFO - Filling up the DagBag from /opt/airflow/dags/weather_flood_pipeline.py
[2026-03-15T18:27:39.218+0000] {processor.py:840} INFO - DAG(s) 'danang_flood_forecasting_etl' retrieved from /opt/airflow/dags/weather_flood_pipeline.py
[2026-03-15T18:27:39.232+0000] {logging_mixin.py:188} INFO - [2026-03-15T18:27:39.232+0000] {dag.py:3047} INFO - Sync 1 DAGs
[2026-03-15T18:27:39.248+0000] {logging_mixin.py:188} INFO - [2026-03-15T18:27:39.248+0000] {dag.py:3834} INFO - Setting next_dagrun for danang_flood_forecasting_etl to 2026-03-14 00:00:00+00:00, run_after=2026-03-15 00:00:00+00:00
[2026-03-15T18:27:39.262+0000] {processor.py:183} INFO - Processing /opt/airflow/dags/weather_flood_pipeline.py took 0.062 seconds
[2026-03-15T18:28:28.883+0000] {processor.py:161} INFO - Started process (PID=1395) to work on /opt/airflow/dags/weather_flood_pipeline.py
[2026-03-15T18:28:28.884+0000] {processor.py:830} INFO - Processing file /opt/airflow/dags/weather_flood_pipeline.py for tasks to queue
[2026-03-15T18:28:28.886+0000] {logging_mixin.py:188} INFO - [2026-03-15T18:28:28.886+0000] {dagbag.py:540} INFO - Filling up the DagBag from /opt/airflow/dags/weather_flood_pipeline.py
[2026-03-15T18:28:28.897+0000] {processor.py:840} INFO - DAG(s) 'danang_flood_forecasting_etl' retrieved from /opt/airflow/dags/weather_flood_pipeline.py
[2026-03-15T18:28:28.911+0000] {logging_mixin.py:188} INFO - [2026-03-15T18:28:28.910+0000] {dag.py:3047} INFO - Sync 1 DAGs
[2026-03-15T18:28:28.924+0000] {logging_mixin.py:188} INFO - [2026-03-15T18:28:28.924+0000] {dag.py:3834} INFO - Setting next_dagrun for danang_flood_forecasting_etl to 2026-03-14 00:00:00+00:00, run_after=2026-03-15 00:00:00+00:00
[2026-03-15T18:28:28.938+0000] {processor.py:183} INFO - Processing /opt/airflow/dags/weather_flood_pipeline.py took 0.057 seconds
[2026-03-15T18:29:33.826+0000] {processor.py:161} INFO - Started process (PID=1547) to work on /opt/airflow/dags/weather_flood_pipeline.py
[2026-03-15T18:29:33.827+0000] {processor.py:830} INFO - Processing file /opt/airflow/dags/weather_flood_pipeline.py for tasks to queue
[2026-03-15T18:29:33.828+0000] {logging_mixin.py:188} INFO - [2026-03-15T18:29:33.828+0000] {dagbag.py:540} INFO - Filling up the DagBag from /opt/airflow/dags/weather_flood_pipeline.py
[2026-03-15T18:29:33.840+0000] {processor.py:840} INFO - DAG(s) 'danang_flood_forecasting_etl' retrieved from /opt/airflow/dags/weather_flood_pipeline.py
[2026-03-15T18:29:33.858+0000] {logging_mixin.py:188} INFO - [2026-03-15T18:29:33.858+0000] {dag.py:3047} INFO - Sync 1 DAGs
[2026-03-15T18:29:33.877+0000] {logging_mixin.py:188} INFO - [2026-03-15T18:29:33.877+0000] {dag.py:3834} INFO - Setting next_dagrun for danang_flood_forecasting_etl to 2026-03-14 00:00:00+00:00, run_after=2026-03-15 00:00:00+00:00
[2026-03-15T18:29:33.893+0000] {processor.py:183} INFO - Processing /opt/airflow/dags/weather_flood_pipeline.py took 0.070 seconds
[2026-03-15T18:30:05.924+0000] {processor.py:161} INFO - Started process (PID=1630) to work on /opt/airflow/dags/weather_flood_pipeline.py
[2026-03-15T18:30:05.925+0000] {processor.py:830} INFO - Processing file /opt/airflow/dags/weather_flood_pipeline.py for tasks to queue
[2026-03-15T18:30:05.927+0000] {logging_mixin.py:188} INFO - [2026-03-15T18:30:05.926+0000] {dagbag.py:540} INFO - Filling up the DagBag from /opt/airflow/dags/weather_flood_pipeline.py
[2026-03-15T18:30:05.939+0000] {processor.py:840} INFO - DAG(s) 'danang_flood_forecasting_etl' retrieved from /opt/airflow/dags/weather_flood_pipeline.py
[2026-03-15T18:30:05.953+0000] {logging_mixin.py:188} INFO - [2026-03-15T18:30:05.953+0000] {dag.py:3047} INFO - Sync 1 DAGs
[2026-03-15T18:30:05.972+0000] {logging_mixin.py:188} INFO - [2026-03-15T18:30:05.972+0000] {dag.py:3834} INFO - Setting next_dagrun for danang_flood_forecasting_etl to 2026-03-14 00:00:00+00:00, run_after=2026-03-15 00:00:00+00:00
[2026-03-15T18:30:05.987+0000] {processor.py:183} INFO - Processing /opt/airflow/dags/weather_flood_pipeline.py took 0.066 seconds
[2026-03-15T18:30:44.144+0000] {processor.py:161} INFO - Started process (PID=1764) to work on /opt/airflow/dags/weather_flood_pipeline.py
[2026-03-15T18:30:44.145+0000] {processor.py:830} INFO - Processing file /opt/airflow/dags/weather_flood_pipeline.py for tasks to queue
[2026-03-15T18:30:44.147+0000] {logging_mixin.py:188} INFO - [2026-03-15T18:30:44.146+0000] {dagbag.py:540} INFO - Filling up the DagBag from /opt/airflow/dags/weather_flood_pipeline.py
[2026-03-15T18:30:44.160+0000] {processor.py:840} INFO - DAG(s) 'danang_flood_forecasting_etl' retrieved from /opt/airflow/dags/weather_flood_pipeline.py
[2026-03-15T18:30:44.177+0000] {logging_mixin.py:188} INFO - [2026-03-15T18:30:44.177+0000] {dag.py:3047} INFO - Sync 1 DAGs
[2026-03-15T18:29:55.030+0000] {logging_mixin.py:188} INFO - [2026-03-15T18:29:55.029+0000] {dag.py:3834} INFO - Setting next_dagrun for danang_flood_forecasting_etl to 2026-03-14 00:00:00+00:00, run_after=2026-03-15 00:00:00+00:00
[2026-03-15T18:29:55.045+0000] {processor.py:183} INFO - Processing /opt/airflow/dags/weather_flood_pipeline.py took 0.068 seconds
[2026-03-15T18:31:04.006+0000] {processor.py:161} INFO - Started process (PID=50) to work on /opt/airflow/dags/weather_flood_pipeline.py
[2026-03-15T18:31:04.010+0000] {processor.py:830} INFO - Processing file /opt/airflow/dags/weather_flood_pipeline.py for tasks to queue
[2026-03-15T18:31:04.013+0000] {logging_mixin.py:188} INFO - [2026-03-15T18:31:04.012+0000] {dagbag.py:540} INFO - Filling up the DagBag from /opt/airflow/dags/weather_flood_pipeline.py
[2026-03-15T18:31:04.059+0000] {processor.py:840} INFO - DAG(s) 'danang_flood_forecasting_etl' retrieved from /opt/airflow/dags/weather_flood_pipeline.py
[2026-03-15T18:31:04.257+0000] {logging_mixin.py:188} INFO - [2026-03-15T18:31:04.257+0000] {dag.py:3047} INFO - Sync 1 DAGs
[2026-03-15T18:31:04.278+0000] {logging_mixin.py:188} INFO - [2026-03-15T18:31:04.278+0000] {dag.py:3834} INFO - Setting next_dagrun for danang_flood_forecasting_etl to 2026-03-14 00:00:00+00:00, run_after=2026-03-15 00:00:00+00:00
[2026-03-15T18:31:04.295+0000] {processor.py:183} INFO - Processing /opt/airflow/dags/weather_flood_pipeline.py took 0.294 seconds
[2026-03-15T18:32:06.503+0000] {processor.py:161} INFO - Started process (PID=50) to work on /opt/airflow/dags/weather_flood_pipeline.py
[2026-03-15T18:32:06.505+0000] {processor.py:830} INFO - Processing file /opt/airflow/dags/weather_flood_pipeline.py for tasks to queue
[2026-03-15T18:32:06.507+0000] {logging_mixin.py:188} INFO - [2026-03-15T18:32:06.507+0000] {dagbag.py:540} INFO - Filling up the DagBag from /opt/airflow/dags/weather_flood_pipeline.py
[2026-03-15T18:32:06.538+0000] {processor.py:840} INFO - DAG(s) 'danang_flood_forecasting_etl' retrieved from /opt/airflow/dags/weather_flood_pipeline.py
[2026-03-15T18:32:06.740+0000] {logging_mixin.py:188} INFO - [2026-03-15T18:32:06.739+0000] {dag.py:3047} INFO - Sync 1 DAGs
[2026-03-15T18:32:06.758+0000] {logging_mixin.py:188} INFO - [2026-03-15T18:32:06.758+0000] {dag.py:3834} INFO - Setting next_dagrun for danang_flood_forecasting_etl to 2026-03-14 00:00:00+00:00, run_after=2026-03-15 00:00:00+00:00
[2026-03-15T18:32:06.775+0000] {processor.py:183} INFO - Processing /opt/airflow/dags/weather_flood_pipeline.py took 0.275 seconds
[2026-03-15T18:32:15.329+0000] {processor.py:161} INFO - Started process (PID=106) to work on /opt/airflow/dags/weather_flood_pipeline.py
[2026-03-15T18:32:15.331+0000] {processor.py:830} INFO - Processing file /opt/airflow/dags/weather_flood_pipeline.py for tasks to queue
[2026-03-15T18:32:15.334+0000] {logging_mixin.py:188} INFO - [2026-03-15T18:32:15.334+0000] {dagbag.py:540} INFO - Filling up the DagBag from /opt/airflow/dags/weather_flood_pipeline.py
[2026-03-15T18:32:15.353+0000] {processor.py:840} INFO - DAG(s) 'danang_flood_forecasting_etl' retrieved from /opt/airflow/dags/weather_flood_pipeline.py
[2026-03-15T18:32:15.372+0000] {logging_mixin.py:188} INFO - [2026-03-15T18:32:15.372+0000] {dag.py:3047} INFO - Sync 1 DAGs
[2026-03-15T18:32:15.405+0000] {logging_mixin.py:188} INFO - [2026-03-15T18:32:15.404+0000] {dag.py:3834} INFO - Setting next_dagrun for danang_flood_forecasting_etl to 2026-03-14 00:00:00+00:00, run_after=2026-03-15 00:00:00+00:00
[2026-03-15T18:32:15.429+0000] {processor.py:183} INFO - Processing /opt/airflow/dags/weather_flood_pipeline.py took 0.104 seconds
[2026-03-15T18:33:09.329+0000] {processor.py:161} INFO - Started process (PID=156) to work on /opt/airflow/dags/weather_flood_pipeline.py
[2026-03-15T18:33:09.330+0000] {processor.py:830} INFO - Processing file /opt/airflow/dags/weather_flood_pipeline.py for tasks to queue
[2026-03-15T18:33:09.332+0000] {logging_mixin.py:188} INFO - [2026-03-15T18:33:09.332+0000] {dagbag.py:540} INFO - Filling up the DagBag from /opt/airflow/dags/weather_flood_pipeline.py
[2026-03-15T18:33:09.346+0000] {processor.py:840} INFO - DAG(s) 'danang_flood_forecasting_etl' retrieved from /opt/airflow/dags/weather_flood_pipeline.py
[2026-03-15T18:33:09.364+0000] {logging_mixin.py:188} INFO - [2026-03-15T18:33:09.363+0000] {dag.py:3047} INFO - Sync 1 DAGs
[2026-03-15T18:33:09.381+0000] {logging_mixin.py:188} INFO - [2026-03-15T18:33:09.381+0000] {dag.py:3834} INFO - Setting next_dagrun for danang_flood_forecasting_etl to 2026-03-14 00:00:00+00:00, run_after=2026-03-15 00:00:00+00:00
[2026-03-15T18:33:09.403+0000] {processor.py:183} INFO - Processing /opt/airflow/dags/weather_flood_pipeline.py took 0.077 seconds
[2026-03-15T18:34:05.931+0000] {processor.py:161} INFO - Started process (PID=216) to work on /opt/airflow/dags/weather_flood_pipeline.py
[2026-03-15T18:34:05.933+0000] {processor.py:830} INFO - Processing file /opt/airflow/dags/weather_flood_pipeline.py for tasks to queue
[2026-03-15T18:34:05.936+0000] {logging_mixin.py:188} INFO - [2026-03-15T18:34:05.935+0000] {dagbag.py:540} INFO - Filling up the DagBag from /opt/airflow/dags/weather_flood_pipeline.py
[2026-03-15T18:34:05.948+0000] {processor.py:840} INFO - DAG(s) 'danang_flood_forecasting_etl' retrieved from /opt/airflow/dags/weather_flood_pipeline.py
[2026-03-15T18:34:05.964+0000] {logging_mixin.py:188} INFO - [2026-03-15T18:34:05.964+0000] {dag.py:3047} INFO - Sync 1 DAGs
[2026-03-15T18:34:05.979+0000] {logging_mixin.py:188} INFO - [2026-03-15T18:34:05.979+0000] {dag.py:3834} INFO - Setting next_dagrun for danang_flood_forecasting_etl to 2026-03-14 00:00:00+00:00, run_after=2026-03-15 00:00:00+00:00
[2026-03-15T18:34:05.996+0000] {processor.py:183} INFO - Processing /opt/airflow/dags/weather_flood_pipeline.py took 0.067 seconds
[2026-03-15T18:34:36.134+0000] {processor.py:161} INFO - Started process (PID=272) to work on /opt/airflow/dags/weather_flood_pipeline.py
[2026-03-15T18:34:36.135+0000] {processor.py:830} INFO - Processing file /opt/airflow/dags/weather_flood_pipeline.py for tasks to queue
[2026-03-15T18:34:36.139+0000] {logging_mixin.py:188} INFO - [2026-03-15T18:34:36.139+0000] {dagbag.py:540} INFO - Filling up the DagBag from /opt/airflow/dags/weather_flood_pipeline.py
[2026-03-15T18:34:36.154+0000] {processor.py:840} INFO - DAG(s) 'danang_flood_forecasting_etl' retrieved from /opt/airflow/dags/weather_flood_pipeline.py
[2026-03-15T18:34:36.172+0000] {logging_mixin.py:188} INFO - [2026-03-15T18:34:36.172+0000] {dag.py:3047} INFO - Sync 1 DAGs
[2026-03-15T18:34:36.191+0000] {logging_mixin.py:188} INFO - [2026-03-15T18:34:36.190+0000] {dag.py:3834} INFO - Setting next_dagrun for danang_flood_forecasting_etl to 2026-03-14 00:00:00+00:00, run_after=2026-03-15 00:00:00+00:00
[2026-03-15T18:34:36.206+0000] {processor.py:183} INFO - Processing /opt/airflow/dags/weather_flood_pipeline.py took 0.075 seconds
[2026-03-15T18:34:42.741+0000] {processor.py:161} INFO - Started process (PID=38) to work on /opt/airflow/dags/weather_flood_pipeline.py
[2026-03-15T18:34:42.744+0000] {processor.py:830} INFO - Processing file /opt/airflow/dags/weather_flood_pipeline.py for tasks to queue
[2026-03-15T18:34:42.748+0000] {logging_mixin.py:188} INFO - [2026-03-15T18:34:42.748+0000] {dagbag.py:540} INFO - Filling up the DagBag from /opt/airflow/dags/weather_flood_pipeline.py
[2026-03-15T18:34:42.782+0000] {processor.py:840} INFO - DAG(s) 'danang_flood_forecasting_etl' retrieved from /opt/airflow/dags/weather_flood_pipeline.py
[2026-03-15T18:34:42.965+0000] {logging_mixin.py:188} INFO - [2026-03-15T18:34:42.965+0000] {dag.py:3047} INFO - Sync 1 DAGs
[2026-03-15T18:34:42.983+0000] {logging_mixin.py:188} INFO - [2026-03-15T18:34:42.983+0000] {dag.py:3834} INFO - Setting next_dagrun for danang_flood_forecasting_etl to 2026-03-14 00:00:00+00:00, run_after=2026-03-15 00:00:00+00:00
[2026-03-15T18:34:43.007+0000] {processor.py:183} INFO - Processing /opt/airflow/dags/weather_flood_pipeline.py took 0.275 seconds
[2026-03-15T18:35:36.143+0000] {processor.py:161} INFO - Started process (PID=88) to work on /opt/airflow/dags/weather_flood_pipeline.py
[2026-03-15T18:35:36.145+0000] {processor.py:830} INFO - Processing file /opt/airflow/dags/weather_flood_pipeline.py for tasks to queue
[2026-03-15T18:35:36.147+0000] {logging_mixin.py:188} INFO - [2026-03-15T18:35:36.146+0000] {dagbag.py:540} INFO - Filling up the DagBag from /opt/airflow/dags/weather_flood_pipeline.py
[2026-03-15T18:35:36.162+0000] {processor.py:840} INFO - DAG(s) 'danang_flood_forecasting_etl' retrieved from /opt/airflow/dags/weather_flood_pipeline.py
[2026-03-15T18:34:47.019+0000] {logging_mixin.py:188} INFO - [2026-03-15T18:34:47.018+0000] {dag.py:3047} INFO - Sync 1 DAGs
[2026-03-15T18:35:36.207+0000] {logging_mixin.py:188} INFO - [2026-03-15T18:35:36.207+0000] {dag.py:3834} INFO - Setting next_dagrun for danang_flood_forecasting_etl to 2026-03-14 00:00:00+00:00, run_after=2026-03-15 00:00:00+00:00
[2026-03-15T18:34:47.268+0000] {processor.py:183} INFO - Processing /opt/airflow/dags/weather_flood_pipeline.py took 0.320 seconds
[2026-03-15T18:35:17.462+0000] {processor.py:161} INFO - Started process (PID=144) to work on /opt/airflow/dags/weather_flood_pipeline.py
[2026-03-15T18:35:17.464+0000] {processor.py:830} INFO - Processing file /opt/airflow/dags/weather_flood_pipeline.py for tasks to queue
[2026-03-15T18:35:17.469+0000] {logging_mixin.py:188} INFO - [2026-03-15T18:35:17.468+0000] {dagbag.py:540} INFO - Filling up the DagBag from /opt/airflow/dags/weather_flood_pipeline.py
[2026-03-15T18:35:17.487+0000] {processor.py:840} INFO - DAG(s) 'danang_flood_forecasting_etl' retrieved from /opt/airflow/dags/weather_flood_pipeline.py
[2026-03-15T18:35:17.508+0000] {logging_mixin.py:188} INFO - [2026-03-15T18:35:17.508+0000] {dag.py:3047} INFO - Sync 1 DAGs
[2026-03-15T18:35:17.526+0000] {logging_mixin.py:188} INFO - [2026-03-15T18:35:17.526+0000] {dag.py:3834} INFO - Setting next_dagrun for danang_flood_forecasting_etl to 2026-03-14 00:00:00+00:00, run_after=2026-03-15 00:00:00+00:00
[2026-03-15T18:35:17.545+0000] {processor.py:183} INFO - Processing /opt/airflow/dags/weather_flood_pipeline.py took 0.086 seconds
[2026-03-15T18:39:26.896+0000] {processor.py:161} INFO - Started process (PID=50) to work on /opt/airflow/dags/weather_flood_pipeline.py
[2026-03-15T18:39:26.898+0000] {processor.py:830} INFO - Processing file /opt/airflow/dags/weather_flood_pipeline.py for tasks to queue
[2026-03-15T18:39:26.901+0000] {logging_mixin.py:188} INFO - [2026-03-15T18:39:26.900+0000] {dagbag.py:540} INFO - Filling up the DagBag from /opt/airflow/dags/weather_flood_pipeline.py
[2026-03-15T18:39:26.942+0000] {processor.py:840} INFO - DAG(s) 'danang_flood_forecasting_etl' retrieved from /opt/airflow/dags/weather_flood_pipeline.py
[2026-03-15T18:39:27.122+0000] {logging_mixin.py:188} INFO - [2026-03-15T18:39:27.121+0000] {dag.py:3047} INFO - Sync 1 DAGs
[2026-03-15T18:39:27.153+0000] {logging_mixin.py:188} INFO - [2026-03-15T18:39:27.152+0000] {dag.py:3834} INFO - Setting next_dagrun for danang_flood_forecasting_etl to 2026-03-14 00:00:00+00:00, run_after=2026-03-15 00:00:00+00:00
[2026-03-15T18:39:27.187+0000] {processor.py:183} INFO - Processing /opt/airflow/dags/weather_flood_pipeline.py took 0.295 seconds
[2026-03-15T18:39:57.381+0000] {processor.py:161} INFO - Started process (PID=112) to work on /opt/airflow/dags/weather_flood_pipeline.py
[2026-03-15T18:39:57.382+0000] {processor.py:830} INFO - Processing file /opt/airflow/dags/weather_flood_pipeline.py for tasks to queue
[2026-03-15T18:39:57.385+0000] {logging_mixin.py:188} INFO - [2026-03-15T18:39:57.385+0000] {dagbag.py:540} INFO - Filling up the DagBag from /opt/airflow/dags/weather_flood_pipeline.py
[2026-03-15T18:39:57.409+0000] {processor.py:840} INFO - DAG(s) 'danang_flood_forecasting_etl' retrieved from /opt/airflow/dags/weather_flood_pipeline.py
[2026-03-15T18:39:57.424+0000] {logging_mixin.py:188} INFO - [2026-03-15T18:39:57.424+0000] {dag.py:3047} INFO - Sync 1 DAGs
[2026-03-15T18:39:57.441+0000] {logging_mixin.py:188} INFO - [2026-03-15T18:39:57.441+0000] {dag.py:3834} INFO - Setting next_dagrun for danang_flood_forecasting_etl to 2026-03-15 00:00:00+00:00, run_after=2026-03-16 00:00:00+00:00
[2026-03-15T18:39:57.474+0000] {processor.py:183} INFO - Processing /opt/airflow/dags/weather_flood_pipeline.py took 0.097 seconds
[2026-03-15T18:40:46.824+0000] {processor.py:161} INFO - Started process (PID=116) to work on /opt/airflow/dags/weather_flood_pipeline.py
[2026-03-15T18:40:46.825+0000] {processor.py:830} INFO - Processing file /opt/airflow/dags/weather_flood_pipeline.py for tasks to queue
[2026-03-15T18:40:46.827+0000] {logging_mixin.py:188} INFO - [2026-03-15T18:40:46.826+0000] {dagbag.py:540} INFO - Filling up the DagBag from /opt/airflow/dags/weather_flood_pipeline.py
[2026-03-15T18:40:46.841+0000] {processor.py:840} INFO - DAG(s) 'danang_flood_forecasting_etl' retrieved from /opt/airflow/dags/weather_flood_pipeline.py
[2026-03-15T18:40:46.858+0000] {logging_mixin.py:188} INFO - [2026-03-15T18:40:46.857+0000] {dag.py:3047} INFO - Sync 1 DAGs
[2026-03-15T18:40:46.875+0000] {logging_mixin.py:188} INFO - [2026-03-15T18:40:46.875+0000] {dag.py:3834} INFO - Setting next_dagrun for danang_flood_forecasting_etl to 2026-03-15 00:00:00+00:00, run_after=2026-03-16 00:00:00+00:00
[2026-03-15T18:40:46.896+0000] {processor.py:183} INFO - Processing /opt/airflow/dags/weather_flood_pipeline.py took 0.075 seconds
[2026-03-15T18:41:21.908+0000] {processor.py:161} INFO - Started process (PID=220) to work on /opt/airflow/dags/weather_flood_pipeline.py
[2026-03-15T18:41:21.909+0000] {processor.py:830} INFO - Processing file /opt/airflow/dags/weather_flood_pipeline.py for tasks to queue
[2026-03-15T18:41:21.911+0000] {logging_mixin.py:188} INFO - [2026-03-15T18:41:21.911+0000] {dagbag.py:540} INFO - Filling up the DagBag from /opt/airflow/dags/weather_flood_pipeline.py
[2026-03-15T18:41:21.922+0000] {processor.py:840} INFO - DAG(s) 'danang_flood_forecasting_etl' retrieved from /opt/airflow/dags/weather_flood_pipeline.py
[2026-03-15T18:41:21.936+0000] {logging_mixin.py:188} INFO - [2026-03-15T18:41:21.935+0000] {dag.py:3047} INFO - Sync 1 DAGs
[2026-03-15T18:41:21.950+0000] {logging_mixin.py:188} INFO - [2026-03-15T18:41:21.950+0000] {dag.py:3834} INFO - Setting next_dagrun for danang_flood_forecasting_etl to 2026-03-15 00:00:00+00:00, run_after=2026-03-16 00:00:00+00:00
[2026-03-15T18:40:32.772+0000] {processor.py:183} INFO - Processing /opt/airflow/dags/weather_flood_pipeline.py took 0.058 seconds
[2026-03-15T18:41:26.887+0000] {processor.py:161} INFO - Started process (PID=264) to work on /opt/airflow/dags/weather_flood_pipeline.py
[2026-03-15T18:41:26.888+0000] {processor.py:830} INFO - Processing file /opt/airflow/dags/weather_flood_pipeline.py for tasks to queue
[2026-03-15T18:41:26.889+0000] {logging_mixin.py:188} INFO - [2026-03-15T18:41:26.889+0000] {dagbag.py:540} INFO - Filling up the DagBag from /opt/airflow/dags/weather_flood_pipeline.py
[2026-03-15T18:41:26.900+0000] {processor.py:840} INFO - DAG(s) 'danang_flood_forecasting_etl' retrieved from /opt/airflow/dags/weather_flood_pipeline.py
[2026-03-15T18:41:26.914+0000] {logging_mixin.py:188} INFO - [2026-03-15T18:41:26.914+0000] {dag.py:3047} INFO - Sync 1 DAGs
[2026-03-15T18:41:26.929+0000] {logging_mixin.py:188} INFO - [2026-03-15T18:41:26.929+0000] {dag.py:3834} INFO - Setting next_dagrun for danang_flood_forecasting_etl to 2026-03-15 00:00:00+00:00, run_after=2026-03-16 00:00:00+00:00
[2026-03-15T18:41:26.947+0000] {processor.py:183} INFO - Processing /opt/airflow/dags/weather_flood_pipeline.py took 0.062 seconds
[2026-03-15T18:41:57.049+0000] {processor.py:161} INFO - Started process (PID=476) to work on /opt/airflow/dags/weather_flood_pipeline.py
[2026-03-15T18:41:57.050+0000] {processor.py:830} INFO - Processing file /opt/airflow/dags/weather_flood_pipeline.py for tasks to queue
[2026-03-15T18:41:57.052+0000] {logging_mixin.py:188} INFO - [2026-03-15T18:41:57.052+0000] {dagbag.py:540} INFO - Filling up the DagBag from /opt/airflow/dags/weather_flood_pipeline.py
[2026-03-15T18:41:57.066+0000] {processor.py:840} INFO - DAG(s) 'danang_flood_forecasting_etl' retrieved from /opt/airflow/dags/weather_flood_pipeline.py
[2026-03-15T18:41:57.081+0000] {logging_mixin.py:188} INFO - [2026-03-15T18:41:57.081+0000] {dag.py:3047} INFO - Sync 1 DAGs
[2026-03-15T18:41:57.101+0000] {logging_mixin.py:188} INFO - [2026-03-15T18:41:57.101+0000] {dag.py:3834} INFO - Setting next_dagrun for danang_flood_forecasting_etl to 2026-03-15 00:00:00+00:00, run_after=2026-03-16 00:00:00+00:00
[2026-03-15T18:41:57.116+0000] {processor.py:183} INFO - Processing /opt/airflow/dags/weather_flood_pipeline.py took 0.070 seconds
[2026-03-15T18:42:27.726+0000] {processor.py:161} INFO - Started process (PID=529) to work on /opt/airflow/dags/weather_flood_pipeline.py
[2026-03-15T18:42:27.727+0000] {processor.py:830} INFO - Processing file /opt/airflow/dags/weather_flood_pipeline.py for tasks to queue
[2026-03-15T18:42:27.731+0000] {logging_mixin.py:188} INFO - [2026-03-15T18:42:27.731+0000] {dagbag.py:540} INFO - Filling up the DagBag from /opt/airflow/dags/weather_flood_pipeline.py
[2026-03-15T18:43:16.959+0000] {processor.py:840} INFO - DAG(s) 'danang_flood_forecasting_etl' retrieved from /opt/airflow/dags/weather_flood_pipeline.py
[2026-03-15T18:43:17.006+0000] {logging_mixin.py:188} INFO - [2026-03-15T18:43:17.005+0000] {dag.py:3047} INFO - Sync 1 DAGs
[2026-03-15T18:43:17.041+0000] {logging_mixin.py:188} INFO - [2026-03-15T18:43:17.041+0000] {dag.py:3834} INFO - Setting next_dagrun for danang_flood_forecasting_etl to 2026-03-15 00:00:00+00:00, run_after=2026-03-16 00:00:00+00:00
[2026-03-15T18:43:17.071+0000] {processor.py:183} INFO - Processing /opt/airflow/dags/weather_flood_pipeline.py took 0.163 seconds
[2026-03-15T18:44:22.085+0000] {processor.py:161} INFO - Started process (PID=682) to work on /opt/airflow/dags/weather_flood_pipeline.py
[2026-03-15T18:44:22.086+0000] {processor.py:830} INFO - Processing file /opt/airflow/dags/weather_flood_pipeline.py for tasks to queue
[2026-03-15T18:44:22.088+0000] {logging_mixin.py:188} INFO - [2026-03-15T18:44:22.088+0000] {dagbag.py:540} INFO - Filling up the DagBag from /opt/airflow/dags/weather_flood_pipeline.py
[2026-03-15T18:44:22.099+0000] {processor.py:840} INFO - DAG(s) 'danang_flood_forecasting_etl' retrieved from /opt/airflow/dags/weather_flood_pipeline.py
[2026-03-15T18:44:22.115+0000] {logging_mixin.py:188} INFO - [2026-03-15T18:44:22.115+0000] {dag.py:3047} INFO - Sync 1 DAGs
[2026-03-15T18:44:22.131+0000] {logging_mixin.py:188} INFO - [2026-03-15T18:44:22.131+0000] {dag.py:3834} INFO - Setting next_dagrun for danang_flood_forecasting_etl to 2026-03-15 00:00:00+00:00, run_after=2026-03-16 00:00:00+00:00
[2026-03-15T18:44:22.147+0000] {processor.py:183} INFO - Processing /opt/airflow/dags/weather_flood_pipeline.py took 0.065 seconds
[2026-03-15T18:45:36.195+0000] {processor.py:161} INFO - Started process (PID=838) to work on /opt/airflow/dags/weather_flood_pipeline.py
[2026-03-15T18:45:36.196+0000] {processor.py:830} INFO - Processing file /opt/airflow/dags/weather_flood_pipeline.py for tasks to queue
[2026-03-15T18:45:36.199+0000] {logging_mixin.py:188} INFO - [2026-03-15T18:45:36.198+0000] {dagbag.py:540} INFO - Filling up the DagBag from /opt/airflow/dags/weather_flood_pipeline.py
[2026-03-15T18:45:36.212+0000] {processor.py:840} INFO - DAG(s) 'danang_flood_forecasting_etl' retrieved from /opt/airflow/dags/weather_flood_pipeline.py
[2026-03-15T18:45:36.228+0000] {logging_mixin.py:188} INFO - [2026-03-15T18:45:36.227+0000] {dag.py:3047} INFO - Sync 1 DAGs
[2026-03-15T18:44:47.084+0000] {logging_mixin.py:188} INFO - [2026-03-15T18:44:47.084+0000] {dag.py:3834} INFO - Setting next_dagrun for danang_flood_forecasting_etl to 2026-03-15 00:00:00+00:00, run_after=2026-03-16 00:00:00+00:00
[2026-03-15T18:44:47.110+0000] {processor.py:183} INFO - Processing /opt/airflow/dags/weather_flood_pipeline.py took 0.083 seconds
