[2026-03-15T17:04:59.778+0000] {processor.py:161} INFO - Started process (PID=72) to work on /home/airflow/.local/lib/python3.11/site-packages/airflow/example_dags/example_sla_dag.py
[2026-03-15T17:04:59.780+0000] {processor.py:830} INFO - Processing file /home/airflow/.local/lib/python3.11/site-packages/airflow/example_dags/example_sla_dag.py for tasks to queue
[2026-03-15T17:04:59.782+0000] {logging_mixin.py:188} INFO - [2026-03-15T17:04:59.782+0000] {dagbag.py:540} INFO - Filling up the DagBag from /home/airflow/.local/lib/python3.11/site-packages/airflow/example_dags/example_sla_dag.py
[2026-03-15T17:04:59.795+0000] {processor.py:840} INFO - DAG(s) 'example_sla_dag' retrieved from /home/airflow/.local/lib/python3.11/site-packages/airflow/example_dags/example_sla_dag.py
[2026-03-15T17:04:59.809+0000] {logging_mixin.py:188} INFO - [2026-03-15T17:04:59.808+0000] {dag.py:3047} INFO - Sync 1 DAGs
[2026-03-15T17:04:59.830+0000] {logging_mixin.py:188} INFO - [2026-03-15T17:04:59.830+0000] {dag.py:3834} INFO - Setting next_dagrun for example_sla_dag to 2026-03-15 17:02:00+00:00, run_after=2026-03-15 17:04:00+00:00
[2026-03-15T17:04:59.846+0000] {processor.py:183} INFO - Processing /home/airflow/.local/lib/python3.11/site-packages/airflow/example_dags/example_sla_dag.py took 0.071 seconds
[2026-03-15T17:05:30.605+0000] {processor.py:161} INFO - Started process (PID=128) to work on /home/airflow/.local/lib/python3.11/site-packages/airflow/example_dags/example_sla_dag.py
[2026-03-15T17:05:30.606+0000] {processor.py:830} INFO - Processing file /home/airflow/.local/lib/python3.11/site-packages/airflow/example_dags/example_sla_dag.py for tasks to queue
[2026-03-15T17:05:30.609+0000] {logging_mixin.py:188} INFO - [2026-03-15T17:05:30.609+0000] {dagbag.py:540} INFO - Filling up the DagBag from /home/airflow/.local/lib/python3.11/site-packages/airflow/example_dags/example_sla_dag.py
[2026-03-15T17:05:30.620+0000] {processor.py:840} INFO - DAG(s) 'example_sla_dag' retrieved from /home/airflow/.local/lib/python3.11/site-packages/airflow/example_dags/example_sla_dag.py
[2026-03-15T17:05:30.706+0000] {logging_mixin.py:188} INFO - [2026-03-15T17:05:30.706+0000] {dag.py:3047} INFO - Sync 1 DAGs
[2026-03-15T17:05:30.727+0000] {logging_mixin.py:188} INFO - [2026-03-15T17:05:30.727+0000] {dag.py:3834} INFO - Setting next_dagrun for example_sla_dag to 2026-03-15 17:02:00+00:00, run_after=2026-03-15 17:04:00+00:00
[2026-03-15T17:05:30.745+0000] {processor.py:183} INFO - Processing /home/airflow/.local/lib/python3.11/site-packages/airflow/example_dags/example_sla_dag.py took 0.144 seconds
[2026-03-15T17:06:32.269+0000] {processor.py:161} INFO - Started process (PID=182) to work on /home/airflow/.local/lib/python3.11/site-packages/airflow/example_dags/example_sla_dag.py
[2026-03-15T17:06:32.270+0000] {processor.py:830} INFO - Processing file /home/airflow/.local/lib/python3.11/site-packages/airflow/example_dags/example_sla_dag.py for tasks to queue
[2026-03-15T17:06:32.272+0000] {logging_mixin.py:188} INFO - [2026-03-15T17:06:32.272+0000] {dagbag.py:540} INFO - Filling up the DagBag from /home/airflow/.local/lib/python3.11/site-packages/airflow/example_dags/example_sla_dag.py
[2026-03-15T17:06:32.279+0000] {processor.py:840} INFO - DAG(s) 'example_sla_dag' retrieved from /home/airflow/.local/lib/python3.11/site-packages/airflow/example_dags/example_sla_dag.py
[2026-03-15T17:06:32.295+0000] {logging_mixin.py:188} INFO - [2026-03-15T17:06:32.295+0000] {dag.py:3047} INFO - Sync 1 DAGs
[2026-03-15T17:06:32.313+0000] {logging_mixin.py:188} INFO - [2026-03-15T17:06:32.313+0000] {dag.py:3834} INFO - Setting next_dagrun for example_sla_dag to 2026-03-15 17:04:00+00:00, run_after=2026-03-15 17:06:00+00:00
[2026-03-15T17:06:32.327+0000] {processor.py:183} INFO - Processing /home/airflow/.local/lib/python3.11/site-packages/airflow/example_dags/example_sla_dag.py took 0.062 seconds
[2026-03-15T17:07:03.329+0000] {processor.py:161} INFO - Started process (PID=249) to work on /home/airflow/.local/lib/python3.11/site-packages/airflow/example_dags/example_sla_dag.py
[2026-03-15T17:07:03.330+0000] {processor.py:830} INFO - Processing file /home/airflow/.local/lib/python3.11/site-packages/airflow/example_dags/example_sla_dag.py for tasks to queue
[2026-03-15T17:07:03.332+0000] {logging_mixin.py:188} INFO - [2026-03-15T17:07:03.331+0000] {dagbag.py:540} INFO - Filling up the DagBag from /home/airflow/.local/lib/python3.11/site-packages/airflow/example_dags/example_sla_dag.py
[2026-03-15T17:07:03.343+0000] {processor.py:840} INFO - DAG(s) 'example_sla_dag' retrieved from /home/airflow/.local/lib/python3.11/site-packages/airflow/example_dags/example_sla_dag.py
[2026-03-15T17:06:14.217+0000] {logging_mixin.py:188} INFO - [2026-03-15T17:06:14.216+0000] {dag.py:3047} INFO - Sync 1 DAGs
[2026-03-15T17:06:14.236+0000] {logging_mixin.py:188} INFO - [2026-03-15T17:06:14.236+0000] {dag.py:3834} INFO - Setting next_dagrun for example_sla_dag to 2026-03-15 17:04:00+00:00, run_after=2026-03-15 17:06:00+00:00
[2026-03-15T17:06:14.254+0000] {processor.py:183} INFO - Processing /home/airflow/.local/lib/python3.11/site-packages/airflow/example_dags/example_sla_dag.py took 0.076 seconds
[2026-03-15T17:06:19.134+0000] {processor.py:161} INFO - Started process (PID=295) to work on /home/airflow/.local/lib/python3.11/site-packages/airflow/example_dags/example_sla_dag.py
[2026-03-15T17:06:19.135+0000] {processor.py:830} INFO - Processing file /home/airflow/.local/lib/python3.11/site-packages/airflow/example_dags/example_sla_dag.py for tasks to queue
[2026-03-15T17:06:19.137+0000] {logging_mixin.py:188} INFO - [2026-03-15T17:06:19.137+0000] {dagbag.py:540} INFO - Filling up the DagBag from /home/airflow/.local/lib/python3.11/site-packages/airflow/example_dags/example_sla_dag.py
[2026-03-15T17:06:19.146+0000] {processor.py:840} INFO - DAG(s) 'example_sla_dag' retrieved from /home/airflow/.local/lib/python3.11/site-packages/airflow/example_dags/example_sla_dag.py
[2026-03-15T17:06:19.165+0000] {logging_mixin.py:188} INFO - [2026-03-15T17:06:19.165+0000] {dag.py:3047} INFO - Sync 1 DAGs
[2026-03-15T17:06:19.192+0000] {logging_mixin.py:188} INFO - [2026-03-15T17:06:19.192+0000] {dag.py:3834} INFO - Setting next_dagrun for example_sla_dag to 2026-03-15 17:04:00+00:00, run_after=2026-03-15 17:06:00+00:00
[2026-03-15T17:06:19.217+0000] {processor.py:183} INFO - Processing /home/airflow/.local/lib/python3.11/site-packages/airflow/example_dags/example_sla_dag.py took 0.086 seconds
[2026-03-15T17:07:18.359+0000] {processor.py:161} INFO - Started process (PID=341) to work on /home/airflow/.local/lib/python3.11/site-packages/airflow/example_dags/example_sla_dag.py
[2026-03-15T17:07:18.360+0000] {processor.py:830} INFO - Processing file /home/airflow/.local/lib/python3.11/site-packages/airflow/example_dags/example_sla_dag.py for tasks to queue
[2026-03-15T17:07:18.361+0000] {logging_mixin.py:188} INFO - [2026-03-15T17:07:18.361+0000] {dagbag.py:540} INFO - Filling up the DagBag from /home/airflow/.local/lib/python3.11/site-packages/airflow/example_dags/example_sla_dag.py
[2026-03-15T17:07:18.367+0000] {processor.py:840} INFO - DAG(s) 'example_sla_dag' retrieved from /home/airflow/.local/lib/python3.11/site-packages/airflow/example_dags/example_sla_dag.py
[2026-03-15T17:06:29.233+0000] {logging_mixin.py:188} INFO - [2026-03-15T17:06:29.233+0000] {dag.py:3047} INFO - Sync 1 DAGs
[2026-03-15T17:06:29.250+0000] {logging_mixin.py:188} INFO - [2026-03-15T17:06:29.250+0000] {dag.py:3834} INFO - Setting next_dagrun for example_sla_dag to 2026-03-15 17:04:00+00:00, run_after=2026-03-15 17:06:00+00:00
[2026-03-15T17:06:29.270+0000] {processor.py:183} INFO - Processing /home/airflow/.local/lib/python3.11/site-packages/airflow/example_dags/example_sla_dag.py took 0.062 seconds
[2026-03-15T17:07:33.861+0000] {processor.py:161} INFO - Started process (PID=394) to work on /home/airflow/.local/lib/python3.11/site-packages/airflow/example_dags/example_sla_dag.py
[2026-03-15T17:07:33.862+0000] {processor.py:830} INFO - Processing file /home/airflow/.local/lib/python3.11/site-packages/airflow/example_dags/example_sla_dag.py for tasks to queue
[2026-03-15T17:07:33.864+0000] {logging_mixin.py:188} INFO - [2026-03-15T17:07:33.863+0000] {dagbag.py:540} INFO - Filling up the DagBag from /home/airflow/.local/lib/python3.11/site-packages/airflow/example_dags/example_sla_dag.py
[2026-03-15T17:07:33.870+0000] {processor.py:840} INFO - DAG(s) 'example_sla_dag' retrieved from /home/airflow/.local/lib/python3.11/site-packages/airflow/example_dags/example_sla_dag.py
[2026-03-15T17:07:33.883+0000] {logging_mixin.py:188} INFO - [2026-03-15T17:07:33.883+0000] {dag.py:3047} INFO - Sync 1 DAGs
[2026-03-15T17:07:33.898+0000] {logging_mixin.py:188} INFO - [2026-03-15T17:07:33.898+0000] {dag.py:3834} INFO - Setting next_dagrun for example_sla_dag to 2026-03-15 17:04:00+00:00, run_after=2026-03-15 17:06:00+00:00
[2026-03-15T17:07:33.910+0000] {processor.py:183} INFO - Processing /home/airflow/.local/lib/python3.11/site-packages/airflow/example_dags/example_sla_dag.py took 0.052 seconds
[2026-03-15T17:08:08.301+0000] {processor.py:161} INFO - Started process (PID=450) to work on /home/airflow/.local/lib/python3.11/site-packages/airflow/example_dags/example_sla_dag.py
[2026-03-15T17:08:08.302+0000] {processor.py:830} INFO - Processing file /home/airflow/.local/lib/python3.11/site-packages/airflow/example_dags/example_sla_dag.py for tasks to queue
[2026-03-15T17:08:08.303+0000] {logging_mixin.py:188} INFO - [2026-03-15T17:08:08.303+0000] {dagbag.py:540} INFO - Filling up the DagBag from /home/airflow/.local/lib/python3.11/site-packages/airflow/example_dags/example_sla_dag.py
[2026-03-15T17:08:08.310+0000] {processor.py:840} INFO - DAG(s) 'example_sla_dag' retrieved from /home/airflow/.local/lib/python3.11/site-packages/airflow/example_dags/example_sla_dag.py
[2026-03-15T17:08:08.324+0000] {logging_mixin.py:188} INFO - [2026-03-15T17:08:08.324+0000] {dag.py:3047} INFO - Sync 1 DAGs
[2026-03-15T17:08:08.342+0000] {logging_mixin.py:188} INFO - [2026-03-15T17:08:08.342+0000] {dag.py:3834} INFO - Setting next_dagrun for example_sla_dag to 2026-03-15 17:06:00+00:00, run_after=2026-03-15 17:08:00+00:00
[2026-03-15T17:08:08.356+0000] {processor.py:183} INFO - Processing /home/airflow/.local/lib/python3.11/site-packages/airflow/example_dags/example_sla_dag.py took 0.058 seconds
[2026-03-15T17:14:18.135+0000] {processor.py:161} INFO - Started process (PID=69) to work on /home/airflow/.local/lib/python3.11/site-packages/airflow/example_dags/example_sla_dag.py
[2026-03-15T17:14:18.136+0000] {processor.py:830} INFO - Processing file /home/airflow/.local/lib/python3.11/site-packages/airflow/example_dags/example_sla_dag.py for tasks to queue
[2026-03-15T17:14:18.139+0000] {logging_mixin.py:188} INFO - [2026-03-15T17:14:18.139+0000] {dagbag.py:540} INFO - Filling up the DagBag from /home/airflow/.local/lib/python3.11/site-packages/airflow/example_dags/example_sla_dag.py
[2026-03-15T17:14:18.148+0000] {processor.py:840} INFO - DAG(s) 'example_sla_dag' retrieved from /home/airflow/.local/lib/python3.11/site-packages/airflow/example_dags/example_sla_dag.py
[2026-03-15T17:14:18.174+0000] {logging_mixin.py:188} INFO - [2026-03-15T17:14:18.174+0000] {dag.py:3047} INFO - Sync 1 DAGs
[2026-03-15T17:14:18.194+0000] {logging_mixin.py:188} INFO - [2026-03-15T17:14:18.194+0000] {dag.py:3834} INFO - Setting next_dagrun for example_sla_dag to 2026-03-15 17:12:00+00:00, run_after=2026-03-15 17:14:00+00:00
[2026-03-15T17:14:18.210+0000] {processor.py:183} INFO - Processing /home/airflow/.local/lib/python3.11/site-packages/airflow/example_dags/example_sla_dag.py took 0.077 seconds
[2026-03-15T17:14:48.920+0000] {processor.py:161} INFO - Started process (PID=125) to work on /home/airflow/.local/lib/python3.11/site-packages/airflow/example_dags/example_sla_dag.py
[2026-03-15T17:14:48.921+0000] {processor.py:830} INFO - Processing file /home/airflow/.local/lib/python3.11/site-packages/airflow/example_dags/example_sla_dag.py for tasks to queue
[2026-03-15T17:14:48.923+0000] {logging_mixin.py:188} INFO - [2026-03-15T17:14:48.922+0000] {dagbag.py:540} INFO - Filling up the DagBag from /home/airflow/.local/lib/python3.11/site-packages/airflow/example_dags/example_sla_dag.py
[2026-03-15T17:14:48.930+0000] {processor.py:840} INFO - DAG(s) 'example_sla_dag' retrieved from /home/airflow/.local/lib/python3.11/site-packages/airflow/example_dags/example_sla_dag.py
[2026-03-15T17:14:48.945+0000] {logging_mixin.py:188} INFO - [2026-03-15T17:14:48.945+0000] {dag.py:3047} INFO - Sync 1 DAGs
[2026-03-15T17:14:48.961+0000] {logging_mixin.py:188} INFO - [2026-03-15T17:14:48.961+0000] {dag.py:3834} INFO - Setting next_dagrun for example_sla_dag to 2026-03-15 17:12:00+00:00, run_after=2026-03-15 17:14:00+00:00
[2026-03-15T17:14:48.972+0000] {processor.py:183} INFO - Processing /home/airflow/.local/lib/python3.11/site-packages/airflow/example_dags/example_sla_dag.py took 0.055 seconds
[2026-03-15T17:15:54.687+0000] {processor.py:161} INFO - Started process (PID=170) to work on /home/airflow/.local/lib/python3.11/site-packages/airflow/example_dags/example_sla_dag.py
[2026-03-15T17:15:54.688+0000] {processor.py:830} INFO - Processing file /home/airflow/.local/lib/python3.11/site-packages/airflow/example_dags/example_sla_dag.py for tasks to queue
[2026-03-15T17:15:54.690+0000] {logging_mixin.py:188} INFO - [2026-03-15T17:15:54.690+0000] {dagbag.py:540} INFO - Filling up the DagBag from /home/airflow/.local/lib/python3.11/site-packages/airflow/example_dags/example_sla_dag.py
[2026-03-15T17:15:54.697+0000] {processor.py:840} INFO - DAG(s) 'example_sla_dag' retrieved from /home/airflow/.local/lib/python3.11/site-packages/airflow/example_dags/example_sla_dag.py
[2026-03-15T17:15:54.712+0000] {logging_mixin.py:188} INFO - [2026-03-15T17:15:54.712+0000] {dag.py:3047} INFO - Sync 1 DAGs
[2026-03-15T17:15:54.729+0000] {logging_mixin.py:188} INFO - [2026-03-15T17:15:54.729+0000] {dag.py:3834} INFO - Setting next_dagrun for example_sla_dag to 2026-03-15 17:12:00+00:00, run_after=2026-03-15 17:14:00+00:00
[2026-03-15T17:15:54.741+0000] {processor.py:183} INFO - Processing /home/airflow/.local/lib/python3.11/site-packages/airflow/example_dags/example_sla_dag.py took 0.058 seconds
[2026-03-15T17:16:25.455+0000] {processor.py:161} INFO - Started process (PID=329) to work on /home/airflow/.local/lib/python3.11/site-packages/airflow/example_dags/example_sla_dag.py
[2026-03-15T17:16:25.456+0000] {processor.py:830} INFO - Processing file /home/airflow/.local/lib/python3.11/site-packages/airflow/example_dags/example_sla_dag.py for tasks to queue
[2026-03-15T17:16:25.459+0000] {logging_mixin.py:188} INFO - [2026-03-15T17:16:25.459+0000] {dagbag.py:540} INFO - Filling up the DagBag from /home/airflow/.local/lib/python3.11/site-packages/airflow/example_dags/example_sla_dag.py
[2026-03-15T17:16:25.467+0000] {processor.py:840} INFO - DAG(s) 'example_sla_dag' retrieved from /home/airflow/.local/lib/python3.11/site-packages/airflow/example_dags/example_sla_dag.py
[2026-03-15T17:16:25.483+0000] {logging_mixin.py:188} INFO - [2026-03-15T17:16:25.483+0000] {dag.py:3047} INFO - Sync 1 DAGs
[2026-03-15T17:16:25.503+0000] {logging_mixin.py:188} INFO - [2026-03-15T17:16:25.503+0000] {dag.py:3834} INFO - Setting next_dagrun for example_sla_dag to 2026-03-15 17:14:00+00:00, run_after=2026-03-15 17:16:00+00:00
[2026-03-15T17:16:25.519+0000] {processor.py:183} INFO - Processing /home/airflow/.local/lib/python3.11/site-packages/airflow/example_dags/example_sla_dag.py took 0.066 seconds
[2026-03-15T17:16:35.602+0000] {processor.py:161} INFO - Started process (PID=332) to work on /home/airflow/.local/lib/python3.11/site-packages/airflow/example_dags/example_sla_dag.py
[2026-03-15T17:16:35.603+0000] {processor.py:830} INFO - Processing file /home/airflow/.local/lib/python3.11/site-packages/airflow/example_dags/example_sla_dag.py for tasks to queue
[2026-03-15T17:16:35.606+0000] {logging_mixin.py:188} INFO - [2026-03-15T17:16:35.605+0000] {dagbag.py:540} INFO - Filling up the DagBag from /home/airflow/.local/lib/python3.11/site-packages/airflow/example_dags/example_sla_dag.py
[2026-03-15T17:16:35.615+0000] {processor.py:840} INFO - DAG(s) 'example_sla_dag' retrieved from /home/airflow/.local/lib/python3.11/site-packages/airflow/example_dags/example_sla_dag.py
[2026-03-15T17:16:35.633+0000] {logging_mixin.py:188} INFO - [2026-03-15T17:16:35.632+0000] {dag.py:3047} INFO - Sync 1 DAGs
[2026-03-15T17:16:35.651+0000] {logging_mixin.py:188} INFO - [2026-03-15T17:16:35.651+0000] {dag.py:3834} INFO - Setting next_dagrun for example_sla_dag to 2026-03-15 17:14:00+00:00, run_after=2026-03-15 17:16:00+00:00
[2026-03-15T17:16:35.667+0000] {processor.py:183} INFO - Processing /home/airflow/.local/lib/python3.11/site-packages/airflow/example_dags/example_sla_dag.py took 0.068 seconds
[2026-03-15T17:16:39.288+0000] {processor.py:161} INFO - Started process (PID=382) to work on /home/airflow/.local/lib/python3.11/site-packages/airflow/example_dags/example_sla_dag.py
[2026-03-15T17:16:39.289+0000] {processor.py:830} INFO - Processing file /home/airflow/.local/lib/python3.11/site-packages/airflow/example_dags/example_sla_dag.py for tasks to queue
[2026-03-15T17:16:39.291+0000] {logging_mixin.py:188} INFO - [2026-03-15T17:16:39.290+0000] {dagbag.py:540} INFO - Filling up the DagBag from /home/airflow/.local/lib/python3.11/site-packages/airflow/example_dags/example_sla_dag.py
[2026-03-15T17:16:39.298+0000] {processor.py:840} INFO - DAG(s) 'example_sla_dag' retrieved from /home/airflow/.local/lib/python3.11/site-packages/airflow/example_dags/example_sla_dag.py
[2026-03-15T17:16:39.314+0000] {logging_mixin.py:188} INFO - [2026-03-15T17:16:39.314+0000] {dag.py:3047} INFO - Sync 1 DAGs
[2026-03-15T17:16:39.334+0000] {logging_mixin.py:188} INFO - [2026-03-15T17:16:39.333+0000] {dag.py:3834} INFO - Setting next_dagrun for example_sla_dag to 2026-03-15 17:14:00+00:00, run_after=2026-03-15 17:16:00+00:00
[2026-03-15T17:16:39.561+0000] {processor.py:183} INFO - Processing /home/airflow/.local/lib/python3.11/site-packages/airflow/example_dags/example_sla_dag.py took 0.276 seconds
[2026-03-15T17:17:09.626+0000] {processor.py:161} INFO - Started process (PID=438) to work on /home/airflow/.local/lib/python3.11/site-packages/airflow/example_dags/example_sla_dag.py
[2026-03-15T17:17:09.627+0000] {processor.py:830} INFO - Processing file /home/airflow/.local/lib/python3.11/site-packages/airflow/example_dags/example_sla_dag.py for tasks to queue
[2026-03-15T17:17:09.630+0000] {logging_mixin.py:188} INFO - [2026-03-15T17:17:09.629+0000] {dagbag.py:540} INFO - Filling up the DagBag from /home/airflow/.local/lib/python3.11/site-packages/airflow/example_dags/example_sla_dag.py
[2026-03-15T17:17:09.639+0000] {processor.py:840} INFO - DAG(s) 'example_sla_dag' retrieved from /home/airflow/.local/lib/python3.11/site-packages/airflow/example_dags/example_sla_dag.py
[2026-03-15T17:17:09.664+0000] {logging_mixin.py:188} INFO - [2026-03-15T17:17:09.664+0000] {dag.py:3047} INFO - Sync 1 DAGs
[2026-03-15T17:17:09.696+0000] {logging_mixin.py:188} INFO - [2026-03-15T17:17:09.696+0000] {dag.py:3834} INFO - Setting next_dagrun for example_sla_dag to 2026-03-15 17:14:00+00:00, run_after=2026-03-15 17:16:00+00:00
[2026-03-15T17:17:09.726+0000] {processor.py:183} INFO - Processing /home/airflow/.local/lib/python3.11/site-packages/airflow/example_dags/example_sla_dag.py took 0.103 seconds
[2026-03-15T17:17:14.068+0000] {processor.py:161} INFO - Started process (PID=488) to work on /home/airflow/.local/lib/python3.11/site-packages/airflow/example_dags/example_sla_dag.py
[2026-03-15T17:17:14.069+0000] {processor.py:830} INFO - Processing file /home/airflow/.local/lib/python3.11/site-packages/airflow/example_dags/example_sla_dag.py for tasks to queue
[2026-03-15T17:17:14.072+0000] {logging_mixin.py:188} INFO - [2026-03-15T17:17:14.072+0000] {dagbag.py:540} INFO - Filling up the DagBag from /home/airflow/.local/lib/python3.11/site-packages/airflow/example_dags/example_sla_dag.py
[2026-03-15T17:17:14.080+0000] {processor.py:840} INFO - DAG(s) 'example_sla_dag' retrieved from /home/airflow/.local/lib/python3.11/site-packages/airflow/example_dags/example_sla_dag.py
[2026-03-15T17:17:14.100+0000] {logging_mixin.py:188} INFO - [2026-03-15T17:17:14.100+0000] {dag.py:3047} INFO - Sync 1 DAGs
[2026-03-15T17:17:14.128+0000] {logging_mixin.py:188} INFO - [2026-03-15T17:17:14.128+0000] {dag.py:3834} INFO - Setting next_dagrun for example_sla_dag to 2026-03-15 17:14:00+00:00, run_after=2026-03-15 17:16:00+00:00
[2026-03-15T17:17:14.148+0000] {processor.py:183} INFO - Processing /home/airflow/.local/lib/python3.11/site-packages/airflow/example_dags/example_sla_dag.py took 0.083 seconds
[2026-03-15T17:18:24.735+0000] {processor.py:161} INFO - Started process (PID=544) to work on /home/airflow/.local/lib/python3.11/site-packages/airflow/example_dags/example_sla_dag.py
[2026-03-15T17:18:24.736+0000] {processor.py:830} INFO - Processing file /home/airflow/.local/lib/python3.11/site-packages/airflow/example_dags/example_sla_dag.py for tasks to queue
[2026-03-15T17:18:24.738+0000] {logging_mixin.py:188} INFO - [2026-03-15T17:18:24.738+0000] {dagbag.py:540} INFO - Filling up the DagBag from /home/airflow/.local/lib/python3.11/site-packages/airflow/example_dags/example_sla_dag.py
[2026-03-15T17:18:24.747+0000] {processor.py:840} INFO - DAG(s) 'example_sla_dag' retrieved from /home/airflow/.local/lib/python3.11/site-packages/airflow/example_dags/example_sla_dag.py
[2026-03-15T17:17:35.609+0000] {logging_mixin.py:188} INFO - [2026-03-15T17:17:35.608+0000] {dag.py:3047} INFO - Sync 1 DAGs
[2026-03-15T17:17:35.631+0000] {logging_mixin.py:188} INFO - [2026-03-15T17:17:35.631+0000] {dag.py:3834} INFO - Setting next_dagrun for example_sla_dag to 2026-03-15 17:14:00+00:00, run_after=2026-03-15 17:16:00+00:00
[2026-03-15T17:17:35.646+0000] {processor.py:183} INFO - Processing /home/airflow/.local/lib/python3.11/site-packages/airflow/example_dags/example_sla_dag.py took 0.069 seconds
[2026-03-15T17:18:54.655+0000] {processor.py:161} INFO - Started process (PID=598) to work on /home/airflow/.local/lib/python3.11/site-packages/airflow/example_dags/example_sla_dag.py
[2026-03-15T17:18:54.658+0000] {processor.py:830} INFO - Processing file /home/airflow/.local/lib/python3.11/site-packages/airflow/example_dags/example_sla_dag.py for tasks to queue
[2026-03-15T17:18:54.663+0000] {logging_mixin.py:188} INFO - [2026-03-15T17:18:54.663+0000] {dagbag.py:540} INFO - Filling up the DagBag from /home/airflow/.local/lib/python3.11/site-packages/airflow/example_dags/example_sla_dag.py
[2026-03-15T17:18:54.676+0000] {processor.py:840} INFO - DAG(s) 'example_sla_dag' retrieved from /home/airflow/.local/lib/python3.11/site-packages/airflow/example_dags/example_sla_dag.py
[2026-03-15T17:18:54.703+0000] {logging_mixin.py:188} INFO - [2026-03-15T17:18:54.703+0000] {dag.py:3047} INFO - Sync 1 DAGs
[2026-03-15T17:18:05.547+0000] {logging_mixin.py:188} INFO - [2026-03-15T17:18:05.547+0000] {dag.py:3834} INFO - Setting next_dagrun for example_sla_dag to 2026-03-15 17:16:00+00:00, run_after=2026-03-15 17:18:00+00:00
[2026-03-15T17:18:05.574+0000] {processor.py:183} INFO - Processing /home/airflow/.local/lib/python3.11/site-packages/airflow/example_dags/example_sla_dag.py took 0.107 seconds
[2026-03-15T17:18:35.823+0000] {processor.py:161} INFO - Started process (PID=652) to work on /home/airflow/.local/lib/python3.11/site-packages/airflow/example_dags/example_sla_dag.py
[2026-03-15T17:18:35.826+0000] {processor.py:830} INFO - Processing file /home/airflow/.local/lib/python3.11/site-packages/airflow/example_dags/example_sla_dag.py for tasks to queue
[2026-03-15T17:18:35.832+0000] {logging_mixin.py:188} INFO - [2026-03-15T17:18:35.831+0000] {dagbag.py:540} INFO - Filling up the DagBag from /home/airflow/.local/lib/python3.11/site-packages/airflow/example_dags/example_sla_dag.py
[2026-03-15T17:18:35.856+0000] {processor.py:840} INFO - DAG(s) 'example_sla_dag' retrieved from /home/airflow/.local/lib/python3.11/site-packages/airflow/example_dags/example_sla_dag.py
[2026-03-15T17:18:35.904+0000] {logging_mixin.py:188} INFO - [2026-03-15T17:18:35.904+0000] {dag.py:3047} INFO - Sync 1 DAGs
[2026-03-15T17:18:36.057+0000] {logging_mixin.py:188} INFO - [2026-03-15T17:18:36.057+0000] {dag.py:3834} INFO - Setting next_dagrun for example_sla_dag to 2026-03-15 17:16:00+00:00, run_after=2026-03-15 17:18:00+00:00
[2026-03-15T17:18:36.084+0000] {processor.py:183} INFO - Processing /home/airflow/.local/lib/python3.11/site-packages/airflow/example_dags/example_sla_dag.py took 0.269 seconds
[2026-03-15T17:19:54.710+0000] {processor.py:161} INFO - Started process (PID=710) to work on /home/airflow/.local/lib/python3.11/site-packages/airflow/example_dags/example_sla_dag.py
[2026-03-15T17:19:54.711+0000] {processor.py:830} INFO - Processing file /home/airflow/.local/lib/python3.11/site-packages/airflow/example_dags/example_sla_dag.py for tasks to queue
[2026-03-15T17:19:54.713+0000] {logging_mixin.py:188} INFO - [2026-03-15T17:19:54.712+0000] {dagbag.py:540} INFO - Filling up the DagBag from /home/airflow/.local/lib/python3.11/site-packages/airflow/example_dags/example_sla_dag.py
[2026-03-15T17:19:54.720+0000] {processor.py:840} INFO - DAG(s) 'example_sla_dag' retrieved from /home/airflow/.local/lib/python3.11/site-packages/airflow/example_dags/example_sla_dag.py
[2026-03-15T17:19:05.618+0000] {logging_mixin.py:188} INFO - [2026-03-15T17:19:05.618+0000] {dag.py:3047} INFO - Sync 1 DAGs
[2026-03-15T17:19:05.634+0000] {logging_mixin.py:188} INFO - [2026-03-15T17:19:05.634+0000] {dag.py:3834} INFO - Setting next_dagrun for example_sla_dag to 2026-03-15 17:16:00+00:00, run_after=2026-03-15 17:18:00+00:00
[2026-03-15T17:19:05.650+0000] {processor.py:183} INFO - Processing /home/airflow/.local/lib/python3.11/site-packages/airflow/example_dags/example_sla_dag.py took 0.124 seconds
[2026-03-15T17:19:58.083+0000] {processor.py:161} INFO - Started process (PID=755) to work on /home/airflow/.local/lib/python3.11/site-packages/airflow/example_dags/example_sla_dag.py
[2026-03-15T17:19:58.084+0000] {processor.py:830} INFO - Processing file /home/airflow/.local/lib/python3.11/site-packages/airflow/example_dags/example_sla_dag.py for tasks to queue
[2026-03-15T17:19:58.088+0000] {logging_mixin.py:188} INFO - [2026-03-15T17:19:58.088+0000] {dagbag.py:540} INFO - Filling up the DagBag from /home/airflow/.local/lib/python3.11/site-packages/airflow/example_dags/example_sla_dag.py
[2026-03-15T17:19:58.096+0000] {processor.py:840} INFO - DAG(s) 'example_sla_dag' retrieved from /home/airflow/.local/lib/python3.11/site-packages/airflow/example_dags/example_sla_dag.py
[2026-03-15T17:19:58.111+0000] {logging_mixin.py:188} INFO - [2026-03-15T17:19:58.111+0000] {dag.py:3047} INFO - Sync 1 DAGs
[2026-03-15T17:19:58.128+0000] {logging_mixin.py:188} INFO - [2026-03-15T17:19:58.128+0000] {dag.py:3834} INFO - Setting next_dagrun for example_sla_dag to 2026-03-15 17:16:00+00:00, run_after=2026-03-15 17:18:00+00:00
[2026-03-15T17:19:58.142+0000] {processor.py:183} INFO - Processing /home/airflow/.local/lib/python3.11/site-packages/airflow/example_dags/example_sla_dag.py took 0.062 seconds
[2026-03-15T17:19:50.320+0000] {processor.py:161} INFO - Started process (PID=72) to work on /home/airflow/.local/lib/python3.11/site-packages/airflow/example_dags/example_sla_dag.py
[2026-03-15T17:19:50.321+0000] {processor.py:830} INFO - Processing file /home/airflow/.local/lib/python3.11/site-packages/airflow/example_dags/example_sla_dag.py for tasks to queue
[2026-03-15T17:19:50.323+0000] {logging_mixin.py:188} INFO - [2026-03-15T17:19:50.323+0000] {dagbag.py:540} INFO - Filling up the DagBag from /home/airflow/.local/lib/python3.11/site-packages/airflow/example_dags/example_sla_dag.py
[2026-03-15T17:19:50.334+0000] {processor.py:840} INFO - DAG(s) 'example_sla_dag' retrieved from /home/airflow/.local/lib/python3.11/site-packages/airflow/example_dags/example_sla_dag.py
[2026-03-15T17:19:50.346+0000] {logging_mixin.py:188} INFO - [2026-03-15T17:19:50.345+0000] {dag.py:3047} INFO - Sync 1 DAGs
[2026-03-15T17:19:50.371+0000] {logging_mixin.py:188} INFO - [2026-03-15T17:19:50.371+0000] {dag.py:3834} INFO - Setting next_dagrun for example_sla_dag to 2026-03-15 17:16:00+00:00, run_after=2026-03-15 17:18:00+00:00
[2026-03-15T17:19:50.389+0000] {processor.py:183} INFO - Processing /home/airflow/.local/lib/python3.11/site-packages/airflow/example_dags/example_sla_dag.py took 0.073 seconds
[2026-03-15T17:20:43.228+0000] {processor.py:161} INFO - Started process (PID=129) to work on /home/airflow/.local/lib/python3.11/site-packages/airflow/example_dags/example_sla_dag.py
[2026-03-15T17:20:43.229+0000] {processor.py:830} INFO - Processing file /home/airflow/.local/lib/python3.11/site-packages/airflow/example_dags/example_sla_dag.py for tasks to queue
[2026-03-15T17:20:43.231+0000] {logging_mixin.py:188} INFO - [2026-03-15T17:20:43.230+0000] {dagbag.py:540} INFO - Filling up the DagBag from /home/airflow/.local/lib/python3.11/site-packages/airflow/example_dags/example_sla_dag.py
[2026-03-15T17:20:43.238+0000] {processor.py:840} INFO - DAG(s) 'example_sla_dag' retrieved from /home/airflow/.local/lib/python3.11/site-packages/airflow/example_dags/example_sla_dag.py
[2026-03-15T17:19:54.142+0000] {logging_mixin.py:188} INFO - [2026-03-15T17:19:54.142+0000] {dag.py:3047} INFO - Sync 1 DAGs
[2026-03-15T17:19:54.162+0000] {logging_mixin.py:188} INFO - [2026-03-15T17:19:54.162+0000] {dag.py:3834} INFO - Setting next_dagrun for example_sla_dag to 2026-03-15 17:16:00+00:00, run_after=2026-03-15 17:18:00+00:00
[2026-03-15T17:19:54.179+0000] {processor.py:183} INFO - Processing /home/airflow/.local/lib/python3.11/site-packages/airflow/example_dags/example_sla_dag.py took 0.138 seconds
[2026-03-15T17:20:54.745+0000] {processor.py:161} INFO - Started process (PID=177) to work on /home/airflow/.local/lib/python3.11/site-packages/airflow/example_dags/example_sla_dag.py
[2026-03-15T17:20:54.746+0000] {processor.py:830} INFO - Processing file /home/airflow/.local/lib/python3.11/site-packages/airflow/example_dags/example_sla_dag.py for tasks to queue
[2026-03-15T17:20:54.748+0000] {logging_mixin.py:188} INFO - [2026-03-15T17:20:54.748+0000] {dagbag.py:540} INFO - Filling up the DagBag from /home/airflow/.local/lib/python3.11/site-packages/airflow/example_dags/example_sla_dag.py
[2026-03-15T17:20:54.756+0000] {processor.py:840} INFO - DAG(s) 'example_sla_dag' retrieved from /home/airflow/.local/lib/python3.11/site-packages/airflow/example_dags/example_sla_dag.py
[2026-03-15T17:20:54.767+0000] {logging_mixin.py:188} INFO - [2026-03-15T17:20:54.767+0000] {dag.py:3047} INFO - Sync 1 DAGs
[2026-03-15T17:20:54.787+0000] {logging_mixin.py:188} INFO - [2026-03-15T17:20:54.787+0000] {dag.py:3834} INFO - Setting next_dagrun for example_sla_dag to 2026-03-15 17:18:00+00:00, run_after=2026-03-15 17:20:00+00:00
[2026-03-15T17:20:05.650+0000] {processor.py:183} INFO - Processing /home/airflow/.local/lib/python3.11/site-packages/airflow/example_dags/example_sla_dag.py took 0.060 seconds
[2026-03-15T17:20:35.963+0000] {processor.py:161} INFO - Started process (PID=232) to work on /home/airflow/.local/lib/python3.11/site-packages/airflow/example_dags/example_sla_dag.py
[2026-03-15T17:20:35.967+0000] {processor.py:830} INFO - Processing file /home/airflow/.local/lib/python3.11/site-packages/airflow/example_dags/example_sla_dag.py for tasks to queue
[2026-03-15T17:20:35.969+0000] {logging_mixin.py:188} INFO - [2026-03-15T17:20:35.969+0000] {dagbag.py:540} INFO - Filling up the DagBag from /home/airflow/.local/lib/python3.11/site-packages/airflow/example_dags/example_sla_dag.py
[2026-03-15T17:20:35.977+0000] {processor.py:840} INFO - DAG(s) 'example_sla_dag' retrieved from /home/airflow/.local/lib/python3.11/site-packages/airflow/example_dags/example_sla_dag.py
[2026-03-15T17:20:35.991+0000] {logging_mixin.py:188} INFO - [2026-03-15T17:20:35.991+0000] {dag.py:3047} INFO - Sync 1 DAGs
[2026-03-15T17:20:36.013+0000] {logging_mixin.py:188} INFO - [2026-03-15T17:20:36.013+0000] {dag.py:3834} INFO - Setting next_dagrun for example_sla_dag to 2026-03-15 17:18:00+00:00, run_after=2026-03-15 17:20:00+00:00
[2026-03-15T17:20:36.027+0000] {processor.py:183} INFO - Processing /home/airflow/.local/lib/python3.11/site-packages/airflow/example_dags/example_sla_dag.py took 0.066 seconds
[2026-03-15T17:20:39.312+0000] {processor.py:161} INFO - Started process (PID=282) to work on /home/airflow/.local/lib/python3.11/site-packages/airflow/example_dags/example_sla_dag.py
[2026-03-15T17:20:39.313+0000] {processor.py:830} INFO - Processing file /home/airflow/.local/lib/python3.11/site-packages/airflow/example_dags/example_sla_dag.py for tasks to queue
[2026-03-15T17:20:39.317+0000] {logging_mixin.py:188} INFO - [2026-03-15T17:20:39.316+0000] {dagbag.py:540} INFO - Filling up the DagBag from /home/airflow/.local/lib/python3.11/site-packages/airflow/example_dags/example_sla_dag.py
[2026-03-15T17:20:39.325+0000] {processor.py:840} INFO - DAG(s) 'example_sla_dag' retrieved from /home/airflow/.local/lib/python3.11/site-packages/airflow/example_dags/example_sla_dag.py
[2026-03-15T17:20:39.337+0000] {logging_mixin.py:188} INFO - [2026-03-15T17:20:39.336+0000] {dag.py:3047} INFO - Sync 1 DAGs
[2026-03-15T17:20:39.354+0000] {logging_mixin.py:188} INFO - [2026-03-15T17:20:39.354+0000] {dag.py:3834} INFO - Setting next_dagrun for example_sla_dag to 2026-03-15 17:18:00+00:00, run_after=2026-03-15 17:20:00+00:00
[2026-03-15T17:20:39.366+0000] {processor.py:183} INFO - Processing /home/airflow/.local/lib/python3.11/site-packages/airflow/example_dags/example_sla_dag.py took 0.057 seconds
[2026-03-15T17:21:09.775+0000] {processor.py:161} INFO - Started process (PID=336) to work on /home/airflow/.local/lib/python3.11/site-packages/airflow/example_dags/example_sla_dag.py
[2026-03-15T17:21:09.776+0000] {processor.py:830} INFO - Processing file /home/airflow/.local/lib/python3.11/site-packages/airflow/example_dags/example_sla_dag.py for tasks to queue
[2026-03-15T17:21:09.777+0000] {logging_mixin.py:188} INFO - [2026-03-15T17:21:09.777+0000] {dagbag.py:540} INFO - Filling up the DagBag from /home/airflow/.local/lib/python3.11/site-packages/airflow/example_dags/example_sla_dag.py
[2026-03-15T17:21:09.786+0000] {processor.py:840} INFO - DAG(s) 'example_sla_dag' retrieved from /home/airflow/.local/lib/python3.11/site-packages/airflow/example_dags/example_sla_dag.py
[2026-03-15T17:21:09.795+0000] {logging_mixin.py:188} INFO - [2026-03-15T17:21:09.795+0000] {dag.py:3047} INFO - Sync 1 DAGs
[2026-03-15T17:21:09.814+0000] {logging_mixin.py:188} INFO - [2026-03-15T17:21:09.814+0000] {dag.py:3834} INFO - Setting next_dagrun for example_sla_dag to 2026-03-15 17:18:00+00:00, run_after=2026-03-15 17:20:00+00:00
[2026-03-15T17:21:09.828+0000] {processor.py:183} INFO - Processing /home/airflow/.local/lib/python3.11/site-packages/airflow/example_dags/example_sla_dag.py took 0.055 seconds
[2026-03-15T17:21:14.295+0000] {processor.py:161} INFO - Started process (PID=384) to work on /home/airflow/.local/lib/python3.11/site-packages/airflow/example_dags/example_sla_dag.py
[2026-03-15T17:21:14.296+0000] {processor.py:830} INFO - Processing file /home/airflow/.local/lib/python3.11/site-packages/airflow/example_dags/example_sla_dag.py for tasks to queue
[2026-03-15T17:21:14.298+0000] {logging_mixin.py:188} INFO - [2026-03-15T17:21:14.298+0000] {dagbag.py:540} INFO - Filling up the DagBag from /home/airflow/.local/lib/python3.11/site-packages/airflow/example_dags/example_sla_dag.py
[2026-03-15T17:21:14.305+0000] {processor.py:840} INFO - DAG(s) 'example_sla_dag' retrieved from /home/airflow/.local/lib/python3.11/site-packages/airflow/example_dags/example_sla_dag.py
[2026-03-15T17:21:14.324+0000] {logging_mixin.py:188} INFO - [2026-03-15T17:21:14.324+0000] {dag.py:3047} INFO - Sync 1 DAGs
[2026-03-15T17:21:14.340+0000] {logging_mixin.py:188} INFO - [2026-03-15T17:21:14.340+0000] {dag.py:3834} INFO - Setting next_dagrun for example_sla_dag to 2026-03-15 17:18:00+00:00, run_after=2026-03-15 17:20:00+00:00
[2026-03-15T17:21:14.354+0000] {processor.py:183} INFO - Processing /home/airflow/.local/lib/python3.11/site-packages/airflow/example_dags/example_sla_dag.py took 0.062 seconds
[2026-03-15T17:22:24.717+0000] {processor.py:161} INFO - Started process (PID=439) to work on /home/airflow/.local/lib/python3.11/site-packages/airflow/example_dags/example_sla_dag.py
[2026-03-15T17:22:24.718+0000] {processor.py:830} INFO - Processing file /home/airflow/.local/lib/python3.11/site-packages/airflow/example_dags/example_sla_dag.py for tasks to queue
[2026-03-15T17:22:24.720+0000] {logging_mixin.py:188} INFO - [2026-03-15T17:22:24.720+0000] {dagbag.py:540} INFO - Filling up the DagBag from /home/airflow/.local/lib/python3.11/site-packages/airflow/example_dags/example_sla_dag.py
[2026-03-15T17:22:24.728+0000] {processor.py:840} INFO - DAG(s) 'example_sla_dag' retrieved from /home/airflow/.local/lib/python3.11/site-packages/airflow/example_dags/example_sla_dag.py
[2026-03-15T17:22:24.745+0000] {logging_mixin.py:188} INFO - [2026-03-15T17:22:24.745+0000] {dag.py:3047} INFO - Sync 1 DAGs
[2026-03-15T17:22:24.763+0000] {logging_mixin.py:188} INFO - [2026-03-15T17:22:24.763+0000] {dag.py:3834} INFO - Setting next_dagrun for example_sla_dag to 2026-03-15 17:20:00+00:00, run_after=2026-03-15 17:22:00+00:00
[2026-03-15T17:22:24.778+0000] {processor.py:183} INFO - Processing /home/airflow/.local/lib/python3.11/site-packages/airflow/example_dags/example_sla_dag.py took 0.064 seconds
[2026-03-15T17:22:58.501+0000] {processor.py:161} INFO - Started process (PID=543) to work on /home/airflow/.local/lib/python3.11/site-packages/airflow/example_dags/example_sla_dag.py
[2026-03-15T17:22:58.502+0000] {processor.py:830} INFO - Processing file /home/airflow/.local/lib/python3.11/site-packages/airflow/example_dags/example_sla_dag.py for tasks to queue
[2026-03-15T17:22:58.504+0000] {logging_mixin.py:188} INFO - [2026-03-15T17:22:58.503+0000] {dagbag.py:540} INFO - Filling up the DagBag from /home/airflow/.local/lib/python3.11/site-packages/airflow/example_dags/example_sla_dag.py
[2026-03-15T17:22:58.511+0000] {processor.py:840} INFO - DAG(s) 'example_sla_dag' retrieved from /home/airflow/.local/lib/python3.11/site-packages/airflow/example_dags/example_sla_dag.py
[2026-03-15T17:22:58.528+0000] {logging_mixin.py:188} INFO - [2026-03-15T17:22:58.528+0000] {dag.py:3047} INFO - Sync 1 DAGs
[2026-03-15T17:22:58.548+0000] {logging_mixin.py:188} INFO - [2026-03-15T17:22:58.548+0000] {dag.py:3834} INFO - Setting next_dagrun for example_sla_dag to 2026-03-15 17:20:00+00:00, run_after=2026-03-15 17:22:00+00:00
[2026-03-15T17:22:58.563+0000] {processor.py:183} INFO - Processing /home/airflow/.local/lib/python3.11/site-packages/airflow/example_dags/example_sla_dag.py took 0.066 seconds
[2026-03-15T17:22:39.658+0000] {processor.py:161} INFO - Started process (PID=596) to work on /home/airflow/.local/lib/python3.11/site-packages/airflow/example_dags/example_sla_dag.py
[2026-03-15T17:22:39.659+0000] {processor.py:830} INFO - Processing file /home/airflow/.local/lib/python3.11/site-packages/airflow/example_dags/example_sla_dag.py for tasks to queue
[2026-03-15T17:22:39.661+0000] {logging_mixin.py:188} INFO - [2026-03-15T17:22:39.661+0000] {dagbag.py:540} INFO - Filling up the DagBag from /home/airflow/.local/lib/python3.11/site-packages/airflow/example_dags/example_sla_dag.py
[2026-03-15T17:22:39.673+0000] {processor.py:840} INFO - DAG(s) 'example_sla_dag' retrieved from /home/airflow/.local/lib/python3.11/site-packages/airflow/example_dags/example_sla_dag.py
[2026-03-15T17:22:39.696+0000] {logging_mixin.py:188} INFO - [2026-03-15T17:22:39.695+0000] {dag.py:3047} INFO - Sync 1 DAGs
[2026-03-15T17:22:39.714+0000] {logging_mixin.py:188} INFO - [2026-03-15T17:22:39.714+0000] {dag.py:3834} INFO - Setting next_dagrun for example_sla_dag to 2026-03-15 17:20:00+00:00, run_after=2026-03-15 17:22:00+00:00
[2026-03-15T17:22:39.731+0000] {processor.py:183} INFO - Processing /home/airflow/.local/lib/python3.11/site-packages/airflow/example_dags/example_sla_dag.py took 0.076 seconds
[2026-03-15T17:23:10.009+0000] {processor.py:161} INFO - Started process (PID=650) to work on /home/airflow/.local/lib/python3.11/site-packages/airflow/example_dags/example_sla_dag.py
[2026-03-15T17:23:10.010+0000] {processor.py:830} INFO - Processing file /home/airflow/.local/lib/python3.11/site-packages/airflow/example_dags/example_sla_dag.py for tasks to queue
[2026-03-15T17:23:10.012+0000] {logging_mixin.py:188} INFO - [2026-03-15T17:23:10.012+0000] {dagbag.py:540} INFO - Filling up the DagBag from /home/airflow/.local/lib/python3.11/site-packages/airflow/example_dags/example_sla_dag.py
[2026-03-15T17:23:10.019+0000] {processor.py:840} INFO - DAG(s) 'example_sla_dag' retrieved from /home/airflow/.local/lib/python3.11/site-packages/airflow/example_dags/example_sla_dag.py
[2026-03-15T17:23:10.040+0000] {logging_mixin.py:188} INFO - [2026-03-15T17:23:10.040+0000] {dag.py:3047} INFO - Sync 1 DAGs
[2026-03-15T17:23:10.058+0000] {logging_mixin.py:188} INFO - [2026-03-15T17:23:10.058+0000] {dag.py:3834} INFO - Setting next_dagrun for example_sla_dag to 2026-03-15 17:20:00+00:00, run_after=2026-03-15 17:22:00+00:00
[2026-03-15T17:23:10.075+0000] {processor.py:183} INFO - Processing /home/airflow/.local/lib/python3.11/site-packages/airflow/example_dags/example_sla_dag.py took 0.069 seconds
[2026-03-15T17:24:03.615+0000] {processor.py:161} INFO - Started process (PID=700) to work on /home/airflow/.local/lib/python3.11/site-packages/airflow/example_dags/example_sla_dag.py
[2026-03-15T17:24:03.616+0000] {processor.py:830} INFO - Processing file /home/airflow/.local/lib/python3.11/site-packages/airflow/example_dags/example_sla_dag.py for tasks to queue
[2026-03-15T17:24:03.617+0000] {logging_mixin.py:188} INFO - [2026-03-15T17:24:03.617+0000] {dagbag.py:540} INFO - Filling up the DagBag from /home/airflow/.local/lib/python3.11/site-packages/airflow/example_dags/example_sla_dag.py
[2026-03-15T17:24:03.624+0000] {processor.py:840} INFO - DAG(s) 'example_sla_dag' retrieved from /home/airflow/.local/lib/python3.11/site-packages/airflow/example_dags/example_sla_dag.py
[2026-03-15T17:24:03.638+0000] {logging_mixin.py:188} INFO - [2026-03-15T17:24:03.638+0000] {dag.py:3047} INFO - Sync 1 DAGs
[2026-03-15T17:24:03.653+0000] {logging_mixin.py:188} INFO - [2026-03-15T17:24:03.653+0000] {dag.py:3834} INFO - Setting next_dagrun for example_sla_dag to 2026-03-15 17:22:00+00:00, run_after=2026-03-15 17:24:00+00:00
[2026-03-15T17:24:03.666+0000] {processor.py:183} INFO - Processing /home/airflow/.local/lib/python3.11/site-packages/airflow/example_dags/example_sla_dag.py took 0.054 seconds
[2026-03-15T17:24:43.673+0000] {processor.py:161} INFO - Started process (PID=856) to work on /home/airflow/.local/lib/python3.11/site-packages/airflow/example_dags/example_sla_dag.py
[2026-03-15T17:24:43.674+0000] {processor.py:830} INFO - Processing file /home/airflow/.local/lib/python3.11/site-packages/airflow/example_dags/example_sla_dag.py for tasks to queue
[2026-03-15T17:24:43.676+0000] {logging_mixin.py:188} INFO - [2026-03-15T17:24:43.676+0000] {dagbag.py:540} INFO - Filling up the DagBag from /home/airflow/.local/lib/python3.11/site-packages/airflow/example_dags/example_sla_dag.py
[2026-03-15T17:24:43.683+0000] {processor.py:840} INFO - DAG(s) 'example_sla_dag' retrieved from /home/airflow/.local/lib/python3.11/site-packages/airflow/example_dags/example_sla_dag.py
[2026-03-15T17:24:43.699+0000] {logging_mixin.py:188} INFO - [2026-03-15T17:24:43.699+0000] {dag.py:3047} INFO - Sync 1 DAGs
[2026-03-15T17:24:43.717+0000] {logging_mixin.py:188} INFO - [2026-03-15T17:24:43.717+0000] {dag.py:3834} INFO - Setting next_dagrun for example_sla_dag to 2026-03-15 17:22:00+00:00, run_after=2026-03-15 17:24:00+00:00
[2026-03-15T17:24:43.735+0000] {processor.py:183} INFO - Processing /home/airflow/.local/lib/python3.11/site-packages/airflow/example_dags/example_sla_dag.py took 0.065 seconds
[2026-03-15T17:24:29.761+0000] {processor.py:161} INFO - Started process (PID=958) to work on /home/airflow/.local/lib/python3.11/site-packages/airflow/example_dags/example_sla_dag.py
[2026-03-15T17:24:29.762+0000] {processor.py:830} INFO - Processing file /home/airflow/.local/lib/python3.11/site-packages/airflow/example_dags/example_sla_dag.py for tasks to queue
[2026-03-15T17:24:29.764+0000] {logging_mixin.py:188} INFO - [2026-03-15T17:24:29.763+0000] {dagbag.py:540} INFO - Filling up the DagBag from /home/airflow/.local/lib/python3.11/site-packages/airflow/example_dags/example_sla_dag.py
[2026-03-15T17:24:29.772+0000] {processor.py:840} INFO - DAG(s) 'example_sla_dag' retrieved from /home/airflow/.local/lib/python3.11/site-packages/airflow/example_dags/example_sla_dag.py
[2026-03-15T17:24:29.790+0000] {logging_mixin.py:188} INFO - [2026-03-15T17:24:29.790+0000] {dag.py:3047} INFO - Sync 1 DAGs
[2026-03-15T17:24:29.809+0000] {logging_mixin.py:188} INFO - [2026-03-15T17:24:29.809+0000] {dag.py:3834} INFO - Setting next_dagrun for example_sla_dag to 2026-03-15 17:22:00+00:00, run_after=2026-03-15 17:24:00+00:00
[2026-03-15T17:24:29.825+0000] {processor.py:183} INFO - Processing /home/airflow/.local/lib/python3.11/site-packages/airflow/example_dags/example_sla_dag.py took 0.066 seconds
[2026-03-15T17:25:17.568+0000] {processor.py:161} INFO - Started process (PID=72) to work on /home/airflow/.local/lib/python3.11/site-packages/airflow/example_dags/example_sla_dag.py
[2026-03-15T17:25:17.570+0000] {processor.py:830} INFO - Processing file /home/airflow/.local/lib/python3.11/site-packages/airflow/example_dags/example_sla_dag.py for tasks to queue
[2026-03-15T17:25:17.574+0000] {logging_mixin.py:188} INFO - [2026-03-15T17:25:17.573+0000] {dagbag.py:540} INFO - Filling up the DagBag from /home/airflow/.local/lib/python3.11/site-packages/airflow/example_dags/example_sla_dag.py
[2026-03-15T17:25:17.593+0000] {processor.py:840} INFO - DAG(s) 'example_sla_dag' retrieved from /home/airflow/.local/lib/python3.11/site-packages/airflow/example_dags/example_sla_dag.py
[2026-03-15T17:25:17.616+0000] {logging_mixin.py:188} INFO - [2026-03-15T17:25:17.615+0000] {dag.py:3047} INFO - Sync 1 DAGs
[2026-03-15T17:25:17.661+0000] {logging_mixin.py:188} INFO - [2026-03-15T17:25:17.661+0000] {dag.py:3834} INFO - Setting next_dagrun for example_sla_dag to 2026-03-15 17:22:00+00:00, run_after=2026-03-15 17:24:00+00:00
[2026-03-15T17:25:17.758+0000] {processor.py:183} INFO - Processing /home/airflow/.local/lib/python3.11/site-packages/airflow/example_dags/example_sla_dag.py took 0.198 seconds
[2026-03-15T17:26:24.733+0000] {processor.py:161} INFO - Started process (PID=128) to work on /home/airflow/.local/lib/python3.11/site-packages/airflow/example_dags/example_sla_dag.py
[2026-03-15T17:26:24.734+0000] {processor.py:830} INFO - Processing file /home/airflow/.local/lib/python3.11/site-packages/airflow/example_dags/example_sla_dag.py for tasks to queue
[2026-03-15T17:26:24.736+0000] {logging_mixin.py:188} INFO - [2026-03-15T17:26:24.736+0000] {dagbag.py:540} INFO - Filling up the DagBag from /home/airflow/.local/lib/python3.11/site-packages/airflow/example_dags/example_sla_dag.py
[2026-03-15T17:26:24.743+0000] {processor.py:840} INFO - DAG(s) 'example_sla_dag' retrieved from /home/airflow/.local/lib/python3.11/site-packages/airflow/example_dags/example_sla_dag.py
[2026-03-15T17:25:35.636+0000] {logging_mixin.py:188} INFO - [2026-03-15T17:25:35.636+0000] {dag.py:3047} INFO - Sync 1 DAGs
[2026-03-15T17:25:35.652+0000] {logging_mixin.py:188} INFO - [2026-03-15T17:25:35.652+0000] {dag.py:3834} INFO - Setting next_dagrun for example_sla_dag to 2026-03-15 17:22:00+00:00, run_after=2026-03-15 17:24:00+00:00
[2026-03-15T17:25:35.667+0000] {processor.py:183} INFO - Processing /home/airflow/.local/lib/python3.11/site-packages/airflow/example_dags/example_sla_dag.py took 0.115 seconds
[2026-03-15T17:26:28.778+0000] {processor.py:161} INFO - Started process (PID=174) to work on /home/airflow/.local/lib/python3.11/site-packages/airflow/example_dags/example_sla_dag.py
[2026-03-15T17:26:28.779+0000] {processor.py:830} INFO - Processing file /home/airflow/.local/lib/python3.11/site-packages/airflow/example_dags/example_sla_dag.py for tasks to queue
[2026-03-15T17:26:28.781+0000] {logging_mixin.py:188} INFO - [2026-03-15T17:26:28.781+0000] {dagbag.py:540} INFO - Filling up the DagBag from /home/airflow/.local/lib/python3.11/site-packages/airflow/example_dags/example_sla_dag.py
[2026-03-15T17:26:28.788+0000] {processor.py:840} INFO - DAG(s) 'example_sla_dag' retrieved from /home/airflow/.local/lib/python3.11/site-packages/airflow/example_dags/example_sla_dag.py
[2026-03-15T17:26:28.798+0000] {logging_mixin.py:188} INFO - [2026-03-15T17:26:28.798+0000] {dag.py:3047} INFO - Sync 1 DAGs
[2026-03-15T17:26:28.815+0000] {logging_mixin.py:188} INFO - [2026-03-15T17:26:28.815+0000] {dag.py:3834} INFO - Setting next_dagrun for example_sla_dag to 2026-03-15 17:24:00+00:00, run_after=2026-03-15 17:26:00+00:00
[2026-03-15T17:26:28.829+0000] {processor.py:183} INFO - Processing /home/airflow/.local/lib/python3.11/site-packages/airflow/example_dags/example_sla_dag.py took 0.053 seconds
[2026-03-15T17:26:54.999+0000] {processor.py:161} INFO - Started process (PID=418) to work on /home/airflow/.local/lib/python3.11/site-packages/airflow/example_dags/example_sla_dag.py
[2026-03-15T17:26:55.000+0000] {processor.py:830} INFO - Processing file /home/airflow/.local/lib/python3.11/site-packages/airflow/example_dags/example_sla_dag.py for tasks to queue
[2026-03-15T17:26:55.002+0000] {logging_mixin.py:188} INFO - [2026-03-15T17:26:55.002+0000] {dagbag.py:540} INFO - Filling up the DagBag from /home/airflow/.local/lib/python3.11/site-packages/airflow/example_dags/example_sla_dag.py
[2026-03-15T17:26:55.009+0000] {processor.py:840} INFO - DAG(s) 'example_sla_dag' retrieved from /home/airflow/.local/lib/python3.11/site-packages/airflow/example_dags/example_sla_dag.py
[2026-03-15T17:26:55.026+0000] {logging_mixin.py:188} INFO - [2026-03-15T17:26:55.026+0000] {dag.py:3047} INFO - Sync 1 DAGs
[2026-03-15T17:26:55.051+0000] {logging_mixin.py:188} INFO - [2026-03-15T17:26:55.050+0000] {dag.py:3834} INFO - Setting next_dagrun for example_sla_dag to 2026-03-15 17:24:00+00:00, run_after=2026-03-15 17:26:00+00:00
[2026-03-15T17:26:55.072+0000] {processor.py:183} INFO - Processing /home/airflow/.local/lib/python3.11/site-packages/airflow/example_dags/example_sla_dag.py took 0.075 seconds
[2026-03-15T17:27:05.614+0000] {processor.py:161} INFO - Started process (PID=468) to work on /home/airflow/.local/lib/python3.11/site-packages/airflow/example_dags/example_sla_dag.py
[2026-03-15T17:27:05.615+0000] {processor.py:830} INFO - Processing file /home/airflow/.local/lib/python3.11/site-packages/airflow/example_dags/example_sla_dag.py for tasks to queue
[2026-03-15T17:27:05.617+0000] {logging_mixin.py:188} INFO - [2026-03-15T17:27:05.617+0000] {dagbag.py:540} INFO - Filling up the DagBag from /home/airflow/.local/lib/python3.11/site-packages/airflow/example_dags/example_sla_dag.py
[2026-03-15T17:27:05.625+0000] {processor.py:840} INFO - DAG(s) 'example_sla_dag' retrieved from /home/airflow/.local/lib/python3.11/site-packages/airflow/example_dags/example_sla_dag.py
[2026-03-15T17:27:05.641+0000] {logging_mixin.py:188} INFO - [2026-03-15T17:27:05.641+0000] {dag.py:3047} INFO - Sync 1 DAGs
[2026-03-15T17:27:05.658+0000] {logging_mixin.py:188} INFO - [2026-03-15T17:27:05.658+0000] {dag.py:3834} INFO - Setting next_dagrun for example_sla_dag to 2026-03-15 17:24:00+00:00, run_after=2026-03-15 17:26:00+00:00
[2026-03-15T17:27:05.676+0000] {processor.py:183} INFO - Processing /home/airflow/.local/lib/python3.11/site-packages/airflow/example_dags/example_sla_dag.py took 0.065 seconds
[2026-03-15T17:27:59.058+0000] {processor.py:161} INFO - Started process (PID=517) to work on /home/airflow/.local/lib/python3.11/site-packages/airflow/example_dags/example_sla_dag.py
[2026-03-15T17:27:59.059+0000] {processor.py:830} INFO - Processing file /home/airflow/.local/lib/python3.11/site-packages/airflow/example_dags/example_sla_dag.py for tasks to queue
[2026-03-15T17:27:59.061+0000] {logging_mixin.py:188} INFO - [2026-03-15T17:27:59.061+0000] {dagbag.py:540} INFO - Filling up the DagBag from /home/airflow/.local/lib/python3.11/site-packages/airflow/example_dags/example_sla_dag.py
[2026-03-15T17:27:59.069+0000] {processor.py:840} INFO - DAG(s) 'example_sla_dag' retrieved from /home/airflow/.local/lib/python3.11/site-packages/airflow/example_dags/example_sla_dag.py
[2026-03-15T17:27:59.087+0000] {logging_mixin.py:188} INFO - [2026-03-15T17:27:59.087+0000] {dag.py:3047} INFO - Sync 1 DAGs
[2026-03-15T17:27:59.107+0000] {logging_mixin.py:188} INFO - [2026-03-15T17:27:59.107+0000] {dag.py:3834} INFO - Setting next_dagrun for example_sla_dag to 2026-03-15 17:24:00+00:00, run_after=2026-03-15 17:26:00+00:00
[2026-03-15T17:27:59.121+0000] {processor.py:183} INFO - Processing /home/airflow/.local/lib/python3.11/site-packages/airflow/example_dags/example_sla_dag.py took 0.066 seconds
[2026-03-15T17:27:57.409+0000] {processor.py:161} INFO - Started process (PID=73) to work on /home/airflow/.local/lib/python3.11/site-packages/airflow/example_dags/example_sla_dag.py
[2026-03-15T17:27:57.411+0000] {processor.py:830} INFO - Processing file /home/airflow/.local/lib/python3.11/site-packages/airflow/example_dags/example_sla_dag.py for tasks to queue
[2026-03-15T17:27:57.413+0000] {logging_mixin.py:188} INFO - [2026-03-15T17:27:57.413+0000] {dagbag.py:540} INFO - Filling up the DagBag from /home/airflow/.local/lib/python3.11/site-packages/airflow/example_dags/example_sla_dag.py
[2026-03-15T17:27:57.427+0000] {processor.py:840} INFO - DAG(s) 'example_sla_dag' retrieved from /home/airflow/.local/lib/python3.11/site-packages/airflow/example_dags/example_sla_dag.py
[2026-03-15T17:27:57.515+0000] {logging_mixin.py:188} INFO - [2026-03-15T17:27:57.514+0000] {override.py:1769} INFO - Created Permission View: can edit on DAG:example_sla_dag
[2026-03-15T17:27:57.524+0000] {logging_mixin.py:188} INFO - [2026-03-15T17:27:57.524+0000] {override.py:1769} INFO - Created Permission View: can read on DAG:example_sla_dag
[2026-03-15T17:27:57.531+0000] {logging_mixin.py:188} INFO - [2026-03-15T17:27:57.530+0000] {override.py:1769} INFO - Created Permission View: can delete on DAG:example_sla_dag
[2026-03-15T17:27:57.531+0000] {logging_mixin.py:188} INFO - [2026-03-15T17:27:57.531+0000] {dag.py:3047} INFO - Sync 1 DAGs
[2026-03-15T17:27:57.540+0000] {logging_mixin.py:188} INFO - [2026-03-15T17:27:57.540+0000] {dag.py:3069} INFO - Creating ORM DAG for example_sla_dag
[2026-03-15T17:27:57.551+0000] {logging_mixin.py:188} INFO - [2026-03-15T17:27:57.551+0000] {dag.py:3834} INFO - Setting next_dagrun for example_sla_dag to 2026-03-15 17:24:00+00:00, run_after=2026-03-15 17:26:00+00:00
[2026-03-15T17:27:57.565+0000] {processor.py:183} INFO - Processing /home/airflow/.local/lib/python3.11/site-packages/airflow/example_dags/example_sla_dag.py took 0.160 seconds
[2026-03-15T17:28:28.160+0000] {processor.py:161} INFO - Started process (PID=129) to work on /home/airflow/.local/lib/python3.11/site-packages/airflow/example_dags/example_sla_dag.py
[2026-03-15T17:28:28.161+0000] {processor.py:830} INFO - Processing file /home/airflow/.local/lib/python3.11/site-packages/airflow/example_dags/example_sla_dag.py for tasks to queue
[2026-03-15T17:28:28.163+0000] {logging_mixin.py:188} INFO - [2026-03-15T17:28:28.163+0000] {dagbag.py:540} INFO - Filling up the DagBag from /home/airflow/.local/lib/python3.11/site-packages/airflow/example_dags/example_sla_dag.py
[2026-03-15T17:28:28.170+0000] {processor.py:840} INFO - DAG(s) 'example_sla_dag' retrieved from /home/airflow/.local/lib/python3.11/site-packages/airflow/example_dags/example_sla_dag.py
[2026-03-15T17:28:28.187+0000] {logging_mixin.py:188} INFO - [2026-03-15T17:28:28.187+0000] {dag.py:3047} INFO - Sync 1 DAGs
[2026-03-15T17:28:28.203+0000] {logging_mixin.py:188} INFO - [2026-03-15T17:28:28.203+0000] {dag.py:3834} INFO - Setting next_dagrun for example_sla_dag to 2026-03-15 17:26:00+00:00, run_after=2026-03-15 17:28:00+00:00
[2026-03-15T17:28:28.217+0000] {processor.py:183} INFO - Processing /home/airflow/.local/lib/python3.11/site-packages/airflow/example_dags/example_sla_dag.py took 0.059 seconds
[2026-03-15T17:29:21.819+0000] {processor.py:161} INFO - Started process (PID=176) to work on /home/airflow/.local/lib/python3.11/site-packages/airflow/example_dags/example_sla_dag.py
[2026-03-15T17:29:21.820+0000] {processor.py:830} INFO - Processing file /home/airflow/.local/lib/python3.11/site-packages/airflow/example_dags/example_sla_dag.py for tasks to queue
[2026-03-15T17:29:21.822+0000] {logging_mixin.py:188} INFO - [2026-03-15T17:29:21.822+0000] {dagbag.py:540} INFO - Filling up the DagBag from /home/airflow/.local/lib/python3.11/site-packages/airflow/example_dags/example_sla_dag.py
[2026-03-15T17:29:21.829+0000] {processor.py:840} INFO - DAG(s) 'example_sla_dag' retrieved from /home/airflow/.local/lib/python3.11/site-packages/airflow/example_dags/example_sla_dag.py
[2026-03-15T17:29:21.845+0000] {logging_mixin.py:188} INFO - [2026-03-15T17:29:21.845+0000] {dag.py:3047} INFO - Sync 1 DAGs
[2026-03-15T17:29:21.862+0000] {logging_mixin.py:188} INFO - [2026-03-15T17:29:21.862+0000] {dag.py:3834} INFO - Setting next_dagrun for example_sla_dag to 2026-03-15 17:26:00+00:00, run_after=2026-03-15 17:28:00+00:00
[2026-03-15T17:29:21.875+0000] {processor.py:183} INFO - Processing /home/airflow/.local/lib/python3.11/site-packages/airflow/example_dags/example_sla_dag.py took 0.059 seconds
[2026-03-15T17:29:56.998+0000] {processor.py:161} INFO - Started process (PID=280) to work on /home/airflow/.local/lib/python3.11/site-packages/airflow/example_dags/example_sla_dag.py
[2026-03-15T17:29:56.999+0000] {processor.py:830} INFO - Processing file /home/airflow/.local/lib/python3.11/site-packages/airflow/example_dags/example_sla_dag.py for tasks to queue
[2026-03-15T17:29:57.001+0000] {logging_mixin.py:188} INFO - [2026-03-15T17:29:57.000+0000] {dagbag.py:540} INFO - Filling up the DagBag from /home/airflow/.local/lib/python3.11/site-packages/airflow/example_dags/example_sla_dag.py
[2026-03-15T17:29:57.008+0000] {processor.py:840} INFO - DAG(s) 'example_sla_dag' retrieved from /home/airflow/.local/lib/python3.11/site-packages/airflow/example_dags/example_sla_dag.py
[2026-03-15T17:29:57.024+0000] {logging_mixin.py:188} INFO - [2026-03-15T17:29:57.024+0000] {dag.py:3047} INFO - Sync 1 DAGs
[2026-03-15T17:29:57.041+0000] {logging_mixin.py:188} INFO - [2026-03-15T17:29:57.041+0000] {dag.py:3834} INFO - Setting next_dagrun for example_sla_dag to 2026-03-15 17:26:00+00:00, run_after=2026-03-15 17:28:00+00:00
[2026-03-15T17:29:07.907+0000] {processor.py:183} INFO - Processing /home/airflow/.local/lib/python3.11/site-packages/airflow/example_dags/example_sla_dag.py took 0.060 seconds
[2026-03-15T17:29:38.101+0000] {processor.py:161} INFO - Started process (PID=331) to work on /home/airflow/.local/lib/python3.11/site-packages/airflow/example_dags/example_sla_dag.py
[2026-03-15T17:29:38.105+0000] {processor.py:830} INFO - Processing file /home/airflow/.local/lib/python3.11/site-packages/airflow/example_dags/example_sla_dag.py for tasks to queue
[2026-03-15T17:29:38.107+0000] {logging_mixin.py:188} INFO - [2026-03-15T17:29:38.107+0000] {dagbag.py:540} INFO - Filling up the DagBag from /home/airflow/.local/lib/python3.11/site-packages/airflow/example_dags/example_sla_dag.py
[2026-03-15T17:29:38.115+0000] {processor.py:840} INFO - DAG(s) 'example_sla_dag' retrieved from /home/airflow/.local/lib/python3.11/site-packages/airflow/example_dags/example_sla_dag.py
[2026-03-15T17:29:38.132+0000] {logging_mixin.py:188} INFO - [2026-03-15T17:29:38.132+0000] {dag.py:3047} INFO - Sync 1 DAGs
[2026-03-15T17:29:38.153+0000] {logging_mixin.py:188} INFO - [2026-03-15T17:29:38.153+0000] {dag.py:3834} INFO - Setting next_dagrun for example_sla_dag to 2026-03-15 17:26:00+00:00, run_after=2026-03-15 17:28:00+00:00
[2026-03-15T17:29:38.172+0000] {processor.py:183} INFO - Processing /home/airflow/.local/lib/python3.11/site-packages/airflow/example_dags/example_sla_dag.py took 0.074 seconds
[2026-03-15T17:30:08.377+0000] {processor.py:161} INFO - Started process (PID=383) to work on /home/airflow/.local/lib/python3.11/site-packages/airflow/example_dags/example_sla_dag.py
[2026-03-15T17:30:08.378+0000] {processor.py:830} INFO - Processing file /home/airflow/.local/lib/python3.11/site-packages/airflow/example_dags/example_sla_dag.py for tasks to queue
[2026-03-15T17:30:08.382+0000] {logging_mixin.py:188} INFO - [2026-03-15T17:30:08.381+0000] {dagbag.py:540} INFO - Filling up the DagBag from /home/airflow/.local/lib/python3.11/site-packages/airflow/example_dags/example_sla_dag.py
[2026-03-15T17:30:08.393+0000] {processor.py:840} INFO - DAG(s) 'example_sla_dag' retrieved from /home/airflow/.local/lib/python3.11/site-packages/airflow/example_dags/example_sla_dag.py
[2026-03-15T17:30:08.416+0000] {logging_mixin.py:188} INFO - [2026-03-15T17:30:08.416+0000] {dag.py:3047} INFO - Sync 1 DAGs
[2026-03-15T17:30:08.437+0000] {logging_mixin.py:188} INFO - [2026-03-15T17:30:08.437+0000] {dag.py:3834} INFO - Setting next_dagrun for example_sla_dag to 2026-03-15 17:28:00+00:00, run_after=2026-03-15 17:30:00+00:00
[2026-03-15T17:30:08.452+0000] {processor.py:183} INFO - Processing /home/airflow/.local/lib/python3.11/site-packages/airflow/example_dags/example_sla_dag.py took 0.081 seconds
[2026-03-15T17:31:22.074+0000] {processor.py:161} INFO - Started process (PID=441) to work on /home/airflow/.local/lib/python3.11/site-packages/airflow/example_dags/example_sla_dag.py
[2026-03-15T17:31:22.075+0000] {processor.py:830} INFO - Processing file /home/airflow/.local/lib/python3.11/site-packages/airflow/example_dags/example_sla_dag.py for tasks to queue
[2026-03-15T17:31:22.077+0000] {logging_mixin.py:188} INFO - [2026-03-15T17:31:22.077+0000] {dagbag.py:540} INFO - Filling up the DagBag from /home/airflow/.local/lib/python3.11/site-packages/airflow/example_dags/example_sla_dag.py
[2026-03-15T17:31:22.085+0000] {processor.py:840} INFO - DAG(s) 'example_sla_dag' retrieved from /home/airflow/.local/lib/python3.11/site-packages/airflow/example_dags/example_sla_dag.py
[2026-03-15T17:31:22.102+0000] {logging_mixin.py:188} INFO - [2026-03-15T17:31:22.102+0000] {dag.py:3047} INFO - Sync 1 DAGs
[2026-03-15T17:30:32.939+0000] {logging_mixin.py:188} INFO - [2026-03-15T17:30:32.939+0000] {dag.py:3834} INFO - Setting next_dagrun for example_sla_dag to 2026-03-15 17:28:00+00:00, run_after=2026-03-15 17:30:00+00:00
[2026-03-15T17:30:32.961+0000] {processor.py:183} INFO - Processing /home/airflow/.local/lib/python3.11/site-packages/airflow/example_dags/example_sla_dag.py took 0.072 seconds
[2026-03-15T17:31:26.085+0000] {processor.py:161} INFO - Started process (PID=489) to work on /home/airflow/.local/lib/python3.11/site-packages/airflow/example_dags/example_sla_dag.py
[2026-03-15T17:31:26.086+0000] {processor.py:830} INFO - Processing file /home/airflow/.local/lib/python3.11/site-packages/airflow/example_dags/example_sla_dag.py for tasks to queue
[2026-03-15T17:31:26.088+0000] {logging_mixin.py:188} INFO - [2026-03-15T17:31:26.088+0000] {dagbag.py:540} INFO - Filling up the DagBag from /home/airflow/.local/lib/python3.11/site-packages/airflow/example_dags/example_sla_dag.py
[2026-03-15T17:31:26.095+0000] {processor.py:840} INFO - DAG(s) 'example_sla_dag' retrieved from /home/airflow/.local/lib/python3.11/site-packages/airflow/example_dags/example_sla_dag.py
[2026-03-15T17:31:26.110+0000] {logging_mixin.py:188} INFO - [2026-03-15T17:31:26.109+0000] {dag.py:3047} INFO - Sync 1 DAGs
[2026-03-15T17:30:36.946+0000] {logging_mixin.py:188} INFO - [2026-03-15T17:30:36.946+0000] {dag.py:3834} INFO - Setting next_dagrun for example_sla_dag to 2026-03-15 17:28:00+00:00, run_after=2026-03-15 17:30:00+00:00
[2026-03-15T17:30:36.960+0000] {processor.py:183} INFO - Processing /home/airflow/.local/lib/python3.11/site-packages/airflow/example_dags/example_sla_dag.py took 0.058 seconds
[2026-03-15T17:31:07.481+0000] {processor.py:161} INFO - Started process (PID=543) to work on /home/airflow/.local/lib/python3.11/site-packages/airflow/example_dags/example_sla_dag.py
[2026-03-15T17:31:07.482+0000] {processor.py:830} INFO - Processing file /home/airflow/.local/lib/python3.11/site-packages/airflow/example_dags/example_sla_dag.py for tasks to queue
[2026-03-15T17:31:07.484+0000] {logging_mixin.py:188} INFO - [2026-03-15T17:31:07.484+0000] {dagbag.py:540} INFO - Filling up the DagBag from /home/airflow/.local/lib/python3.11/site-packages/airflow/example_dags/example_sla_dag.py
[2026-03-15T17:31:07.491+0000] {processor.py:840} INFO - DAG(s) 'example_sla_dag' retrieved from /home/airflow/.local/lib/python3.11/site-packages/airflow/example_dags/example_sla_dag.py
[2026-03-15T17:31:07.507+0000] {logging_mixin.py:188} INFO - [2026-03-15T17:31:07.507+0000] {dag.py:3047} INFO - Sync 1 DAGs
[2026-03-15T17:31:07.523+0000] {logging_mixin.py:188} INFO - [2026-03-15T17:31:07.523+0000] {dag.py:3834} INFO - Setting next_dagrun for example_sla_dag to 2026-03-15 17:28:00+00:00, run_after=2026-03-15 17:30:00+00:00
[2026-03-15T17:31:07.535+0000] {processor.py:183} INFO - Processing /home/airflow/.local/lib/python3.11/site-packages/airflow/example_dags/example_sla_dag.py took 0.057 seconds
[2026-03-15T17:31:08.108+0000] {processor.py:161} INFO - Started process (PID=554) to work on /home/airflow/.local/lib/python3.11/site-packages/airflow/example_dags/example_sla_dag.py
[2026-03-15T17:31:08.109+0000] {processor.py:830} INFO - Processing file /home/airflow/.local/lib/python3.11/site-packages/airflow/example_dags/example_sla_dag.py for tasks to queue
[2026-03-15T17:31:08.112+0000] {logging_mixin.py:188} INFO - [2026-03-15T17:31:08.112+0000] {dagbag.py:540} INFO - Filling up the DagBag from /home/airflow/.local/lib/python3.11/site-packages/airflow/example_dags/example_sla_dag.py
[2026-03-15T17:31:08.120+0000] {processor.py:840} INFO - DAG(s) 'example_sla_dag' retrieved from /home/airflow/.local/lib/python3.11/site-packages/airflow/example_dags/example_sla_dag.py
[2026-03-15T17:31:08.139+0000] {logging_mixin.py:188} INFO - [2026-03-15T17:31:08.139+0000] {dag.py:3047} INFO - Sync 1 DAGs
[2026-03-15T17:31:08.158+0000] {logging_mixin.py:188} INFO - [2026-03-15T17:31:08.158+0000] {dag.py:3834} INFO - Setting next_dagrun for example_sla_dag to 2026-03-15 17:28:00+00:00, run_after=2026-03-15 17:30:00+00:00
[2026-03-15T17:31:08.173+0000] {processor.py:183} INFO - Processing /home/airflow/.local/lib/python3.11/site-packages/airflow/example_dags/example_sla_dag.py took 0.068 seconds
[2026-03-15T17:31:38.497+0000] {processor.py:161} INFO - Started process (PID=606) to work on /home/airflow/.local/lib/python3.11/site-packages/airflow/example_dags/example_sla_dag.py
[2026-03-15T17:31:38.498+0000] {processor.py:830} INFO - Processing file /home/airflow/.local/lib/python3.11/site-packages/airflow/example_dags/example_sla_dag.py for tasks to queue
[2026-03-15T17:31:38.502+0000] {logging_mixin.py:188} INFO - [2026-03-15T17:31:38.502+0000] {dagbag.py:540} INFO - Filling up the DagBag from /home/airflow/.local/lib/python3.11/site-packages/airflow/example_dags/example_sla_dag.py
[2026-03-15T17:31:38.509+0000] {processor.py:840} INFO - DAG(s) 'example_sla_dag' retrieved from /home/airflow/.local/lib/python3.11/site-packages/airflow/example_dags/example_sla_dag.py
[2026-03-15T17:31:38.524+0000] {logging_mixin.py:188} INFO - [2026-03-15T17:31:38.524+0000] {dag.py:3047} INFO - Sync 1 DAGs
[2026-03-15T17:31:38.542+0000] {logging_mixin.py:188} INFO - [2026-03-15T17:31:38.542+0000] {dag.py:3834} INFO - Setting next_dagrun for example_sla_dag to 2026-03-15 17:28:00+00:00, run_after=2026-03-15 17:30:00+00:00
[2026-03-15T17:31:38.559+0000] {processor.py:183} INFO - Processing /home/airflow/.local/lib/python3.11/site-packages/airflow/example_dags/example_sla_dag.py took 0.065 seconds
[2026-03-15T17:32:32.170+0000] {processor.py:161} INFO - Started process (PID=652) to work on /home/airflow/.local/lib/python3.11/site-packages/airflow/example_dags/example_sla_dag.py
[2026-03-15T17:32:32.170+0000] {processor.py:830} INFO - Processing file /home/airflow/.local/lib/python3.11/site-packages/airflow/example_dags/example_sla_dag.py for tasks to queue
[2026-03-15T17:32:32.174+0000] {logging_mixin.py:188} INFO - [2026-03-15T17:32:32.174+0000] {dagbag.py:540} INFO - Filling up the DagBag from /home/airflow/.local/lib/python3.11/site-packages/airflow/example_dags/example_sla_dag.py
[2026-03-15T17:32:32.181+0000] {processor.py:840} INFO - DAG(s) 'example_sla_dag' retrieved from /home/airflow/.local/lib/python3.11/site-packages/airflow/example_dags/example_sla_dag.py
[2026-03-15T17:32:32.197+0000] {logging_mixin.py:188} INFO - [2026-03-15T17:32:32.197+0000] {dag.py:3047} INFO - Sync 1 DAGs
[2026-03-15T17:32:32.214+0000] {logging_mixin.py:188} INFO - [2026-03-15T17:32:32.214+0000] {dag.py:3834} INFO - Setting next_dagrun for example_sla_dag to 2026-03-15 17:30:00+00:00, run_after=2026-03-15 17:32:00+00:00
[2026-03-15T17:32:32.229+0000] {processor.py:183} INFO - Processing /home/airflow/.local/lib/python3.11/site-packages/airflow/example_dags/example_sla_dag.py took 0.062 seconds
[2026-03-15T17:32:13.560+0000] {processor.py:161} INFO - Started process (PID=710) to work on /home/airflow/.local/lib/python3.11/site-packages/airflow/example_dags/example_sla_dag.py
[2026-03-15T17:32:13.561+0000] {processor.py:830} INFO - Processing file /home/airflow/.local/lib/python3.11/site-packages/airflow/example_dags/example_sla_dag.py for tasks to queue
[2026-03-15T17:32:13.570+0000] {logging_mixin.py:188} INFO - [2026-03-15T17:32:13.567+0000] {dagbag.py:540} INFO - Filling up the DagBag from /home/airflow/.local/lib/python3.11/site-packages/airflow/example_dags/example_sla_dag.py
[2026-03-15T17:32:13.599+0000] {processor.py:840} INFO - DAG(s) 'example_sla_dag' retrieved from /home/airflow/.local/lib/python3.11/site-packages/airflow/example_dags/example_sla_dag.py
[2026-03-15T17:32:13.647+0000] {logging_mixin.py:188} INFO - [2026-03-15T17:32:13.647+0000] {dag.py:3047} INFO - Sync 1 DAGs
[2026-03-15T17:32:13.716+0000] {logging_mixin.py:188} INFO - [2026-03-15T17:32:13.716+0000] {dag.py:3834} INFO - Setting next_dagrun for example_sla_dag to 2026-03-15 17:30:00+00:00, run_after=2026-03-15 17:32:00+00:00
[2026-03-15T17:32:13.754+0000] {processor.py:183} INFO - Processing /home/airflow/.local/lib/python3.11/site-packages/airflow/example_dags/example_sla_dag.py took 0.203 seconds
[2026-03-15T17:32:44.441+0000] {processor.py:161} INFO - Started process (PID=763) to work on /home/airflow/.local/lib/python3.11/site-packages/airflow/example_dags/example_sla_dag.py
[2026-03-15T17:32:44.442+0000] {processor.py:830} INFO - Processing file /home/airflow/.local/lib/python3.11/site-packages/airflow/example_dags/example_sla_dag.py for tasks to queue
[2026-03-15T17:32:44.444+0000] {logging_mixin.py:188} INFO - [2026-03-15T17:32:44.444+0000] {dagbag.py:540} INFO - Filling up the DagBag from /home/airflow/.local/lib/python3.11/site-packages/airflow/example_dags/example_sla_dag.py
[2026-03-15T17:32:44.453+0000] {processor.py:840} INFO - DAG(s) 'example_sla_dag' retrieved from /home/airflow/.local/lib/python3.11/site-packages/airflow/example_dags/example_sla_dag.py
[2026-03-15T17:32:44.469+0000] {logging_mixin.py:188} INFO - [2026-03-15T17:32:44.469+0000] {dag.py:3047} INFO - Sync 1 DAGs
[2026-03-15T17:32:44.488+0000] {logging_mixin.py:188} INFO - [2026-03-15T17:32:44.487+0000] {dag.py:3834} INFO - Setting next_dagrun for example_sla_dag to 2026-03-15 17:30:00+00:00, run_after=2026-03-15 17:32:00+00:00
[2026-03-15T17:32:44.505+0000] {processor.py:183} INFO - Processing /home/airflow/.local/lib/python3.11/site-packages/airflow/example_dags/example_sla_dag.py took 0.066 seconds
[2026-03-15T17:33:47.279+0000] {processor.py:161} INFO - Started process (PID=812) to work on /home/airflow/.local/lib/python3.11/site-packages/airflow/example_dags/example_sla_dag.py
[2026-03-15T17:33:47.280+0000] {processor.py:830} INFO - Processing file /home/airflow/.local/lib/python3.11/site-packages/airflow/example_dags/example_sla_dag.py for tasks to queue
[2026-03-15T17:33:47.282+0000] {logging_mixin.py:188} INFO - [2026-03-15T17:33:47.282+0000] {dagbag.py:540} INFO - Filling up the DagBag from /home/airflow/.local/lib/python3.11/site-packages/airflow/example_dags/example_sla_dag.py
[2026-03-15T17:33:47.289+0000] {processor.py:840} INFO - DAG(s) 'example_sla_dag' retrieved from /home/airflow/.local/lib/python3.11/site-packages/airflow/example_dags/example_sla_dag.py
[2026-03-15T17:33:47.305+0000] {logging_mixin.py:188} INFO - [2026-03-15T17:33:47.305+0000] {dag.py:3047} INFO - Sync 1 DAGs
[2026-03-15T17:33:47.322+0000] {logging_mixin.py:188} INFO - [2026-03-15T17:33:47.322+0000] {dag.py:3834} INFO - Setting next_dagrun for example_sla_dag to 2026-03-15 17:30:00+00:00, run_after=2026-03-15 17:32:00+00:00
[2026-03-15T17:33:47.338+0000] {processor.py:183} INFO - Processing /home/airflow/.local/lib/python3.11/site-packages/airflow/example_dags/example_sla_dag.py took 0.061 seconds
[2026-03-15T17:33:48.318+0000] {processor.py:161} INFO - Started process (PID=972) to work on /home/airflow/.local/lib/python3.11/site-packages/airflow/example_dags/example_sla_dag.py
[2026-03-15T17:33:48.319+0000] {processor.py:830} INFO - Processing file /home/airflow/.local/lib/python3.11/site-packages/airflow/example_dags/example_sla_dag.py for tasks to queue
[2026-03-15T17:33:48.321+0000] {logging_mixin.py:188} INFO - [2026-03-15T17:33:48.321+0000] {dagbag.py:540} INFO - Filling up the DagBag from /home/airflow/.local/lib/python3.11/site-packages/airflow/example_dags/example_sla_dag.py
[2026-03-15T17:33:48.328+0000] {processor.py:840} INFO - DAG(s) 'example_sla_dag' retrieved from /home/airflow/.local/lib/python3.11/site-packages/airflow/example_dags/example_sla_dag.py
[2026-03-15T17:33:48.343+0000] {logging_mixin.py:188} INFO - [2026-03-15T17:33:48.343+0000] {dag.py:3047} INFO - Sync 1 DAGs
[2026-03-15T17:33:48.361+0000] {logging_mixin.py:188} INFO - [2026-03-15T17:33:48.361+0000] {dag.py:3834} INFO - Setting next_dagrun for example_sla_dag to 2026-03-15 17:30:00+00:00, run_after=2026-03-15 17:32:00+00:00
[2026-03-15T17:33:48.375+0000] {processor.py:183} INFO - Processing /home/airflow/.local/lib/python3.11/site-packages/airflow/example_dags/example_sla_dag.py took 0.060 seconds
[2026-03-15T17:34:56.193+0000] {processor.py:161} INFO - Started process (PID=1028) to work on /home/airflow/.local/lib/python3.11/site-packages/airflow/example_dags/example_sla_dag.py
[2026-03-15T17:34:56.194+0000] {processor.py:830} INFO - Processing file /home/airflow/.local/lib/python3.11/site-packages/airflow/example_dags/example_sla_dag.py for tasks to queue
[2026-03-15T17:34:56.196+0000] {logging_mixin.py:188} INFO - [2026-03-15T17:34:56.195+0000] {dagbag.py:540} INFO - Filling up the DagBag from /home/airflow/.local/lib/python3.11/site-packages/airflow/example_dags/example_sla_dag.py
[2026-03-15T17:34:07.053+0000] {processor.py:840} INFO - DAG(s) 'example_sla_dag' retrieved from /home/airflow/.local/lib/python3.11/site-packages/airflow/example_dags/example_sla_dag.py
[2026-03-15T17:34:07.068+0000] {logging_mixin.py:188} INFO - [2026-03-15T17:34:07.068+0000] {dag.py:3047} INFO - Sync 1 DAGs
[2026-03-15T17:34:07.086+0000] {logging_mixin.py:188} INFO - [2026-03-15T17:34:07.085+0000] {dag.py:3834} INFO - Setting next_dagrun for example_sla_dag to 2026-03-15 17:32:00+00:00, run_after=2026-03-15 17:34:00+00:00
[2026-03-15T17:34:07.101+0000] {processor.py:183} INFO - Processing /home/airflow/.local/lib/python3.11/site-packages/airflow/example_dags/example_sla_dag.py took 0.061 seconds
[2026-03-15T17:35:02.429+0000] {processor.py:161} INFO - Started process (PID=1076) to work on /home/airflow/.local/lib/python3.11/site-packages/airflow/example_dags/example_sla_dag.py
[2026-03-15T17:35:02.429+0000] {processor.py:830} INFO - Processing file /home/airflow/.local/lib/python3.11/site-packages/airflow/example_dags/example_sla_dag.py for tasks to queue
[2026-03-15T17:35:02.431+0000] {logging_mixin.py:188} INFO - [2026-03-15T17:35:02.431+0000] {dagbag.py:540} INFO - Filling up the DagBag from /home/airflow/.local/lib/python3.11/site-packages/airflow/example_dags/example_sla_dag.py
[2026-03-15T17:35:02.438+0000] {processor.py:840} INFO - DAG(s) 'example_sla_dag' retrieved from /home/airflow/.local/lib/python3.11/site-packages/airflow/example_dags/example_sla_dag.py
[2026-03-15T17:35:02.453+0000] {logging_mixin.py:188} INFO - [2026-03-15T17:35:02.452+0000] {dag.py:3047} INFO - Sync 1 DAGs
[2026-03-15T17:35:02.469+0000] {logging_mixin.py:188} INFO - [2026-03-15T17:35:02.469+0000] {dag.py:3834} INFO - Setting next_dagrun for example_sla_dag to 2026-03-15 17:32:00+00:00, run_after=2026-03-15 17:34:00+00:00
[2026-03-15T17:35:02.483+0000] {processor.py:183} INFO - Processing /home/airflow/.local/lib/python3.11/site-packages/airflow/example_dags/example_sla_dag.py took 0.057 seconds
[2026-03-15T17:35:37.434+0000] {processor.py:161} INFO - Started process (PID=1286) to work on /home/airflow/.local/lib/python3.11/site-packages/airflow/example_dags/example_sla_dag.py
[2026-03-15T17:35:37.435+0000] {processor.py:830} INFO - Processing file /home/airflow/.local/lib/python3.11/site-packages/airflow/example_dags/example_sla_dag.py for tasks to queue
[2026-03-15T17:35:37.437+0000] {logging_mixin.py:188} INFO - [2026-03-15T17:35:37.437+0000] {dagbag.py:540} INFO - Filling up the DagBag from /home/airflow/.local/lib/python3.11/site-packages/airflow/example_dags/example_sla_dag.py
[2026-03-15T17:35:37.445+0000] {processor.py:840} INFO - DAG(s) 'example_sla_dag' retrieved from /home/airflow/.local/lib/python3.11/site-packages/airflow/example_dags/example_sla_dag.py
[2026-03-15T17:35:37.464+0000] {logging_mixin.py:188} INFO - [2026-03-15T17:35:37.464+0000] {dag.py:3047} INFO - Sync 1 DAGs
[2026-03-15T17:35:37.482+0000] {logging_mixin.py:188} INFO - [2026-03-15T17:35:37.482+0000] {dag.py:3834} INFO - Setting next_dagrun for example_sla_dag to 2026-03-15 17:32:00+00:00, run_after=2026-03-15 17:34:00+00:00
[2026-03-15T17:35:37.497+0000] {processor.py:183} INFO - Processing /home/airflow/.local/lib/python3.11/site-packages/airflow/example_dags/example_sla_dag.py took 0.065 seconds
[2026-03-15T17:36:26.814+0000] {processor.py:161} INFO - Started process (PID=1457) to work on /home/airflow/.local/lib/python3.11/site-packages/airflow/example_dags/example_sla_dag.py
[2026-03-15T17:36:26.815+0000] {processor.py:830} INFO - Processing file /home/airflow/.local/lib/python3.11/site-packages/airflow/example_dags/example_sla_dag.py for tasks to queue
[2026-03-15T17:36:26.817+0000] {logging_mixin.py:188} INFO - [2026-03-15T17:36:26.817+0000] {dagbag.py:540} INFO - Filling up the DagBag from /home/airflow/.local/lib/python3.11/site-packages/airflow/example_dags/example_sla_dag.py
[2026-03-15T17:35:37.645+0000] {processor.py:840} INFO - DAG(s) 'example_sla_dag' retrieved from /home/airflow/.local/lib/python3.11/site-packages/airflow/example_dags/example_sla_dag.py
[2026-03-15T17:35:37.661+0000] {logging_mixin.py:188} INFO - [2026-03-15T17:35:37.661+0000] {dag.py:3047} INFO - Sync 1 DAGs
[2026-03-15T17:35:37.679+0000] {logging_mixin.py:188} INFO - [2026-03-15T17:35:37.679+0000] {dag.py:3834} INFO - Setting next_dagrun for example_sla_dag to 2026-03-15 17:32:00+00:00, run_after=2026-03-15 17:34:00+00:00
[2026-03-15T17:35:37.695+0000] {processor.py:183} INFO - Processing /home/airflow/.local/lib/python3.11/site-packages/airflow/example_dags/example_sla_dag.py took 0.063 seconds
[2026-03-15T17:36:37.780+0000] {processor.py:161} INFO - Started process (PID=1497) to work on /home/airflow/.local/lib/python3.11/site-packages/airflow/example_dags/example_sla_dag.py
[2026-03-15T17:36:37.781+0000] {processor.py:830} INFO - Processing file /home/airflow/.local/lib/python3.11/site-packages/airflow/example_dags/example_sla_dag.py for tasks to queue
[2026-03-15T17:36:37.782+0000] {logging_mixin.py:188} INFO - [2026-03-15T17:36:37.782+0000] {dagbag.py:540} INFO - Filling up the DagBag from /home/airflow/.local/lib/python3.11/site-packages/airflow/example_dags/example_sla_dag.py
[2026-03-15T17:36:37.790+0000] {processor.py:840} INFO - DAG(s) 'example_sla_dag' retrieved from /home/airflow/.local/lib/python3.11/site-packages/airflow/example_dags/example_sla_dag.py
[2026-03-15T17:36:37.806+0000] {logging_mixin.py:188} INFO - [2026-03-15T17:36:37.806+0000] {dag.py:3047} INFO - Sync 1 DAGs
[2026-03-15T17:36:37.825+0000] {logging_mixin.py:188} INFO - [2026-03-15T17:36:37.825+0000] {dag.py:3834} INFO - Setting next_dagrun for example_sla_dag to 2026-03-15 17:34:00+00:00, run_after=2026-03-15 17:36:00+00:00
[2026-03-15T17:36:37.841+0000] {processor.py:183} INFO - Processing /home/airflow/.local/lib/python3.11/site-packages/airflow/example_dags/example_sla_dag.py took 0.064 seconds
[2026-03-15T17:37:08.044+0000] {processor.py:161} INFO - Started process (PID=1711) to work on /home/airflow/.local/lib/python3.11/site-packages/airflow/example_dags/example_sla_dag.py
[2026-03-15T17:37:08.045+0000] {processor.py:830} INFO - Processing file /home/airflow/.local/lib/python3.11/site-packages/airflow/example_dags/example_sla_dag.py for tasks to queue
[2026-03-15T17:37:08.048+0000] {logging_mixin.py:188} INFO - [2026-03-15T17:37:08.047+0000] {dagbag.py:540} INFO - Filling up the DagBag from /home/airflow/.local/lib/python3.11/site-packages/airflow/example_dags/example_sla_dag.py
[2026-03-15T17:37:08.057+0000] {processor.py:840} INFO - DAG(s) 'example_sla_dag' retrieved from /home/airflow/.local/lib/python3.11/site-packages/airflow/example_dags/example_sla_dag.py
[2026-03-15T17:37:08.075+0000] {logging_mixin.py:188} INFO - [2026-03-15T17:37:08.075+0000] {dag.py:3047} INFO - Sync 1 DAGs
[2026-03-15T17:37:08.095+0000] {logging_mixin.py:188} INFO - [2026-03-15T17:37:08.094+0000] {dag.py:3834} INFO - Setting next_dagrun for example_sla_dag to 2026-03-15 17:34:00+00:00, run_after=2026-03-15 17:36:00+00:00
[2026-03-15T17:37:08.111+0000] {processor.py:183} INFO - Processing /home/airflow/.local/lib/python3.11/site-packages/airflow/example_dags/example_sla_dag.py took 0.071 seconds
[2026-03-15T17:37:18.934+0000] {processor.py:161} INFO - Started process (PID=1755) to work on /home/airflow/.local/lib/python3.11/site-packages/airflow/example_dags/example_sla_dag.py
[2026-03-15T17:37:18.937+0000] {processor.py:830} INFO - Processing file /home/airflow/.local/lib/python3.11/site-packages/airflow/example_dags/example_sla_dag.py for tasks to queue
[2026-03-15T17:37:18.939+0000] {logging_mixin.py:188} INFO - [2026-03-15T17:37:18.938+0000] {dagbag.py:540} INFO - Filling up the DagBag from /home/airflow/.local/lib/python3.11/site-packages/airflow/example_dags/example_sla_dag.py
[2026-03-15T17:37:18.946+0000] {processor.py:840} INFO - DAG(s) 'example_sla_dag' retrieved from /home/airflow/.local/lib/python3.11/site-packages/airflow/example_dags/example_sla_dag.py
[2026-03-15T17:37:18.961+0000] {logging_mixin.py:188} INFO - [2026-03-15T17:37:18.961+0000] {dag.py:3047} INFO - Sync 1 DAGs
[2026-03-15T17:37:18.978+0000] {logging_mixin.py:188} INFO - [2026-03-15T17:37:18.978+0000] {dag.py:3834} INFO - Setting next_dagrun for example_sla_dag to 2026-03-15 17:34:00+00:00, run_after=2026-03-15 17:36:00+00:00
[2026-03-15T17:37:18.994+0000] {processor.py:183} INFO - Processing /home/airflow/.local/lib/python3.11/site-packages/airflow/example_dags/example_sla_dag.py took 0.063 seconds
[2026-03-15T17:38:26.661+0000] {processor.py:161} INFO - Started process (PID=1810) to work on /home/airflow/.local/lib/python3.11/site-packages/airflow/example_dags/example_sla_dag.py
[2026-03-15T17:38:26.662+0000] {processor.py:830} INFO - Processing file /home/airflow/.local/lib/python3.11/site-packages/airflow/example_dags/example_sla_dag.py for tasks to queue
[2026-03-15T17:38:26.664+0000] {logging_mixin.py:188} INFO - [2026-03-15T17:38:26.664+0000] {dagbag.py:540} INFO - Filling up the DagBag from /home/airflow/.local/lib/python3.11/site-packages/airflow/example_dags/example_sla_dag.py
[2026-03-15T17:38:26.670+0000] {processor.py:840} INFO - DAG(s) 'example_sla_dag' retrieved from /home/airflow/.local/lib/python3.11/site-packages/airflow/example_dags/example_sla_dag.py
[2026-03-15T17:38:26.685+0000] {logging_mixin.py:188} INFO - [2026-03-15T17:38:26.685+0000] {dag.py:3047} INFO - Sync 1 DAGs
[2026-03-15T17:38:26.700+0000] {logging_mixin.py:188} INFO - [2026-03-15T17:38:26.700+0000] {dag.py:3834} INFO - Setting next_dagrun for example_sla_dag to 2026-03-15 17:36:00+00:00, run_after=2026-03-15 17:38:00+00:00
[2026-03-15T17:38:26.714+0000] {processor.py:183} INFO - Processing /home/airflow/.local/lib/python3.11/site-packages/airflow/example_dags/example_sla_dag.py took 0.056 seconds
[2026-03-15T17:39:26.691+0000] {processor.py:161} INFO - Started process (PID=1949) to work on /home/airflow/.local/lib/python3.11/site-packages/airflow/example_dags/example_sla_dag.py
[2026-03-15T17:39:26.692+0000] {processor.py:830} INFO - Processing file /home/airflow/.local/lib/python3.11/site-packages/airflow/example_dags/example_sla_dag.py for tasks to queue
[2026-03-15T17:39:26.693+0000] {logging_mixin.py:188} INFO - [2026-03-15T17:39:26.693+0000] {dagbag.py:540} INFO - Filling up the DagBag from /home/airflow/.local/lib/python3.11/site-packages/airflow/example_dags/example_sla_dag.py
[2026-03-15T17:39:26.700+0000] {processor.py:840} INFO - DAG(s) 'example_sla_dag' retrieved from /home/airflow/.local/lib/python3.11/site-packages/airflow/example_dags/example_sla_dag.py
[2026-03-15T17:39:26.716+0000] {logging_mixin.py:188} INFO - [2026-03-15T17:39:26.715+0000] {dag.py:3047} INFO - Sync 1 DAGs
[2026-03-15T17:39:26.736+0000] {logging_mixin.py:188} INFO - [2026-03-15T17:39:26.735+0000] {dag.py:3834} INFO - Setting next_dagrun for example_sla_dag to 2026-03-15 17:36:00+00:00, run_after=2026-03-15 17:38:00+00:00
[2026-03-15T17:39:26.749+0000] {processor.py:183} INFO - Processing /home/airflow/.local/lib/python3.11/site-packages/airflow/example_dags/example_sla_dag.py took 0.061 seconds
[2026-03-15T17:39:07.777+0000] {processor.py:161} INFO - Started process (PID=2040) to work on /home/airflow/.local/lib/python3.11/site-packages/airflow/example_dags/example_sla_dag.py
[2026-03-15T17:39:07.778+0000] {processor.py:830} INFO - Processing file /home/airflow/.local/lib/python3.11/site-packages/airflow/example_dags/example_sla_dag.py for tasks to queue
[2026-03-15T17:39:07.780+0000] {logging_mixin.py:188} INFO - [2026-03-15T17:39:07.780+0000] {dagbag.py:540} INFO - Filling up the DagBag from /home/airflow/.local/lib/python3.11/site-packages/airflow/example_dags/example_sla_dag.py
[2026-03-15T17:39:07.789+0000] {processor.py:840} INFO - DAG(s) 'example_sla_dag' retrieved from /home/airflow/.local/lib/python3.11/site-packages/airflow/example_dags/example_sla_dag.py
[2026-03-15T17:39:07.807+0000] {logging_mixin.py:188} INFO - [2026-03-15T17:39:07.807+0000] {dag.py:3047} INFO - Sync 1 DAGs
[2026-03-15T17:39:07.825+0000] {logging_mixin.py:188} INFO - [2026-03-15T17:39:07.824+0000] {dag.py:3834} INFO - Setting next_dagrun for example_sla_dag to 2026-03-15 17:36:00+00:00, run_after=2026-03-15 17:38:00+00:00
[2026-03-15T17:39:07.838+0000] {processor.py:183} INFO - Processing /home/airflow/.local/lib/python3.11/site-packages/airflow/example_dags/example_sla_dag.py took 0.064 seconds
[2026-03-15T17:39:14.157+0000] {processor.py:161} INFO - Started process (PID=2084) to work on /home/airflow/.local/lib/python3.11/site-packages/airflow/example_dags/example_sla_dag.py
[2026-03-15T17:39:14.161+0000] {processor.py:830} INFO - Processing file /home/airflow/.local/lib/python3.11/site-packages/airflow/example_dags/example_sla_dag.py for tasks to queue
[2026-03-15T17:39:14.165+0000] {logging_mixin.py:188} INFO - [2026-03-15T17:39:14.164+0000] {dagbag.py:540} INFO - Filling up the DagBag from /home/airflow/.local/lib/python3.11/site-packages/airflow/example_dags/example_sla_dag.py
[2026-03-15T17:39:14.171+0000] {processor.py:840} INFO - DAG(s) 'example_sla_dag' retrieved from /home/airflow/.local/lib/python3.11/site-packages/airflow/example_dags/example_sla_dag.py
[2026-03-15T17:39:14.187+0000] {logging_mixin.py:188} INFO - [2026-03-15T17:39:14.187+0000] {dag.py:3047} INFO - Sync 1 DAGs
[2026-03-15T17:39:14.203+0000] {logging_mixin.py:188} INFO - [2026-03-15T17:39:14.203+0000] {dag.py:3834} INFO - Setting next_dagrun for example_sla_dag to 2026-03-15 17:36:00+00:00, run_after=2026-03-15 17:38:00+00:00
[2026-03-15T17:39:14.220+0000] {processor.py:183} INFO - Processing /home/airflow/.local/lib/python3.11/site-packages/airflow/example_dags/example_sla_dag.py took 0.066 seconds
[2026-03-15T17:40:11.743+0000] {processor.py:161} INFO - Started process (PID=52) to work on /home/airflow/.local/lib/python3.11/site-packages/airflow/example_dags/example_sla_dag.py
[2026-03-15T17:40:11.745+0000] {processor.py:830} INFO - Processing file /home/airflow/.local/lib/python3.11/site-packages/airflow/example_dags/example_sla_dag.py for tasks to queue
[2026-03-15T17:40:11.749+0000] {logging_mixin.py:188} INFO - [2026-03-15T17:40:11.749+0000] {dagbag.py:540} INFO - Filling up the DagBag from /home/airflow/.local/lib/python3.11/site-packages/airflow/example_dags/example_sla_dag.py
[2026-03-15T17:40:11.763+0000] {processor.py:840} INFO - DAG(s) 'example_sla_dag' retrieved from /home/airflow/.local/lib/python3.11/site-packages/airflow/example_dags/example_sla_dag.py
[2026-03-15T17:40:11.781+0000] {logging_mixin.py:188} INFO - [2026-03-15T17:40:11.781+0000] {dag.py:3047} INFO - Sync 1 DAGs
[2026-03-15T17:40:11.818+0000] {logging_mixin.py:188} INFO - [2026-03-15T17:40:11.818+0000] {dag.py:3834} INFO - Setting next_dagrun for example_sla_dag to 2026-03-15 17:38:00+00:00, run_after=2026-03-15 17:40:00+00:00
[2026-03-15T17:40:11.851+0000] {processor.py:183} INFO - Processing /home/airflow/.local/lib/python3.11/site-packages/airflow/example_dags/example_sla_dag.py took 0.112 seconds
[2026-03-15T17:40:19.291+0000] {processor.py:161} INFO - Started process (PID=108) to work on /home/airflow/.local/lib/python3.11/site-packages/airflow/example_dags/example_sla_dag.py
[2026-03-15T17:40:19.292+0000] {processor.py:830} INFO - Processing file /home/airflow/.local/lib/python3.11/site-packages/airflow/example_dags/example_sla_dag.py for tasks to queue
[2026-03-15T17:40:19.294+0000] {logging_mixin.py:188} INFO - [2026-03-15T17:40:19.294+0000] {dagbag.py:540} INFO - Filling up the DagBag from /home/airflow/.local/lib/python3.11/site-packages/airflow/example_dags/example_sla_dag.py
[2026-03-15T17:40:19.301+0000] {processor.py:840} INFO - DAG(s) 'example_sla_dag' retrieved from /home/airflow/.local/lib/python3.11/site-packages/airflow/example_dags/example_sla_dag.py
[2026-03-15T17:40:19.314+0000] {logging_mixin.py:188} INFO - [2026-03-15T17:40:19.314+0000] {dag.py:3047} INFO - Sync 1 DAGs
[2026-03-15T17:40:19.335+0000] {logging_mixin.py:188} INFO - [2026-03-15T17:40:19.334+0000] {dag.py:3834} INFO - Setting next_dagrun for example_sla_dag to 2026-03-15 17:38:00+00:00, run_after=2026-03-15 17:40:00+00:00
[2026-03-15T17:40:19.352+0000] {processor.py:183} INFO - Processing /home/airflow/.local/lib/python3.11/site-packages/airflow/example_dags/example_sla_dag.py took 0.064 seconds
[2026-03-15T17:40:49.977+0000] {processor.py:161} INFO - Started process (PID=163) to work on /home/airflow/.local/lib/python3.11/site-packages/airflow/example_dags/example_sla_dag.py
[2026-03-15T17:40:49.978+0000] {processor.py:830} INFO - Processing file /home/airflow/.local/lib/python3.11/site-packages/airflow/example_dags/example_sla_dag.py for tasks to queue
[2026-03-15T17:40:49.980+0000] {logging_mixin.py:188} INFO - [2026-03-15T17:40:49.980+0000] {dagbag.py:540} INFO - Filling up the DagBag from /home/airflow/.local/lib/python3.11/site-packages/airflow/example_dags/example_sla_dag.py
[2026-03-15T17:40:49.989+0000] {processor.py:840} INFO - DAG(s) 'example_sla_dag' retrieved from /home/airflow/.local/lib/python3.11/site-packages/airflow/example_dags/example_sla_dag.py
[2026-03-15T17:40:50.085+0000] {logging_mixin.py:188} INFO - [2026-03-15T17:40:50.084+0000] {dag.py:3047} INFO - Sync 1 DAGs
[2026-03-15T17:40:50.105+0000] {logging_mixin.py:188} INFO - [2026-03-15T17:40:50.105+0000] {dag.py:3834} INFO - Setting next_dagrun for example_sla_dag to 2026-03-15 17:38:00+00:00, run_after=2026-03-15 17:40:00+00:00
[2026-03-15T17:40:50.127+0000] {processor.py:183} INFO - Processing /home/airflow/.local/lib/python3.11/site-packages/airflow/example_dags/example_sla_dag.py took 0.154 seconds
[2026-03-15T17:41:07.717+0000] {processor.py:161} INFO - Started process (PID=212) to work on /home/airflow/.local/lib/python3.11/site-packages/airflow/example_dags/example_sla_dag.py
[2026-03-15T17:41:07.718+0000] {processor.py:830} INFO - Processing file /home/airflow/.local/lib/python3.11/site-packages/airflow/example_dags/example_sla_dag.py for tasks to queue
[2026-03-15T17:41:07.719+0000] {logging_mixin.py:188} INFO - [2026-03-15T17:41:07.719+0000] {dagbag.py:540} INFO - Filling up the DagBag from /home/airflow/.local/lib/python3.11/site-packages/airflow/example_dags/example_sla_dag.py
[2026-03-15T17:41:07.727+0000] {processor.py:840} INFO - DAG(s) 'example_sla_dag' retrieved from /home/airflow/.local/lib/python3.11/site-packages/airflow/example_dags/example_sla_dag.py
[2026-03-15T17:41:07.737+0000] {logging_mixin.py:188} INFO - [2026-03-15T17:41:07.737+0000] {dag.py:3047} INFO - Sync 1 DAGs
[2026-03-15T17:41:07.754+0000] {logging_mixin.py:188} INFO - [2026-03-15T17:41:07.754+0000] {dag.py:3834} INFO - Setting next_dagrun for example_sla_dag to 2026-03-15 17:38:00+00:00, run_after=2026-03-15 17:40:00+00:00
[2026-03-15T17:41:07.767+0000] {processor.py:183} INFO - Processing /home/airflow/.local/lib/python3.11/site-packages/airflow/example_dags/example_sla_dag.py took 0.054 seconds
[2026-03-15T17:42:03.407+0000] {processor.py:161} INFO - Started process (PID=262) to work on /home/airflow/.local/lib/python3.11/site-packages/airflow/example_dags/example_sla_dag.py
[2026-03-15T17:42:03.408+0000] {processor.py:830} INFO - Processing file /home/airflow/.local/lib/python3.11/site-packages/airflow/example_dags/example_sla_dag.py for tasks to queue
[2026-03-15T17:42:03.409+0000] {logging_mixin.py:188} INFO - [2026-03-15T17:42:03.409+0000] {dagbag.py:540} INFO - Filling up the DagBag from /home/airflow/.local/lib/python3.11/site-packages/airflow/example_dags/example_sla_dag.py
[2026-03-15T17:42:03.416+0000] {processor.py:840} INFO - DAG(s) 'example_sla_dag' retrieved from /home/airflow/.local/lib/python3.11/site-packages/airflow/example_dags/example_sla_dag.py
[2026-03-15T17:42:03.431+0000] {logging_mixin.py:188} INFO - [2026-03-15T17:42:03.431+0000] {dag.py:3047} INFO - Sync 1 DAGs
[2026-03-15T17:42:03.447+0000] {logging_mixin.py:188} INFO - [2026-03-15T17:42:03.447+0000] {dag.py:3834} INFO - Setting next_dagrun for example_sla_dag to 2026-03-15 17:40:00+00:00, run_after=2026-03-15 17:42:00+00:00
[2026-03-15T17:42:03.460+0000] {processor.py:183} INFO - Processing /home/airflow/.local/lib/python3.11/site-packages/airflow/example_dags/example_sla_dag.py took 0.056 seconds
[2026-03-15T17:43:02.535+0000] {processor.py:161} INFO - Started process (PID=401) to work on /home/airflow/.local/lib/python3.11/site-packages/airflow/example_dags/example_sla_dag.py
[2026-03-15T17:43:02.536+0000] {processor.py:830} INFO - Processing file /home/airflow/.local/lib/python3.11/site-packages/airflow/example_dags/example_sla_dag.py for tasks to queue
[2026-03-15T17:43:02.538+0000] {logging_mixin.py:188} INFO - [2026-03-15T17:43:02.538+0000] {dagbag.py:540} INFO - Filling up the DagBag from /home/airflow/.local/lib/python3.11/site-packages/airflow/example_dags/example_sla_dag.py
[2026-03-15T17:43:02.545+0000] {processor.py:840} INFO - DAG(s) 'example_sla_dag' retrieved from /home/airflow/.local/lib/python3.11/site-packages/airflow/example_dags/example_sla_dag.py
[2026-03-15T17:43:02.560+0000] {logging_mixin.py:188} INFO - [2026-03-15T17:43:02.560+0000] {dag.py:3047} INFO - Sync 1 DAGs
[2026-03-15T17:43:02.577+0000] {logging_mixin.py:188} INFO - [2026-03-15T17:43:02.577+0000] {dag.py:3834} INFO - Setting next_dagrun for example_sla_dag to 2026-03-15 17:40:00+00:00, run_after=2026-03-15 17:42:00+00:00
[2026-03-15T17:43:02.590+0000] {processor.py:183} INFO - Processing /home/airflow/.local/lib/python3.11/site-packages/airflow/example_dags/example_sla_dag.py took 0.058 seconds
[2026-03-15T17:44:07.744+0000] {processor.py:161} INFO - Started process (PID=561) to work on /home/airflow/.local/lib/python3.11/site-packages/airflow/example_dags/example_sla_dag.py
[2026-03-15T17:44:07.746+0000] {processor.py:830} INFO - Processing file /home/airflow/.local/lib/python3.11/site-packages/airflow/example_dags/example_sla_dag.py for tasks to queue
[2026-03-15T17:44:07.747+0000] {logging_mixin.py:188} INFO - [2026-03-15T17:44:07.747+0000] {dagbag.py:540} INFO - Filling up the DagBag from /home/airflow/.local/lib/python3.11/site-packages/airflow/example_dags/example_sla_dag.py
[2026-03-15T17:44:07.754+0000] {processor.py:840} INFO - DAG(s) 'example_sla_dag' retrieved from /home/airflow/.local/lib/python3.11/site-packages/airflow/example_dags/example_sla_dag.py
[2026-03-15T17:43:18.617+0000] {logging_mixin.py:188} INFO - [2026-03-15T17:43:18.616+0000] {dag.py:3047} INFO - Sync 1 DAGs
[2026-03-15T17:43:18.634+0000] {logging_mixin.py:188} INFO - [2026-03-15T17:43:18.634+0000] {dag.py:3834} INFO - Setting next_dagrun for example_sla_dag to 2026-03-15 17:40:00+00:00, run_after=2026-03-15 17:42:00+00:00
[2026-03-15T17:43:18.651+0000] {processor.py:183} INFO - Processing /home/airflow/.local/lib/python3.11/site-packages/airflow/example_dags/example_sla_dag.py took 0.062 seconds
[2026-03-15T17:43:48.775+0000] {processor.py:161} INFO - Started process (PID=615) to work on /home/airflow/.local/lib/python3.11/site-packages/airflow/example_dags/example_sla_dag.py
[2026-03-15T17:43:48.777+0000] {processor.py:830} INFO - Processing file /home/airflow/.local/lib/python3.11/site-packages/airflow/example_dags/example_sla_dag.py for tasks to queue
[2026-03-15T17:43:48.778+0000] {logging_mixin.py:188} INFO - [2026-03-15T17:43:48.778+0000] {dagbag.py:540} INFO - Filling up the DagBag from /home/airflow/.local/lib/python3.11/site-packages/airflow/example_dags/example_sla_dag.py
[2026-03-15T17:43:48.785+0000] {processor.py:840} INFO - DAG(s) 'example_sla_dag' retrieved from /home/airflow/.local/lib/python3.11/site-packages/airflow/example_dags/example_sla_dag.py
[2026-03-15T17:43:48.799+0000] {logging_mixin.py:188} INFO - [2026-03-15T17:43:48.799+0000] {dag.py:3047} INFO - Sync 1 DAGs
[2026-03-15T17:43:48.816+0000] {logging_mixin.py:188} INFO - [2026-03-15T17:43:48.816+0000] {dag.py:3834} INFO - Setting next_dagrun for example_sla_dag to 2026-03-15 17:40:00+00:00, run_after=2026-03-15 17:42:00+00:00
[2026-03-15T17:43:48.831+0000] {processor.py:183} INFO - Processing /home/airflow/.local/lib/python3.11/site-packages/airflow/example_dags/example_sla_dag.py took 0.058 seconds
[2026-03-15T17:44:13.480+0000] {processor.py:161} INFO - Started process (PID=665) to work on /home/airflow/.local/lib/python3.11/site-packages/airflow/example_dags/example_sla_dag.py
[2026-03-15T17:44:13.481+0000] {processor.py:830} INFO - Processing file /home/airflow/.local/lib/python3.11/site-packages/airflow/example_dags/example_sla_dag.py for tasks to queue
[2026-03-15T17:44:13.483+0000] {logging_mixin.py:188} INFO - [2026-03-15T17:44:13.483+0000] {dagbag.py:540} INFO - Filling up the DagBag from /home/airflow/.local/lib/python3.11/site-packages/airflow/example_dags/example_sla_dag.py
[2026-03-15T17:44:13.491+0000] {processor.py:840} INFO - DAG(s) 'example_sla_dag' retrieved from /home/airflow/.local/lib/python3.11/site-packages/airflow/example_dags/example_sla_dag.py
[2026-03-15T17:44:13.507+0000] {logging_mixin.py:188} INFO - [2026-03-15T17:44:13.507+0000] {dag.py:3047} INFO - Sync 1 DAGs
[2026-03-15T17:44:13.525+0000] {logging_mixin.py:188} INFO - [2026-03-15T17:44:13.525+0000] {dag.py:3834} INFO - Setting next_dagrun for example_sla_dag to 2026-03-15 17:42:00+00:00, run_after=2026-03-15 17:44:00+00:00
[2026-03-15T17:44:13.539+0000] {processor.py:183} INFO - Processing /home/airflow/.local/lib/python3.11/site-packages/airflow/example_dags/example_sla_dag.py took 0.062 seconds
[2026-03-15T17:44:44.168+0000] {processor.py:161} INFO - Started process (PID=721) to work on /home/airflow/.local/lib/python3.11/site-packages/airflow/example_dags/example_sla_dag.py
[2026-03-15T17:44:44.169+0000] {processor.py:830} INFO - Processing file /home/airflow/.local/lib/python3.11/site-packages/airflow/example_dags/example_sla_dag.py for tasks to queue
[2026-03-15T17:44:44.170+0000] {logging_mixin.py:188} INFO - [2026-03-15T17:44:44.170+0000] {dagbag.py:540} INFO - Filling up the DagBag from /home/airflow/.local/lib/python3.11/site-packages/airflow/example_dags/example_sla_dag.py
[2026-03-15T17:44:44.177+0000] {processor.py:840} INFO - DAG(s) 'example_sla_dag' retrieved from /home/airflow/.local/lib/python3.11/site-packages/airflow/example_dags/example_sla_dag.py
[2026-03-15T17:44:44.193+0000] {logging_mixin.py:188} INFO - [2026-03-15T17:44:44.192+0000] {dag.py:3047} INFO - Sync 1 DAGs
[2026-03-15T17:44:44.209+0000] {logging_mixin.py:188} INFO - [2026-03-15T17:44:44.209+0000] {dag.py:3834} INFO - Setting next_dagrun for example_sla_dag to 2026-03-15 17:42:00+00:00, run_after=2026-03-15 17:44:00+00:00
[2026-03-15T17:44:44.223+0000] {processor.py:183} INFO - Processing /home/airflow/.local/lib/python3.11/site-packages/airflow/example_dags/example_sla_dag.py took 0.059 seconds
[2026-03-15T17:45:37.834+0000] {processor.py:161} INFO - Started process (PID=777) to work on /home/airflow/.local/lib/python3.11/site-packages/airflow/example_dags/example_sla_dag.py
[2026-03-15T17:45:37.835+0000] {processor.py:830} INFO - Processing file /home/airflow/.local/lib/python3.11/site-packages/airflow/example_dags/example_sla_dag.py for tasks to queue
[2026-03-15T17:45:37.836+0000] {logging_mixin.py:188} INFO - [2026-03-15T17:45:37.836+0000] {dagbag.py:540} INFO - Filling up the DagBag from /home/airflow/.local/lib/python3.11/site-packages/airflow/example_dags/example_sla_dag.py
[2026-03-15T17:45:37.843+0000] {processor.py:840} INFO - DAG(s) 'example_sla_dag' retrieved from /home/airflow/.local/lib/python3.11/site-packages/airflow/example_dags/example_sla_dag.py
[2026-03-15T17:45:37.857+0000] {logging_mixin.py:188} INFO - [2026-03-15T17:45:37.857+0000] {dag.py:3047} INFO - Sync 1 DAGs
[2026-03-15T17:45:37.873+0000] {logging_mixin.py:188} INFO - [2026-03-15T17:45:37.873+0000] {dag.py:3834} INFO - Setting next_dagrun for example_sla_dag to 2026-03-15 17:42:00+00:00, run_after=2026-03-15 17:44:00+00:00
[2026-03-15T17:44:48.737+0000] {processor.py:183} INFO - Processing /home/airflow/.local/lib/python3.11/site-packages/airflow/example_dags/example_sla_dag.py took 0.059 seconds
[2026-03-15T17:45:18.920+0000] {processor.py:161} INFO - Started process (PID=831) to work on /home/airflow/.local/lib/python3.11/site-packages/airflow/example_dags/example_sla_dag.py
[2026-03-15T17:45:18.921+0000] {processor.py:830} INFO - Processing file /home/airflow/.local/lib/python3.11/site-packages/airflow/example_dags/example_sla_dag.py for tasks to queue
[2026-03-15T17:45:18.922+0000] {logging_mixin.py:188} INFO - [2026-03-15T17:45:18.922+0000] {dagbag.py:540} INFO - Filling up the DagBag from /home/airflow/.local/lib/python3.11/site-packages/airflow/example_dags/example_sla_dag.py
[2026-03-15T17:45:18.929+0000] {processor.py:840} INFO - DAG(s) 'example_sla_dag' retrieved from /home/airflow/.local/lib/python3.11/site-packages/airflow/example_dags/example_sla_dag.py
[2026-03-15T17:45:18.945+0000] {logging_mixin.py:188} INFO - [2026-03-15T17:45:18.945+0000] {dag.py:3047} INFO - Sync 1 DAGs
[2026-03-15T17:45:18.962+0000] {logging_mixin.py:188} INFO - [2026-03-15T17:45:18.962+0000] {dag.py:3834} INFO - Setting next_dagrun for example_sla_dag to 2026-03-15 17:42:00+00:00, run_after=2026-03-15 17:44:00+00:00
[2026-03-15T17:45:18.977+0000] {processor.py:183} INFO - Processing /home/airflow/.local/lib/python3.11/site-packages/airflow/example_dags/example_sla_dag.py took 0.060 seconds
[2026-03-15T17:46:12.824+0000] {processor.py:161} INFO - Started process (PID=880) to work on /home/airflow/.local/lib/python3.11/site-packages/airflow/example_dags/example_sla_dag.py
[2026-03-15T17:46:12.825+0000] {processor.py:830} INFO - Processing file /home/airflow/.local/lib/python3.11/site-packages/airflow/example_dags/example_sla_dag.py for tasks to queue
[2026-03-15T17:46:12.827+0000] {logging_mixin.py:188} INFO - [2026-03-15T17:46:12.827+0000] {dagbag.py:540} INFO - Filling up the DagBag from /home/airflow/.local/lib/python3.11/site-packages/airflow/example_dags/example_sla_dag.py
[2026-03-15T17:46:12.833+0000] {processor.py:840} INFO - DAG(s) 'example_sla_dag' retrieved from /home/airflow/.local/lib/python3.11/site-packages/airflow/example_dags/example_sla_dag.py
[2026-03-15T17:46:12.848+0000] {logging_mixin.py:188} INFO - [2026-03-15T17:46:12.848+0000] {dag.py:3047} INFO - Sync 1 DAGs
[2026-03-15T17:46:12.865+0000] {logging_mixin.py:188} INFO - [2026-03-15T17:46:12.864+0000] {dag.py:3834} INFO - Setting next_dagrun for example_sla_dag to 2026-03-15 17:44:00+00:00, run_after=2026-03-15 17:46:00+00:00
[2026-03-15T17:46:12.879+0000] {processor.py:183} INFO - Processing /home/airflow/.local/lib/python3.11/site-packages/airflow/example_dags/example_sla_dag.py took 0.058 seconds
[2026-03-15T17:47:02.591+0000] {processor.py:161} INFO - Started process (PID=982) to work on /home/airflow/.local/lib/python3.11/site-packages/airflow/example_dags/example_sla_dag.py
[2026-03-15T17:47:02.592+0000] {processor.py:830} INFO - Processing file /home/airflow/.local/lib/python3.11/site-packages/airflow/example_dags/example_sla_dag.py for tasks to queue
[2026-03-15T17:47:02.593+0000] {logging_mixin.py:188} INFO - [2026-03-15T17:47:02.593+0000] {dagbag.py:540} INFO - Filling up the DagBag from /home/airflow/.local/lib/python3.11/site-packages/airflow/example_dags/example_sla_dag.py
[2026-03-15T17:47:02.600+0000] {processor.py:840} INFO - DAG(s) 'example_sla_dag' retrieved from /home/airflow/.local/lib/python3.11/site-packages/airflow/example_dags/example_sla_dag.py
[2026-03-15T17:47:02.615+0000] {logging_mixin.py:188} INFO - [2026-03-15T17:47:02.615+0000] {dag.py:3047} INFO - Sync 1 DAGs
[2026-03-15T17:46:13.443+0000] {logging_mixin.py:188} INFO - [2026-03-15T17:46:13.443+0000] {dag.py:3834} INFO - Setting next_dagrun for example_sla_dag to 2026-03-15 17:44:00+00:00, run_after=2026-03-15 17:46:00+00:00
[2026-03-15T17:46:13.460+0000] {processor.py:183} INFO - Processing /home/airflow/.local/lib/python3.11/site-packages/airflow/example_dags/example_sla_dag.py took 0.061 seconds
[2026-03-15T17:47:07.865+0000] {processor.py:161} INFO - Started process (PID=1036) to work on /home/airflow/.local/lib/python3.11/site-packages/airflow/example_dags/example_sla_dag.py
[2026-03-15T17:47:07.866+0000] {processor.py:830} INFO - Processing file /home/airflow/.local/lib/python3.11/site-packages/airflow/example_dags/example_sla_dag.py for tasks to queue
[2026-03-15T17:47:07.868+0000] {logging_mixin.py:188} INFO - [2026-03-15T17:47:07.867+0000] {dagbag.py:540} INFO - Filling up the DagBag from /home/airflow/.local/lib/python3.11/site-packages/airflow/example_dags/example_sla_dag.py
[2026-03-15T17:47:07.876+0000] {processor.py:840} INFO - DAG(s) 'example_sla_dag' retrieved from /home/airflow/.local/lib/python3.11/site-packages/airflow/example_dags/example_sla_dag.py
[2026-03-15T17:47:07.892+0000] {logging_mixin.py:188} INFO - [2026-03-15T17:47:07.892+0000] {dag.py:3047} INFO - Sync 1 DAGs
[2026-03-15T17:47:07.908+0000] {logging_mixin.py:188} INFO - [2026-03-15T17:47:07.908+0000] {dag.py:3834} INFO - Setting next_dagrun for example_sla_dag to 2026-03-15 17:44:00+00:00, run_after=2026-03-15 17:46:00+00:00
[2026-03-15T17:47:07.922+0000] {processor.py:183} INFO - Processing /home/airflow/.local/lib/python3.11/site-packages/airflow/example_dags/example_sla_dag.py took 0.060 seconds
[2026-03-15T17:47:43.011+0000] {processor.py:161} INFO - Started process (PID=1129) to work on /home/airflow/.local/lib/python3.11/site-packages/airflow/example_dags/example_sla_dag.py
[2026-03-15T17:47:43.012+0000] {processor.py:830} INFO - Processing file /home/airflow/.local/lib/python3.11/site-packages/airflow/example_dags/example_sla_dag.py for tasks to queue
[2026-03-15T17:47:43.014+0000] {logging_mixin.py:188} INFO - [2026-03-15T17:47:43.014+0000] {dagbag.py:540} INFO - Filling up the DagBag from /home/airflow/.local/lib/python3.11/site-packages/airflow/example_dags/example_sla_dag.py
[2026-03-15T17:47:43.021+0000] {processor.py:840} INFO - DAG(s) 'example_sla_dag' retrieved from /home/airflow/.local/lib/python3.11/site-packages/airflow/example_dags/example_sla_dag.py
[2026-03-15T17:47:43.038+0000] {logging_mixin.py:188} INFO - [2026-03-15T17:47:43.038+0000] {dag.py:3047} INFO - Sync 1 DAGs
[2026-03-15T17:47:43.059+0000] {logging_mixin.py:188} INFO - [2026-03-15T17:47:43.059+0000] {dag.py:3834} INFO - Setting next_dagrun for example_sla_dag to 2026-03-15 17:44:00+00:00, run_after=2026-03-15 17:46:00+00:00
[2026-03-15T17:47:43.075+0000] {processor.py:183} INFO - Processing /home/airflow/.local/lib/python3.11/site-packages/airflow/example_dags/example_sla_dag.py took 0.067 seconds
[2026-03-15T17:48:18.174+0000] {processor.py:161} INFO - Started process (PID=1312) to work on /home/airflow/.local/lib/python3.11/site-packages/airflow/example_dags/example_sla_dag.py
[2026-03-15T17:48:18.175+0000] {processor.py:830} INFO - Processing file /home/airflow/.local/lib/python3.11/site-packages/airflow/example_dags/example_sla_dag.py for tasks to queue
[2026-03-15T17:48:18.177+0000] {logging_mixin.py:188} INFO - [2026-03-15T17:48:18.177+0000] {dagbag.py:540} INFO - Filling up the DagBag from /home/airflow/.local/lib/python3.11/site-packages/airflow/example_dags/example_sla_dag.py
[2026-03-15T17:48:18.184+0000] {processor.py:840} INFO - DAG(s) 'example_sla_dag' retrieved from /home/airflow/.local/lib/python3.11/site-packages/airflow/example_dags/example_sla_dag.py
[2026-03-15T17:47:29.046+0000] {logging_mixin.py:188} INFO - [2026-03-15T17:47:29.046+0000] {dag.py:3047} INFO - Sync 1 DAGs
[2026-03-15T17:47:29.068+0000] {logging_mixin.py:188} INFO - [2026-03-15T17:47:29.068+0000] {dag.py:3834} INFO - Setting next_dagrun for example_sla_dag to 2026-03-15 17:44:00+00:00, run_after=2026-03-15 17:46:00+00:00
[2026-03-15T17:47:29.085+0000] {processor.py:183} INFO - Processing /home/airflow/.local/lib/python3.11/site-packages/airflow/example_dags/example_sla_dag.py took 0.070 seconds
[2026-03-15T17:48:32.583+0000] {processor.py:161} INFO - Started process (PID=1353) to work on /home/airflow/.local/lib/python3.11/site-packages/airflow/example_dags/example_sla_dag.py
[2026-03-15T17:48:32.585+0000] {processor.py:830} INFO - Processing file /home/airflow/.local/lib/python3.11/site-packages/airflow/example_dags/example_sla_dag.py for tasks to queue
[2026-03-15T17:48:32.586+0000] {logging_mixin.py:188} INFO - [2026-03-15T17:48:32.586+0000] {dagbag.py:540} INFO - Filling up the DagBag from /home/airflow/.local/lib/python3.11/site-packages/airflow/example_dags/example_sla_dag.py
[2026-03-15T17:48:32.592+0000] {processor.py:840} INFO - DAG(s) 'example_sla_dag' retrieved from /home/airflow/.local/lib/python3.11/site-packages/airflow/example_dags/example_sla_dag.py
[2026-03-15T17:48:32.607+0000] {logging_mixin.py:188} INFO - [2026-03-15T17:48:32.607+0000] {dag.py:3047} INFO - Sync 1 DAGs
[2026-03-15T17:48:32.624+0000] {logging_mixin.py:188} INFO - [2026-03-15T17:48:32.624+0000] {dag.py:3834} INFO - Setting next_dagrun for example_sla_dag to 2026-03-15 17:46:00+00:00, run_after=2026-03-15 17:48:00+00:00
[2026-03-15T17:47:43.456+0000] {processor.py:183} INFO - Processing /home/airflow/.local/lib/python3.11/site-packages/airflow/example_dags/example_sla_dag.py took 0.058 seconds
[2026-03-15T17:48:13.775+0000] {processor.py:161} INFO - Started process (PID=1400) to work on /home/airflow/.local/lib/python3.11/site-packages/airflow/example_dags/example_sla_dag.py
[2026-03-15T17:48:13.776+0000] {processor.py:830} INFO - Processing file /home/airflow/.local/lib/python3.11/site-packages/airflow/example_dags/example_sla_dag.py for tasks to queue
[2026-03-15T17:48:13.779+0000] {logging_mixin.py:188} INFO - [2026-03-15T17:48:13.778+0000] {dagbag.py:540} INFO - Filling up the DagBag from /home/airflow/.local/lib/python3.11/site-packages/airflow/example_dags/example_sla_dag.py
[2026-03-15T17:48:13.786+0000] {processor.py:840} INFO - DAG(s) 'example_sla_dag' retrieved from /home/airflow/.local/lib/python3.11/site-packages/airflow/example_dags/example_sla_dag.py
[2026-03-15T17:48:13.800+0000] {logging_mixin.py:188} INFO - [2026-03-15T17:48:13.800+0000] {dag.py:3047} INFO - Sync 1 DAGs
[2026-03-15T17:48:13.815+0000] {logging_mixin.py:188} INFO - [2026-03-15T17:48:13.815+0000] {dag.py:3834} INFO - Setting next_dagrun for example_sla_dag to 2026-03-15 17:46:00+00:00, run_after=2026-03-15 17:48:00+00:00
[2026-03-15T17:49:03.015+0000] {processor.py:183} INFO - Processing /home/airflow/.local/lib/python3.11/site-packages/airflow/example_dags/example_sla_dag.py took 0.056 seconds
[2026-03-15T17:49:14.261+0000] {processor.py:161} INFO - Started process (PID=1508) to work on /home/airflow/.local/lib/python3.11/site-packages/airflow/example_dags/example_sla_dag.py
[2026-03-15T17:49:14.262+0000] {processor.py:830} INFO - Processing file /home/airflow/.local/lib/python3.11/site-packages/airflow/example_dags/example_sla_dag.py for tasks to queue
[2026-03-15T17:49:14.264+0000] {logging_mixin.py:188} INFO - [2026-03-15T17:49:14.264+0000] {dagbag.py:540} INFO - Filling up the DagBag from /home/airflow/.local/lib/python3.11/site-packages/airflow/example_dags/example_sla_dag.py
[2026-03-15T17:49:14.271+0000] {processor.py:840} INFO - DAG(s) 'example_sla_dag' retrieved from /home/airflow/.local/lib/python3.11/site-packages/airflow/example_dags/example_sla_dag.py
[2026-03-15T17:49:14.288+0000] {logging_mixin.py:188} INFO - [2026-03-15T17:49:14.287+0000] {dag.py:3047} INFO - Sync 1 DAGs
[2026-03-15T17:49:14.304+0000] {logging_mixin.py:188} INFO - [2026-03-15T17:49:14.304+0000] {dag.py:3834} INFO - Setting next_dagrun for example_sla_dag to 2026-03-15 17:46:00+00:00, run_after=2026-03-15 17:48:00+00:00
[2026-03-15T17:49:14.321+0000] {processor.py:183} INFO - Processing /home/airflow/.local/lib/python3.11/site-packages/airflow/example_dags/example_sla_dag.py took 0.062 seconds
[2026-03-15T17:50:08.312+0000] {processor.py:161} INFO - Started process (PID=1559) to work on /home/airflow/.local/lib/python3.11/site-packages/airflow/example_dags/example_sla_dag.py
[2026-03-15T17:50:08.313+0000] {processor.py:830} INFO - Processing file /home/airflow/.local/lib/python3.11/site-packages/airflow/example_dags/example_sla_dag.py for tasks to queue
[2026-03-15T17:50:08.314+0000] {logging_mixin.py:188} INFO - [2026-03-15T17:50:08.314+0000] {dagbag.py:540} INFO - Filling up the DagBag from /home/airflow/.local/lib/python3.11/site-packages/airflow/example_dags/example_sla_dag.py
[2026-03-15T17:50:08.321+0000] {processor.py:840} INFO - DAG(s) 'example_sla_dag' retrieved from /home/airflow/.local/lib/python3.11/site-packages/airflow/example_dags/example_sla_dag.py
[2026-03-15T17:49:19.149+0000] {logging_mixin.py:188} INFO - [2026-03-15T17:49:19.149+0000] {dag.py:3047} INFO - Sync 1 DAGs
[2026-03-15T17:49:19.166+0000] {logging_mixin.py:188} INFO - [2026-03-15T17:49:19.166+0000] {dag.py:3834} INFO - Setting next_dagrun for example_sla_dag to 2026-03-15 17:46:00+00:00, run_after=2026-03-15 17:48:00+00:00
[2026-03-15T17:49:19.181+0000] {processor.py:183} INFO - Processing /home/airflow/.local/lib/python3.11/site-packages/airflow/example_dags/example_sla_dag.py took 0.059 seconds
[2026-03-15T17:49:57.353+0000] {processor.py:161} INFO - Started process (PID=52) to work on /home/airflow/.local/lib/python3.11/site-packages/airflow/example_dags/example_sla_dag.py
[2026-03-15T17:49:57.354+0000] {processor.py:830} INFO - Processing file /home/airflow/.local/lib/python3.11/site-packages/airflow/example_dags/example_sla_dag.py for tasks to queue
[2026-03-15T17:49:57.356+0000] {logging_mixin.py:188} INFO - [2026-03-15T17:49:57.356+0000] {dagbag.py:540} INFO - Filling up the DagBag from /home/airflow/.local/lib/python3.11/site-packages/airflow/example_dags/example_sla_dag.py
[2026-03-15T17:49:57.368+0000] {processor.py:840} INFO - DAG(s) 'example_sla_dag' retrieved from /home/airflow/.local/lib/python3.11/site-packages/airflow/example_dags/example_sla_dag.py
[2026-03-15T17:49:57.382+0000] {logging_mixin.py:188} INFO - [2026-03-15T17:49:57.381+0000] {dag.py:3047} INFO - Sync 1 DAGs
[2026-03-15T17:49:57.406+0000] {logging_mixin.py:188} INFO - [2026-03-15T17:49:57.405+0000] {dag.py:3834} INFO - Setting next_dagrun for example_sla_dag to 2026-03-15 17:46:00+00:00, run_after=2026-03-15 17:48:00+00:00
[2026-03-15T17:49:57.423+0000] {processor.py:183} INFO - Processing /home/airflow/.local/lib/python3.11/site-packages/airflow/example_dags/example_sla_dag.py took 0.074 seconds
[2026-03-15T17:50:13.617+0000] {processor.py:161} INFO - Started process (PID=108) to work on /home/airflow/.local/lib/python3.11/site-packages/airflow/example_dags/example_sla_dag.py
[2026-03-15T17:50:13.618+0000] {processor.py:830} INFO - Processing file /home/airflow/.local/lib/python3.11/site-packages/airflow/example_dags/example_sla_dag.py for tasks to queue
[2026-03-15T17:50:13.620+0000] {logging_mixin.py:188} INFO - [2026-03-15T17:50:13.620+0000] {dagbag.py:540} INFO - Filling up the DagBag from /home/airflow/.local/lib/python3.11/site-packages/airflow/example_dags/example_sla_dag.py
[2026-03-15T17:50:13.628+0000] {processor.py:840} INFO - DAG(s) 'example_sla_dag' retrieved from /home/airflow/.local/lib/python3.11/site-packages/airflow/example_dags/example_sla_dag.py
[2026-03-15T17:50:13.697+0000] {logging_mixin.py:188} INFO - [2026-03-15T17:50:13.696+0000] {dag.py:3047} INFO - Sync 1 DAGs
[2026-03-15T17:50:13.712+0000] {logging_mixin.py:188} INFO - [2026-03-15T17:50:13.711+0000] {dag.py:3834} INFO - Setting next_dagrun for example_sla_dag to 2026-03-15 17:48:00+00:00, run_after=2026-03-15 17:50:00+00:00
[2026-03-15T17:50:13.726+0000] {processor.py:183} INFO - Processing /home/airflow/.local/lib/python3.11/site-packages/airflow/example_dags/example_sla_dag.py took 0.112 seconds
[2026-03-15T17:51:08.383+0000] {processor.py:161} INFO - Started process (PID=156) to work on /home/airflow/.local/lib/python3.11/site-packages/airflow/example_dags/example_sla_dag.py
[2026-03-15T17:51:08.384+0000] {processor.py:830} INFO - Processing file /home/airflow/.local/lib/python3.11/site-packages/airflow/example_dags/example_sla_dag.py for tasks to queue
[2026-03-15T17:51:08.386+0000] {logging_mixin.py:188} INFO - [2026-03-15T17:51:08.385+0000] {dagbag.py:540} INFO - Filling up the DagBag from /home/airflow/.local/lib/python3.11/site-packages/airflow/example_dags/example_sla_dag.py
[2026-03-15T17:51:08.393+0000] {processor.py:840} INFO - DAG(s) 'example_sla_dag' retrieved from /home/airflow/.local/lib/python3.11/site-packages/airflow/example_dags/example_sla_dag.py
[2026-03-15T17:51:08.409+0000] {logging_mixin.py:188} INFO - [2026-03-15T17:51:08.408+0000] {dag.py:3047} INFO - Sync 1 DAGs
[2026-03-15T17:51:08.425+0000] {logging_mixin.py:188} INFO - [2026-03-15T17:51:08.425+0000] {dag.py:3834} INFO - Setting next_dagrun for example_sla_dag to 2026-03-15 17:48:00+00:00, run_after=2026-03-15 17:50:00+00:00
[2026-03-15T17:51:08.439+0000] {processor.py:183} INFO - Processing /home/airflow/.local/lib/python3.11/site-packages/airflow/example_dags/example_sla_dag.py took 0.059 seconds
[2026-03-15T17:51:34.522+0000] {processor.py:161} INFO - Started process (PID=397) to work on /home/airflow/.local/lib/python3.11/site-packages/airflow/example_dags/example_sla_dag.py
[2026-03-15T17:51:34.523+0000] {processor.py:830} INFO - Processing file /home/airflow/.local/lib/python3.11/site-packages/airflow/example_dags/example_sla_dag.py for tasks to queue
[2026-03-15T17:51:34.525+0000] {logging_mixin.py:188} INFO - [2026-03-15T17:51:34.525+0000] {dagbag.py:540} INFO - Filling up the DagBag from /home/airflow/.local/lib/python3.11/site-packages/airflow/example_dags/example_sla_dag.py
[2026-03-15T17:51:34.532+0000] {processor.py:840} INFO - DAG(s) 'example_sla_dag' retrieved from /home/airflow/.local/lib/python3.11/site-packages/airflow/example_dags/example_sla_dag.py
[2026-03-15T17:51:34.548+0000] {logging_mixin.py:188} INFO - [2026-03-15T17:51:34.547+0000] {dag.py:3047} INFO - Sync 1 DAGs
[2026-03-15T17:51:34.564+0000] {logging_mixin.py:188} INFO - [2026-03-15T17:51:34.564+0000] {dag.py:3834} INFO - Setting next_dagrun for example_sla_dag to 2026-03-15 17:48:00+00:00, run_after=2026-03-15 17:50:00+00:00
[2026-03-15T17:51:34.577+0000] {processor.py:183} INFO - Processing /home/airflow/.local/lib/python3.11/site-packages/airflow/example_dags/example_sla_dag.py took 0.058 seconds
[2026-03-15T17:52:28.548+0000] {processor.py:161} INFO - Started process (PID=447) to work on /home/airflow/.local/lib/python3.11/site-packages/airflow/example_dags/example_sla_dag.py
[2026-03-15T17:52:28.549+0000] {processor.py:830} INFO - Processing file /home/airflow/.local/lib/python3.11/site-packages/airflow/example_dags/example_sla_dag.py for tasks to queue
[2026-03-15T17:52:28.551+0000] {logging_mixin.py:188} INFO - [2026-03-15T17:52:28.551+0000] {dagbag.py:540} INFO - Filling up the DagBag from /home/airflow/.local/lib/python3.11/site-packages/airflow/example_dags/example_sla_dag.py
[2026-03-15T17:52:28.559+0000] {processor.py:840} INFO - DAG(s) 'example_sla_dag' retrieved from /home/airflow/.local/lib/python3.11/site-packages/airflow/example_dags/example_sla_dag.py
[2026-03-15T17:52:28.576+0000] {logging_mixin.py:188} INFO - [2026-03-15T17:52:28.576+0000] {dag.py:3047} INFO - Sync 1 DAGs
[2026-03-15T17:52:28.594+0000] {logging_mixin.py:188} INFO - [2026-03-15T17:52:28.594+0000] {dag.py:3834} INFO - Setting next_dagrun for example_sla_dag to 2026-03-15 17:50:00+00:00, run_after=2026-03-15 17:52:00+00:00
[2026-03-15T17:52:28.609+0000] {processor.py:183} INFO - Processing /home/airflow/.local/lib/python3.11/site-packages/airflow/example_dags/example_sla_dag.py took 0.064 seconds
[2026-03-15T17:53:02.418+0000] {processor.py:161} INFO - Started process (PID=551) to work on /home/airflow/.local/lib/python3.11/site-packages/airflow/example_dags/example_sla_dag.py
[2026-03-15T17:53:02.419+0000] {processor.py:830} INFO - Processing file /home/airflow/.local/lib/python3.11/site-packages/airflow/example_dags/example_sla_dag.py for tasks to queue
[2026-03-15T17:53:02.421+0000] {logging_mixin.py:188} INFO - [2026-03-15T17:53:02.420+0000] {dagbag.py:540} INFO - Filling up the DagBag from /home/airflow/.local/lib/python3.11/site-packages/airflow/example_dags/example_sla_dag.py
[2026-03-15T17:53:02.428+0000] {processor.py:840} INFO - DAG(s) 'example_sla_dag' retrieved from /home/airflow/.local/lib/python3.11/site-packages/airflow/example_dags/example_sla_dag.py
[2026-03-15T17:53:02.443+0000] {logging_mixin.py:188} INFO - [2026-03-15T17:53:02.443+0000] {dag.py:3047} INFO - Sync 1 DAGs
[2026-03-15T17:52:13.300+0000] {logging_mixin.py:188} INFO - [2026-03-15T17:52:13.300+0000] {dag.py:3834} INFO - Setting next_dagrun for example_sla_dag to 2026-03-15 17:50:00+00:00, run_after=2026-03-15 17:52:00+00:00
[2026-03-15T17:52:13.316+0000] {processor.py:183} INFO - Processing /home/airflow/.local/lib/python3.11/site-packages/airflow/example_dags/example_sla_dag.py took 0.059 seconds
[2026-03-15T17:53:08.651+0000] {processor.py:161} INFO - Started process (PID=599) to work on /home/airflow/.local/lib/python3.11/site-packages/airflow/example_dags/example_sla_dag.py
[2026-03-15T17:53:08.653+0000] {processor.py:830} INFO - Processing file /home/airflow/.local/lib/python3.11/site-packages/airflow/example_dags/example_sla_dag.py for tasks to queue
[2026-03-15T17:53:08.654+0000] {logging_mixin.py:188} INFO - [2026-03-15T17:53:08.654+0000] {dagbag.py:540} INFO - Filling up the DagBag from /home/airflow/.local/lib/python3.11/site-packages/airflow/example_dags/example_sla_dag.py
[2026-03-15T17:53:08.661+0000] {processor.py:840} INFO - DAG(s) 'example_sla_dag' retrieved from /home/airflow/.local/lib/python3.11/site-packages/airflow/example_dags/example_sla_dag.py
[2026-03-15T17:53:08.677+0000] {logging_mixin.py:188} INFO - [2026-03-15T17:53:08.677+0000] {dag.py:3047} INFO - Sync 1 DAGs
[2026-03-15T17:53:08.694+0000] {logging_mixin.py:188} INFO - [2026-03-15T17:53:08.694+0000] {dag.py:3834} INFO - Setting next_dagrun for example_sla_dag to 2026-03-15 17:50:00+00:00, run_after=2026-03-15 17:52:00+00:00
[2026-03-15T17:53:08.709+0000] {processor.py:183} INFO - Processing /home/airflow/.local/lib/python3.11/site-packages/airflow/example_dags/example_sla_dag.py took 0.061 seconds
[2026-03-15T17:53:14.781+0000] {processor.py:161} INFO - Started process (PID=748) to work on /home/airflow/.local/lib/python3.11/site-packages/airflow/example_dags/example_sla_dag.py
[2026-03-15T17:53:14.783+0000] {processor.py:830} INFO - Processing file /home/airflow/.local/lib/python3.11/site-packages/airflow/example_dags/example_sla_dag.py for tasks to queue
[2026-03-15T17:53:14.786+0000] {logging_mixin.py:188} INFO - [2026-03-15T17:53:14.786+0000] {dagbag.py:540} INFO - Filling up the DagBag from /home/airflow/.local/lib/python3.11/site-packages/airflow/example_dags/example_sla_dag.py
[2026-03-15T17:53:14.794+0000] {processor.py:840} INFO - DAG(s) 'example_sla_dag' retrieved from /home/airflow/.local/lib/python3.11/site-packages/airflow/example_dags/example_sla_dag.py
[2026-03-15T17:53:14.810+0000] {logging_mixin.py:188} INFO - [2026-03-15T17:53:14.810+0000] {dag.py:3047} INFO - Sync 1 DAGs
[2026-03-15T17:53:14.828+0000] {logging_mixin.py:188} INFO - [2026-03-15T17:53:14.828+0000] {dag.py:3834} INFO - Setting next_dagrun for example_sla_dag to 2026-03-15 17:50:00+00:00, run_after=2026-03-15 17:52:00+00:00
[2026-03-15T17:53:14.845+0000] {processor.py:183} INFO - Processing /home/airflow/.local/lib/python3.11/site-packages/airflow/example_dags/example_sla_dag.py took 0.067 seconds
[2026-03-15T17:53:45.793+0000] {processor.py:161} INFO - Started process (PID=797) to work on /home/airflow/.local/lib/python3.11/site-packages/airflow/example_dags/example_sla_dag.py
[2026-03-15T17:53:45.794+0000] {processor.py:830} INFO - Processing file /home/airflow/.local/lib/python3.11/site-packages/airflow/example_dags/example_sla_dag.py for tasks to queue
[2026-03-15T17:53:45.796+0000] {logging_mixin.py:188} INFO - [2026-03-15T17:53:45.795+0000] {dagbag.py:540} INFO - Filling up the DagBag from /home/airflow/.local/lib/python3.11/site-packages/airflow/example_dags/example_sla_dag.py
[2026-03-15T17:53:45.803+0000] {processor.py:840} INFO - DAG(s) 'example_sla_dag' retrieved from /home/airflow/.local/lib/python3.11/site-packages/airflow/example_dags/example_sla_dag.py
[2026-03-15T17:53:45.818+0000] {logging_mixin.py:188} INFO - [2026-03-15T17:53:45.818+0000] {dag.py:3047} INFO - Sync 1 DAGs
[2026-03-15T17:53:45.835+0000] {logging_mixin.py:188} INFO - [2026-03-15T17:53:45.835+0000] {dag.py:3834} INFO - Setting next_dagrun for example_sla_dag to 2026-03-15 17:50:00+00:00, run_after=2026-03-15 17:52:00+00:00
[2026-03-15T17:53:45.849+0000] {processor.py:183} INFO - Processing /home/airflow/.local/lib/python3.11/site-packages/airflow/example_dags/example_sla_dag.py took 0.059 seconds
[2026-03-15T17:54:15.893+0000] {processor.py:161} INFO - Started process (PID=847) to work on /home/airflow/.local/lib/python3.11/site-packages/airflow/example_dags/example_sla_dag.py
[2026-03-15T17:54:15.894+0000] {processor.py:830} INFO - Processing file /home/airflow/.local/lib/python3.11/site-packages/airflow/example_dags/example_sla_dag.py for tasks to queue
[2026-03-15T17:54:15.896+0000] {logging_mixin.py:188} INFO - [2026-03-15T17:54:15.895+0000] {dagbag.py:540} INFO - Filling up the DagBag from /home/airflow/.local/lib/python3.11/site-packages/airflow/example_dags/example_sla_dag.py
[2026-03-15T17:54:15.902+0000] {processor.py:840} INFO - DAG(s) 'example_sla_dag' retrieved from /home/airflow/.local/lib/python3.11/site-packages/airflow/example_dags/example_sla_dag.py
[2026-03-15T17:54:15.916+0000] {logging_mixin.py:188} INFO - [2026-03-15T17:54:15.915+0000] {dag.py:3047} INFO - Sync 1 DAGs
[2026-03-15T17:54:15.930+0000] {logging_mixin.py:188} INFO - [2026-03-15T17:54:15.930+0000] {dag.py:3834} INFO - Setting next_dagrun for example_sla_dag to 2026-03-15 17:52:00+00:00, run_after=2026-03-15 17:54:00+00:00
[2026-03-15T17:54:15.941+0000] {processor.py:183} INFO - Processing /home/airflow/.local/lib/python3.11/site-packages/airflow/example_dags/example_sla_dag.py took 0.051 seconds
[2026-03-15T17:55:05.329+0000] {processor.py:161} INFO - Started process (PID=852) to work on /home/airflow/.local/lib/python3.11/site-packages/airflow/example_dags/example_sla_dag.py
[2026-03-15T17:55:05.330+0000] {processor.py:830} INFO - Processing file /home/airflow/.local/lib/python3.11/site-packages/airflow/example_dags/example_sla_dag.py for tasks to queue
[2026-03-15T17:55:05.332+0000] {logging_mixin.py:188} INFO - [2026-03-15T17:55:05.331+0000] {dagbag.py:540} INFO - Filling up the DagBag from /home/airflow/.local/lib/python3.11/site-packages/airflow/example_dags/example_sla_dag.py
[2026-03-15T17:55:05.338+0000] {processor.py:840} INFO - DAG(s) 'example_sla_dag' retrieved from /home/airflow/.local/lib/python3.11/site-packages/airflow/example_dags/example_sla_dag.py
[2026-03-15T17:55:05.353+0000] {logging_mixin.py:188} INFO - [2026-03-15T17:55:05.353+0000] {dag.py:3047} INFO - Sync 1 DAGs
[2026-03-15T17:55:05.368+0000] {logging_mixin.py:188} INFO - [2026-03-15T17:55:05.368+0000] {dag.py:3834} INFO - Setting next_dagrun for example_sla_dag to 2026-03-15 17:52:00+00:00, run_after=2026-03-15 17:54:00+00:00
[2026-03-15T17:55:05.382+0000] {processor.py:183} INFO - Processing /home/airflow/.local/lib/python3.11/site-packages/airflow/example_dags/example_sla_dag.py took 0.056 seconds
[2026-03-15T17:55:45.433+0000] {processor.py:161} INFO - Started process (PID=993) to work on /home/airflow/.local/lib/python3.11/site-packages/airflow/example_dags/example_sla_dag.py
[2026-03-15T17:55:45.435+0000] {processor.py:830} INFO - Processing file /home/airflow/.local/lib/python3.11/site-packages/airflow/example_dags/example_sla_dag.py for tasks to queue
[2026-03-15T17:55:45.437+0000] {logging_mixin.py:188} INFO - [2026-03-15T17:55:45.437+0000] {dagbag.py:540} INFO - Filling up the DagBag from /home/airflow/.local/lib/python3.11/site-packages/airflow/example_dags/example_sla_dag.py
[2026-03-15T17:55:45.446+0000] {processor.py:840} INFO - DAG(s) 'example_sla_dag' retrieved from /home/airflow/.local/lib/python3.11/site-packages/airflow/example_dags/example_sla_dag.py
[2026-03-15T17:54:56.283+0000] {logging_mixin.py:188} INFO - [2026-03-15T17:54:56.282+0000] {dag.py:3047} INFO - Sync 1 DAGs
[2026-03-15T17:54:56.307+0000] {logging_mixin.py:188} INFO - [2026-03-15T17:54:56.307+0000] {dag.py:3834} INFO - Setting next_dagrun for example_sla_dag to 2026-03-15 17:52:00+00:00, run_after=2026-03-15 17:54:00+00:00
[2026-03-15T17:54:56.326+0000] {processor.py:183} INFO - Processing /home/airflow/.local/lib/python3.11/site-packages/airflow/example_dags/example_sla_dag.py took 0.084 seconds
[2026-03-15T17:55:50.314+0000] {processor.py:161} INFO - Started process (PID=1047) to work on /home/airflow/.local/lib/python3.11/site-packages/airflow/example_dags/example_sla_dag.py
[2026-03-15T17:55:50.315+0000] {processor.py:830} INFO - Processing file /home/airflow/.local/lib/python3.11/site-packages/airflow/example_dags/example_sla_dag.py for tasks to queue
[2026-03-15T17:55:50.318+0000] {logging_mixin.py:188} INFO - [2026-03-15T17:55:50.318+0000] {dagbag.py:540} INFO - Filling up the DagBag from /home/airflow/.local/lib/python3.11/site-packages/airflow/example_dags/example_sla_dag.py
[2026-03-15T17:55:50.328+0000] {processor.py:840} INFO - DAG(s) 'example_sla_dag' retrieved from /home/airflow/.local/lib/python3.11/site-packages/airflow/example_dags/example_sla_dag.py
[2026-03-15T17:55:50.346+0000] {logging_mixin.py:188} INFO - [2026-03-15T17:55:50.346+0000] {dag.py:3047} INFO - Sync 1 DAGs
[2026-03-15T17:55:50.366+0000] {logging_mixin.py:188} INFO - [2026-03-15T17:55:50.366+0000] {dag.py:3834} INFO - Setting next_dagrun for example_sla_dag to 2026-03-15 17:52:00+00:00, run_after=2026-03-15 17:54:00+00:00
[2026-03-15T17:55:50.383+0000] {processor.py:183} INFO - Processing /home/airflow/.local/lib/python3.11/site-packages/airflow/example_dags/example_sla_dag.py took 0.073 seconds
[2026-03-15T17:56:40.613+0000] {processor.py:161} INFO - Started process (PID=1233) to work on /home/airflow/.local/lib/python3.11/site-packages/airflow/example_dags/example_sla_dag.py
[2026-03-15T17:56:40.614+0000] {processor.py:830} INFO - Processing file /home/airflow/.local/lib/python3.11/site-packages/airflow/example_dags/example_sla_dag.py for tasks to queue
[2026-03-15T17:56:40.615+0000] {logging_mixin.py:188} INFO - [2026-03-15T17:56:40.615+0000] {dagbag.py:540} INFO - Filling up the DagBag from /home/airflow/.local/lib/python3.11/site-packages/airflow/example_dags/example_sla_dag.py
[2026-03-15T17:56:40.623+0000] {processor.py:840} INFO - DAG(s) 'example_sla_dag' retrieved from /home/airflow/.local/lib/python3.11/site-packages/airflow/example_dags/example_sla_dag.py
[2026-03-15T17:55:51.483+0000] {logging_mixin.py:188} INFO - [2026-03-15T17:55:51.482+0000] {dag.py:3047} INFO - Sync 1 DAGs
[2026-03-15T17:55:51.501+0000] {logging_mixin.py:188} INFO - [2026-03-15T17:55:51.501+0000] {dag.py:3834} INFO - Setting next_dagrun for example_sla_dag to 2026-03-15 17:52:00+00:00, run_after=2026-03-15 17:54:00+00:00
[2026-03-15T17:55:51.519+0000] {processor.py:183} INFO - Processing /home/airflow/.local/lib/python3.11/site-packages/airflow/example_dags/example_sla_dag.py took 0.064 seconds
[2026-03-15T17:56:45.452+0000] {processor.py:161} INFO - Started process (PID=1281) to work on /home/airflow/.local/lib/python3.11/site-packages/airflow/example_dags/example_sla_dag.py
[2026-03-15T17:56:45.453+0000] {processor.py:830} INFO - Processing file /home/airflow/.local/lib/python3.11/site-packages/airflow/example_dags/example_sla_dag.py for tasks to queue
[2026-03-15T17:56:45.455+0000] {logging_mixin.py:188} INFO - [2026-03-15T17:56:45.455+0000] {dagbag.py:540} INFO - Filling up the DagBag from /home/airflow/.local/lib/python3.11/site-packages/airflow/example_dags/example_sla_dag.py
[2026-03-15T17:56:45.462+0000] {processor.py:840} INFO - DAG(s) 'example_sla_dag' retrieved from /home/airflow/.local/lib/python3.11/site-packages/airflow/example_dags/example_sla_dag.py
[2026-03-15T17:56:45.477+0000] {logging_mixin.py:188} INFO - [2026-03-15T17:56:45.477+0000] {dag.py:3047} INFO - Sync 1 DAGs
[2026-03-15T17:56:45.497+0000] {logging_mixin.py:188} INFO - [2026-03-15T17:56:45.497+0000] {dag.py:3834} INFO - Setting next_dagrun for example_sla_dag to 2026-03-15 17:54:00+00:00, run_after=2026-03-15 17:56:00+00:00
[2026-03-15T17:56:45.514+0000] {processor.py:183} INFO - Processing /home/airflow/.local/lib/python3.11/site-packages/airflow/example_dags/example_sla_dag.py took 0.065 seconds
[2026-03-15T17:57:32.388+0000] {processor.py:161} INFO - Started process (PID=1387) to work on /home/airflow/.local/lib/python3.11/site-packages/airflow/example_dags/example_sla_dag.py
[2026-03-15T17:57:32.389+0000] {processor.py:830} INFO - Processing file /home/airflow/.local/lib/python3.11/site-packages/airflow/example_dags/example_sla_dag.py for tasks to queue
[2026-03-15T17:57:32.391+0000] {logging_mixin.py:188} INFO - [2026-03-15T17:57:32.391+0000] {dagbag.py:540} INFO - Filling up the DagBag from /home/airflow/.local/lib/python3.11/site-packages/airflow/example_dags/example_sla_dag.py
[2026-03-15T17:57:32.398+0000] {processor.py:840} INFO - DAG(s) 'example_sla_dag' retrieved from /home/airflow/.local/lib/python3.11/site-packages/airflow/example_dags/example_sla_dag.py
[2026-03-15T17:57:32.414+0000] {logging_mixin.py:188} INFO - [2026-03-15T17:57:32.413+0000] {dag.py:3047} INFO - Sync 1 DAGs
[2026-03-15T17:56:43.243+0000] {logging_mixin.py:188} INFO - [2026-03-15T17:56:43.243+0000] {dag.py:3834} INFO - Setting next_dagrun for example_sla_dag to 2026-03-15 17:54:00+00:00, run_after=2026-03-15 17:56:00+00:00
[2026-03-15T17:56:43.259+0000] {processor.py:183} INFO - Processing /home/airflow/.local/lib/python3.11/site-packages/airflow/example_dags/example_sla_dag.py took 0.061 seconds
[2026-03-15T17:57:35.704+0000] {processor.py:161} INFO - Started process (PID=1435) to work on /home/airflow/.local/lib/python3.11/site-packages/airflow/example_dags/example_sla_dag.py
[2026-03-15T17:57:35.705+0000] {processor.py:830} INFO - Processing file /home/airflow/.local/lib/python3.11/site-packages/airflow/example_dags/example_sla_dag.py for tasks to queue
[2026-03-15T17:57:35.707+0000] {logging_mixin.py:188} INFO - [2026-03-15T17:57:35.707+0000] {dagbag.py:540} INFO - Filling up the DagBag from /home/airflow/.local/lib/python3.11/site-packages/airflow/example_dags/example_sla_dag.py
[2026-03-15T17:57:35.714+0000] {processor.py:840} INFO - DAG(s) 'example_sla_dag' retrieved from /home/airflow/.local/lib/python3.11/site-packages/airflow/example_dags/example_sla_dag.py
[2026-03-15T17:57:35.730+0000] {logging_mixin.py:188} INFO - [2026-03-15T17:57:35.730+0000] {dag.py:3047} INFO - Sync 1 DAGs
[2026-03-15T17:56:46.591+0000] {logging_mixin.py:188} INFO - [2026-03-15T17:56:46.591+0000] {dag.py:3834} INFO - Setting next_dagrun for example_sla_dag to 2026-03-15 17:54:00+00:00, run_after=2026-03-15 17:56:00+00:00
[2026-03-15T17:56:46.609+0000] {processor.py:183} INFO - Processing /home/airflow/.local/lib/python3.11/site-packages/airflow/example_dags/example_sla_dag.py took 0.064 seconds
[2026-03-15T17:57:16.709+0000] {processor.py:161} INFO - Started process (PID=1489) to work on /home/airflow/.local/lib/python3.11/site-packages/airflow/example_dags/example_sla_dag.py
[2026-03-15T17:57:16.710+0000] {processor.py:830} INFO - Processing file /home/airflow/.local/lib/python3.11/site-packages/airflow/example_dags/example_sla_dag.py for tasks to queue
[2026-03-15T17:57:16.712+0000] {logging_mixin.py:188} INFO - [2026-03-15T17:57:16.712+0000] {dagbag.py:540} INFO - Filling up the DagBag from /home/airflow/.local/lib/python3.11/site-packages/airflow/example_dags/example_sla_dag.py
[2026-03-15T17:57:16.719+0000] {processor.py:840} INFO - DAG(s) 'example_sla_dag' retrieved from /home/airflow/.local/lib/python3.11/site-packages/airflow/example_dags/example_sla_dag.py
[2026-03-15T17:57:16.735+0000] {logging_mixin.py:188} INFO - [2026-03-15T17:57:16.735+0000] {dag.py:3047} INFO - Sync 1 DAGs
[2026-03-15T17:57:16.751+0000] {logging_mixin.py:188} INFO - [2026-03-15T17:57:16.751+0000] {dag.py:3834} INFO - Setting next_dagrun for example_sla_dag to 2026-03-15 17:54:00+00:00, run_after=2026-03-15 17:56:00+00:00
[2026-03-15T17:57:16.764+0000] {processor.py:183} INFO - Processing /home/airflow/.local/lib/python3.11/site-packages/airflow/example_dags/example_sla_dag.py took 0.059 seconds
[2026-03-15T17:58:10.650+0000] {processor.py:161} INFO - Started process (PID=1539) to work on /home/airflow/.local/lib/python3.11/site-packages/airflow/example_dags/example_sla_dag.py
[2026-03-15T17:58:10.651+0000] {processor.py:830} INFO - Processing file /home/airflow/.local/lib/python3.11/site-packages/airflow/example_dags/example_sla_dag.py for tasks to queue
[2026-03-15T17:58:10.653+0000] {logging_mixin.py:188} INFO - [2026-03-15T17:58:10.653+0000] {dagbag.py:540} INFO - Filling up the DagBag from /home/airflow/.local/lib/python3.11/site-packages/airflow/example_dags/example_sla_dag.py
[2026-03-15T17:58:10.662+0000] {processor.py:840} INFO - DAG(s) 'example_sla_dag' retrieved from /home/airflow/.local/lib/python3.11/site-packages/airflow/example_dags/example_sla_dag.py
[2026-03-15T17:58:10.678+0000] {logging_mixin.py:188} INFO - [2026-03-15T17:58:10.678+0000] {dag.py:3047} INFO - Sync 1 DAGs
[2026-03-15T17:58:10.697+0000] {logging_mixin.py:188} INFO - [2026-03-15T17:58:10.697+0000] {dag.py:3834} INFO - Setting next_dagrun for example_sla_dag to 2026-03-15 17:56:00+00:00, run_after=2026-03-15 17:58:00+00:00
[2026-03-15T17:58:10.713+0000] {processor.py:183} INFO - Processing /home/airflow/.local/lib/python3.11/site-packages/airflow/example_dags/example_sla_dag.py took 0.066 seconds
[2026-03-15T17:59:00.712+0000] {processor.py:161} INFO - Started process (PID=1690) to work on /home/airflow/.local/lib/python3.11/site-packages/airflow/example_dags/example_sla_dag.py
[2026-03-15T17:59:00.713+0000] {processor.py:830} INFO - Processing file /home/airflow/.local/lib/python3.11/site-packages/airflow/example_dags/example_sla_dag.py for tasks to queue
[2026-03-15T17:59:00.715+0000] {logging_mixin.py:188} INFO - [2026-03-15T17:59:00.714+0000] {dagbag.py:540} INFO - Filling up the DagBag from /home/airflow/.local/lib/python3.11/site-packages/airflow/example_dags/example_sla_dag.py
[2026-03-15T17:59:00.721+0000] {processor.py:840} INFO - DAG(s) 'example_sla_dag' retrieved from /home/airflow/.local/lib/python3.11/site-packages/airflow/example_dags/example_sla_dag.py
[2026-03-15T17:59:00.736+0000] {logging_mixin.py:188} INFO - [2026-03-15T17:59:00.736+0000] {dag.py:3047} INFO - Sync 1 DAGs
[2026-03-15T17:59:00.753+0000] {logging_mixin.py:188} INFO - [2026-03-15T17:59:00.753+0000] {dag.py:3834} INFO - Setting next_dagrun for example_sla_dag to 2026-03-15 17:56:00+00:00, run_after=2026-03-15 17:58:00+00:00
[2026-03-15T17:59:00.767+0000] {processor.py:183} INFO - Processing /home/airflow/.local/lib/python3.11/site-packages/airflow/example_dags/example_sla_dag.py took 0.058 seconds
[2026-03-15T17:59:05.665+0000] {processor.py:161} INFO - Started process (PID=1733) to work on /home/airflow/.local/lib/python3.11/site-packages/airflow/example_dags/example_sla_dag.py
[2026-03-15T17:59:05.666+0000] {processor.py:830} INFO - Processing file /home/airflow/.local/lib/python3.11/site-packages/airflow/example_dags/example_sla_dag.py for tasks to queue
[2026-03-15T17:59:05.668+0000] {logging_mixin.py:188} INFO - [2026-03-15T17:59:05.667+0000] {dagbag.py:540} INFO - Filling up the DagBag from /home/airflow/.local/lib/python3.11/site-packages/airflow/example_dags/example_sla_dag.py
[2026-03-15T17:59:05.674+0000] {processor.py:840} INFO - DAG(s) 'example_sla_dag' retrieved from /home/airflow/.local/lib/python3.11/site-packages/airflow/example_dags/example_sla_dag.py
[2026-03-15T17:59:05.688+0000] {logging_mixin.py:188} INFO - [2026-03-15T17:59:05.688+0000] {dag.py:3047} INFO - Sync 1 DAGs
[2026-03-15T17:59:05.706+0000] {logging_mixin.py:188} INFO - [2026-03-15T17:59:05.706+0000] {dag.py:3834} INFO - Setting next_dagrun for example_sla_dag to 2026-03-15 17:56:00+00:00, run_after=2026-03-15 17:58:00+00:00
[2026-03-15T17:59:05.720+0000] {processor.py:183} INFO - Processing /home/airflow/.local/lib/python3.11/site-packages/airflow/example_dags/example_sla_dag.py took 0.058 seconds
[2026-03-15T17:59:36.258+0000] {processor.py:161} INFO - Started process (PID=1980) to work on /home/airflow/.local/lib/python3.11/site-packages/airflow/example_dags/example_sla_dag.py
[2026-03-15T17:59:36.259+0000] {processor.py:830} INFO - Processing file /home/airflow/.local/lib/python3.11/site-packages/airflow/example_dags/example_sla_dag.py for tasks to queue
[2026-03-15T17:59:36.261+0000] {logging_mixin.py:188} INFO - [2026-03-15T17:59:36.260+0000] {dagbag.py:540} INFO - Filling up the DagBag from /home/airflow/.local/lib/python3.11/site-packages/airflow/example_dags/example_sla_dag.py
[2026-03-15T17:59:36.267+0000] {processor.py:840} INFO - DAG(s) 'example_sla_dag' retrieved from /home/airflow/.local/lib/python3.11/site-packages/airflow/example_dags/example_sla_dag.py
[2026-03-15T17:59:36.283+0000] {logging_mixin.py:188} INFO - [2026-03-15T17:59:36.282+0000] {dag.py:3047} INFO - Sync 1 DAGs
[2026-03-15T17:59:36.299+0000] {logging_mixin.py:188} INFO - [2026-03-15T17:59:36.299+0000] {dag.py:3834} INFO - Setting next_dagrun for example_sla_dag to 2026-03-15 17:56:00+00:00, run_after=2026-03-15 17:58:00+00:00
[2026-03-15T17:59:36.313+0000] {processor.py:183} INFO - Processing /home/airflow/.local/lib/python3.11/site-packages/airflow/example_dags/example_sla_dag.py took 0.058 seconds
[2026-03-15T18:00:06.527+0000] {processor.py:161} INFO - Started process (PID=2036) to work on /home/airflow/.local/lib/python3.11/site-packages/airflow/example_dags/example_sla_dag.py
[2026-03-15T18:00:06.528+0000] {processor.py:830} INFO - Processing file /home/airflow/.local/lib/python3.11/site-packages/airflow/example_dags/example_sla_dag.py for tasks to queue
[2026-03-15T18:00:06.529+0000] {logging_mixin.py:188} INFO - [2026-03-15T18:00:06.529+0000] {dagbag.py:540} INFO - Filling up the DagBag from /home/airflow/.local/lib/python3.11/site-packages/airflow/example_dags/example_sla_dag.py
[2026-03-15T18:00:06.539+0000] {processor.py:840} INFO - DAG(s) 'example_sla_dag' retrieved from /home/airflow/.local/lib/python3.11/site-packages/airflow/example_dags/example_sla_dag.py
[2026-03-15T18:00:06.559+0000] {logging_mixin.py:188} INFO - [2026-03-15T18:00:06.559+0000] {dag.py:3047} INFO - Sync 1 DAGs
[2026-03-15T18:00:06.576+0000] {logging_mixin.py:188} INFO - [2026-03-15T18:00:06.576+0000] {dag.py:3834} INFO - Setting next_dagrun for example_sla_dag to 2026-03-15 17:58:00+00:00, run_after=2026-03-15 18:00:00+00:00
[2026-03-15T18:00:06.589+0000] {processor.py:183} INFO - Processing /home/airflow/.local/lib/python3.11/site-packages/airflow/example_dags/example_sla_dag.py took 0.065 seconds
[2026-03-15T18:01:32.366+0000] {processor.py:161} INFO - Started process (PID=2152) to work on /home/airflow/.local/lib/python3.11/site-packages/airflow/example_dags/example_sla_dag.py
[2026-03-15T18:01:32.367+0000] {processor.py:830} INFO - Processing file /home/airflow/.local/lib/python3.11/site-packages/airflow/example_dags/example_sla_dag.py for tasks to queue
[2026-03-15T18:01:32.369+0000] {logging_mixin.py:188} INFO - [2026-03-15T18:01:32.368+0000] {dagbag.py:540} INFO - Filling up the DagBag from /home/airflow/.local/lib/python3.11/site-packages/airflow/example_dags/example_sla_dag.py
[2026-03-15T18:01:32.376+0000] {processor.py:840} INFO - DAG(s) 'example_sla_dag' retrieved from /home/airflow/.local/lib/python3.11/site-packages/airflow/example_dags/example_sla_dag.py
[2026-03-15T18:01:32.391+0000] {logging_mixin.py:188} INFO - [2026-03-15T18:01:32.391+0000] {dag.py:3047} INFO - Sync 1 DAGs
[2026-03-15T18:01:32.409+0000] {logging_mixin.py:188} INFO - [2026-03-15T18:01:32.409+0000] {dag.py:3834} INFO - Setting next_dagrun for example_sla_dag to 2026-03-15 17:58:00+00:00, run_after=2026-03-15 18:00:00+00:00
[2026-03-15T18:01:32.422+0000] {processor.py:183} INFO - Processing /home/airflow/.local/lib/python3.11/site-packages/airflow/example_dags/example_sla_dag.py took 0.059 seconds
[2026-03-15T18:02:36.128+0000] {processor.py:161} INFO - Started process (PID=2298) to work on /home/airflow/.local/lib/python3.11/site-packages/airflow/example_dags/example_sla_dag.py
[2026-03-15T18:02:36.129+0000] {processor.py:830} INFO - Processing file /home/airflow/.local/lib/python3.11/site-packages/airflow/example_dags/example_sla_dag.py for tasks to queue
[2026-03-15T18:02:36.130+0000] {logging_mixin.py:188} INFO - [2026-03-15T18:02:36.130+0000] {dagbag.py:540} INFO - Filling up the DagBag from /home/airflow/.local/lib/python3.11/site-packages/airflow/example_dags/example_sla_dag.py
[2026-03-15T18:02:36.137+0000] {processor.py:840} INFO - DAG(s) 'example_sla_dag' retrieved from /home/airflow/.local/lib/python3.11/site-packages/airflow/example_dags/example_sla_dag.py
[2026-03-15T18:02:36.152+0000] {logging_mixin.py:188} INFO - [2026-03-15T18:02:36.152+0000] {dag.py:3047} INFO - Sync 1 DAGs
[2026-03-15T18:02:36.168+0000] {logging_mixin.py:188} INFO - [2026-03-15T18:02:36.168+0000] {dag.py:3834} INFO - Setting next_dagrun for example_sla_dag to 2026-03-15 18:00:00+00:00, run_after=2026-03-15 18:02:00+00:00
[2026-03-15T18:01:46.994+0000] {processor.py:183} INFO - Processing /home/airflow/.local/lib/python3.11/site-packages/airflow/example_dags/example_sla_dag.py took 0.055 seconds
[2026-03-15T18:03:02.382+0000] {processor.py:161} INFO - Started process (PID=2350) to work on /home/airflow/.local/lib/python3.11/site-packages/airflow/example_dags/example_sla_dag.py
[2026-03-15T18:03:02.383+0000] {processor.py:830} INFO - Processing file /home/airflow/.local/lib/python3.11/site-packages/airflow/example_dags/example_sla_dag.py for tasks to queue
[2026-03-15T18:03:02.386+0000] {logging_mixin.py:188} INFO - [2026-03-15T18:03:02.386+0000] {dagbag.py:540} INFO - Filling up the DagBag from /home/airflow/.local/lib/python3.11/site-packages/airflow/example_dags/example_sla_dag.py
[2026-03-15T18:03:02.393+0000] {processor.py:840} INFO - DAG(s) 'example_sla_dag' retrieved from /home/airflow/.local/lib/python3.11/site-packages/airflow/example_dags/example_sla_dag.py
[2026-03-15T18:03:02.407+0000] {logging_mixin.py:188} INFO - [2026-03-15T18:03:02.407+0000] {dag.py:3047} INFO - Sync 1 DAGs
[2026-03-15T18:03:02.422+0000] {logging_mixin.py:188} INFO - [2026-03-15T18:03:02.422+0000] {dag.py:3834} INFO - Setting next_dagrun for example_sla_dag to 2026-03-15 18:00:00+00:00, run_after=2026-03-15 18:02:00+00:00
[2026-03-15T18:03:02.437+0000] {processor.py:183} INFO - Processing /home/airflow/.local/lib/python3.11/site-packages/airflow/example_dags/example_sla_dag.py took 0.057 seconds
[2026-03-15T18:03:17.257+0000] {processor.py:161} INFO - Started process (PID=2502) to work on /home/airflow/.local/lib/python3.11/site-packages/airflow/example_dags/example_sla_dag.py
[2026-03-15T18:03:17.258+0000] {processor.py:830} INFO - Processing file /home/airflow/.local/lib/python3.11/site-packages/airflow/example_dags/example_sla_dag.py for tasks to queue
[2026-03-15T18:03:17.260+0000] {logging_mixin.py:188} INFO - [2026-03-15T18:03:17.260+0000] {dagbag.py:540} INFO - Filling up the DagBag from /home/airflow/.local/lib/python3.11/site-packages/airflow/example_dags/example_sla_dag.py
[2026-03-15T18:03:17.268+0000] {processor.py:840} INFO - DAG(s) 'example_sla_dag' retrieved from /home/airflow/.local/lib/python3.11/site-packages/airflow/example_dags/example_sla_dag.py
[2026-03-15T18:03:17.284+0000] {logging_mixin.py:188} INFO - [2026-03-15T18:03:17.284+0000] {dag.py:3047} INFO - Sync 1 DAGs
[2026-03-15T18:03:17.301+0000] {logging_mixin.py:188} INFO - [2026-03-15T18:03:17.301+0000] {dag.py:3834} INFO - Setting next_dagrun for example_sla_dag to 2026-03-15 18:00:00+00:00, run_after=2026-03-15 18:02:00+00:00
[2026-03-15T18:03:17.313+0000] {processor.py:183} INFO - Processing /home/airflow/.local/lib/python3.11/site-packages/airflow/example_dags/example_sla_dag.py took 0.059 seconds
[2026-03-15T18:03:22.187+0000] {processor.py:161} INFO - Started process (PID=2546) to work on /home/airflow/.local/lib/python3.11/site-packages/airflow/example_dags/example_sla_dag.py
[2026-03-15T18:03:22.188+0000] {processor.py:830} INFO - Processing file /home/airflow/.local/lib/python3.11/site-packages/airflow/example_dags/example_sla_dag.py for tasks to queue
[2026-03-15T18:03:22.190+0000] {logging_mixin.py:188} INFO - [2026-03-15T18:03:22.190+0000] {dagbag.py:540} INFO - Filling up the DagBag from /home/airflow/.local/lib/python3.11/site-packages/airflow/example_dags/example_sla_dag.py
[2026-03-15T18:03:22.197+0000] {processor.py:840} INFO - DAG(s) 'example_sla_dag' retrieved from /home/airflow/.local/lib/python3.11/site-packages/airflow/example_dags/example_sla_dag.py
[2026-03-15T18:03:22.213+0000] {logging_mixin.py:188} INFO - [2026-03-15T18:03:22.212+0000] {dag.py:3047} INFO - Sync 1 DAGs
[2026-03-15T18:03:22.228+0000] {logging_mixin.py:188} INFO - [2026-03-15T18:03:22.228+0000] {dag.py:3834} INFO - Setting next_dagrun for example_sla_dag to 2026-03-15 18:00:00+00:00, run_after=2026-03-15 18:02:00+00:00
[2026-03-15T18:03:22.240+0000] {processor.py:183} INFO - Processing /home/airflow/.local/lib/python3.11/site-packages/airflow/example_dags/example_sla_dag.py took 0.056 seconds
[2026-03-15T18:03:43.467+0000] {processor.py:161} INFO - Started process (PID=2597) to work on /home/airflow/.local/lib/python3.11/site-packages/airflow/example_dags/example_sla_dag.py
[2026-03-15T18:03:43.467+0000] {processor.py:830} INFO - Processing file /home/airflow/.local/lib/python3.11/site-packages/airflow/example_dags/example_sla_dag.py for tasks to queue
[2026-03-15T18:03:43.469+0000] {logging_mixin.py:188} INFO - [2026-03-15T18:03:43.469+0000] {dagbag.py:540} INFO - Filling up the DagBag from /home/airflow/.local/lib/python3.11/site-packages/airflow/example_dags/example_sla_dag.py
[2026-03-15T18:03:43.477+0000] {processor.py:840} INFO - DAG(s) 'example_sla_dag' retrieved from /home/airflow/.local/lib/python3.11/site-packages/airflow/example_dags/example_sla_dag.py
[2026-03-15T18:03:43.492+0000] {logging_mixin.py:188} INFO - [2026-03-15T18:03:43.492+0000] {dag.py:3047} INFO - Sync 1 DAGs
[2026-03-15T18:03:43.509+0000] {logging_mixin.py:188} INFO - [2026-03-15T18:03:43.508+0000] {dag.py:3834} INFO - Setting next_dagrun for example_sla_dag to 2026-03-15 18:00:00+00:00, run_after=2026-03-15 18:02:00+00:00
[2026-03-15T18:03:43.519+0000] {processor.py:183} INFO - Processing /home/airflow/.local/lib/python3.11/site-packages/airflow/example_dags/example_sla_dag.py took 0.056 seconds
[2026-03-15T18:04:13.673+0000] {processor.py:161} INFO - Started process (PID=2648) to work on /home/airflow/.local/lib/python3.11/site-packages/airflow/example_dags/example_sla_dag.py
[2026-03-15T18:04:13.674+0000] {processor.py:830} INFO - Processing file /home/airflow/.local/lib/python3.11/site-packages/airflow/example_dags/example_sla_dag.py for tasks to queue
[2026-03-15T18:04:13.676+0000] {logging_mixin.py:188} INFO - [2026-03-15T18:04:13.676+0000] {dagbag.py:540} INFO - Filling up the DagBag from /home/airflow/.local/lib/python3.11/site-packages/airflow/example_dags/example_sla_dag.py
[2026-03-15T18:04:13.683+0000] {processor.py:840} INFO - DAG(s) 'example_sla_dag' retrieved from /home/airflow/.local/lib/python3.11/site-packages/airflow/example_dags/example_sla_dag.py
[2026-03-15T18:04:13.701+0000] {logging_mixin.py:188} INFO - [2026-03-15T18:04:13.700+0000] {dag.py:3047} INFO - Sync 1 DAGs
[2026-03-15T18:04:13.719+0000] {logging_mixin.py:188} INFO - [2026-03-15T18:04:13.718+0000] {dag.py:3834} INFO - Setting next_dagrun for example_sla_dag to 2026-03-15 18:02:00+00:00, run_after=2026-03-15 18:04:00+00:00
[2026-03-15T18:04:13.731+0000] {processor.py:183} INFO - Processing /home/airflow/.local/lib/python3.11/site-packages/airflow/example_dags/example_sla_dag.py took 0.061 seconds
[2026-03-15T18:05:06.370+0000] {processor.py:161} INFO - Started process (PID=2693) to work on /home/airflow/.local/lib/python3.11/site-packages/airflow/example_dags/example_sla_dag.py
[2026-03-15T18:05:06.371+0000] {processor.py:830} INFO - Processing file /home/airflow/.local/lib/python3.11/site-packages/airflow/example_dags/example_sla_dag.py for tasks to queue
[2026-03-15T18:05:06.373+0000] {logging_mixin.py:188} INFO - [2026-03-15T18:05:06.372+0000] {dagbag.py:540} INFO - Filling up the DagBag from /home/airflow/.local/lib/python3.11/site-packages/airflow/example_dags/example_sla_dag.py
[2026-03-15T18:05:06.379+0000] {processor.py:840} INFO - DAG(s) 'example_sla_dag' retrieved from /home/airflow/.local/lib/python3.11/site-packages/airflow/example_dags/example_sla_dag.py
[2026-03-15T18:05:06.395+0000] {logging_mixin.py:188} INFO - [2026-03-15T18:05:06.395+0000] {dag.py:3047} INFO - Sync 1 DAGs
[2026-03-15T18:05:06.411+0000] {logging_mixin.py:188} INFO - [2026-03-15T18:05:06.411+0000] {dag.py:3834} INFO - Setting next_dagrun for example_sla_dag to 2026-03-15 18:02:00+00:00, run_after=2026-03-15 18:04:00+00:00
[2026-03-15T18:05:06.423+0000] {processor.py:183} INFO - Processing /home/airflow/.local/lib/python3.11/site-packages/airflow/example_dags/example_sla_dag.py took 0.056 seconds
[2026-03-15T18:06:02.404+0000] {processor.py:161} INFO - Started process (PID=2882) to work on /home/airflow/.local/lib/python3.11/site-packages/airflow/example_dags/example_sla_dag.py
[2026-03-15T18:06:02.406+0000] {processor.py:830} INFO - Processing file /home/airflow/.local/lib/python3.11/site-packages/airflow/example_dags/example_sla_dag.py for tasks to queue
[2026-03-15T18:06:02.407+0000] {logging_mixin.py:188} INFO - [2026-03-15T18:06:02.407+0000] {dagbag.py:540} INFO - Filling up the DagBag from /home/airflow/.local/lib/python3.11/site-packages/airflow/example_dags/example_sla_dag.py
[2026-03-15T18:06:02.415+0000] {processor.py:840} INFO - DAG(s) 'example_sla_dag' retrieved from /home/airflow/.local/lib/python3.11/site-packages/airflow/example_dags/example_sla_dag.py
[2026-03-15T18:06:02.430+0000] {logging_mixin.py:188} INFO - [2026-03-15T18:06:02.430+0000] {dag.py:3047} INFO - Sync 1 DAGs
[2026-03-15T18:06:02.447+0000] {logging_mixin.py:188} INFO - [2026-03-15T18:06:02.447+0000] {dag.py:3834} INFO - Setting next_dagrun for example_sla_dag to 2026-03-15 18:04:00+00:00, run_after=2026-03-15 18:06:00+00:00
[2026-03-15T18:05:13.276+0000] {processor.py:183} INFO - Processing /home/airflow/.local/lib/python3.11/site-packages/airflow/example_dags/example_sla_dag.py took 0.061 seconds
[2026-03-15T18:06:32.306+0000] {processor.py:161} INFO - Started process (PID=2936) to work on /home/airflow/.local/lib/python3.11/site-packages/airflow/example_dags/example_sla_dag.py
[2026-03-15T18:06:32.307+0000] {processor.py:830} INFO - Processing file /home/airflow/.local/lib/python3.11/site-packages/airflow/example_dags/example_sla_dag.py for tasks to queue
[2026-03-15T18:06:32.309+0000] {logging_mixin.py:188} INFO - [2026-03-15T18:06:32.309+0000] {dagbag.py:540} INFO - Filling up the DagBag from /home/airflow/.local/lib/python3.11/site-packages/airflow/example_dags/example_sla_dag.py
[2026-03-15T18:06:32.317+0000] {processor.py:840} INFO - DAG(s) 'example_sla_dag' retrieved from /home/airflow/.local/lib/python3.11/site-packages/airflow/example_dags/example_sla_dag.py
[2026-03-15T18:06:32.335+0000] {logging_mixin.py:188} INFO - [2026-03-15T18:06:32.335+0000] {dag.py:3047} INFO - Sync 1 DAGs
[2026-03-15T18:06:32.352+0000] {logging_mixin.py:188} INFO - [2026-03-15T18:06:32.352+0000] {dag.py:3834} INFO - Setting next_dagrun for example_sla_dag to 2026-03-15 18:04:00+00:00, run_after=2026-03-15 18:06:00+00:00
[2026-03-15T18:06:32.366+0000] {processor.py:183} INFO - Processing /home/airflow/.local/lib/python3.11/site-packages/airflow/example_dags/example_sla_dag.py took 0.063 seconds
[2026-03-15T18:06:17.493+0000] {processor.py:161} INFO - Started process (PID=3036) to work on /home/airflow/.local/lib/python3.11/site-packages/airflow/example_dags/example_sla_dag.py
[2026-03-15T18:06:17.494+0000] {processor.py:830} INFO - Processing file /home/airflow/.local/lib/python3.11/site-packages/airflow/example_dags/example_sla_dag.py for tasks to queue
[2026-03-15T18:06:17.497+0000] {logging_mixin.py:188} INFO - [2026-03-15T18:06:17.496+0000] {dagbag.py:540} INFO - Filling up the DagBag from /home/airflow/.local/lib/python3.11/site-packages/airflow/example_dags/example_sla_dag.py
[2026-03-15T18:06:17.505+0000] {processor.py:840} INFO - DAG(s) 'example_sla_dag' retrieved from /home/airflow/.local/lib/python3.11/site-packages/airflow/example_dags/example_sla_dag.py
[2026-03-15T18:06:17.523+0000] {logging_mixin.py:188} INFO - [2026-03-15T18:06:17.522+0000] {dag.py:3047} INFO - Sync 1 DAGs
[2026-03-15T18:06:17.541+0000] {logging_mixin.py:188} INFO - [2026-03-15T18:06:17.540+0000] {dag.py:3834} INFO - Setting next_dagrun for example_sla_dag to 2026-03-15 18:04:00+00:00, run_after=2026-03-15 18:06:00+00:00
[2026-03-15T18:06:17.557+0000] {processor.py:183} INFO - Processing /home/airflow/.local/lib/python3.11/site-packages/airflow/example_dags/example_sla_dag.py took 0.067 seconds
[2026-03-15T18:07:11.695+0000] {processor.py:161} INFO - Started process (PID=3086) to work on /home/airflow/.local/lib/python3.11/site-packages/airflow/example_dags/example_sla_dag.py
[2026-03-15T18:07:11.696+0000] {processor.py:830} INFO - Processing file /home/airflow/.local/lib/python3.11/site-packages/airflow/example_dags/example_sla_dag.py for tasks to queue
[2026-03-15T18:06:22.536+0000] {logging_mixin.py:188} INFO - [2026-03-15T18:06:22.536+0000] {dagbag.py:540} INFO - Filling up the DagBag from /home/airflow/.local/lib/python3.11/site-packages/airflow/example_dags/example_sla_dag.py
[2026-03-15T18:06:22.545+0000] {processor.py:840} INFO - DAG(s) 'example_sla_dag' retrieved from /home/airflow/.local/lib/python3.11/site-packages/airflow/example_dags/example_sla_dag.py
[2026-03-15T18:06:22.561+0000] {logging_mixin.py:188} INFO - [2026-03-15T18:06:22.561+0000] {dag.py:3047} INFO - Sync 1 DAGs
[2026-03-15T18:06:22.579+0000] {logging_mixin.py:188} INFO - [2026-03-15T18:06:22.579+0000] {dag.py:3834} INFO - Setting next_dagrun for example_sla_dag to 2026-03-15 18:04:00+00:00, run_after=2026-03-15 18:06:00+00:00
[2026-03-15T18:06:22.595+0000] {processor.py:183} INFO - Processing /home/airflow/.local/lib/python3.11/site-packages/airflow/example_dags/example_sla_dag.py took 0.064 seconds
[2026-03-15T18:07:16.552+0000] {processor.py:161} INFO - Started process (PID=3134) to work on /home/airflow/.local/lib/python3.11/site-packages/airflow/example_dags/example_sla_dag.py
[2026-03-15T18:07:16.553+0000] {processor.py:830} INFO - Processing file /home/airflow/.local/lib/python3.11/site-packages/airflow/example_dags/example_sla_dag.py for tasks to queue
[2026-03-15T18:07:16.555+0000] {logging_mixin.py:188} INFO - [2026-03-15T18:07:16.554+0000] {dagbag.py:540} INFO - Filling up the DagBag from /home/airflow/.local/lib/python3.11/site-packages/airflow/example_dags/example_sla_dag.py
[2026-03-15T18:07:16.562+0000] {processor.py:840} INFO - DAG(s) 'example_sla_dag' retrieved from /home/airflow/.local/lib/python3.11/site-packages/airflow/example_dags/example_sla_dag.py
[2026-03-15T18:07:16.578+0000] {logging_mixin.py:188} INFO - [2026-03-15T18:07:16.578+0000] {dag.py:3047} INFO - Sync 1 DAGs
[2026-03-15T18:07:16.595+0000] {logging_mixin.py:188} INFO - [2026-03-15T18:07:16.595+0000] {dag.py:3834} INFO - Setting next_dagrun for example_sla_dag to 2026-03-15 18:04:00+00:00, run_after=2026-03-15 18:06:00+00:00
[2026-03-15T18:07:16.610+0000] {processor.py:183} INFO - Processing /home/airflow/.local/lib/python3.11/site-packages/airflow/example_dags/example_sla_dag.py took 0.062 seconds
[2026-03-15T18:07:02.511+0000] {processor.py:161} INFO - Started process (PID=3240) to work on /home/airflow/.local/lib/python3.11/site-packages/airflow/example_dags/example_sla_dag.py
[2026-03-15T18:07:02.512+0000] {processor.py:830} INFO - Processing file /home/airflow/.local/lib/python3.11/site-packages/airflow/example_dags/example_sla_dag.py for tasks to queue
[2026-03-15T18:07:02.514+0000] {logging_mixin.py:188} INFO - [2026-03-15T18:07:02.514+0000] {dagbag.py:540} INFO - Filling up the DagBag from /home/airflow/.local/lib/python3.11/site-packages/airflow/example_dags/example_sla_dag.py
[2026-03-15T18:07:02.523+0000] {processor.py:840} INFO - DAG(s) 'example_sla_dag' retrieved from /home/airflow/.local/lib/python3.11/site-packages/airflow/example_dags/example_sla_dag.py
[2026-03-15T18:07:02.539+0000] {logging_mixin.py:188} INFO - [2026-03-15T18:07:02.539+0000] {dag.py:3047} INFO - Sync 1 DAGs
[2026-03-15T18:07:02.555+0000] {logging_mixin.py:188} INFO - [2026-03-15T18:07:02.555+0000] {dag.py:3834} INFO - Setting next_dagrun for example_sla_dag to 2026-03-15 18:04:00+00:00, run_after=2026-03-15 18:06:00+00:00
[2026-03-15T18:07:02.570+0000] {processor.py:183} INFO - Processing /home/airflow/.local/lib/python3.11/site-packages/airflow/example_dags/example_sla_dag.py took 0.063 seconds
[2026-03-15T18:07:32.902+0000] {processor.py:161} INFO - Started process (PID=3294) to work on /home/airflow/.local/lib/python3.11/site-packages/airflow/example_dags/example_sla_dag.py
[2026-03-15T18:07:32.903+0000] {processor.py:830} INFO - Processing file /home/airflow/.local/lib/python3.11/site-packages/airflow/example_dags/example_sla_dag.py for tasks to queue
[2026-03-15T18:07:32.904+0000] {logging_mixin.py:188} INFO - [2026-03-15T18:07:32.904+0000] {dagbag.py:540} INFO - Filling up the DagBag from /home/airflow/.local/lib/python3.11/site-packages/airflow/example_dags/example_sla_dag.py
[2026-03-15T18:07:32.912+0000] {processor.py:840} INFO - DAG(s) 'example_sla_dag' retrieved from /home/airflow/.local/lib/python3.11/site-packages/airflow/example_dags/example_sla_dag.py
[2026-03-15T18:07:32.927+0000] {logging_mixin.py:188} INFO - [2026-03-15T18:07:32.927+0000] {dag.py:3047} INFO - Sync 1 DAGs
[2026-03-15T18:07:32.942+0000] {logging_mixin.py:188} INFO - [2026-03-15T18:07:32.942+0000] {dag.py:3834} INFO - Setting next_dagrun for example_sla_dag to 2026-03-15 18:04:00+00:00, run_after=2026-03-15 18:06:00+00:00
[2026-03-15T18:07:32.954+0000] {processor.py:183} INFO - Processing /home/airflow/.local/lib/python3.11/site-packages/airflow/example_dags/example_sla_dag.py took 0.055 seconds
[2026-03-15T18:08:03.011+0000] {processor.py:161} INFO - Started process (PID=3348) to work on /home/airflow/.local/lib/python3.11/site-packages/airflow/example_dags/example_sla_dag.py
[2026-03-15T18:08:03.012+0000] {processor.py:830} INFO - Processing file /home/airflow/.local/lib/python3.11/site-packages/airflow/example_dags/example_sla_dag.py for tasks to queue
[2026-03-15T18:08:03.014+0000] {logging_mixin.py:188} INFO - [2026-03-15T18:08:03.014+0000] {dagbag.py:540} INFO - Filling up the DagBag from /home/airflow/.local/lib/python3.11/site-packages/airflow/example_dags/example_sla_dag.py
[2026-03-15T18:08:03.020+0000] {processor.py:840} INFO - DAG(s) 'example_sla_dag' retrieved from /home/airflow/.local/lib/python3.11/site-packages/airflow/example_dags/example_sla_dag.py
[2026-03-15T18:08:03.035+0000] {logging_mixin.py:188} INFO - [2026-03-15T18:08:03.035+0000] {dag.py:3047} INFO - Sync 1 DAGs
[2026-03-15T18:08:03.052+0000] {logging_mixin.py:188} INFO - [2026-03-15T18:08:03.052+0000] {dag.py:3834} INFO - Setting next_dagrun for example_sla_dag to 2026-03-15 18:06:00+00:00, run_after=2026-03-15 18:08:00+00:00
[2026-03-15T18:08:03.070+0000] {processor.py:183} INFO - Processing /home/airflow/.local/lib/python3.11/site-packages/airflow/example_dags/example_sla_dag.py took 0.062 seconds
[2026-03-15T18:08:07.644+0000] {processor.py:161} INFO - Started process (PID=3398) to work on /home/airflow/.local/lib/python3.11/site-packages/airflow/example_dags/example_sla_dag.py
[2026-03-15T18:08:07.645+0000] {processor.py:830} INFO - Processing file /home/airflow/.local/lib/python3.11/site-packages/airflow/example_dags/example_sla_dag.py for tasks to queue
[2026-03-15T18:08:07.647+0000] {logging_mixin.py:188} INFO - [2026-03-15T18:08:07.647+0000] {dagbag.py:540} INFO - Filling up the DagBag from /home/airflow/.local/lib/python3.11/site-packages/airflow/example_dags/example_sla_dag.py
[2026-03-15T18:08:07.654+0000] {processor.py:840} INFO - DAG(s) 'example_sla_dag' retrieved from /home/airflow/.local/lib/python3.11/site-packages/airflow/example_dags/example_sla_dag.py
[2026-03-15T18:08:07.672+0000] {logging_mixin.py:188} INFO - [2026-03-15T18:08:07.671+0000] {dag.py:3047} INFO - Sync 1 DAGs
[2026-03-15T18:08:07.695+0000] {logging_mixin.py:188} INFO - [2026-03-15T18:08:07.694+0000] {dag.py:3834} INFO - Setting next_dagrun for example_sla_dag to 2026-03-15 18:06:00+00:00, run_after=2026-03-15 18:08:00+00:00
[2026-03-15T18:08:07.712+0000] {processor.py:183} INFO - Processing /home/airflow/.local/lib/python3.11/site-packages/airflow/example_dags/example_sla_dag.py took 0.072 seconds
[2026-03-15T18:09:02.459+0000] {processor.py:161} INFO - Started process (PID=3448) to work on /home/airflow/.local/lib/python3.11/site-packages/airflow/example_dags/example_sla_dag.py
[2026-03-15T18:09:02.460+0000] {processor.py:830} INFO - Processing file /home/airflow/.local/lib/python3.11/site-packages/airflow/example_dags/example_sla_dag.py for tasks to queue
[2026-03-15T18:09:02.461+0000] {logging_mixin.py:188} INFO - [2026-03-15T18:09:02.461+0000] {dagbag.py:540} INFO - Filling up the DagBag from /home/airflow/.local/lib/python3.11/site-packages/airflow/example_dags/example_sla_dag.py
[2026-03-15T18:08:13.278+0000] {processor.py:840} INFO - DAG(s) 'example_sla_dag' retrieved from /home/airflow/.local/lib/python3.11/site-packages/airflow/example_dags/example_sla_dag.py
[2026-03-15T18:08:13.296+0000] {logging_mixin.py:188} INFO - [2026-03-15T18:08:13.296+0000] {dag.py:3047} INFO - Sync 1 DAGs
[2026-03-15T18:08:13.315+0000] {logging_mixin.py:188} INFO - [2026-03-15T18:08:13.315+0000] {dag.py:3834} INFO - Setting next_dagrun for example_sla_dag to 2026-03-15 18:06:00+00:00, run_after=2026-03-15 18:08:00+00:00
[2026-03-15T18:08:13.335+0000] {processor.py:183} INFO - Processing /home/airflow/.local/lib/python3.11/site-packages/airflow/example_dags/example_sla_dag.py took 0.070 seconds
[2026-03-15T18:08:43.412+0000] {processor.py:161} INFO - Started process (PID=3504) to work on /home/airflow/.local/lib/python3.11/site-packages/airflow/example_dags/example_sla_dag.py
[2026-03-15T18:08:43.413+0000] {processor.py:830} INFO - Processing file /home/airflow/.local/lib/python3.11/site-packages/airflow/example_dags/example_sla_dag.py for tasks to queue
[2026-03-15T18:08:43.416+0000] {logging_mixin.py:188} INFO - [2026-03-15T18:08:43.416+0000] {dagbag.py:540} INFO - Filling up the DagBag from /home/airflow/.local/lib/python3.11/site-packages/airflow/example_dags/example_sla_dag.py
[2026-03-15T18:08:43.423+0000] {processor.py:840} INFO - DAG(s) 'example_sla_dag' retrieved from /home/airflow/.local/lib/python3.11/site-packages/airflow/example_dags/example_sla_dag.py
[2026-03-15T18:08:43.440+0000] {logging_mixin.py:188} INFO - [2026-03-15T18:08:43.440+0000] {dag.py:3047} INFO - Sync 1 DAGs
[2026-03-15T18:08:43.458+0000] {logging_mixin.py:188} INFO - [2026-03-15T18:08:43.458+0000] {dag.py:3834} INFO - Setting next_dagrun for example_sla_dag to 2026-03-15 18:06:00+00:00, run_after=2026-03-15 18:08:00+00:00
[2026-03-15T18:08:43.474+0000] {processor.py:183} INFO - Processing /home/airflow/.local/lib/python3.11/site-packages/airflow/example_dags/example_sla_dag.py took 0.064 seconds
[2026-03-15T18:10:02.385+0000] {processor.py:161} INFO - Started process (PID=3560) to work on /home/airflow/.local/lib/python3.11/site-packages/airflow/example_dags/example_sla_dag.py
[2026-03-15T18:10:02.386+0000] {processor.py:830} INFO - Processing file /home/airflow/.local/lib/python3.11/site-packages/airflow/example_dags/example_sla_dag.py for tasks to queue
[2026-03-15T18:10:02.388+0000] {logging_mixin.py:188} INFO - [2026-03-15T18:10:02.388+0000] {dagbag.py:540} INFO - Filling up the DagBag from /home/airflow/.local/lib/python3.11/site-packages/airflow/example_dags/example_sla_dag.py
[2026-03-15T18:10:02.395+0000] {processor.py:840} INFO - DAG(s) 'example_sla_dag' retrieved from /home/airflow/.local/lib/python3.11/site-packages/airflow/example_dags/example_sla_dag.py
[2026-03-15T18:10:02.411+0000] {logging_mixin.py:188} INFO - [2026-03-15T18:10:02.411+0000] {dag.py:3047} INFO - Sync 1 DAGs
[2026-03-15T18:10:02.428+0000] {logging_mixin.py:188} INFO - [2026-03-15T18:10:02.428+0000] {dag.py:3834} INFO - Setting next_dagrun for example_sla_dag to 2026-03-15 18:08:00+00:00, run_after=2026-03-15 18:10:00+00:00
[2026-03-15T18:10:02.442+0000] {processor.py:183} INFO - Processing /home/airflow/.local/lib/python3.11/site-packages/airflow/example_dags/example_sla_dag.py took 0.060 seconds
[2026-03-15T18:10:57.488+0000] {processor.py:161} INFO - Started process (PID=3751) to work on /home/airflow/.local/lib/python3.11/site-packages/airflow/example_dags/example_sla_dag.py
[2026-03-15T18:10:57.489+0000] {processor.py:830} INFO - Processing file /home/airflow/.local/lib/python3.11/site-packages/airflow/example_dags/example_sla_dag.py for tasks to queue
[2026-03-15T18:10:57.492+0000] {logging_mixin.py:188} INFO - [2026-03-15T18:10:57.491+0000] {dagbag.py:540} INFO - Filling up the DagBag from /home/airflow/.local/lib/python3.11/site-packages/airflow/example_dags/example_sla_dag.py
[2026-03-15T18:10:57.500+0000] {processor.py:840} INFO - DAG(s) 'example_sla_dag' retrieved from /home/airflow/.local/lib/python3.11/site-packages/airflow/example_dags/example_sla_dag.py
[2026-03-15T18:10:57.522+0000] {logging_mixin.py:188} INFO - [2026-03-15T18:10:57.522+0000] {dag.py:3047} INFO - Sync 1 DAGs
[2026-03-15T18:10:57.541+0000] {logging_mixin.py:188} INFO - [2026-03-15T18:10:57.541+0000] {dag.py:3834} INFO - Setting next_dagrun for example_sla_dag to 2026-03-15 18:08:00+00:00, run_after=2026-03-15 18:10:00+00:00
[2026-03-15T18:10:57.558+0000] {processor.py:183} INFO - Processing /home/airflow/.local/lib/python3.11/site-packages/airflow/example_dags/example_sla_dag.py took 0.073 seconds
[2026-03-15T18:11:27.829+0000] {processor.py:161} INFO - Started process (PID=3807) to work on /home/airflow/.local/lib/python3.11/site-packages/airflow/example_dags/example_sla_dag.py
[2026-03-15T18:11:27.830+0000] {processor.py:830} INFO - Processing file /home/airflow/.local/lib/python3.11/site-packages/airflow/example_dags/example_sla_dag.py for tasks to queue
[2026-03-15T18:11:27.832+0000] {logging_mixin.py:188} INFO - [2026-03-15T18:11:27.832+0000] {dagbag.py:540} INFO - Filling up the DagBag from /home/airflow/.local/lib/python3.11/site-packages/airflow/example_dags/example_sla_dag.py
[2026-03-15T18:11:27.839+0000] {processor.py:840} INFO - DAG(s) 'example_sla_dag' retrieved from /home/airflow/.local/lib/python3.11/site-packages/airflow/example_dags/example_sla_dag.py
[2026-03-15T18:11:27.854+0000] {logging_mixin.py:188} INFO - [2026-03-15T18:11:27.854+0000] {dag.py:3047} INFO - Sync 1 DAGs
[2026-03-15T18:11:27.871+0000] {logging_mixin.py:188} INFO - [2026-03-15T18:11:27.871+0000] {dag.py:3834} INFO - Setting next_dagrun for example_sla_dag to 2026-03-15 18:08:00+00:00, run_after=2026-03-15 18:10:00+00:00
[2026-03-15T18:11:27.888+0000] {processor.py:183} INFO - Processing /home/airflow/.local/lib/python3.11/site-packages/airflow/example_dags/example_sla_dag.py took 0.061 seconds
[2026-03-15T18:11:28.368+0000] {processor.py:161} INFO - Started process (PID=40) to work on /home/airflow/.local/lib/python3.11/site-packages/airflow/example_dags/example_sla_dag.py
[2026-03-15T18:11:28.369+0000] {processor.py:830} INFO - Processing file /home/airflow/.local/lib/python3.11/site-packages/airflow/example_dags/example_sla_dag.py for tasks to queue
[2026-03-15T18:11:28.371+0000] {logging_mixin.py:188} INFO - [2026-03-15T18:11:28.371+0000] {dagbag.py:540} INFO - Filling up the DagBag from /home/airflow/.local/lib/python3.11/site-packages/airflow/example_dags/example_sla_dag.py
[2026-03-15T18:11:28.384+0000] {processor.py:840} INFO - DAG(s) 'example_sla_dag' retrieved from /home/airflow/.local/lib/python3.11/site-packages/airflow/example_dags/example_sla_dag.py
[2026-03-15T18:11:28.400+0000] {logging_mixin.py:188} INFO - [2026-03-15T18:11:28.400+0000] {dag.py:3047} INFO - Sync 1 DAGs
[2026-03-15T18:11:28.432+0000] {logging_mixin.py:188} INFO - [2026-03-15T18:11:28.432+0000] {dag.py:3834} INFO - Setting next_dagrun for example_sla_dag to 2026-03-15 18:08:00+00:00, run_after=2026-03-15 18:10:00+00:00
[2026-03-15T18:11:28.450+0000] {processor.py:183} INFO - Processing /home/airflow/.local/lib/python3.11/site-packages/airflow/example_dags/example_sla_dag.py took 0.086 seconds
[2026-03-15T18:11:38.173+0000] {processor.py:161} INFO - Started process (PID=90) to work on /home/airflow/.local/lib/python3.11/site-packages/airflow/example_dags/example_sla_dag.py
[2026-03-15T18:11:38.174+0000] {processor.py:830} INFO - Processing file /home/airflow/.local/lib/python3.11/site-packages/airflow/example_dags/example_sla_dag.py for tasks to queue
[2026-03-15T18:11:38.176+0000] {logging_mixin.py:188} INFO - [2026-03-15T18:11:38.175+0000] {dagbag.py:540} INFO - Filling up the DagBag from /home/airflow/.local/lib/python3.11/site-packages/airflow/example_dags/example_sla_dag.py
[2026-03-15T18:11:38.182+0000] {processor.py:840} INFO - DAG(s) 'example_sla_dag' retrieved from /home/airflow/.local/lib/python3.11/site-packages/airflow/example_dags/example_sla_dag.py
[2026-03-15T18:11:38.191+0000] {logging_mixin.py:188} INFO - [2026-03-15T18:11:38.191+0000] {dag.py:3047} INFO - Sync 1 DAGs
[2026-03-15T18:11:38.209+0000] {logging_mixin.py:188} INFO - [2026-03-15T18:11:38.209+0000] {dag.py:3834} INFO - Setting next_dagrun for example_sla_dag to 2026-03-15 18:08:00+00:00, run_after=2026-03-15 18:10:00+00:00
[2026-03-15T18:11:38.224+0000] {processor.py:183} INFO - Processing /home/airflow/.local/lib/python3.11/site-packages/airflow/example_dags/example_sla_dag.py took 0.054 seconds
[2026-03-15T18:12:08.541+0000] {processor.py:161} INFO - Started process (PID=146) to work on /home/airflow/.local/lib/python3.11/site-packages/airflow/example_dags/example_sla_dag.py
[2026-03-15T18:12:08.542+0000] {processor.py:830} INFO - Processing file /home/airflow/.local/lib/python3.11/site-packages/airflow/example_dags/example_sla_dag.py for tasks to queue
[2026-03-15T18:12:08.544+0000] {logging_mixin.py:188} INFO - [2026-03-15T18:12:08.544+0000] {dagbag.py:540} INFO - Filling up the DagBag from /home/airflow/.local/lib/python3.11/site-packages/airflow/example_dags/example_sla_dag.py
[2026-03-15T18:12:08.554+0000] {processor.py:840} INFO - DAG(s) 'example_sla_dag' retrieved from /home/airflow/.local/lib/python3.11/site-packages/airflow/example_dags/example_sla_dag.py
[2026-03-15T18:12:08.700+0000] {logging_mixin.py:188} INFO - [2026-03-15T18:12:08.700+0000] {dag.py:3047} INFO - Sync 1 DAGs
[2026-03-15T18:12:08.725+0000] {logging_mixin.py:188} INFO - [2026-03-15T18:12:08.725+0000] {dag.py:3834} INFO - Setting next_dagrun for example_sla_dag to 2026-03-15 18:10:00+00:00, run_after=2026-03-15 18:12:00+00:00
[2026-03-15T18:12:08.745+0000] {processor.py:183} INFO - Processing /home/airflow/.local/lib/python3.11/site-packages/airflow/example_dags/example_sla_dag.py took 0.208 seconds
[2026-03-15T18:13:05.917+0000] {processor.py:161} INFO - Started process (PID=196) to work on /home/airflow/.local/lib/python3.11/site-packages/airflow/example_dags/example_sla_dag.py
[2026-03-15T18:13:05.917+0000] {processor.py:830} INFO - Processing file /home/airflow/.local/lib/python3.11/site-packages/airflow/example_dags/example_sla_dag.py for tasks to queue
[2026-03-15T18:13:05.919+0000] {logging_mixin.py:188} INFO - [2026-03-15T18:13:05.919+0000] {dagbag.py:540} INFO - Filling up the DagBag from /home/airflow/.local/lib/python3.11/site-packages/airflow/example_dags/example_sla_dag.py
[2026-03-15T18:13:05.926+0000] {processor.py:840} INFO - DAG(s) 'example_sla_dag' retrieved from /home/airflow/.local/lib/python3.11/site-packages/airflow/example_dags/example_sla_dag.py
[2026-03-15T18:13:05.942+0000] {logging_mixin.py:188} INFO - [2026-03-15T18:13:05.942+0000] {dag.py:3047} INFO - Sync 1 DAGs
[2026-03-15T18:13:05.959+0000] {logging_mixin.py:188} INFO - [2026-03-15T18:13:05.958+0000] {dag.py:3834} INFO - Setting next_dagrun for example_sla_dag to 2026-03-15 18:10:00+00:00, run_after=2026-03-15 18:12:00+00:00
[2026-03-15T18:13:05.972+0000] {processor.py:183} INFO - Processing /home/airflow/.local/lib/python3.11/site-packages/airflow/example_dags/example_sla_dag.py took 0.058 seconds
[2026-03-15T18:13:12.234+0000] {processor.py:161} INFO - Started process (PID=251) to work on /home/airflow/.local/lib/python3.11/site-packages/airflow/example_dags/example_sla_dag.py
[2026-03-15T18:13:12.235+0000] {processor.py:830} INFO - Processing file /home/airflow/.local/lib/python3.11/site-packages/airflow/example_dags/example_sla_dag.py for tasks to queue
[2026-03-15T18:13:12.237+0000] {logging_mixin.py:188} INFO - [2026-03-15T18:13:12.237+0000] {dagbag.py:540} INFO - Filling up the DagBag from /home/airflow/.local/lib/python3.11/site-packages/airflow/example_dags/example_sla_dag.py
[2026-03-15T18:13:12.244+0000] {processor.py:840} INFO - DAG(s) 'example_sla_dag' retrieved from /home/airflow/.local/lib/python3.11/site-packages/airflow/example_dags/example_sla_dag.py
[2026-03-15T18:13:12.258+0000] {logging_mixin.py:188} INFO - [2026-03-15T18:13:12.258+0000] {dag.py:3047} INFO - Sync 1 DAGs
[2026-03-15T18:13:12.274+0000] {logging_mixin.py:188} INFO - [2026-03-15T18:13:12.274+0000] {dag.py:3834} INFO - Setting next_dagrun for example_sla_dag to 2026-03-15 18:10:00+00:00, run_after=2026-03-15 18:12:00+00:00
[2026-03-15T18:13:12.291+0000] {processor.py:183} INFO - Processing /home/airflow/.local/lib/python3.11/site-packages/airflow/example_dags/example_sla_dag.py took 0.060 seconds
[2026-03-15T18:13:16.864+0000] {processor.py:161} INFO - Started process (PID=456) to work on /home/airflow/.local/lib/python3.11/site-packages/airflow/example_dags/example_sla_dag.py
[2026-03-15T18:13:16.865+0000] {processor.py:830} INFO - Processing file /home/airflow/.local/lib/python3.11/site-packages/airflow/example_dags/example_sla_dag.py for tasks to queue
[2026-03-15T18:13:16.867+0000] {logging_mixin.py:188} INFO - [2026-03-15T18:13:16.867+0000] {dagbag.py:540} INFO - Filling up the DagBag from /home/airflow/.local/lib/python3.11/site-packages/airflow/example_dags/example_sla_dag.py
[2026-03-15T18:13:16.876+0000] {processor.py:840} INFO - DAG(s) 'example_sla_dag' retrieved from /home/airflow/.local/lib/python3.11/site-packages/airflow/example_dags/example_sla_dag.py
[2026-03-15T18:13:16.898+0000] {logging_mixin.py:188} INFO - [2026-03-15T18:13:16.898+0000] {dag.py:3047} INFO - Sync 1 DAGs
[2026-03-15T18:13:16.915+0000] {logging_mixin.py:188} INFO - [2026-03-15T18:13:16.915+0000] {dag.py:3834} INFO - Setting next_dagrun for example_sla_dag to 2026-03-15 18:10:00+00:00, run_after=2026-03-15 18:12:00+00:00
[2026-03-15T18:13:16.930+0000] {processor.py:183} INFO - Processing /home/airflow/.local/lib/python3.11/site-packages/airflow/example_dags/example_sla_dag.py took 0.068 seconds
[2026-03-15T18:14:12.398+0000] {processor.py:161} INFO - Started process (PID=507) to work on /home/airflow/.local/lib/python3.11/site-packages/airflow/example_dags/example_sla_dag.py
[2026-03-15T18:14:12.399+0000] {processor.py:830} INFO - Processing file /home/airflow/.local/lib/python3.11/site-packages/airflow/example_dags/example_sla_dag.py for tasks to queue
[2026-03-15T18:14:12.402+0000] {logging_mixin.py:188} INFO - [2026-03-15T18:14:12.401+0000] {dagbag.py:540} INFO - Filling up the DagBag from /home/airflow/.local/lib/python3.11/site-packages/airflow/example_dags/example_sla_dag.py
[2026-03-15T18:14:12.409+0000] {processor.py:840} INFO - DAG(s) 'example_sla_dag' retrieved from /home/airflow/.local/lib/python3.11/site-packages/airflow/example_dags/example_sla_dag.py
[2026-03-15T18:14:12.426+0000] {logging_mixin.py:188} INFO - [2026-03-15T18:14:12.426+0000] {dag.py:3047} INFO - Sync 1 DAGs
[2026-03-15T18:14:12.442+0000] {logging_mixin.py:188} INFO - [2026-03-15T18:14:12.442+0000] {dag.py:3834} INFO - Setting next_dagrun for example_sla_dag to 2026-03-15 18:12:00+00:00, run_after=2026-03-15 18:14:00+00:00
[2026-03-15T18:14:12.456+0000] {processor.py:183} INFO - Processing /home/airflow/.local/lib/python3.11/site-packages/airflow/example_dags/example_sla_dag.py took 0.061 seconds
[2026-03-15T18:14:52.407+0000] {processor.py:161} INFO - Started process (PID=634) to work on /home/airflow/.local/lib/python3.11/site-packages/airflow/example_dags/example_sla_dag.py
[2026-03-15T18:14:52.408+0000] {processor.py:830} INFO - Processing file /home/airflow/.local/lib/python3.11/site-packages/airflow/example_dags/example_sla_dag.py for tasks to queue
[2026-03-15T18:14:52.410+0000] {logging_mixin.py:188} INFO - [2026-03-15T18:14:52.409+0000] {dagbag.py:540} INFO - Filling up the DagBag from /home/airflow/.local/lib/python3.11/site-packages/airflow/example_dags/example_sla_dag.py
[2026-03-15T18:14:52.417+0000] {processor.py:840} INFO - DAG(s) 'example_sla_dag' retrieved from /home/airflow/.local/lib/python3.11/site-packages/airflow/example_dags/example_sla_dag.py
[2026-03-15T18:14:52.432+0000] {logging_mixin.py:188} INFO - [2026-03-15T18:14:52.432+0000] {dag.py:3047} INFO - Sync 1 DAGs
[2026-03-15T18:14:52.448+0000] {logging_mixin.py:188} INFO - [2026-03-15T18:14:52.448+0000] {dag.py:3834} INFO - Setting next_dagrun for example_sla_dag to 2026-03-15 18:12:00+00:00, run_after=2026-03-15 18:14:00+00:00
[2026-03-15T18:14:52.461+0000] {processor.py:183} INFO - Processing /home/airflow/.local/lib/python3.11/site-packages/airflow/example_dags/example_sla_dag.py took 0.056 seconds
[2026-03-15T18:15:35.907+0000] {processor.py:161} INFO - Started process (PID=829) to work on /home/airflow/.local/lib/python3.11/site-packages/airflow/example_dags/example_sla_dag.py
[2026-03-15T18:15:35.908+0000] {processor.py:830} INFO - Processing file /home/airflow/.local/lib/python3.11/site-packages/airflow/example_dags/example_sla_dag.py for tasks to queue
[2026-03-15T18:15:35.909+0000] {logging_mixin.py:188} INFO - [2026-03-15T18:15:35.909+0000] {dagbag.py:540} INFO - Filling up the DagBag from /home/airflow/.local/lib/python3.11/site-packages/airflow/example_dags/example_sla_dag.py
[2026-03-15T18:15:35.917+0000] {processor.py:840} INFO - DAG(s) 'example_sla_dag' retrieved from /home/airflow/.local/lib/python3.11/site-packages/airflow/example_dags/example_sla_dag.py
[2026-03-15T18:15:35.935+0000] {logging_mixin.py:188} INFO - [2026-03-15T18:15:35.934+0000] {dag.py:3047} INFO - Sync 1 DAGs
[2026-03-15T18:15:35.951+0000] {logging_mixin.py:188} INFO - [2026-03-15T18:15:35.951+0000] {dag.py:3834} INFO - Setting next_dagrun for example_sla_dag to 2026-03-15 18:12:00+00:00, run_after=2026-03-15 18:14:00+00:00
[2026-03-15T18:15:35.966+0000] {processor.py:183} INFO - Processing /home/airflow/.local/lib/python3.11/site-packages/airflow/example_dags/example_sla_dag.py took 0.062 seconds
[2026-03-15T18:19:51.154+0000] {processor.py:161} INFO - Started process (PID=52) to work on /home/airflow/.local/lib/python3.11/site-packages/airflow/example_dags/example_sla_dag.py
[2026-03-15T18:19:51.156+0000] {processor.py:830} INFO - Processing file /home/airflow/.local/lib/python3.11/site-packages/airflow/example_dags/example_sla_dag.py for tasks to queue
[2026-03-15T18:19:51.160+0000] {logging_mixin.py:188} INFO - [2026-03-15T18:19:51.159+0000] {dagbag.py:540} INFO - Filling up the DagBag from /home/airflow/.local/lib/python3.11/site-packages/airflow/example_dags/example_sla_dag.py
[2026-03-15T18:19:51.177+0000] {processor.py:840} INFO - DAG(s) 'example_sla_dag' retrieved from /home/airflow/.local/lib/python3.11/site-packages/airflow/example_dags/example_sla_dag.py
[2026-03-15T18:19:51.213+0000] {logging_mixin.py:188} INFO - [2026-03-15T18:19:51.212+0000] {dag.py:3047} INFO - Sync 1 DAGs
[2026-03-15T18:19:51.256+0000] {logging_mixin.py:188} INFO - [2026-03-15T18:19:51.255+0000] {dag.py:3834} INFO - Setting next_dagrun for example_sla_dag to 2026-03-15 18:16:00+00:00, run_after=2026-03-15 18:18:00+00:00
[2026-03-15T18:19:51.285+0000] {processor.py:183} INFO - Processing /home/airflow/.local/lib/python3.11/site-packages/airflow/example_dags/example_sla_dag.py took 0.138 seconds
[2026-03-15T18:19:59.041+0000] {processor.py:161} INFO - Started process (PID=108) to work on /home/airflow/.local/lib/python3.11/site-packages/airflow/example_dags/example_sla_dag.py
[2026-03-15T18:19:59.042+0000] {processor.py:830} INFO - Processing file /home/airflow/.local/lib/python3.11/site-packages/airflow/example_dags/example_sla_dag.py for tasks to queue
[2026-03-15T18:19:59.044+0000] {logging_mixin.py:188} INFO - [2026-03-15T18:19:59.044+0000] {dagbag.py:540} INFO - Filling up the DagBag from /home/airflow/.local/lib/python3.11/site-packages/airflow/example_dags/example_sla_dag.py
[2026-03-15T18:19:59.051+0000] {processor.py:840} INFO - DAG(s) 'example_sla_dag' retrieved from /home/airflow/.local/lib/python3.11/site-packages/airflow/example_dags/example_sla_dag.py
[2026-03-15T18:19:59.061+0000] {logging_mixin.py:188} INFO - [2026-03-15T18:19:59.061+0000] {dag.py:3047} INFO - Sync 1 DAGs
[2026-03-15T18:19:59.082+0000] {logging_mixin.py:188} INFO - [2026-03-15T18:19:59.082+0000] {dag.py:3834} INFO - Setting next_dagrun for example_sla_dag to 2026-03-15 18:16:00+00:00, run_after=2026-03-15 18:18:00+00:00
[2026-03-15T18:19:59.096+0000] {processor.py:183} INFO - Processing /home/airflow/.local/lib/python3.11/site-packages/airflow/example_dags/example_sla_dag.py took 0.059 seconds
[2026-03-15T18:21:05.960+0000] {processor.py:161} INFO - Started process (PID=157) to work on /home/airflow/.local/lib/python3.11/site-packages/airflow/example_dags/example_sla_dag.py
[2026-03-15T18:21:05.961+0000] {processor.py:830} INFO - Processing file /home/airflow/.local/lib/python3.11/site-packages/airflow/example_dags/example_sla_dag.py for tasks to queue
[2026-03-15T18:21:05.963+0000] {logging_mixin.py:188} INFO - [2026-03-15T18:21:05.963+0000] {dagbag.py:540} INFO - Filling up the DagBag from /home/airflow/.local/lib/python3.11/site-packages/airflow/example_dags/example_sla_dag.py
[2026-03-15T18:21:05.971+0000] {processor.py:840} INFO - DAG(s) 'example_sla_dag' retrieved from /home/airflow/.local/lib/python3.11/site-packages/airflow/example_dags/example_sla_dag.py
[2026-03-15T18:21:06.039+0000] {logging_mixin.py:188} INFO - [2026-03-15T18:21:06.039+0000] {dag.py:3047} INFO - Sync 1 DAGs
[2026-03-15T18:21:06.056+0000] {logging_mixin.py:188} INFO - [2026-03-15T18:21:06.056+0000] {dag.py:3834} INFO - Setting next_dagrun for example_sla_dag to 2026-03-15 18:18:00+00:00, run_after=2026-03-15 18:20:00+00:00
[2026-03-15T18:21:06.069+0000] {processor.py:183} INFO - Processing /home/airflow/.local/lib/python3.11/site-packages/airflow/example_dags/example_sla_dag.py took 0.112 seconds
[2026-03-15T18:22:18.274+0000] {processor.py:161} INFO - Started process (PID=356) to work on /home/airflow/.local/lib/python3.11/site-packages/airflow/example_dags/example_sla_dag.py
[2026-03-15T18:22:18.275+0000] {processor.py:830} INFO - Processing file /home/airflow/.local/lib/python3.11/site-packages/airflow/example_dags/example_sla_dag.py for tasks to queue
[2026-03-15T18:22:18.277+0000] {logging_mixin.py:188} INFO - [2026-03-15T18:22:18.277+0000] {dagbag.py:540} INFO - Filling up the DagBag from /home/airflow/.local/lib/python3.11/site-packages/airflow/example_dags/example_sla_dag.py
[2026-03-15T18:22:18.284+0000] {processor.py:840} INFO - DAG(s) 'example_sla_dag' retrieved from /home/airflow/.local/lib/python3.11/site-packages/airflow/example_dags/example_sla_dag.py
[2026-03-15T18:22:18.300+0000] {logging_mixin.py:188} INFO - [2026-03-15T18:22:18.300+0000] {dag.py:3047} INFO - Sync 1 DAGs
[2026-03-15T18:22:18.316+0000] {logging_mixin.py:188} INFO - [2026-03-15T18:22:18.316+0000] {dag.py:3834} INFO - Setting next_dagrun for example_sla_dag to 2026-03-15 18:20:00+00:00, run_after=2026-03-15 18:22:00+00:00
[2026-03-15T18:22:18.334+0000] {processor.py:183} INFO - Processing /home/airflow/.local/lib/python3.11/site-packages/airflow/example_dags/example_sla_dag.py took 0.063 seconds
[2026-03-15T18:22:48.652+0000] {processor.py:161} INFO - Started process (PID=626) to work on /home/airflow/.local/lib/python3.11/site-packages/airflow/example_dags/example_sla_dag.py
[2026-03-15T18:22:48.653+0000] {processor.py:830} INFO - Processing file /home/airflow/.local/lib/python3.11/site-packages/airflow/example_dags/example_sla_dag.py for tasks to queue
[2026-03-15T18:22:48.655+0000] {logging_mixin.py:188} INFO - [2026-03-15T18:22:48.654+0000] {dagbag.py:540} INFO - Filling up the DagBag from /home/airflow/.local/lib/python3.11/site-packages/airflow/example_dags/example_sla_dag.py
[2026-03-15T18:22:48.662+0000] {processor.py:840} INFO - DAG(s) 'example_sla_dag' retrieved from /home/airflow/.local/lib/python3.11/site-packages/airflow/example_dags/example_sla_dag.py
[2026-03-15T18:22:48.677+0000] {logging_mixin.py:188} INFO - [2026-03-15T18:22:48.676+0000] {dag.py:3047} INFO - Sync 1 DAGs
[2026-03-15T18:22:48.695+0000] {logging_mixin.py:188} INFO - [2026-03-15T18:22:48.694+0000] {dag.py:3834} INFO - Setting next_dagrun for example_sla_dag to 2026-03-15 18:20:00+00:00, run_after=2026-03-15 18:22:00+00:00
[2026-03-15T18:22:48.709+0000] {processor.py:183} INFO - Processing /home/airflow/.local/lib/python3.11/site-packages/airflow/example_dags/example_sla_dag.py took 0.060 seconds
[2026-03-15T18:23:19.020+0000] {processor.py:161} INFO - Started process (PID=680) to work on /home/airflow/.local/lib/python3.11/site-packages/airflow/example_dags/example_sla_dag.py
[2026-03-15T18:23:19.021+0000] {processor.py:830} INFO - Processing file /home/airflow/.local/lib/python3.11/site-packages/airflow/example_dags/example_sla_dag.py for tasks to queue
[2026-03-15T18:23:19.024+0000] {logging_mixin.py:188} INFO - [2026-03-15T18:23:19.023+0000] {dagbag.py:540} INFO - Filling up the DagBag from /home/airflow/.local/lib/python3.11/site-packages/airflow/example_dags/example_sla_dag.py
[2026-03-15T18:23:19.031+0000] {processor.py:840} INFO - DAG(s) 'example_sla_dag' retrieved from /home/airflow/.local/lib/python3.11/site-packages/airflow/example_dags/example_sla_dag.py
[2026-03-15T18:23:19.049+0000] {logging_mixin.py:188} INFO - [2026-03-15T18:23:19.048+0000] {dag.py:3047} INFO - Sync 1 DAGs
[2026-03-15T18:23:19.066+0000] {logging_mixin.py:188} INFO - [2026-03-15T18:23:19.066+0000] {dag.py:3834} INFO - Setting next_dagrun for example_sla_dag to 2026-03-15 18:20:00+00:00, run_after=2026-03-15 18:22:00+00:00
[2026-03-15T18:23:19.084+0000] {processor.py:183} INFO - Processing /home/airflow/.local/lib/python3.11/site-packages/airflow/example_dags/example_sla_dag.py took 0.067 seconds
[2026-03-15T18:25:23.543+0000] {processor.py:161} INFO - Started process (PID=882) to work on /home/airflow/.local/lib/python3.11/site-packages/airflow/example_dags/example_sla_dag.py
[2026-03-15T18:25:23.544+0000] {processor.py:830} INFO - Processing file /home/airflow/.local/lib/python3.11/site-packages/airflow/example_dags/example_sla_dag.py for tasks to queue
[2026-03-15T18:25:23.546+0000] {logging_mixin.py:188} INFO - [2026-03-15T18:25:23.546+0000] {dagbag.py:540} INFO - Filling up the DagBag from /home/airflow/.local/lib/python3.11/site-packages/airflow/example_dags/example_sla_dag.py
[2026-03-15T18:25:23.553+0000] {processor.py:840} INFO - DAG(s) 'example_sla_dag' retrieved from /home/airflow/.local/lib/python3.11/site-packages/airflow/example_dags/example_sla_dag.py
[2026-03-15T18:25:23.571+0000] {logging_mixin.py:188} INFO - [2026-03-15T18:25:23.571+0000] {dag.py:3047} INFO - Sync 1 DAGs
[2026-03-15T18:25:23.593+0000] {logging_mixin.py:188} INFO - [2026-03-15T18:25:23.593+0000] {dag.py:3834} INFO - Setting next_dagrun for example_sla_dag to 2026-03-15 18:22:00+00:00, run_after=2026-03-15 18:24:00+00:00
[2026-03-15T18:25:23.610+0000] {processor.py:183} INFO - Processing /home/airflow/.local/lib/python3.11/site-packages/airflow/example_dags/example_sla_dag.py took 0.069 seconds
[2026-03-15T18:26:03.613+0000] {processor.py:161} INFO - Started process (PID=985) to work on /home/airflow/.local/lib/python3.11/site-packages/airflow/example_dags/example_sla_dag.py
[2026-03-15T18:26:03.614+0000] {processor.py:830} INFO - Processing file /home/airflow/.local/lib/python3.11/site-packages/airflow/example_dags/example_sla_dag.py for tasks to queue
[2026-03-15T18:26:03.617+0000] {logging_mixin.py:188} INFO - [2026-03-15T18:26:03.616+0000] {dagbag.py:540} INFO - Filling up the DagBag from /home/airflow/.local/lib/python3.11/site-packages/airflow/example_dags/example_sla_dag.py
[2026-03-15T18:26:03.624+0000] {processor.py:840} INFO - DAG(s) 'example_sla_dag' retrieved from /home/airflow/.local/lib/python3.11/site-packages/airflow/example_dags/example_sla_dag.py
[2026-03-15T18:26:03.691+0000] {logging_mixin.py:188} INFO - [2026-03-15T18:26:03.691+0000] {dag.py:3047} INFO - Sync 1 DAGs
[2026-03-15T18:26:03.707+0000] {logging_mixin.py:188} INFO - [2026-03-15T18:26:03.707+0000] {dag.py:3834} INFO - Setting next_dagrun for example_sla_dag to 2026-03-15 18:24:00+00:00, run_after=2026-03-15 18:26:00+00:00
[2026-03-15T18:25:14.569+0000] {processor.py:183} INFO - Processing /home/airflow/.local/lib/python3.11/site-packages/airflow/example_dags/example_sla_dag.py took 0.119 seconds
[2026-03-15T18:26:08.657+0000] {processor.py:161} INFO - Started process (PID=1033) to work on /home/airflow/.local/lib/python3.11/site-packages/airflow/example_dags/example_sla_dag.py
[2026-03-15T18:26:08.658+0000] {processor.py:830} INFO - Processing file /home/airflow/.local/lib/python3.11/site-packages/airflow/example_dags/example_sla_dag.py for tasks to queue
[2026-03-15T18:26:08.661+0000] {logging_mixin.py:188} INFO - [2026-03-15T18:26:08.660+0000] {dagbag.py:540} INFO - Filling up the DagBag from /home/airflow/.local/lib/python3.11/site-packages/airflow/example_dags/example_sla_dag.py
[2026-03-15T18:25:19.476+0000] {processor.py:840} INFO - DAG(s) 'example_sla_dag' retrieved from /home/airflow/.local/lib/python3.11/site-packages/airflow/example_dags/example_sla_dag.py
[2026-03-15T18:25:19.485+0000] {logging_mixin.py:188} INFO - [2026-03-15T18:25:19.485+0000] {dag.py:3047} INFO - Sync 1 DAGs
[2026-03-15T18:25:19.503+0000] {logging_mixin.py:188} INFO - [2026-03-15T18:25:19.503+0000] {dag.py:3834} INFO - Setting next_dagrun for example_sla_dag to 2026-03-15 18:22:00+00:00, run_after=2026-03-15 18:24:00+00:00
[2026-03-15T18:25:19.521+0000] {processor.py:183} INFO - Processing /home/airflow/.local/lib/python3.11/site-packages/airflow/example_dags/example_sla_dag.py took 0.058 seconds
[2026-03-15T18:25:24.486+0000] {processor.py:161} INFO - Started process (PID=1079) to work on /home/airflow/.local/lib/python3.11/site-packages/airflow/example_dags/example_sla_dag.py
[2026-03-15T18:25:24.487+0000] {processor.py:830} INFO - Processing file /home/airflow/.local/lib/python3.11/site-packages/airflow/example_dags/example_sla_dag.py for tasks to queue
[2026-03-15T18:25:24.489+0000] {logging_mixin.py:188} INFO - [2026-03-15T18:25:24.489+0000] {dagbag.py:540} INFO - Filling up the DagBag from /home/airflow/.local/lib/python3.11/site-packages/airflow/example_dags/example_sla_dag.py
[2026-03-15T18:25:24.495+0000] {processor.py:840} INFO - DAG(s) 'example_sla_dag' retrieved from /home/airflow/.local/lib/python3.11/site-packages/airflow/example_dags/example_sla_dag.py
[2026-03-15T18:25:24.505+0000] {logging_mixin.py:188} INFO - [2026-03-15T18:25:24.504+0000] {dag.py:3047} INFO - Sync 1 DAGs
[2026-03-15T18:25:24.526+0000] {logging_mixin.py:188} INFO - [2026-03-15T18:25:24.526+0000] {dag.py:3834} INFO - Setting next_dagrun for example_sla_dag to 2026-03-15 18:22:00+00:00, run_after=2026-03-15 18:24:00+00:00
[2026-03-15T18:25:24.543+0000] {processor.py:183} INFO - Processing /home/airflow/.local/lib/python3.11/site-packages/airflow/example_dags/example_sla_dag.py took 0.059 seconds
[2026-03-15T18:25:54.631+0000] {processor.py:161} INFO - Started process (PID=1131) to work on /home/airflow/.local/lib/python3.11/site-packages/airflow/example_dags/example_sla_dag.py
[2026-03-15T18:25:54.632+0000] {processor.py:830} INFO - Processing file /home/airflow/.local/lib/python3.11/site-packages/airflow/example_dags/example_sla_dag.py for tasks to queue
[2026-03-15T18:25:54.634+0000] {logging_mixin.py:188} INFO - [2026-03-15T18:25:54.634+0000] {dagbag.py:540} INFO - Filling up the DagBag from /home/airflow/.local/lib/python3.11/site-packages/airflow/example_dags/example_sla_dag.py
[2026-03-15T18:25:54.640+0000] {processor.py:840} INFO - DAG(s) 'example_sla_dag' retrieved from /home/airflow/.local/lib/python3.11/site-packages/airflow/example_dags/example_sla_dag.py
[2026-03-15T18:25:54.651+0000] {logging_mixin.py:188} INFO - [2026-03-15T18:25:54.651+0000] {dag.py:3047} INFO - Sync 1 DAGs
[2026-03-15T18:25:54.669+0000] {logging_mixin.py:188} INFO - [2026-03-15T18:25:54.669+0000] {dag.py:3834} INFO - Setting next_dagrun for example_sla_dag to 2026-03-15 18:22:00+00:00, run_after=2026-03-15 18:24:00+00:00
[2026-03-15T18:25:54.683+0000] {processor.py:183} INFO - Processing /home/airflow/.local/lib/python3.11/site-packages/airflow/example_dags/example_sla_dag.py took 0.054 seconds
[2026-03-15T18:26:16.910+0000] {processor.py:161} INFO - Started process (PID=1185) to work on /home/airflow/.local/lib/python3.11/site-packages/airflow/example_dags/example_sla_dag.py
[2026-03-15T18:26:16.911+0000] {processor.py:830} INFO - Processing file /home/airflow/.local/lib/python3.11/site-packages/airflow/example_dags/example_sla_dag.py for tasks to queue
[2026-03-15T18:26:16.913+0000] {logging_mixin.py:188} INFO - [2026-03-15T18:26:16.913+0000] {dagbag.py:540} INFO - Filling up the DagBag from /home/airflow/.local/lib/python3.11/site-packages/airflow/example_dags/example_sla_dag.py
[2026-03-15T18:26:16.920+0000] {processor.py:840} INFO - DAG(s) 'example_sla_dag' retrieved from /home/airflow/.local/lib/python3.11/site-packages/airflow/example_dags/example_sla_dag.py
[2026-03-15T18:26:16.930+0000] {logging_mixin.py:188} INFO - [2026-03-15T18:26:16.930+0000] {dag.py:3047} INFO - Sync 1 DAGs
[2026-03-15T18:26:16.949+0000] {logging_mixin.py:188} INFO - [2026-03-15T18:26:16.949+0000] {dag.py:3834} INFO - Setting next_dagrun for example_sla_dag to 2026-03-15 18:24:00+00:00, run_after=2026-03-15 18:26:00+00:00
[2026-03-15T18:26:16.964+0000] {processor.py:183} INFO - Processing /home/airflow/.local/lib/python3.11/site-packages/airflow/example_dags/example_sla_dag.py took 0.057 seconds
[2026-03-15T18:27:08.765+0000] {processor.py:161} INFO - Started process (PID=1235) to work on /home/airflow/.local/lib/python3.11/site-packages/airflow/example_dags/example_sla_dag.py
[2026-03-15T18:27:08.766+0000] {processor.py:830} INFO - Processing file /home/airflow/.local/lib/python3.11/site-packages/airflow/example_dags/example_sla_dag.py for tasks to queue
[2026-03-15T18:27:08.767+0000] {logging_mixin.py:188} INFO - [2026-03-15T18:27:08.767+0000] {dagbag.py:540} INFO - Filling up the DagBag from /home/airflow/.local/lib/python3.11/site-packages/airflow/example_dags/example_sla_dag.py
[2026-03-15T18:27:08.774+0000] {processor.py:840} INFO - DAG(s) 'example_sla_dag' retrieved from /home/airflow/.local/lib/python3.11/site-packages/airflow/example_dags/example_sla_dag.py
[2026-03-15T18:27:08.788+0000] {logging_mixin.py:188} INFO - [2026-03-15T18:27:08.787+0000] {dag.py:3047} INFO - Sync 1 DAGs
[2026-03-15T18:27:08.803+0000] {logging_mixin.py:188} INFO - [2026-03-15T18:27:08.803+0000] {dag.py:3834} INFO - Setting next_dagrun for example_sla_dag to 2026-03-15 18:24:00+00:00, run_after=2026-03-15 18:26:00+00:00
[2026-03-15T18:27:08.815+0000] {processor.py:183} INFO - Processing /home/airflow/.local/lib/python3.11/site-packages/airflow/example_dags/example_sla_dag.py took 0.054 seconds
[2026-03-15T18:27:23.854+0000] {processor.py:161} INFO - Started process (PID=1287) to work on /home/airflow/.local/lib/python3.11/site-packages/airflow/example_dags/example_sla_dag.py
[2026-03-15T18:27:23.855+0000] {processor.py:830} INFO - Processing file /home/airflow/.local/lib/python3.11/site-packages/airflow/example_dags/example_sla_dag.py for tasks to queue
[2026-03-15T18:27:23.857+0000] {logging_mixin.py:188} INFO - [2026-03-15T18:27:23.857+0000] {dagbag.py:540} INFO - Filling up the DagBag from /home/airflow/.local/lib/python3.11/site-packages/airflow/example_dags/example_sla_dag.py
[2026-03-15T18:26:34.700+0000] {processor.py:840} INFO - DAG(s) 'example_sla_dag' retrieved from /home/airflow/.local/lib/python3.11/site-packages/airflow/example_dags/example_sla_dag.py
[2026-03-15T18:26:34.717+0000] {logging_mixin.py:188} INFO - [2026-03-15T18:26:34.717+0000] {dag.py:3047} INFO - Sync 1 DAGs
[2026-03-15T18:26:34.734+0000] {logging_mixin.py:188} INFO - [2026-03-15T18:26:34.734+0000] {dag.py:3834} INFO - Setting next_dagrun for example_sla_dag to 2026-03-15 18:24:00+00:00, run_after=2026-03-15 18:26:00+00:00
[2026-03-15T18:26:34.749+0000] {processor.py:183} INFO - Processing /home/airflow/.local/lib/python3.11/site-packages/airflow/example_dags/example_sla_dag.py took 0.064 seconds
[2026-03-15T18:27:29.089+0000] {processor.py:161} INFO - Started process (PID=1333) to work on /home/airflow/.local/lib/python3.11/site-packages/airflow/example_dags/example_sla_dag.py
[2026-03-15T18:27:29.089+0000] {processor.py:830} INFO - Processing file /home/airflow/.local/lib/python3.11/site-packages/airflow/example_dags/example_sla_dag.py for tasks to queue
[2026-03-15T18:27:29.091+0000] {logging_mixin.py:188} INFO - [2026-03-15T18:27:29.091+0000] {dagbag.py:540} INFO - Filling up the DagBag from /home/airflow/.local/lib/python3.11/site-packages/airflow/example_dags/example_sla_dag.py
[2026-03-15T18:27:29.097+0000] {processor.py:840} INFO - DAG(s) 'example_sla_dag' retrieved from /home/airflow/.local/lib/python3.11/site-packages/airflow/example_dags/example_sla_dag.py
[2026-03-15T18:27:29.112+0000] {logging_mixin.py:188} INFO - [2026-03-15T18:27:29.112+0000] {dag.py:3047} INFO - Sync 1 DAGs
[2026-03-15T18:27:29.129+0000] {logging_mixin.py:188} INFO - [2026-03-15T18:27:29.128+0000] {dag.py:3834} INFO - Setting next_dagrun for example_sla_dag to 2026-03-15 18:24:00+00:00, run_after=2026-03-15 18:26:00+00:00
[2026-03-15T18:27:29.142+0000] {processor.py:183} INFO - Processing /home/airflow/.local/lib/python3.11/site-packages/airflow/example_dags/example_sla_dag.py took 0.056 seconds
[2026-03-15T18:28:28.960+0000] {processor.py:161} INFO - Started process (PID=1397) to work on /home/airflow/.local/lib/python3.11/site-packages/airflow/example_dags/example_sla_dag.py
[2026-03-15T18:28:28.961+0000] {processor.py:830} INFO - Processing file /home/airflow/.local/lib/python3.11/site-packages/airflow/example_dags/example_sla_dag.py for tasks to queue
[2026-03-15T18:28:28.963+0000] {logging_mixin.py:188} INFO - [2026-03-15T18:28:28.963+0000] {dagbag.py:540} INFO - Filling up the DagBag from /home/airflow/.local/lib/python3.11/site-packages/airflow/example_dags/example_sla_dag.py
[2026-03-15T18:27:39.801+0000] {processor.py:840} INFO - DAG(s) 'example_sla_dag' retrieved from /home/airflow/.local/lib/python3.11/site-packages/airflow/example_dags/example_sla_dag.py
[2026-03-15T18:27:39.816+0000] {logging_mixin.py:188} INFO - [2026-03-15T18:27:39.816+0000] {dag.py:3047} INFO - Sync 1 DAGs
[2026-03-15T18:27:39.833+0000] {logging_mixin.py:188} INFO - [2026-03-15T18:27:39.833+0000] {dag.py:3834} INFO - Setting next_dagrun for example_sla_dag to 2026-03-15 18:24:00+00:00, run_after=2026-03-15 18:26:00+00:00
[2026-03-15T18:27:39.846+0000] {processor.py:183} INFO - Processing /home/airflow/.local/lib/python3.11/site-packages/airflow/example_dags/example_sla_dag.py took 0.058 seconds
[2026-03-15T18:28:10.333+0000] {processor.py:161} INFO - Started process (PID=1449) to work on /home/airflow/.local/lib/python3.11/site-packages/airflow/example_dags/example_sla_dag.py
[2026-03-15T18:28:10.340+0000] {processor.py:830} INFO - Processing file /home/airflow/.local/lib/python3.11/site-packages/airflow/example_dags/example_sla_dag.py for tasks to queue
[2026-03-15T18:28:10.350+0000] {logging_mixin.py:188} INFO - [2026-03-15T18:28:10.349+0000] {dagbag.py:540} INFO - Filling up the DagBag from /home/airflow/.local/lib/python3.11/site-packages/airflow/example_dags/example_sla_dag.py
[2026-03-15T18:28:10.385+0000] {processor.py:840} INFO - DAG(s) 'example_sla_dag' retrieved from /home/airflow/.local/lib/python3.11/site-packages/airflow/example_dags/example_sla_dag.py
[2026-03-15T18:28:10.447+0000] {logging_mixin.py:188} INFO - [2026-03-15T18:28:10.447+0000] {dag.py:3047} INFO - Sync 1 DAGs
[2026-03-15T18:28:10.499+0000] {logging_mixin.py:188} INFO - [2026-03-15T18:28:10.498+0000] {dag.py:3834} INFO - Setting next_dagrun for example_sla_dag to 2026-03-15 18:26:00+00:00, run_after=2026-03-15 18:28:00+00:00
[2026-03-15T18:28:10.531+0000] {processor.py:183} INFO - Processing /home/airflow/.local/lib/python3.11/site-packages/airflow/example_dags/example_sla_dag.py took 0.222 seconds
[2026-03-15T18:28:41.474+0000] {processor.py:161} INFO - Started process (PID=1501) to work on /home/airflow/.local/lib/python3.11/site-packages/airflow/example_dags/example_sla_dag.py
[2026-03-15T18:28:41.475+0000] {processor.py:830} INFO - Processing file /home/airflow/.local/lib/python3.11/site-packages/airflow/example_dags/example_sla_dag.py for tasks to queue
[2026-03-15T18:28:41.477+0000] {logging_mixin.py:188} INFO - [2026-03-15T18:28:41.476+0000] {dagbag.py:540} INFO - Filling up the DagBag from /home/airflow/.local/lib/python3.11/site-packages/airflow/example_dags/example_sla_dag.py
[2026-03-15T18:28:41.483+0000] {processor.py:840} INFO - DAG(s) 'example_sla_dag' retrieved from /home/airflow/.local/lib/python3.11/site-packages/airflow/example_dags/example_sla_dag.py
[2026-03-15T18:28:41.497+0000] {logging_mixin.py:188} INFO - [2026-03-15T18:28:41.497+0000] {dag.py:3047} INFO - Sync 1 DAGs
[2026-03-15T18:28:41.516+0000] {logging_mixin.py:188} INFO - [2026-03-15T18:28:41.516+0000] {dag.py:3834} INFO - Setting next_dagrun for example_sla_dag to 2026-03-15 18:26:00+00:00, run_after=2026-03-15 18:28:00+00:00
[2026-03-15T18:28:41.530+0000] {processor.py:183} INFO - Processing /home/airflow/.local/lib/python3.11/site-packages/airflow/example_dags/example_sla_dag.py took 0.059 seconds
[2026-03-15T18:29:33.922+0000] {processor.py:161} INFO - Started process (PID=1549) to work on /home/airflow/.local/lib/python3.11/site-packages/airflow/example_dags/example_sla_dag.py
[2026-03-15T18:29:33.923+0000] {processor.py:830} INFO - Processing file /home/airflow/.local/lib/python3.11/site-packages/airflow/example_dags/example_sla_dag.py for tasks to queue
[2026-03-15T18:29:33.925+0000] {logging_mixin.py:188} INFO - [2026-03-15T18:29:33.924+0000] {dagbag.py:540} INFO - Filling up the DagBag from /home/airflow/.local/lib/python3.11/site-packages/airflow/example_dags/example_sla_dag.py
[2026-03-15T18:29:33.931+0000] {processor.py:840} INFO - DAG(s) 'example_sla_dag' retrieved from /home/airflow/.local/lib/python3.11/site-packages/airflow/example_dags/example_sla_dag.py
[2026-03-15T18:29:33.946+0000] {logging_mixin.py:188} INFO - [2026-03-15T18:29:33.946+0000] {dag.py:3047} INFO - Sync 1 DAGs
[2026-03-15T18:29:33.962+0000] {logging_mixin.py:188} INFO - [2026-03-15T18:29:33.962+0000] {dag.py:3834} INFO - Setting next_dagrun for example_sla_dag to 2026-03-15 18:26:00+00:00, run_after=2026-03-15 18:28:00+00:00
[2026-03-15T18:29:33.976+0000] {processor.py:183} INFO - Processing /home/airflow/.local/lib/python3.11/site-packages/airflow/example_dags/example_sla_dag.py took 0.057 seconds
[2026-03-15T18:30:06.011+0000] {processor.py:161} INFO - Started process (PID=1632) to work on /home/airflow/.local/lib/python3.11/site-packages/airflow/example_dags/example_sla_dag.py
[2026-03-15T18:30:06.012+0000] {processor.py:830} INFO - Processing file /home/airflow/.local/lib/python3.11/site-packages/airflow/example_dags/example_sla_dag.py for tasks to queue
[2026-03-15T18:30:06.013+0000] {logging_mixin.py:188} INFO - [2026-03-15T18:30:06.013+0000] {dagbag.py:540} INFO - Filling up the DagBag from /home/airflow/.local/lib/python3.11/site-packages/airflow/example_dags/example_sla_dag.py
[2026-03-15T18:30:06.021+0000] {processor.py:840} INFO - DAG(s) 'example_sla_dag' retrieved from /home/airflow/.local/lib/python3.11/site-packages/airflow/example_dags/example_sla_dag.py
[2026-03-15T18:30:06.036+0000] {logging_mixin.py:188} INFO - [2026-03-15T18:30:06.036+0000] {dag.py:3047} INFO - Sync 1 DAGs
[2026-03-15T18:30:06.054+0000] {logging_mixin.py:188} INFO - [2026-03-15T18:30:06.054+0000] {dag.py:3834} INFO - Setting next_dagrun for example_sla_dag to 2026-03-15 18:28:00+00:00, run_after=2026-03-15 18:30:00+00:00
[2026-03-15T18:30:06.068+0000] {processor.py:183} INFO - Processing /home/airflow/.local/lib/python3.11/site-packages/airflow/example_dags/example_sla_dag.py took 0.060 seconds
[2026-03-15T18:29:55.074+0000] {processor.py:161} INFO - Started process (PID=1766) to work on /home/airflow/.local/lib/python3.11/site-packages/airflow/example_dags/example_sla_dag.py
[2026-03-15T18:29:55.075+0000] {processor.py:830} INFO - Processing file /home/airflow/.local/lib/python3.11/site-packages/airflow/example_dags/example_sla_dag.py for tasks to queue
[2026-03-15T18:29:55.077+0000] {logging_mixin.py:188} INFO - [2026-03-15T18:29:55.077+0000] {dagbag.py:540} INFO - Filling up the DagBag from /home/airflow/.local/lib/python3.11/site-packages/airflow/example_dags/example_sla_dag.py
[2026-03-15T18:29:55.084+0000] {processor.py:840} INFO - DAG(s) 'example_sla_dag' retrieved from /home/airflow/.local/lib/python3.11/site-packages/airflow/example_dags/example_sla_dag.py
[2026-03-15T18:29:55.098+0000] {logging_mixin.py:188} INFO - [2026-03-15T18:29:55.098+0000] {dag.py:3047} INFO - Sync 1 DAGs
[2026-03-15T18:29:55.114+0000] {logging_mixin.py:188} INFO - [2026-03-15T18:29:55.114+0000] {dag.py:3834} INFO - Setting next_dagrun for example_sla_dag to 2026-03-15 18:26:00+00:00, run_after=2026-03-15 18:28:00+00:00
[2026-03-15T18:29:55.128+0000] {processor.py:183} INFO - Processing /home/airflow/.local/lib/python3.11/site-packages/airflow/example_dags/example_sla_dag.py took 0.057 seconds
[2026-03-15T18:31:04.176+0000] {processor.py:161} INFO - Started process (PID=52) to work on /home/airflow/.local/lib/python3.11/site-packages/airflow/example_dags/example_sla_dag.py
[2026-03-15T18:31:04.177+0000] {processor.py:830} INFO - Processing file /home/airflow/.local/lib/python3.11/site-packages/airflow/example_dags/example_sla_dag.py for tasks to queue
[2026-03-15T18:31:04.179+0000] {logging_mixin.py:188} INFO - [2026-03-15T18:31:04.179+0000] {dagbag.py:540} INFO - Filling up the DagBag from /home/airflow/.local/lib/python3.11/site-packages/airflow/example_dags/example_sla_dag.py
[2026-03-15T18:31:04.190+0000] {processor.py:840} INFO - DAG(s) 'example_sla_dag' retrieved from /home/airflow/.local/lib/python3.11/site-packages/airflow/example_dags/example_sla_dag.py
[2026-03-15T18:31:04.205+0000] {logging_mixin.py:188} INFO - [2026-03-15T18:31:04.205+0000] {dag.py:3047} INFO - Sync 1 DAGs
[2026-03-15T18:31:04.230+0000] {logging_mixin.py:188} INFO - [2026-03-15T18:31:04.230+0000] {dag.py:3834} INFO - Setting next_dagrun for example_sla_dag to 2026-03-15 18:28:00+00:00, run_after=2026-03-15 18:30:00+00:00
[2026-03-15T18:31:04.253+0000] {processor.py:183} INFO - Processing /home/airflow/.local/lib/python3.11/site-packages/airflow/example_dags/example_sla_dag.py took 0.080 seconds
[2026-03-15T18:32:06.661+0000] {processor.py:161} INFO - Started process (PID=52) to work on /home/airflow/.local/lib/python3.11/site-packages/airflow/example_dags/example_sla_dag.py
[2026-03-15T18:32:06.662+0000] {processor.py:830} INFO - Processing file /home/airflow/.local/lib/python3.11/site-packages/airflow/example_dags/example_sla_dag.py for tasks to queue
[2026-03-15T18:32:06.664+0000] {logging_mixin.py:188} INFO - [2026-03-15T18:32:06.664+0000] {dagbag.py:540} INFO - Filling up the DagBag from /home/airflow/.local/lib/python3.11/site-packages/airflow/example_dags/example_sla_dag.py
[2026-03-15T18:32:06.675+0000] {processor.py:840} INFO - DAG(s) 'example_sla_dag' retrieved from /home/airflow/.local/lib/python3.11/site-packages/airflow/example_dags/example_sla_dag.py
[2026-03-15T18:32:06.688+0000] {logging_mixin.py:188} INFO - [2026-03-15T18:32:06.688+0000] {dag.py:3047} INFO - Sync 1 DAGs
[2026-03-15T18:32:06.714+0000] {logging_mixin.py:188} INFO - [2026-03-15T18:32:06.714+0000] {dag.py:3834} INFO - Setting next_dagrun for example_sla_dag to 2026-03-15 18:30:00+00:00, run_after=2026-03-15 18:32:00+00:00
[2026-03-15T18:32:06.736+0000] {processor.py:183} INFO - Processing /home/airflow/.local/lib/python3.11/site-packages/airflow/example_dags/example_sla_dag.py took 0.079 seconds
[2026-03-15T18:32:15.460+0000] {processor.py:161} INFO - Started process (PID=108) to work on /home/airflow/.local/lib/python3.11/site-packages/airflow/example_dags/example_sla_dag.py
[2026-03-15T18:32:15.462+0000] {processor.py:830} INFO - Processing file /home/airflow/.local/lib/python3.11/site-packages/airflow/example_dags/example_sla_dag.py for tasks to queue
[2026-03-15T18:32:15.464+0000] {logging_mixin.py:188} INFO - [2026-03-15T18:32:15.463+0000] {dagbag.py:540} INFO - Filling up the DagBag from /home/airflow/.local/lib/python3.11/site-packages/airflow/example_dags/example_sla_dag.py
[2026-03-15T18:32:15.474+0000] {processor.py:840} INFO - DAG(s) 'example_sla_dag' retrieved from /home/airflow/.local/lib/python3.11/site-packages/airflow/example_dags/example_sla_dag.py
[2026-03-15T18:32:15.490+0000] {logging_mixin.py:188} INFO - [2026-03-15T18:32:15.490+0000] {dag.py:3047} INFO - Sync 1 DAGs
[2026-03-15T18:32:15.513+0000] {logging_mixin.py:188} INFO - [2026-03-15T18:32:15.513+0000] {dag.py:3834} INFO - Setting next_dagrun for example_sla_dag to 2026-03-15 18:30:00+00:00, run_after=2026-03-15 18:32:00+00:00
[2026-03-15T18:32:15.529+0000] {processor.py:183} INFO - Processing /home/airflow/.local/lib/python3.11/site-packages/airflow/example_dags/example_sla_dag.py took 0.072 seconds
[2026-03-15T18:33:09.430+0000] {processor.py:161} INFO - Started process (PID=158) to work on /home/airflow/.local/lib/python3.11/site-packages/airflow/example_dags/example_sla_dag.py
[2026-03-15T18:33:09.432+0000] {processor.py:830} INFO - Processing file /home/airflow/.local/lib/python3.11/site-packages/airflow/example_dags/example_sla_dag.py for tasks to queue
[2026-03-15T18:33:09.435+0000] {logging_mixin.py:188} INFO - [2026-03-15T18:33:09.434+0000] {dagbag.py:540} INFO - Filling up the DagBag from /home/airflow/.local/lib/python3.11/site-packages/airflow/example_dags/example_sla_dag.py
[2026-03-15T18:33:09.443+0000] {processor.py:840} INFO - DAG(s) 'example_sla_dag' retrieved from /home/airflow/.local/lib/python3.11/site-packages/airflow/example_dags/example_sla_dag.py
[2026-03-15T18:33:09.520+0000] {logging_mixin.py:188} INFO - [2026-03-15T18:33:09.519+0000] {dag.py:3047} INFO - Sync 1 DAGs
[2026-03-15T18:33:09.537+0000] {logging_mixin.py:188} INFO - [2026-03-15T18:33:09.537+0000] {dag.py:3834} INFO - Setting next_dagrun for example_sla_dag to 2026-03-15 18:30:00+00:00, run_after=2026-03-15 18:32:00+00:00
[2026-03-15T18:33:09.554+0000] {processor.py:183} INFO - Processing /home/airflow/.local/lib/python3.11/site-packages/airflow/example_dags/example_sla_dag.py took 0.127 seconds
[2026-03-15T18:34:06.017+0000] {processor.py:161} INFO - Started process (PID=218) to work on /home/airflow/.local/lib/python3.11/site-packages/airflow/example_dags/example_sla_dag.py
[2026-03-15T18:34:06.018+0000] {processor.py:830} INFO - Processing file /home/airflow/.local/lib/python3.11/site-packages/airflow/example_dags/example_sla_dag.py for tasks to queue
[2026-03-15T18:34:06.021+0000] {logging_mixin.py:188} INFO - [2026-03-15T18:34:06.020+0000] {dagbag.py:540} INFO - Filling up the DagBag from /home/airflow/.local/lib/python3.11/site-packages/airflow/example_dags/example_sla_dag.py
[2026-03-15T18:34:06.028+0000] {processor.py:840} INFO - DAG(s) 'example_sla_dag' retrieved from /home/airflow/.local/lib/python3.11/site-packages/airflow/example_dags/example_sla_dag.py
[2026-03-15T18:34:06.043+0000] {logging_mixin.py:188} INFO - [2026-03-15T18:34:06.043+0000] {dag.py:3047} INFO - Sync 1 DAGs
[2026-03-15T18:34:06.059+0000] {logging_mixin.py:188} INFO - [2026-03-15T18:34:06.059+0000] {dag.py:3834} INFO - Setting next_dagrun for example_sla_dag to 2026-03-15 18:32:00+00:00, run_after=2026-03-15 18:34:00+00:00
[2026-03-15T18:34:06.076+0000] {processor.py:183} INFO - Processing /home/airflow/.local/lib/python3.11/site-packages/airflow/example_dags/example_sla_dag.py took 0.061 seconds
[2026-03-15T18:34:36.230+0000] {processor.py:161} INFO - Started process (PID=274) to work on /home/airflow/.local/lib/python3.11/site-packages/airflow/example_dags/example_sla_dag.py
[2026-03-15T18:34:36.231+0000] {processor.py:830} INFO - Processing file /home/airflow/.local/lib/python3.11/site-packages/airflow/example_dags/example_sla_dag.py for tasks to queue
[2026-03-15T18:34:36.233+0000] {logging_mixin.py:188} INFO - [2026-03-15T18:34:36.233+0000] {dagbag.py:540} INFO - Filling up the DagBag from /home/airflow/.local/lib/python3.11/site-packages/airflow/example_dags/example_sla_dag.py
[2026-03-15T18:34:36.240+0000] {processor.py:840} INFO - DAG(s) 'example_sla_dag' retrieved from /home/airflow/.local/lib/python3.11/site-packages/airflow/example_dags/example_sla_dag.py
[2026-03-15T18:34:36.254+0000] {logging_mixin.py:188} INFO - [2026-03-15T18:34:36.254+0000] {dag.py:3047} INFO - Sync 1 DAGs
[2026-03-15T18:34:36.270+0000] {logging_mixin.py:188} INFO - [2026-03-15T18:34:36.270+0000] {dag.py:3834} INFO - Setting next_dagrun for example_sla_dag to 2026-03-15 18:32:00+00:00, run_after=2026-03-15 18:34:00+00:00
[2026-03-15T18:34:36.284+0000] {processor.py:183} INFO - Processing /home/airflow/.local/lib/python3.11/site-packages/airflow/example_dags/example_sla_dag.py took 0.056 seconds
[2026-03-15T18:34:42.895+0000] {processor.py:161} INFO - Started process (PID=40) to work on /home/airflow/.local/lib/python3.11/site-packages/airflow/example_dags/example_sla_dag.py
[2026-03-15T18:34:42.900+0000] {processor.py:830} INFO - Processing file /home/airflow/.local/lib/python3.11/site-packages/airflow/example_dags/example_sla_dag.py for tasks to queue
[2026-03-15T18:34:42.902+0000] {logging_mixin.py:188} INFO - [2026-03-15T18:34:42.902+0000] {dagbag.py:540} INFO - Filling up the DagBag from /home/airflow/.local/lib/python3.11/site-packages/airflow/example_dags/example_sla_dag.py
[2026-03-15T18:34:42.914+0000] {processor.py:840} INFO - DAG(s) 'example_sla_dag' retrieved from /home/airflow/.local/lib/python3.11/site-packages/airflow/example_dags/example_sla_dag.py
[2026-03-15T18:34:42.926+0000] {logging_mixin.py:188} INFO - [2026-03-15T18:34:42.926+0000] {dag.py:3047} INFO - Sync 1 DAGs
[2026-03-15T18:34:42.949+0000] {logging_mixin.py:188} INFO - [2026-03-15T18:34:42.949+0000] {dag.py:3834} INFO - Setting next_dagrun for example_sla_dag to 2026-03-15 18:32:00+00:00, run_after=2026-03-15 18:34:00+00:00
[2026-03-15T18:34:42.969+0000] {processor.py:183} INFO - Processing /home/airflow/.local/lib/python3.11/site-packages/airflow/example_dags/example_sla_dag.py took 0.077 seconds
[2026-03-15T18:34:47.302+0000] {processor.py:161} INFO - Started process (PID=90) to work on /home/airflow/.local/lib/python3.11/site-packages/airflow/example_dags/example_sla_dag.py
[2026-03-15T18:34:47.304+0000] {processor.py:830} INFO - Processing file /home/airflow/.local/lib/python3.11/site-packages/airflow/example_dags/example_sla_dag.py for tasks to queue
[2026-03-15T18:34:47.305+0000] {logging_mixin.py:188} INFO - [2026-03-15T18:34:47.305+0000] {dagbag.py:540} INFO - Filling up the DagBag from /home/airflow/.local/lib/python3.11/site-packages/airflow/example_dags/example_sla_dag.py
[2026-03-15T18:34:47.315+0000] {processor.py:840} INFO - DAG(s) 'example_sla_dag' retrieved from /home/airflow/.local/lib/python3.11/site-packages/airflow/example_dags/example_sla_dag.py
[2026-03-15T18:34:47.328+0000] {logging_mixin.py:188} INFO - [2026-03-15T18:34:47.328+0000] {dag.py:3047} INFO - Sync 1 DAGs
[2026-03-15T18:34:47.350+0000] {logging_mixin.py:188} INFO - [2026-03-15T18:34:47.349+0000] {dag.py:3834} INFO - Setting next_dagrun for example_sla_dag to 2026-03-15 18:32:00+00:00, run_after=2026-03-15 18:34:00+00:00
[2026-03-15T18:34:47.365+0000] {processor.py:183} INFO - Processing /home/airflow/.local/lib/python3.11/site-packages/airflow/example_dags/example_sla_dag.py took 0.066 seconds
[2026-03-15T18:35:17.568+0000] {processor.py:161} INFO - Started process (PID=146) to work on /home/airflow/.local/lib/python3.11/site-packages/airflow/example_dags/example_sla_dag.py
[2026-03-15T18:35:17.569+0000] {processor.py:830} INFO - Processing file /home/airflow/.local/lib/python3.11/site-packages/airflow/example_dags/example_sla_dag.py for tasks to queue
[2026-03-15T18:35:17.570+0000] {logging_mixin.py:188} INFO - [2026-03-15T18:35:17.570+0000] {dagbag.py:540} INFO - Filling up the DagBag from /home/airflow/.local/lib/python3.11/site-packages/airflow/example_dags/example_sla_dag.py
[2026-03-15T18:35:17.578+0000] {processor.py:840} INFO - DAG(s) 'example_sla_dag' retrieved from /home/airflow/.local/lib/python3.11/site-packages/airflow/example_dags/example_sla_dag.py
[2026-03-15T18:35:17.643+0000] {logging_mixin.py:188} INFO - [2026-03-15T18:35:17.643+0000] {dag.py:3047} INFO - Sync 1 DAGs
[2026-03-15T18:35:17.658+0000] {logging_mixin.py:188} INFO - [2026-03-15T18:35:17.658+0000] {dag.py:3834} INFO - Setting next_dagrun for example_sla_dag to 2026-03-15 18:32:00+00:00, run_after=2026-03-15 18:34:00+00:00
[2026-03-15T18:35:17.672+0000] {processor.py:183} INFO - Processing /home/airflow/.local/lib/python3.11/site-packages/airflow/example_dags/example_sla_dag.py took 0.107 seconds
[2026-03-15T18:39:27.058+0000] {processor.py:161} INFO - Started process (PID=52) to work on /home/airflow/.local/lib/python3.11/site-packages/airflow/example_dags/example_sla_dag.py
[2026-03-15T18:39:27.059+0000] {processor.py:830} INFO - Processing file /home/airflow/.local/lib/python3.11/site-packages/airflow/example_dags/example_sla_dag.py for tasks to queue
[2026-03-15T18:39:27.061+0000] {logging_mixin.py:188} INFO - [2026-03-15T18:39:27.061+0000] {dagbag.py:540} INFO - Filling up the DagBag from /home/airflow/.local/lib/python3.11/site-packages/airflow/example_dags/example_sla_dag.py
[2026-03-15T18:39:27.071+0000] {processor.py:840} INFO - DAG(s) 'example_sla_dag' retrieved from /home/airflow/.local/lib/python3.11/site-packages/airflow/example_dags/example_sla_dag.py
[2026-03-15T18:39:27.082+0000] {logging_mixin.py:188} INFO - [2026-03-15T18:39:27.082+0000] {dag.py:3047} INFO - Sync 1 DAGs
[2026-03-15T18:39:27.106+0000] {logging_mixin.py:188} INFO - [2026-03-15T18:39:27.106+0000] {dag.py:3834} INFO - Setting next_dagrun for example_sla_dag to 2026-03-15 18:36:00+00:00, run_after=2026-03-15 18:38:00+00:00
[2026-03-15T18:39:27.125+0000] {processor.py:183} INFO - Processing /home/airflow/.local/lib/python3.11/site-packages/airflow/example_dags/example_sla_dag.py took 0.070 seconds
[2026-03-15T18:39:57.217+0000] {processor.py:161} INFO - Started process (PID=111) to work on /home/airflow/.local/lib/python3.11/site-packages/airflow/example_dags/example_sla_dag.py
[2026-03-15T18:39:57.217+0000] {processor.py:830} INFO - Processing file /home/airflow/.local/lib/python3.11/site-packages/airflow/example_dags/example_sla_dag.py for tasks to queue
[2026-03-15T18:39:57.238+0000] {logging_mixin.py:188} INFO - [2026-03-15T18:39:57.219+0000] {dagbag.py:540} INFO - Filling up the DagBag from /home/airflow/.local/lib/python3.11/site-packages/airflow/example_dags/example_sla_dag.py
[2026-03-15T18:39:57.247+0000] {processor.py:840} INFO - DAG(s) 'example_sla_dag' retrieved from /home/airflow/.local/lib/python3.11/site-packages/airflow/example_dags/example_sla_dag.py
[2026-03-15T18:39:57.328+0000] {logging_mixin.py:188} INFO - [2026-03-15T18:39:57.328+0000] {dag.py:3047} INFO - Sync 1 DAGs
[2026-03-15T18:39:57.356+0000] {logging_mixin.py:188} INFO - [2026-03-15T18:39:57.356+0000] {dag.py:3834} INFO - Setting next_dagrun for example_sla_dag to 2026-03-15 18:36:00+00:00, run_after=2026-03-15 18:38:00+00:00
[2026-03-15T18:39:57.376+0000] {processor.py:183} INFO - Processing /home/airflow/.local/lib/python3.11/site-packages/airflow/example_dags/example_sla_dag.py took 0.162 seconds
[2026-03-15T18:40:46.923+0000] {processor.py:161} INFO - Started process (PID=118) to work on /home/airflow/.local/lib/python3.11/site-packages/airflow/example_dags/example_sla_dag.py
[2026-03-15T18:40:46.924+0000] {processor.py:830} INFO - Processing file /home/airflow/.local/lib/python3.11/site-packages/airflow/example_dags/example_sla_dag.py for tasks to queue
[2026-03-15T18:40:46.926+0000] {logging_mixin.py:188} INFO - [2026-03-15T18:40:46.926+0000] {dagbag.py:540} INFO - Filling up the DagBag from /home/airflow/.local/lib/python3.11/site-packages/airflow/example_dags/example_sla_dag.py
[2026-03-15T18:40:46.933+0000] {processor.py:840} INFO - DAG(s) 'example_sla_dag' retrieved from /home/airflow/.local/lib/python3.11/site-packages/airflow/example_dags/example_sla_dag.py
[2026-03-15T18:40:46.950+0000] {logging_mixin.py:188} INFO - [2026-03-15T18:40:46.950+0000] {dag.py:3047} INFO - Sync 1 DAGs
[2026-03-15T18:39:57.806+0000] {logging_mixin.py:188} INFO - [2026-03-15T18:39:57.806+0000] {dag.py:3834} INFO - Setting next_dagrun for example_sla_dag to 2026-03-15 18:36:00+00:00, run_after=2026-03-15 18:38:00+00:00
[2026-03-15T18:39:57.828+0000] {processor.py:183} INFO - Processing /home/airflow/.local/lib/python3.11/site-packages/airflow/example_dags/example_sla_dag.py took 0.071 seconds
[2026-03-15T18:41:16.770+0000] {processor.py:161} INFO - Started process (PID=168) to work on /home/airflow/.local/lib/python3.11/site-packages/airflow/example_dags/example_sla_dag.py
[2026-03-15T18:41:16.771+0000] {processor.py:830} INFO - Processing file /home/airflow/.local/lib/python3.11/site-packages/airflow/example_dags/example_sla_dag.py for tasks to queue
[2026-03-15T18:41:16.773+0000] {logging_mixin.py:188} INFO - [2026-03-15T18:41:16.773+0000] {dagbag.py:540} INFO - Filling up the DagBag from /home/airflow/.local/lib/python3.11/site-packages/airflow/example_dags/example_sla_dag.py
[2026-03-15T18:41:16.779+0000] {processor.py:840} INFO - DAG(s) 'example_sla_dag' retrieved from /home/airflow/.local/lib/python3.11/site-packages/airflow/example_dags/example_sla_dag.py
[2026-03-15T18:41:16.792+0000] {logging_mixin.py:188} INFO - [2026-03-15T18:41:16.792+0000] {dag.py:3047} INFO - Sync 1 DAGs
[2026-03-15T18:41:16.807+0000] {logging_mixin.py:188} INFO - [2026-03-15T18:41:16.807+0000] {dag.py:3834} INFO - Setting next_dagrun for example_sla_dag to 2026-03-15 18:38:00+00:00, run_after=2026-03-15 18:40:00+00:00
[2026-03-15T18:41:16.820+0000] {processor.py:183} INFO - Processing /home/airflow/.local/lib/python3.11/site-packages/airflow/example_dags/example_sla_dag.py took 0.053 seconds
[2026-03-15T18:41:47.057+0000] {processor.py:161} INFO - Started process (PID=435) to work on /home/airflow/.local/lib/python3.11/site-packages/airflow/example_dags/example_sla_dag.py
[2026-03-15T18:41:47.058+0000] {processor.py:830} INFO - Processing file /home/airflow/.local/lib/python3.11/site-packages/airflow/example_dags/example_sla_dag.py for tasks to queue
[2026-03-15T18:41:47.060+0000] {logging_mixin.py:188} INFO - [2026-03-15T18:41:47.060+0000] {dagbag.py:540} INFO - Filling up the DagBag from /home/airflow/.local/lib/python3.11/site-packages/airflow/example_dags/example_sla_dag.py
[2026-03-15T18:41:47.073+0000] {processor.py:840} INFO - DAG(s) 'example_sla_dag' retrieved from /home/airflow/.local/lib/python3.11/site-packages/airflow/example_dags/example_sla_dag.py
[2026-03-15T18:41:47.092+0000] {logging_mixin.py:188} INFO - [2026-03-15T18:41:47.092+0000] {dag.py:3047} INFO - Sync 1 DAGs
[2026-03-15T18:41:47.112+0000] {logging_mixin.py:188} INFO - [2026-03-15T18:41:47.112+0000] {dag.py:3834} INFO - Setting next_dagrun for example_sla_dag to 2026-03-15 18:38:00+00:00, run_after=2026-03-15 18:40:00+00:00
[2026-03-15T18:41:47.126+0000] {processor.py:183} INFO - Processing /home/airflow/.local/lib/python3.11/site-packages/airflow/example_dags/example_sla_dag.py took 0.072 seconds
[2026-03-15T18:42:17.720+0000] {processor.py:161} INFO - Started process (PID=491) to work on /home/airflow/.local/lib/python3.11/site-packages/airflow/example_dags/example_sla_dag.py
[2026-03-15T18:42:17.720+0000] {processor.py:830} INFO - Processing file /home/airflow/.local/lib/python3.11/site-packages/airflow/example_dags/example_sla_dag.py for tasks to queue
[2026-03-15T18:42:17.725+0000] {logging_mixin.py:188} INFO - [2026-03-15T18:42:17.723+0000] {dagbag.py:540} INFO - Filling up the DagBag from /home/airflow/.local/lib/python3.11/site-packages/airflow/example_dags/example_sla_dag.py
[2026-03-15T18:42:17.736+0000] {processor.py:840} INFO - DAG(s) 'example_sla_dag' retrieved from /home/airflow/.local/lib/python3.11/site-packages/airflow/example_dags/example_sla_dag.py
[2026-03-15T18:42:17.752+0000] {logging_mixin.py:188} INFO - [2026-03-15T18:42:17.752+0000] {dag.py:3047} INFO - Sync 1 DAGs
[2026-03-15T18:43:06.942+0000] {logging_mixin.py:188} INFO - [2026-03-15T18:43:06.942+0000] {dag.py:3834} INFO - Setting next_dagrun for example_sla_dag to 2026-03-15 18:40:00+00:00, run_after=2026-03-15 18:42:00+00:00
[2026-03-15T18:43:06.958+0000] {processor.py:183} INFO - Processing /home/airflow/.local/lib/python3.11/site-packages/airflow/example_dags/example_sla_dag.py took 0.070 seconds
[2026-03-15T18:44:22.180+0000] {processor.py:161} INFO - Started process (PID=684) to work on /home/airflow/.local/lib/python3.11/site-packages/airflow/example_dags/example_sla_dag.py
[2026-03-15T18:44:22.181+0000] {processor.py:830} INFO - Processing file /home/airflow/.local/lib/python3.11/site-packages/airflow/example_dags/example_sla_dag.py for tasks to queue
[2026-03-15T18:44:22.182+0000] {logging_mixin.py:188} INFO - [2026-03-15T18:44:22.182+0000] {dagbag.py:540} INFO - Filling up the DagBag from /home/airflow/.local/lib/python3.11/site-packages/airflow/example_dags/example_sla_dag.py
[2026-03-15T18:44:22.190+0000] {processor.py:840} INFO - DAG(s) 'example_sla_dag' retrieved from /home/airflow/.local/lib/python3.11/site-packages/airflow/example_dags/example_sla_dag.py
[2026-03-15T18:44:22.205+0000] {logging_mixin.py:188} INFO - [2026-03-15T18:44:22.205+0000] {dag.py:3047} INFO - Sync 1 DAGs
[2026-03-15T18:44:22.222+0000] {logging_mixin.py:188} INFO - [2026-03-15T18:44:22.222+0000] {dag.py:3834} INFO - Setting next_dagrun for example_sla_dag to 2026-03-15 18:42:00+00:00, run_after=2026-03-15 18:44:00+00:00
[2026-03-15T18:44:22.236+0000] {processor.py:183} INFO - Processing /home/airflow/.local/lib/python3.11/site-packages/airflow/example_dags/example_sla_dag.py took 0.060 seconds
[2026-03-15T18:44:47.142+0000] {processor.py:161} INFO - Started process (PID=840) to work on /home/airflow/.local/lib/python3.11/site-packages/airflow/example_dags/example_sla_dag.py
[2026-03-15T18:44:47.143+0000] {processor.py:830} INFO - Processing file /home/airflow/.local/lib/python3.11/site-packages/airflow/example_dags/example_sla_dag.py for tasks to queue
[2026-03-15T18:44:47.145+0000] {logging_mixin.py:188} INFO - [2026-03-15T18:44:47.145+0000] {dagbag.py:540} INFO - Filling up the DagBag from /home/airflow/.local/lib/python3.11/site-packages/airflow/example_dags/example_sla_dag.py
[2026-03-15T18:44:47.155+0000] {processor.py:840} INFO - DAG(s) 'example_sla_dag' retrieved from /home/airflow/.local/lib/python3.11/site-packages/airflow/example_dags/example_sla_dag.py
[2026-03-15T18:44:47.181+0000] {logging_mixin.py:188} INFO - [2026-03-15T18:44:47.181+0000] {dag.py:3047} INFO - Sync 1 DAGs
[2026-03-15T18:44:47.205+0000] {logging_mixin.py:188} INFO - [2026-03-15T18:44:47.205+0000] {dag.py:3834} INFO - Setting next_dagrun for example_sla_dag to 2026-03-15 18:42:00+00:00, run_after=2026-03-15 18:44:00+00:00
[2026-03-15T18:44:47.221+0000] {processor.py:183} INFO - Processing /home/airflow/.local/lib/python3.11/site-packages/airflow/example_dags/example_sla_dag.py took 0.083 seconds
