[2026-03-15T17:05:58.011+0000] {processor.py:161} INFO - Started process (PID=119) to work on /home/airflow/.local/lib/python3.11/site-packages/airflow/example_dags/example_datasets.py
[2026-03-15T17:05:58.013+0000] {processor.py:830} INFO - Processing file /home/airflow/.local/lib/python3.11/site-packages/airflow/example_dags/example_datasets.py for tasks to queue
[2026-03-15T17:05:58.015+0000] {logging_mixin.py:188} INFO - [2026-03-15T17:05:58.015+0000] {dagbag.py:540} INFO - Filling up the DagBag from /home/airflow/.local/lib/python3.11/site-packages/airflow/example_dags/example_datasets.py
[2026-03-15T17:05:58.027+0000] {processor.py:840} INFO - DAG(s) 'dataset_consumes_unknown_never_scheduled', 'dataset_produces_1', 'dataset_consumes_1_and_2', 'dataset_produces_2', 'dataset_consumes_1', 'dataset_consumes_1_never_scheduled' retrieved from /home/airflow/.local/lib/python3.11/site-packages/airflow/example_dags/example_datasets.py
[2026-03-15T17:05:58.165+0000] {logging_mixin.py:188} INFO - [2026-03-15T17:05:58.165+0000] {dag.py:3047} INFO - Sync 6 DAGs
[2026-03-15T17:05:58.180+0000] {logging_mixin.py:188} INFO - [2026-03-15T17:05:58.179+0000] {dag.py:3834} INFO - Setting next_dagrun for dataset_consumes_1 to None, run_after=None
[2026-03-15T17:05:58.182+0000] {logging_mixin.py:188} INFO - [2026-03-15T17:05:58.182+0000] {dag.py:3834} INFO - Setting next_dagrun for dataset_consumes_1_and_2 to None, run_after=None
[2026-03-15T17:05:58.183+0000] {logging_mixin.py:188} INFO - [2026-03-15T17:05:58.183+0000] {dag.py:3834} INFO - Setting next_dagrun for dataset_consumes_1_never_scheduled to None, run_after=None
[2026-03-15T17:05:58.185+0000] {logging_mixin.py:188} INFO - [2026-03-15T17:05:58.185+0000] {dag.py:3834} INFO - Setting next_dagrun for dataset_consumes_unknown_never_scheduled to None, run_after=None
[2026-03-15T17:05:58.187+0000] {logging_mixin.py:188} INFO - [2026-03-15T17:05:58.187+0000] {dag.py:3834} INFO - Setting next_dagrun for dataset_produces_1 to 2026-03-14 00:00:00+00:00, run_after=2026-03-15 00:00:00+00:00
[2026-03-15T17:05:58.188+0000] {logging_mixin.py:188} INFO - [2026-03-15T17:05:58.188+0000] {dag.py:3834} INFO - Setting next_dagrun for dataset_produces_2 to None, run_after=None
[2026-03-15T17:05:58.213+0000] {processor.py:183} INFO - Processing /home/airflow/.local/lib/python3.11/site-packages/airflow/example_dags/example_datasets.py took 0.205 seconds
[2026-03-15T17:05:44.837+0000] {processor.py:161} INFO - Started process (PID=220) to work on /home/airflow/.local/lib/python3.11/site-packages/airflow/example_dags/example_datasets.py
[2026-03-15T17:05:44.838+0000] {processor.py:830} INFO - Processing file /home/airflow/.local/lib/python3.11/site-packages/airflow/example_dags/example_datasets.py for tasks to queue
[2026-03-15T17:05:44.841+0000] {logging_mixin.py:188} INFO - [2026-03-15T17:05:44.841+0000] {dagbag.py:540} INFO - Filling up the DagBag from /home/airflow/.local/lib/python3.11/site-packages/airflow/example_dags/example_datasets.py
[2026-03-15T17:05:44.849+0000] {processor.py:840} INFO - DAG(s) 'dataset_consumes_1', 'dataset_consumes_1_never_scheduled', 'dataset_consumes_unknown_never_scheduled', 'dataset_produces_1', 'dataset_consumes_1_and_2', 'dataset_produces_2' retrieved from /home/airflow/.local/lib/python3.11/site-packages/airflow/example_dags/example_datasets.py
[2026-03-15T17:05:44.860+0000] {logging_mixin.py:188} INFO - [2026-03-15T17:05:44.860+0000] {dag.py:3047} INFO - Sync 6 DAGs
[2026-03-15T17:05:44.876+0000] {logging_mixin.py:188} INFO - [2026-03-15T17:05:44.876+0000] {dag.py:3834} INFO - Setting next_dagrun for dataset_consumes_1 to None, run_after=None
[2026-03-15T17:05:44.878+0000] {logging_mixin.py:188} INFO - [2026-03-15T17:05:44.878+0000] {dag.py:3834} INFO - Setting next_dagrun for dataset_consumes_1_and_2 to None, run_after=None
[2026-03-15T17:05:44.879+0000] {logging_mixin.py:188} INFO - [2026-03-15T17:05:44.879+0000] {dag.py:3834} INFO - Setting next_dagrun for dataset_consumes_1_never_scheduled to None, run_after=None
[2026-03-15T17:05:44.880+0000] {logging_mixin.py:188} INFO - [2026-03-15T17:05:44.880+0000] {dag.py:3834} INFO - Setting next_dagrun for dataset_consumes_unknown_never_scheduled to None, run_after=None
[2026-03-15T17:05:44.882+0000] {logging_mixin.py:188} INFO - [2026-03-15T17:05:44.882+0000] {dag.py:3834} INFO - Setting next_dagrun for dataset_produces_1 to 2026-03-14 00:00:00+00:00, run_after=2026-03-15 00:00:00+00:00
[2026-03-15T17:05:44.883+0000] {logging_mixin.py:188} INFO - [2026-03-15T17:05:44.882+0000] {dag.py:3834} INFO - Setting next_dagrun for dataset_produces_2 to None, run_after=None
[2026-03-15T17:05:44.902+0000] {processor.py:183} INFO - Processing /home/airflow/.local/lib/python3.11/site-packages/airflow/example_dags/example_datasets.py took 0.067 seconds
[2026-03-15T17:06:15.904+0000] {processor.py:161} INFO - Started process (PID=287) to work on /home/airflow/.local/lib/python3.11/site-packages/airflow/example_dags/example_datasets.py
[2026-03-15T17:06:15.905+0000] {processor.py:830} INFO - Processing file /home/airflow/.local/lib/python3.11/site-packages/airflow/example_dags/example_datasets.py for tasks to queue
[2026-03-15T17:06:15.907+0000] {logging_mixin.py:188} INFO - [2026-03-15T17:06:15.907+0000] {dagbag.py:540} INFO - Filling up the DagBag from /home/airflow/.local/lib/python3.11/site-packages/airflow/example_dags/example_datasets.py
[2026-03-15T17:06:15.915+0000] {processor.py:840} INFO - DAG(s) 'dataset_consumes_unknown_never_scheduled', 'dataset_produces_1', 'dataset_produces_2', 'dataset_consumes_1_never_scheduled', 'dataset_consumes_1', 'dataset_consumes_1_and_2' retrieved from /home/airflow/.local/lib/python3.11/site-packages/airflow/example_dags/example_datasets.py
[2026-03-15T17:06:15.926+0000] {logging_mixin.py:188} INFO - [2026-03-15T17:06:15.926+0000] {dag.py:3047} INFO - Sync 6 DAGs
[2026-03-15T17:06:15.942+0000] {logging_mixin.py:188} INFO - [2026-03-15T17:06:15.942+0000] {dag.py:3834} INFO - Setting next_dagrun for dataset_consumes_1 to None, run_after=None
[2026-03-15T17:06:15.945+0000] {logging_mixin.py:188} INFO - [2026-03-15T17:06:15.945+0000] {dag.py:3834} INFO - Setting next_dagrun for dataset_consumes_1_and_2 to None, run_after=None
[2026-03-15T17:06:15.946+0000] {logging_mixin.py:188} INFO - [2026-03-15T17:06:15.946+0000] {dag.py:3834} INFO - Setting next_dagrun for dataset_consumes_1_never_scheduled to None, run_after=None
[2026-03-15T17:06:15.947+0000] {logging_mixin.py:188} INFO - [2026-03-15T17:06:15.947+0000] {dag.py:3834} INFO - Setting next_dagrun for dataset_consumes_unknown_never_scheduled to None, run_after=None
[2026-03-15T17:06:15.948+0000] {logging_mixin.py:188} INFO - [2026-03-15T17:06:15.948+0000] {dag.py:3834} INFO - Setting next_dagrun for dataset_produces_1 to 2026-03-14 00:00:00+00:00, run_after=2026-03-15 00:00:00+00:00
[2026-03-15T17:06:15.949+0000] {logging_mixin.py:188} INFO - [2026-03-15T17:06:15.949+0000] {dag.py:3834} INFO - Setting next_dagrun for dataset_produces_2 to None, run_after=None
[2026-03-15T17:06:15.970+0000] {processor.py:183} INFO - Processing /home/airflow/.local/lib/python3.11/site-packages/airflow/example_dags/example_datasets.py took 0.069 seconds
[2026-03-15T17:06:20.912+0000] {processor.py:161} INFO - Started process (PID=333) to work on /home/airflow/.local/lib/python3.11/site-packages/airflow/example_dags/example_datasets.py
[2026-03-15T17:06:20.914+0000] {processor.py:830} INFO - Processing file /home/airflow/.local/lib/python3.11/site-packages/airflow/example_dags/example_datasets.py for tasks to queue
[2026-03-15T17:06:20.916+0000] {logging_mixin.py:188} INFO - [2026-03-15T17:06:20.915+0000] {dagbag.py:540} INFO - Filling up the DagBag from /home/airflow/.local/lib/python3.11/site-packages/airflow/example_dags/example_datasets.py
[2026-03-15T17:06:20.925+0000] {processor.py:840} INFO - DAG(s) 'dataset_consumes_1_never_scheduled', 'dataset_consumes_1_and_2', 'dataset_produces_2', 'dataset_produces_1', 'dataset_consumes_unknown_never_scheduled', 'dataset_consumes_1' retrieved from /home/airflow/.local/lib/python3.11/site-packages/airflow/example_dags/example_datasets.py
[2026-03-15T17:06:20.938+0000] {logging_mixin.py:188} INFO - [2026-03-15T17:06:20.938+0000] {dag.py:3047} INFO - Sync 6 DAGs
[2026-03-15T17:06:20.957+0000] {logging_mixin.py:188} INFO - [2026-03-15T17:06:20.957+0000] {dag.py:3834} INFO - Setting next_dagrun for dataset_consumes_1 to None, run_after=None
[2026-03-15T17:06:20.960+0000] {logging_mixin.py:188} INFO - [2026-03-15T17:06:20.960+0000] {dag.py:3834} INFO - Setting next_dagrun for dataset_consumes_1_and_2 to None, run_after=None
[2026-03-15T17:06:20.961+0000] {logging_mixin.py:188} INFO - [2026-03-15T17:06:20.961+0000] {dag.py:3834} INFO - Setting next_dagrun for dataset_consumes_1_never_scheduled to None, run_after=None
[2026-03-15T17:06:20.962+0000] {logging_mixin.py:188} INFO - [2026-03-15T17:06:20.962+0000] {dag.py:3834} INFO - Setting next_dagrun for dataset_consumes_unknown_never_scheduled to None, run_after=None
[2026-03-15T17:06:20.964+0000] {logging_mixin.py:188} INFO - [2026-03-15T17:06:20.964+0000] {dag.py:3834} INFO - Setting next_dagrun for dataset_produces_1 to 2026-03-14 00:00:00+00:00, run_after=2026-03-15 00:00:00+00:00
[2026-03-15T17:06:20.965+0000] {logging_mixin.py:188} INFO - [2026-03-15T17:06:20.965+0000] {dag.py:3834} INFO - Setting next_dagrun for dataset_produces_2 to None, run_after=None
[2026-03-15T17:06:20.990+0000] {processor.py:183} INFO - Processing /home/airflow/.local/lib/python3.11/site-packages/airflow/example_dags/example_datasets.py took 0.081 seconds
[2026-03-15T17:06:31.338+0000] {processor.py:161} INFO - Started process (PID=379) to work on /home/airflow/.local/lib/python3.11/site-packages/airflow/example_dags/example_datasets.py
[2026-03-15T17:06:31.338+0000] {processor.py:830} INFO - Processing file /home/airflow/.local/lib/python3.11/site-packages/airflow/example_dags/example_datasets.py for tasks to queue
[2026-03-15T17:06:31.340+0000] {logging_mixin.py:188} INFO - [2026-03-15T17:06:31.340+0000] {dagbag.py:540} INFO - Filling up the DagBag from /home/airflow/.local/lib/python3.11/site-packages/airflow/example_dags/example_datasets.py
[2026-03-15T17:06:31.347+0000] {processor.py:840} INFO - DAG(s) 'dataset_consumes_1_never_scheduled', 'dataset_consumes_1_and_2', 'dataset_consumes_unknown_never_scheduled', 'dataset_produces_2', 'dataset_produces_1', 'dataset_consumes_1' retrieved from /home/airflow/.local/lib/python3.11/site-packages/airflow/example_dags/example_datasets.py
[2026-03-15T17:06:31.370+0000] {logging_mixin.py:188} INFO - [2026-03-15T17:06:31.370+0000] {dag.py:3047} INFO - Sync 6 DAGs
[2026-03-15T17:06:31.384+0000] {logging_mixin.py:188} INFO - [2026-03-15T17:06:31.384+0000] {dag.py:3834} INFO - Setting next_dagrun for dataset_consumes_1 to None, run_after=None
[2026-03-15T17:06:31.386+0000] {logging_mixin.py:188} INFO - [2026-03-15T17:06:31.386+0000] {dag.py:3834} INFO - Setting next_dagrun for dataset_consumes_1_and_2 to None, run_after=None
[2026-03-15T17:06:31.387+0000] {logging_mixin.py:188} INFO - [2026-03-15T17:06:31.387+0000] {dag.py:3834} INFO - Setting next_dagrun for dataset_consumes_1_never_scheduled to None, run_after=None
[2026-03-15T17:06:31.388+0000] {logging_mixin.py:188} INFO - [2026-03-15T17:06:31.388+0000] {dag.py:3834} INFO - Setting next_dagrun for dataset_consumes_unknown_never_scheduled to None, run_after=None
[2026-03-15T17:06:31.390+0000] {logging_mixin.py:188} INFO - [2026-03-15T17:06:31.389+0000] {dag.py:3834} INFO - Setting next_dagrun for dataset_produces_1 to 2026-03-14 00:00:00+00:00, run_after=2026-03-15 00:00:00+00:00
[2026-03-15T17:06:31.390+0000] {logging_mixin.py:188} INFO - [2026-03-15T17:06:31.390+0000] {dag.py:3834} INFO - Setting next_dagrun for dataset_produces_2 to None, run_after=None
[2026-03-15T17:06:31.412+0000] {processor.py:183} INFO - Processing /home/airflow/.local/lib/python3.11/site-packages/airflow/example_dags/example_datasets.py took 0.077 seconds
[2026-03-15T17:07:35.839+0000] {processor.py:161} INFO - Started process (PID=435) to work on /home/airflow/.local/lib/python3.11/site-packages/airflow/example_dags/example_datasets.py
[2026-03-15T17:07:35.839+0000] {processor.py:830} INFO - Processing file /home/airflow/.local/lib/python3.11/site-packages/airflow/example_dags/example_datasets.py for tasks to queue
[2026-03-15T17:07:35.841+0000] {logging_mixin.py:188} INFO - [2026-03-15T17:07:35.841+0000] {dagbag.py:540} INFO - Filling up the DagBag from /home/airflow/.local/lib/python3.11/site-packages/airflow/example_dags/example_datasets.py
[2026-03-15T17:07:35.848+0000] {processor.py:840} INFO - DAG(s) 'dataset_consumes_1_never_scheduled', 'dataset_consumes_1', 'dataset_produces_1', 'dataset_consumes_unknown_never_scheduled', 'dataset_produces_2', 'dataset_consumes_1_and_2' retrieved from /home/airflow/.local/lib/python3.11/site-packages/airflow/example_dags/example_datasets.py
[2026-03-15T17:07:35.873+0000] {logging_mixin.py:188} INFO - [2026-03-15T17:07:35.873+0000] {dag.py:3047} INFO - Sync 6 DAGs
[2026-03-15T17:07:35.889+0000] {logging_mixin.py:188} INFO - [2026-03-15T17:07:35.889+0000] {dag.py:3834} INFO - Setting next_dagrun for dataset_consumes_1 to None, run_after=None
[2026-03-15T17:07:35.891+0000] {logging_mixin.py:188} INFO - [2026-03-15T17:07:35.891+0000] {dag.py:3834} INFO - Setting next_dagrun for dataset_consumes_1_and_2 to None, run_after=None
[2026-03-15T17:07:35.892+0000] {logging_mixin.py:188} INFO - [2026-03-15T17:07:35.892+0000] {dag.py:3834} INFO - Setting next_dagrun for dataset_consumes_1_never_scheduled to None, run_after=None
[2026-03-15T17:07:35.893+0000] {logging_mixin.py:188} INFO - [2026-03-15T17:07:35.893+0000] {dag.py:3834} INFO - Setting next_dagrun for dataset_consumes_unknown_never_scheduled to None, run_after=None
[2026-03-15T17:07:35.895+0000] {logging_mixin.py:188} INFO - [2026-03-15T17:07:35.895+0000] {dag.py:3834} INFO - Setting next_dagrun for dataset_produces_1 to 2026-03-14 00:00:00+00:00, run_after=2026-03-15 00:00:00+00:00
[2026-03-15T17:07:35.896+0000] {logging_mixin.py:188} INFO - [2026-03-15T17:07:35.895+0000] {dag.py:3834} INFO - Setting next_dagrun for dataset_produces_2 to None, run_after=None
[2026-03-15T17:07:35.916+0000] {processor.py:183} INFO - Processing /home/airflow/.local/lib/python3.11/site-packages/airflow/example_dags/example_datasets.py took 0.080 seconds
[2026-03-15T17:07:20.978+0000] {processor.py:161} INFO - Started process (PID=491) to work on /home/airflow/.local/lib/python3.11/site-packages/airflow/example_dags/example_datasets.py
[2026-03-15T17:07:20.979+0000] {processor.py:830} INFO - Processing file /home/airflow/.local/lib/python3.11/site-packages/airflow/example_dags/example_datasets.py for tasks to queue
[2026-03-15T17:07:20.981+0000] {logging_mixin.py:188} INFO - [2026-03-15T17:07:20.980+0000] {dagbag.py:540} INFO - Filling up the DagBag from /home/airflow/.local/lib/python3.11/site-packages/airflow/example_dags/example_datasets.py
[2026-03-15T17:07:20.988+0000] {processor.py:840} INFO - DAG(s) 'dataset_produces_1', 'dataset_consumes_1', 'dataset_consumes_1_and_2', 'dataset_consumes_unknown_never_scheduled', 'dataset_produces_2', 'dataset_consumes_1_never_scheduled' retrieved from /home/airflow/.local/lib/python3.11/site-packages/airflow/example_dags/example_datasets.py
[2026-03-15T17:07:21.012+0000] {logging_mixin.py:188} INFO - [2026-03-15T17:07:21.011+0000] {dag.py:3047} INFO - Sync 6 DAGs
[2026-03-15T17:07:21.028+0000] {logging_mixin.py:188} INFO - [2026-03-15T17:07:21.027+0000] {dag.py:3834} INFO - Setting next_dagrun for dataset_consumes_1 to None, run_after=None
[2026-03-15T17:07:21.030+0000] {logging_mixin.py:188} INFO - [2026-03-15T17:07:21.030+0000] {dag.py:3834} INFO - Setting next_dagrun for dataset_consumes_1_and_2 to None, run_after=None
[2026-03-15T17:07:21.031+0000] {logging_mixin.py:188} INFO - [2026-03-15T17:07:21.031+0000] {dag.py:3834} INFO - Setting next_dagrun for dataset_consumes_1_never_scheduled to None, run_after=None
[2026-03-15T17:07:21.032+0000] {logging_mixin.py:188} INFO - [2026-03-15T17:07:21.032+0000] {dag.py:3834} INFO - Setting next_dagrun for dataset_consumes_unknown_never_scheduled to None, run_after=None
[2026-03-15T17:07:21.033+0000] {logging_mixin.py:188} INFO - [2026-03-15T17:07:21.033+0000] {dag.py:3834} INFO - Setting next_dagrun for dataset_produces_1 to 2026-03-14 00:00:00+00:00, run_after=2026-03-15 00:00:00+00:00
[2026-03-15T17:07:21.034+0000] {logging_mixin.py:188} INFO - [2026-03-15T17:07:21.034+0000] {dag.py:3834} INFO - Setting next_dagrun for dataset_produces_2 to None, run_after=None
[2026-03-15T17:07:21.057+0000] {processor.py:183} INFO - Processing /home/airflow/.local/lib/python3.11/site-packages/airflow/example_dags/example_datasets.py took 0.082 seconds
[2026-03-15T17:07:26.439+0000] {processor.py:161} INFO - Started process (PID=537) to work on /home/airflow/.local/lib/python3.11/site-packages/airflow/example_dags/example_datasets.py
[2026-03-15T17:07:26.441+0000] {processor.py:830} INFO - Processing file /home/airflow/.local/lib/python3.11/site-packages/airflow/example_dags/example_datasets.py for tasks to queue
[2026-03-15T17:07:26.444+0000] {logging_mixin.py:188} INFO - [2026-03-15T17:07:26.443+0000] {dagbag.py:540} INFO - Filling up the DagBag from /home/airflow/.local/lib/python3.11/site-packages/airflow/example_dags/example_datasets.py
[2026-03-15T17:07:26.453+0000] {processor.py:840} INFO - DAG(s) 'dataset_consumes_unknown_never_scheduled', 'dataset_consumes_1', 'dataset_produces_2', 'dataset_consumes_1_never_scheduled', 'dataset_produces_1', 'dataset_consumes_1_and_2' retrieved from /home/airflow/.local/lib/python3.11/site-packages/airflow/example_dags/example_datasets.py
[2026-03-15T17:07:26.487+0000] {logging_mixin.py:188} INFO - [2026-03-15T17:07:26.487+0000] {dag.py:3047} INFO - Sync 6 DAGs
[2026-03-15T17:07:26.509+0000] {logging_mixin.py:188} INFO - [2026-03-15T17:07:26.509+0000] {dag.py:3834} INFO - Setting next_dagrun for dataset_consumes_1 to None, run_after=None
[2026-03-15T17:07:26.514+0000] {logging_mixin.py:188} INFO - [2026-03-15T17:07:26.514+0000] {dag.py:3834} INFO - Setting next_dagrun for dataset_consumes_1_and_2 to None, run_after=None
[2026-03-15T17:07:26.516+0000] {logging_mixin.py:188} INFO - [2026-03-15T17:07:26.516+0000] {dag.py:3834} INFO - Setting next_dagrun for dataset_consumes_1_never_scheduled to None, run_after=None
[2026-03-15T17:07:26.517+0000] {logging_mixin.py:188} INFO - [2026-03-15T17:07:26.517+0000] {dag.py:3834} INFO - Setting next_dagrun for dataset_consumes_unknown_never_scheduled to None, run_after=None
[2026-03-15T17:07:26.519+0000] {logging_mixin.py:188} INFO - [2026-03-15T17:07:26.519+0000] {dag.py:3834} INFO - Setting next_dagrun for dataset_produces_1 to 2026-03-14 00:00:00+00:00, run_after=2026-03-15 00:00:00+00:00
[2026-03-15T17:07:26.520+0000] {logging_mixin.py:188} INFO - [2026-03-15T17:07:26.520+0000] {dag.py:3834} INFO - Setting next_dagrun for dataset_produces_2 to None, run_after=None
[2026-03-15T17:07:26.552+0000] {processor.py:183} INFO - Processing /home/airflow/.local/lib/python3.11/site-packages/airflow/example_dags/example_datasets.py took 0.117 seconds
[2026-03-15T17:08:21.104+0000] {processor.py:161} INFO - Started process (PID=589) to work on /home/airflow/.local/lib/python3.11/site-packages/airflow/example_dags/example_datasets.py
[2026-03-15T17:08:21.105+0000] {processor.py:830} INFO - Processing file /home/airflow/.local/lib/python3.11/site-packages/airflow/example_dags/example_datasets.py for tasks to queue
[2026-03-15T17:08:21.108+0000] {logging_mixin.py:188} INFO - [2026-03-15T17:08:21.107+0000] {dagbag.py:540} INFO - Filling up the DagBag from /home/airflow/.local/lib/python3.11/site-packages/airflow/example_dags/example_datasets.py
[2026-03-15T17:08:21.121+0000] {processor.py:840} INFO - DAG(s) 'dataset_consumes_1', 'dataset_produces_1', 'dataset_consumes_1_never_scheduled', 'dataset_consumes_unknown_never_scheduled', 'dataset_produces_2', 'dataset_consumes_1_and_2' retrieved from /home/airflow/.local/lib/python3.11/site-packages/airflow/example_dags/example_datasets.py
[2026-03-15T17:08:21.150+0000] {logging_mixin.py:188} INFO - [2026-03-15T17:08:21.149+0000] {dag.py:3047} INFO - Sync 6 DAGs
[2026-03-15T17:08:21.164+0000] {logging_mixin.py:188} INFO - [2026-03-15T17:08:21.164+0000] {dag.py:3834} INFO - Setting next_dagrun for dataset_consumes_1 to None, run_after=None
[2026-03-15T17:08:21.167+0000] {logging_mixin.py:188} INFO - [2026-03-15T17:08:21.167+0000] {dag.py:3834} INFO - Setting next_dagrun for dataset_consumes_1_and_2 to None, run_after=None
[2026-03-15T17:08:21.168+0000] {logging_mixin.py:188} INFO - [2026-03-15T17:08:21.167+0000] {dag.py:3834} INFO - Setting next_dagrun for dataset_consumes_1_never_scheduled to None, run_after=None
[2026-03-15T17:08:21.168+0000] {logging_mixin.py:188} INFO - [2026-03-15T17:08:21.168+0000] {dag.py:3834} INFO - Setting next_dagrun for dataset_consumes_unknown_never_scheduled to None, run_after=None
[2026-03-15T17:08:21.170+0000] {logging_mixin.py:188} INFO - [2026-03-15T17:08:21.170+0000] {dag.py:3834} INFO - Setting next_dagrun for dataset_produces_1 to 2026-03-14 00:00:00+00:00, run_after=2026-03-15 00:00:00+00:00
[2026-03-15T17:08:21.171+0000] {logging_mixin.py:188} INFO - [2026-03-15T17:08:21.171+0000] {dag.py:3834} INFO - Setting next_dagrun for dataset_produces_2 to None, run_after=None
[2026-03-15T17:08:21.194+0000] {processor.py:183} INFO - Processing /home/airflow/.local/lib/python3.11/site-packages/airflow/example_dags/example_datasets.py took 0.094 seconds
[2026-03-15T17:14:20.397+0000] {processor.py:161} INFO - Started process (PID=110) to work on /home/airflow/.local/lib/python3.11/site-packages/airflow/example_dags/example_datasets.py
[2026-03-15T17:14:20.399+0000] {processor.py:830} INFO - Processing file /home/airflow/.local/lib/python3.11/site-packages/airflow/example_dags/example_datasets.py for tasks to queue
[2026-03-15T17:14:20.401+0000] {logging_mixin.py:188} INFO - [2026-03-15T17:14:20.400+0000] {dagbag.py:540} INFO - Filling up the DagBag from /home/airflow/.local/lib/python3.11/site-packages/airflow/example_dags/example_datasets.py
[2026-03-15T17:14:20.410+0000] {processor.py:840} INFO - DAG(s) 'dataset_produces_1', 'dataset_consumes_1_and_2', 'dataset_produces_2', 'dataset_consumes_1', 'dataset_consumes_unknown_never_scheduled', 'dataset_consumes_1_never_scheduled' retrieved from /home/airflow/.local/lib/python3.11/site-packages/airflow/example_dags/example_datasets.py
[2026-03-15T17:14:20.439+0000] {logging_mixin.py:188} INFO - [2026-03-15T17:14:20.439+0000] {dag.py:3047} INFO - Sync 6 DAGs
[2026-03-15T17:14:20.458+0000] {logging_mixin.py:188} INFO - [2026-03-15T17:14:20.457+0000] {dag.py:3834} INFO - Setting next_dagrun for dataset_consumes_1 to None, run_after=None
[2026-03-15T17:14:20.460+0000] {logging_mixin.py:188} INFO - [2026-03-15T17:14:20.460+0000] {dag.py:3834} INFO - Setting next_dagrun for dataset_consumes_1_and_2 to None, run_after=None
[2026-03-15T17:14:20.461+0000] {logging_mixin.py:188} INFO - [2026-03-15T17:14:20.461+0000] {dag.py:3834} INFO - Setting next_dagrun for dataset_consumes_1_never_scheduled to None, run_after=None
[2026-03-15T17:14:20.462+0000] {logging_mixin.py:188} INFO - [2026-03-15T17:14:20.462+0000] {dag.py:3834} INFO - Setting next_dagrun for dataset_consumes_unknown_never_scheduled to None, run_after=None
[2026-03-15T17:14:20.464+0000] {logging_mixin.py:188} INFO - [2026-03-15T17:14:20.464+0000] {dag.py:3834} INFO - Setting next_dagrun for dataset_produces_1 to 2026-03-14 00:00:00+00:00, run_after=2026-03-15 00:00:00+00:00
[2026-03-15T17:14:20.465+0000] {logging_mixin.py:188} INFO - [2026-03-15T17:14:20.465+0000] {dag.py:3834} INFO - Setting next_dagrun for dataset_produces_2 to None, run_after=None
[2026-03-15T17:14:20.487+0000] {processor.py:183} INFO - Processing /home/airflow/.local/lib/python3.11/site-packages/airflow/example_dags/example_datasets.py took 0.093 seconds
[2026-03-15T17:14:50.799+0000] {processor.py:161} INFO - Started process (PID=161) to work on /home/airflow/.local/lib/python3.11/site-packages/airflow/example_dags/example_datasets.py
[2026-03-15T17:14:50.801+0000] {processor.py:830} INFO - Processing file /home/airflow/.local/lib/python3.11/site-packages/airflow/example_dags/example_datasets.py for tasks to queue
[2026-03-15T17:14:50.803+0000] {logging_mixin.py:188} INFO - [2026-03-15T17:14:50.803+0000] {dagbag.py:540} INFO - Filling up the DagBag from /home/airflow/.local/lib/python3.11/site-packages/airflow/example_dags/example_datasets.py
[2026-03-15T17:14:50.812+0000] {processor.py:840} INFO - DAG(s) 'dataset_consumes_1_never_scheduled', 'dataset_consumes_unknown_never_scheduled', 'dataset_produces_1', 'dataset_consumes_1', 'dataset_consumes_1_and_2', 'dataset_produces_2' retrieved from /home/airflow/.local/lib/python3.11/site-packages/airflow/example_dags/example_datasets.py
[2026-03-15T17:14:50.848+0000] {logging_mixin.py:188} INFO - [2026-03-15T17:14:50.848+0000] {dag.py:3047} INFO - Sync 6 DAGs
[2026-03-15T17:14:50.873+0000] {logging_mixin.py:188} INFO - [2026-03-15T17:14:50.873+0000] {dag.py:3834} INFO - Setting next_dagrun for dataset_consumes_1 to None, run_after=None
[2026-03-15T17:14:50.876+0000] {logging_mixin.py:188} INFO - [2026-03-15T17:14:50.876+0000] {dag.py:3834} INFO - Setting next_dagrun for dataset_consumes_1_and_2 to None, run_after=None
[2026-03-15T17:14:50.878+0000] {logging_mixin.py:188} INFO - [2026-03-15T17:14:50.877+0000] {dag.py:3834} INFO - Setting next_dagrun for dataset_consumes_1_never_scheduled to None, run_after=None
[2026-03-15T17:14:50.879+0000] {logging_mixin.py:188} INFO - [2026-03-15T17:14:50.879+0000] {dag.py:3834} INFO - Setting next_dagrun for dataset_consumes_unknown_never_scheduled to None, run_after=None
[2026-03-15T17:14:50.881+0000] {logging_mixin.py:188} INFO - [2026-03-15T17:14:50.881+0000] {dag.py:3834} INFO - Setting next_dagrun for dataset_produces_1 to 2026-03-14 00:00:00+00:00, run_after=2026-03-15 00:00:00+00:00
[2026-03-15T17:14:50.882+0000] {logging_mixin.py:188} INFO - [2026-03-15T17:14:50.882+0000] {dag.py:3834} INFO - Setting next_dagrun for dataset_produces_2 to None, run_after=None
[2026-03-15T17:14:50.945+0000] {processor.py:183} INFO - Processing /home/airflow/.local/lib/python3.11/site-packages/airflow/example_dags/example_datasets.py took 0.149 seconds
[2026-03-15T17:15:07.812+0000] {processor.py:161} INFO - Started process (PID=211) to work on /home/airflow/.local/lib/python3.11/site-packages/airflow/example_dags/example_datasets.py
[2026-03-15T17:15:07.813+0000] {processor.py:830} INFO - Processing file /home/airflow/.local/lib/python3.11/site-packages/airflow/example_dags/example_datasets.py for tasks to queue
[2026-03-15T17:15:07.816+0000] {logging_mixin.py:188} INFO - [2026-03-15T17:15:07.816+0000] {dagbag.py:540} INFO - Filling up the DagBag from /home/airflow/.local/lib/python3.11/site-packages/airflow/example_dags/example_datasets.py
[2026-03-15T17:15:07.825+0000] {processor.py:840} INFO - DAG(s) 'dataset_consumes_1_and_2', 'dataset_consumes_1', 'dataset_consumes_unknown_never_scheduled', 'dataset_produces_1', 'dataset_produces_2', 'dataset_consumes_1_never_scheduled' retrieved from /home/airflow/.local/lib/python3.11/site-packages/airflow/example_dags/example_datasets.py
[2026-03-15T17:15:07.856+0000] {logging_mixin.py:188} INFO - [2026-03-15T17:15:07.856+0000] {dag.py:3047} INFO - Sync 6 DAGs
[2026-03-15T17:15:07.873+0000] {logging_mixin.py:188} INFO - [2026-03-15T17:15:07.872+0000] {dag.py:3834} INFO - Setting next_dagrun for dataset_consumes_1 to None, run_after=None
[2026-03-15T17:15:07.875+0000] {logging_mixin.py:188} INFO - [2026-03-15T17:15:07.875+0000] {dag.py:3834} INFO - Setting next_dagrun for dataset_consumes_1_and_2 to None, run_after=None
[2026-03-15T17:15:07.876+0000] {logging_mixin.py:188} INFO - [2026-03-15T17:15:07.876+0000] {dag.py:3834} INFO - Setting next_dagrun for dataset_consumes_1_never_scheduled to None, run_after=None
[2026-03-15T17:15:07.877+0000] {logging_mixin.py:188} INFO - [2026-03-15T17:15:07.877+0000] {dag.py:3834} INFO - Setting next_dagrun for dataset_consumes_unknown_never_scheduled to None, run_after=None
[2026-03-15T17:15:07.879+0000] {logging_mixin.py:188} INFO - [2026-03-15T17:15:07.879+0000] {dag.py:3834} INFO - Setting next_dagrun for dataset_produces_1 to 2026-03-14 00:00:00+00:00, run_after=2026-03-15 00:00:00+00:00
[2026-03-15T17:15:07.880+0000] {logging_mixin.py:188} INFO - [2026-03-15T17:15:07.879+0000] {dag.py:3834} INFO - Setting next_dagrun for dataset_produces_2 to None, run_after=None
[2026-03-15T17:15:07.903+0000] {processor.py:183} INFO - Processing /home/airflow/.local/lib/python3.11/site-packages/airflow/example_dags/example_datasets.py took 0.095 seconds
[2026-03-15T17:15:37.588+0000] {processor.py:161} INFO - Started process (PID=264) to work on /home/airflow/.local/lib/python3.11/site-packages/airflow/example_dags/example_datasets.py
[2026-03-15T17:15:37.589+0000] {processor.py:830} INFO - Processing file /home/airflow/.local/lib/python3.11/site-packages/airflow/example_dags/example_datasets.py for tasks to queue
[2026-03-15T17:15:37.591+0000] {logging_mixin.py:188} INFO - [2026-03-15T17:15:37.591+0000] {dagbag.py:540} INFO - Filling up the DagBag from /home/airflow/.local/lib/python3.11/site-packages/airflow/example_dags/example_datasets.py
[2026-03-15T17:15:37.600+0000] {processor.py:840} INFO - DAG(s) 'dataset_consumes_1_and_2', 'dataset_consumes_unknown_never_scheduled', 'dataset_produces_1', 'dataset_consumes_1', 'dataset_consumes_1_never_scheduled', 'dataset_produces_2' retrieved from /home/airflow/.local/lib/python3.11/site-packages/airflow/example_dags/example_datasets.py
[2026-03-15T17:15:37.641+0000] {logging_mixin.py:188} INFO - [2026-03-15T17:15:37.641+0000] {dag.py:3047} INFO - Sync 6 DAGs
[2026-03-15T17:15:37.660+0000] {logging_mixin.py:188} INFO - [2026-03-15T17:15:37.660+0000] {dag.py:3834} INFO - Setting next_dagrun for dataset_consumes_1 to None, run_after=None
[2026-03-15T17:15:37.663+0000] {logging_mixin.py:188} INFO - [2026-03-15T17:15:37.663+0000] {dag.py:3834} INFO - Setting next_dagrun for dataset_consumes_1_and_2 to None, run_after=None
[2026-03-15T17:15:37.664+0000] {logging_mixin.py:188} INFO - [2026-03-15T17:15:37.664+0000] {dag.py:3834} INFO - Setting next_dagrun for dataset_consumes_1_never_scheduled to None, run_after=None
[2026-03-15T17:15:37.665+0000] {logging_mixin.py:188} INFO - [2026-03-15T17:15:37.665+0000] {dag.py:3834} INFO - Setting next_dagrun for dataset_consumes_unknown_never_scheduled to None, run_after=None
[2026-03-15T17:15:37.666+0000] {logging_mixin.py:188} INFO - [2026-03-15T17:15:37.666+0000] {dag.py:3834} INFO - Setting next_dagrun for dataset_produces_1 to 2026-03-14 00:00:00+00:00, run_after=2026-03-15 00:00:00+00:00
[2026-03-15T17:15:37.667+0000] {logging_mixin.py:188} INFO - [2026-03-15T17:15:37.667+0000] {dag.py:3834} INFO - Setting next_dagrun for dataset_produces_2 to None, run_after=None
[2026-03-15T17:15:37.687+0000] {processor.py:183} INFO - Processing /home/airflow/.local/lib/python3.11/site-packages/airflow/example_dags/example_datasets.py took 0.104 seconds
[2026-03-15T17:16:08.015+0000] {processor.py:161} INFO - Started process (PID=314) to work on /home/airflow/.local/lib/python3.11/site-packages/airflow/example_dags/example_datasets.py
[2026-03-15T17:16:08.016+0000] {processor.py:830} INFO - Processing file /home/airflow/.local/lib/python3.11/site-packages/airflow/example_dags/example_datasets.py for tasks to queue
[2026-03-15T17:16:08.018+0000] {logging_mixin.py:188} INFO - [2026-03-15T17:16:08.018+0000] {dagbag.py:540} INFO - Filling up the DagBag from /home/airflow/.local/lib/python3.11/site-packages/airflow/example_dags/example_datasets.py
[2026-03-15T17:16:08.026+0000] {processor.py:840} INFO - DAG(s) 'dataset_produces_1', 'dataset_consumes_unknown_never_scheduled', 'dataset_consumes_1', 'dataset_consumes_1_never_scheduled', 'dataset_consumes_1_and_2', 'dataset_produces_2' retrieved from /home/airflow/.local/lib/python3.11/site-packages/airflow/example_dags/example_datasets.py
[2026-03-15T17:16:08.050+0000] {logging_mixin.py:188} INFO - [2026-03-15T17:16:08.050+0000] {dag.py:3047} INFO - Sync 6 DAGs
[2026-03-15T17:16:08.065+0000] {logging_mixin.py:188} INFO - [2026-03-15T17:16:08.065+0000] {dag.py:3834} INFO - Setting next_dagrun for dataset_consumes_1 to None, run_after=None
[2026-03-15T17:16:08.068+0000] {logging_mixin.py:188} INFO - [2026-03-15T17:16:08.067+0000] {dag.py:3834} INFO - Setting next_dagrun for dataset_consumes_1_and_2 to None, run_after=None
[2026-03-15T17:16:08.072+0000] {logging_mixin.py:188} INFO - [2026-03-15T17:16:08.072+0000] {dag.py:3834} INFO - Setting next_dagrun for dataset_consumes_1_never_scheduled to None, run_after=None
[2026-03-15T17:16:08.073+0000] {logging_mixin.py:188} INFO - [2026-03-15T17:16:08.073+0000] {dag.py:3834} INFO - Setting next_dagrun for dataset_consumes_unknown_never_scheduled to None, run_after=None
[2026-03-15T17:16:08.075+0000] {logging_mixin.py:188} INFO - [2026-03-15T17:16:08.075+0000] {dag.py:3834} INFO - Setting next_dagrun for dataset_produces_1 to 2026-03-14 00:00:00+00:00, run_after=2026-03-15 00:00:00+00:00
[2026-03-15T17:16:08.076+0000] {logging_mixin.py:188} INFO - [2026-03-15T17:16:08.076+0000] {dag.py:3834} INFO - Setting next_dagrun for dataset_produces_2 to None, run_after=None
[2026-03-15T17:16:08.099+0000] {processor.py:183} INFO - Processing /home/airflow/.local/lib/python3.11/site-packages/airflow/example_dags/example_datasets.py took 0.087 seconds
[2026-03-15T17:16:37.584+0000] {processor.py:161} INFO - Started process (PID=373) to work on /home/airflow/.local/lib/python3.11/site-packages/airflow/example_dags/example_datasets.py
[2026-03-15T17:16:37.585+0000] {processor.py:830} INFO - Processing file /home/airflow/.local/lib/python3.11/site-packages/airflow/example_dags/example_datasets.py for tasks to queue
[2026-03-15T17:16:37.587+0000] {logging_mixin.py:188} INFO - [2026-03-15T17:16:37.586+0000] {dagbag.py:540} INFO - Filling up the DagBag from /home/airflow/.local/lib/python3.11/site-packages/airflow/example_dags/example_datasets.py
[2026-03-15T17:16:37.594+0000] {processor.py:840} INFO - DAG(s) 'dataset_produces_1', 'dataset_consumes_1_and_2', 'dataset_consumes_1_never_scheduled', 'dataset_produces_2', 'dataset_consumes_unknown_never_scheduled', 'dataset_consumes_1' retrieved from /home/airflow/.local/lib/python3.11/site-packages/airflow/example_dags/example_datasets.py
[2026-03-15T17:16:37.620+0000] {logging_mixin.py:188} INFO - [2026-03-15T17:16:37.620+0000] {dag.py:3047} INFO - Sync 6 DAGs
[2026-03-15T17:16:37.636+0000] {logging_mixin.py:188} INFO - [2026-03-15T17:16:37.635+0000] {dag.py:3834} INFO - Setting next_dagrun for dataset_consumes_1 to None, run_after=None
[2026-03-15T17:16:37.639+0000] {logging_mixin.py:188} INFO - [2026-03-15T17:16:37.638+0000] {dag.py:3834} INFO - Setting next_dagrun for dataset_consumes_1_and_2 to None, run_after=None
[2026-03-15T17:16:37.640+0000] {logging_mixin.py:188} INFO - [2026-03-15T17:16:37.640+0000] {dag.py:3834} INFO - Setting next_dagrun for dataset_consumes_1_never_scheduled to None, run_after=None
[2026-03-15T17:16:37.641+0000] {logging_mixin.py:188} INFO - [2026-03-15T17:16:37.641+0000] {dag.py:3834} INFO - Setting next_dagrun for dataset_consumes_unknown_never_scheduled to None, run_after=None
[2026-03-15T17:16:37.642+0000] {logging_mixin.py:188} INFO - [2026-03-15T17:16:37.642+0000] {dag.py:3834} INFO - Setting next_dagrun for dataset_produces_1 to 2026-03-14 00:00:00+00:00, run_after=2026-03-15 00:00:00+00:00
[2026-03-15T17:16:37.643+0000] {logging_mixin.py:188} INFO - [2026-03-15T17:16:37.643+0000] {dag.py:3834} INFO - Setting next_dagrun for dataset_produces_2 to None, run_after=None
[2026-03-15T17:16:37.666+0000] {processor.py:183} INFO - Processing /home/airflow/.local/lib/python3.11/site-packages/airflow/example_dags/example_datasets.py took 0.085 seconds
[2026-03-15T17:16:41.731+0000] {processor.py:161} INFO - Started process (PID=423) to work on /home/airflow/.local/lib/python3.11/site-packages/airflow/example_dags/example_datasets.py
[2026-03-15T17:16:41.732+0000] {processor.py:830} INFO - Processing file /home/airflow/.local/lib/python3.11/site-packages/airflow/example_dags/example_datasets.py for tasks to queue
[2026-03-15T17:16:41.736+0000] {logging_mixin.py:188} INFO - [2026-03-15T17:16:41.735+0000] {dagbag.py:540} INFO - Filling up the DagBag from /home/airflow/.local/lib/python3.11/site-packages/airflow/example_dags/example_datasets.py
[2026-03-15T17:16:41.744+0000] {processor.py:840} INFO - DAG(s) 'dataset_consumes_1_and_2', 'dataset_produces_1', 'dataset_consumes_1_never_scheduled', 'dataset_produces_2', 'dataset_consumes_1', 'dataset_consumes_unknown_never_scheduled' retrieved from /home/airflow/.local/lib/python3.11/site-packages/airflow/example_dags/example_datasets.py
[2026-03-15T17:16:41.768+0000] {logging_mixin.py:188} INFO - [2026-03-15T17:16:41.768+0000] {dag.py:3047} INFO - Sync 6 DAGs
[2026-03-15T17:16:41.784+0000] {logging_mixin.py:188} INFO - [2026-03-15T17:16:41.783+0000] {dag.py:3834} INFO - Setting next_dagrun for dataset_consumes_1 to None, run_after=None
[2026-03-15T17:16:41.786+0000] {logging_mixin.py:188} INFO - [2026-03-15T17:16:41.786+0000] {dag.py:3834} INFO - Setting next_dagrun for dataset_consumes_1_and_2 to None, run_after=None
[2026-03-15T17:16:41.788+0000] {logging_mixin.py:188} INFO - [2026-03-15T17:16:41.787+0000] {dag.py:3834} INFO - Setting next_dagrun for dataset_consumes_1_never_scheduled to None, run_after=None
[2026-03-15T17:16:41.788+0000] {logging_mixin.py:188} INFO - [2026-03-15T17:16:41.788+0000] {dag.py:3834} INFO - Setting next_dagrun for dataset_consumes_unknown_never_scheduled to None, run_after=None
[2026-03-15T17:16:41.790+0000] {logging_mixin.py:188} INFO - [2026-03-15T17:16:41.790+0000] {dag.py:3834} INFO - Setting next_dagrun for dataset_produces_1 to 2026-03-14 00:00:00+00:00, run_after=2026-03-15 00:00:00+00:00
[2026-03-15T17:16:41.791+0000] {logging_mixin.py:188} INFO - [2026-03-15T17:16:41.791+0000] {dag.py:3834} INFO - Setting next_dagrun for dataset_produces_2 to None, run_after=None
[2026-03-15T17:16:41.813+0000] {processor.py:183} INFO - Processing /home/airflow/.local/lib/python3.11/site-packages/airflow/example_dags/example_datasets.py took 0.085 seconds
[2026-03-15T17:17:12.281+0000] {processor.py:161} INFO - Started process (PID=479) to work on /home/airflow/.local/lib/python3.11/site-packages/airflow/example_dags/example_datasets.py
[2026-03-15T17:17:12.282+0000] {processor.py:830} INFO - Processing file /home/airflow/.local/lib/python3.11/site-packages/airflow/example_dags/example_datasets.py for tasks to queue
[2026-03-15T17:17:12.284+0000] {logging_mixin.py:188} INFO - [2026-03-15T17:17:12.284+0000] {dagbag.py:540} INFO - Filling up the DagBag from /home/airflow/.local/lib/python3.11/site-packages/airflow/example_dags/example_datasets.py
[2026-03-15T17:17:12.297+0000] {processor.py:840} INFO - DAG(s) 'dataset_consumes_1_never_scheduled', 'dataset_consumes_1_and_2', 'dataset_consumes_1', 'dataset_produces_1', 'dataset_produces_2', 'dataset_consumes_unknown_never_scheduled' retrieved from /home/airflow/.local/lib/python3.11/site-packages/airflow/example_dags/example_datasets.py
[2026-03-15T17:17:12.337+0000] {logging_mixin.py:188} INFO - [2026-03-15T17:17:12.337+0000] {dag.py:3047} INFO - Sync 6 DAGs
[2026-03-15T17:17:12.362+0000] {logging_mixin.py:188} INFO - [2026-03-15T17:17:12.361+0000] {dag.py:3834} INFO - Setting next_dagrun for dataset_consumes_1 to None, run_after=None
[2026-03-15T17:17:12.366+0000] {logging_mixin.py:188} INFO - [2026-03-15T17:17:12.366+0000] {dag.py:3834} INFO - Setting next_dagrun for dataset_consumes_1_and_2 to None, run_after=None
[2026-03-15T17:17:12.368+0000] {logging_mixin.py:188} INFO - [2026-03-15T17:17:12.368+0000] {dag.py:3834} INFO - Setting next_dagrun for dataset_consumes_1_never_scheduled to None, run_after=None
[2026-03-15T17:17:12.370+0000] {logging_mixin.py:188} INFO - [2026-03-15T17:17:12.370+0000] {dag.py:3834} INFO - Setting next_dagrun for dataset_consumes_unknown_never_scheduled to None, run_after=None
[2026-03-15T17:17:12.374+0000] {logging_mixin.py:188} INFO - [2026-03-15T17:17:12.374+0000] {dag.py:3834} INFO - Setting next_dagrun for dataset_produces_1 to 2026-03-14 00:00:00+00:00, run_after=2026-03-15 00:00:00+00:00
[2026-03-15T17:17:12.377+0000] {logging_mixin.py:188} INFO - [2026-03-15T17:17:12.377+0000] {dag.py:3834} INFO - Setting next_dagrun for dataset_produces_2 to None, run_after=None
[2026-03-15T17:17:12.410+0000] {processor.py:183} INFO - Processing /home/airflow/.local/lib/python3.11/site-packages/airflow/example_dags/example_datasets.py took 0.133 seconds
[2026-03-15T17:17:17.048+0000] {processor.py:161} INFO - Started process (PID=529) to work on /home/airflow/.local/lib/python3.11/site-packages/airflow/example_dags/example_datasets.py
[2026-03-15T17:17:17.049+0000] {processor.py:830} INFO - Processing file /home/airflow/.local/lib/python3.11/site-packages/airflow/example_dags/example_datasets.py for tasks to queue
[2026-03-15T17:17:17.051+0000] {logging_mixin.py:188} INFO - [2026-03-15T17:17:17.051+0000] {dagbag.py:540} INFO - Filling up the DagBag from /home/airflow/.local/lib/python3.11/site-packages/airflow/example_dags/example_datasets.py
[2026-03-15T17:17:17.061+0000] {processor.py:840} INFO - DAG(s) 'dataset_produces_2', 'dataset_consumes_1_never_scheduled', 'dataset_produces_1', 'dataset_consumes_unknown_never_scheduled', 'dataset_consumes_1_and_2', 'dataset_consumes_1' retrieved from /home/airflow/.local/lib/python3.11/site-packages/airflow/example_dags/example_datasets.py
[2026-03-15T17:17:17.092+0000] {logging_mixin.py:188} INFO - [2026-03-15T17:17:17.092+0000] {dag.py:3047} INFO - Sync 6 DAGs
[2026-03-15T17:17:17.108+0000] {logging_mixin.py:188} INFO - [2026-03-15T17:17:17.108+0000] {dag.py:3834} INFO - Setting next_dagrun for dataset_consumes_1 to None, run_after=None
[2026-03-15T17:17:17.111+0000] {logging_mixin.py:188} INFO - [2026-03-15T17:17:17.111+0000] {dag.py:3834} INFO - Setting next_dagrun for dataset_consumes_1_and_2 to None, run_after=None
[2026-03-15T17:17:17.112+0000] {logging_mixin.py:188} INFO - [2026-03-15T17:17:17.112+0000] {dag.py:3834} INFO - Setting next_dagrun for dataset_consumes_1_never_scheduled to None, run_after=None
[2026-03-15T17:17:17.113+0000] {logging_mixin.py:188} INFO - [2026-03-15T17:17:17.113+0000] {dag.py:3834} INFO - Setting next_dagrun for dataset_consumes_unknown_never_scheduled to None, run_after=None
[2026-03-15T17:17:17.115+0000] {logging_mixin.py:188} INFO - [2026-03-15T17:17:17.115+0000] {dag.py:3834} INFO - Setting next_dagrun for dataset_produces_1 to 2026-03-14 00:00:00+00:00, run_after=2026-03-15 00:00:00+00:00
[2026-03-15T17:17:17.117+0000] {logging_mixin.py:188} INFO - [2026-03-15T17:17:17.116+0000] {dag.py:3834} INFO - Setting next_dagrun for dataset_produces_2 to None, run_after=None
[2026-03-15T17:17:17.156+0000] {processor.py:183} INFO - Processing /home/airflow/.local/lib/python3.11/site-packages/airflow/example_dags/example_datasets.py took 0.111 seconds
[2026-03-15T17:17:37.694+0000] {processor.py:161} INFO - Started process (PID=585) to work on /home/airflow/.local/lib/python3.11/site-packages/airflow/example_dags/example_datasets.py
[2026-03-15T17:17:37.695+0000] {processor.py:830} INFO - Processing file /home/airflow/.local/lib/python3.11/site-packages/airflow/example_dags/example_datasets.py for tasks to queue
[2026-03-15T17:17:37.697+0000] {logging_mixin.py:188} INFO - [2026-03-15T17:17:37.697+0000] {dagbag.py:540} INFO - Filling up the DagBag from /home/airflow/.local/lib/python3.11/site-packages/airflow/example_dags/example_datasets.py
[2026-03-15T17:17:37.705+0000] {processor.py:840} INFO - DAG(s) 'dataset_consumes_1_and_2', 'dataset_consumes_unknown_never_scheduled', 'dataset_consumes_1', 'dataset_produces_1', 'dataset_produces_2', 'dataset_consumes_1_never_scheduled' retrieved from /home/airflow/.local/lib/python3.11/site-packages/airflow/example_dags/example_datasets.py
[2026-03-15T17:17:37.732+0000] {logging_mixin.py:188} INFO - [2026-03-15T17:17:37.731+0000] {dag.py:3047} INFO - Sync 6 DAGs
[2026-03-15T17:17:37.751+0000] {logging_mixin.py:188} INFO - [2026-03-15T17:17:37.751+0000] {dag.py:3834} INFO - Setting next_dagrun for dataset_consumes_1 to None, run_after=None
[2026-03-15T17:17:37.755+0000] {logging_mixin.py:188} INFO - [2026-03-15T17:17:37.755+0000] {dag.py:3834} INFO - Setting next_dagrun for dataset_consumes_1_and_2 to None, run_after=None
[2026-03-15T17:17:37.757+0000] {logging_mixin.py:188} INFO - [2026-03-15T17:17:37.757+0000] {dag.py:3834} INFO - Setting next_dagrun for dataset_consumes_1_never_scheduled to None, run_after=None
[2026-03-15T17:17:37.759+0000] {logging_mixin.py:188} INFO - [2026-03-15T17:17:37.758+0000] {dag.py:3834} INFO - Setting next_dagrun for dataset_consumes_unknown_never_scheduled to None, run_after=None
[2026-03-15T17:17:37.764+0000] {logging_mixin.py:188} INFO - [2026-03-15T17:17:37.763+0000] {dag.py:3834} INFO - Setting next_dagrun for dataset_produces_1 to 2026-03-14 00:00:00+00:00, run_after=2026-03-15 00:00:00+00:00
[2026-03-15T17:17:37.767+0000] {logging_mixin.py:188} INFO - [2026-03-15T17:17:37.766+0000] {dag.py:3834} INFO - Setting next_dagrun for dataset_produces_2 to None, run_after=None
[2026-03-15T17:17:37.802+0000] {processor.py:183} INFO - Processing /home/airflow/.local/lib/python3.11/site-packages/airflow/example_dags/example_datasets.py took 0.111 seconds
[2026-03-15T17:18:07.971+0000] {processor.py:161} INFO - Started process (PID=639) to work on /home/airflow/.local/lib/python3.11/site-packages/airflow/example_dags/example_datasets.py
[2026-03-15T17:18:07.972+0000] {processor.py:830} INFO - Processing file /home/airflow/.local/lib/python3.11/site-packages/airflow/example_dags/example_datasets.py for tasks to queue
[2026-03-15T17:18:07.974+0000] {logging_mixin.py:188} INFO - [2026-03-15T17:18:07.973+0000] {dagbag.py:540} INFO - Filling up the DagBag from /home/airflow/.local/lib/python3.11/site-packages/airflow/example_dags/example_datasets.py
[2026-03-15T17:18:07.981+0000] {processor.py:840} INFO - DAG(s) 'dataset_consumes_1_never_scheduled', 'dataset_consumes_1_and_2', 'dataset_consumes_unknown_never_scheduled', 'dataset_consumes_1', 'dataset_produces_2', 'dataset_produces_1' retrieved from /home/airflow/.local/lib/python3.11/site-packages/airflow/example_dags/example_datasets.py
[2026-03-15T17:18:08.005+0000] {logging_mixin.py:188} INFO - [2026-03-15T17:18:08.004+0000] {dag.py:3047} INFO - Sync 6 DAGs
[2026-03-15T17:18:08.021+0000] {logging_mixin.py:188} INFO - [2026-03-15T17:18:08.021+0000] {dag.py:3834} INFO - Setting next_dagrun for dataset_consumes_1 to None, run_after=None
[2026-03-15T17:18:08.024+0000] {logging_mixin.py:188} INFO - [2026-03-15T17:18:08.024+0000] {dag.py:3834} INFO - Setting next_dagrun for dataset_consumes_1_and_2 to None, run_after=None
[2026-03-15T17:18:08.025+0000] {logging_mixin.py:188} INFO - [2026-03-15T17:18:08.025+0000] {dag.py:3834} INFO - Setting next_dagrun for dataset_consumes_1_never_scheduled to None, run_after=None
[2026-03-15T17:18:08.026+0000] {logging_mixin.py:188} INFO - [2026-03-15T17:18:08.026+0000] {dag.py:3834} INFO - Setting next_dagrun for dataset_consumes_unknown_never_scheduled to None, run_after=None
[2026-03-15T17:18:08.027+0000] {logging_mixin.py:188} INFO - [2026-03-15T17:18:08.027+0000] {dag.py:3834} INFO - Setting next_dagrun for dataset_produces_1 to 2026-03-14 00:00:00+00:00, run_after=2026-03-15 00:00:00+00:00
[2026-03-15T17:18:08.028+0000] {logging_mixin.py:188} INFO - [2026-03-15T17:18:08.028+0000] {dag.py:3834} INFO - Setting next_dagrun for dataset_produces_2 to None, run_after=None
[2026-03-15T17:18:08.050+0000] {processor.py:183} INFO - Processing /home/airflow/.local/lib/python3.11/site-packages/airflow/example_dags/example_datasets.py took 0.083 seconds
[2026-03-15T17:18:44.396+0000] {processor.py:161} INFO - Started process (PID=693) to work on /home/airflow/.local/lib/python3.11/site-packages/airflow/example_dags/example_datasets.py
[2026-03-15T17:18:44.397+0000] {processor.py:830} INFO - Processing file /home/airflow/.local/lib/python3.11/site-packages/airflow/example_dags/example_datasets.py for tasks to queue
[2026-03-15T17:18:44.399+0000] {logging_mixin.py:188} INFO - [2026-03-15T17:18:44.399+0000] {dagbag.py:540} INFO - Filling up the DagBag from /home/airflow/.local/lib/python3.11/site-packages/airflow/example_dags/example_datasets.py
[2026-03-15T17:18:44.408+0000] {processor.py:840} INFO - DAG(s) 'dataset_consumes_1_and_2', 'dataset_consumes_unknown_never_scheduled', 'dataset_produces_1', 'dataset_consumes_1_never_scheduled', 'dataset_produces_2', 'dataset_consumes_1' retrieved from /home/airflow/.local/lib/python3.11/site-packages/airflow/example_dags/example_datasets.py
[2026-03-15T17:18:44.434+0000] {logging_mixin.py:188} INFO - [2026-03-15T17:18:44.433+0000] {dag.py:3047} INFO - Sync 6 DAGs
[2026-03-15T17:18:44.482+0000] {logging_mixin.py:188} INFO - [2026-03-15T17:18:44.481+0000] {dag.py:3834} INFO - Setting next_dagrun for dataset_consumes_1 to None, run_after=None
[2026-03-15T17:18:44.484+0000] {logging_mixin.py:188} INFO - [2026-03-15T17:18:44.484+0000] {dag.py:3834} INFO - Setting next_dagrun for dataset_consumes_1_and_2 to None, run_after=None
[2026-03-15T17:18:44.485+0000] {logging_mixin.py:188} INFO - [2026-03-15T17:18:44.485+0000] {dag.py:3834} INFO - Setting next_dagrun for dataset_consumes_1_never_scheduled to None, run_after=None
[2026-03-15T17:18:44.487+0000] {logging_mixin.py:188} INFO - [2026-03-15T17:18:44.487+0000] {dag.py:3834} INFO - Setting next_dagrun for dataset_consumes_unknown_never_scheduled to None, run_after=None
[2026-03-15T17:18:44.489+0000] {logging_mixin.py:188} INFO - [2026-03-15T17:18:44.489+0000] {dag.py:3834} INFO - Setting next_dagrun for dataset_produces_1 to 2026-03-14 00:00:00+00:00, run_after=2026-03-15 00:00:00+00:00
[2026-03-15T17:18:44.490+0000] {logging_mixin.py:188} INFO - [2026-03-15T17:18:44.490+0000] {dag.py:3834} INFO - Setting next_dagrun for dataset_produces_2 to None, run_after=None
[2026-03-15T17:18:45.233+0000] {processor.py:183} INFO - Processing /home/airflow/.local/lib/python3.11/site-packages/airflow/example_dags/example_datasets.py took 0.840 seconds
[2026-03-15T17:19:07.379+0000] {processor.py:161} INFO - Started process (PID=748) to work on /home/airflow/.local/lib/python3.11/site-packages/airflow/example_dags/example_datasets.py
[2026-03-15T17:19:07.380+0000] {processor.py:830} INFO - Processing file /home/airflow/.local/lib/python3.11/site-packages/airflow/example_dags/example_datasets.py for tasks to queue
[2026-03-15T17:19:07.382+0000] {logging_mixin.py:188} INFO - [2026-03-15T17:19:07.382+0000] {dagbag.py:540} INFO - Filling up the DagBag from /home/airflow/.local/lib/python3.11/site-packages/airflow/example_dags/example_datasets.py
[2026-03-15T17:19:07.392+0000] {processor.py:840} INFO - DAG(s) 'dataset_produces_2', 'dataset_produces_1', 'dataset_consumes_1', 'dataset_consumes_unknown_never_scheduled', 'dataset_consumes_1_and_2', 'dataset_consumes_1_never_scheduled' retrieved from /home/airflow/.local/lib/python3.11/site-packages/airflow/example_dags/example_datasets.py
[2026-03-15T17:19:07.405+0000] {logging_mixin.py:188} INFO - [2026-03-15T17:19:07.404+0000] {dag.py:3047} INFO - Sync 6 DAGs
[2026-03-15T17:19:07.423+0000] {logging_mixin.py:188} INFO - [2026-03-15T17:19:07.423+0000] {dag.py:3834} INFO - Setting next_dagrun for dataset_consumes_1 to None, run_after=None
[2026-03-15T17:19:07.426+0000] {logging_mixin.py:188} INFO - [2026-03-15T17:19:07.426+0000] {dag.py:3834} INFO - Setting next_dagrun for dataset_consumes_1_and_2 to None, run_after=None
[2026-03-15T17:19:07.427+0000] {logging_mixin.py:188} INFO - [2026-03-15T17:19:07.427+0000] {dag.py:3834} INFO - Setting next_dagrun for dataset_consumes_1_never_scheduled to None, run_after=None
[2026-03-15T17:19:07.428+0000] {logging_mixin.py:188} INFO - [2026-03-15T17:19:07.428+0000] {dag.py:3834} INFO - Setting next_dagrun for dataset_consumes_unknown_never_scheduled to None, run_after=None
[2026-03-15T17:19:07.430+0000] {logging_mixin.py:188} INFO - [2026-03-15T17:19:07.430+0000] {dag.py:3834} INFO - Setting next_dagrun for dataset_produces_1 to 2026-03-14 00:00:00+00:00, run_after=2026-03-15 00:00:00+00:00
[2026-03-15T17:19:07.431+0000] {logging_mixin.py:188} INFO - [2026-03-15T17:19:07.431+0000] {dag.py:3834} INFO - Setting next_dagrun for dataset_produces_2 to None, run_after=None
[2026-03-15T17:19:07.453+0000] {processor.py:183} INFO - Processing /home/airflow/.local/lib/python3.11/site-packages/airflow/example_dags/example_datasets.py took 0.077 seconds
[2026-03-15T17:19:10.503+0000] {processor.py:161} INFO - Started process (PID=794) to work on /home/airflow/.local/lib/python3.11/site-packages/airflow/example_dags/example_datasets.py
[2026-03-15T17:19:10.504+0000] {processor.py:830} INFO - Processing file /home/airflow/.local/lib/python3.11/site-packages/airflow/example_dags/example_datasets.py for tasks to queue
[2026-03-15T17:19:10.506+0000] {logging_mixin.py:188} INFO - [2026-03-15T17:19:10.505+0000] {dagbag.py:540} INFO - Filling up the DagBag from /home/airflow/.local/lib/python3.11/site-packages/airflow/example_dags/example_datasets.py
[2026-03-15T17:19:10.515+0000] {processor.py:840} INFO - DAG(s) 'dataset_consumes_1_never_scheduled', 'dataset_consumes_1', 'dataset_produces_1', 'dataset_produces_2', 'dataset_consumes_unknown_never_scheduled', 'dataset_consumes_1_and_2' retrieved from /home/airflow/.local/lib/python3.11/site-packages/airflow/example_dags/example_datasets.py
[2026-03-15T17:19:10.533+0000] {logging_mixin.py:188} INFO - [2026-03-15T17:19:10.532+0000] {dag.py:3047} INFO - Sync 6 DAGs
[2026-03-15T17:19:10.552+0000] {logging_mixin.py:188} INFO - [2026-03-15T17:19:10.552+0000] {dag.py:3834} INFO - Setting next_dagrun for dataset_consumes_1 to None, run_after=None
[2026-03-15T17:19:10.554+0000] {logging_mixin.py:188} INFO - [2026-03-15T17:19:10.554+0000] {dag.py:3834} INFO - Setting next_dagrun for dataset_consumes_1_and_2 to None, run_after=None
[2026-03-15T17:19:10.555+0000] {logging_mixin.py:188} INFO - [2026-03-15T17:19:10.555+0000] {dag.py:3834} INFO - Setting next_dagrun for dataset_consumes_1_never_scheduled to None, run_after=None
[2026-03-15T17:19:10.556+0000] {logging_mixin.py:188} INFO - [2026-03-15T17:19:10.556+0000] {dag.py:3834} INFO - Setting next_dagrun for dataset_consumes_unknown_never_scheduled to None, run_after=None
[2026-03-15T17:19:10.558+0000] {logging_mixin.py:188} INFO - [2026-03-15T17:19:10.558+0000] {dag.py:3834} INFO - Setting next_dagrun for dataset_produces_1 to 2026-03-14 00:00:00+00:00, run_after=2026-03-15 00:00:00+00:00
[2026-03-15T17:19:10.559+0000] {logging_mixin.py:188} INFO - [2026-03-15T17:19:10.559+0000] {dag.py:3834} INFO - Setting next_dagrun for dataset_produces_2 to None, run_after=None
[2026-03-15T17:19:10.580+0000] {processor.py:183} INFO - Processing /home/airflow/.local/lib/python3.11/site-packages/airflow/example_dags/example_datasets.py took 0.080 seconds
[2026-03-15T17:19:15.725+0000] {processor.py:161} INFO - Started process (PID=839) to work on /home/airflow/.local/lib/python3.11/site-packages/airflow/example_dags/example_datasets.py
[2026-03-15T17:19:15.726+0000] {processor.py:830} INFO - Processing file /home/airflow/.local/lib/python3.11/site-packages/airflow/example_dags/example_datasets.py for tasks to queue
[2026-03-15T17:19:15.729+0000] {logging_mixin.py:188} INFO - [2026-03-15T17:19:15.728+0000] {dagbag.py:540} INFO - Filling up the DagBag from /home/airflow/.local/lib/python3.11/site-packages/airflow/example_dags/example_datasets.py
[2026-03-15T17:19:15.736+0000] {processor.py:840} INFO - DAG(s) 'dataset_consumes_1_never_scheduled', 'dataset_consumes_1', 'dataset_consumes_1_and_2', 'dataset_produces_2', 'dataset_produces_1', 'dataset_consumes_unknown_never_scheduled' retrieved from /home/airflow/.local/lib/python3.11/site-packages/airflow/example_dags/example_datasets.py
[2026-03-15T17:19:15.747+0000] {logging_mixin.py:188} INFO - [2026-03-15T17:19:15.747+0000] {dag.py:3047} INFO - Sync 6 DAGs
[2026-03-15T17:19:15.764+0000] {logging_mixin.py:188} INFO - [2026-03-15T17:19:15.763+0000] {dag.py:3834} INFO - Setting next_dagrun for dataset_consumes_1 to None, run_after=None
[2026-03-15T17:19:15.766+0000] {logging_mixin.py:188} INFO - [2026-03-15T17:19:15.766+0000] {dag.py:3834} INFO - Setting next_dagrun for dataset_consumes_1_and_2 to None, run_after=None
[2026-03-15T17:19:15.767+0000] {logging_mixin.py:188} INFO - [2026-03-15T17:19:15.767+0000] {dag.py:3834} INFO - Setting next_dagrun for dataset_consumes_1_never_scheduled to None, run_after=None
[2026-03-15T17:19:15.768+0000] {logging_mixin.py:188} INFO - [2026-03-15T17:19:15.768+0000] {dag.py:3834} INFO - Setting next_dagrun for dataset_consumes_unknown_never_scheduled to None, run_after=None
[2026-03-15T17:19:15.769+0000] {logging_mixin.py:188} INFO - [2026-03-15T17:19:15.769+0000] {dag.py:3834} INFO - Setting next_dagrun for dataset_produces_1 to 2026-03-14 00:00:00+00:00, run_after=2026-03-15 00:00:00+00:00
[2026-03-15T17:19:15.770+0000] {logging_mixin.py:188} INFO - [2026-03-15T17:19:15.770+0000] {dag.py:3834} INFO - Setting next_dagrun for dataset_produces_2 to None, run_after=None
[2026-03-15T17:19:15.791+0000] {processor.py:183} INFO - Processing /home/airflow/.local/lib/python3.11/site-packages/airflow/example_dags/example_datasets.py took 0.068 seconds
[2026-03-15T17:19:20.842+0000] {processor.py:161} INFO - Started process (PID=890) to work on /home/airflow/.local/lib/python3.11/site-packages/airflow/example_dags/example_datasets.py
[2026-03-15T17:19:20.843+0000] {processor.py:830} INFO - Processing file /home/airflow/.local/lib/python3.11/site-packages/airflow/example_dags/example_datasets.py for tasks to queue
[2026-03-15T17:19:20.845+0000] {logging_mixin.py:188} INFO - [2026-03-15T17:19:20.845+0000] {dagbag.py:540} INFO - Filling up the DagBag from /home/airflow/.local/lib/python3.11/site-packages/airflow/example_dags/example_datasets.py
[2026-03-15T17:19:20.852+0000] {processor.py:840} INFO - DAG(s) 'dataset_produces_2', 'dataset_consumes_1_and_2', 'dataset_consumes_1_never_scheduled', 'dataset_consumes_1', 'dataset_consumes_unknown_never_scheduled', 'dataset_produces_1' retrieved from /home/airflow/.local/lib/python3.11/site-packages/airflow/example_dags/example_datasets.py
[2026-03-15T17:19:20.864+0000] {logging_mixin.py:188} INFO - [2026-03-15T17:19:20.863+0000] {dag.py:3047} INFO - Sync 6 DAGs
[2026-03-15T17:19:20.878+0000] {logging_mixin.py:188} INFO - [2026-03-15T17:19:20.878+0000] {dag.py:3834} INFO - Setting next_dagrun for dataset_consumes_1 to None, run_after=None
[2026-03-15T17:19:20.881+0000] {logging_mixin.py:188} INFO - [2026-03-15T17:19:20.880+0000] {dag.py:3834} INFO - Setting next_dagrun for dataset_consumes_1_and_2 to None, run_after=None
[2026-03-15T17:19:20.882+0000] {logging_mixin.py:188} INFO - [2026-03-15T17:19:20.881+0000] {dag.py:3834} INFO - Setting next_dagrun for dataset_consumes_1_never_scheduled to None, run_after=None
[2026-03-15T17:19:20.882+0000] {logging_mixin.py:188} INFO - [2026-03-15T17:19:20.882+0000] {dag.py:3834} INFO - Setting next_dagrun for dataset_consumes_unknown_never_scheduled to None, run_after=None
[2026-03-15T17:19:20.884+0000] {logging_mixin.py:188} INFO - [2026-03-15T17:19:20.884+0000] {dag.py:3834} INFO - Setting next_dagrun for dataset_produces_1 to 2026-03-14 00:00:00+00:00, run_after=2026-03-15 00:00:00+00:00
[2026-03-15T17:19:20.885+0000] {logging_mixin.py:188} INFO - [2026-03-15T17:19:20.885+0000] {dag.py:3834} INFO - Setting next_dagrun for dataset_produces_2 to None, run_after=None
[2026-03-15T17:19:20.905+0000] {processor.py:183} INFO - Processing /home/airflow/.local/lib/python3.11/site-packages/airflow/example_dags/example_datasets.py took 0.065 seconds
[2026-03-15T17:19:52.628+0000] {processor.py:161} INFO - Started process (PID=120) to work on /home/airflow/.local/lib/python3.11/site-packages/airflow/example_dags/example_datasets.py
[2026-03-15T17:19:52.629+0000] {processor.py:830} INFO - Processing file /home/airflow/.local/lib/python3.11/site-packages/airflow/example_dags/example_datasets.py for tasks to queue
[2026-03-15T17:19:52.631+0000] {logging_mixin.py:188} INFO - [2026-03-15T17:19:52.631+0000] {dagbag.py:540} INFO - Filling up the DagBag from /home/airflow/.local/lib/python3.11/site-packages/airflow/example_dags/example_datasets.py
[2026-03-15T17:19:52.640+0000] {processor.py:840} INFO - DAG(s) 'dataset_consumes_1_and_2', 'dataset_consumes_unknown_never_scheduled', 'dataset_produces_2', 'dataset_produces_1', 'dataset_consumes_1', 'dataset_consumes_1_never_scheduled' retrieved from /home/airflow/.local/lib/python3.11/site-packages/airflow/example_dags/example_datasets.py
[2026-03-15T17:19:52.653+0000] {logging_mixin.py:188} INFO - [2026-03-15T17:19:52.653+0000] {dag.py:3047} INFO - Sync 6 DAGs
[2026-03-15T17:19:52.671+0000] {logging_mixin.py:188} INFO - [2026-03-15T17:19:52.671+0000] {dag.py:3834} INFO - Setting next_dagrun for dataset_consumes_1 to None, run_after=None
[2026-03-15T17:19:52.675+0000] {logging_mixin.py:188} INFO - [2026-03-15T17:19:52.675+0000] {dag.py:3834} INFO - Setting next_dagrun for dataset_consumes_1_and_2 to None, run_after=None
[2026-03-15T17:19:52.678+0000] {logging_mixin.py:188} INFO - [2026-03-15T17:19:52.678+0000] {dag.py:3834} INFO - Setting next_dagrun for dataset_consumes_1_never_scheduled to None, run_after=None
[2026-03-15T17:19:52.679+0000] {logging_mixin.py:188} INFO - [2026-03-15T17:19:52.679+0000] {dag.py:3834} INFO - Setting next_dagrun for dataset_consumes_unknown_never_scheduled to None, run_after=None
[2026-03-15T17:19:52.681+0000] {logging_mixin.py:188} INFO - [2026-03-15T17:19:52.681+0000] {dag.py:3834} INFO - Setting next_dagrun for dataset_produces_1 to 2026-03-14 00:00:00+00:00, run_after=2026-03-15 00:00:00+00:00
[2026-03-15T17:19:52.682+0000] {logging_mixin.py:188} INFO - [2026-03-15T17:19:52.682+0000] {dag.py:3834} INFO - Setting next_dagrun for dataset_produces_2 to None, run_after=None
[2026-03-15T17:19:52.706+0000] {processor.py:183} INFO - Processing /home/airflow/.local/lib/python3.11/site-packages/airflow/example_dags/example_datasets.py took 0.081 seconds
[2026-03-15T17:19:55.973+0000] {processor.py:161} INFO - Started process (PID=170) to work on /home/airflow/.local/lib/python3.11/site-packages/airflow/example_dags/example_datasets.py
[2026-03-15T17:19:55.974+0000] {processor.py:830} INFO - Processing file /home/airflow/.local/lib/python3.11/site-packages/airflow/example_dags/example_datasets.py for tasks to queue
[2026-03-15T17:19:55.975+0000] {logging_mixin.py:188} INFO - [2026-03-15T17:19:55.975+0000] {dagbag.py:540} INFO - Filling up the DagBag from /home/airflow/.local/lib/python3.11/site-packages/airflow/example_dags/example_datasets.py
[2026-03-15T17:19:55.983+0000] {processor.py:840} INFO - DAG(s) 'dataset_consumes_1_and_2', 'dataset_consumes_1', 'dataset_produces_2', 'dataset_consumes_unknown_never_scheduled', 'dataset_consumes_1_never_scheduled', 'dataset_produces_1' retrieved from /home/airflow/.local/lib/python3.11/site-packages/airflow/example_dags/example_datasets.py
[2026-03-15T17:19:55.995+0000] {logging_mixin.py:188} INFO - [2026-03-15T17:19:55.995+0000] {dag.py:3047} INFO - Sync 6 DAGs
[2026-03-15T17:19:56.013+0000] {logging_mixin.py:188} INFO - [2026-03-15T17:19:56.013+0000] {dag.py:3834} INFO - Setting next_dagrun for dataset_consumes_1 to None, run_after=None
[2026-03-15T17:19:56.016+0000] {logging_mixin.py:188} INFO - [2026-03-15T17:19:56.016+0000] {dag.py:3834} INFO - Setting next_dagrun for dataset_consumes_1_and_2 to None, run_after=None
[2026-03-15T17:19:56.020+0000] {logging_mixin.py:188} INFO - [2026-03-15T17:19:56.020+0000] {dag.py:3834} INFO - Setting next_dagrun for dataset_consumes_1_never_scheduled to None, run_after=None
[2026-03-15T17:19:56.022+0000] {logging_mixin.py:188} INFO - [2026-03-15T17:19:56.022+0000] {dag.py:3834} INFO - Setting next_dagrun for dataset_consumes_unknown_never_scheduled to None, run_after=None
[2026-03-15T17:19:56.024+0000] {logging_mixin.py:188} INFO - [2026-03-15T17:19:56.024+0000] {dag.py:3834} INFO - Setting next_dagrun for dataset_produces_1 to 2026-03-14 00:00:00+00:00, run_after=2026-03-15 00:00:00+00:00
[2026-03-15T17:19:56.025+0000] {logging_mixin.py:188} INFO - [2026-03-15T17:19:56.024+0000] {dag.py:3834} INFO - Setting next_dagrun for dataset_produces_2 to None, run_after=None
[2026-03-15T17:19:56.045+0000] {processor.py:183} INFO - Processing /home/airflow/.local/lib/python3.11/site-packages/airflow/example_dags/example_datasets.py took 0.075 seconds
[2026-03-15T17:20:08.283+0000] {processor.py:161} INFO - Started process (PID=218) to work on /home/airflow/.local/lib/python3.11/site-packages/airflow/example_dags/example_datasets.py
[2026-03-15T17:20:08.284+0000] {processor.py:830} INFO - Processing file /home/airflow/.local/lib/python3.11/site-packages/airflow/example_dags/example_datasets.py for tasks to queue
[2026-03-15T17:20:08.286+0000] {logging_mixin.py:188} INFO - [2026-03-15T17:20:08.285+0000] {dagbag.py:540} INFO - Filling up the DagBag from /home/airflow/.local/lib/python3.11/site-packages/airflow/example_dags/example_datasets.py
[2026-03-15T17:20:08.293+0000] {processor.py:840} INFO - DAG(s) 'dataset_consumes_1_and_2', 'dataset_consumes_1', 'dataset_produces_2', 'dataset_consumes_1_never_scheduled', 'dataset_produces_1', 'dataset_consumes_unknown_never_scheduled' retrieved from /home/airflow/.local/lib/python3.11/site-packages/airflow/example_dags/example_datasets.py
[2026-03-15T17:20:08.406+0000] {logging_mixin.py:188} INFO - [2026-03-15T17:20:08.405+0000] {dag.py:3047} INFO - Sync 6 DAGs
[2026-03-15T17:20:08.418+0000] {logging_mixin.py:188} INFO - [2026-03-15T17:20:08.418+0000] {dag.py:3834} INFO - Setting next_dagrun for dataset_consumes_1 to None, run_after=None
[2026-03-15T17:20:08.420+0000] {logging_mixin.py:188} INFO - [2026-03-15T17:20:08.420+0000] {dag.py:3834} INFO - Setting next_dagrun for dataset_consumes_1_and_2 to None, run_after=None
[2026-03-15T17:20:08.421+0000] {logging_mixin.py:188} INFO - [2026-03-15T17:20:08.421+0000] {dag.py:3834} INFO - Setting next_dagrun for dataset_consumes_1_never_scheduled to None, run_after=None
[2026-03-15T17:20:08.422+0000] {logging_mixin.py:188} INFO - [2026-03-15T17:20:08.422+0000] {dag.py:3834} INFO - Setting next_dagrun for dataset_consumes_unknown_never_scheduled to None, run_after=None
[2026-03-15T17:20:08.424+0000] {logging_mixin.py:188} INFO - [2026-03-15T17:20:08.424+0000] {dag.py:3834} INFO - Setting next_dagrun for dataset_produces_1 to 2026-03-14 00:00:00+00:00, run_after=2026-03-15 00:00:00+00:00
[2026-03-15T17:20:08.425+0000] {logging_mixin.py:188} INFO - [2026-03-15T17:20:08.425+0000] {dag.py:3834} INFO - Setting next_dagrun for dataset_produces_2 to None, run_after=None
[2026-03-15T17:20:08.444+0000] {processor.py:183} INFO - Processing /home/airflow/.local/lib/python3.11/site-packages/airflow/example_dags/example_datasets.py took 0.164 seconds
[2026-03-15T17:20:38.773+0000] {processor.py:161} INFO - Started process (PID=273) to work on /home/airflow/.local/lib/python3.11/site-packages/airflow/example_dags/example_datasets.py
[2026-03-15T17:20:38.774+0000] {processor.py:830} INFO - Processing file /home/airflow/.local/lib/python3.11/site-packages/airflow/example_dags/example_datasets.py for tasks to queue
[2026-03-15T17:20:38.776+0000] {logging_mixin.py:188} INFO - [2026-03-15T17:20:38.776+0000] {dagbag.py:540} INFO - Filling up the DagBag from /home/airflow/.local/lib/python3.11/site-packages/airflow/example_dags/example_datasets.py
[2026-03-15T17:20:38.784+0000] {processor.py:840} INFO - DAG(s) 'dataset_produces_1', 'dataset_consumes_1', 'dataset_consumes_1_never_scheduled', 'dataset_consumes_1_and_2', 'dataset_produces_2', 'dataset_consumes_unknown_never_scheduled' retrieved from /home/airflow/.local/lib/python3.11/site-packages/airflow/example_dags/example_datasets.py
[2026-03-15T17:20:38.807+0000] {logging_mixin.py:188} INFO - [2026-03-15T17:20:38.807+0000] {dag.py:3047} INFO - Sync 6 DAGs
[2026-03-15T17:20:38.826+0000] {logging_mixin.py:188} INFO - [2026-03-15T17:20:38.826+0000] {dag.py:3834} INFO - Setting next_dagrun for dataset_consumes_1 to None, run_after=None
[2026-03-15T17:20:38.829+0000] {logging_mixin.py:188} INFO - [2026-03-15T17:20:38.829+0000] {dag.py:3834} INFO - Setting next_dagrun for dataset_consumes_1_and_2 to None, run_after=None
[2026-03-15T17:20:38.831+0000] {logging_mixin.py:188} INFO - [2026-03-15T17:20:38.831+0000] {dag.py:3834} INFO - Setting next_dagrun for dataset_consumes_1_never_scheduled to None, run_after=None
[2026-03-15T17:20:38.834+0000] {logging_mixin.py:188} INFO - [2026-03-15T17:20:38.833+0000] {dag.py:3834} INFO - Setting next_dagrun for dataset_consumes_unknown_never_scheduled to None, run_after=None
[2026-03-15T17:20:38.836+0000] {logging_mixin.py:188} INFO - [2026-03-15T17:20:38.836+0000] {dag.py:3834} INFO - Setting next_dagrun for dataset_produces_1 to 2026-03-14 00:00:00+00:00, run_after=2026-03-15 00:00:00+00:00
[2026-03-15T17:20:38.837+0000] {logging_mixin.py:188} INFO - [2026-03-15T17:20:38.837+0000] {dag.py:3834} INFO - Setting next_dagrun for dataset_produces_2 to None, run_after=None
[2026-03-15T17:20:38.860+0000] {processor.py:183} INFO - Processing /home/airflow/.local/lib/python3.11/site-packages/airflow/example_dags/example_datasets.py took 0.089 seconds
[2026-03-15T17:20:41.325+0000] {processor.py:161} INFO - Started process (PID=323) to work on /home/airflow/.local/lib/python3.11/site-packages/airflow/example_dags/example_datasets.py
[2026-03-15T17:20:41.326+0000] {processor.py:830} INFO - Processing file /home/airflow/.local/lib/python3.11/site-packages/airflow/example_dags/example_datasets.py for tasks to queue
[2026-03-15T17:20:41.329+0000] {logging_mixin.py:188} INFO - [2026-03-15T17:20:41.328+0000] {dagbag.py:540} INFO - Filling up the DagBag from /home/airflow/.local/lib/python3.11/site-packages/airflow/example_dags/example_datasets.py
[2026-03-15T17:20:41.336+0000] {processor.py:840} INFO - DAG(s) 'dataset_consumes_1_and_2', 'dataset_consumes_1', 'dataset_produces_2', 'dataset_produces_1', 'dataset_consumes_1_never_scheduled', 'dataset_consumes_unknown_never_scheduled' retrieved from /home/airflow/.local/lib/python3.11/site-packages/airflow/example_dags/example_datasets.py
[2026-03-15T17:20:41.363+0000] {logging_mixin.py:188} INFO - [2026-03-15T17:20:41.363+0000] {dag.py:3047} INFO - Sync 6 DAGs
[2026-03-15T17:20:41.382+0000] {logging_mixin.py:188} INFO - [2026-03-15T17:20:41.382+0000] {dag.py:3834} INFO - Setting next_dagrun for dataset_consumes_1 to None, run_after=None
[2026-03-15T17:20:41.385+0000] {logging_mixin.py:188} INFO - [2026-03-15T17:20:41.385+0000] {dag.py:3834} INFO - Setting next_dagrun for dataset_consumes_1_and_2 to None, run_after=None
[2026-03-15T17:20:41.386+0000] {logging_mixin.py:188} INFO - [2026-03-15T17:20:41.386+0000] {dag.py:3834} INFO - Setting next_dagrun for dataset_consumes_1_never_scheduled to None, run_after=None
[2026-03-15T17:20:41.387+0000] {logging_mixin.py:188} INFO - [2026-03-15T17:20:41.386+0000] {dag.py:3834} INFO - Setting next_dagrun for dataset_consumes_unknown_never_scheduled to None, run_after=None
[2026-03-15T17:20:41.390+0000] {logging_mixin.py:188} INFO - [2026-03-15T17:20:41.389+0000] {dag.py:3834} INFO - Setting next_dagrun for dataset_produces_1 to 2026-03-14 00:00:00+00:00, run_after=2026-03-15 00:00:00+00:00
[2026-03-15T17:20:41.392+0000] {logging_mixin.py:188} INFO - [2026-03-15T17:20:41.391+0000] {dag.py:3834} INFO - Setting next_dagrun for dataset_produces_2 to None, run_after=None
[2026-03-15T17:20:41.417+0000] {processor.py:183} INFO - Processing /home/airflow/.local/lib/python3.11/site-packages/airflow/example_dags/example_datasets.py took 0.095 seconds
[2026-03-15T17:21:12.013+0000] {processor.py:161} INFO - Started process (PID=377) to work on /home/airflow/.local/lib/python3.11/site-packages/airflow/example_dags/example_datasets.py
[2026-03-15T17:21:12.015+0000] {processor.py:830} INFO - Processing file /home/airflow/.local/lib/python3.11/site-packages/airflow/example_dags/example_datasets.py for tasks to queue
[2026-03-15T17:21:12.016+0000] {logging_mixin.py:188} INFO - [2026-03-15T17:21:12.016+0000] {dagbag.py:540} INFO - Filling up the DagBag from /home/airflow/.local/lib/python3.11/site-packages/airflow/example_dags/example_datasets.py
[2026-03-15T17:21:12.025+0000] {processor.py:840} INFO - DAG(s) 'dataset_consumes_1_and_2', 'dataset_consumes_1_never_scheduled', 'dataset_produces_2', 'dataset_consumes_unknown_never_scheduled', 'dataset_consumes_1', 'dataset_produces_1' retrieved from /home/airflow/.local/lib/python3.11/site-packages/airflow/example_dags/example_datasets.py
[2026-03-15T17:21:12.051+0000] {logging_mixin.py:188} INFO - [2026-03-15T17:21:12.051+0000] {dag.py:3047} INFO - Sync 6 DAGs
[2026-03-15T17:21:12.069+0000] {logging_mixin.py:188} INFO - [2026-03-15T17:21:12.069+0000] {dag.py:3834} INFO - Setting next_dagrun for dataset_consumes_1 to None, run_after=None
[2026-03-15T17:21:12.072+0000] {logging_mixin.py:188} INFO - [2026-03-15T17:21:12.072+0000] {dag.py:3834} INFO - Setting next_dagrun for dataset_consumes_1_and_2 to None, run_after=None
[2026-03-15T17:21:12.073+0000] {logging_mixin.py:188} INFO - [2026-03-15T17:21:12.073+0000] {dag.py:3834} INFO - Setting next_dagrun for dataset_consumes_1_never_scheduled to None, run_after=None
[2026-03-15T17:21:12.074+0000] {logging_mixin.py:188} INFO - [2026-03-15T17:21:12.074+0000] {dag.py:3834} INFO - Setting next_dagrun for dataset_consumes_unknown_never_scheduled to None, run_after=None
[2026-03-15T17:21:12.076+0000] {logging_mixin.py:188} INFO - [2026-03-15T17:21:12.076+0000] {dag.py:3834} INFO - Setting next_dagrun for dataset_produces_1 to 2026-03-14 00:00:00+00:00, run_after=2026-03-15 00:00:00+00:00
[2026-03-15T17:21:12.077+0000] {logging_mixin.py:188} INFO - [2026-03-15T17:21:12.077+0000] {dag.py:3834} INFO - Setting next_dagrun for dataset_produces_2 to None, run_after=None
[2026-03-15T17:21:12.100+0000] {processor.py:183} INFO - Processing /home/airflow/.local/lib/python3.11/site-packages/airflow/example_dags/example_datasets.py took 0.090 seconds
[2026-03-15T17:21:16.195+0000] {processor.py:161} INFO - Started process (PID=425) to work on /home/airflow/.local/lib/python3.11/site-packages/airflow/example_dags/example_datasets.py
[2026-03-15T17:21:16.196+0000] {processor.py:830} INFO - Processing file /home/airflow/.local/lib/python3.11/site-packages/airflow/example_dags/example_datasets.py for tasks to queue
[2026-03-15T17:21:16.198+0000] {logging_mixin.py:188} INFO - [2026-03-15T17:21:16.197+0000] {dagbag.py:540} INFO - Filling up the DagBag from /home/airflow/.local/lib/python3.11/site-packages/airflow/example_dags/example_datasets.py
[2026-03-15T17:21:16.205+0000] {processor.py:840} INFO - DAG(s) 'dataset_consumes_1_and_2', 'dataset_produces_2', 'dataset_produces_1', 'dataset_consumes_unknown_never_scheduled', 'dataset_consumes_1_never_scheduled', 'dataset_consumes_1' retrieved from /home/airflow/.local/lib/python3.11/site-packages/airflow/example_dags/example_datasets.py
[2026-03-15T17:21:16.228+0000] {logging_mixin.py:188} INFO - [2026-03-15T17:21:16.228+0000] {dag.py:3047} INFO - Sync 6 DAGs
[2026-03-15T17:21:16.242+0000] {logging_mixin.py:188} INFO - [2026-03-15T17:21:16.242+0000] {dag.py:3834} INFO - Setting next_dagrun for dataset_consumes_1 to None, run_after=None
[2026-03-15T17:21:16.245+0000] {logging_mixin.py:188} INFO - [2026-03-15T17:21:16.245+0000] {dag.py:3834} INFO - Setting next_dagrun for dataset_consumes_1_and_2 to None, run_after=None
[2026-03-15T17:21:16.246+0000] {logging_mixin.py:188} INFO - [2026-03-15T17:21:16.246+0000] {dag.py:3834} INFO - Setting next_dagrun for dataset_consumes_1_never_scheduled to None, run_after=None
[2026-03-15T17:21:16.247+0000] {logging_mixin.py:188} INFO - [2026-03-15T17:21:16.247+0000] {dag.py:3834} INFO - Setting next_dagrun for dataset_consumes_unknown_never_scheduled to None, run_after=None
[2026-03-15T17:21:16.249+0000] {logging_mixin.py:188} INFO - [2026-03-15T17:21:16.249+0000] {dag.py:3834} INFO - Setting next_dagrun for dataset_produces_1 to 2026-03-14 00:00:00+00:00, run_after=2026-03-15 00:00:00+00:00
[2026-03-15T17:21:16.250+0000] {logging_mixin.py:188} INFO - [2026-03-15T17:21:16.250+0000] {dag.py:3834} INFO - Setting next_dagrun for dataset_produces_2 to None, run_after=None
[2026-03-15T17:21:16.271+0000] {processor.py:183} INFO - Processing /home/airflow/.local/lib/python3.11/site-packages/airflow/example_dags/example_datasets.py took 0.078 seconds
[2026-03-15T17:21:37.541+0000] {processor.py:161} INFO - Started process (PID=480) to work on /home/airflow/.local/lib/python3.11/site-packages/airflow/example_dags/example_datasets.py
[2026-03-15T17:21:37.542+0000] {processor.py:830} INFO - Processing file /home/airflow/.local/lib/python3.11/site-packages/airflow/example_dags/example_datasets.py for tasks to queue
[2026-03-15T17:21:37.543+0000] {logging_mixin.py:188} INFO - [2026-03-15T17:21:37.543+0000] {dagbag.py:540} INFO - Filling up the DagBag from /home/airflow/.local/lib/python3.11/site-packages/airflow/example_dags/example_datasets.py
[2026-03-15T17:21:37.551+0000] {processor.py:840} INFO - DAG(s) 'dataset_consumes_1_never_scheduled', 'dataset_produces_1', 'dataset_consumes_unknown_never_scheduled', 'dataset_consumes_1', 'dataset_produces_2', 'dataset_consumes_1_and_2' retrieved from /home/airflow/.local/lib/python3.11/site-packages/airflow/example_dags/example_datasets.py
[2026-03-15T17:21:37.574+0000] {logging_mixin.py:188} INFO - [2026-03-15T17:21:37.574+0000] {dag.py:3047} INFO - Sync 6 DAGs
[2026-03-15T17:21:37.589+0000] {logging_mixin.py:188} INFO - [2026-03-15T17:21:37.588+0000] {dag.py:3834} INFO - Setting next_dagrun for dataset_consumes_1 to None, run_after=None
[2026-03-15T17:21:37.591+0000] {logging_mixin.py:188} INFO - [2026-03-15T17:21:37.591+0000] {dag.py:3834} INFO - Setting next_dagrun for dataset_consumes_1_and_2 to None, run_after=None
[2026-03-15T17:21:37.592+0000] {logging_mixin.py:188} INFO - [2026-03-15T17:21:37.592+0000] {dag.py:3834} INFO - Setting next_dagrun for dataset_consumes_1_never_scheduled to None, run_after=None
[2026-03-15T17:21:37.593+0000] {logging_mixin.py:188} INFO - [2026-03-15T17:21:37.593+0000] {dag.py:3834} INFO - Setting next_dagrun for dataset_consumes_unknown_never_scheduled to None, run_after=None
[2026-03-15T17:21:37.595+0000] {logging_mixin.py:188} INFO - [2026-03-15T17:21:37.595+0000] {dag.py:3834} INFO - Setting next_dagrun for dataset_produces_1 to 2026-03-14 00:00:00+00:00, run_after=2026-03-15 00:00:00+00:00
[2026-03-15T17:21:37.596+0000] {logging_mixin.py:188} INFO - [2026-03-15T17:21:37.596+0000] {dag.py:3834} INFO - Setting next_dagrun for dataset_produces_2 to None, run_after=None
[2026-03-15T17:21:37.618+0000] {processor.py:183} INFO - Processing /home/airflow/.local/lib/python3.11/site-packages/airflow/example_dags/example_datasets.py took 0.080 seconds
[2026-03-15T17:22:07.797+0000] {processor.py:161} INFO - Started process (PID=534) to work on /home/airflow/.local/lib/python3.11/site-packages/airflow/example_dags/example_datasets.py
[2026-03-15T17:22:07.798+0000] {processor.py:830} INFO - Processing file /home/airflow/.local/lib/python3.11/site-packages/airflow/example_dags/example_datasets.py for tasks to queue
[2026-03-15T17:22:07.800+0000] {logging_mixin.py:188} INFO - [2026-03-15T17:22:07.800+0000] {dagbag.py:540} INFO - Filling up the DagBag from /home/airflow/.local/lib/python3.11/site-packages/airflow/example_dags/example_datasets.py
[2026-03-15T17:22:07.807+0000] {processor.py:840} INFO - DAG(s) 'dataset_consumes_1', 'dataset_consumes_1_and_2', 'dataset_produces_2', 'dataset_consumes_1_never_scheduled', 'dataset_produces_1', 'dataset_consumes_unknown_never_scheduled' retrieved from /home/airflow/.local/lib/python3.11/site-packages/airflow/example_dags/example_datasets.py
[2026-03-15T17:22:07.829+0000] {logging_mixin.py:188} INFO - [2026-03-15T17:22:07.828+0000] {dag.py:3047} INFO - Sync 6 DAGs
[2026-03-15T17:22:07.845+0000] {logging_mixin.py:188} INFO - [2026-03-15T17:22:07.845+0000] {dag.py:3834} INFO - Setting next_dagrun for dataset_consumes_1 to None, run_after=None
[2026-03-15T17:22:07.848+0000] {logging_mixin.py:188} INFO - [2026-03-15T17:22:07.848+0000] {dag.py:3834} INFO - Setting next_dagrun for dataset_consumes_1_and_2 to None, run_after=None
[2026-03-15T17:22:07.849+0000] {logging_mixin.py:188} INFO - [2026-03-15T17:22:07.849+0000] {dag.py:3834} INFO - Setting next_dagrun for dataset_consumes_1_never_scheduled to None, run_after=None
[2026-03-15T17:22:07.850+0000] {logging_mixin.py:188} INFO - [2026-03-15T17:22:07.850+0000] {dag.py:3834} INFO - Setting next_dagrun for dataset_consumes_unknown_never_scheduled to None, run_after=None
[2026-03-15T17:22:07.852+0000] {logging_mixin.py:188} INFO - [2026-03-15T17:22:07.852+0000] {dag.py:3834} INFO - Setting next_dagrun for dataset_produces_1 to 2026-03-14 00:00:00+00:00, run_after=2026-03-15 00:00:00+00:00
[2026-03-15T17:22:07.853+0000] {logging_mixin.py:188} INFO - [2026-03-15T17:22:07.853+0000] {dag.py:3834} INFO - Setting next_dagrun for dataset_produces_2 to None, run_after=None
[2026-03-15T17:22:07.875+0000] {processor.py:183} INFO - Processing /home/airflow/.local/lib/python3.11/site-packages/airflow/example_dags/example_datasets.py took 0.080 seconds
[2026-03-15T17:22:11.240+0000] {processor.py:161} INFO - Started process (PID=584) to work on /home/airflow/.local/lib/python3.11/site-packages/airflow/example_dags/example_datasets.py
[2026-03-15T17:22:11.241+0000] {processor.py:830} INFO - Processing file /home/airflow/.local/lib/python3.11/site-packages/airflow/example_dags/example_datasets.py for tasks to queue
[2026-03-15T17:22:11.243+0000] {logging_mixin.py:188} INFO - [2026-03-15T17:22:11.242+0000] {dagbag.py:540} INFO - Filling up the DagBag from /home/airflow/.local/lib/python3.11/site-packages/airflow/example_dags/example_datasets.py
[2026-03-15T17:22:11.250+0000] {processor.py:840} INFO - DAG(s) 'dataset_produces_2', 'dataset_consumes_1', 'dataset_consumes_1_never_scheduled', 'dataset_consumes_unknown_never_scheduled', 'dataset_consumes_1_and_2', 'dataset_produces_1' retrieved from /home/airflow/.local/lib/python3.11/site-packages/airflow/example_dags/example_datasets.py
[2026-03-15T17:22:11.273+0000] {logging_mixin.py:188} INFO - [2026-03-15T17:22:11.273+0000] {dag.py:3047} INFO - Sync 6 DAGs
[2026-03-15T17:22:11.290+0000] {logging_mixin.py:188} INFO - [2026-03-15T17:22:11.289+0000] {dag.py:3834} INFO - Setting next_dagrun for dataset_consumes_1 to None, run_after=None
[2026-03-15T17:22:11.293+0000] {logging_mixin.py:188} INFO - [2026-03-15T17:22:11.293+0000] {dag.py:3834} INFO - Setting next_dagrun for dataset_consumes_1_and_2 to None, run_after=None
[2026-03-15T17:22:11.294+0000] {logging_mixin.py:188} INFO - [2026-03-15T17:22:11.294+0000] {dag.py:3834} INFO - Setting next_dagrun for dataset_consumes_1_never_scheduled to None, run_after=None
[2026-03-15T17:22:11.295+0000] {logging_mixin.py:188} INFO - [2026-03-15T17:22:11.295+0000] {dag.py:3834} INFO - Setting next_dagrun for dataset_consumes_unknown_never_scheduled to None, run_after=None
[2026-03-15T17:22:11.297+0000] {logging_mixin.py:188} INFO - [2026-03-15T17:22:11.296+0000] {dag.py:3834} INFO - Setting next_dagrun for dataset_produces_1 to 2026-03-14 00:00:00+00:00, run_after=2026-03-15 00:00:00+00:00
[2026-03-15T17:22:11.298+0000] {logging_mixin.py:188} INFO - [2026-03-15T17:22:11.298+0000] {dag.py:3834} INFO - Setting next_dagrun for dataset_produces_2 to None, run_after=None
[2026-03-15T17:22:11.318+0000] {processor.py:183} INFO - Processing /home/airflow/.local/lib/python3.11/site-packages/airflow/example_dags/example_datasets.py took 0.081 seconds
[2026-03-15T17:22:41.639+0000] {processor.py:161} INFO - Started process (PID=637) to work on /home/airflow/.local/lib/python3.11/site-packages/airflow/example_dags/example_datasets.py
[2026-03-15T17:22:41.640+0000] {processor.py:830} INFO - Processing file /home/airflow/.local/lib/python3.11/site-packages/airflow/example_dags/example_datasets.py for tasks to queue
[2026-03-15T17:22:41.641+0000] {logging_mixin.py:188} INFO - [2026-03-15T17:22:41.641+0000] {dagbag.py:540} INFO - Filling up the DagBag from /home/airflow/.local/lib/python3.11/site-packages/airflow/example_dags/example_datasets.py
[2026-03-15T17:22:41.649+0000] {processor.py:840} INFO - DAG(s) 'dataset_consumes_1', 'dataset_consumes_unknown_never_scheduled', 'dataset_produces_2', 'dataset_consumes_1_and_2', 'dataset_consumes_1_never_scheduled', 'dataset_produces_1' retrieved from /home/airflow/.local/lib/python3.11/site-packages/airflow/example_dags/example_datasets.py
[2026-03-15T17:22:41.672+0000] {logging_mixin.py:188} INFO - [2026-03-15T17:22:41.671+0000] {dag.py:3047} INFO - Sync 6 DAGs
[2026-03-15T17:22:41.687+0000] {logging_mixin.py:188} INFO - [2026-03-15T17:22:41.687+0000] {dag.py:3834} INFO - Setting next_dagrun for dataset_consumes_1 to None, run_after=None
[2026-03-15T17:22:41.691+0000] {logging_mixin.py:188} INFO - [2026-03-15T17:22:41.690+0000] {dag.py:3834} INFO - Setting next_dagrun for dataset_consumes_1_and_2 to None, run_after=None
[2026-03-15T17:22:41.692+0000] {logging_mixin.py:188} INFO - [2026-03-15T17:22:41.692+0000] {dag.py:3834} INFO - Setting next_dagrun for dataset_consumes_1_never_scheduled to None, run_after=None
[2026-03-15T17:22:41.692+0000] {logging_mixin.py:188} INFO - [2026-03-15T17:22:41.692+0000] {dag.py:3834} INFO - Setting next_dagrun for dataset_consumes_unknown_never_scheduled to None, run_after=None
[2026-03-15T17:22:41.694+0000] {logging_mixin.py:188} INFO - [2026-03-15T17:22:41.694+0000] {dag.py:3834} INFO - Setting next_dagrun for dataset_produces_1 to 2026-03-14 00:00:00+00:00, run_after=2026-03-15 00:00:00+00:00
[2026-03-15T17:22:41.695+0000] {logging_mixin.py:188} INFO - [2026-03-15T17:22:41.695+0000] {dag.py:3834} INFO - Setting next_dagrun for dataset_produces_2 to None, run_after=None
[2026-03-15T17:22:41.722+0000] {processor.py:183} INFO - Processing /home/airflow/.local/lib/python3.11/site-packages/airflow/example_dags/example_datasets.py took 0.086 seconds
[2026-03-15T17:23:12.074+0000] {processor.py:161} INFO - Started process (PID=691) to work on /home/airflow/.local/lib/python3.11/site-packages/airflow/example_dags/example_datasets.py
[2026-03-15T17:23:12.075+0000] {processor.py:830} INFO - Processing file /home/airflow/.local/lib/python3.11/site-packages/airflow/example_dags/example_datasets.py for tasks to queue
[2026-03-15T17:23:12.077+0000] {logging_mixin.py:188} INFO - [2026-03-15T17:23:12.077+0000] {dagbag.py:540} INFO - Filling up the DagBag from /home/airflow/.local/lib/python3.11/site-packages/airflow/example_dags/example_datasets.py
[2026-03-15T17:23:12.085+0000] {processor.py:840} INFO - DAG(s) 'dataset_produces_1', 'dataset_consumes_1_never_scheduled', 'dataset_produces_2', 'dataset_consumes_1', 'dataset_consumes_unknown_never_scheduled', 'dataset_consumes_1_and_2' retrieved from /home/airflow/.local/lib/python3.11/site-packages/airflow/example_dags/example_datasets.py
[2026-03-15T17:23:12.110+0000] {logging_mixin.py:188} INFO - [2026-03-15T17:23:12.109+0000] {dag.py:3047} INFO - Sync 6 DAGs
[2026-03-15T17:23:12.127+0000] {logging_mixin.py:188} INFO - [2026-03-15T17:23:12.127+0000] {dag.py:3834} INFO - Setting next_dagrun for dataset_consumes_1 to None, run_after=None
[2026-03-15T17:23:12.130+0000] {logging_mixin.py:188} INFO - [2026-03-15T17:23:12.130+0000] {dag.py:3834} INFO - Setting next_dagrun for dataset_consumes_1_and_2 to None, run_after=None
[2026-03-15T17:23:12.131+0000] {logging_mixin.py:188} INFO - [2026-03-15T17:23:12.131+0000] {dag.py:3834} INFO - Setting next_dagrun for dataset_consumes_1_never_scheduled to None, run_after=None
[2026-03-15T17:23:12.132+0000] {logging_mixin.py:188} INFO - [2026-03-15T17:23:12.132+0000] {dag.py:3834} INFO - Setting next_dagrun for dataset_consumes_unknown_never_scheduled to None, run_after=None
[2026-03-15T17:23:12.134+0000] {logging_mixin.py:188} INFO - [2026-03-15T17:23:12.134+0000] {dag.py:3834} INFO - Setting next_dagrun for dataset_produces_1 to 2026-03-14 00:00:00+00:00, run_after=2026-03-15 00:00:00+00:00
[2026-03-15T17:23:12.135+0000] {logging_mixin.py:188} INFO - [2026-03-15T17:23:12.134+0000] {dag.py:3834} INFO - Setting next_dagrun for dataset_produces_2 to None, run_after=None
[2026-03-15T17:23:12.157+0000] {processor.py:183} INFO - Processing /home/airflow/.local/lib/python3.11/site-packages/airflow/example_dags/example_datasets.py took 0.085 seconds
[2026-03-15T17:23:16.301+0000] {processor.py:161} INFO - Started process (PID=741) to work on /home/airflow/.local/lib/python3.11/site-packages/airflow/example_dags/example_datasets.py
[2026-03-15T17:23:16.302+0000] {processor.py:830} INFO - Processing file /home/airflow/.local/lib/python3.11/site-packages/airflow/example_dags/example_datasets.py for tasks to queue
[2026-03-15T17:23:16.304+0000] {logging_mixin.py:188} INFO - [2026-03-15T17:23:16.304+0000] {dagbag.py:540} INFO - Filling up the DagBag from /home/airflow/.local/lib/python3.11/site-packages/airflow/example_dags/example_datasets.py
[2026-03-15T17:23:16.312+0000] {processor.py:840} INFO - DAG(s) 'dataset_produces_1', 'dataset_consumes_unknown_never_scheduled', 'dataset_produces_2', 'dataset_consumes_1_never_scheduled', 'dataset_consumes_1_and_2', 'dataset_consumes_1' retrieved from /home/airflow/.local/lib/python3.11/site-packages/airflow/example_dags/example_datasets.py
[2026-03-15T17:23:16.337+0000] {logging_mixin.py:188} INFO - [2026-03-15T17:23:16.337+0000] {dag.py:3047} INFO - Sync 6 DAGs
[2026-03-15T17:23:16.353+0000] {logging_mixin.py:188} INFO - [2026-03-15T17:23:16.353+0000] {dag.py:3834} INFO - Setting next_dagrun for dataset_consumes_1 to None, run_after=None
[2026-03-15T17:23:16.356+0000] {logging_mixin.py:188} INFO - [2026-03-15T17:23:16.356+0000] {dag.py:3834} INFO - Setting next_dagrun for dataset_consumes_1_and_2 to None, run_after=None
[2026-03-15T17:23:16.357+0000] {logging_mixin.py:188} INFO - [2026-03-15T17:23:16.357+0000] {dag.py:3834} INFO - Setting next_dagrun for dataset_consumes_1_never_scheduled to None, run_after=None
[2026-03-15T17:23:16.357+0000] {logging_mixin.py:188} INFO - [2026-03-15T17:23:16.357+0000] {dag.py:3834} INFO - Setting next_dagrun for dataset_consumes_unknown_never_scheduled to None, run_after=None
[2026-03-15T17:23:16.360+0000] {logging_mixin.py:188} INFO - [2026-03-15T17:23:16.359+0000] {dag.py:3834} INFO - Setting next_dagrun for dataset_produces_1 to 2026-03-14 00:00:00+00:00, run_after=2026-03-15 00:00:00+00:00
[2026-03-15T17:23:16.364+0000] {logging_mixin.py:188} INFO - [2026-03-15T17:23:16.364+0000] {dag.py:3834} INFO - Setting next_dagrun for dataset_produces_2 to None, run_after=None
[2026-03-15T17:23:16.384+0000] {processor.py:183} INFO - Processing /home/airflow/.local/lib/python3.11/site-packages/airflow/example_dags/example_datasets.py took 0.086 seconds
[2026-03-15T17:23:21.678+0000] {processor.py:161} INFO - Started process (PID=788) to work on /home/airflow/.local/lib/python3.11/site-packages/airflow/example_dags/example_datasets.py
[2026-03-15T17:23:21.679+0000] {processor.py:830} INFO - Processing file /home/airflow/.local/lib/python3.11/site-packages/airflow/example_dags/example_datasets.py for tasks to queue
[2026-03-15T17:23:21.681+0000] {logging_mixin.py:188} INFO - [2026-03-15T17:23:21.680+0000] {dagbag.py:540} INFO - Filling up the DagBag from /home/airflow/.local/lib/python3.11/site-packages/airflow/example_dags/example_datasets.py
[2026-03-15T17:23:21.688+0000] {processor.py:840} INFO - DAG(s) 'dataset_consumes_1_and_2', 'dataset_consumes_unknown_never_scheduled', 'dataset_produces_2', 'dataset_produces_1', 'dataset_consumes_1_never_scheduled', 'dataset_consumes_1' retrieved from /home/airflow/.local/lib/python3.11/site-packages/airflow/example_dags/example_datasets.py
[2026-03-15T17:23:21.712+0000] {logging_mixin.py:188} INFO - [2026-03-15T17:23:21.712+0000] {dag.py:3047} INFO - Sync 6 DAGs
[2026-03-15T17:23:21.728+0000] {logging_mixin.py:188} INFO - [2026-03-15T17:23:21.728+0000] {dag.py:3834} INFO - Setting next_dagrun for dataset_consumes_1 to None, run_after=None
[2026-03-15T17:23:21.731+0000] {logging_mixin.py:188} INFO - [2026-03-15T17:23:21.731+0000] {dag.py:3834} INFO - Setting next_dagrun for dataset_consumes_1_and_2 to None, run_after=None
[2026-03-15T17:23:21.732+0000] {logging_mixin.py:188} INFO - [2026-03-15T17:23:21.732+0000] {dag.py:3834} INFO - Setting next_dagrun for dataset_consumes_1_never_scheduled to None, run_after=None
[2026-03-15T17:23:21.733+0000] {logging_mixin.py:188} INFO - [2026-03-15T17:23:21.733+0000] {dag.py:3834} INFO - Setting next_dagrun for dataset_consumes_unknown_never_scheduled to None, run_after=None
[2026-03-15T17:23:21.735+0000] {logging_mixin.py:188} INFO - [2026-03-15T17:23:21.735+0000] {dag.py:3834} INFO - Setting next_dagrun for dataset_produces_1 to 2026-03-14 00:00:00+00:00, run_after=2026-03-15 00:00:00+00:00
[2026-03-15T17:23:21.736+0000] {logging_mixin.py:188} INFO - [2026-03-15T17:23:21.735+0000] {dag.py:3834} INFO - Setting next_dagrun for dataset_produces_2 to None, run_after=None
[2026-03-15T17:23:21.764+0000] {processor.py:183} INFO - Processing /home/airflow/.local/lib/python3.11/site-packages/airflow/example_dags/example_datasets.py took 0.089 seconds
[2026-03-15T17:23:52.165+0000] {processor.py:161} INFO - Started process (PID=847) to work on /home/airflow/.local/lib/python3.11/site-packages/airflow/example_dags/example_datasets.py
[2026-03-15T17:23:52.166+0000] {processor.py:830} INFO - Processing file /home/airflow/.local/lib/python3.11/site-packages/airflow/example_dags/example_datasets.py for tasks to queue
[2026-03-15T17:23:52.168+0000] {logging_mixin.py:188} INFO - [2026-03-15T17:23:52.168+0000] {dagbag.py:540} INFO - Filling up the DagBag from /home/airflow/.local/lib/python3.11/site-packages/airflow/example_dags/example_datasets.py
[2026-03-15T17:23:52.176+0000] {processor.py:840} INFO - DAG(s) 'dataset_consumes_unknown_never_scheduled', 'dataset_consumes_1_never_scheduled', 'dataset_consumes_1_and_2', 'dataset_consumes_1', 'dataset_produces_2', 'dataset_produces_1' retrieved from /home/airflow/.local/lib/python3.11/site-packages/airflow/example_dags/example_datasets.py
[2026-03-15T17:23:52.200+0000] {logging_mixin.py:188} INFO - [2026-03-15T17:23:52.199+0000] {dag.py:3047} INFO - Sync 6 DAGs
[2026-03-15T17:23:52.216+0000] {logging_mixin.py:188} INFO - [2026-03-15T17:23:52.216+0000] {dag.py:3834} INFO - Setting next_dagrun for dataset_consumes_1 to None, run_after=None
[2026-03-15T17:23:52.219+0000] {logging_mixin.py:188} INFO - [2026-03-15T17:23:52.219+0000] {dag.py:3834} INFO - Setting next_dagrun for dataset_consumes_1_and_2 to None, run_after=None
[2026-03-15T17:23:52.220+0000] {logging_mixin.py:188} INFO - [2026-03-15T17:23:52.220+0000] {dag.py:3834} INFO - Setting next_dagrun for dataset_consumes_1_never_scheduled to None, run_after=None
[2026-03-15T17:23:52.221+0000] {logging_mixin.py:188} INFO - [2026-03-15T17:23:52.221+0000] {dag.py:3834} INFO - Setting next_dagrun for dataset_consumes_unknown_never_scheduled to None, run_after=None
[2026-03-15T17:23:52.230+0000] {logging_mixin.py:188} INFO - [2026-03-15T17:23:52.230+0000] {dag.py:3834} INFO - Setting next_dagrun for dataset_produces_1 to 2026-03-14 00:00:00+00:00, run_after=2026-03-15 00:00:00+00:00
[2026-03-15T17:23:52.236+0000] {logging_mixin.py:188} INFO - [2026-03-15T17:23:52.236+0000] {dag.py:3834} INFO - Setting next_dagrun for dataset_produces_2 to None, run_after=None
[2026-03-15T17:23:52.267+0000] {processor.py:183} INFO - Processing /home/airflow/.local/lib/python3.11/site-packages/airflow/example_dags/example_datasets.py took 0.105 seconds
[2026-03-15T17:23:56.609+0000] {processor.py:161} INFO - Started process (PID=897) to work on /home/airflow/.local/lib/python3.11/site-packages/airflow/example_dags/example_datasets.py
[2026-03-15T17:23:56.610+0000] {processor.py:830} INFO - Processing file /home/airflow/.local/lib/python3.11/site-packages/airflow/example_dags/example_datasets.py for tasks to queue
[2026-03-15T17:23:56.613+0000] {logging_mixin.py:188} INFO - [2026-03-15T17:23:56.612+0000] {dagbag.py:540} INFO - Filling up the DagBag from /home/airflow/.local/lib/python3.11/site-packages/airflow/example_dags/example_datasets.py
[2026-03-15T17:23:56.622+0000] {processor.py:840} INFO - DAG(s) 'dataset_produces_1', 'dataset_produces_2', 'dataset_consumes_1', 'dataset_consumes_1_never_scheduled', 'dataset_consumes_unknown_never_scheduled', 'dataset_consumes_1_and_2' retrieved from /home/airflow/.local/lib/python3.11/site-packages/airflow/example_dags/example_datasets.py
[2026-03-15T17:23:56.648+0000] {logging_mixin.py:188} INFO - [2026-03-15T17:23:56.647+0000] {dag.py:3047} INFO - Sync 6 DAGs
[2026-03-15T17:23:56.665+0000] {logging_mixin.py:188} INFO - [2026-03-15T17:23:56.665+0000] {dag.py:3834} INFO - Setting next_dagrun for dataset_consumes_1 to None, run_after=None
[2026-03-15T17:23:56.668+0000] {logging_mixin.py:188} INFO - [2026-03-15T17:23:56.668+0000] {dag.py:3834} INFO - Setting next_dagrun for dataset_consumes_1_and_2 to None, run_after=None
[2026-03-15T17:23:56.670+0000] {logging_mixin.py:188} INFO - [2026-03-15T17:23:56.670+0000] {dag.py:3834} INFO - Setting next_dagrun for dataset_consumes_1_never_scheduled to None, run_after=None
[2026-03-15T17:23:56.671+0000] {logging_mixin.py:188} INFO - [2026-03-15T17:23:56.671+0000] {dag.py:3834} INFO - Setting next_dagrun for dataset_consumes_unknown_never_scheduled to None, run_after=None
[2026-03-15T17:23:56.673+0000] {logging_mixin.py:188} INFO - [2026-03-15T17:23:56.673+0000] {dag.py:3834} INFO - Setting next_dagrun for dataset_produces_1 to 2026-03-14 00:00:00+00:00, run_after=2026-03-15 00:00:00+00:00
[2026-03-15T17:23:56.674+0000] {logging_mixin.py:188} INFO - [2026-03-15T17:23:56.674+0000] {dag.py:3834} INFO - Setting next_dagrun for dataset_produces_2 to None, run_after=None
[2026-03-15T17:23:56.697+0000] {processor.py:183} INFO - Processing /home/airflow/.local/lib/python3.11/site-packages/airflow/example_dags/example_datasets.py took 0.091 seconds
[2026-03-15T17:24:26.909+0000] {processor.py:161} INFO - Started process (PID=949) to work on /home/airflow/.local/lib/python3.11/site-packages/airflow/example_dags/example_datasets.py
[2026-03-15T17:24:26.910+0000] {processor.py:830} INFO - Processing file /home/airflow/.local/lib/python3.11/site-packages/airflow/example_dags/example_datasets.py for tasks to queue
[2026-03-15T17:24:26.912+0000] {logging_mixin.py:188} INFO - [2026-03-15T17:24:26.912+0000] {dagbag.py:540} INFO - Filling up the DagBag from /home/airflow/.local/lib/python3.11/site-packages/airflow/example_dags/example_datasets.py
[2026-03-15T17:24:26.919+0000] {processor.py:840} INFO - DAG(s) 'dataset_produces_2', 'dataset_consumes_1', 'dataset_consumes_unknown_never_scheduled', 'dataset_consumes_1_and_2', 'dataset_produces_1', 'dataset_consumes_1_never_scheduled' retrieved from /home/airflow/.local/lib/python3.11/site-packages/airflow/example_dags/example_datasets.py
[2026-03-15T17:24:26.942+0000] {logging_mixin.py:188} INFO - [2026-03-15T17:24:26.942+0000] {dag.py:3047} INFO - Sync 6 DAGs
[2026-03-15T17:24:26.958+0000] {logging_mixin.py:188} INFO - [2026-03-15T17:24:26.958+0000] {dag.py:3834} INFO - Setting next_dagrun for dataset_consumes_1 to None, run_after=None
[2026-03-15T17:24:26.961+0000] {logging_mixin.py:188} INFO - [2026-03-15T17:24:26.961+0000] {dag.py:3834} INFO - Setting next_dagrun for dataset_consumes_1_and_2 to None, run_after=None
[2026-03-15T17:24:26.962+0000] {logging_mixin.py:188} INFO - [2026-03-15T17:24:26.962+0000] {dag.py:3834} INFO - Setting next_dagrun for dataset_consumes_1_never_scheduled to None, run_after=None
[2026-03-15T17:24:26.963+0000] {logging_mixin.py:188} INFO - [2026-03-15T17:24:26.962+0000] {dag.py:3834} INFO - Setting next_dagrun for dataset_consumes_unknown_never_scheduled to None, run_after=None
[2026-03-15T17:24:26.964+0000] {logging_mixin.py:188} INFO - [2026-03-15T17:24:26.964+0000] {dag.py:3834} INFO - Setting next_dagrun for dataset_produces_1 to 2026-03-14 00:00:00+00:00, run_after=2026-03-15 00:00:00+00:00
[2026-03-15T17:24:26.965+0000] {logging_mixin.py:188} INFO - [2026-03-15T17:24:26.965+0000] {dag.py:3834} INFO - Setting next_dagrun for dataset_produces_2 to None, run_after=None
[2026-03-15T17:24:26.987+0000] {processor.py:183} INFO - Processing /home/airflow/.local/lib/python3.11/site-packages/airflow/example_dags/example_datasets.py took 0.080 seconds
[2026-03-15T17:24:31.583+0000] {processor.py:161} INFO - Started process (PID=999) to work on /home/airflow/.local/lib/python3.11/site-packages/airflow/example_dags/example_datasets.py
[2026-03-15T17:24:31.584+0000] {processor.py:830} INFO - Processing file /home/airflow/.local/lib/python3.11/site-packages/airflow/example_dags/example_datasets.py for tasks to queue
[2026-03-15T17:24:31.585+0000] {logging_mixin.py:188} INFO - [2026-03-15T17:24:31.585+0000] {dagbag.py:540} INFO - Filling up the DagBag from /home/airflow/.local/lib/python3.11/site-packages/airflow/example_dags/example_datasets.py
[2026-03-15T17:24:31.593+0000] {processor.py:840} INFO - DAG(s) 'dataset_consumes_unknown_never_scheduled', 'dataset_consumes_1_never_scheduled', 'dataset_produces_1', 'dataset_consumes_1_and_2', 'dataset_produces_2', 'dataset_consumes_1' retrieved from /home/airflow/.local/lib/python3.11/site-packages/airflow/example_dags/example_datasets.py
[2026-03-15T17:24:31.614+0000] {logging_mixin.py:188} INFO - [2026-03-15T17:24:31.614+0000] {dag.py:3047} INFO - Sync 6 DAGs
[2026-03-15T17:24:31.629+0000] {logging_mixin.py:188} INFO - [2026-03-15T17:24:31.629+0000] {dag.py:3834} INFO - Setting next_dagrun for dataset_consumes_1 to None, run_after=None
[2026-03-15T17:24:31.632+0000] {logging_mixin.py:188} INFO - [2026-03-15T17:24:31.632+0000] {dag.py:3834} INFO - Setting next_dagrun for dataset_consumes_1_and_2 to None, run_after=None
[2026-03-15T17:24:31.635+0000] {logging_mixin.py:188} INFO - [2026-03-15T17:24:31.635+0000] {dag.py:3834} INFO - Setting next_dagrun for dataset_consumes_1_never_scheduled to None, run_after=None
[2026-03-15T17:24:31.638+0000] {logging_mixin.py:188} INFO - [2026-03-15T17:24:31.638+0000] {dag.py:3834} INFO - Setting next_dagrun for dataset_consumes_unknown_never_scheduled to None, run_after=None
[2026-03-15T17:24:31.641+0000] {logging_mixin.py:188} INFO - [2026-03-15T17:24:31.641+0000] {dag.py:3834} INFO - Setting next_dagrun for dataset_produces_1 to 2026-03-14 00:00:00+00:00, run_after=2026-03-15 00:00:00+00:00
[2026-03-15T17:24:31.642+0000] {logging_mixin.py:188} INFO - [2026-03-15T17:24:31.642+0000] {dag.py:3834} INFO - Setting next_dagrun for dataset_produces_2 to None, run_after=None
[2026-03-15T17:24:31.663+0000] {processor.py:183} INFO - Processing /home/airflow/.local/lib/python3.11/site-packages/airflow/example_dags/example_datasets.py took 0.083 seconds
[2026-03-15T17:25:20.714+0000] {processor.py:161} INFO - Started process (PID=119) to work on /home/airflow/.local/lib/python3.11/site-packages/airflow/example_dags/example_datasets.py
[2026-03-15T17:25:20.716+0000] {processor.py:830} INFO - Processing file /home/airflow/.local/lib/python3.11/site-packages/airflow/example_dags/example_datasets.py for tasks to queue
[2026-03-15T17:25:20.719+0000] {logging_mixin.py:188} INFO - [2026-03-15T17:25:20.718+0000] {dagbag.py:540} INFO - Filling up the DagBag from /home/airflow/.local/lib/python3.11/site-packages/airflow/example_dags/example_datasets.py
[2026-03-15T17:25:20.728+0000] {processor.py:840} INFO - DAG(s) 'dataset_produces_1', 'dataset_consumes_unknown_never_scheduled', 'dataset_produces_2', 'dataset_consumes_1_never_scheduled', 'dataset_consumes_1', 'dataset_consumes_1_and_2' retrieved from /home/airflow/.local/lib/python3.11/site-packages/airflow/example_dags/example_datasets.py
[2026-03-15T17:25:20.746+0000] {logging_mixin.py:188} INFO - [2026-03-15T17:25:20.745+0000] {dag.py:3047} INFO - Sync 6 DAGs
[2026-03-15T17:25:20.773+0000] {logging_mixin.py:188} INFO - [2026-03-15T17:25:20.773+0000] {dag.py:3834} INFO - Setting next_dagrun for dataset_consumes_1 to None, run_after=None
[2026-03-15T17:25:20.777+0000] {logging_mixin.py:188} INFO - [2026-03-15T17:25:20.777+0000] {dag.py:3834} INFO - Setting next_dagrun for dataset_consumes_1_and_2 to None, run_after=None
[2026-03-15T17:25:20.779+0000] {logging_mixin.py:188} INFO - [2026-03-15T17:25:20.779+0000] {dag.py:3834} INFO - Setting next_dagrun for dataset_consumes_1_never_scheduled to None, run_after=None
[2026-03-15T17:25:20.780+0000] {logging_mixin.py:188} INFO - [2026-03-15T17:25:20.780+0000] {dag.py:3834} INFO - Setting next_dagrun for dataset_consumes_unknown_never_scheduled to None, run_after=None
[2026-03-15T17:25:20.783+0000] {logging_mixin.py:188} INFO - [2026-03-15T17:25:20.783+0000] {dag.py:3834} INFO - Setting next_dagrun for dataset_produces_1 to 2026-03-14 00:00:00+00:00, run_after=2026-03-15 00:00:00+00:00
[2026-03-15T17:25:20.785+0000] {logging_mixin.py:188} INFO - [2026-03-15T17:25:20.785+0000] {dag.py:3834} INFO - Setting next_dagrun for dataset_produces_2 to None, run_after=None
[2026-03-15T17:25:20.812+0000] {processor.py:183} INFO - Processing /home/airflow/.local/lib/python3.11/site-packages/airflow/example_dags/example_datasets.py took 0.101 seconds
[2026-03-15T17:25:38.273+0000] {processor.py:161} INFO - Started process (PID=167) to work on /home/airflow/.local/lib/python3.11/site-packages/airflow/example_dags/example_datasets.py
[2026-03-15T17:25:38.273+0000] {processor.py:830} INFO - Processing file /home/airflow/.local/lib/python3.11/site-packages/airflow/example_dags/example_datasets.py for tasks to queue
[2026-03-15T17:25:38.275+0000] {logging_mixin.py:188} INFO - [2026-03-15T17:25:38.275+0000] {dagbag.py:540} INFO - Filling up the DagBag from /home/airflow/.local/lib/python3.11/site-packages/airflow/example_dags/example_datasets.py
[2026-03-15T17:25:38.282+0000] {processor.py:840} INFO - DAG(s) 'dataset_produces_2', 'dataset_consumes_1', 'dataset_consumes_1_never_scheduled', 'dataset_consumes_unknown_never_scheduled', 'dataset_consumes_1_and_2', 'dataset_produces_1' retrieved from /home/airflow/.local/lib/python3.11/site-packages/airflow/example_dags/example_datasets.py
[2026-03-15T17:25:38.384+0000] {logging_mixin.py:188} INFO - [2026-03-15T17:25:38.384+0000] {dag.py:3047} INFO - Sync 6 DAGs
[2026-03-15T17:25:38.400+0000] {logging_mixin.py:188} INFO - [2026-03-15T17:25:38.400+0000] {dag.py:3834} INFO - Setting next_dagrun for dataset_consumes_1 to None, run_after=None
[2026-03-15T17:25:38.402+0000] {logging_mixin.py:188} INFO - [2026-03-15T17:25:38.402+0000] {dag.py:3834} INFO - Setting next_dagrun for dataset_consumes_1_and_2 to None, run_after=None
[2026-03-15T17:25:38.403+0000] {logging_mixin.py:188} INFO - [2026-03-15T17:25:38.403+0000] {dag.py:3834} INFO - Setting next_dagrun for dataset_consumes_1_never_scheduled to None, run_after=None
[2026-03-15T17:25:38.404+0000] {logging_mixin.py:188} INFO - [2026-03-15T17:25:38.404+0000] {dag.py:3834} INFO - Setting next_dagrun for dataset_consumes_unknown_never_scheduled to None, run_after=None
[2026-03-15T17:25:38.407+0000] {logging_mixin.py:188} INFO - [2026-03-15T17:25:38.406+0000] {dag.py:3834} INFO - Setting next_dagrun for dataset_produces_1 to 2026-03-14 00:00:00+00:00, run_after=2026-03-15 00:00:00+00:00
[2026-03-15T17:25:38.408+0000] {logging_mixin.py:188} INFO - [2026-03-15T17:25:38.408+0000] {dag.py:3834} INFO - Setting next_dagrun for dataset_produces_2 to None, run_after=None
[2026-03-15T17:25:38.434+0000] {processor.py:183} INFO - Processing /home/airflow/.local/lib/python3.11/site-packages/airflow/example_dags/example_datasets.py took 0.164 seconds
[2026-03-15T17:25:41.314+0000] {processor.py:161} INFO - Started process (PID=213) to work on /home/airflow/.local/lib/python3.11/site-packages/airflow/example_dags/example_datasets.py
[2026-03-15T17:25:41.315+0000] {processor.py:830} INFO - Processing file /home/airflow/.local/lib/python3.11/site-packages/airflow/example_dags/example_datasets.py for tasks to queue
[2026-03-15T17:25:41.317+0000] {logging_mixin.py:188} INFO - [2026-03-15T17:25:41.317+0000] {dagbag.py:540} INFO - Filling up the DagBag from /home/airflow/.local/lib/python3.11/site-packages/airflow/example_dags/example_datasets.py
[2026-03-15T17:25:41.325+0000] {processor.py:840} INFO - DAG(s) 'dataset_consumes_1', 'dataset_produces_2', 'dataset_consumes_unknown_never_scheduled', 'dataset_consumes_1_and_2', 'dataset_consumes_1_never_scheduled', 'dataset_produces_1' retrieved from /home/airflow/.local/lib/python3.11/site-packages/airflow/example_dags/example_datasets.py
[2026-03-15T17:25:41.337+0000] {logging_mixin.py:188} INFO - [2026-03-15T17:25:41.337+0000] {dag.py:3047} INFO - Sync 6 DAGs
[2026-03-15T17:25:41.354+0000] {logging_mixin.py:188} INFO - [2026-03-15T17:25:41.354+0000] {dag.py:3834} INFO - Setting next_dagrun for dataset_consumes_1 to None, run_after=None
[2026-03-15T17:25:41.356+0000] {logging_mixin.py:188} INFO - [2026-03-15T17:25:41.356+0000] {dag.py:3834} INFO - Setting next_dagrun for dataset_consumes_1_and_2 to None, run_after=None
[2026-03-15T17:25:41.357+0000] {logging_mixin.py:188} INFO - [2026-03-15T17:25:41.357+0000] {dag.py:3834} INFO - Setting next_dagrun for dataset_consumes_1_never_scheduled to None, run_after=None
[2026-03-15T17:25:41.358+0000] {logging_mixin.py:188} INFO - [2026-03-15T17:25:41.358+0000] {dag.py:3834} INFO - Setting next_dagrun for dataset_consumes_unknown_never_scheduled to None, run_after=None
[2026-03-15T17:25:41.360+0000] {logging_mixin.py:188} INFO - [2026-03-15T17:25:41.360+0000] {dag.py:3834} INFO - Setting next_dagrun for dataset_produces_1 to 2026-03-14 00:00:00+00:00, run_after=2026-03-15 00:00:00+00:00
[2026-03-15T17:25:41.361+0000] {logging_mixin.py:188} INFO - [2026-03-15T17:25:41.360+0000] {dag.py:3834} INFO - Setting next_dagrun for dataset_produces_2 to None, run_after=None
[2026-03-15T17:25:41.383+0000] {processor.py:183} INFO - Processing /home/airflow/.local/lib/python3.11/site-packages/airflow/example_dags/example_datasets.py took 0.072 seconds
[2026-03-15T17:25:46.604+0000] {processor.py:161} INFO - Started process (PID=256) to work on /home/airflow/.local/lib/python3.11/site-packages/airflow/example_dags/example_datasets.py
[2026-03-15T17:25:46.605+0000] {processor.py:830} INFO - Processing file /home/airflow/.local/lib/python3.11/site-packages/airflow/example_dags/example_datasets.py for tasks to queue
[2026-03-15T17:25:46.607+0000] {logging_mixin.py:188} INFO - [2026-03-15T17:25:46.606+0000] {dagbag.py:540} INFO - Filling up the DagBag from /home/airflow/.local/lib/python3.11/site-packages/airflow/example_dags/example_datasets.py
[2026-03-15T17:25:46.614+0000] {processor.py:840} INFO - DAG(s) 'dataset_produces_2', 'dataset_produces_1', 'dataset_consumes_1_never_scheduled', 'dataset_consumes_1_and_2', 'dataset_consumes_1', 'dataset_consumes_unknown_never_scheduled' retrieved from /home/airflow/.local/lib/python3.11/site-packages/airflow/example_dags/example_datasets.py
[2026-03-15T17:25:46.626+0000] {logging_mixin.py:188} INFO - [2026-03-15T17:25:46.626+0000] {dag.py:3047} INFO - Sync 6 DAGs
[2026-03-15T17:25:46.642+0000] {logging_mixin.py:188} INFO - [2026-03-15T17:25:46.642+0000] {dag.py:3834} INFO - Setting next_dagrun for dataset_consumes_1 to None, run_after=None
[2026-03-15T17:25:46.644+0000] {logging_mixin.py:188} INFO - [2026-03-15T17:25:46.644+0000] {dag.py:3834} INFO - Setting next_dagrun for dataset_consumes_1_and_2 to None, run_after=None
[2026-03-15T17:25:46.651+0000] {logging_mixin.py:188} INFO - [2026-03-15T17:25:46.651+0000] {dag.py:3834} INFO - Setting next_dagrun for dataset_consumes_1_never_scheduled to None, run_after=None
[2026-03-15T17:25:46.653+0000] {logging_mixin.py:188} INFO - [2026-03-15T17:25:46.653+0000] {dag.py:3834} INFO - Setting next_dagrun for dataset_consumes_unknown_never_scheduled to None, run_after=None
[2026-03-15T17:25:46.655+0000] {logging_mixin.py:188} INFO - [2026-03-15T17:25:46.655+0000] {dag.py:3834} INFO - Setting next_dagrun for dataset_produces_1 to 2026-03-14 00:00:00+00:00, run_after=2026-03-15 00:00:00+00:00
[2026-03-15T17:25:46.656+0000] {logging_mixin.py:188} INFO - [2026-03-15T17:25:46.656+0000] {dag.py:3834} INFO - Setting next_dagrun for dataset_produces_2 to None, run_after=None
[2026-03-15T17:25:46.679+0000] {processor.py:183} INFO - Processing /home/airflow/.local/lib/python3.11/site-packages/airflow/example_dags/example_datasets.py took 0.077 seconds
[2026-03-15T17:25:51.676+0000] {processor.py:161} INFO - Started process (PID=307) to work on /home/airflow/.local/lib/python3.11/site-packages/airflow/example_dags/example_datasets.py
[2026-03-15T17:25:51.677+0000] {processor.py:830} INFO - Processing file /home/airflow/.local/lib/python3.11/site-packages/airflow/example_dags/example_datasets.py for tasks to queue
[2026-03-15T17:25:51.679+0000] {logging_mixin.py:188} INFO - [2026-03-15T17:25:51.679+0000] {dagbag.py:540} INFO - Filling up the DagBag from /home/airflow/.local/lib/python3.11/site-packages/airflow/example_dags/example_datasets.py
[2026-03-15T17:25:51.686+0000] {processor.py:840} INFO - DAG(s) 'dataset_consumes_1', 'dataset_consumes_1_never_scheduled', 'dataset_consumes_1_and_2', 'dataset_consumes_unknown_never_scheduled', 'dataset_produces_1', 'dataset_produces_2' retrieved from /home/airflow/.local/lib/python3.11/site-packages/airflow/example_dags/example_datasets.py
[2026-03-15T17:25:51.698+0000] {logging_mixin.py:188} INFO - [2026-03-15T17:25:51.698+0000] {dag.py:3047} INFO - Sync 6 DAGs
[2026-03-15T17:25:51.717+0000] {logging_mixin.py:188} INFO - [2026-03-15T17:25:51.716+0000] {dag.py:3834} INFO - Setting next_dagrun for dataset_consumes_1 to None, run_after=None
[2026-03-15T17:25:51.720+0000] {logging_mixin.py:188} INFO - [2026-03-15T17:25:51.719+0000] {dag.py:3834} INFO - Setting next_dagrun for dataset_consumes_1_and_2 to None, run_after=None
[2026-03-15T17:25:51.721+0000] {logging_mixin.py:188} INFO - [2026-03-15T17:25:51.721+0000] {dag.py:3834} INFO - Setting next_dagrun for dataset_consumes_1_never_scheduled to None, run_after=None
[2026-03-15T17:25:51.722+0000] {logging_mixin.py:188} INFO - [2026-03-15T17:25:51.722+0000] {dag.py:3834} INFO - Setting next_dagrun for dataset_consumes_unknown_never_scheduled to None, run_after=None
[2026-03-15T17:25:51.724+0000] {logging_mixin.py:188} INFO - [2026-03-15T17:25:51.724+0000] {dag.py:3834} INFO - Setting next_dagrun for dataset_produces_1 to 2026-03-14 00:00:00+00:00, run_after=2026-03-15 00:00:00+00:00
[2026-03-15T17:25:51.725+0000] {logging_mixin.py:188} INFO - [2026-03-15T17:25:51.725+0000] {dag.py:3834} INFO - Setting next_dagrun for dataset_produces_2 to None, run_after=None
[2026-03-15T17:25:51.749+0000] {processor.py:183} INFO - Processing /home/airflow/.local/lib/python3.11/site-packages/airflow/example_dags/example_datasets.py took 0.075 seconds
[2026-03-15T17:26:21.980+0000] {processor.py:161} INFO - Started process (PID=358) to work on /home/airflow/.local/lib/python3.11/site-packages/airflow/example_dags/example_datasets.py
[2026-03-15T17:26:21.981+0000] {processor.py:830} INFO - Processing file /home/airflow/.local/lib/python3.11/site-packages/airflow/example_dags/example_datasets.py for tasks to queue
[2026-03-15T17:26:21.983+0000] {logging_mixin.py:188} INFO - [2026-03-15T17:26:21.982+0000] {dagbag.py:540} INFO - Filling up the DagBag from /home/airflow/.local/lib/python3.11/site-packages/airflow/example_dags/example_datasets.py
[2026-03-15T17:26:21.990+0000] {processor.py:840} INFO - DAG(s) 'dataset_consumes_1_never_scheduled', 'dataset_consumes_1_and_2', 'dataset_consumes_unknown_never_scheduled', 'dataset_consumes_1', 'dataset_produces_2', 'dataset_produces_1' retrieved from /home/airflow/.local/lib/python3.11/site-packages/airflow/example_dags/example_datasets.py
[2026-03-15T17:26:22.015+0000] {logging_mixin.py:188} INFO - [2026-03-15T17:26:22.015+0000] {dag.py:3047} INFO - Sync 6 DAGs
[2026-03-15T17:26:22.032+0000] {logging_mixin.py:188} INFO - [2026-03-15T17:26:22.032+0000] {dag.py:3834} INFO - Setting next_dagrun for dataset_consumes_1 to None, run_after=None
[2026-03-15T17:26:22.035+0000] {logging_mixin.py:188} INFO - [2026-03-15T17:26:22.035+0000] {dag.py:3834} INFO - Setting next_dagrun for dataset_consumes_1_and_2 to None, run_after=None
[2026-03-15T17:26:22.036+0000] {logging_mixin.py:188} INFO - [2026-03-15T17:26:22.036+0000] {dag.py:3834} INFO - Setting next_dagrun for dataset_consumes_1_never_scheduled to None, run_after=None
[2026-03-15T17:26:22.037+0000] {logging_mixin.py:188} INFO - [2026-03-15T17:26:22.037+0000] {dag.py:3834} INFO - Setting next_dagrun for dataset_consumes_unknown_never_scheduled to None, run_after=None
[2026-03-15T17:26:22.039+0000] {logging_mixin.py:188} INFO - [2026-03-15T17:26:22.039+0000] {dag.py:3834} INFO - Setting next_dagrun for dataset_produces_1 to 2026-03-14 00:00:00+00:00, run_after=2026-03-15 00:00:00+00:00
[2026-03-15T17:26:22.040+0000] {logging_mixin.py:188} INFO - [2026-03-15T17:26:22.040+0000] {dag.py:3834} INFO - Setting next_dagrun for dataset_produces_2 to None, run_after=None
[2026-03-15T17:26:22.062+0000] {processor.py:183} INFO - Processing /home/airflow/.local/lib/python3.11/site-packages/airflow/example_dags/example_datasets.py took 0.086 seconds
[2026-03-15T17:26:52.458+0000] {processor.py:161} INFO - Started process (PID=408) to work on /home/airflow/.local/lib/python3.11/site-packages/airflow/example_dags/example_datasets.py
[2026-03-15T17:26:52.459+0000] {processor.py:830} INFO - Processing file /home/airflow/.local/lib/python3.11/site-packages/airflow/example_dags/example_datasets.py for tasks to queue
[2026-03-15T17:26:52.461+0000] {logging_mixin.py:188} INFO - [2026-03-15T17:26:52.460+0000] {dagbag.py:540} INFO - Filling up the DagBag from /home/airflow/.local/lib/python3.11/site-packages/airflow/example_dags/example_datasets.py
[2026-03-15T17:26:52.470+0000] {processor.py:840} INFO - DAG(s) 'dataset_consumes_1_and_2', 'dataset_consumes_1', 'dataset_produces_1', 'dataset_produces_2', 'dataset_consumes_unknown_never_scheduled', 'dataset_consumes_1_never_scheduled' retrieved from /home/airflow/.local/lib/python3.11/site-packages/airflow/example_dags/example_datasets.py
[2026-03-15T17:26:52.502+0000] {logging_mixin.py:188} INFO - [2026-03-15T17:26:52.502+0000] {dag.py:3047} INFO - Sync 6 DAGs
[2026-03-15T17:26:52.524+0000] {logging_mixin.py:188} INFO - [2026-03-15T17:26:52.524+0000] {dag.py:3834} INFO - Setting next_dagrun for dataset_consumes_1 to None, run_after=None
[2026-03-15T17:26:52.529+0000] {logging_mixin.py:188} INFO - [2026-03-15T17:26:52.529+0000] {dag.py:3834} INFO - Setting next_dagrun for dataset_consumes_1_and_2 to None, run_after=None
[2026-03-15T17:26:52.531+0000] {logging_mixin.py:188} INFO - [2026-03-15T17:26:52.531+0000] {dag.py:3834} INFO - Setting next_dagrun for dataset_consumes_1_never_scheduled to None, run_after=None
[2026-03-15T17:26:52.533+0000] {logging_mixin.py:188} INFO - [2026-03-15T17:26:52.533+0000] {dag.py:3834} INFO - Setting next_dagrun for dataset_consumes_unknown_never_scheduled to None, run_after=None
[2026-03-15T17:26:52.536+0000] {logging_mixin.py:188} INFO - [2026-03-15T17:26:52.535+0000] {dag.py:3834} INFO - Setting next_dagrun for dataset_produces_1 to 2026-03-14 00:00:00+00:00, run_after=2026-03-15 00:00:00+00:00
[2026-03-15T17:26:52.537+0000] {logging_mixin.py:188} INFO - [2026-03-15T17:26:52.537+0000] {dag.py:3834} INFO - Setting next_dagrun for dataset_produces_2 to None, run_after=None
[2026-03-15T17:26:52.571+0000] {processor.py:183} INFO - Processing /home/airflow/.local/lib/python3.11/site-packages/airflow/example_dags/example_datasets.py took 0.118 seconds
[2026-03-15T17:26:57.233+0000] {processor.py:161} INFO - Started process (PID=459) to work on /home/airflow/.local/lib/python3.11/site-packages/airflow/example_dags/example_datasets.py
[2026-03-15T17:26:57.234+0000] {processor.py:830} INFO - Processing file /home/airflow/.local/lib/python3.11/site-packages/airflow/example_dags/example_datasets.py for tasks to queue
[2026-03-15T17:26:57.236+0000] {logging_mixin.py:188} INFO - [2026-03-15T17:26:57.236+0000] {dagbag.py:540} INFO - Filling up the DagBag from /home/airflow/.local/lib/python3.11/site-packages/airflow/example_dags/example_datasets.py
[2026-03-15T17:26:57.244+0000] {processor.py:840} INFO - DAG(s) 'dataset_consumes_unknown_never_scheduled', 'dataset_consumes_1_and_2', 'dataset_consumes_1', 'dataset_produces_1', 'dataset_consumes_1_never_scheduled', 'dataset_produces_2' retrieved from /home/airflow/.local/lib/python3.11/site-packages/airflow/example_dags/example_datasets.py
[2026-03-15T17:26:57.271+0000] {logging_mixin.py:188} INFO - [2026-03-15T17:26:57.271+0000] {dag.py:3047} INFO - Sync 6 DAGs
[2026-03-15T17:26:57.291+0000] {logging_mixin.py:188} INFO - [2026-03-15T17:26:57.291+0000] {dag.py:3834} INFO - Setting next_dagrun for dataset_consumes_1 to None, run_after=None
[2026-03-15T17:26:57.294+0000] {logging_mixin.py:188} INFO - [2026-03-15T17:26:57.294+0000] {dag.py:3834} INFO - Setting next_dagrun for dataset_consumes_1_and_2 to None, run_after=None
[2026-03-15T17:26:57.295+0000] {logging_mixin.py:188} INFO - [2026-03-15T17:26:57.295+0000] {dag.py:3834} INFO - Setting next_dagrun for dataset_consumes_1_never_scheduled to None, run_after=None
[2026-03-15T17:26:57.296+0000] {logging_mixin.py:188} INFO - [2026-03-15T17:26:57.296+0000] {dag.py:3834} INFO - Setting next_dagrun for dataset_consumes_unknown_never_scheduled to None, run_after=None
[2026-03-15T17:26:57.298+0000] {logging_mixin.py:188} INFO - [2026-03-15T17:26:57.298+0000] {dag.py:3834} INFO - Setting next_dagrun for dataset_produces_1 to 2026-03-14 00:00:00+00:00, run_after=2026-03-15 00:00:00+00:00
[2026-03-15T17:26:57.299+0000] {logging_mixin.py:188} INFO - [2026-03-15T17:26:57.299+0000] {dag.py:3834} INFO - Setting next_dagrun for dataset_produces_2 to None, run_after=None
[2026-03-15T17:26:57.323+0000] {processor.py:183} INFO - Processing /home/airflow/.local/lib/python3.11/site-packages/airflow/example_dags/example_datasets.py took 0.095 seconds
[2026-03-15T17:27:07.607+0000] {processor.py:161} INFO - Started process (PID=509) to work on /home/airflow/.local/lib/python3.11/site-packages/airflow/example_dags/example_datasets.py
[2026-03-15T17:27:07.608+0000] {processor.py:830} INFO - Processing file /home/airflow/.local/lib/python3.11/site-packages/airflow/example_dags/example_datasets.py for tasks to queue
[2026-03-15T17:27:07.610+0000] {logging_mixin.py:188} INFO - [2026-03-15T17:27:07.610+0000] {dagbag.py:540} INFO - Filling up the DagBag from /home/airflow/.local/lib/python3.11/site-packages/airflow/example_dags/example_datasets.py
[2026-03-15T17:27:07.618+0000] {processor.py:840} INFO - DAG(s) 'dataset_consumes_1_and_2', 'dataset_consumes_1_never_scheduled', 'dataset_consumes_1', 'dataset_produces_1', 'dataset_consumes_unknown_never_scheduled', 'dataset_produces_2' retrieved from /home/airflow/.local/lib/python3.11/site-packages/airflow/example_dags/example_datasets.py
[2026-03-15T17:27:07.648+0000] {logging_mixin.py:188} INFO - [2026-03-15T17:27:07.647+0000] {dag.py:3047} INFO - Sync 6 DAGs
[2026-03-15T17:27:07.662+0000] {logging_mixin.py:188} INFO - [2026-03-15T17:27:07.662+0000] {dag.py:3834} INFO - Setting next_dagrun for dataset_consumes_1 to None, run_after=None
[2026-03-15T17:27:07.665+0000] {logging_mixin.py:188} INFO - [2026-03-15T17:27:07.665+0000] {dag.py:3834} INFO - Setting next_dagrun for dataset_consumes_1_and_2 to None, run_after=None
[2026-03-15T17:27:07.666+0000] {logging_mixin.py:188} INFO - [2026-03-15T17:27:07.666+0000] {dag.py:3834} INFO - Setting next_dagrun for dataset_consumes_1_never_scheduled to None, run_after=None
[2026-03-15T17:27:07.667+0000] {logging_mixin.py:188} INFO - [2026-03-15T17:27:07.667+0000] {dag.py:3834} INFO - Setting next_dagrun for dataset_consumes_unknown_never_scheduled to None, run_after=None
[2026-03-15T17:27:07.669+0000] {logging_mixin.py:188} INFO - [2026-03-15T17:27:07.669+0000] {dag.py:3834} INFO - Setting next_dagrun for dataset_produces_1 to 2026-03-14 00:00:00+00:00, run_after=2026-03-15 00:00:00+00:00
[2026-03-15T17:27:07.670+0000] {logging_mixin.py:188} INFO - [2026-03-15T17:27:07.669+0000] {dag.py:3834} INFO - Setting next_dagrun for dataset_produces_2 to None, run_after=None
[2026-03-15T17:27:07.691+0000] {processor.py:183} INFO - Processing /home/airflow/.local/lib/python3.11/site-packages/airflow/example_dags/example_datasets.py took 0.087 seconds
[2026-03-15T17:27:11.957+0000] {processor.py:161} INFO - Started process (PID=558) to work on /home/airflow/.local/lib/python3.11/site-packages/airflow/example_dags/example_datasets.py
[2026-03-15T17:27:11.959+0000] {processor.py:830} INFO - Processing file /home/airflow/.local/lib/python3.11/site-packages/airflow/example_dags/example_datasets.py for tasks to queue
[2026-03-15T17:27:11.961+0000] {logging_mixin.py:188} INFO - [2026-03-15T17:27:11.960+0000] {dagbag.py:540} INFO - Filling up the DagBag from /home/airflow/.local/lib/python3.11/site-packages/airflow/example_dags/example_datasets.py
[2026-03-15T17:27:11.968+0000] {processor.py:840} INFO - DAG(s) 'dataset_produces_1', 'dataset_consumes_1_never_scheduled', 'dataset_consumes_1', 'dataset_consumes_unknown_never_scheduled', 'dataset_consumes_1_and_2', 'dataset_produces_2' retrieved from /home/airflow/.local/lib/python3.11/site-packages/airflow/example_dags/example_datasets.py
[2026-03-15T17:27:11.992+0000] {logging_mixin.py:188} INFO - [2026-03-15T17:27:11.991+0000] {dag.py:3047} INFO - Sync 6 DAGs
[2026-03-15T17:27:12.007+0000] {logging_mixin.py:188} INFO - [2026-03-15T17:27:12.007+0000] {dag.py:3834} INFO - Setting next_dagrun for dataset_consumes_1 to None, run_after=None
[2026-03-15T17:27:12.009+0000] {logging_mixin.py:188} INFO - [2026-03-15T17:27:12.009+0000] {dag.py:3834} INFO - Setting next_dagrun for dataset_consumes_1_and_2 to None, run_after=None
[2026-03-15T17:27:12.010+0000] {logging_mixin.py:188} INFO - [2026-03-15T17:27:12.010+0000] {dag.py:3834} INFO - Setting next_dagrun for dataset_consumes_1_never_scheduled to None, run_after=None
[2026-03-15T17:27:12.011+0000] {logging_mixin.py:188} INFO - [2026-03-15T17:27:12.011+0000] {dag.py:3834} INFO - Setting next_dagrun for dataset_consumes_unknown_never_scheduled to None, run_after=None
[2026-03-15T17:27:12.013+0000] {logging_mixin.py:188} INFO - [2026-03-15T17:27:12.012+0000] {dag.py:3834} INFO - Setting next_dagrun for dataset_produces_1 to 2026-03-14 00:00:00+00:00, run_after=2026-03-15 00:00:00+00:00
[2026-03-15T17:27:12.014+0000] {logging_mixin.py:188} INFO - [2026-03-15T17:27:12.013+0000] {dag.py:3834} INFO - Setting next_dagrun for dataset_produces_2 to None, run_after=None
[2026-03-15T17:27:12.035+0000] {processor.py:183} INFO - Processing /home/airflow/.local/lib/python3.11/site-packages/airflow/example_dags/example_datasets.py took 0.081 seconds
[2026-03-15T17:28:02.092+0000] {processor.py:161} INFO - Started process (PID=120) to work on /home/airflow/.local/lib/python3.11/site-packages/airflow/example_dags/example_datasets.py
[2026-03-15T17:28:02.093+0000] {processor.py:830} INFO - Processing file /home/airflow/.local/lib/python3.11/site-packages/airflow/example_dags/example_datasets.py for tasks to queue
[2026-03-15T17:28:02.095+0000] {logging_mixin.py:188} INFO - [2026-03-15T17:28:02.095+0000] {dagbag.py:540} INFO - Filling up the DagBag from /home/airflow/.local/lib/python3.11/site-packages/airflow/example_dags/example_datasets.py
[2026-03-15T17:28:02.106+0000] {processor.py:840} INFO - DAG(s) 'dataset_produces_1', 'dataset_consumes_1', 'dataset_consumes_1_never_scheduled', 'dataset_produces_2', 'dataset_consumes_unknown_never_scheduled', 'dataset_consumes_1_and_2' retrieved from /home/airflow/.local/lib/python3.11/site-packages/airflow/example_dags/example_datasets.py
[2026-03-15T17:28:02.210+0000] {logging_mixin.py:188} INFO - [2026-03-15T17:28:02.209+0000] {override.py:1769} INFO - Created Permission View: can edit on DAG:dataset_produces_1
[2026-03-15T17:28:02.221+0000] {logging_mixin.py:188} INFO - [2026-03-15T17:28:02.221+0000] {override.py:1769} INFO - Created Permission View: can read on DAG:dataset_produces_1
[2026-03-15T17:28:02.230+0000] {logging_mixin.py:188} INFO - [2026-03-15T17:28:02.229+0000] {override.py:1769} INFO - Created Permission View: can delete on DAG:dataset_produces_1
[2026-03-15T17:28:02.245+0000] {logging_mixin.py:188} INFO - [2026-03-15T17:28:02.245+0000] {override.py:1769} INFO - Created Permission View: can edit on DAG:dataset_consumes_1
[2026-03-15T17:28:02.253+0000] {logging_mixin.py:188} INFO - [2026-03-15T17:28:02.252+0000] {override.py:1769} INFO - Created Permission View: can read on DAG:dataset_consumes_1
[2026-03-15T17:28:02.263+0000] {logging_mixin.py:188} INFO - [2026-03-15T17:28:02.263+0000] {override.py:1769} INFO - Created Permission View: can delete on DAG:dataset_consumes_1
[2026-03-15T17:28:02.281+0000] {logging_mixin.py:188} INFO - [2026-03-15T17:28:02.280+0000] {override.py:1769} INFO - Created Permission View: can edit on DAG:dataset_consumes_1_never_scheduled
[2026-03-15T17:28:02.288+0000] {logging_mixin.py:188} INFO - [2026-03-15T17:28:02.288+0000] {override.py:1769} INFO - Created Permission View: can read on DAG:dataset_consumes_1_never_scheduled
[2026-03-15T17:28:02.296+0000] {logging_mixin.py:188} INFO - [2026-03-15T17:28:02.295+0000] {override.py:1769} INFO - Created Permission View: can delete on DAG:dataset_consumes_1_never_scheduled
[2026-03-15T17:28:02.310+0000] {logging_mixin.py:188} INFO - [2026-03-15T17:28:02.309+0000] {override.py:1769} INFO - Created Permission View: can edit on DAG:dataset_produces_2
[2026-03-15T17:28:02.318+0000] {logging_mixin.py:188} INFO - [2026-03-15T17:28:02.317+0000] {override.py:1769} INFO - Created Permission View: can read on DAG:dataset_produces_2
[2026-03-15T17:28:02.325+0000] {logging_mixin.py:188} INFO - [2026-03-15T17:28:02.325+0000] {override.py:1769} INFO - Created Permission View: can delete on DAG:dataset_produces_2
[2026-03-15T17:28:02.343+0000] {logging_mixin.py:188} INFO - [2026-03-15T17:28:02.342+0000] {override.py:1769} INFO - Created Permission View: can edit on DAG:dataset_consumes_unknown_never_scheduled
[2026-03-15T17:28:02.352+0000] {logging_mixin.py:188} INFO - [2026-03-15T17:28:02.352+0000] {override.py:1769} INFO - Created Permission View: can read on DAG:dataset_consumes_unknown_never_scheduled
[2026-03-15T17:28:02.362+0000] {logging_mixin.py:188} INFO - [2026-03-15T17:28:02.362+0000] {override.py:1769} INFO - Created Permission View: can delete on DAG:dataset_consumes_unknown_never_scheduled
[2026-03-15T17:28:02.380+0000] {logging_mixin.py:188} INFO - [2026-03-15T17:28:02.380+0000] {override.py:1769} INFO - Created Permission View: can edit on DAG:dataset_consumes_1_and_2
[2026-03-15T17:28:02.389+0000] {logging_mixin.py:188} INFO - [2026-03-15T17:28:02.389+0000] {override.py:1769} INFO - Created Permission View: can read on DAG:dataset_consumes_1_and_2
[2026-03-15T17:28:02.398+0000] {logging_mixin.py:188} INFO - [2026-03-15T17:28:02.397+0000] {override.py:1769} INFO - Created Permission View: can delete on DAG:dataset_consumes_1_and_2
[2026-03-15T17:28:02.398+0000] {logging_mixin.py:188} INFO - [2026-03-15T17:28:02.398+0000] {dag.py:3047} INFO - Sync 6 DAGs
[2026-03-15T17:28:02.411+0000] {logging_mixin.py:188} INFO - [2026-03-15T17:28:02.410+0000] {dag.py:3069} INFO - Creating ORM DAG for dataset_consumes_1_and_2
[2026-03-15T17:28:02.412+0000] {logging_mixin.py:188} INFO - [2026-03-15T17:28:02.412+0000] {dag.py:3069} INFO - Creating ORM DAG for dataset_consumes_1_never_scheduled
[2026-03-15T17:28:03.872+0000] {logging_mixin.py:188} INFO - [2026-03-15T17:28:03.872+0000] {dag.py:3069} INFO - Creating ORM DAG for dataset_consumes_unknown_never_scheduled
[2026-03-15T17:28:56.636+0000] {logging_mixin.py:188} INFO - [2026-03-15T17:28:56.635+0000] {dag.py:3069} INFO - Creating ORM DAG for dataset_consumes_1
[2026-03-15T17:28:56.637+0000] {logging_mixin.py:188} INFO - [2026-03-15T17:28:56.637+0000] {dag.py:3069} INFO - Creating ORM DAG for dataset_produces_1
[2026-03-15T17:28:56.638+0000] {logging_mixin.py:188} INFO - [2026-03-15T17:28:56.637+0000] {dag.py:3069} INFO - Creating ORM DAG for dataset_produces_2
[2026-03-15T17:28:56.650+0000] {logging_mixin.py:188} INFO - [2026-03-15T17:28:56.649+0000] {dag.py:3834} INFO - Setting next_dagrun for dataset_consumes_1 to None, run_after=None
[2026-03-15T17:28:56.651+0000] {logging_mixin.py:188} INFO - [2026-03-15T17:28:56.650+0000] {dag.py:3834} INFO - Setting next_dagrun for dataset_consumes_1_and_2 to None, run_after=None
[2026-03-15T17:28:56.652+0000] {logging_mixin.py:188} INFO - [2026-03-15T17:28:56.652+0000] {dag.py:3834} INFO - Setting next_dagrun for dataset_consumes_1_never_scheduled to None, run_after=None
[2026-03-15T17:28:56.653+0000] {logging_mixin.py:188} INFO - [2026-03-15T17:28:56.653+0000] {dag.py:3834} INFO - Setting next_dagrun for dataset_consumes_unknown_never_scheduled to None, run_after=None
[2026-03-15T17:28:56.655+0000] {logging_mixin.py:188} INFO - [2026-03-15T17:28:56.655+0000] {dag.py:3834} INFO - Setting next_dagrun for dataset_produces_1 to 2026-03-14 00:00:00+00:00, run_after=2026-03-15 00:00:00+00:00
[2026-03-15T17:28:56.656+0000] {logging_mixin.py:188} INFO - [2026-03-15T17:28:56.656+0000] {dag.py:3834} INFO - Setting next_dagrun for dataset_produces_2 to None, run_after=None
[2026-03-15T17:29:09.724+0000] {processor.py:161} INFO - Started process (PID=318) to work on /home/airflow/.local/lib/python3.11/site-packages/airflow/example_dags/example_datasets.py
[2026-03-15T17:29:09.725+0000] {processor.py:830} INFO - Processing file /home/airflow/.local/lib/python3.11/site-packages/airflow/example_dags/example_datasets.py for tasks to queue
[2026-03-15T17:29:09.727+0000] {logging_mixin.py:188} INFO - [2026-03-15T17:29:09.727+0000] {dagbag.py:540} INFO - Filling up the DagBag from /home/airflow/.local/lib/python3.11/site-packages/airflow/example_dags/example_datasets.py
[2026-03-15T17:29:09.736+0000] {processor.py:840} INFO - DAG(s) 'dataset_produces_1', 'dataset_consumes_1_and_2', 'dataset_consumes_unknown_never_scheduled', 'dataset_consumes_1', 'dataset_produces_2', 'dataset_consumes_1_never_scheduled' retrieved from /home/airflow/.local/lib/python3.11/site-packages/airflow/example_dags/example_datasets.py
[2026-03-15T17:29:09.761+0000] {logging_mixin.py:188} INFO - [2026-03-15T17:29:09.761+0000] {dag.py:3047} INFO - Sync 6 DAGs
[2026-03-15T17:29:09.780+0000] {logging_mixin.py:188} INFO - [2026-03-15T17:29:09.780+0000] {dag.py:3834} INFO - Setting next_dagrun for dataset_consumes_1 to None, run_after=None
[2026-03-15T17:29:09.787+0000] {logging_mixin.py:188} INFO - [2026-03-15T17:29:09.787+0000] {dag.py:3834} INFO - Setting next_dagrun for dataset_consumes_1_and_2 to None, run_after=None
[2026-03-15T17:29:09.788+0000] {logging_mixin.py:188} INFO - [2026-03-15T17:29:09.788+0000] {dag.py:3834} INFO - Setting next_dagrun for dataset_consumes_1_never_scheduled to None, run_after=None
[2026-03-15T17:29:09.789+0000] {logging_mixin.py:188} INFO - [2026-03-15T17:29:09.789+0000] {dag.py:3834} INFO - Setting next_dagrun for dataset_consumes_unknown_never_scheduled to None, run_after=None
[2026-03-15T17:29:09.791+0000] {logging_mixin.py:188} INFO - [2026-03-15T17:29:09.791+0000] {dag.py:3834} INFO - Setting next_dagrun for dataset_produces_1 to 2026-03-14 00:00:00+00:00, run_after=2026-03-15 00:00:00+00:00
[2026-03-15T17:29:09.792+0000] {logging_mixin.py:188} INFO - [2026-03-15T17:29:09.791+0000] {dag.py:3834} INFO - Setting next_dagrun for dataset_produces_2 to None, run_after=None
[2026-03-15T17:29:09.814+0000] {processor.py:183} INFO - Processing /home/airflow/.local/lib/python3.11/site-packages/airflow/example_dags/example_datasets.py took 0.094 seconds
[2026-03-15T17:29:39.986+0000] {processor.py:161} INFO - Started process (PID=369) to work on /home/airflow/.local/lib/python3.11/site-packages/airflow/example_dags/example_datasets.py
[2026-03-15T17:29:39.988+0000] {processor.py:830} INFO - Processing file /home/airflow/.local/lib/python3.11/site-packages/airflow/example_dags/example_datasets.py for tasks to queue
[2026-03-15T17:29:39.989+0000] {logging_mixin.py:188} INFO - [2026-03-15T17:29:39.989+0000] {dagbag.py:540} INFO - Filling up the DagBag from /home/airflow/.local/lib/python3.11/site-packages/airflow/example_dags/example_datasets.py
[2026-03-15T17:29:39.997+0000] {processor.py:840} INFO - DAG(s) 'dataset_consumes_1_never_scheduled', 'dataset_consumes_unknown_never_scheduled', 'dataset_produces_2', 'dataset_consumes_1_and_2', 'dataset_consumes_1', 'dataset_produces_1' retrieved from /home/airflow/.local/lib/python3.11/site-packages/airflow/example_dags/example_datasets.py
[2026-03-15T17:29:40.025+0000] {logging_mixin.py:188} INFO - [2026-03-15T17:29:40.024+0000] {dag.py:3047} INFO - Sync 6 DAGs
[2026-03-15T17:29:40.044+0000] {logging_mixin.py:188} INFO - [2026-03-15T17:29:40.044+0000] {dag.py:3834} INFO - Setting next_dagrun for dataset_consumes_1 to None, run_after=None
[2026-03-15T17:29:40.048+0000] {logging_mixin.py:188} INFO - [2026-03-15T17:29:40.048+0000] {dag.py:3834} INFO - Setting next_dagrun for dataset_consumes_1_and_2 to None, run_after=None
[2026-03-15T17:29:40.049+0000] {logging_mixin.py:188} INFO - [2026-03-15T17:29:40.049+0000] {dag.py:3834} INFO - Setting next_dagrun for dataset_consumes_1_never_scheduled to None, run_after=None
[2026-03-15T17:29:40.051+0000] {logging_mixin.py:188} INFO - [2026-03-15T17:29:40.051+0000] {dag.py:3834} INFO - Setting next_dagrun for dataset_consumes_unknown_never_scheduled to None, run_after=None
[2026-03-15T17:29:40.053+0000] {logging_mixin.py:188} INFO - [2026-03-15T17:29:40.053+0000] {dag.py:3834} INFO - Setting next_dagrun for dataset_produces_1 to 2026-03-14 00:00:00+00:00, run_after=2026-03-15 00:00:00+00:00
[2026-03-15T17:29:40.054+0000] {logging_mixin.py:188} INFO - [2026-03-15T17:29:40.054+0000] {dag.py:3834} INFO - Setting next_dagrun for dataset_produces_2 to None, run_after=None
[2026-03-15T17:29:40.075+0000] {processor.py:183} INFO - Processing /home/airflow/.local/lib/python3.11/site-packages/airflow/example_dags/example_datasets.py took 0.092 seconds
[2026-03-15T17:30:11.015+0000] {processor.py:161} INFO - Started process (PID=421) to work on /home/airflow/.local/lib/python3.11/site-packages/airflow/example_dags/example_datasets.py
[2026-03-15T17:30:11.016+0000] {processor.py:830} INFO - Processing file /home/airflow/.local/lib/python3.11/site-packages/airflow/example_dags/example_datasets.py for tasks to queue
[2026-03-15T17:30:11.018+0000] {logging_mixin.py:188} INFO - [2026-03-15T17:30:11.018+0000] {dagbag.py:540} INFO - Filling up the DagBag from /home/airflow/.local/lib/python3.11/site-packages/airflow/example_dags/example_datasets.py
[2026-03-15T17:30:11.026+0000] {processor.py:840} INFO - DAG(s) 'dataset_consumes_1_and_2', 'dataset_consumes_1_never_scheduled', 'dataset_produces_1', 'dataset_produces_2', 'dataset_consumes_unknown_never_scheduled', 'dataset_consumes_1' retrieved from /home/airflow/.local/lib/python3.11/site-packages/airflow/example_dags/example_datasets.py
[2026-03-15T17:30:11.049+0000] {logging_mixin.py:188} INFO - [2026-03-15T17:30:11.049+0000] {dag.py:3047} INFO - Sync 6 DAGs
[2026-03-15T17:30:11.064+0000] {logging_mixin.py:188} INFO - [2026-03-15T17:30:11.064+0000] {dag.py:3834} INFO - Setting next_dagrun for dataset_consumes_1 to None, run_after=None
[2026-03-15T17:30:11.067+0000] {logging_mixin.py:188} INFO - [2026-03-15T17:30:11.067+0000] {dag.py:3834} INFO - Setting next_dagrun for dataset_consumes_1_and_2 to None, run_after=None
[2026-03-15T17:30:11.068+0000] {logging_mixin.py:188} INFO - [2026-03-15T17:30:11.068+0000] {dag.py:3834} INFO - Setting next_dagrun for dataset_consumes_1_never_scheduled to None, run_after=None
[2026-03-15T17:30:11.069+0000] {logging_mixin.py:188} INFO - [2026-03-15T17:30:11.069+0000] {dag.py:3834} INFO - Setting next_dagrun for dataset_consumes_unknown_never_scheduled to None, run_after=None
[2026-03-15T17:30:11.071+0000] {logging_mixin.py:188} INFO - [2026-03-15T17:30:11.071+0000] {dag.py:3834} INFO - Setting next_dagrun for dataset_produces_1 to 2026-03-14 00:00:00+00:00, run_after=2026-03-15 00:00:00+00:00
[2026-03-15T17:30:11.072+0000] {logging_mixin.py:188} INFO - [2026-03-15T17:30:11.072+0000] {dag.py:3834} INFO - Setting next_dagrun for dataset_produces_2 to None, run_after=None
[2026-03-15T17:30:11.093+0000] {processor.py:183} INFO - Processing /home/airflow/.local/lib/python3.11/site-packages/airflow/example_dags/example_datasets.py took 0.081 seconds
[2026-03-15T17:30:35.416+0000] {processor.py:161} INFO - Started process (PID=482) to work on /home/airflow/.local/lib/python3.11/site-packages/airflow/example_dags/example_datasets.py
[2026-03-15T17:30:35.417+0000] {processor.py:830} INFO - Processing file /home/airflow/.local/lib/python3.11/site-packages/airflow/example_dags/example_datasets.py for tasks to queue
[2026-03-15T17:30:35.421+0000] {logging_mixin.py:188} INFO - [2026-03-15T17:30:35.420+0000] {dagbag.py:540} INFO - Filling up the DagBag from /home/airflow/.local/lib/python3.11/site-packages/airflow/example_dags/example_datasets.py
[2026-03-15T17:30:35.429+0000] {processor.py:840} INFO - DAG(s) 'dataset_consumes_unknown_never_scheduled', 'dataset_consumes_1_never_scheduled', 'dataset_produces_2', 'dataset_produces_1', 'dataset_consumes_1', 'dataset_consumes_1_and_2' retrieved from /home/airflow/.local/lib/python3.11/site-packages/airflow/example_dags/example_datasets.py
[2026-03-15T17:30:35.455+0000] {logging_mixin.py:188} INFO - [2026-03-15T17:30:35.455+0000] {dag.py:3047} INFO - Sync 6 DAGs
[2026-03-15T17:30:35.472+0000] {logging_mixin.py:188} INFO - [2026-03-15T17:30:35.472+0000] {dag.py:3834} INFO - Setting next_dagrun for dataset_consumes_1 to None, run_after=None
[2026-03-15T17:30:35.475+0000] {logging_mixin.py:188} INFO - [2026-03-15T17:30:35.475+0000] {dag.py:3834} INFO - Setting next_dagrun for dataset_consumes_1_and_2 to None, run_after=None
[2026-03-15T17:30:35.476+0000] {logging_mixin.py:188} INFO - [2026-03-15T17:30:35.476+0000] {dag.py:3834} INFO - Setting next_dagrun for dataset_consumes_1_never_scheduled to None, run_after=None
[2026-03-15T17:30:35.478+0000] {logging_mixin.py:188} INFO - [2026-03-15T17:30:35.477+0000] {dag.py:3834} INFO - Setting next_dagrun for dataset_consumes_unknown_never_scheduled to None, run_after=None
[2026-03-15T17:30:35.480+0000] {logging_mixin.py:188} INFO - [2026-03-15T17:30:35.479+0000] {dag.py:3834} INFO - Setting next_dagrun for dataset_produces_1 to 2026-03-14 00:00:00+00:00, run_after=2026-03-15 00:00:00+00:00
[2026-03-15T17:30:35.481+0000] {logging_mixin.py:188} INFO - [2026-03-15T17:30:35.480+0000] {dag.py:3834} INFO - Setting next_dagrun for dataset_produces_2 to None, run_after=None
[2026-03-15T17:30:35.506+0000] {processor.py:183} INFO - Processing /home/airflow/.local/lib/python3.11/site-packages/airflow/example_dags/example_datasets.py took 0.095 seconds
[2026-03-15T17:30:38.898+0000] {processor.py:161} INFO - Started process (PID=530) to work on /home/airflow/.local/lib/python3.11/site-packages/airflow/example_dags/example_datasets.py
[2026-03-15T17:30:38.899+0000] {processor.py:830} INFO - Processing file /home/airflow/.local/lib/python3.11/site-packages/airflow/example_dags/example_datasets.py for tasks to queue
[2026-03-15T17:30:38.901+0000] {logging_mixin.py:188} INFO - [2026-03-15T17:30:38.901+0000] {dagbag.py:540} INFO - Filling up the DagBag from /home/airflow/.local/lib/python3.11/site-packages/airflow/example_dags/example_datasets.py
[2026-03-15T17:30:38.910+0000] {processor.py:840} INFO - DAG(s) 'dataset_consumes_1_and_2', 'dataset_consumes_unknown_never_scheduled', 'dataset_consumes_1', 'dataset_consumes_1_never_scheduled', 'dataset_produces_2', 'dataset_produces_1' retrieved from /home/airflow/.local/lib/python3.11/site-packages/airflow/example_dags/example_datasets.py
[2026-03-15T17:30:38.934+0000] {logging_mixin.py:188} INFO - [2026-03-15T17:30:38.933+0000] {dag.py:3047} INFO - Sync 6 DAGs
[2026-03-15T17:30:38.949+0000] {logging_mixin.py:188} INFO - [2026-03-15T17:30:38.949+0000] {dag.py:3834} INFO - Setting next_dagrun for dataset_consumes_1 to None, run_after=None
[2026-03-15T17:30:38.952+0000] {logging_mixin.py:188} INFO - [2026-03-15T17:30:38.951+0000] {dag.py:3834} INFO - Setting next_dagrun for dataset_consumes_1_and_2 to None, run_after=None
[2026-03-15T17:30:38.953+0000] {logging_mixin.py:188} INFO - [2026-03-15T17:30:38.953+0000] {dag.py:3834} INFO - Setting next_dagrun for dataset_consumes_1_never_scheduled to None, run_after=None
[2026-03-15T17:30:38.954+0000] {logging_mixin.py:188} INFO - [2026-03-15T17:30:38.954+0000] {dag.py:3834} INFO - Setting next_dagrun for dataset_consumes_unknown_never_scheduled to None, run_after=None
[2026-03-15T17:30:38.956+0000] {logging_mixin.py:188} INFO - [2026-03-15T17:30:38.955+0000] {dag.py:3834} INFO - Setting next_dagrun for dataset_produces_1 to 2026-03-14 00:00:00+00:00, run_after=2026-03-15 00:00:00+00:00
[2026-03-15T17:30:38.956+0000] {logging_mixin.py:188} INFO - [2026-03-15T17:30:38.956+0000] {dag.py:3834} INFO - Setting next_dagrun for dataset_produces_2 to None, run_after=None
[2026-03-15T17:30:38.977+0000] {processor.py:183} INFO - Processing /home/airflow/.local/lib/python3.11/site-packages/airflow/example_dags/example_datasets.py took 0.081 seconds
[2026-03-15T17:31:10.027+0000] {processor.py:161} INFO - Started process (PID=591) to work on /home/airflow/.local/lib/python3.11/site-packages/airflow/example_dags/example_datasets.py
[2026-03-15T17:31:10.028+0000] {processor.py:830} INFO - Processing file /home/airflow/.local/lib/python3.11/site-packages/airflow/example_dags/example_datasets.py for tasks to queue
[2026-03-15T17:31:10.030+0000] {logging_mixin.py:188} INFO - [2026-03-15T17:31:10.030+0000] {dagbag.py:540} INFO - Filling up the DagBag from /home/airflow/.local/lib/python3.11/site-packages/airflow/example_dags/example_datasets.py
[2026-03-15T17:31:10.038+0000] {processor.py:840} INFO - DAG(s) 'dataset_produces_1', 'dataset_produces_2', 'dataset_consumes_unknown_never_scheduled', 'dataset_consumes_1_and_2', 'dataset_consumes_1', 'dataset_consumes_1_never_scheduled' retrieved from /home/airflow/.local/lib/python3.11/site-packages/airflow/example_dags/example_datasets.py
[2026-03-15T17:31:10.065+0000] {logging_mixin.py:188} INFO - [2026-03-15T17:31:10.065+0000] {dag.py:3047} INFO - Sync 6 DAGs
[2026-03-15T17:31:10.084+0000] {logging_mixin.py:188} INFO - [2026-03-15T17:31:10.083+0000] {dag.py:3834} INFO - Setting next_dagrun for dataset_consumes_1 to None, run_after=None
[2026-03-15T17:31:10.087+0000] {logging_mixin.py:188} INFO - [2026-03-15T17:31:10.087+0000] {dag.py:3834} INFO - Setting next_dagrun for dataset_consumes_1_and_2 to None, run_after=None
[2026-03-15T17:31:10.089+0000] {logging_mixin.py:188} INFO - [2026-03-15T17:31:10.089+0000] {dag.py:3834} INFO - Setting next_dagrun for dataset_consumes_1_never_scheduled to None, run_after=None
[2026-03-15T17:31:10.090+0000] {logging_mixin.py:188} INFO - [2026-03-15T17:31:10.090+0000] {dag.py:3834} INFO - Setting next_dagrun for dataset_consumes_unknown_never_scheduled to None, run_after=None
[2026-03-15T17:31:10.093+0000] {logging_mixin.py:188} INFO - [2026-03-15T17:31:10.092+0000] {dag.py:3834} INFO - Setting next_dagrun for dataset_produces_1 to 2026-03-14 00:00:00+00:00, run_after=2026-03-15 00:00:00+00:00
[2026-03-15T17:31:10.095+0000] {logging_mixin.py:188} INFO - [2026-03-15T17:31:10.095+0000] {dag.py:3834} INFO - Setting next_dagrun for dataset_produces_2 to None, run_after=None
[2026-03-15T17:31:10.119+0000] {processor.py:183} INFO - Processing /home/airflow/.local/lib/python3.11/site-packages/airflow/example_dags/example_datasets.py took 0.096 seconds
[2026-03-15T17:31:40.496+0000] {processor.py:161} INFO - Started process (PID=643) to work on /home/airflow/.local/lib/python3.11/site-packages/airflow/example_dags/example_datasets.py
[2026-03-15T17:31:40.497+0000] {processor.py:830} INFO - Processing file /home/airflow/.local/lib/python3.11/site-packages/airflow/example_dags/example_datasets.py for tasks to queue
[2026-03-15T17:31:40.499+0000] {logging_mixin.py:188} INFO - [2026-03-15T17:31:40.499+0000] {dagbag.py:540} INFO - Filling up the DagBag from /home/airflow/.local/lib/python3.11/site-packages/airflow/example_dags/example_datasets.py
[2026-03-15T17:31:40.508+0000] {processor.py:840} INFO - DAG(s) 'dataset_produces_2', 'dataset_produces_1', 'dataset_consumes_unknown_never_scheduled', 'dataset_consumes_1', 'dataset_consumes_1_never_scheduled', 'dataset_consumes_1_and_2' retrieved from /home/airflow/.local/lib/python3.11/site-packages/airflow/example_dags/example_datasets.py
[2026-03-15T17:31:40.535+0000] {logging_mixin.py:188} INFO - [2026-03-15T17:31:40.535+0000] {dag.py:3047} INFO - Sync 6 DAGs
[2026-03-15T17:31:40.550+0000] {logging_mixin.py:188} INFO - [2026-03-15T17:31:40.550+0000] {dag.py:3834} INFO - Setting next_dagrun for dataset_consumes_1 to None, run_after=None
[2026-03-15T17:31:40.553+0000] {logging_mixin.py:188} INFO - [2026-03-15T17:31:40.553+0000] {dag.py:3834} INFO - Setting next_dagrun for dataset_consumes_1_and_2 to None, run_after=None
[2026-03-15T17:31:40.555+0000] {logging_mixin.py:188} INFO - [2026-03-15T17:31:40.555+0000] {dag.py:3834} INFO - Setting next_dagrun for dataset_consumes_1_never_scheduled to None, run_after=None
[2026-03-15T17:31:40.556+0000] {logging_mixin.py:188} INFO - [2026-03-15T17:31:40.556+0000] {dag.py:3834} INFO - Setting next_dagrun for dataset_consumes_unknown_never_scheduled to None, run_after=None
[2026-03-15T17:31:40.558+0000] {logging_mixin.py:188} INFO - [2026-03-15T17:31:40.558+0000] {dag.py:3834} INFO - Setting next_dagrun for dataset_produces_1 to 2026-03-14 00:00:00+00:00, run_after=2026-03-15 00:00:00+00:00
[2026-03-15T17:31:40.559+0000] {logging_mixin.py:188} INFO - [2026-03-15T17:31:40.559+0000] {dag.py:3834} INFO - Setting next_dagrun for dataset_produces_2 to None, run_after=None
[2026-03-15T17:31:40.587+0000] {processor.py:183} INFO - Processing /home/airflow/.local/lib/python3.11/site-packages/airflow/example_dags/example_datasets.py took 0.094 seconds
[2026-03-15T17:31:44.910+0000] {processor.py:161} INFO - Started process (PID=693) to work on /home/airflow/.local/lib/python3.11/site-packages/airflow/example_dags/example_datasets.py
[2026-03-15T17:31:44.911+0000] {processor.py:830} INFO - Processing file /home/airflow/.local/lib/python3.11/site-packages/airflow/example_dags/example_datasets.py for tasks to queue
[2026-03-15T17:31:44.913+0000] {logging_mixin.py:188} INFO - [2026-03-15T17:31:44.913+0000] {dagbag.py:540} INFO - Filling up the DagBag from /home/airflow/.local/lib/python3.11/site-packages/airflow/example_dags/example_datasets.py
[2026-03-15T17:31:44.923+0000] {processor.py:840} INFO - DAG(s) 'dataset_produces_1', 'dataset_consumes_1_and_2', 'dataset_consumes_unknown_never_scheduled', 'dataset_produces_2', 'dataset_consumes_1_never_scheduled', 'dataset_consumes_1' retrieved from /home/airflow/.local/lib/python3.11/site-packages/airflow/example_dags/example_datasets.py
[2026-03-15T17:31:44.947+0000] {logging_mixin.py:188} INFO - [2026-03-15T17:31:44.946+0000] {dag.py:3047} INFO - Sync 6 DAGs
[2026-03-15T17:31:44.962+0000] {logging_mixin.py:188} INFO - [2026-03-15T17:31:44.962+0000] {dag.py:3834} INFO - Setting next_dagrun for dataset_consumes_1 to None, run_after=None
[2026-03-15T17:31:44.965+0000] {logging_mixin.py:188} INFO - [2026-03-15T17:31:44.964+0000] {dag.py:3834} INFO - Setting next_dagrun for dataset_consumes_1_and_2 to None, run_after=None
[2026-03-15T17:31:44.966+0000] {logging_mixin.py:188} INFO - [2026-03-15T17:31:44.965+0000] {dag.py:3834} INFO - Setting next_dagrun for dataset_consumes_1_never_scheduled to None, run_after=None
[2026-03-15T17:31:44.966+0000] {logging_mixin.py:188} INFO - [2026-03-15T17:31:44.966+0000] {dag.py:3834} INFO - Setting next_dagrun for dataset_consumes_unknown_never_scheduled to None, run_after=None
[2026-03-15T17:31:44.969+0000] {logging_mixin.py:188} INFO - [2026-03-15T17:31:44.969+0000] {dag.py:3834} INFO - Setting next_dagrun for dataset_produces_1 to 2026-03-14 00:00:00+00:00, run_after=2026-03-15 00:00:00+00:00
[2026-03-15T17:31:44.970+0000] {logging_mixin.py:188} INFO - [2026-03-15T17:31:44.970+0000] {dag.py:3834} INFO - Setting next_dagrun for dataset_produces_2 to None, run_after=None
[2026-03-15T17:31:44.994+0000] {processor.py:183} INFO - Processing /home/airflow/.local/lib/python3.11/site-packages/airflow/example_dags/example_datasets.py took 0.086 seconds
[2026-03-15T17:32:16.023+0000] {processor.py:161} INFO - Started process (PID=750) to work on /home/airflow/.local/lib/python3.11/site-packages/airflow/example_dags/example_datasets.py
[2026-03-15T17:32:16.025+0000] {processor.py:830} INFO - Processing file /home/airflow/.local/lib/python3.11/site-packages/airflow/example_dags/example_datasets.py for tasks to queue
[2026-03-15T17:32:16.027+0000] {logging_mixin.py:188} INFO - [2026-03-15T17:32:16.026+0000] {dagbag.py:540} INFO - Filling up the DagBag from /home/airflow/.local/lib/python3.11/site-packages/airflow/example_dags/example_datasets.py
[2026-03-15T17:32:16.035+0000] {processor.py:840} INFO - DAG(s) 'dataset_consumes_1_never_scheduled', 'dataset_produces_1', 'dataset_produces_2', 'dataset_consumes_1_and_2', 'dataset_consumes_1', 'dataset_consumes_unknown_never_scheduled' retrieved from /home/airflow/.local/lib/python3.11/site-packages/airflow/example_dags/example_datasets.py
[2026-03-15T17:32:16.059+0000] {logging_mixin.py:188} INFO - [2026-03-15T17:32:16.058+0000] {dag.py:3047} INFO - Sync 6 DAGs
[2026-03-15T17:32:16.076+0000] {logging_mixin.py:188} INFO - [2026-03-15T17:32:16.076+0000] {dag.py:3834} INFO - Setting next_dagrun for dataset_consumes_1 to None, run_after=None
[2026-03-15T17:32:16.080+0000] {logging_mixin.py:188} INFO - [2026-03-15T17:32:16.079+0000] {dag.py:3834} INFO - Setting next_dagrun for dataset_consumes_1_and_2 to None, run_after=None
[2026-03-15T17:32:16.081+0000] {logging_mixin.py:188} INFO - [2026-03-15T17:32:16.081+0000] {dag.py:3834} INFO - Setting next_dagrun for dataset_consumes_1_never_scheduled to None, run_after=None
[2026-03-15T17:32:16.081+0000] {logging_mixin.py:188} INFO - [2026-03-15T17:32:16.081+0000] {dag.py:3834} INFO - Setting next_dagrun for dataset_consumes_unknown_never_scheduled to None, run_after=None
[2026-03-15T17:32:16.083+0000] {logging_mixin.py:188} INFO - [2026-03-15T17:32:16.083+0000] {dag.py:3834} INFO - Setting next_dagrun for dataset_produces_1 to 2026-03-14 00:00:00+00:00, run_after=2026-03-15 00:00:00+00:00
[2026-03-15T17:32:16.084+0000] {logging_mixin.py:188} INFO - [2026-03-15T17:32:16.084+0000] {dag.py:3834} INFO - Setting next_dagrun for dataset_produces_2 to None, run_after=None
[2026-03-15T17:32:16.110+0000] {processor.py:183} INFO - Processing /home/airflow/.local/lib/python3.11/site-packages/airflow/example_dags/example_datasets.py took 0.090 seconds
[2026-03-15T17:32:46.390+0000] {processor.py:161} INFO - Started process (PID=802) to work on /home/airflow/.local/lib/python3.11/site-packages/airflow/example_dags/example_datasets.py
[2026-03-15T17:32:46.391+0000] {processor.py:830} INFO - Processing file /home/airflow/.local/lib/python3.11/site-packages/airflow/example_dags/example_datasets.py for tasks to queue
[2026-03-15T17:32:46.393+0000] {logging_mixin.py:188} INFO - [2026-03-15T17:32:46.393+0000] {dagbag.py:540} INFO - Filling up the DagBag from /home/airflow/.local/lib/python3.11/site-packages/airflow/example_dags/example_datasets.py
[2026-03-15T17:32:46.401+0000] {processor.py:840} INFO - DAG(s) 'dataset_consumes_1_never_scheduled', 'dataset_produces_2', 'dataset_produces_1', 'dataset_consumes_1_and_2', 'dataset_consumes_unknown_never_scheduled', 'dataset_consumes_1' retrieved from /home/airflow/.local/lib/python3.11/site-packages/airflow/example_dags/example_datasets.py
[2026-03-15T17:32:46.425+0000] {logging_mixin.py:188} INFO - [2026-03-15T17:32:46.425+0000] {dag.py:3047} INFO - Sync 6 DAGs
[2026-03-15T17:32:46.441+0000] {logging_mixin.py:188} INFO - [2026-03-15T17:32:46.440+0000] {dag.py:3834} INFO - Setting next_dagrun for dataset_consumes_1 to None, run_after=None
[2026-03-15T17:32:46.443+0000] {logging_mixin.py:188} INFO - [2026-03-15T17:32:46.443+0000] {dag.py:3834} INFO - Setting next_dagrun for dataset_consumes_1_and_2 to None, run_after=None
[2026-03-15T17:32:46.444+0000] {logging_mixin.py:188} INFO - [2026-03-15T17:32:46.444+0000] {dag.py:3834} INFO - Setting next_dagrun for dataset_consumes_1_never_scheduled to None, run_after=None
[2026-03-15T17:32:46.445+0000] {logging_mixin.py:188} INFO - [2026-03-15T17:32:46.445+0000] {dag.py:3834} INFO - Setting next_dagrun for dataset_consumes_unknown_never_scheduled to None, run_after=None
[2026-03-15T17:32:46.447+0000] {logging_mixin.py:188} INFO - [2026-03-15T17:32:46.447+0000] {dag.py:3834} INFO - Setting next_dagrun for dataset_produces_1 to 2026-03-14 00:00:00+00:00, run_after=2026-03-15 00:00:00+00:00
[2026-03-15T17:32:46.448+0000] {logging_mixin.py:188} INFO - [2026-03-15T17:32:46.448+0000] {dag.py:3834} INFO - Setting next_dagrun for dataset_produces_2 to None, run_after=None
[2026-03-15T17:32:46.469+0000] {processor.py:183} INFO - Processing /home/airflow/.local/lib/python3.11/site-packages/airflow/example_dags/example_datasets.py took 0.082 seconds
[2026-03-15T17:32:59.972+0000] {processor.py:161} INFO - Started process (PID=859) to work on /home/airflow/.local/lib/python3.11/site-packages/airflow/example_dags/example_datasets.py
[2026-03-15T17:32:59.973+0000] {processor.py:830} INFO - Processing file /home/airflow/.local/lib/python3.11/site-packages/airflow/example_dags/example_datasets.py for tasks to queue
[2026-03-15T17:32:59.975+0000] {logging_mixin.py:188} INFO - [2026-03-15T17:32:59.975+0000] {dagbag.py:540} INFO - Filling up the DagBag from /home/airflow/.local/lib/python3.11/site-packages/airflow/example_dags/example_datasets.py
[2026-03-15T17:32:59.983+0000] {processor.py:840} INFO - DAG(s) 'dataset_produces_2', 'dataset_consumes_1', 'dataset_consumes_unknown_never_scheduled', 'dataset_consumes_1_never_scheduled', 'dataset_consumes_1_and_2', 'dataset_produces_1' retrieved from /home/airflow/.local/lib/python3.11/site-packages/airflow/example_dags/example_datasets.py
[2026-03-15T17:33:00.007+0000] {logging_mixin.py:188} INFO - [2026-03-15T17:33:00.007+0000] {dag.py:3047} INFO - Sync 6 DAGs
[2026-03-15T17:33:00.022+0000] {logging_mixin.py:188} INFO - [2026-03-15T17:33:00.022+0000] {dag.py:3834} INFO - Setting next_dagrun for dataset_consumes_1 to None, run_after=None
[2026-03-15T17:33:00.025+0000] {logging_mixin.py:188} INFO - [2026-03-15T17:33:00.024+0000] {dag.py:3834} INFO - Setting next_dagrun for dataset_consumes_1_and_2 to None, run_after=None
[2026-03-15T17:33:00.026+0000] {logging_mixin.py:188} INFO - [2026-03-15T17:33:00.025+0000] {dag.py:3834} INFO - Setting next_dagrun for dataset_consumes_1_never_scheduled to None, run_after=None
[2026-03-15T17:33:00.026+0000] {logging_mixin.py:188} INFO - [2026-03-15T17:33:00.026+0000] {dag.py:3834} INFO - Setting next_dagrun for dataset_consumes_unknown_never_scheduled to None, run_after=None
[2026-03-15T17:33:00.028+0000] {logging_mixin.py:188} INFO - [2026-03-15T17:33:00.028+0000] {dag.py:3834} INFO - Setting next_dagrun for dataset_produces_1 to 2026-03-14 00:00:00+00:00, run_after=2026-03-15 00:00:00+00:00
[2026-03-15T17:33:00.029+0000] {logging_mixin.py:188} INFO - [2026-03-15T17:33:00.029+0000] {dag.py:3834} INFO - Setting next_dagrun for dataset_produces_2 to None, run_after=None
[2026-03-15T17:33:00.052+0000] {processor.py:183} INFO - Processing /home/airflow/.local/lib/python3.11/site-packages/airflow/example_dags/example_datasets.py took 0.082 seconds
[2026-03-15T17:33:15.255+0000] {processor.py:161} INFO - Started process (PID=906) to work on /home/airflow/.local/lib/python3.11/site-packages/airflow/example_dags/example_datasets.py
[2026-03-15T17:33:15.256+0000] {processor.py:830} INFO - Processing file /home/airflow/.local/lib/python3.11/site-packages/airflow/example_dags/example_datasets.py for tasks to queue
[2026-03-15T17:33:15.258+0000] {logging_mixin.py:188} INFO - [2026-03-15T17:33:15.257+0000] {dagbag.py:540} INFO - Filling up the DagBag from /home/airflow/.local/lib/python3.11/site-packages/airflow/example_dags/example_datasets.py
[2026-03-15T17:33:15.265+0000] {processor.py:840} INFO - DAG(s) 'dataset_consumes_1_and_2', 'dataset_produces_1', 'dataset_produces_2', 'dataset_consumes_unknown_never_scheduled', 'dataset_consumes_1_never_scheduled', 'dataset_consumes_1' retrieved from /home/airflow/.local/lib/python3.11/site-packages/airflow/example_dags/example_datasets.py
[2026-03-15T17:33:15.288+0000] {logging_mixin.py:188} INFO - [2026-03-15T17:33:15.288+0000] {dag.py:3047} INFO - Sync 6 DAGs
[2026-03-15T17:33:15.304+0000] {logging_mixin.py:188} INFO - [2026-03-15T17:33:15.304+0000] {dag.py:3834} INFO - Setting next_dagrun for dataset_consumes_1 to None, run_after=None
[2026-03-15T17:33:15.307+0000] {logging_mixin.py:188} INFO - [2026-03-15T17:33:15.307+0000] {dag.py:3834} INFO - Setting next_dagrun for dataset_consumes_1_and_2 to None, run_after=None
[2026-03-15T17:33:15.308+0000] {logging_mixin.py:188} INFO - [2026-03-15T17:33:15.308+0000] {dag.py:3834} INFO - Setting next_dagrun for dataset_consumes_1_never_scheduled to None, run_after=None
[2026-03-15T17:33:15.309+0000] {logging_mixin.py:188} INFO - [2026-03-15T17:33:15.309+0000] {dag.py:3834} INFO - Setting next_dagrun for dataset_consumes_unknown_never_scheduled to None, run_after=None
[2026-03-15T17:33:15.310+0000] {logging_mixin.py:188} INFO - [2026-03-15T17:33:15.310+0000] {dag.py:3834} INFO - Setting next_dagrun for dataset_produces_1 to 2026-03-14 00:00:00+00:00, run_after=2026-03-15 00:00:00+00:00
[2026-03-15T17:33:15.311+0000] {logging_mixin.py:188} INFO - [2026-03-15T17:33:15.311+0000] {dag.py:3834} INFO - Setting next_dagrun for dataset_produces_2 to None, run_after=None
[2026-03-15T17:33:15.332+0000] {processor.py:183} INFO - Processing /home/airflow/.local/lib/python3.11/site-packages/airflow/example_dags/example_datasets.py took 0.080 seconds
[2026-03-15T17:33:45.773+0000] {processor.py:161} INFO - Started process (PID=963) to work on /home/airflow/.local/lib/python3.11/site-packages/airflow/example_dags/example_datasets.py
[2026-03-15T17:33:45.774+0000] {processor.py:830} INFO - Processing file /home/airflow/.local/lib/python3.11/site-packages/airflow/example_dags/example_datasets.py for tasks to queue
[2026-03-15T17:33:45.776+0000] {logging_mixin.py:188} INFO - [2026-03-15T17:33:45.775+0000] {dagbag.py:540} INFO - Filling up the DagBag from /home/airflow/.local/lib/python3.11/site-packages/airflow/example_dags/example_datasets.py
[2026-03-15T17:33:45.783+0000] {processor.py:840} INFO - DAG(s) 'dataset_produces_2', 'dataset_consumes_1', 'dataset_consumes_1_and_2', 'dataset_produces_1', 'dataset_consumes_unknown_never_scheduled', 'dataset_consumes_1_never_scheduled' retrieved from /home/airflow/.local/lib/python3.11/site-packages/airflow/example_dags/example_datasets.py
[2026-03-15T17:33:45.813+0000] {logging_mixin.py:188} INFO - [2026-03-15T17:33:45.812+0000] {dag.py:3047} INFO - Sync 6 DAGs
[2026-03-15T17:33:45.831+0000] {logging_mixin.py:188} INFO - [2026-03-15T17:33:45.831+0000] {dag.py:3834} INFO - Setting next_dagrun for dataset_consumes_1 to None, run_after=None
[2026-03-15T17:33:45.835+0000] {logging_mixin.py:188} INFO - [2026-03-15T17:33:45.835+0000] {dag.py:3834} INFO - Setting next_dagrun for dataset_consumes_1_and_2 to None, run_after=None
[2026-03-15T17:33:45.836+0000] {logging_mixin.py:188} INFO - [2026-03-15T17:33:45.836+0000] {dag.py:3834} INFO - Setting next_dagrun for dataset_consumes_1_never_scheduled to None, run_after=None
[2026-03-15T17:33:45.837+0000] {logging_mixin.py:188} INFO - [2026-03-15T17:33:45.837+0000] {dag.py:3834} INFO - Setting next_dagrun for dataset_consumes_unknown_never_scheduled to None, run_after=None
[2026-03-15T17:33:45.839+0000] {logging_mixin.py:188} INFO - [2026-03-15T17:33:45.839+0000] {dag.py:3834} INFO - Setting next_dagrun for dataset_produces_1 to 2026-03-14 00:00:00+00:00, run_after=2026-03-15 00:00:00+00:00
[2026-03-15T17:33:45.840+0000] {logging_mixin.py:188} INFO - [2026-03-15T17:33:45.840+0000] {dag.py:3834} INFO - Setting next_dagrun for dataset_produces_2 to None, run_after=None
[2026-03-15T17:33:45.862+0000] {processor.py:183} INFO - Processing /home/airflow/.local/lib/python3.11/site-packages/airflow/example_dags/example_datasets.py took 0.092 seconds
[2026-03-15T17:33:50.295+0000] {processor.py:161} INFO - Started process (PID=1013) to work on /home/airflow/.local/lib/python3.11/site-packages/airflow/example_dags/example_datasets.py
[2026-03-15T17:33:50.296+0000] {processor.py:830} INFO - Processing file /home/airflow/.local/lib/python3.11/site-packages/airflow/example_dags/example_datasets.py for tasks to queue
[2026-03-15T17:33:50.298+0000] {logging_mixin.py:188} INFO - [2026-03-15T17:33:50.297+0000] {dagbag.py:540} INFO - Filling up the DagBag from /home/airflow/.local/lib/python3.11/site-packages/airflow/example_dags/example_datasets.py
[2026-03-15T17:33:50.305+0000] {processor.py:840} INFO - DAG(s) 'dataset_produces_2', 'dataset_consumes_1_never_scheduled', 'dataset_consumes_1', 'dataset_consumes_1_and_2', 'dataset_consumes_unknown_never_scheduled', 'dataset_produces_1' retrieved from /home/airflow/.local/lib/python3.11/site-packages/airflow/example_dags/example_datasets.py
[2026-03-15T17:33:50.332+0000] {logging_mixin.py:188} INFO - [2026-03-15T17:33:50.332+0000] {dag.py:3047} INFO - Sync 6 DAGs
[2026-03-15T17:33:50.349+0000] {logging_mixin.py:188} INFO - [2026-03-15T17:33:50.349+0000] {dag.py:3834} INFO - Setting next_dagrun for dataset_consumes_1 to None, run_after=None
[2026-03-15T17:33:50.352+0000] {logging_mixin.py:188} INFO - [2026-03-15T17:33:50.352+0000] {dag.py:3834} INFO - Setting next_dagrun for dataset_consumes_1_and_2 to None, run_after=None
[2026-03-15T17:33:50.354+0000] {logging_mixin.py:188} INFO - [2026-03-15T17:33:50.354+0000] {dag.py:3834} INFO - Setting next_dagrun for dataset_consumes_1_never_scheduled to None, run_after=None
[2026-03-15T17:33:50.355+0000] {logging_mixin.py:188} INFO - [2026-03-15T17:33:50.355+0000] {dag.py:3834} INFO - Setting next_dagrun for dataset_consumes_unknown_never_scheduled to None, run_after=None
[2026-03-15T17:33:50.357+0000] {logging_mixin.py:188} INFO - [2026-03-15T17:33:50.357+0000] {dag.py:3834} INFO - Setting next_dagrun for dataset_produces_1 to 2026-03-14 00:00:00+00:00, run_after=2026-03-15 00:00:00+00:00
[2026-03-15T17:33:50.358+0000] {logging_mixin.py:188} INFO - [2026-03-15T17:33:50.358+0000] {dag.py:3834} INFO - Setting next_dagrun for dataset_produces_2 to None, run_after=None
[2026-03-15T17:33:50.381+0000] {processor.py:183} INFO - Processing /home/airflow/.local/lib/python3.11/site-packages/airflow/example_dags/example_datasets.py took 0.089 seconds
[2026-03-15T17:34:08.836+0000] {processor.py:161} INFO - Started process (PID=1069) to work on /home/airflow/.local/lib/python3.11/site-packages/airflow/example_dags/example_datasets.py
[2026-03-15T17:34:08.837+0000] {processor.py:830} INFO - Processing file /home/airflow/.local/lib/python3.11/site-packages/airflow/example_dags/example_datasets.py for tasks to queue
[2026-03-15T17:34:08.839+0000] {logging_mixin.py:188} INFO - [2026-03-15T17:34:08.839+0000] {dagbag.py:540} INFO - Filling up the DagBag from /home/airflow/.local/lib/python3.11/site-packages/airflow/example_dags/example_datasets.py
[2026-03-15T17:34:08.846+0000] {processor.py:840} INFO - DAG(s) 'dataset_produces_1', 'dataset_consumes_1', 'dataset_produces_2', 'dataset_consumes_1_never_scheduled', 'dataset_consumes_1_and_2', 'dataset_consumes_unknown_never_scheduled' retrieved from /home/airflow/.local/lib/python3.11/site-packages/airflow/example_dags/example_datasets.py
[2026-03-15T17:34:08.868+0000] {logging_mixin.py:188} INFO - [2026-03-15T17:34:08.868+0000] {dag.py:3047} INFO - Sync 6 DAGs
[2026-03-15T17:34:08.885+0000] {logging_mixin.py:188} INFO - [2026-03-15T17:34:08.885+0000] {dag.py:3834} INFO - Setting next_dagrun for dataset_consumes_1 to None, run_after=None
[2026-03-15T17:34:08.888+0000] {logging_mixin.py:188} INFO - [2026-03-15T17:34:08.888+0000] {dag.py:3834} INFO - Setting next_dagrun for dataset_consumes_1_and_2 to None, run_after=None
[2026-03-15T17:34:08.892+0000] {logging_mixin.py:188} INFO - [2026-03-15T17:34:08.892+0000] {dag.py:3834} INFO - Setting next_dagrun for dataset_consumes_1_never_scheduled to None, run_after=None
[2026-03-15T17:34:08.893+0000] {logging_mixin.py:188} INFO - [2026-03-15T17:34:08.893+0000] {dag.py:3834} INFO - Setting next_dagrun for dataset_consumes_unknown_never_scheduled to None, run_after=None
[2026-03-15T17:34:08.895+0000] {logging_mixin.py:188} INFO - [2026-03-15T17:34:08.895+0000] {dag.py:3834} INFO - Setting next_dagrun for dataset_produces_1 to 2026-03-14 00:00:00+00:00, run_after=2026-03-15 00:00:00+00:00
[2026-03-15T17:34:08.896+0000] {logging_mixin.py:188} INFO - [2026-03-15T17:34:08.895+0000] {dag.py:3834} INFO - Setting next_dagrun for dataset_produces_2 to None, run_after=None
[2026-03-15T17:34:08.917+0000] {processor.py:183} INFO - Processing /home/airflow/.local/lib/python3.11/site-packages/airflow/example_dags/example_datasets.py took 0.083 seconds
[2026-03-15T17:34:15.025+0000] {processor.py:161} INFO - Started process (PID=1112) to work on /home/airflow/.local/lib/python3.11/site-packages/airflow/example_dags/example_datasets.py
[2026-03-15T17:34:15.027+0000] {processor.py:830} INFO - Processing file /home/airflow/.local/lib/python3.11/site-packages/airflow/example_dags/example_datasets.py for tasks to queue
[2026-03-15T17:34:15.029+0000] {logging_mixin.py:188} INFO - [2026-03-15T17:34:15.028+0000] {dagbag.py:540} INFO - Filling up the DagBag from /home/airflow/.local/lib/python3.11/site-packages/airflow/example_dags/example_datasets.py
[2026-03-15T17:34:15.036+0000] {processor.py:840} INFO - DAG(s) 'dataset_consumes_1', 'dataset_produces_1', 'dataset_consumes_1_never_scheduled', 'dataset_consumes_unknown_never_scheduled', 'dataset_consumes_1_and_2', 'dataset_produces_2' retrieved from /home/airflow/.local/lib/python3.11/site-packages/airflow/example_dags/example_datasets.py
[2026-03-15T17:34:15.059+0000] {logging_mixin.py:188} INFO - [2026-03-15T17:34:15.058+0000] {dag.py:3047} INFO - Sync 6 DAGs
[2026-03-15T17:34:15.073+0000] {logging_mixin.py:188} INFO - [2026-03-15T17:34:15.073+0000] {dag.py:3834} INFO - Setting next_dagrun for dataset_consumes_1 to None, run_after=None
[2026-03-15T17:34:15.076+0000] {logging_mixin.py:188} INFO - [2026-03-15T17:34:15.076+0000] {dag.py:3834} INFO - Setting next_dagrun for dataset_consumes_1_and_2 to None, run_after=None
[2026-03-15T17:34:15.077+0000] {logging_mixin.py:188} INFO - [2026-03-15T17:34:15.077+0000] {dag.py:3834} INFO - Setting next_dagrun for dataset_consumes_1_never_scheduled to None, run_after=None
[2026-03-15T17:34:15.078+0000] {logging_mixin.py:188} INFO - [2026-03-15T17:34:15.078+0000] {dag.py:3834} INFO - Setting next_dagrun for dataset_consumes_unknown_never_scheduled to None, run_after=None
[2026-03-15T17:34:15.079+0000] {logging_mixin.py:188} INFO - [2026-03-15T17:34:15.079+0000] {dag.py:3834} INFO - Setting next_dagrun for dataset_produces_1 to 2026-03-14 00:00:00+00:00, run_after=2026-03-15 00:00:00+00:00
[2026-03-15T17:34:15.080+0000] {logging_mixin.py:188} INFO - [2026-03-15T17:34:15.080+0000] {dag.py:3834} INFO - Setting next_dagrun for dataset_produces_2 to None, run_after=None
[2026-03-15T17:34:15.102+0000] {processor.py:183} INFO - Processing /home/airflow/.local/lib/python3.11/site-packages/airflow/example_dags/example_datasets.py took 0.080 seconds
[2026-03-15T17:34:19.943+0000] {processor.py:161} INFO - Started process (PID=1153) to work on /home/airflow/.local/lib/python3.11/site-packages/airflow/example_dags/example_datasets.py
[2026-03-15T17:34:19.944+0000] {processor.py:830} INFO - Processing file /home/airflow/.local/lib/python3.11/site-packages/airflow/example_dags/example_datasets.py for tasks to queue
[2026-03-15T17:34:19.946+0000] {logging_mixin.py:188} INFO - [2026-03-15T17:34:19.945+0000] {dagbag.py:540} INFO - Filling up the DagBag from /home/airflow/.local/lib/python3.11/site-packages/airflow/example_dags/example_datasets.py
[2026-03-15T17:34:19.953+0000] {processor.py:840} INFO - DAG(s) 'dataset_produces_2', 'dataset_produces_1', 'dataset_consumes_unknown_never_scheduled', 'dataset_consumes_1_and_2', 'dataset_consumes_1', 'dataset_consumes_1_never_scheduled' retrieved from /home/airflow/.local/lib/python3.11/site-packages/airflow/example_dags/example_datasets.py
[2026-03-15T17:34:19.977+0000] {logging_mixin.py:188} INFO - [2026-03-15T17:34:19.977+0000] {dag.py:3047} INFO - Sync 6 DAGs
[2026-03-15T17:34:19.992+0000] {logging_mixin.py:188} INFO - [2026-03-15T17:34:19.992+0000] {dag.py:3834} INFO - Setting next_dagrun for dataset_consumes_1 to None, run_after=None
[2026-03-15T17:34:19.996+0000] {logging_mixin.py:188} INFO - [2026-03-15T17:34:19.996+0000] {dag.py:3834} INFO - Setting next_dagrun for dataset_consumes_1_and_2 to None, run_after=None
[2026-03-15T17:34:19.998+0000] {logging_mixin.py:188} INFO - [2026-03-15T17:34:19.998+0000] {dag.py:3834} INFO - Setting next_dagrun for dataset_consumes_1_never_scheduled to None, run_after=None
[2026-03-15T17:34:19.999+0000] {logging_mixin.py:188} INFO - [2026-03-15T17:34:19.999+0000] {dag.py:3834} INFO - Setting next_dagrun for dataset_consumes_unknown_never_scheduled to None, run_after=None
[2026-03-15T17:34:20.002+0000] {logging_mixin.py:188} INFO - [2026-03-15T17:34:20.002+0000] {dag.py:3834} INFO - Setting next_dagrun for dataset_produces_1 to 2026-03-14 00:00:00+00:00, run_after=2026-03-15 00:00:00+00:00
[2026-03-15T17:34:20.003+0000] {logging_mixin.py:188} INFO - [2026-03-15T17:34:20.003+0000] {dag.py:3834} INFO - Setting next_dagrun for dataset_produces_2 to None, run_after=None
[2026-03-15T17:34:20.027+0000] {processor.py:183} INFO - Processing /home/airflow/.local/lib/python3.11/site-packages/airflow/example_dags/example_datasets.py took 0.087 seconds
[2026-03-15T17:34:24.870+0000] {processor.py:161} INFO - Started process (PID=1192) to work on /home/airflow/.local/lib/python3.11/site-packages/airflow/example_dags/example_datasets.py
[2026-03-15T17:34:24.870+0000] {processor.py:830} INFO - Processing file /home/airflow/.local/lib/python3.11/site-packages/airflow/example_dags/example_datasets.py for tasks to queue
[2026-03-15T17:34:24.872+0000] {logging_mixin.py:188} INFO - [2026-03-15T17:34:24.872+0000] {dagbag.py:540} INFO - Filling up the DagBag from /home/airflow/.local/lib/python3.11/site-packages/airflow/example_dags/example_datasets.py
[2026-03-15T17:34:24.883+0000] {processor.py:840} INFO - DAG(s) 'dataset_consumes_1_never_scheduled', 'dataset_consumes_1_and_2', 'dataset_consumes_unknown_never_scheduled', 'dataset_consumes_1', 'dataset_produces_1', 'dataset_produces_2' retrieved from /home/airflow/.local/lib/python3.11/site-packages/airflow/example_dags/example_datasets.py
[2026-03-15T17:34:24.907+0000] {logging_mixin.py:188} INFO - [2026-03-15T17:34:24.907+0000] {dag.py:3047} INFO - Sync 6 DAGs
[2026-03-15T17:34:24.923+0000] {logging_mixin.py:188} INFO - [2026-03-15T17:34:24.923+0000] {dag.py:3834} INFO - Setting next_dagrun for dataset_consumes_1 to None, run_after=None
[2026-03-15T17:34:24.927+0000] {logging_mixin.py:188} INFO - [2026-03-15T17:34:24.927+0000] {dag.py:3834} INFO - Setting next_dagrun for dataset_consumes_1_and_2 to None, run_after=None
[2026-03-15T17:34:24.929+0000] {logging_mixin.py:188} INFO - [2026-03-15T17:34:24.929+0000] {dag.py:3834} INFO - Setting next_dagrun for dataset_consumes_1_never_scheduled to None, run_after=None
[2026-03-15T17:34:24.931+0000] {logging_mixin.py:188} INFO - [2026-03-15T17:34:24.930+0000] {dag.py:3834} INFO - Setting next_dagrun for dataset_consumes_unknown_never_scheduled to None, run_after=None
[2026-03-15T17:34:24.933+0000] {logging_mixin.py:188} INFO - [2026-03-15T17:34:24.932+0000] {dag.py:3834} INFO - Setting next_dagrun for dataset_produces_1 to 2026-03-14 00:00:00+00:00, run_after=2026-03-15 00:00:00+00:00
[2026-03-15T17:34:24.934+0000] {logging_mixin.py:188} INFO - [2026-03-15T17:34:24.934+0000] {dag.py:3834} INFO - Setting next_dagrun for dataset_produces_2 to None, run_after=None
[2026-03-15T17:34:24.955+0000] {processor.py:183} INFO - Processing /home/airflow/.local/lib/python3.11/site-packages/airflow/example_dags/example_datasets.py took 0.089 seconds
[2026-03-15T17:34:39.597+0000] {processor.py:161} INFO - Started process (PID=1239) to work on /home/airflow/.local/lib/python3.11/site-packages/airflow/example_dags/example_datasets.py
[2026-03-15T17:34:39.598+0000] {processor.py:830} INFO - Processing file /home/airflow/.local/lib/python3.11/site-packages/airflow/example_dags/example_datasets.py for tasks to queue
[2026-03-15T17:34:39.600+0000] {logging_mixin.py:188} INFO - [2026-03-15T17:34:39.600+0000] {dagbag.py:540} INFO - Filling up the DagBag from /home/airflow/.local/lib/python3.11/site-packages/airflow/example_dags/example_datasets.py
[2026-03-15T17:34:39.608+0000] {processor.py:840} INFO - DAG(s) 'dataset_produces_1', 'dataset_produces_2', 'dataset_consumes_1_and_2', 'dataset_consumes_1_never_scheduled', 'dataset_consumes_1', 'dataset_consumes_unknown_never_scheduled' retrieved from /home/airflow/.local/lib/python3.11/site-packages/airflow/example_dags/example_datasets.py
[2026-03-15T17:34:39.634+0000] {logging_mixin.py:188} INFO - [2026-03-15T17:34:39.633+0000] {dag.py:3047} INFO - Sync 6 DAGs
[2026-03-15T17:34:39.653+0000] {logging_mixin.py:188} INFO - [2026-03-15T17:34:39.652+0000] {dag.py:3834} INFO - Setting next_dagrun for dataset_consumes_1 to None, run_after=None
[2026-03-15T17:34:39.656+0000] {logging_mixin.py:188} INFO - [2026-03-15T17:34:39.655+0000] {dag.py:3834} INFO - Setting next_dagrun for dataset_consumes_1_and_2 to None, run_after=None
[2026-03-15T17:34:39.657+0000] {logging_mixin.py:188} INFO - [2026-03-15T17:34:39.657+0000] {dag.py:3834} INFO - Setting next_dagrun for dataset_consumes_1_never_scheduled to None, run_after=None
[2026-03-15T17:34:39.658+0000] {logging_mixin.py:188} INFO - [2026-03-15T17:34:39.658+0000] {dag.py:3834} INFO - Setting next_dagrun for dataset_consumes_unknown_never_scheduled to None, run_after=None
[2026-03-15T17:34:39.660+0000] {logging_mixin.py:188} INFO - [2026-03-15T17:34:39.660+0000] {dag.py:3834} INFO - Setting next_dagrun for dataset_produces_1 to 2026-03-14 00:00:00+00:00, run_after=2026-03-15 00:00:00+00:00
[2026-03-15T17:34:39.661+0000] {logging_mixin.py:188} INFO - [2026-03-15T17:34:39.661+0000] {dag.py:3834} INFO - Setting next_dagrun for dataset_produces_2 to None, run_after=None
[2026-03-15T17:34:39.682+0000] {processor.py:183} INFO - Processing /home/airflow/.local/lib/python3.11/site-packages/airflow/example_dags/example_datasets.py took 0.089 seconds
[2026-03-15T17:34:44.699+0000] {processor.py:161} INFO - Started process (PID=1279) to work on /home/airflow/.local/lib/python3.11/site-packages/airflow/example_dags/example_datasets.py
[2026-03-15T17:34:44.700+0000] {processor.py:830} INFO - Processing file /home/airflow/.local/lib/python3.11/site-packages/airflow/example_dags/example_datasets.py for tasks to queue
[2026-03-15T17:34:44.701+0000] {logging_mixin.py:188} INFO - [2026-03-15T17:34:44.701+0000] {dagbag.py:540} INFO - Filling up the DagBag from /home/airflow/.local/lib/python3.11/site-packages/airflow/example_dags/example_datasets.py
[2026-03-15T17:34:44.708+0000] {processor.py:840} INFO - DAG(s) 'dataset_consumes_unknown_never_scheduled', 'dataset_produces_1', 'dataset_consumes_1_and_2', 'dataset_consumes_1_never_scheduled', 'dataset_produces_2', 'dataset_consumes_1' retrieved from /home/airflow/.local/lib/python3.11/site-packages/airflow/example_dags/example_datasets.py
[2026-03-15T17:34:44.729+0000] {logging_mixin.py:188} INFO - [2026-03-15T17:34:44.729+0000] {dag.py:3047} INFO - Sync 6 DAGs
[2026-03-15T17:34:44.745+0000] {logging_mixin.py:188} INFO - [2026-03-15T17:34:44.745+0000] {dag.py:3834} INFO - Setting next_dagrun for dataset_consumes_1 to None, run_after=None
[2026-03-15T17:34:44.748+0000] {logging_mixin.py:188} INFO - [2026-03-15T17:34:44.748+0000] {dag.py:3834} INFO - Setting next_dagrun for dataset_consumes_1_and_2 to None, run_after=None
[2026-03-15T17:34:44.749+0000] {logging_mixin.py:188} INFO - [2026-03-15T17:34:44.749+0000] {dag.py:3834} INFO - Setting next_dagrun for dataset_consumes_1_never_scheduled to None, run_after=None
[2026-03-15T17:34:44.750+0000] {logging_mixin.py:188} INFO - [2026-03-15T17:34:44.750+0000] {dag.py:3834} INFO - Setting next_dagrun for dataset_consumes_unknown_never_scheduled to None, run_after=None
[2026-03-15T17:34:44.751+0000] {logging_mixin.py:188} INFO - [2026-03-15T17:34:44.751+0000] {dag.py:3834} INFO - Setting next_dagrun for dataset_produces_1 to 2026-03-14 00:00:00+00:00, run_after=2026-03-15 00:00:00+00:00
[2026-03-15T17:34:44.752+0000] {logging_mixin.py:188} INFO - [2026-03-15T17:34:44.752+0000] {dag.py:3834} INFO - Setting next_dagrun for dataset_produces_2 to None, run_after=None
[2026-03-15T17:34:44.771+0000] {processor.py:183} INFO - Processing /home/airflow/.local/lib/python3.11/site-packages/airflow/example_dags/example_datasets.py took 0.075 seconds
[2026-03-15T17:34:49.935+0000] {processor.py:161} INFO - Started process (PID=1319) to work on /home/airflow/.local/lib/python3.11/site-packages/airflow/example_dags/example_datasets.py
[2026-03-15T17:34:49.936+0000] {processor.py:830} INFO - Processing file /home/airflow/.local/lib/python3.11/site-packages/airflow/example_dags/example_datasets.py for tasks to queue
[2026-03-15T17:34:49.938+0000] {logging_mixin.py:188} INFO - [2026-03-15T17:34:49.938+0000] {dagbag.py:540} INFO - Filling up the DagBag from /home/airflow/.local/lib/python3.11/site-packages/airflow/example_dags/example_datasets.py
[2026-03-15T17:34:49.945+0000] {processor.py:840} INFO - DAG(s) 'dataset_consumes_1_never_scheduled', 'dataset_consumes_1_and_2', 'dataset_produces_1', 'dataset_produces_2', 'dataset_consumes_unknown_never_scheduled', 'dataset_consumes_1' retrieved from /home/airflow/.local/lib/python3.11/site-packages/airflow/example_dags/example_datasets.py
[2026-03-15T17:34:49.967+0000] {logging_mixin.py:188} INFO - [2026-03-15T17:34:49.967+0000] {dag.py:3047} INFO - Sync 6 DAGs
[2026-03-15T17:34:49.981+0000] {logging_mixin.py:188} INFO - [2026-03-15T17:34:49.981+0000] {dag.py:3834} INFO - Setting next_dagrun for dataset_consumes_1 to None, run_after=None
[2026-03-15T17:34:49.984+0000] {logging_mixin.py:188} INFO - [2026-03-15T17:34:49.984+0000] {dag.py:3834} INFO - Setting next_dagrun for dataset_consumes_1_and_2 to None, run_after=None
[2026-03-15T17:34:49.985+0000] {logging_mixin.py:188} INFO - [2026-03-15T17:34:49.985+0000] {dag.py:3834} INFO - Setting next_dagrun for dataset_consumes_1_never_scheduled to None, run_after=None
[2026-03-15T17:34:49.986+0000] {logging_mixin.py:188} INFO - [2026-03-15T17:34:49.985+0000] {dag.py:3834} INFO - Setting next_dagrun for dataset_consumes_unknown_never_scheduled to None, run_after=None
[2026-03-15T17:34:49.988+0000] {logging_mixin.py:188} INFO - [2026-03-15T17:34:49.988+0000] {dag.py:3834} INFO - Setting next_dagrun for dataset_produces_1 to 2026-03-14 00:00:00+00:00, run_after=2026-03-15 00:00:00+00:00
[2026-03-15T17:34:49.989+0000] {logging_mixin.py:188} INFO - [2026-03-15T17:34:49.989+0000] {dag.py:3834} INFO - Setting next_dagrun for dataset_produces_2 to None, run_after=None
[2026-03-15T17:34:50.009+0000] {processor.py:183} INFO - Processing /home/airflow/.local/lib/python3.11/site-packages/airflow/example_dags/example_datasets.py took 0.077 seconds
[2026-03-15T17:34:54.920+0000] {processor.py:161} INFO - Started process (PID=1359) to work on /home/airflow/.local/lib/python3.11/site-packages/airflow/example_dags/example_datasets.py
[2026-03-15T17:34:54.921+0000] {processor.py:830} INFO - Processing file /home/airflow/.local/lib/python3.11/site-packages/airflow/example_dags/example_datasets.py for tasks to queue
[2026-03-15T17:34:54.922+0000] {logging_mixin.py:188} INFO - [2026-03-15T17:34:54.922+0000] {dagbag.py:540} INFO - Filling up the DagBag from /home/airflow/.local/lib/python3.11/site-packages/airflow/example_dags/example_datasets.py
[2026-03-15T17:34:54.930+0000] {processor.py:840} INFO - DAG(s) 'dataset_consumes_unknown_never_scheduled', 'dataset_consumes_1_never_scheduled', 'dataset_consumes_1_and_2', 'dataset_produces_2', 'dataset_consumes_1', 'dataset_produces_1' retrieved from /home/airflow/.local/lib/python3.11/site-packages/airflow/example_dags/example_datasets.py
[2026-03-15T17:34:54.955+0000] {logging_mixin.py:188} INFO - [2026-03-15T17:34:54.954+0000] {dag.py:3047} INFO - Sync 6 DAGs
[2026-03-15T17:34:54.971+0000] {logging_mixin.py:188} INFO - [2026-03-15T17:34:54.971+0000] {dag.py:3834} INFO - Setting next_dagrun for dataset_consumes_1 to None, run_after=None
[2026-03-15T17:34:54.973+0000] {logging_mixin.py:188} INFO - [2026-03-15T17:34:54.973+0000] {dag.py:3834} INFO - Setting next_dagrun for dataset_consumes_1_and_2 to None, run_after=None
[2026-03-15T17:34:54.974+0000] {logging_mixin.py:188} INFO - [2026-03-15T17:34:54.974+0000] {dag.py:3834} INFO - Setting next_dagrun for dataset_consumes_1_never_scheduled to None, run_after=None
[2026-03-15T17:34:54.975+0000] {logging_mixin.py:188} INFO - [2026-03-15T17:34:54.975+0000] {dag.py:3834} INFO - Setting next_dagrun for dataset_consumes_unknown_never_scheduled to None, run_after=None
[2026-03-15T17:34:54.977+0000] {logging_mixin.py:188} INFO - [2026-03-15T17:34:54.977+0000] {dag.py:3834} INFO - Setting next_dagrun for dataset_produces_1 to 2026-03-14 00:00:00+00:00, run_after=2026-03-15 00:00:00+00:00
[2026-03-15T17:34:54.978+0000] {logging_mixin.py:188} INFO - [2026-03-15T17:34:54.977+0000] {dag.py:3834} INFO - Setting next_dagrun for dataset_produces_2 to None, run_after=None
[2026-03-15T17:34:54.999+0000] {processor.py:183} INFO - Processing /home/airflow/.local/lib/python3.11/site-packages/airflow/example_dags/example_datasets.py took 0.082 seconds
[2026-03-15T17:34:59.716+0000] {processor.py:161} INFO - Started process (PID=1405) to work on /home/airflow/.local/lib/python3.11/site-packages/airflow/example_dags/example_datasets.py
[2026-03-15T17:34:59.717+0000] {processor.py:830} INFO - Processing file /home/airflow/.local/lib/python3.11/site-packages/airflow/example_dags/example_datasets.py for tasks to queue
[2026-03-15T17:34:59.719+0000] {logging_mixin.py:188} INFO - [2026-03-15T17:34:59.718+0000] {dagbag.py:540} INFO - Filling up the DagBag from /home/airflow/.local/lib/python3.11/site-packages/airflow/example_dags/example_datasets.py
[2026-03-15T17:34:59.726+0000] {processor.py:840} INFO - DAG(s) 'dataset_produces_2', 'dataset_consumes_unknown_never_scheduled', 'dataset_consumes_1', 'dataset_produces_1', 'dataset_consumes_1_and_2', 'dataset_consumes_1_never_scheduled' retrieved from /home/airflow/.local/lib/python3.11/site-packages/airflow/example_dags/example_datasets.py
[2026-03-15T17:34:59.747+0000] {logging_mixin.py:188} INFO - [2026-03-15T17:34:59.747+0000] {dag.py:3047} INFO - Sync 6 DAGs
[2026-03-15T17:34:59.761+0000] {logging_mixin.py:188} INFO - [2026-03-15T17:34:59.761+0000] {dag.py:3834} INFO - Setting next_dagrun for dataset_consumes_1 to None, run_after=None
[2026-03-15T17:34:59.763+0000] {logging_mixin.py:188} INFO - [2026-03-15T17:34:59.763+0000] {dag.py:3834} INFO - Setting next_dagrun for dataset_consumes_1_and_2 to None, run_after=None
[2026-03-15T17:34:59.764+0000] {logging_mixin.py:188} INFO - [2026-03-15T17:34:59.764+0000] {dag.py:3834} INFO - Setting next_dagrun for dataset_consumes_1_never_scheduled to None, run_after=None
[2026-03-15T17:34:59.765+0000] {logging_mixin.py:188} INFO - [2026-03-15T17:34:59.765+0000] {dag.py:3834} INFO - Setting next_dagrun for dataset_consumes_unknown_never_scheduled to None, run_after=None
[2026-03-15T17:34:59.767+0000] {logging_mixin.py:188} INFO - [2026-03-15T17:34:59.767+0000] {dag.py:3834} INFO - Setting next_dagrun for dataset_produces_1 to 2026-03-14 00:00:00+00:00, run_after=2026-03-15 00:00:00+00:00
[2026-03-15T17:34:59.768+0000] {logging_mixin.py:188} INFO - [2026-03-15T17:34:59.767+0000] {dag.py:3834} INFO - Setting next_dagrun for dataset_produces_2 to None, run_after=None
[2026-03-15T17:34:59.787+0000] {processor.py:183} INFO - Processing /home/airflow/.local/lib/python3.11/site-packages/airflow/example_dags/example_datasets.py took 0.073 seconds
[2026-03-15T17:35:08.833+0000] {processor.py:161} INFO - Started process (PID=1442) to work on /home/airflow/.local/lib/python3.11/site-packages/airflow/example_dags/example_datasets.py
[2026-03-15T17:35:08.834+0000] {processor.py:830} INFO - Processing file /home/airflow/.local/lib/python3.11/site-packages/airflow/example_dags/example_datasets.py for tasks to queue
[2026-03-15T17:35:08.836+0000] {logging_mixin.py:188} INFO - [2026-03-15T17:35:08.835+0000] {dagbag.py:540} INFO - Filling up the DagBag from /home/airflow/.local/lib/python3.11/site-packages/airflow/example_dags/example_datasets.py
[2026-03-15T17:35:08.843+0000] {processor.py:840} INFO - DAG(s) 'dataset_consumes_unknown_never_scheduled', 'dataset_produces_2', 'dataset_consumes_1_and_2', 'dataset_produces_1', 'dataset_consumes_1_never_scheduled', 'dataset_consumes_1' retrieved from /home/airflow/.local/lib/python3.11/site-packages/airflow/example_dags/example_datasets.py
[2026-03-15T17:35:08.866+0000] {logging_mixin.py:188} INFO - [2026-03-15T17:35:08.866+0000] {dag.py:3047} INFO - Sync 6 DAGs
[2026-03-15T17:35:08.884+0000] {logging_mixin.py:188} INFO - [2026-03-15T17:35:08.884+0000] {dag.py:3834} INFO - Setting next_dagrun for dataset_consumes_1 to None, run_after=None
[2026-03-15T17:35:08.888+0000] {logging_mixin.py:188} INFO - [2026-03-15T17:35:08.887+0000] {dag.py:3834} INFO - Setting next_dagrun for dataset_consumes_1_and_2 to None, run_after=None
[2026-03-15T17:35:08.889+0000] {logging_mixin.py:188} INFO - [2026-03-15T17:35:08.889+0000] {dag.py:3834} INFO - Setting next_dagrun for dataset_consumes_1_never_scheduled to None, run_after=None
[2026-03-15T17:35:08.890+0000] {logging_mixin.py:188} INFO - [2026-03-15T17:35:08.889+0000] {dag.py:3834} INFO - Setting next_dagrun for dataset_consumes_unknown_never_scheduled to None, run_after=None
[2026-03-15T17:35:08.891+0000] {logging_mixin.py:188} INFO - [2026-03-15T17:35:08.891+0000] {dag.py:3834} INFO - Setting next_dagrun for dataset_produces_1 to 2026-03-14 00:00:00+00:00, run_after=2026-03-15 00:00:00+00:00
[2026-03-15T17:35:08.892+0000] {logging_mixin.py:188} INFO - [2026-03-15T17:35:08.892+0000] {dag.py:3834} INFO - Setting next_dagrun for dataset_produces_2 to None, run_after=None
[2026-03-15T17:35:08.914+0000] {processor.py:183} INFO - Processing /home/airflow/.local/lib/python3.11/site-packages/airflow/example_dags/example_datasets.py took 0.084 seconds
[2026-03-15T17:35:39.227+0000] {processor.py:161} INFO - Started process (PID=1490) to work on /home/airflow/.local/lib/python3.11/site-packages/airflow/example_dags/example_datasets.py
[2026-03-15T17:35:39.228+0000] {processor.py:830} INFO - Processing file /home/airflow/.local/lib/python3.11/site-packages/airflow/example_dags/example_datasets.py for tasks to queue
[2026-03-15T17:35:39.230+0000] {logging_mixin.py:188} INFO - [2026-03-15T17:35:39.229+0000] {dagbag.py:540} INFO - Filling up the DagBag from /home/airflow/.local/lib/python3.11/site-packages/airflow/example_dags/example_datasets.py
[2026-03-15T17:35:39.238+0000] {processor.py:840} INFO - DAG(s) 'dataset_consumes_1', 'dataset_consumes_1_never_scheduled', 'dataset_consumes_1_and_2', 'dataset_produces_2', 'dataset_produces_1', 'dataset_consumes_unknown_never_scheduled' retrieved from /home/airflow/.local/lib/python3.11/site-packages/airflow/example_dags/example_datasets.py
[2026-03-15T17:35:39.262+0000] {logging_mixin.py:188} INFO - [2026-03-15T17:35:39.262+0000] {dag.py:3047} INFO - Sync 6 DAGs
[2026-03-15T17:35:39.281+0000] {logging_mixin.py:188} INFO - [2026-03-15T17:35:39.281+0000] {dag.py:3834} INFO - Setting next_dagrun for dataset_consumes_1 to None, run_after=None
[2026-03-15T17:35:39.285+0000] {logging_mixin.py:188} INFO - [2026-03-15T17:35:39.284+0000] {dag.py:3834} INFO - Setting next_dagrun for dataset_consumes_1_and_2 to None, run_after=None
[2026-03-15T17:35:39.286+0000] {logging_mixin.py:188} INFO - [2026-03-15T17:35:39.286+0000] {dag.py:3834} INFO - Setting next_dagrun for dataset_consumes_1_never_scheduled to None, run_after=None
[2026-03-15T17:35:39.287+0000] {logging_mixin.py:188} INFO - [2026-03-15T17:35:39.287+0000] {dag.py:3834} INFO - Setting next_dagrun for dataset_consumes_unknown_never_scheduled to None, run_after=None
[2026-03-15T17:35:39.289+0000] {logging_mixin.py:188} INFO - [2026-03-15T17:35:39.289+0000] {dag.py:3834} INFO - Setting next_dagrun for dataset_produces_1 to 2026-03-14 00:00:00+00:00, run_after=2026-03-15 00:00:00+00:00
[2026-03-15T17:35:39.290+0000] {logging_mixin.py:188} INFO - [2026-03-15T17:35:39.290+0000] {dag.py:3834} INFO - Setting next_dagrun for dataset_produces_2 to None, run_after=None
[2026-03-15T17:35:39.314+0000] {processor.py:183} INFO - Processing /home/airflow/.local/lib/python3.11/site-packages/airflow/example_dags/example_datasets.py took 0.089 seconds
[2026-03-15T17:35:50.235+0000] {processor.py:161} INFO - Started process (PID=1532) to work on /home/airflow/.local/lib/python3.11/site-packages/airflow/example_dags/example_datasets.py
[2026-03-15T17:35:50.236+0000] {processor.py:830} INFO - Processing file /home/airflow/.local/lib/python3.11/site-packages/airflow/example_dags/example_datasets.py for tasks to queue
[2026-03-15T17:35:50.238+0000] {logging_mixin.py:188} INFO - [2026-03-15T17:35:50.238+0000] {dagbag.py:540} INFO - Filling up the DagBag from /home/airflow/.local/lib/python3.11/site-packages/airflow/example_dags/example_datasets.py
[2026-03-15T17:35:50.245+0000] {processor.py:840} INFO - DAG(s) 'dataset_consumes_unknown_never_scheduled', 'dataset_consumes_1', 'dataset_produces_1', 'dataset_consumes_1_never_scheduled', 'dataset_consumes_1_and_2', 'dataset_produces_2' retrieved from /home/airflow/.local/lib/python3.11/site-packages/airflow/example_dags/example_datasets.py
[2026-03-15T17:35:50.269+0000] {logging_mixin.py:188} INFO - [2026-03-15T17:35:50.269+0000] {dag.py:3047} INFO - Sync 6 DAGs
[2026-03-15T17:35:50.286+0000] {logging_mixin.py:188} INFO - [2026-03-15T17:35:50.286+0000] {dag.py:3834} INFO - Setting next_dagrun for dataset_consumes_1 to None, run_after=None
[2026-03-15T17:35:50.288+0000] {logging_mixin.py:188} INFO - [2026-03-15T17:35:50.288+0000] {dag.py:3834} INFO - Setting next_dagrun for dataset_consumes_1_and_2 to None, run_after=None
[2026-03-15T17:35:50.289+0000] {logging_mixin.py:188} INFO - [2026-03-15T17:35:50.289+0000] {dag.py:3834} INFO - Setting next_dagrun for dataset_consumes_1_never_scheduled to None, run_after=None
[2026-03-15T17:35:50.290+0000] {logging_mixin.py:188} INFO - [2026-03-15T17:35:50.290+0000] {dag.py:3834} INFO - Setting next_dagrun for dataset_consumes_unknown_never_scheduled to None, run_after=None
[2026-03-15T17:35:50.292+0000] {logging_mixin.py:188} INFO - [2026-03-15T17:35:50.292+0000] {dag.py:3834} INFO - Setting next_dagrun for dataset_produces_1 to 2026-03-14 00:00:00+00:00, run_after=2026-03-15 00:00:00+00:00
[2026-03-15T17:35:50.293+0000] {logging_mixin.py:188} INFO - [2026-03-15T17:35:50.293+0000] {dag.py:3834} INFO - Setting next_dagrun for dataset_produces_2 to None, run_after=None
[2026-03-15T17:35:50.316+0000] {processor.py:183} INFO - Processing /home/airflow/.local/lib/python3.11/site-packages/airflow/example_dags/example_datasets.py took 0.085 seconds
[2026-03-15T17:35:55.356+0000] {processor.py:161} INFO - Started process (PID=1570) to work on /home/airflow/.local/lib/python3.11/site-packages/airflow/example_dags/example_datasets.py
[2026-03-15T17:35:55.357+0000] {processor.py:830} INFO - Processing file /home/airflow/.local/lib/python3.11/site-packages/airflow/example_dags/example_datasets.py for tasks to queue
[2026-03-15T17:35:55.359+0000] {logging_mixin.py:188} INFO - [2026-03-15T17:35:55.358+0000] {dagbag.py:540} INFO - Filling up the DagBag from /home/airflow/.local/lib/python3.11/site-packages/airflow/example_dags/example_datasets.py
[2026-03-15T17:35:55.366+0000] {processor.py:840} INFO - DAG(s) 'dataset_consumes_unknown_never_scheduled', 'dataset_consumes_1_and_2', 'dataset_produces_1', 'dataset_consumes_1', 'dataset_produces_2', 'dataset_consumes_1_never_scheduled' retrieved from /home/airflow/.local/lib/python3.11/site-packages/airflow/example_dags/example_datasets.py
[2026-03-15T17:35:55.389+0000] {logging_mixin.py:188} INFO - [2026-03-15T17:35:55.389+0000] {dag.py:3047} INFO - Sync 6 DAGs
[2026-03-15T17:35:55.404+0000] {logging_mixin.py:188} INFO - [2026-03-15T17:35:55.403+0000] {dag.py:3834} INFO - Setting next_dagrun for dataset_consumes_1 to None, run_after=None
[2026-03-15T17:35:55.406+0000] {logging_mixin.py:188} INFO - [2026-03-15T17:35:55.406+0000] {dag.py:3834} INFO - Setting next_dagrun for dataset_consumes_1_and_2 to None, run_after=None
[2026-03-15T17:35:55.407+0000] {logging_mixin.py:188} INFO - [2026-03-15T17:35:55.407+0000] {dag.py:3834} INFO - Setting next_dagrun for dataset_consumes_1_never_scheduled to None, run_after=None
[2026-03-15T17:35:55.408+0000] {logging_mixin.py:188} INFO - [2026-03-15T17:35:55.408+0000] {dag.py:3834} INFO - Setting next_dagrun for dataset_consumes_unknown_never_scheduled to None, run_after=None
[2026-03-15T17:35:55.410+0000] {logging_mixin.py:188} INFO - [2026-03-15T17:35:55.410+0000] {dag.py:3834} INFO - Setting next_dagrun for dataset_produces_1 to 2026-03-14 00:00:00+00:00, run_after=2026-03-15 00:00:00+00:00
[2026-03-15T17:35:55.411+0000] {logging_mixin.py:188} INFO - [2026-03-15T17:35:55.411+0000] {dag.py:3834} INFO - Setting next_dagrun for dataset_produces_2 to None, run_after=None
[2026-03-15T17:35:55.433+0000] {processor.py:183} INFO - Processing /home/airflow/.local/lib/python3.11/site-packages/airflow/example_dags/example_datasets.py took 0.079 seconds
[2026-03-15T17:36:09.092+0000] {processor.py:161} INFO - Started process (PID=1614) to work on /home/airflow/.local/lib/python3.11/site-packages/airflow/example_dags/example_datasets.py
[2026-03-15T17:36:09.093+0000] {processor.py:830} INFO - Processing file /home/airflow/.local/lib/python3.11/site-packages/airflow/example_dags/example_datasets.py for tasks to queue
[2026-03-15T17:36:09.095+0000] {logging_mixin.py:188} INFO - [2026-03-15T17:36:09.095+0000] {dagbag.py:540} INFO - Filling up the DagBag from /home/airflow/.local/lib/python3.11/site-packages/airflow/example_dags/example_datasets.py
[2026-03-15T17:36:09.104+0000] {processor.py:840} INFO - DAG(s) 'dataset_consumes_1', 'dataset_produces_2', 'dataset_consumes_unknown_never_scheduled', 'dataset_consumes_1_never_scheduled', 'dataset_consumes_1_and_2', 'dataset_produces_1' retrieved from /home/airflow/.local/lib/python3.11/site-packages/airflow/example_dags/example_datasets.py
[2026-03-15T17:36:09.127+0000] {logging_mixin.py:188} INFO - [2026-03-15T17:36:09.127+0000] {dag.py:3047} INFO - Sync 6 DAGs
[2026-03-15T17:36:09.144+0000] {logging_mixin.py:188} INFO - [2026-03-15T17:36:09.144+0000] {dag.py:3834} INFO - Setting next_dagrun for dataset_consumes_1 to None, run_after=None
[2026-03-15T17:36:09.147+0000] {logging_mixin.py:188} INFO - [2026-03-15T17:36:09.147+0000] {dag.py:3834} INFO - Setting next_dagrun for dataset_consumes_1_and_2 to None, run_after=None
[2026-03-15T17:36:09.148+0000] {logging_mixin.py:188} INFO - [2026-03-15T17:36:09.148+0000] {dag.py:3834} INFO - Setting next_dagrun for dataset_consumes_1_never_scheduled to None, run_after=None
[2026-03-15T17:36:09.149+0000] {logging_mixin.py:188} INFO - [2026-03-15T17:36:09.149+0000] {dag.py:3834} INFO - Setting next_dagrun for dataset_consumes_unknown_never_scheduled to None, run_after=None
[2026-03-15T17:36:09.151+0000] {logging_mixin.py:188} INFO - [2026-03-15T17:36:09.151+0000] {dag.py:3834} INFO - Setting next_dagrun for dataset_produces_1 to 2026-03-14 00:00:00+00:00, run_after=2026-03-15 00:00:00+00:00
[2026-03-15T17:36:09.152+0000] {logging_mixin.py:188} INFO - [2026-03-15T17:36:09.152+0000] {dag.py:3834} INFO - Setting next_dagrun for dataset_produces_2 to None, run_after=None
[2026-03-15T17:36:09.174+0000] {processor.py:183} INFO - Processing /home/airflow/.local/lib/python3.11/site-packages/airflow/example_dags/example_datasets.py took 0.085 seconds
[2026-03-15T17:36:15.465+0000] {processor.py:161} INFO - Started process (PID=1654) to work on /home/airflow/.local/lib/python3.11/site-packages/airflow/example_dags/example_datasets.py
[2026-03-15T17:36:15.466+0000] {processor.py:830} INFO - Processing file /home/airflow/.local/lib/python3.11/site-packages/airflow/example_dags/example_datasets.py for tasks to queue
[2026-03-15T17:36:15.468+0000] {logging_mixin.py:188} INFO - [2026-03-15T17:36:15.468+0000] {dagbag.py:540} INFO - Filling up the DagBag from /home/airflow/.local/lib/python3.11/site-packages/airflow/example_dags/example_datasets.py
[2026-03-15T17:36:15.476+0000] {processor.py:840} INFO - DAG(s) 'dataset_produces_2', 'dataset_consumes_1_and_2', 'dataset_consumes_1', 'dataset_consumes_1_never_scheduled', 'dataset_consumes_unknown_never_scheduled', 'dataset_produces_1' retrieved from /home/airflow/.local/lib/python3.11/site-packages/airflow/example_dags/example_datasets.py
[2026-03-15T17:36:15.502+0000] {logging_mixin.py:188} INFO - [2026-03-15T17:36:15.502+0000] {dag.py:3047} INFO - Sync 6 DAGs
[2026-03-15T17:36:15.520+0000] {logging_mixin.py:188} INFO - [2026-03-15T17:36:15.520+0000] {dag.py:3834} INFO - Setting next_dagrun for dataset_consumes_1 to None, run_after=None
[2026-03-15T17:36:15.523+0000] {logging_mixin.py:188} INFO - [2026-03-15T17:36:15.523+0000] {dag.py:3834} INFO - Setting next_dagrun for dataset_consumes_1_and_2 to None, run_after=None
[2026-03-15T17:36:15.524+0000] {logging_mixin.py:188} INFO - [2026-03-15T17:36:15.524+0000] {dag.py:3834} INFO - Setting next_dagrun for dataset_consumes_1_never_scheduled to None, run_after=None
[2026-03-15T17:36:15.525+0000] {logging_mixin.py:188} INFO - [2026-03-15T17:36:15.524+0000] {dag.py:3834} INFO - Setting next_dagrun for dataset_consumes_unknown_never_scheduled to None, run_after=None
[2026-03-15T17:36:15.526+0000] {logging_mixin.py:188} INFO - [2026-03-15T17:36:15.526+0000] {dag.py:3834} INFO - Setting next_dagrun for dataset_produces_1 to 2026-03-14 00:00:00+00:00, run_after=2026-03-15 00:00:00+00:00
[2026-03-15T17:36:15.527+0000] {logging_mixin.py:188} INFO - [2026-03-15T17:36:15.527+0000] {dag.py:3834} INFO - Setting next_dagrun for dataset_produces_2 to None, run_after=None
[2026-03-15T17:36:15.551+0000] {processor.py:183} INFO - Processing /home/airflow/.local/lib/python3.11/site-packages/airflow/example_dags/example_datasets.py took 0.090 seconds
[2026-03-15T17:36:45.762+0000] {processor.py:161} INFO - Started process (PID=1698) to work on /home/airflow/.local/lib/python3.11/site-packages/airflow/example_dags/example_datasets.py
[2026-03-15T17:36:45.763+0000] {processor.py:830} INFO - Processing file /home/airflow/.local/lib/python3.11/site-packages/airflow/example_dags/example_datasets.py for tasks to queue
[2026-03-15T17:36:45.765+0000] {logging_mixin.py:188} INFO - [2026-03-15T17:36:45.765+0000] {dagbag.py:540} INFO - Filling up the DagBag from /home/airflow/.local/lib/python3.11/site-packages/airflow/example_dags/example_datasets.py
[2026-03-15T17:36:45.773+0000] {processor.py:840} INFO - DAG(s) 'dataset_consumes_1_and_2', 'dataset_produces_1', 'dataset_consumes_1', 'dataset_consumes_1_never_scheduled', 'dataset_consumes_unknown_never_scheduled', 'dataset_produces_2' retrieved from /home/airflow/.local/lib/python3.11/site-packages/airflow/example_dags/example_datasets.py
[2026-03-15T17:36:45.797+0000] {logging_mixin.py:188} INFO - [2026-03-15T17:36:45.797+0000] {dag.py:3047} INFO - Sync 6 DAGs
[2026-03-15T17:36:45.813+0000] {logging_mixin.py:188} INFO - [2026-03-15T17:36:45.812+0000] {dag.py:3834} INFO - Setting next_dagrun for dataset_consumes_1 to None, run_after=None
[2026-03-15T17:36:45.816+0000] {logging_mixin.py:188} INFO - [2026-03-15T17:36:45.816+0000] {dag.py:3834} INFO - Setting next_dagrun for dataset_consumes_1_and_2 to None, run_after=None
[2026-03-15T17:36:45.817+0000] {logging_mixin.py:188} INFO - [2026-03-15T17:36:45.817+0000] {dag.py:3834} INFO - Setting next_dagrun for dataset_consumes_1_never_scheduled to None, run_after=None
[2026-03-15T17:36:45.818+0000] {logging_mixin.py:188} INFO - [2026-03-15T17:36:45.818+0000] {dag.py:3834} INFO - Setting next_dagrun for dataset_consumes_unknown_never_scheduled to None, run_after=None
[2026-03-15T17:36:45.820+0000] {logging_mixin.py:188} INFO - [2026-03-15T17:36:45.820+0000] {dag.py:3834} INFO - Setting next_dagrun for dataset_produces_1 to 2026-03-14 00:00:00+00:00, run_after=2026-03-15 00:00:00+00:00
[2026-03-15T17:36:45.821+0000] {logging_mixin.py:188} INFO - [2026-03-15T17:36:45.821+0000] {dag.py:3834} INFO - Setting next_dagrun for dataset_produces_2 to None, run_after=None
[2026-03-15T17:36:45.843+0000] {processor.py:183} INFO - Processing /home/airflow/.local/lib/python3.11/site-packages/airflow/example_dags/example_datasets.py took 0.084 seconds
[2026-03-15T17:37:16.567+0000] {processor.py:161} INFO - Started process (PID=1746) to work on /home/airflow/.local/lib/python3.11/site-packages/airflow/example_dags/example_datasets.py
[2026-03-15T17:37:16.568+0000] {processor.py:830} INFO - Processing file /home/airflow/.local/lib/python3.11/site-packages/airflow/example_dags/example_datasets.py for tasks to queue
[2026-03-15T17:37:16.569+0000] {logging_mixin.py:188} INFO - [2026-03-15T17:37:16.569+0000] {dagbag.py:540} INFO - Filling up the DagBag from /home/airflow/.local/lib/python3.11/site-packages/airflow/example_dags/example_datasets.py
[2026-03-15T17:37:16.577+0000] {processor.py:840} INFO - DAG(s) 'dataset_consumes_1_and_2', 'dataset_consumes_1', 'dataset_produces_2', 'dataset_consumes_1_never_scheduled', 'dataset_produces_1', 'dataset_consumes_unknown_never_scheduled' retrieved from /home/airflow/.local/lib/python3.11/site-packages/airflow/example_dags/example_datasets.py
[2026-03-15T17:37:16.600+0000] {logging_mixin.py:188} INFO - [2026-03-15T17:37:16.600+0000] {dag.py:3047} INFO - Sync 6 DAGs
[2026-03-15T17:37:16.617+0000] {logging_mixin.py:188} INFO - [2026-03-15T17:37:16.617+0000] {dag.py:3834} INFO - Setting next_dagrun for dataset_consumes_1 to None, run_after=None
[2026-03-15T17:37:16.620+0000] {logging_mixin.py:188} INFO - [2026-03-15T17:37:16.620+0000] {dag.py:3834} INFO - Setting next_dagrun for dataset_consumes_1_and_2 to None, run_after=None
[2026-03-15T17:37:16.621+0000] {logging_mixin.py:188} INFO - [2026-03-15T17:37:16.621+0000] {dag.py:3834} INFO - Setting next_dagrun for dataset_consumes_1_never_scheduled to None, run_after=None
[2026-03-15T17:37:16.622+0000] {logging_mixin.py:188} INFO - [2026-03-15T17:37:16.622+0000] {dag.py:3834} INFO - Setting next_dagrun for dataset_consumes_unknown_never_scheduled to None, run_after=None
[2026-03-15T17:37:16.624+0000] {logging_mixin.py:188} INFO - [2026-03-15T17:37:16.624+0000] {dag.py:3834} INFO - Setting next_dagrun for dataset_produces_1 to 2026-03-14 00:00:00+00:00, run_after=2026-03-15 00:00:00+00:00
[2026-03-15T17:37:16.625+0000] {logging_mixin.py:188} INFO - [2026-03-15T17:37:16.625+0000] {dag.py:3834} INFO - Setting next_dagrun for dataset_produces_2 to None, run_after=None
[2026-03-15T17:37:16.648+0000] {processor.py:183} INFO - Processing /home/airflow/.local/lib/python3.11/site-packages/airflow/example_dags/example_datasets.py took 0.085 seconds
[2026-03-15T17:37:20.805+0000] {processor.py:161} INFO - Started process (PID=1796) to work on /home/airflow/.local/lib/python3.11/site-packages/airflow/example_dags/example_datasets.py
[2026-03-15T17:37:20.806+0000] {processor.py:830} INFO - Processing file /home/airflow/.local/lib/python3.11/site-packages/airflow/example_dags/example_datasets.py for tasks to queue
[2026-03-15T17:37:20.807+0000] {logging_mixin.py:188} INFO - [2026-03-15T17:37:20.807+0000] {dagbag.py:540} INFO - Filling up the DagBag from /home/airflow/.local/lib/python3.11/site-packages/airflow/example_dags/example_datasets.py
[2026-03-15T17:37:20.814+0000] {processor.py:840} INFO - DAG(s) 'dataset_consumes_1_and_2', 'dataset_consumes_1', 'dataset_consumes_1_never_scheduled', 'dataset_produces_1', 'dataset_produces_2', 'dataset_consumes_unknown_never_scheduled' retrieved from /home/airflow/.local/lib/python3.11/site-packages/airflow/example_dags/example_datasets.py
[2026-03-15T17:37:20.836+0000] {logging_mixin.py:188} INFO - [2026-03-15T17:37:20.836+0000] {dag.py:3047} INFO - Sync 6 DAGs
[2026-03-15T17:37:20.851+0000] {logging_mixin.py:188} INFO - [2026-03-15T17:37:20.851+0000] {dag.py:3834} INFO - Setting next_dagrun for dataset_consumes_1 to None, run_after=None
[2026-03-15T17:37:20.854+0000] {logging_mixin.py:188} INFO - [2026-03-15T17:37:20.854+0000] {dag.py:3834} INFO - Setting next_dagrun for dataset_consumes_1_and_2 to None, run_after=None
[2026-03-15T17:37:20.855+0000] {logging_mixin.py:188} INFO - [2026-03-15T17:37:20.855+0000] {dag.py:3834} INFO - Setting next_dagrun for dataset_consumes_1_never_scheduled to None, run_after=None
[2026-03-15T17:37:20.856+0000] {logging_mixin.py:188} INFO - [2026-03-15T17:37:20.856+0000] {dag.py:3834} INFO - Setting next_dagrun for dataset_consumes_unknown_never_scheduled to None, run_after=None
[2026-03-15T17:37:20.858+0000] {logging_mixin.py:188} INFO - [2026-03-15T17:37:20.858+0000] {dag.py:3834} INFO - Setting next_dagrun for dataset_produces_1 to 2026-03-14 00:00:00+00:00, run_after=2026-03-15 00:00:00+00:00
[2026-03-15T17:37:20.859+0000] {logging_mixin.py:188} INFO - [2026-03-15T17:37:20.859+0000] {dag.py:3834} INFO - Setting next_dagrun for dataset_produces_2 to None, run_after=None
[2026-03-15T17:37:20.879+0000] {processor.py:183} INFO - Processing /home/airflow/.local/lib/python3.11/site-packages/airflow/example_dags/example_datasets.py took 0.077 seconds
[2026-03-15T17:37:39.489+0000] {processor.py:161} INFO - Started process (PID=1851) to work on /home/airflow/.local/lib/python3.11/site-packages/airflow/example_dags/example_datasets.py
[2026-03-15T17:37:39.490+0000] {processor.py:830} INFO - Processing file /home/airflow/.local/lib/python3.11/site-packages/airflow/example_dags/example_datasets.py for tasks to queue
[2026-03-15T17:37:39.492+0000] {logging_mixin.py:188} INFO - [2026-03-15T17:37:39.492+0000] {dagbag.py:540} INFO - Filling up the DagBag from /home/airflow/.local/lib/python3.11/site-packages/airflow/example_dags/example_datasets.py
[2026-03-15T17:37:39.500+0000] {processor.py:840} INFO - DAG(s) 'dataset_consumes_1_never_scheduled', 'dataset_consumes_1', 'dataset_produces_1', 'dataset_produces_2', 'dataset_consumes_1_and_2', 'dataset_consumes_unknown_never_scheduled' retrieved from /home/airflow/.local/lib/python3.11/site-packages/airflow/example_dags/example_datasets.py
[2026-03-15T17:37:39.523+0000] {logging_mixin.py:188} INFO - [2026-03-15T17:37:39.523+0000] {dag.py:3047} INFO - Sync 6 DAGs
[2026-03-15T17:37:39.538+0000] {logging_mixin.py:188} INFO - [2026-03-15T17:37:39.538+0000] {dag.py:3834} INFO - Setting next_dagrun for dataset_consumes_1 to None, run_after=None
[2026-03-15T17:37:39.541+0000] {logging_mixin.py:188} INFO - [2026-03-15T17:37:39.541+0000] {dag.py:3834} INFO - Setting next_dagrun for dataset_consumes_1_and_2 to None, run_after=None
[2026-03-15T17:37:39.542+0000] {logging_mixin.py:188} INFO - [2026-03-15T17:37:39.542+0000] {dag.py:3834} INFO - Setting next_dagrun for dataset_consumes_1_never_scheduled to None, run_after=None
[2026-03-15T17:37:39.543+0000] {logging_mixin.py:188} INFO - [2026-03-15T17:37:39.543+0000] {dag.py:3834} INFO - Setting next_dagrun for dataset_consumes_unknown_never_scheduled to None, run_after=None
[2026-03-15T17:37:39.544+0000] {logging_mixin.py:188} INFO - [2026-03-15T17:37:39.544+0000] {dag.py:3834} INFO - Setting next_dagrun for dataset_produces_1 to 2026-03-14 00:00:00+00:00, run_after=2026-03-15 00:00:00+00:00
[2026-03-15T17:37:39.545+0000] {logging_mixin.py:188} INFO - [2026-03-15T17:37:39.545+0000] {dag.py:3834} INFO - Setting next_dagrun for dataset_produces_2 to None, run_after=None
[2026-03-15T17:37:39.566+0000] {processor.py:183} INFO - Processing /home/airflow/.local/lib/python3.11/site-packages/airflow/example_dags/example_datasets.py took 0.079 seconds
[2026-03-15T17:37:45.914+0000] {processor.py:161} INFO - Started process (PID=1890) to work on /home/airflow/.local/lib/python3.11/site-packages/airflow/example_dags/example_datasets.py
[2026-03-15T17:37:45.915+0000] {processor.py:830} INFO - Processing file /home/airflow/.local/lib/python3.11/site-packages/airflow/example_dags/example_datasets.py for tasks to queue
[2026-03-15T17:37:45.917+0000] {logging_mixin.py:188} INFO - [2026-03-15T17:37:45.916+0000] {dagbag.py:540} INFO - Filling up the DagBag from /home/airflow/.local/lib/python3.11/site-packages/airflow/example_dags/example_datasets.py
[2026-03-15T17:37:45.924+0000] {processor.py:840} INFO - DAG(s) 'dataset_produces_2', 'dataset_produces_1', 'dataset_consumes_1_and_2', 'dataset_consumes_unknown_never_scheduled', 'dataset_consumes_1_never_scheduled', 'dataset_consumes_1' retrieved from /home/airflow/.local/lib/python3.11/site-packages/airflow/example_dags/example_datasets.py
[2026-03-15T17:37:45.946+0000] {logging_mixin.py:188} INFO - [2026-03-15T17:37:45.946+0000] {dag.py:3047} INFO - Sync 6 DAGs
[2026-03-15T17:37:45.962+0000] {logging_mixin.py:188} INFO - [2026-03-15T17:37:45.962+0000] {dag.py:3834} INFO - Setting next_dagrun for dataset_consumes_1 to None, run_after=None
[2026-03-15T17:37:45.966+0000] {logging_mixin.py:188} INFO - [2026-03-15T17:37:45.966+0000] {dag.py:3834} INFO - Setting next_dagrun for dataset_consumes_1_and_2 to None, run_after=None
[2026-03-15T17:37:45.967+0000] {logging_mixin.py:188} INFO - [2026-03-15T17:37:45.967+0000] {dag.py:3834} INFO - Setting next_dagrun for dataset_consumes_1_never_scheduled to None, run_after=None
[2026-03-15T17:37:45.968+0000] {logging_mixin.py:188} INFO - [2026-03-15T17:37:45.968+0000] {dag.py:3834} INFO - Setting next_dagrun for dataset_consumes_unknown_never_scheduled to None, run_after=None
[2026-03-15T17:37:45.970+0000] {logging_mixin.py:188} INFO - [2026-03-15T17:37:45.969+0000] {dag.py:3834} INFO - Setting next_dagrun for dataset_produces_1 to 2026-03-14 00:00:00+00:00, run_after=2026-03-15 00:00:00+00:00
[2026-03-15T17:37:45.970+0000] {logging_mixin.py:188} INFO - [2026-03-15T17:37:45.970+0000] {dag.py:3834} INFO - Setting next_dagrun for dataset_produces_2 to None, run_after=None
[2026-03-15T17:37:45.991+0000] {processor.py:183} INFO - Processing /home/airflow/.local/lib/python3.11/site-packages/airflow/example_dags/example_datasets.py took 0.080 seconds
[2026-03-15T17:38:09.130+0000] {processor.py:161} INFO - Started process (PID=1935) to work on /home/airflow/.local/lib/python3.11/site-packages/airflow/example_dags/example_datasets.py
[2026-03-15T17:38:09.131+0000] {processor.py:830} INFO - Processing file /home/airflow/.local/lib/python3.11/site-packages/airflow/example_dags/example_datasets.py for tasks to queue
[2026-03-15T17:38:09.133+0000] {logging_mixin.py:188} INFO - [2026-03-15T17:38:09.133+0000] {dagbag.py:540} INFO - Filling up the DagBag from /home/airflow/.local/lib/python3.11/site-packages/airflow/example_dags/example_datasets.py
[2026-03-15T17:38:09.140+0000] {processor.py:840} INFO - DAG(s) 'dataset_produces_2', 'dataset_consumes_1', 'dataset_consumes_unknown_never_scheduled', 'dataset_consumes_1_never_scheduled', 'dataset_consumes_1_and_2', 'dataset_produces_1' retrieved from /home/airflow/.local/lib/python3.11/site-packages/airflow/example_dags/example_datasets.py
[2026-03-15T17:38:09.161+0000] {logging_mixin.py:188} INFO - [2026-03-15T17:38:09.161+0000] {dag.py:3047} INFO - Sync 6 DAGs
[2026-03-15T17:38:09.178+0000] {logging_mixin.py:188} INFO - [2026-03-15T17:38:09.178+0000] {dag.py:3834} INFO - Setting next_dagrun for dataset_consumes_1 to None, run_after=None
[2026-03-15T17:38:09.181+0000] {logging_mixin.py:188} INFO - [2026-03-15T17:38:09.181+0000] {dag.py:3834} INFO - Setting next_dagrun for dataset_consumes_1_and_2 to None, run_after=None
[2026-03-15T17:38:09.182+0000] {logging_mixin.py:188} INFO - [2026-03-15T17:38:09.182+0000] {dag.py:3834} INFO - Setting next_dagrun for dataset_consumes_1_never_scheduled to None, run_after=None
[2026-03-15T17:38:09.183+0000] {logging_mixin.py:188} INFO - [2026-03-15T17:38:09.183+0000] {dag.py:3834} INFO - Setting next_dagrun for dataset_consumes_unknown_never_scheduled to None, run_after=None
[2026-03-15T17:38:09.185+0000] {logging_mixin.py:188} INFO - [2026-03-15T17:38:09.184+0000] {dag.py:3834} INFO - Setting next_dagrun for dataset_produces_1 to 2026-03-14 00:00:00+00:00, run_after=2026-03-15 00:00:00+00:00
[2026-03-15T17:38:09.185+0000] {logging_mixin.py:188} INFO - [2026-03-15T17:38:09.185+0000] {dag.py:3834} INFO - Setting next_dagrun for dataset_produces_2 to None, run_after=None
[2026-03-15T17:38:09.207+0000] {processor.py:183} INFO - Processing /home/airflow/.local/lib/python3.11/site-packages/airflow/example_dags/example_datasets.py took 0.079 seconds
[2026-03-15T17:38:39.279+0000] {processor.py:161} INFO - Started process (PID=1984) to work on /home/airflow/.local/lib/python3.11/site-packages/airflow/example_dags/example_datasets.py
[2026-03-15T17:38:39.280+0000] {processor.py:830} INFO - Processing file /home/airflow/.local/lib/python3.11/site-packages/airflow/example_dags/example_datasets.py for tasks to queue
[2026-03-15T17:38:39.282+0000] {logging_mixin.py:188} INFO - [2026-03-15T17:38:39.282+0000] {dagbag.py:540} INFO - Filling up the DagBag from /home/airflow/.local/lib/python3.11/site-packages/airflow/example_dags/example_datasets.py
[2026-03-15T17:38:39.291+0000] {processor.py:840} INFO - DAG(s) 'dataset_produces_1', 'dataset_consumes_1_never_scheduled', 'dataset_consumes_unknown_never_scheduled', 'dataset_consumes_1_and_2', 'dataset_produces_2', 'dataset_consumes_1' retrieved from /home/airflow/.local/lib/python3.11/site-packages/airflow/example_dags/example_datasets.py
[2026-03-15T17:38:39.315+0000] {logging_mixin.py:188} INFO - [2026-03-15T17:38:39.315+0000] {dag.py:3047} INFO - Sync 6 DAGs
[2026-03-15T17:38:39.336+0000] {logging_mixin.py:188} INFO - [2026-03-15T17:38:39.335+0000] {dag.py:3834} INFO - Setting next_dagrun for dataset_consumes_1 to None, run_after=None
[2026-03-15T17:38:39.342+0000] {logging_mixin.py:188} INFO - [2026-03-15T17:38:39.342+0000] {dag.py:3834} INFO - Setting next_dagrun for dataset_consumes_1_and_2 to None, run_after=None
[2026-03-15T17:38:39.344+0000] {logging_mixin.py:188} INFO - [2026-03-15T17:38:39.344+0000] {dag.py:3834} INFO - Setting next_dagrun for dataset_consumes_1_never_scheduled to None, run_after=None
[2026-03-15T17:38:39.345+0000] {logging_mixin.py:188} INFO - [2026-03-15T17:38:39.345+0000] {dag.py:3834} INFO - Setting next_dagrun for dataset_consumes_unknown_never_scheduled to None, run_after=None
[2026-03-15T17:38:39.347+0000] {logging_mixin.py:188} INFO - [2026-03-15T17:38:39.347+0000] {dag.py:3834} INFO - Setting next_dagrun for dataset_produces_1 to 2026-03-14 00:00:00+00:00, run_after=2026-03-15 00:00:00+00:00
[2026-03-15T17:38:39.348+0000] {logging_mixin.py:188} INFO - [2026-03-15T17:38:39.348+0000] {dag.py:3834} INFO - Setting next_dagrun for dataset_produces_2 to None, run_after=None
[2026-03-15T17:38:39.376+0000] {processor.py:183} INFO - Processing /home/airflow/.local/lib/python3.11/site-packages/airflow/example_dags/example_datasets.py took 0.100 seconds
[2026-03-15T17:38:45.854+0000] {processor.py:161} INFO - Started process (PID=2025) to work on /home/airflow/.local/lib/python3.11/site-packages/airflow/example_dags/example_datasets.py
[2026-03-15T17:38:45.856+0000] {processor.py:830} INFO - Processing file /home/airflow/.local/lib/python3.11/site-packages/airflow/example_dags/example_datasets.py for tasks to queue
[2026-03-15T17:38:45.857+0000] {logging_mixin.py:188} INFO - [2026-03-15T17:38:45.857+0000] {dagbag.py:540} INFO - Filling up the DagBag from /home/airflow/.local/lib/python3.11/site-packages/airflow/example_dags/example_datasets.py
[2026-03-15T17:38:45.866+0000] {processor.py:840} INFO - DAG(s) 'dataset_produces_2', 'dataset_consumes_1_and_2', 'dataset_consumes_unknown_never_scheduled', 'dataset_consumes_1', 'dataset_consumes_1_never_scheduled', 'dataset_produces_1' retrieved from /home/airflow/.local/lib/python3.11/site-packages/airflow/example_dags/example_datasets.py
[2026-03-15T17:38:45.894+0000] {logging_mixin.py:188} INFO - [2026-03-15T17:38:45.894+0000] {dag.py:3047} INFO - Sync 6 DAGs
[2026-03-15T17:38:45.914+0000] {logging_mixin.py:188} INFO - [2026-03-15T17:38:45.914+0000] {dag.py:3834} INFO - Setting next_dagrun for dataset_consumes_1 to None, run_after=None
[2026-03-15T17:38:45.923+0000] {logging_mixin.py:188} INFO - [2026-03-15T17:38:45.923+0000] {dag.py:3834} INFO - Setting next_dagrun for dataset_consumes_1_and_2 to None, run_after=None
[2026-03-15T17:38:45.928+0000] {logging_mixin.py:188} INFO - [2026-03-15T17:38:45.927+0000] {dag.py:3834} INFO - Setting next_dagrun for dataset_consumes_1_never_scheduled to None, run_after=None
[2026-03-15T17:38:45.930+0000] {logging_mixin.py:188} INFO - [2026-03-15T17:38:45.929+0000] {dag.py:3834} INFO - Setting next_dagrun for dataset_consumes_unknown_never_scheduled to None, run_after=None
[2026-03-15T17:38:45.933+0000] {logging_mixin.py:188} INFO - [2026-03-15T17:38:45.932+0000] {dag.py:3834} INFO - Setting next_dagrun for dataset_produces_1 to 2026-03-14 00:00:00+00:00, run_after=2026-03-15 00:00:00+00:00
[2026-03-15T17:38:45.936+0000] {logging_mixin.py:188} INFO - [2026-03-15T17:38:45.935+0000] {dag.py:3834} INFO - Setting next_dagrun for dataset_produces_2 to None, run_after=None
[2026-03-15T17:38:45.968+0000] {processor.py:183} INFO - Processing /home/airflow/.local/lib/python3.11/site-packages/airflow/example_dags/example_datasets.py took 0.117 seconds
[2026-03-15T17:39:09.709+0000] {processor.py:161} INFO - Started process (PID=2075) to work on /home/airflow/.local/lib/python3.11/site-packages/airflow/example_dags/example_datasets.py
[2026-03-15T17:39:09.710+0000] {processor.py:830} INFO - Processing file /home/airflow/.local/lib/python3.11/site-packages/airflow/example_dags/example_datasets.py for tasks to queue
[2026-03-15T17:39:09.711+0000] {logging_mixin.py:188} INFO - [2026-03-15T17:39:09.711+0000] {dagbag.py:540} INFO - Filling up the DagBag from /home/airflow/.local/lib/python3.11/site-packages/airflow/example_dags/example_datasets.py
[2026-03-15T17:39:09.719+0000] {processor.py:840} INFO - DAG(s) 'dataset_produces_1', 'dataset_consumes_1_never_scheduled', 'dataset_consumes_unknown_never_scheduled', 'dataset_consumes_1_and_2', 'dataset_consumes_1', 'dataset_produces_2' retrieved from /home/airflow/.local/lib/python3.11/site-packages/airflow/example_dags/example_datasets.py
[2026-03-15T17:39:09.742+0000] {logging_mixin.py:188} INFO - [2026-03-15T17:39:09.742+0000] {dag.py:3047} INFO - Sync 6 DAGs
[2026-03-15T17:39:09.760+0000] {logging_mixin.py:188} INFO - [2026-03-15T17:39:09.760+0000] {dag.py:3834} INFO - Setting next_dagrun for dataset_consumes_1 to None, run_after=None
[2026-03-15T17:39:09.764+0000] {logging_mixin.py:188} INFO - [2026-03-15T17:39:09.764+0000] {dag.py:3834} INFO - Setting next_dagrun for dataset_consumes_1_and_2 to None, run_after=None
[2026-03-15T17:39:09.768+0000] {logging_mixin.py:188} INFO - [2026-03-15T17:39:09.767+0000] {dag.py:3834} INFO - Setting next_dagrun for dataset_consumes_1_never_scheduled to None, run_after=None
[2026-03-15T17:39:09.769+0000] {logging_mixin.py:188} INFO - [2026-03-15T17:39:09.768+0000] {dag.py:3834} INFO - Setting next_dagrun for dataset_consumes_unknown_never_scheduled to None, run_after=None
[2026-03-15T17:39:09.772+0000] {logging_mixin.py:188} INFO - [2026-03-15T17:39:09.771+0000] {dag.py:3834} INFO - Setting next_dagrun for dataset_produces_1 to 2026-03-14 00:00:00+00:00, run_after=2026-03-15 00:00:00+00:00
[2026-03-15T17:39:09.773+0000] {logging_mixin.py:188} INFO - [2026-03-15T17:39:09.772+0000] {dag.py:3834} INFO - Setting next_dagrun for dataset_produces_2 to None, run_after=None
[2026-03-15T17:39:09.797+0000] {processor.py:183} INFO - Processing /home/airflow/.local/lib/python3.11/site-packages/airflow/example_dags/example_datasets.py took 0.091 seconds
[2026-03-15T17:39:16.211+0000] {processor.py:161} INFO - Started process (PID=2122) to work on /home/airflow/.local/lib/python3.11/site-packages/airflow/example_dags/example_datasets.py
[2026-03-15T17:39:16.212+0000] {processor.py:830} INFO - Processing file /home/airflow/.local/lib/python3.11/site-packages/airflow/example_dags/example_datasets.py for tasks to queue
[2026-03-15T17:39:16.214+0000] {logging_mixin.py:188} INFO - [2026-03-15T17:39:16.213+0000] {dagbag.py:540} INFO - Filling up the DagBag from /home/airflow/.local/lib/python3.11/site-packages/airflow/example_dags/example_datasets.py
[2026-03-15T17:39:16.221+0000] {processor.py:840} INFO - DAG(s) 'dataset_consumes_1_and_2', 'dataset_produces_1', 'dataset_consumes_unknown_never_scheduled', 'dataset_produces_2', 'dataset_consumes_1_never_scheduled', 'dataset_consumes_1' retrieved from /home/airflow/.local/lib/python3.11/site-packages/airflow/example_dags/example_datasets.py
[2026-03-15T17:39:16.245+0000] {logging_mixin.py:188} INFO - [2026-03-15T17:39:16.245+0000] {dag.py:3047} INFO - Sync 6 DAGs
[2026-03-15T17:39:16.262+0000] {logging_mixin.py:188} INFO - [2026-03-15T17:39:16.261+0000] {dag.py:3834} INFO - Setting next_dagrun for dataset_consumes_1 to None, run_after=None
[2026-03-15T17:39:16.264+0000] {logging_mixin.py:188} INFO - [2026-03-15T17:39:16.264+0000] {dag.py:3834} INFO - Setting next_dagrun for dataset_consumes_1_and_2 to None, run_after=None
[2026-03-15T17:39:16.267+0000] {logging_mixin.py:188} INFO - [2026-03-15T17:39:16.267+0000] {dag.py:3834} INFO - Setting next_dagrun for dataset_consumes_1_never_scheduled to None, run_after=None
[2026-03-15T17:39:16.267+0000] {logging_mixin.py:188} INFO - [2026-03-15T17:39:16.267+0000] {dag.py:3834} INFO - Setting next_dagrun for dataset_consumes_unknown_never_scheduled to None, run_after=None
[2026-03-15T17:39:16.269+0000] {logging_mixin.py:188} INFO - [2026-03-15T17:39:16.269+0000] {dag.py:3834} INFO - Setting next_dagrun for dataset_produces_1 to 2026-03-14 00:00:00+00:00, run_after=2026-03-15 00:00:00+00:00
[2026-03-15T17:39:16.270+0000] {logging_mixin.py:188} INFO - [2026-03-15T17:39:16.270+0000] {dag.py:3834} INFO - Setting next_dagrun for dataset_produces_2 to None, run_after=None
[2026-03-15T17:39:16.290+0000] {processor.py:183} INFO - Processing /home/airflow/.local/lib/python3.11/site-packages/airflow/example_dags/example_datasets.py took 0.082 seconds
[2026-03-15T17:40:14.785+0000] {processor.py:161} INFO - Started process (PID=93) to work on /home/airflow/.local/lib/python3.11/site-packages/airflow/example_dags/example_datasets.py
[2026-03-15T17:40:14.787+0000] {processor.py:830} INFO - Processing file /home/airflow/.local/lib/python3.11/site-packages/airflow/example_dags/example_datasets.py for tasks to queue
[2026-03-15T17:40:14.789+0000] {logging_mixin.py:188} INFO - [2026-03-15T17:40:14.789+0000] {dagbag.py:540} INFO - Filling up the DagBag from /home/airflow/.local/lib/python3.11/site-packages/airflow/example_dags/example_datasets.py
[2026-03-15T17:40:14.803+0000] {processor.py:840} INFO - DAG(s) 'dataset_consumes_1', 'dataset_consumes_1_and_2', 'dataset_produces_1', 'dataset_consumes_unknown_never_scheduled', 'dataset_consumes_1_never_scheduled', 'dataset_produces_2' retrieved from /home/airflow/.local/lib/python3.11/site-packages/airflow/example_dags/example_datasets.py
[2026-03-15T17:40:14.823+0000] {logging_mixin.py:188} INFO - [2026-03-15T17:40:14.823+0000] {dag.py:3047} INFO - Sync 6 DAGs
[2026-03-15T17:40:14.853+0000] {logging_mixin.py:188} INFO - [2026-03-15T17:40:14.852+0000] {dag.py:3834} INFO - Setting next_dagrun for dataset_consumes_1 to None, run_after=None
[2026-03-15T17:40:14.858+0000] {logging_mixin.py:188} INFO - [2026-03-15T17:40:14.857+0000] {dag.py:3834} INFO - Setting next_dagrun for dataset_consumes_1_and_2 to None, run_after=None
[2026-03-15T17:40:14.860+0000] {logging_mixin.py:188} INFO - [2026-03-15T17:40:14.859+0000] {dag.py:3834} INFO - Setting next_dagrun for dataset_consumes_1_never_scheduled to None, run_after=None
[2026-03-15T17:40:14.861+0000] {logging_mixin.py:188} INFO - [2026-03-15T17:40:14.861+0000] {dag.py:3834} INFO - Setting next_dagrun for dataset_consumes_unknown_never_scheduled to None, run_after=None
[2026-03-15T17:40:14.863+0000] {logging_mixin.py:188} INFO - [2026-03-15T17:40:14.863+0000] {dag.py:3834} INFO - Setting next_dagrun for dataset_produces_1 to 2026-03-14 00:00:00+00:00, run_after=2026-03-15 00:00:00+00:00
[2026-03-15T17:40:14.864+0000] {logging_mixin.py:188} INFO - [2026-03-15T17:40:14.864+0000] {dag.py:3834} INFO - Setting next_dagrun for dataset_produces_2 to None, run_after=None
[2026-03-15T17:40:14.895+0000] {processor.py:183} INFO - Processing /home/airflow/.local/lib/python3.11/site-packages/airflow/example_dags/example_datasets.py took 0.114 seconds
[2026-03-15T17:40:21.369+0000] {processor.py:161} INFO - Started process (PID=148) to work on /home/airflow/.local/lib/python3.11/site-packages/airflow/example_dags/example_datasets.py
[2026-03-15T17:40:21.372+0000] {processor.py:830} INFO - Processing file /home/airflow/.local/lib/python3.11/site-packages/airflow/example_dags/example_datasets.py for tasks to queue
[2026-03-15T17:40:21.377+0000] {logging_mixin.py:188} INFO - [2026-03-15T17:40:21.376+0000] {dagbag.py:540} INFO - Filling up the DagBag from /home/airflow/.local/lib/python3.11/site-packages/airflow/example_dags/example_datasets.py
[2026-03-15T17:40:21.384+0000] {processor.py:840} INFO - DAG(s) 'dataset_produces_2', 'dataset_produces_1', 'dataset_consumes_1', 'dataset_consumes_1_and_2', 'dataset_consumes_1_never_scheduled', 'dataset_consumes_unknown_never_scheduled' retrieved from /home/airflow/.local/lib/python3.11/site-packages/airflow/example_dags/example_datasets.py
[2026-03-15T17:40:21.398+0000] {logging_mixin.py:188} INFO - [2026-03-15T17:40:21.398+0000] {dag.py:3047} INFO - Sync 6 DAGs
[2026-03-15T17:40:21.415+0000] {logging_mixin.py:188} INFO - [2026-03-15T17:40:21.415+0000] {dag.py:3834} INFO - Setting next_dagrun for dataset_consumes_1 to None, run_after=None
[2026-03-15T17:40:21.418+0000] {logging_mixin.py:188} INFO - [2026-03-15T17:40:21.418+0000] {dag.py:3834} INFO - Setting next_dagrun for dataset_consumes_1_and_2 to None, run_after=None
[2026-03-15T17:40:21.421+0000] {logging_mixin.py:188} INFO - [2026-03-15T17:40:21.421+0000] {dag.py:3834} INFO - Setting next_dagrun for dataset_consumes_1_never_scheduled to None, run_after=None
[2026-03-15T17:40:21.423+0000] {logging_mixin.py:188} INFO - [2026-03-15T17:40:21.423+0000] {dag.py:3834} INFO - Setting next_dagrun for dataset_consumes_unknown_never_scheduled to None, run_after=None
[2026-03-15T17:40:21.425+0000] {logging_mixin.py:188} INFO - [2026-03-15T17:40:21.425+0000] {dag.py:3834} INFO - Setting next_dagrun for dataset_produces_1 to 2026-03-14 00:00:00+00:00, run_after=2026-03-15 00:00:00+00:00
[2026-03-15T17:40:21.426+0000] {logging_mixin.py:188} INFO - [2026-03-15T17:40:21.426+0000] {dag.py:3834} INFO - Setting next_dagrun for dataset_produces_2 to None, run_after=None
[2026-03-15T17:40:21.446+0000] {processor.py:183} INFO - Processing /home/airflow/.local/lib/python3.11/site-packages/airflow/example_dags/example_datasets.py took 0.080 seconds
[2026-03-15T17:40:53.104+0000] {processor.py:161} INFO - Started process (PID=203) to work on /home/airflow/.local/lib/python3.11/site-packages/airflow/example_dags/example_datasets.py
[2026-03-15T17:40:53.105+0000] {processor.py:830} INFO - Processing file /home/airflow/.local/lib/python3.11/site-packages/airflow/example_dags/example_datasets.py for tasks to queue
[2026-03-15T17:40:53.106+0000] {logging_mixin.py:188} INFO - [2026-03-15T17:40:53.106+0000] {dagbag.py:540} INFO - Filling up the DagBag from /home/airflow/.local/lib/python3.11/site-packages/airflow/example_dags/example_datasets.py
[2026-03-15T17:40:53.113+0000] {processor.py:840} INFO - DAG(s) 'dataset_consumes_1_never_scheduled', 'dataset_consumes_1', 'dataset_produces_2', 'dataset_consumes_unknown_never_scheduled', 'dataset_produces_1', 'dataset_consumes_1_and_2' retrieved from /home/airflow/.local/lib/python3.11/site-packages/airflow/example_dags/example_datasets.py
[2026-03-15T17:40:53.200+0000] {logging_mixin.py:188} INFO - [2026-03-15T17:40:53.200+0000] {dag.py:3047} INFO - Sync 6 DAGs
[2026-03-15T17:40:53.212+0000] {logging_mixin.py:188} INFO - [2026-03-15T17:40:53.211+0000] {dag.py:3834} INFO - Setting next_dagrun for dataset_consumes_1 to None, run_after=None
[2026-03-15T17:40:53.215+0000] {logging_mixin.py:188} INFO - [2026-03-15T17:40:53.215+0000] {dag.py:3834} INFO - Setting next_dagrun for dataset_consumes_1_and_2 to None, run_after=None
[2026-03-15T17:40:53.217+0000] {logging_mixin.py:188} INFO - [2026-03-15T17:40:53.216+0000] {dag.py:3834} INFO - Setting next_dagrun for dataset_consumes_1_never_scheduled to None, run_after=None
[2026-03-15T17:40:53.217+0000] {logging_mixin.py:188} INFO - [2026-03-15T17:40:53.217+0000] {dag.py:3834} INFO - Setting next_dagrun for dataset_consumes_unknown_never_scheduled to None, run_after=None
[2026-03-15T17:40:53.219+0000] {logging_mixin.py:188} INFO - [2026-03-15T17:40:53.219+0000] {dag.py:3834} INFO - Setting next_dagrun for dataset_produces_1 to 2026-03-14 00:00:00+00:00, run_after=2026-03-15 00:00:00+00:00
[2026-03-15T17:40:53.220+0000] {logging_mixin.py:188} INFO - [2026-03-15T17:40:53.220+0000] {dag.py:3834} INFO - Setting next_dagrun for dataset_produces_2 to None, run_after=None
[2026-03-15T17:40:53.240+0000] {processor.py:183} INFO - Processing /home/airflow/.local/lib/python3.11/site-packages/airflow/example_dags/example_datasets.py took 0.138 seconds
[2026-03-15T17:41:09.722+0000] {processor.py:161} INFO - Started process (PID=253) to work on /home/airflow/.local/lib/python3.11/site-packages/airflow/example_dags/example_datasets.py
[2026-03-15T17:41:09.722+0000] {processor.py:830} INFO - Processing file /home/airflow/.local/lib/python3.11/site-packages/airflow/example_dags/example_datasets.py for tasks to queue
[2026-03-15T17:41:09.724+0000] {logging_mixin.py:188} INFO - [2026-03-15T17:41:09.724+0000] {dagbag.py:540} INFO - Filling up the DagBag from /home/airflow/.local/lib/python3.11/site-packages/airflow/example_dags/example_datasets.py
[2026-03-15T17:41:09.731+0000] {processor.py:840} INFO - DAG(s) 'dataset_consumes_1_and_2', 'dataset_consumes_1_never_scheduled', 'dataset_consumes_unknown_never_scheduled', 'dataset_produces_1', 'dataset_produces_2', 'dataset_consumes_1' retrieved from /home/airflow/.local/lib/python3.11/site-packages/airflow/example_dags/example_datasets.py
[2026-03-15T17:41:09.743+0000] {logging_mixin.py:188} INFO - [2026-03-15T17:41:09.743+0000] {dag.py:3047} INFO - Sync 6 DAGs
[2026-03-15T17:41:09.759+0000] {logging_mixin.py:188} INFO - [2026-03-15T17:41:09.759+0000] {dag.py:3834} INFO - Setting next_dagrun for dataset_consumes_1 to None, run_after=None
[2026-03-15T17:41:09.761+0000] {logging_mixin.py:188} INFO - [2026-03-15T17:41:09.761+0000] {dag.py:3834} INFO - Setting next_dagrun for dataset_consumes_1_and_2 to None, run_after=None
[2026-03-15T17:41:09.762+0000] {logging_mixin.py:188} INFO - [2026-03-15T17:41:09.762+0000] {dag.py:3834} INFO - Setting next_dagrun for dataset_consumes_1_never_scheduled to None, run_after=None
[2026-03-15T17:41:09.763+0000] {logging_mixin.py:188} INFO - [2026-03-15T17:41:09.763+0000] {dag.py:3834} INFO - Setting next_dagrun for dataset_consumes_unknown_never_scheduled to None, run_after=None
[2026-03-15T17:41:09.765+0000] {logging_mixin.py:188} INFO - [2026-03-15T17:41:09.765+0000] {dag.py:3834} INFO - Setting next_dagrun for dataset_produces_1 to 2026-03-14 00:00:00+00:00, run_after=2026-03-15 00:00:00+00:00
[2026-03-15T17:41:09.766+0000] {logging_mixin.py:188} INFO - [2026-03-15T17:41:09.766+0000] {dag.py:3834} INFO - Setting next_dagrun for dataset_produces_2 to None, run_after=None
[2026-03-15T17:41:09.786+0000] {processor.py:183} INFO - Processing /home/airflow/.local/lib/python3.11/site-packages/airflow/example_dags/example_datasets.py took 0.067 seconds
[2026-03-15T17:41:16.012+0000] {processor.py:161} INFO - Started process (PID=304) to work on /home/airflow/.local/lib/python3.11/site-packages/airflow/example_dags/example_datasets.py
[2026-03-15T17:41:16.013+0000] {processor.py:830} INFO - Processing file /home/airflow/.local/lib/python3.11/site-packages/airflow/example_dags/example_datasets.py for tasks to queue
[2026-03-15T17:41:16.015+0000] {logging_mixin.py:188} INFO - [2026-03-15T17:41:16.015+0000] {dagbag.py:540} INFO - Filling up the DagBag from /home/airflow/.local/lib/python3.11/site-packages/airflow/example_dags/example_datasets.py
[2026-03-15T17:41:16.022+0000] {processor.py:840} INFO - DAG(s) 'dataset_consumes_1_and_2', 'dataset_produces_1', 'dataset_produces_2', 'dataset_consumes_1_never_scheduled', 'dataset_consumes_unknown_never_scheduled', 'dataset_consumes_1' retrieved from /home/airflow/.local/lib/python3.11/site-packages/airflow/example_dags/example_datasets.py
[2026-03-15T17:41:16.034+0000] {logging_mixin.py:188} INFO - [2026-03-15T17:41:16.034+0000] {dag.py:3047} INFO - Sync 6 DAGs
[2026-03-15T17:41:16.054+0000] {logging_mixin.py:188} INFO - [2026-03-15T17:41:16.053+0000] {dag.py:3834} INFO - Setting next_dagrun for dataset_consumes_1 to None, run_after=None
[2026-03-15T17:41:16.057+0000] {logging_mixin.py:188} INFO - [2026-03-15T17:41:16.056+0000] {dag.py:3834} INFO - Setting next_dagrun for dataset_consumes_1_and_2 to None, run_after=None
[2026-03-15T17:41:16.058+0000] {logging_mixin.py:188} INFO - [2026-03-15T17:41:16.057+0000] {dag.py:3834} INFO - Setting next_dagrun for dataset_consumes_1_never_scheduled to None, run_after=None
[2026-03-15T17:41:16.059+0000] {logging_mixin.py:188} INFO - [2026-03-15T17:41:16.059+0000] {dag.py:3834} INFO - Setting next_dagrun for dataset_consumes_unknown_never_scheduled to None, run_after=None
[2026-03-15T17:41:16.061+0000] {logging_mixin.py:188} INFO - [2026-03-15T17:41:16.061+0000] {dag.py:3834} INFO - Setting next_dagrun for dataset_produces_1 to 2026-03-14 00:00:00+00:00, run_after=2026-03-15 00:00:00+00:00
[2026-03-15T17:41:16.062+0000] {logging_mixin.py:188} INFO - [2026-03-15T17:41:16.062+0000] {dag.py:3834} INFO - Setting next_dagrun for dataset_produces_2 to None, run_after=None
[2026-03-15T17:41:16.085+0000] {processor.py:183} INFO - Processing /home/airflow/.local/lib/python3.11/site-packages/airflow/example_dags/example_datasets.py took 0.076 seconds
[2026-03-15T17:41:20.652+0000] {processor.py:161} INFO - Started process (PID=346) to work on /home/airflow/.local/lib/python3.11/site-packages/airflow/example_dags/example_datasets.py
[2026-03-15T17:41:20.653+0000] {processor.py:830} INFO - Processing file /home/airflow/.local/lib/python3.11/site-packages/airflow/example_dags/example_datasets.py for tasks to queue
[2026-03-15T17:41:20.655+0000] {logging_mixin.py:188} INFO - [2026-03-15T17:41:20.655+0000] {dagbag.py:540} INFO - Filling up the DagBag from /home/airflow/.local/lib/python3.11/site-packages/airflow/example_dags/example_datasets.py
[2026-03-15T17:41:20.664+0000] {processor.py:840} INFO - DAG(s) 'dataset_consumes_1_and_2', 'dataset_produces_2', 'dataset_consumes_unknown_never_scheduled', 'dataset_consumes_1', 'dataset_consumes_1_never_scheduled', 'dataset_produces_1' retrieved from /home/airflow/.local/lib/python3.11/site-packages/airflow/example_dags/example_datasets.py
[2026-03-15T17:41:20.677+0000] {logging_mixin.py:188} INFO - [2026-03-15T17:41:20.677+0000] {dag.py:3047} INFO - Sync 6 DAGs
[2026-03-15T17:41:20.694+0000] {logging_mixin.py:188} INFO - [2026-03-15T17:41:20.694+0000] {dag.py:3834} INFO - Setting next_dagrun for dataset_consumes_1 to None, run_after=None
[2026-03-15T17:41:20.697+0000] {logging_mixin.py:188} INFO - [2026-03-15T17:41:20.697+0000] {dag.py:3834} INFO - Setting next_dagrun for dataset_consumes_1_and_2 to None, run_after=None
[2026-03-15T17:41:20.698+0000] {logging_mixin.py:188} INFO - [2026-03-15T17:41:20.698+0000] {dag.py:3834} INFO - Setting next_dagrun for dataset_consumes_1_never_scheduled to None, run_after=None
[2026-03-15T17:41:20.698+0000] {logging_mixin.py:188} INFO - [2026-03-15T17:41:20.698+0000] {dag.py:3834} INFO - Setting next_dagrun for dataset_consumes_unknown_never_scheduled to None, run_after=None
[2026-03-15T17:41:20.700+0000] {logging_mixin.py:188} INFO - [2026-03-15T17:41:20.700+0000] {dag.py:3834} INFO - Setting next_dagrun for dataset_produces_1 to 2026-03-14 00:00:00+00:00, run_after=2026-03-15 00:00:00+00:00
[2026-03-15T17:41:20.702+0000] {logging_mixin.py:188} INFO - [2026-03-15T17:41:20.702+0000] {dag.py:3834} INFO - Setting next_dagrun for dataset_produces_2 to None, run_after=None
[2026-03-15T17:41:20.727+0000] {processor.py:183} INFO - Processing /home/airflow/.local/lib/python3.11/site-packages/airflow/example_dags/example_datasets.py took 0.078 seconds
[2026-03-15T17:41:51.558+0000] {processor.py:161} INFO - Started process (PID=392) to work on /home/airflow/.local/lib/python3.11/site-packages/airflow/example_dags/example_datasets.py
[2026-03-15T17:41:51.559+0000] {processor.py:830} INFO - Processing file /home/airflow/.local/lib/python3.11/site-packages/airflow/example_dags/example_datasets.py for tasks to queue
[2026-03-15T17:41:51.560+0000] {logging_mixin.py:188} INFO - [2026-03-15T17:41:51.560+0000] {dagbag.py:540} INFO - Filling up the DagBag from /home/airflow/.local/lib/python3.11/site-packages/airflow/example_dags/example_datasets.py
[2026-03-15T17:41:51.568+0000] {processor.py:840} INFO - DAG(s) 'dataset_consumes_1_never_scheduled', 'dataset_consumes_unknown_never_scheduled', 'dataset_consumes_1', 'dataset_consumes_1_and_2', 'dataset_produces_2', 'dataset_produces_1' retrieved from /home/airflow/.local/lib/python3.11/site-packages/airflow/example_dags/example_datasets.py
[2026-03-15T17:41:51.590+0000] {logging_mixin.py:188} INFO - [2026-03-15T17:41:51.590+0000] {dag.py:3047} INFO - Sync 6 DAGs
[2026-03-15T17:41:51.606+0000] {logging_mixin.py:188} INFO - [2026-03-15T17:41:51.606+0000] {dag.py:3834} INFO - Setting next_dagrun for dataset_consumes_1 to None, run_after=None
[2026-03-15T17:41:51.609+0000] {logging_mixin.py:188} INFO - [2026-03-15T17:41:51.609+0000] {dag.py:3834} INFO - Setting next_dagrun for dataset_consumes_1_and_2 to None, run_after=None
[2026-03-15T17:41:51.610+0000] {logging_mixin.py:188} INFO - [2026-03-15T17:41:51.609+0000] {dag.py:3834} INFO - Setting next_dagrun for dataset_consumes_1_never_scheduled to None, run_after=None
[2026-03-15T17:41:51.610+0000] {logging_mixin.py:188} INFO - [2026-03-15T17:41:51.610+0000] {dag.py:3834} INFO - Setting next_dagrun for dataset_consumes_unknown_never_scheduled to None, run_after=None
[2026-03-15T17:41:51.612+0000] {logging_mixin.py:188} INFO - [2026-03-15T17:41:51.612+0000] {dag.py:3834} INFO - Setting next_dagrun for dataset_produces_1 to 2026-03-14 00:00:00+00:00, run_after=2026-03-15 00:00:00+00:00
[2026-03-15T17:41:51.613+0000] {logging_mixin.py:188} INFO - [2026-03-15T17:41:51.613+0000] {dag.py:3834} INFO - Setting next_dagrun for dataset_produces_2 to None, run_after=None
[2026-03-15T17:41:51.632+0000] {processor.py:183} INFO - Processing /home/airflow/.local/lib/python3.11/site-packages/airflow/example_dags/example_datasets.py took 0.077 seconds
[2026-03-15T17:42:15.511+0000] {processor.py:161} INFO - Started process (PID=442) to work on /home/airflow/.local/lib/python3.11/site-packages/airflow/example_dags/example_datasets.py
[2026-03-15T17:42:15.512+0000] {processor.py:830} INFO - Processing file /home/airflow/.local/lib/python3.11/site-packages/airflow/example_dags/example_datasets.py for tasks to queue
[2026-03-15T17:42:15.513+0000] {logging_mixin.py:188} INFO - [2026-03-15T17:42:15.513+0000] {dagbag.py:540} INFO - Filling up the DagBag from /home/airflow/.local/lib/python3.11/site-packages/airflow/example_dags/example_datasets.py
[2026-03-15T17:42:15.521+0000] {processor.py:840} INFO - DAG(s) 'dataset_produces_2', 'dataset_produces_1', 'dataset_consumes_1_and_2', 'dataset_consumes_unknown_never_scheduled', 'dataset_consumes_1_never_scheduled', 'dataset_consumes_1' retrieved from /home/airflow/.local/lib/python3.11/site-packages/airflow/example_dags/example_datasets.py
[2026-03-15T17:42:15.544+0000] {logging_mixin.py:188} INFO - [2026-03-15T17:42:15.544+0000] {dag.py:3047} INFO - Sync 6 DAGs
[2026-03-15T17:42:15.559+0000] {logging_mixin.py:188} INFO - [2026-03-15T17:42:15.558+0000] {dag.py:3834} INFO - Setting next_dagrun for dataset_consumes_1 to None, run_after=None
[2026-03-15T17:42:15.561+0000] {logging_mixin.py:188} INFO - [2026-03-15T17:42:15.561+0000] {dag.py:3834} INFO - Setting next_dagrun for dataset_consumes_1_and_2 to None, run_after=None
[2026-03-15T17:42:15.562+0000] {logging_mixin.py:188} INFO - [2026-03-15T17:42:15.562+0000] {dag.py:3834} INFO - Setting next_dagrun for dataset_consumes_1_never_scheduled to None, run_after=None
[2026-03-15T17:42:15.563+0000] {logging_mixin.py:188} INFO - [2026-03-15T17:42:15.563+0000] {dag.py:3834} INFO - Setting next_dagrun for dataset_consumes_unknown_never_scheduled to None, run_after=None
[2026-03-15T17:42:15.565+0000] {logging_mixin.py:188} INFO - [2026-03-15T17:42:15.565+0000] {dag.py:3834} INFO - Setting next_dagrun for dataset_produces_1 to 2026-03-14 00:00:00+00:00, run_after=2026-03-15 00:00:00+00:00
[2026-03-15T17:42:15.566+0000] {logging_mixin.py:188} INFO - [2026-03-15T17:42:15.565+0000] {dag.py:3834} INFO - Setting next_dagrun for dataset_produces_2 to None, run_after=None
[2026-03-15T17:42:15.588+0000] {processor.py:183} INFO - Processing /home/airflow/.local/lib/python3.11/site-packages/airflow/example_dags/example_datasets.py took 0.080 seconds
[2026-03-15T17:42:45.628+0000] {processor.py:161} INFO - Started process (PID=494) to work on /home/airflow/.local/lib/python3.11/site-packages/airflow/example_dags/example_datasets.py
[2026-03-15T17:42:45.629+0000] {processor.py:830} INFO - Processing file /home/airflow/.local/lib/python3.11/site-packages/airflow/example_dags/example_datasets.py for tasks to queue
[2026-03-15T17:42:45.631+0000] {logging_mixin.py:188} INFO - [2026-03-15T17:42:45.630+0000] {dagbag.py:540} INFO - Filling up the DagBag from /home/airflow/.local/lib/python3.11/site-packages/airflow/example_dags/example_datasets.py
[2026-03-15T17:42:45.638+0000] {processor.py:840} INFO - DAG(s) 'dataset_consumes_1_and_2', 'dataset_produces_1', 'dataset_consumes_1', 'dataset_consumes_unknown_never_scheduled', 'dataset_produces_2', 'dataset_consumes_1_never_scheduled' retrieved from /home/airflow/.local/lib/python3.11/site-packages/airflow/example_dags/example_datasets.py
[2026-03-15T17:42:45.660+0000] {logging_mixin.py:188} INFO - [2026-03-15T17:42:45.660+0000] {dag.py:3047} INFO - Sync 6 DAGs
[2026-03-15T17:42:45.674+0000] {logging_mixin.py:188} INFO - [2026-03-15T17:42:45.674+0000] {dag.py:3834} INFO - Setting next_dagrun for dataset_consumes_1 to None, run_after=None
[2026-03-15T17:42:45.676+0000] {logging_mixin.py:188} INFO - [2026-03-15T17:42:45.676+0000] {dag.py:3834} INFO - Setting next_dagrun for dataset_consumes_1_and_2 to None, run_after=None
[2026-03-15T17:42:45.677+0000] {logging_mixin.py:188} INFO - [2026-03-15T17:42:45.677+0000] {dag.py:3834} INFO - Setting next_dagrun for dataset_consumes_1_never_scheduled to None, run_after=None
[2026-03-15T17:42:45.678+0000] {logging_mixin.py:188} INFO - [2026-03-15T17:42:45.678+0000] {dag.py:3834} INFO - Setting next_dagrun for dataset_consumes_unknown_never_scheduled to None, run_after=None
[2026-03-15T17:42:45.679+0000] {logging_mixin.py:188} INFO - [2026-03-15T17:42:45.679+0000] {dag.py:3834} INFO - Setting next_dagrun for dataset_produces_1 to 2026-03-14 00:00:00+00:00, run_after=2026-03-15 00:00:00+00:00
[2026-03-15T17:42:45.680+0000] {logging_mixin.py:188} INFO - [2026-03-15T17:42:45.680+0000] {dag.py:3834} INFO - Setting next_dagrun for dataset_produces_2 to None, run_after=None
[2026-03-15T17:42:45.708+0000] {processor.py:183} INFO - Processing /home/airflow/.local/lib/python3.11/site-packages/airflow/example_dags/example_datasets.py took 0.082 seconds
[2026-03-15T17:43:15.988+0000] {processor.py:161} INFO - Started process (PID=546) to work on /home/airflow/.local/lib/python3.11/site-packages/airflow/example_dags/example_datasets.py
[2026-03-15T17:43:15.989+0000] {processor.py:830} INFO - Processing file /home/airflow/.local/lib/python3.11/site-packages/airflow/example_dags/example_datasets.py for tasks to queue
[2026-03-15T17:43:15.991+0000] {logging_mixin.py:188} INFO - [2026-03-15T17:43:15.991+0000] {dagbag.py:540} INFO - Filling up the DagBag from /home/airflow/.local/lib/python3.11/site-packages/airflow/example_dags/example_datasets.py
[2026-03-15T17:43:15.999+0000] {processor.py:840} INFO - DAG(s) 'dataset_produces_1', 'dataset_consumes_unknown_never_scheduled', 'dataset_consumes_1_never_scheduled', 'dataset_consumes_1_and_2', 'dataset_consumes_1', 'dataset_produces_2' retrieved from /home/airflow/.local/lib/python3.11/site-packages/airflow/example_dags/example_datasets.py
[2026-03-15T17:43:16.023+0000] {logging_mixin.py:188} INFO - [2026-03-15T17:43:16.023+0000] {dag.py:3047} INFO - Sync 6 DAGs
[2026-03-15T17:43:16.039+0000] {logging_mixin.py:188} INFO - [2026-03-15T17:43:16.039+0000] {dag.py:3834} INFO - Setting next_dagrun for dataset_consumes_1 to None, run_after=None
[2026-03-15T17:43:16.042+0000] {logging_mixin.py:188} INFO - [2026-03-15T17:43:16.042+0000] {dag.py:3834} INFO - Setting next_dagrun for dataset_consumes_1_and_2 to None, run_after=None
[2026-03-15T17:43:16.043+0000] {logging_mixin.py:188} INFO - [2026-03-15T17:43:16.043+0000] {dag.py:3834} INFO - Setting next_dagrun for dataset_consumes_1_never_scheduled to None, run_after=None
[2026-03-15T17:43:16.044+0000] {logging_mixin.py:188} INFO - [2026-03-15T17:43:16.044+0000] {dag.py:3834} INFO - Setting next_dagrun for dataset_consumes_unknown_never_scheduled to None, run_after=None
[2026-03-15T17:43:16.046+0000] {logging_mixin.py:188} INFO - [2026-03-15T17:43:16.046+0000] {dag.py:3834} INFO - Setting next_dagrun for dataset_produces_1 to 2026-03-14 00:00:00+00:00, run_after=2026-03-15 00:00:00+00:00
[2026-03-15T17:43:16.047+0000] {logging_mixin.py:188} INFO - [2026-03-15T17:43:16.047+0000] {dag.py:3834} INFO - Setting next_dagrun for dataset_produces_2 to None, run_after=None
[2026-03-15T17:43:16.067+0000] {processor.py:183} INFO - Processing /home/airflow/.local/lib/python3.11/site-packages/airflow/example_dags/example_datasets.py took 0.082 seconds
[2026-03-15T17:43:20.461+0000] {processor.py:161} INFO - Started process (PID=602) to work on /home/airflow/.local/lib/python3.11/site-packages/airflow/example_dags/example_datasets.py
[2026-03-15T17:43:20.461+0000] {processor.py:830} INFO - Processing file /home/airflow/.local/lib/python3.11/site-packages/airflow/example_dags/example_datasets.py for tasks to queue
[2026-03-15T17:43:20.463+0000] {logging_mixin.py:188} INFO - [2026-03-15T17:43:20.463+0000] {dagbag.py:540} INFO - Filling up the DagBag from /home/airflow/.local/lib/python3.11/site-packages/airflow/example_dags/example_datasets.py
[2026-03-15T17:43:20.471+0000] {processor.py:840} INFO - DAG(s) 'dataset_consumes_1_and_2', 'dataset_produces_1', 'dataset_consumes_1_never_scheduled', 'dataset_produces_2', 'dataset_consumes_1', 'dataset_consumes_unknown_never_scheduled' retrieved from /home/airflow/.local/lib/python3.11/site-packages/airflow/example_dags/example_datasets.py
[2026-03-15T17:43:20.494+0000] {logging_mixin.py:188} INFO - [2026-03-15T17:43:20.494+0000] {dag.py:3047} INFO - Sync 6 DAGs
[2026-03-15T17:43:20.509+0000] {logging_mixin.py:188} INFO - [2026-03-15T17:43:20.509+0000] {dag.py:3834} INFO - Setting next_dagrun for dataset_consumes_1 to None, run_after=None
[2026-03-15T17:43:20.512+0000] {logging_mixin.py:188} INFO - [2026-03-15T17:43:20.512+0000] {dag.py:3834} INFO - Setting next_dagrun for dataset_consumes_1_and_2 to None, run_after=None
[2026-03-15T17:43:20.514+0000] {logging_mixin.py:188} INFO - [2026-03-15T17:43:20.514+0000] {dag.py:3834} INFO - Setting next_dagrun for dataset_consumes_1_never_scheduled to None, run_after=None
[2026-03-15T17:43:20.515+0000] {logging_mixin.py:188} INFO - [2026-03-15T17:43:20.515+0000] {dag.py:3834} INFO - Setting next_dagrun for dataset_consumes_unknown_never_scheduled to None, run_after=None
[2026-03-15T17:43:20.517+0000] {logging_mixin.py:188} INFO - [2026-03-15T17:43:20.517+0000] {dag.py:3834} INFO - Setting next_dagrun for dataset_produces_1 to 2026-03-14 00:00:00+00:00, run_after=2026-03-15 00:00:00+00:00
[2026-03-15T17:43:20.518+0000] {logging_mixin.py:188} INFO - [2026-03-15T17:43:20.518+0000] {dag.py:3834} INFO - Setting next_dagrun for dataset_produces_2 to None, run_after=None
[2026-03-15T17:43:20.539+0000] {processor.py:183} INFO - Processing /home/airflow/.local/lib/python3.11/site-packages/airflow/example_dags/example_datasets.py took 0.081 seconds
[2026-03-15T17:43:50.776+0000] {processor.py:161} INFO - Started process (PID=656) to work on /home/airflow/.local/lib/python3.11/site-packages/airflow/example_dags/example_datasets.py
[2026-03-15T17:43:50.777+0000] {processor.py:830} INFO - Processing file /home/airflow/.local/lib/python3.11/site-packages/airflow/example_dags/example_datasets.py for tasks to queue
[2026-03-15T17:43:50.779+0000] {logging_mixin.py:188} INFO - [2026-03-15T17:43:50.779+0000] {dagbag.py:540} INFO - Filling up the DagBag from /home/airflow/.local/lib/python3.11/site-packages/airflow/example_dags/example_datasets.py
[2026-03-15T17:43:50.789+0000] {processor.py:840} INFO - DAG(s) 'dataset_consumes_1', 'dataset_consumes_1_and_2', 'dataset_consumes_unknown_never_scheduled', 'dataset_produces_2', 'dataset_consumes_1_never_scheduled', 'dataset_produces_1' retrieved from /home/airflow/.local/lib/python3.11/site-packages/airflow/example_dags/example_datasets.py
[2026-03-15T17:43:50.813+0000] {logging_mixin.py:188} INFO - [2026-03-15T17:43:50.813+0000] {dag.py:3047} INFO - Sync 6 DAGs
[2026-03-15T17:43:50.829+0000] {logging_mixin.py:188} INFO - [2026-03-15T17:43:50.829+0000] {dag.py:3834} INFO - Setting next_dagrun for dataset_consumes_1 to None, run_after=None
[2026-03-15T17:43:50.831+0000] {logging_mixin.py:188} INFO - [2026-03-15T17:43:50.831+0000] {dag.py:3834} INFO - Setting next_dagrun for dataset_consumes_1_and_2 to None, run_after=None
[2026-03-15T17:43:50.832+0000] {logging_mixin.py:188} INFO - [2026-03-15T17:43:50.832+0000] {dag.py:3834} INFO - Setting next_dagrun for dataset_consumes_1_never_scheduled to None, run_after=None
[2026-03-15T17:43:50.833+0000] {logging_mixin.py:188} INFO - [2026-03-15T17:43:50.833+0000] {dag.py:3834} INFO - Setting next_dagrun for dataset_consumes_unknown_never_scheduled to None, run_after=None
[2026-03-15T17:43:50.835+0000] {logging_mixin.py:188} INFO - [2026-03-15T17:43:50.835+0000] {dag.py:3834} INFO - Setting next_dagrun for dataset_produces_1 to 2026-03-14 00:00:00+00:00, run_after=2026-03-15 00:00:00+00:00
[2026-03-15T17:43:50.836+0000] {logging_mixin.py:188} INFO - [2026-03-15T17:43:50.835+0000] {dag.py:3834} INFO - Setting next_dagrun for dataset_produces_2 to None, run_after=None
[2026-03-15T17:43:50.857+0000] {processor.py:183} INFO - Processing /home/airflow/.local/lib/python3.11/site-packages/airflow/example_dags/example_datasets.py took 0.084 seconds
[2026-03-15T17:44:15.657+0000] {processor.py:161} INFO - Started process (PID=706) to work on /home/airflow/.local/lib/python3.11/site-packages/airflow/example_dags/example_datasets.py
[2026-03-15T17:44:15.658+0000] {processor.py:830} INFO - Processing file /home/airflow/.local/lib/python3.11/site-packages/airflow/example_dags/example_datasets.py for tasks to queue
[2026-03-15T17:44:15.660+0000] {logging_mixin.py:188} INFO - [2026-03-15T17:44:15.660+0000] {dagbag.py:540} INFO - Filling up the DagBag from /home/airflow/.local/lib/python3.11/site-packages/airflow/example_dags/example_datasets.py
[2026-03-15T17:44:15.667+0000] {processor.py:840} INFO - DAG(s) 'dataset_consumes_1', 'dataset_produces_2', 'dataset_produces_1', 'dataset_consumes_1_and_2', 'dataset_consumes_1_never_scheduled', 'dataset_consumes_unknown_never_scheduled' retrieved from /home/airflow/.local/lib/python3.11/site-packages/airflow/example_dags/example_datasets.py
[2026-03-15T17:44:15.690+0000] {logging_mixin.py:188} INFO - [2026-03-15T17:44:15.690+0000] {dag.py:3047} INFO - Sync 6 DAGs
[2026-03-15T17:44:15.704+0000] {logging_mixin.py:188} INFO - [2026-03-15T17:44:15.704+0000] {dag.py:3834} INFO - Setting next_dagrun for dataset_consumes_1 to None, run_after=None
[2026-03-15T17:44:15.706+0000] {logging_mixin.py:188} INFO - [2026-03-15T17:44:15.706+0000] {dag.py:3834} INFO - Setting next_dagrun for dataset_consumes_1_and_2 to None, run_after=None
[2026-03-15T17:44:15.707+0000] {logging_mixin.py:188} INFO - [2026-03-15T17:44:15.707+0000] {dag.py:3834} INFO - Setting next_dagrun for dataset_consumes_1_never_scheduled to None, run_after=None
[2026-03-15T17:44:15.708+0000] {logging_mixin.py:188} INFO - [2026-03-15T17:44:15.708+0000] {dag.py:3834} INFO - Setting next_dagrun for dataset_consumes_unknown_never_scheduled to None, run_after=None
[2026-03-15T17:44:15.710+0000] {logging_mixin.py:188} INFO - [2026-03-15T17:44:15.710+0000] {dag.py:3834} INFO - Setting next_dagrun for dataset_produces_1 to 2026-03-14 00:00:00+00:00, run_after=2026-03-15 00:00:00+00:00
[2026-03-15T17:44:15.711+0000] {logging_mixin.py:188} INFO - [2026-03-15T17:44:15.710+0000] {dag.py:3834} INFO - Setting next_dagrun for dataset_produces_2 to None, run_after=None
[2026-03-15T17:44:15.730+0000] {processor.py:183} INFO - Processing /home/airflow/.local/lib/python3.11/site-packages/airflow/example_dags/example_datasets.py took 0.076 seconds
[2026-03-15T17:44:46.056+0000] {processor.py:161} INFO - Started process (PID=762) to work on /home/airflow/.local/lib/python3.11/site-packages/airflow/example_dags/example_datasets.py
[2026-03-15T17:44:46.057+0000] {processor.py:830} INFO - Processing file /home/airflow/.local/lib/python3.11/site-packages/airflow/example_dags/example_datasets.py for tasks to queue
[2026-03-15T17:44:46.059+0000] {logging_mixin.py:188} INFO - [2026-03-15T17:44:46.058+0000] {dagbag.py:540} INFO - Filling up the DagBag from /home/airflow/.local/lib/python3.11/site-packages/airflow/example_dags/example_datasets.py
[2026-03-15T17:44:46.066+0000] {processor.py:840} INFO - DAG(s) 'dataset_consumes_1', 'dataset_produces_1', 'dataset_consumes_1_never_scheduled', 'dataset_consumes_unknown_never_scheduled', 'dataset_consumes_1_and_2', 'dataset_produces_2' retrieved from /home/airflow/.local/lib/python3.11/site-packages/airflow/example_dags/example_datasets.py
[2026-03-15T17:44:46.089+0000] {logging_mixin.py:188} INFO - [2026-03-15T17:44:46.089+0000] {dag.py:3047} INFO - Sync 6 DAGs
[2026-03-15T17:44:46.105+0000] {logging_mixin.py:188} INFO - [2026-03-15T17:44:46.105+0000] {dag.py:3834} INFO - Setting next_dagrun for dataset_consumes_1 to None, run_after=None
[2026-03-15T17:44:46.108+0000] {logging_mixin.py:188} INFO - [2026-03-15T17:44:46.107+0000] {dag.py:3834} INFO - Setting next_dagrun for dataset_consumes_1_and_2 to None, run_after=None
[2026-03-15T17:44:46.109+0000] {logging_mixin.py:188} INFO - [2026-03-15T17:44:46.108+0000] {dag.py:3834} INFO - Setting next_dagrun for dataset_consumes_1_never_scheduled to None, run_after=None
[2026-03-15T17:44:46.110+0000] {logging_mixin.py:188} INFO - [2026-03-15T17:44:46.109+0000] {dag.py:3834} INFO - Setting next_dagrun for dataset_consumes_unknown_never_scheduled to None, run_after=None
[2026-03-15T17:44:46.111+0000] {logging_mixin.py:188} INFO - [2026-03-15T17:44:46.111+0000] {dag.py:3834} INFO - Setting next_dagrun for dataset_produces_1 to 2026-03-14 00:00:00+00:00, run_after=2026-03-15 00:00:00+00:00
[2026-03-15T17:44:46.113+0000] {logging_mixin.py:188} INFO - [2026-03-15T17:44:46.113+0000] {dag.py:3834} INFO - Setting next_dagrun for dataset_produces_2 to None, run_after=None
[2026-03-15T17:44:46.134+0000] {processor.py:183} INFO - Processing /home/airflow/.local/lib/python3.11/site-packages/airflow/example_dags/example_datasets.py took 0.081 seconds
[2026-03-15T17:44:50.559+0000] {processor.py:161} INFO - Started process (PID=818) to work on /home/airflow/.local/lib/python3.11/site-packages/airflow/example_dags/example_datasets.py
[2026-03-15T17:44:50.560+0000] {processor.py:830} INFO - Processing file /home/airflow/.local/lib/python3.11/site-packages/airflow/example_dags/example_datasets.py for tasks to queue
[2026-03-15T17:44:50.562+0000] {logging_mixin.py:188} INFO - [2026-03-15T17:44:50.562+0000] {dagbag.py:540} INFO - Filling up the DagBag from /home/airflow/.local/lib/python3.11/site-packages/airflow/example_dags/example_datasets.py
[2026-03-15T17:44:50.569+0000] {processor.py:840} INFO - DAG(s) 'dataset_consumes_1_never_scheduled', 'dataset_produces_1', 'dataset_produces_2', 'dataset_consumes_1', 'dataset_consumes_unknown_never_scheduled', 'dataset_consumes_1_and_2' retrieved from /home/airflow/.local/lib/python3.11/site-packages/airflow/example_dags/example_datasets.py
[2026-03-15T17:44:50.592+0000] {logging_mixin.py:188} INFO - [2026-03-15T17:44:50.591+0000] {dag.py:3047} INFO - Sync 6 DAGs
[2026-03-15T17:44:50.608+0000] {logging_mixin.py:188} INFO - [2026-03-15T17:44:50.607+0000] {dag.py:3834} INFO - Setting next_dagrun for dataset_consumes_1 to None, run_after=None
[2026-03-15T17:44:50.610+0000] {logging_mixin.py:188} INFO - [2026-03-15T17:44:50.610+0000] {dag.py:3834} INFO - Setting next_dagrun for dataset_consumes_1_and_2 to None, run_after=None
[2026-03-15T17:44:50.611+0000] {logging_mixin.py:188} INFO - [2026-03-15T17:44:50.611+0000] {dag.py:3834} INFO - Setting next_dagrun for dataset_consumes_1_never_scheduled to None, run_after=None
[2026-03-15T17:44:50.612+0000] {logging_mixin.py:188} INFO - [2026-03-15T17:44:50.612+0000] {dag.py:3834} INFO - Setting next_dagrun for dataset_consumes_unknown_never_scheduled to None, run_after=None
[2026-03-15T17:44:50.614+0000] {logging_mixin.py:188} INFO - [2026-03-15T17:44:50.614+0000] {dag.py:3834} INFO - Setting next_dagrun for dataset_produces_1 to 2026-03-14 00:00:00+00:00, run_after=2026-03-15 00:00:00+00:00
[2026-03-15T17:44:50.616+0000] {logging_mixin.py:188} INFO - [2026-03-15T17:44:50.616+0000] {dag.py:3834} INFO - Setting next_dagrun for dataset_produces_2 to None, run_after=None
[2026-03-15T17:44:50.640+0000] {processor.py:183} INFO - Processing /home/airflow/.local/lib/python3.11/site-packages/airflow/example_dags/example_datasets.py took 0.084 seconds
[2026-03-15T17:45:20.862+0000] {processor.py:161} INFO - Started process (PID=871) to work on /home/airflow/.local/lib/python3.11/site-packages/airflow/example_dags/example_datasets.py
[2026-03-15T17:45:20.863+0000] {processor.py:830} INFO - Processing file /home/airflow/.local/lib/python3.11/site-packages/airflow/example_dags/example_datasets.py for tasks to queue
[2026-03-15T17:45:20.865+0000] {logging_mixin.py:188} INFO - [2026-03-15T17:45:20.865+0000] {dagbag.py:540} INFO - Filling up the DagBag from /home/airflow/.local/lib/python3.11/site-packages/airflow/example_dags/example_datasets.py
[2026-03-15T17:45:20.873+0000] {processor.py:840} INFO - DAG(s) 'dataset_produces_2', 'dataset_consumes_1_and_2', 'dataset_consumes_1', 'dataset_consumes_unknown_never_scheduled', 'dataset_consumes_1_never_scheduled', 'dataset_produces_1' retrieved from /home/airflow/.local/lib/python3.11/site-packages/airflow/example_dags/example_datasets.py
[2026-03-15T17:45:20.898+0000] {logging_mixin.py:188} INFO - [2026-03-15T17:45:20.898+0000] {dag.py:3047} INFO - Sync 6 DAGs
[2026-03-15T17:45:20.915+0000] {logging_mixin.py:188} INFO - [2026-03-15T17:45:20.915+0000] {dag.py:3834} INFO - Setting next_dagrun for dataset_consumes_1 to None, run_after=None
[2026-03-15T17:45:20.918+0000] {logging_mixin.py:188} INFO - [2026-03-15T17:45:20.918+0000] {dag.py:3834} INFO - Setting next_dagrun for dataset_consumes_1_and_2 to None, run_after=None
[2026-03-15T17:45:20.919+0000] {logging_mixin.py:188} INFO - [2026-03-15T17:45:20.919+0000] {dag.py:3834} INFO - Setting next_dagrun for dataset_consumes_1_never_scheduled to None, run_after=None
[2026-03-15T17:45:20.920+0000] {logging_mixin.py:188} INFO - [2026-03-15T17:45:20.920+0000] {dag.py:3834} INFO - Setting next_dagrun for dataset_consumes_unknown_never_scheduled to None, run_after=None
[2026-03-15T17:45:20.922+0000] {logging_mixin.py:188} INFO - [2026-03-15T17:45:20.922+0000] {dag.py:3834} INFO - Setting next_dagrun for dataset_produces_1 to 2026-03-14 00:00:00+00:00, run_after=2026-03-15 00:00:00+00:00
[2026-03-15T17:45:20.923+0000] {logging_mixin.py:188} INFO - [2026-03-15T17:45:20.922+0000] {dag.py:3834} INFO - Setting next_dagrun for dataset_produces_2 to None, run_after=None
[2026-03-15T17:45:20.944+0000] {processor.py:183} INFO - Processing /home/airflow/.local/lib/python3.11/site-packages/airflow/example_dags/example_datasets.py took 0.085 seconds
[2026-03-15T17:45:25.649+0000] {processor.py:161} INFO - Started process (PID=921) to work on /home/airflow/.local/lib/python3.11/site-packages/airflow/example_dags/example_datasets.py
[2026-03-15T17:45:25.650+0000] {processor.py:830} INFO - Processing file /home/airflow/.local/lib/python3.11/site-packages/airflow/example_dags/example_datasets.py for tasks to queue
[2026-03-15T17:45:25.651+0000] {logging_mixin.py:188} INFO - [2026-03-15T17:45:25.651+0000] {dagbag.py:540} INFO - Filling up the DagBag from /home/airflow/.local/lib/python3.11/site-packages/airflow/example_dags/example_datasets.py
[2026-03-15T17:45:25.659+0000] {processor.py:840} INFO - DAG(s) 'dataset_produces_1', 'dataset_consumes_1', 'dataset_consumes_1_never_scheduled', 'dataset_consumes_1_and_2', 'dataset_produces_2', 'dataset_consumes_unknown_never_scheduled' retrieved from /home/airflow/.local/lib/python3.11/site-packages/airflow/example_dags/example_datasets.py
[2026-03-15T17:45:25.687+0000] {logging_mixin.py:188} INFO - [2026-03-15T17:45:25.687+0000] {dag.py:3047} INFO - Sync 6 DAGs
[2026-03-15T17:45:25.703+0000] {logging_mixin.py:188} INFO - [2026-03-15T17:45:25.703+0000] {dag.py:3834} INFO - Setting next_dagrun for dataset_consumes_1 to None, run_after=None
[2026-03-15T17:45:25.706+0000] {logging_mixin.py:188} INFO - [2026-03-15T17:45:25.706+0000] {dag.py:3834} INFO - Setting next_dagrun for dataset_consumes_1_and_2 to None, run_after=None
[2026-03-15T17:45:25.707+0000] {logging_mixin.py:188} INFO - [2026-03-15T17:45:25.707+0000] {dag.py:3834} INFO - Setting next_dagrun for dataset_consumes_1_never_scheduled to None, run_after=None
[2026-03-15T17:45:25.707+0000] {logging_mixin.py:188} INFO - [2026-03-15T17:45:25.707+0000] {dag.py:3834} INFO - Setting next_dagrun for dataset_consumes_unknown_never_scheduled to None, run_after=None
[2026-03-15T17:45:25.709+0000] {logging_mixin.py:188} INFO - [2026-03-15T17:45:25.709+0000] {dag.py:3834} INFO - Setting next_dagrun for dataset_produces_1 to 2026-03-14 00:00:00+00:00, run_after=2026-03-15 00:00:00+00:00
[2026-03-15T17:45:25.710+0000] {logging_mixin.py:188} INFO - [2026-03-15T17:45:25.710+0000] {dag.py:3834} INFO - Setting next_dagrun for dataset_produces_2 to None, run_after=None
[2026-03-15T17:45:25.731+0000] {processor.py:183} INFO - Processing /home/airflow/.local/lib/python3.11/site-packages/airflow/example_dags/example_datasets.py took 0.086 seconds
[2026-03-15T17:45:55.983+0000] {processor.py:161} INFO - Started process (PID=973) to work on /home/airflow/.local/lib/python3.11/site-packages/airflow/example_dags/example_datasets.py
[2026-03-15T17:45:55.984+0000] {processor.py:830} INFO - Processing file /home/airflow/.local/lib/python3.11/site-packages/airflow/example_dags/example_datasets.py for tasks to queue
[2026-03-15T17:45:55.985+0000] {logging_mixin.py:188} INFO - [2026-03-15T17:45:55.985+0000] {dagbag.py:540} INFO - Filling up the DagBag from /home/airflow/.local/lib/python3.11/site-packages/airflow/example_dags/example_datasets.py
[2026-03-15T17:45:55.993+0000] {processor.py:840} INFO - DAG(s) 'dataset_consumes_1', 'dataset_produces_1', 'dataset_consumes_1_never_scheduled', 'dataset_consumes_unknown_never_scheduled', 'dataset_consumes_1_and_2', 'dataset_produces_2' retrieved from /home/airflow/.local/lib/python3.11/site-packages/airflow/example_dags/example_datasets.py
[2026-03-15T17:45:56.016+0000] {logging_mixin.py:188} INFO - [2026-03-15T17:45:56.016+0000] {dag.py:3047} INFO - Sync 6 DAGs
[2026-03-15T17:45:56.033+0000] {logging_mixin.py:188} INFO - [2026-03-15T17:45:56.033+0000] {dag.py:3834} INFO - Setting next_dagrun for dataset_consumes_1 to None, run_after=None
[2026-03-15T17:45:56.036+0000] {logging_mixin.py:188} INFO - [2026-03-15T17:45:56.036+0000] {dag.py:3834} INFO - Setting next_dagrun for dataset_consumes_1_and_2 to None, run_after=None
[2026-03-15T17:45:56.037+0000] {logging_mixin.py:188} INFO - [2026-03-15T17:45:56.037+0000] {dag.py:3834} INFO - Setting next_dagrun for dataset_consumes_1_never_scheduled to None, run_after=None
[2026-03-15T17:45:56.038+0000] {logging_mixin.py:188} INFO - [2026-03-15T17:45:56.038+0000] {dag.py:3834} INFO - Setting next_dagrun for dataset_consumes_unknown_never_scheduled to None, run_after=None
[2026-03-15T17:45:56.040+0000] {logging_mixin.py:188} INFO - [2026-03-15T17:45:56.040+0000] {dag.py:3834} INFO - Setting next_dagrun for dataset_produces_1 to 2026-03-14 00:00:00+00:00, run_after=2026-03-15 00:00:00+00:00
[2026-03-15T17:45:56.041+0000] {logging_mixin.py:188} INFO - [2026-03-15T17:45:56.041+0000] {dag.py:3834} INFO - Setting next_dagrun for dataset_produces_2 to None, run_after=None
[2026-03-15T17:45:56.064+0000] {processor.py:183} INFO - Processing /home/airflow/.local/lib/python3.11/site-packages/airflow/example_dags/example_datasets.py took 0.084 seconds
[2026-03-15T17:46:15.419+0000] {processor.py:161} INFO - Started process (PID=1023) to work on /home/airflow/.local/lib/python3.11/site-packages/airflow/example_dags/example_datasets.py
[2026-03-15T17:46:15.420+0000] {processor.py:830} INFO - Processing file /home/airflow/.local/lib/python3.11/site-packages/airflow/example_dags/example_datasets.py for tasks to queue
[2026-03-15T17:46:15.421+0000] {logging_mixin.py:188} INFO - [2026-03-15T17:46:15.421+0000] {dagbag.py:540} INFO - Filling up the DagBag from /home/airflow/.local/lib/python3.11/site-packages/airflow/example_dags/example_datasets.py
[2026-03-15T17:46:15.429+0000] {processor.py:840} INFO - DAG(s) 'dataset_consumes_1_never_scheduled', 'dataset_consumes_1', 'dataset_produces_1', 'dataset_consumes_unknown_never_scheduled', 'dataset_produces_2', 'dataset_consumes_1_and_2' retrieved from /home/airflow/.local/lib/python3.11/site-packages/airflow/example_dags/example_datasets.py
[2026-03-15T17:46:15.454+0000] {logging_mixin.py:188} INFO - [2026-03-15T17:46:15.454+0000] {dag.py:3047} INFO - Sync 6 DAGs
[2026-03-15T17:46:15.472+0000] {logging_mixin.py:188} INFO - [2026-03-15T17:46:15.472+0000] {dag.py:3834} INFO - Setting next_dagrun for dataset_consumes_1 to None, run_after=None
[2026-03-15T17:46:15.475+0000] {logging_mixin.py:188} INFO - [2026-03-15T17:46:15.475+0000] {dag.py:3834} INFO - Setting next_dagrun for dataset_consumes_1_and_2 to None, run_after=None
[2026-03-15T17:46:15.476+0000] {logging_mixin.py:188} INFO - [2026-03-15T17:46:15.476+0000] {dag.py:3834} INFO - Setting next_dagrun for dataset_consumes_1_never_scheduled to None, run_after=None
[2026-03-15T17:46:15.477+0000] {logging_mixin.py:188} INFO - [2026-03-15T17:46:15.477+0000] {dag.py:3834} INFO - Setting next_dagrun for dataset_consumes_unknown_never_scheduled to None, run_after=None
[2026-03-15T17:46:15.478+0000] {logging_mixin.py:188} INFO - [2026-03-15T17:46:15.478+0000] {dag.py:3834} INFO - Setting next_dagrun for dataset_produces_1 to 2026-03-14 00:00:00+00:00, run_after=2026-03-15 00:00:00+00:00
[2026-03-15T17:46:15.479+0000] {logging_mixin.py:188} INFO - [2026-03-15T17:46:15.479+0000] {dag.py:3834} INFO - Setting next_dagrun for dataset_produces_2 to None, run_after=None
[2026-03-15T17:46:15.500+0000] {processor.py:183} INFO - Processing /home/airflow/.local/lib/python3.11/site-packages/airflow/example_dags/example_datasets.py took 0.084 seconds
[2026-03-15T17:46:20.477+0000] {processor.py:161} INFO - Started process (PID=1073) to work on /home/airflow/.local/lib/python3.11/site-packages/airflow/example_dags/example_datasets.py
[2026-03-15T17:46:20.478+0000] {processor.py:830} INFO - Processing file /home/airflow/.local/lib/python3.11/site-packages/airflow/example_dags/example_datasets.py for tasks to queue
[2026-03-15T17:46:20.481+0000] {logging_mixin.py:188} INFO - [2026-03-15T17:46:20.480+0000] {dagbag.py:540} INFO - Filling up the DagBag from /home/airflow/.local/lib/python3.11/site-packages/airflow/example_dags/example_datasets.py
[2026-03-15T17:46:20.488+0000] {processor.py:840} INFO - DAG(s) 'dataset_consumes_1_and_2', 'dataset_consumes_unknown_never_scheduled', 'dataset_consumes_1', 'dataset_produces_1', 'dataset_consumes_1_never_scheduled', 'dataset_produces_2' retrieved from /home/airflow/.local/lib/python3.11/site-packages/airflow/example_dags/example_datasets.py
[2026-03-15T17:46:20.512+0000] {logging_mixin.py:188} INFO - [2026-03-15T17:46:20.512+0000] {dag.py:3047} INFO - Sync 6 DAGs
[2026-03-15T17:46:20.529+0000] {logging_mixin.py:188} INFO - [2026-03-15T17:46:20.529+0000] {dag.py:3834} INFO - Setting next_dagrun for dataset_consumes_1 to None, run_after=None
[2026-03-15T17:46:20.532+0000] {logging_mixin.py:188} INFO - [2026-03-15T17:46:20.531+0000] {dag.py:3834} INFO - Setting next_dagrun for dataset_consumes_1_and_2 to None, run_after=None
[2026-03-15T17:46:20.533+0000] {logging_mixin.py:188} INFO - [2026-03-15T17:46:20.532+0000] {dag.py:3834} INFO - Setting next_dagrun for dataset_consumes_1_never_scheduled to None, run_after=None
[2026-03-15T17:46:20.533+0000] {logging_mixin.py:188} INFO - [2026-03-15T17:46:20.533+0000] {dag.py:3834} INFO - Setting next_dagrun for dataset_consumes_unknown_never_scheduled to None, run_after=None
[2026-03-15T17:46:20.535+0000] {logging_mixin.py:188} INFO - [2026-03-15T17:46:20.535+0000] {dag.py:3834} INFO - Setting next_dagrun for dataset_produces_1 to 2026-03-14 00:00:00+00:00, run_after=2026-03-15 00:00:00+00:00
[2026-03-15T17:46:20.536+0000] {logging_mixin.py:188} INFO - [2026-03-15T17:46:20.536+0000] {dag.py:3834} INFO - Setting next_dagrun for dataset_produces_2 to None, run_after=None
[2026-03-15T17:46:20.558+0000] {processor.py:183} INFO - Processing /home/airflow/.local/lib/python3.11/site-packages/airflow/example_dags/example_datasets.py took 0.084 seconds
[2026-03-15T17:46:25.396+0000] {processor.py:161} INFO - Started process (PID=1114) to work on /home/airflow/.local/lib/python3.11/site-packages/airflow/example_dags/example_datasets.py
[2026-03-15T17:46:25.397+0000] {processor.py:830} INFO - Processing file /home/airflow/.local/lib/python3.11/site-packages/airflow/example_dags/example_datasets.py for tasks to queue
[2026-03-15T17:46:25.400+0000] {logging_mixin.py:188} INFO - [2026-03-15T17:46:25.400+0000] {dagbag.py:540} INFO - Filling up the DagBag from /home/airflow/.local/lib/python3.11/site-packages/airflow/example_dags/example_datasets.py
[2026-03-15T17:46:25.407+0000] {processor.py:840} INFO - DAG(s) 'dataset_consumes_1_and_2', 'dataset_produces_2', 'dataset_consumes_1_never_scheduled', 'dataset_produces_1', 'dataset_consumes_unknown_never_scheduled', 'dataset_consumes_1' retrieved from /home/airflow/.local/lib/python3.11/site-packages/airflow/example_dags/example_datasets.py
[2026-03-15T17:46:25.428+0000] {logging_mixin.py:188} INFO - [2026-03-15T17:46:25.428+0000] {dag.py:3047} INFO - Sync 6 DAGs
[2026-03-15T17:46:25.444+0000] {logging_mixin.py:188} INFO - [2026-03-15T17:46:25.444+0000] {dag.py:3834} INFO - Setting next_dagrun for dataset_consumes_1 to None, run_after=None
[2026-03-15T17:46:25.446+0000] {logging_mixin.py:188} INFO - [2026-03-15T17:46:25.446+0000] {dag.py:3834} INFO - Setting next_dagrun for dataset_consumes_1_and_2 to None, run_after=None
[2026-03-15T17:46:25.448+0000] {logging_mixin.py:188} INFO - [2026-03-15T17:46:25.447+0000] {dag.py:3834} INFO - Setting next_dagrun for dataset_consumes_1_never_scheduled to None, run_after=None
[2026-03-15T17:46:25.448+0000] {logging_mixin.py:188} INFO - [2026-03-15T17:46:25.448+0000] {dag.py:3834} INFO - Setting next_dagrun for dataset_consumes_unknown_never_scheduled to None, run_after=None
[2026-03-15T17:46:25.450+0000] {logging_mixin.py:188} INFO - [2026-03-15T17:46:25.450+0000] {dag.py:3834} INFO - Setting next_dagrun for dataset_produces_1 to 2026-03-14 00:00:00+00:00, run_after=2026-03-15 00:00:00+00:00
[2026-03-15T17:46:25.451+0000] {logging_mixin.py:188} INFO - [2026-03-15T17:46:25.451+0000] {dag.py:3834} INFO - Setting next_dagrun for dataset_produces_2 to None, run_after=None
[2026-03-15T17:46:25.473+0000] {processor.py:183} INFO - Processing /home/airflow/.local/lib/python3.11/site-packages/airflow/example_dags/example_datasets.py took 0.079 seconds
[2026-03-15T17:46:55.723+0000] {processor.py:161} INFO - Started process (PID=1168) to work on /home/airflow/.local/lib/python3.11/site-packages/airflow/example_dags/example_datasets.py
[2026-03-15T17:46:55.724+0000] {processor.py:830} INFO - Processing file /home/airflow/.local/lib/python3.11/site-packages/airflow/example_dags/example_datasets.py for tasks to queue
[2026-03-15T17:46:55.727+0000] {logging_mixin.py:188} INFO - [2026-03-15T17:46:55.726+0000] {dagbag.py:540} INFO - Filling up the DagBag from /home/airflow/.local/lib/python3.11/site-packages/airflow/example_dags/example_datasets.py
[2026-03-15T17:46:55.734+0000] {processor.py:840} INFO - DAG(s) 'dataset_consumes_1', 'dataset_consumes_1_and_2', 'dataset_consumes_1_never_scheduled', 'dataset_produces_1', 'dataset_consumes_unknown_never_scheduled', 'dataset_produces_2' retrieved from /home/airflow/.local/lib/python3.11/site-packages/airflow/example_dags/example_datasets.py
[2026-03-15T17:46:55.759+0000] {logging_mixin.py:188} INFO - [2026-03-15T17:46:55.758+0000] {dag.py:3047} INFO - Sync 6 DAGs
[2026-03-15T17:46:55.776+0000] {logging_mixin.py:188} INFO - [2026-03-15T17:46:55.776+0000] {dag.py:3834} INFO - Setting next_dagrun for dataset_consumes_1 to None, run_after=None
[2026-03-15T17:46:55.781+0000] {logging_mixin.py:188} INFO - [2026-03-15T17:46:55.781+0000] {dag.py:3834} INFO - Setting next_dagrun for dataset_consumes_1_and_2 to None, run_after=None
[2026-03-15T17:46:55.786+0000] {logging_mixin.py:188} INFO - [2026-03-15T17:46:55.786+0000] {dag.py:3834} INFO - Setting next_dagrun for dataset_consumes_1_never_scheduled to None, run_after=None
[2026-03-15T17:46:55.790+0000] {logging_mixin.py:188} INFO - [2026-03-15T17:46:55.790+0000] {dag.py:3834} INFO - Setting next_dagrun for dataset_consumes_unknown_never_scheduled to None, run_after=None
[2026-03-15T17:46:55.797+0000] {logging_mixin.py:188} INFO - [2026-03-15T17:46:55.797+0000] {dag.py:3834} INFO - Setting next_dagrun for dataset_produces_1 to 2026-03-14 00:00:00+00:00, run_after=2026-03-15 00:00:00+00:00
[2026-03-15T17:46:55.798+0000] {logging_mixin.py:188} INFO - [2026-03-15T17:46:55.798+0000] {dag.py:3834} INFO - Setting next_dagrun for dataset_produces_2 to None, run_after=None
[2026-03-15T17:46:55.819+0000] {processor.py:183} INFO - Processing /home/airflow/.local/lib/python3.11/site-packages/airflow/example_dags/example_datasets.py took 0.099 seconds
[2026-03-15T17:47:15.416+0000] {processor.py:161} INFO - Started process (PID=1215) to work on /home/airflow/.local/lib/python3.11/site-packages/airflow/example_dags/example_datasets.py
[2026-03-15T17:47:15.417+0000] {processor.py:830} INFO - Processing file /home/airflow/.local/lib/python3.11/site-packages/airflow/example_dags/example_datasets.py for tasks to queue
[2026-03-15T17:47:15.419+0000] {logging_mixin.py:188} INFO - [2026-03-15T17:47:15.419+0000] {dagbag.py:540} INFO - Filling up the DagBag from /home/airflow/.local/lib/python3.11/site-packages/airflow/example_dags/example_datasets.py
[2026-03-15T17:47:15.427+0000] {processor.py:840} INFO - DAG(s) 'dataset_consumes_unknown_never_scheduled', 'dataset_produces_2', 'dataset_produces_1', 'dataset_consumes_1_and_2', 'dataset_consumes_1', 'dataset_consumes_1_never_scheduled' retrieved from /home/airflow/.local/lib/python3.11/site-packages/airflow/example_dags/example_datasets.py
[2026-03-15T17:47:15.451+0000] {logging_mixin.py:188} INFO - [2026-03-15T17:47:15.451+0000] {dag.py:3047} INFO - Sync 6 DAGs
[2026-03-15T17:47:15.467+0000] {logging_mixin.py:188} INFO - [2026-03-15T17:47:15.467+0000] {dag.py:3834} INFO - Setting next_dagrun for dataset_consumes_1 to None, run_after=None
[2026-03-15T17:47:15.472+0000] {logging_mixin.py:188} INFO - [2026-03-15T17:47:15.471+0000] {dag.py:3834} INFO - Setting next_dagrun for dataset_consumes_1_and_2 to None, run_after=None
[2026-03-15T17:47:15.473+0000] {logging_mixin.py:188} INFO - [2026-03-15T17:47:15.473+0000] {dag.py:3834} INFO - Setting next_dagrun for dataset_consumes_1_never_scheduled to None, run_after=None
[2026-03-15T17:47:15.475+0000] {logging_mixin.py:188} INFO - [2026-03-15T17:47:15.475+0000] {dag.py:3834} INFO - Setting next_dagrun for dataset_consumes_unknown_never_scheduled to None, run_after=None
[2026-03-15T17:47:15.478+0000] {logging_mixin.py:188} INFO - [2026-03-15T17:47:15.478+0000] {dag.py:3834} INFO - Setting next_dagrun for dataset_produces_1 to 2026-03-14 00:00:00+00:00, run_after=2026-03-15 00:00:00+00:00
[2026-03-15T17:47:15.480+0000] {logging_mixin.py:188} INFO - [2026-03-15T17:47:15.480+0000] {dag.py:3834} INFO - Setting next_dagrun for dataset_produces_2 to None, run_after=None
[2026-03-15T17:47:15.505+0000] {processor.py:183} INFO - Processing /home/airflow/.local/lib/python3.11/site-packages/airflow/example_dags/example_datasets.py took 0.091 seconds
[2026-03-15T17:47:20.600+0000] {processor.py:161} INFO - Started process (PID=1261) to work on /home/airflow/.local/lib/python3.11/site-packages/airflow/example_dags/example_datasets.py
[2026-03-15T17:47:20.601+0000] {processor.py:830} INFO - Processing file /home/airflow/.local/lib/python3.11/site-packages/airflow/example_dags/example_datasets.py for tasks to queue
[2026-03-15T17:47:20.603+0000] {logging_mixin.py:188} INFO - [2026-03-15T17:47:20.603+0000] {dagbag.py:540} INFO - Filling up the DagBag from /home/airflow/.local/lib/python3.11/site-packages/airflow/example_dags/example_datasets.py
[2026-03-15T17:47:20.611+0000] {processor.py:840} INFO - DAG(s) 'dataset_consumes_1_never_scheduled', 'dataset_consumes_1', 'dataset_produces_1', 'dataset_consumes_unknown_never_scheduled', 'dataset_consumes_1_and_2', 'dataset_produces_2' retrieved from /home/airflow/.local/lib/python3.11/site-packages/airflow/example_dags/example_datasets.py
[2026-03-15T17:47:20.635+0000] {logging_mixin.py:188} INFO - [2026-03-15T17:47:20.635+0000] {dag.py:3047} INFO - Sync 6 DAGs
[2026-03-15T17:47:20.652+0000] {logging_mixin.py:188} INFO - [2026-03-15T17:47:20.652+0000] {dag.py:3834} INFO - Setting next_dagrun for dataset_consumes_1 to None, run_after=None
[2026-03-15T17:47:20.655+0000] {logging_mixin.py:188} INFO - [2026-03-15T17:47:20.655+0000] {dag.py:3834} INFO - Setting next_dagrun for dataset_consumes_1_and_2 to None, run_after=None
[2026-03-15T17:47:20.657+0000] {logging_mixin.py:188} INFO - [2026-03-15T17:47:20.657+0000] {dag.py:3834} INFO - Setting next_dagrun for dataset_consumes_1_never_scheduled to None, run_after=None
[2026-03-15T17:47:20.659+0000] {logging_mixin.py:188} INFO - [2026-03-15T17:47:20.659+0000] {dag.py:3834} INFO - Setting next_dagrun for dataset_consumes_unknown_never_scheduled to None, run_after=None
[2026-03-15T17:47:20.662+0000] {logging_mixin.py:188} INFO - [2026-03-15T17:47:20.661+0000] {dag.py:3834} INFO - Setting next_dagrun for dataset_produces_1 to 2026-03-14 00:00:00+00:00, run_after=2026-03-15 00:00:00+00:00
[2026-03-15T17:47:20.663+0000] {logging_mixin.py:188} INFO - [2026-03-15T17:47:20.663+0000] {dag.py:3834} INFO - Setting next_dagrun for dataset_produces_2 to None, run_after=None
[2026-03-15T17:47:20.698+0000] {processor.py:183} INFO - Processing /home/airflow/.local/lib/python3.11/site-packages/airflow/example_dags/example_datasets.py took 0.102 seconds
[2026-03-15T17:47:26.318+0000] {processor.py:161} INFO - Started process (PID=1303) to work on /home/airflow/.local/lib/python3.11/site-packages/airflow/example_dags/example_datasets.py
[2026-03-15T17:47:26.319+0000] {processor.py:830} INFO - Processing file /home/airflow/.local/lib/python3.11/site-packages/airflow/example_dags/example_datasets.py for tasks to queue
[2026-03-15T17:47:26.321+0000] {logging_mixin.py:188} INFO - [2026-03-15T17:47:26.320+0000] {dagbag.py:540} INFO - Filling up the DagBag from /home/airflow/.local/lib/python3.11/site-packages/airflow/example_dags/example_datasets.py
[2026-03-15T17:47:26.329+0000] {processor.py:840} INFO - DAG(s) 'dataset_produces_2', 'dataset_consumes_1_never_scheduled', 'dataset_produces_1', 'dataset_consumes_1', 'dataset_consumes_unknown_never_scheduled', 'dataset_consumes_1_and_2' retrieved from /home/airflow/.local/lib/python3.11/site-packages/airflow/example_dags/example_datasets.py
[2026-03-15T17:47:26.353+0000] {logging_mixin.py:188} INFO - [2026-03-15T17:47:26.353+0000] {dag.py:3047} INFO - Sync 6 DAGs
[2026-03-15T17:47:26.370+0000] {logging_mixin.py:188} INFO - [2026-03-15T17:47:26.370+0000] {dag.py:3834} INFO - Setting next_dagrun for dataset_consumes_1 to None, run_after=None
[2026-03-15T17:47:26.373+0000] {logging_mixin.py:188} INFO - [2026-03-15T17:47:26.373+0000] {dag.py:3834} INFO - Setting next_dagrun for dataset_consumes_1_and_2 to None, run_after=None
[2026-03-15T17:47:26.374+0000] {logging_mixin.py:188} INFO - [2026-03-15T17:47:26.374+0000] {dag.py:3834} INFO - Setting next_dagrun for dataset_consumes_1_never_scheduled to None, run_after=None
[2026-03-15T17:47:26.375+0000] {logging_mixin.py:188} INFO - [2026-03-15T17:47:26.375+0000] {dag.py:3834} INFO - Setting next_dagrun for dataset_consumes_unknown_never_scheduled to None, run_after=None
[2026-03-15T17:47:26.377+0000] {logging_mixin.py:188} INFO - [2026-03-15T17:47:26.377+0000] {dag.py:3834} INFO - Setting next_dagrun for dataset_produces_1 to 2026-03-14 00:00:00+00:00, run_after=2026-03-15 00:00:00+00:00
[2026-03-15T17:47:26.379+0000] {logging_mixin.py:188} INFO - [2026-03-15T17:47:26.379+0000] {dag.py:3834} INFO - Setting next_dagrun for dataset_produces_2 to None, run_after=None
[2026-03-15T17:47:26.403+0000] {processor.py:183} INFO - Processing /home/airflow/.local/lib/python3.11/site-packages/airflow/example_dags/example_datasets.py took 0.088 seconds
[2026-03-15T17:47:30.710+0000] {processor.py:161} INFO - Started process (PID=1346) to work on /home/airflow/.local/lib/python3.11/site-packages/airflow/example_dags/example_datasets.py
[2026-03-15T17:47:30.711+0000] {processor.py:830} INFO - Processing file /home/airflow/.local/lib/python3.11/site-packages/airflow/example_dags/example_datasets.py for tasks to queue
[2026-03-15T17:47:30.713+0000] {logging_mixin.py:188} INFO - [2026-03-15T17:47:30.713+0000] {dagbag.py:540} INFO - Filling up the DagBag from /home/airflow/.local/lib/python3.11/site-packages/airflow/example_dags/example_datasets.py
[2026-03-15T17:47:30.721+0000] {processor.py:840} INFO - DAG(s) 'dataset_consumes_1_and_2', 'dataset_produces_2', 'dataset_produces_1', 'dataset_consumes_1_never_scheduled', 'dataset_consumes_unknown_never_scheduled', 'dataset_consumes_1' retrieved from /home/airflow/.local/lib/python3.11/site-packages/airflow/example_dags/example_datasets.py
[2026-03-15T17:47:30.744+0000] {logging_mixin.py:188} INFO - [2026-03-15T17:47:30.744+0000] {dag.py:3047} INFO - Sync 6 DAGs
[2026-03-15T17:47:30.760+0000] {logging_mixin.py:188} INFO - [2026-03-15T17:47:30.760+0000] {dag.py:3834} INFO - Setting next_dagrun for dataset_consumes_1 to None, run_after=None
[2026-03-15T17:47:30.763+0000] {logging_mixin.py:188} INFO - [2026-03-15T17:47:30.763+0000] {dag.py:3834} INFO - Setting next_dagrun for dataset_consumes_1_and_2 to None, run_after=None
[2026-03-15T17:47:30.764+0000] {logging_mixin.py:188} INFO - [2026-03-15T17:47:30.764+0000] {dag.py:3834} INFO - Setting next_dagrun for dataset_consumes_1_never_scheduled to None, run_after=None
[2026-03-15T17:47:30.765+0000] {logging_mixin.py:188} INFO - [2026-03-15T17:47:30.765+0000] {dag.py:3834} INFO - Setting next_dagrun for dataset_consumes_unknown_never_scheduled to None, run_after=None
[2026-03-15T17:47:30.767+0000] {logging_mixin.py:188} INFO - [2026-03-15T17:47:30.767+0000] {dag.py:3834} INFO - Setting next_dagrun for dataset_produces_1 to 2026-03-14 00:00:00+00:00, run_after=2026-03-15 00:00:00+00:00
[2026-03-15T17:47:30.768+0000] {logging_mixin.py:188} INFO - [2026-03-15T17:47:30.768+0000] {dag.py:3834} INFO - Setting next_dagrun for dataset_produces_2 to None, run_after=None
[2026-03-15T17:47:30.790+0000] {processor.py:183} INFO - Processing /home/airflow/.local/lib/python3.11/site-packages/airflow/example_dags/example_datasets.py took 0.083 seconds
[2026-03-15T17:47:45.144+0000] {processor.py:161} INFO - Started process (PID=1387) to work on /home/airflow/.local/lib/python3.11/site-packages/airflow/example_dags/example_datasets.py
[2026-03-15T17:47:45.145+0000] {processor.py:830} INFO - Processing file /home/airflow/.local/lib/python3.11/site-packages/airflow/example_dags/example_datasets.py for tasks to queue
[2026-03-15T17:47:45.146+0000] {logging_mixin.py:188} INFO - [2026-03-15T17:47:45.146+0000] {dagbag.py:540} INFO - Filling up the DagBag from /home/airflow/.local/lib/python3.11/site-packages/airflow/example_dags/example_datasets.py
[2026-03-15T17:47:45.154+0000] {processor.py:840} INFO - DAG(s) 'dataset_consumes_1_and_2', 'dataset_produces_1', 'dataset_consumes_1_never_scheduled', 'dataset_consumes_1', 'dataset_consumes_unknown_never_scheduled', 'dataset_produces_2' retrieved from /home/airflow/.local/lib/python3.11/site-packages/airflow/example_dags/example_datasets.py
[2026-03-15T17:47:45.179+0000] {logging_mixin.py:188} INFO - [2026-03-15T17:47:45.178+0000] {dag.py:3047} INFO - Sync 6 DAGs
[2026-03-15T17:47:45.195+0000] {logging_mixin.py:188} INFO - [2026-03-15T17:47:45.194+0000] {dag.py:3834} INFO - Setting next_dagrun for dataset_consumes_1 to None, run_after=None
[2026-03-15T17:47:45.197+0000] {logging_mixin.py:188} INFO - [2026-03-15T17:47:45.197+0000] {dag.py:3834} INFO - Setting next_dagrun for dataset_consumes_1_and_2 to None, run_after=None
[2026-03-15T17:47:45.198+0000] {logging_mixin.py:188} INFO - [2026-03-15T17:47:45.198+0000] {dag.py:3834} INFO - Setting next_dagrun for dataset_consumes_1_never_scheduled to None, run_after=None
[2026-03-15T17:47:45.199+0000] {logging_mixin.py:188} INFO - [2026-03-15T17:47:45.199+0000] {dag.py:3834} INFO - Setting next_dagrun for dataset_consumes_unknown_never_scheduled to None, run_after=None
[2026-03-15T17:47:45.201+0000] {logging_mixin.py:188} INFO - [2026-03-15T17:47:45.201+0000] {dag.py:3834} INFO - Setting next_dagrun for dataset_produces_1 to 2026-03-14 00:00:00+00:00, run_after=2026-03-15 00:00:00+00:00
[2026-03-15T17:47:45.202+0000] {logging_mixin.py:188} INFO - [2026-03-15T17:47:45.201+0000] {dag.py:3834} INFO - Setting next_dagrun for dataset_produces_2 to None, run_after=None
[2026-03-15T17:47:45.223+0000] {processor.py:183} INFO - Processing /home/airflow/.local/lib/python3.11/site-packages/airflow/example_dags/example_datasets.py took 0.081 seconds
[2026-03-15T17:48:15.250+0000] {processor.py:161} INFO - Started process (PID=1429) to work on /home/airflow/.local/lib/python3.11/site-packages/airflow/example_dags/example_datasets.py
[2026-03-15T17:48:15.251+0000] {processor.py:830} INFO - Processing file /home/airflow/.local/lib/python3.11/site-packages/airflow/example_dags/example_datasets.py for tasks to queue
[2026-03-15T17:48:15.253+0000] {logging_mixin.py:188} INFO - [2026-03-15T17:48:15.252+0000] {dagbag.py:540} INFO - Filling up the DagBag from /home/airflow/.local/lib/python3.11/site-packages/airflow/example_dags/example_datasets.py
[2026-03-15T17:48:15.260+0000] {processor.py:840} INFO - DAG(s) 'dataset_produces_1', 'dataset_produces_2', 'dataset_consumes_1_never_scheduled', 'dataset_consumes_1', 'dataset_consumes_1_and_2', 'dataset_consumes_unknown_never_scheduled' retrieved from /home/airflow/.local/lib/python3.11/site-packages/airflow/example_dags/example_datasets.py
[2026-03-15T17:48:15.293+0000] {logging_mixin.py:188} INFO - [2026-03-15T17:48:15.293+0000] {dag.py:3047} INFO - Sync 6 DAGs
[2026-03-15T17:48:15.312+0000] {logging_mixin.py:188} INFO - [2026-03-15T17:48:15.312+0000] {dag.py:3834} INFO - Setting next_dagrun for dataset_consumes_1 to None, run_after=None
[2026-03-15T17:48:15.316+0000] {logging_mixin.py:188} INFO - [2026-03-15T17:48:15.316+0000] {dag.py:3834} INFO - Setting next_dagrun for dataset_consumes_1_and_2 to None, run_after=None
[2026-03-15T17:48:15.318+0000] {logging_mixin.py:188} INFO - [2026-03-15T17:48:15.318+0000] {dag.py:3834} INFO - Setting next_dagrun for dataset_consumes_1_never_scheduled to None, run_after=None
[2026-03-15T17:48:15.319+0000] {logging_mixin.py:188} INFO - [2026-03-15T17:48:15.319+0000] {dag.py:3834} INFO - Setting next_dagrun for dataset_consumes_unknown_never_scheduled to None, run_after=None
[2026-03-15T17:48:15.321+0000] {logging_mixin.py:188} INFO - [2026-03-15T17:48:15.321+0000] {dag.py:3834} INFO - Setting next_dagrun for dataset_produces_1 to 2026-03-14 00:00:00+00:00, run_after=2026-03-15 00:00:00+00:00
[2026-03-15T17:48:15.322+0000] {logging_mixin.py:188} INFO - [2026-03-15T17:48:15.322+0000] {dag.py:3834} INFO - Setting next_dagrun for dataset_produces_2 to None, run_after=None
[2026-03-15T17:48:15.344+0000] {processor.py:183} INFO - Processing /home/airflow/.local/lib/python3.11/site-packages/airflow/example_dags/example_datasets.py took 0.098 seconds
[2026-03-15T17:48:45.174+0000] {processor.py:161} INFO - Started process (PID=1488) to work on /home/airflow/.local/lib/python3.11/site-packages/airflow/example_dags/example_datasets.py
[2026-03-15T17:48:45.175+0000] {processor.py:830} INFO - Processing file /home/airflow/.local/lib/python3.11/site-packages/airflow/example_dags/example_datasets.py for tasks to queue
[2026-03-15T17:48:45.177+0000] {logging_mixin.py:188} INFO - [2026-03-15T17:48:45.176+0000] {dagbag.py:540} INFO - Filling up the DagBag from /home/airflow/.local/lib/python3.11/site-packages/airflow/example_dags/example_datasets.py
[2026-03-15T17:48:45.184+0000] {processor.py:840} INFO - DAG(s) 'dataset_produces_2', 'dataset_consumes_1_and_2', 'dataset_consumes_1', 'dataset_consumes_1_never_scheduled', 'dataset_consumes_unknown_never_scheduled', 'dataset_produces_1' retrieved from /home/airflow/.local/lib/python3.11/site-packages/airflow/example_dags/example_datasets.py
[2026-03-15T17:48:45.207+0000] {logging_mixin.py:188} INFO - [2026-03-15T17:48:45.207+0000] {dag.py:3047} INFO - Sync 6 DAGs
[2026-03-15T17:48:45.222+0000] {logging_mixin.py:188} INFO - [2026-03-15T17:48:45.222+0000] {dag.py:3834} INFO - Setting next_dagrun for dataset_consumes_1 to None, run_after=None
[2026-03-15T17:48:45.225+0000] {logging_mixin.py:188} INFO - [2026-03-15T17:48:45.225+0000] {dag.py:3834} INFO - Setting next_dagrun for dataset_consumes_1_and_2 to None, run_after=None
[2026-03-15T17:48:45.226+0000] {logging_mixin.py:188} INFO - [2026-03-15T17:48:45.226+0000] {dag.py:3834} INFO - Setting next_dagrun for dataset_consumes_1_never_scheduled to None, run_after=None
[2026-03-15T17:48:45.227+0000] {logging_mixin.py:188} INFO - [2026-03-15T17:48:45.226+0000] {dag.py:3834} INFO - Setting next_dagrun for dataset_consumes_unknown_never_scheduled to None, run_after=None
[2026-03-15T17:48:45.228+0000] {logging_mixin.py:188} INFO - [2026-03-15T17:48:45.228+0000] {dag.py:3834} INFO - Setting next_dagrun for dataset_produces_1 to 2026-03-14 00:00:00+00:00, run_after=2026-03-15 00:00:00+00:00
[2026-03-15T17:48:45.229+0000] {logging_mixin.py:188} INFO - [2026-03-15T17:48:45.229+0000] {dag.py:3834} INFO - Setting next_dagrun for dataset_produces_2 to None, run_after=None
[2026-03-15T17:48:45.253+0000] {processor.py:183} INFO - Processing /home/airflow/.local/lib/python3.11/site-packages/airflow/example_dags/example_datasets.py took 0.081 seconds
[2026-03-15T17:49:15.808+0000] {processor.py:161} INFO - Started process (PID=1544) to work on /home/airflow/.local/lib/python3.11/site-packages/airflow/example_dags/example_datasets.py
[2026-03-15T17:49:15.809+0000] {processor.py:830} INFO - Processing file /home/airflow/.local/lib/python3.11/site-packages/airflow/example_dags/example_datasets.py for tasks to queue
[2026-03-15T17:49:15.811+0000] {logging_mixin.py:188} INFO - [2026-03-15T17:49:15.810+0000] {dagbag.py:540} INFO - Filling up the DagBag from /home/airflow/.local/lib/python3.11/site-packages/airflow/example_dags/example_datasets.py
[2026-03-15T17:49:15.818+0000] {processor.py:840} INFO - DAG(s) 'dataset_produces_1', 'dataset_produces_2', 'dataset_consumes_1_never_scheduled', 'dataset_consumes_unknown_never_scheduled', 'dataset_consumes_1', 'dataset_consumes_1_and_2' retrieved from /home/airflow/.local/lib/python3.11/site-packages/airflow/example_dags/example_datasets.py
[2026-03-15T17:49:15.839+0000] {logging_mixin.py:188} INFO - [2026-03-15T17:49:15.839+0000] {dag.py:3047} INFO - Sync 6 DAGs
[2026-03-15T17:49:15.857+0000] {logging_mixin.py:188} INFO - [2026-03-15T17:49:15.857+0000] {dag.py:3834} INFO - Setting next_dagrun for dataset_consumes_1 to None, run_after=None
[2026-03-15T17:49:15.860+0000] {logging_mixin.py:188} INFO - [2026-03-15T17:49:15.860+0000] {dag.py:3834} INFO - Setting next_dagrun for dataset_consumes_1_and_2 to None, run_after=None
[2026-03-15T17:49:15.861+0000] {logging_mixin.py:188} INFO - [2026-03-15T17:49:15.861+0000] {dag.py:3834} INFO - Setting next_dagrun for dataset_consumes_1_never_scheduled to None, run_after=None
[2026-03-15T17:49:15.863+0000] {logging_mixin.py:188} INFO - [2026-03-15T17:49:15.862+0000] {dag.py:3834} INFO - Setting next_dagrun for dataset_consumes_unknown_never_scheduled to None, run_after=None
[2026-03-15T17:49:15.865+0000] {logging_mixin.py:188} INFO - [2026-03-15T17:49:15.865+0000] {dag.py:3834} INFO - Setting next_dagrun for dataset_produces_1 to 2026-03-14 00:00:00+00:00, run_after=2026-03-15 00:00:00+00:00
[2026-03-15T17:49:15.866+0000] {logging_mixin.py:188} INFO - [2026-03-15T17:49:15.866+0000] {dag.py:3834} INFO - Setting next_dagrun for dataset_produces_2 to None, run_after=None
[2026-03-15T17:49:15.890+0000] {processor.py:183} INFO - Processing /home/airflow/.local/lib/python3.11/site-packages/airflow/example_dags/example_datasets.py took 0.085 seconds
[2026-03-15T17:49:59.998+0000] {processor.py:161} INFO - Started process (PID=93) to work on /home/airflow/.local/lib/python3.11/site-packages/airflow/example_dags/example_datasets.py
[2026-03-15T17:49:59.999+0000] {processor.py:830} INFO - Processing file /home/airflow/.local/lib/python3.11/site-packages/airflow/example_dags/example_datasets.py for tasks to queue
[2026-03-15T17:50:00.001+0000] {logging_mixin.py:188} INFO - [2026-03-15T17:50:00.001+0000] {dagbag.py:540} INFO - Filling up the DagBag from /home/airflow/.local/lib/python3.11/site-packages/airflow/example_dags/example_datasets.py
[2026-03-15T17:50:00.010+0000] {processor.py:840} INFO - DAG(s) 'dataset_consumes_1_never_scheduled', 'dataset_consumes_1', 'dataset_consumes_1_and_2', 'dataset_produces_1', 'dataset_produces_2', 'dataset_consumes_unknown_never_scheduled' retrieved from /home/airflow/.local/lib/python3.11/site-packages/airflow/example_dags/example_datasets.py
[2026-03-15T17:50:00.022+0000] {logging_mixin.py:188} INFO - [2026-03-15T17:50:00.022+0000] {dag.py:3047} INFO - Sync 6 DAGs
[2026-03-15T17:50:00.040+0000] {logging_mixin.py:188} INFO - [2026-03-15T17:50:00.040+0000] {dag.py:3834} INFO - Setting next_dagrun for dataset_consumes_1 to None, run_after=None
[2026-03-15T17:50:00.047+0000] {logging_mixin.py:188} INFO - [2026-03-15T17:50:00.047+0000] {dag.py:3834} INFO - Setting next_dagrun for dataset_consumes_1_and_2 to None, run_after=None
[2026-03-15T17:50:00.048+0000] {logging_mixin.py:188} INFO - [2026-03-15T17:50:00.048+0000] {dag.py:3834} INFO - Setting next_dagrun for dataset_consumes_1_never_scheduled to None, run_after=None
[2026-03-15T17:50:00.049+0000] {logging_mixin.py:188} INFO - [2026-03-15T17:50:00.049+0000] {dag.py:3834} INFO - Setting next_dagrun for dataset_consumes_unknown_never_scheduled to None, run_after=None
[2026-03-15T17:50:00.051+0000] {logging_mixin.py:188} INFO - [2026-03-15T17:50:00.051+0000] {dag.py:3834} INFO - Setting next_dagrun for dataset_produces_1 to 2026-03-14 00:00:00+00:00, run_after=2026-03-15 00:00:00+00:00
[2026-03-15T17:50:00.053+0000] {logging_mixin.py:188} INFO - [2026-03-15T17:50:00.053+0000] {dag.py:3834} INFO - Setting next_dagrun for dataset_produces_2 to None, run_after=None
[2026-03-15T17:50:00.194+0000] {processor.py:183} INFO - Processing /home/airflow/.local/lib/python3.11/site-packages/airflow/example_dags/example_datasets.py took 0.199 seconds
[2026-03-15T17:50:16.599+0000] {processor.py:161} INFO - Started process (PID=147) to work on /home/airflow/.local/lib/python3.11/site-packages/airflow/example_dags/example_datasets.py
[2026-03-15T17:50:16.601+0000] {processor.py:830} INFO - Processing file /home/airflow/.local/lib/python3.11/site-packages/airflow/example_dags/example_datasets.py for tasks to queue
[2026-03-15T17:50:16.603+0000] {logging_mixin.py:188} INFO - [2026-03-15T17:50:16.602+0000] {dagbag.py:540} INFO - Filling up the DagBag from /home/airflow/.local/lib/python3.11/site-packages/airflow/example_dags/example_datasets.py
[2026-03-15T17:50:16.611+0000] {processor.py:840} INFO - DAG(s) 'dataset_produces_2', 'dataset_consumes_1_and_2', 'dataset_consumes_1', 'dataset_produces_1', 'dataset_consumes_unknown_never_scheduled', 'dataset_consumes_1_never_scheduled' retrieved from /home/airflow/.local/lib/python3.11/site-packages/airflow/example_dags/example_datasets.py
[2026-03-15T17:50:16.713+0000] {logging_mixin.py:188} INFO - [2026-03-15T17:50:16.713+0000] {dag.py:3047} INFO - Sync 6 DAGs
[2026-03-15T17:50:16.727+0000] {logging_mixin.py:188} INFO - [2026-03-15T17:50:16.727+0000] {dag.py:3834} INFO - Setting next_dagrun for dataset_consumes_1 to None, run_after=None
[2026-03-15T17:50:16.729+0000] {logging_mixin.py:188} INFO - [2026-03-15T17:50:16.729+0000] {dag.py:3834} INFO - Setting next_dagrun for dataset_consumes_1_and_2 to None, run_after=None
[2026-03-15T17:50:16.731+0000] {logging_mixin.py:188} INFO - [2026-03-15T17:50:16.730+0000] {dag.py:3834} INFO - Setting next_dagrun for dataset_consumes_1_never_scheduled to None, run_after=None
[2026-03-15T17:50:16.731+0000] {logging_mixin.py:188} INFO - [2026-03-15T17:50:16.731+0000] {dag.py:3834} INFO - Setting next_dagrun for dataset_consumes_unknown_never_scheduled to None, run_after=None
[2026-03-15T17:50:16.734+0000] {logging_mixin.py:188} INFO - [2026-03-15T17:50:16.733+0000] {dag.py:3834} INFO - Setting next_dagrun for dataset_produces_1 to 2026-03-14 00:00:00+00:00, run_after=2026-03-15 00:00:00+00:00
[2026-03-15T17:50:16.735+0000] {logging_mixin.py:188} INFO - [2026-03-15T17:50:16.734+0000] {dag.py:3834} INFO - Setting next_dagrun for dataset_produces_2 to None, run_after=None
[2026-03-15T17:50:16.763+0000] {processor.py:183} INFO - Processing /home/airflow/.local/lib/python3.11/site-packages/airflow/example_dags/example_datasets.py took 0.167 seconds
[2026-03-15T17:50:20.879+0000] {processor.py:161} INFO - Started process (PID=192) to work on /home/airflow/.local/lib/python3.11/site-packages/airflow/example_dags/example_datasets.py
[2026-03-15T17:50:20.882+0000] {processor.py:830} INFO - Processing file /home/airflow/.local/lib/python3.11/site-packages/airflow/example_dags/example_datasets.py for tasks to queue
[2026-03-15T17:50:20.883+0000] {logging_mixin.py:188} INFO - [2026-03-15T17:50:20.883+0000] {dagbag.py:540} INFO - Filling up the DagBag from /home/airflow/.local/lib/python3.11/site-packages/airflow/example_dags/example_datasets.py
[2026-03-15T17:50:20.891+0000] {processor.py:840} INFO - DAG(s) 'dataset_produces_2', 'dataset_produces_1', 'dataset_consumes_1', 'dataset_consumes_1_never_scheduled', 'dataset_consumes_unknown_never_scheduled', 'dataset_consumes_1_and_2' retrieved from /home/airflow/.local/lib/python3.11/site-packages/airflow/example_dags/example_datasets.py
[2026-03-15T17:50:20.903+0000] {logging_mixin.py:188} INFO - [2026-03-15T17:50:20.903+0000] {dag.py:3047} INFO - Sync 6 DAGs
[2026-03-15T17:50:20.919+0000] {logging_mixin.py:188} INFO - [2026-03-15T17:50:20.919+0000] {dag.py:3834} INFO - Setting next_dagrun for dataset_consumes_1 to None, run_after=None
[2026-03-15T17:50:20.922+0000] {logging_mixin.py:188} INFO - [2026-03-15T17:50:20.922+0000] {dag.py:3834} INFO - Setting next_dagrun for dataset_consumes_1_and_2 to None, run_after=None
[2026-03-15T17:50:20.923+0000] {logging_mixin.py:188} INFO - [2026-03-15T17:50:20.923+0000] {dag.py:3834} INFO - Setting next_dagrun for dataset_consumes_1_never_scheduled to None, run_after=None
[2026-03-15T17:50:20.924+0000] {logging_mixin.py:188} INFO - [2026-03-15T17:50:20.924+0000] {dag.py:3834} INFO - Setting next_dagrun for dataset_consumes_unknown_never_scheduled to None, run_after=None
[2026-03-15T17:50:20.926+0000] {logging_mixin.py:188} INFO - [2026-03-15T17:50:20.925+0000] {dag.py:3834} INFO - Setting next_dagrun for dataset_produces_1 to 2026-03-14 00:00:00+00:00, run_after=2026-03-15 00:00:00+00:00
[2026-03-15T17:50:20.926+0000] {logging_mixin.py:188} INFO - [2026-03-15T17:50:20.926+0000] {dag.py:3834} INFO - Setting next_dagrun for dataset_produces_2 to None, run_after=None
[2026-03-15T17:50:20.949+0000] {processor.py:183} INFO - Processing /home/airflow/.local/lib/python3.11/site-packages/airflow/example_dags/example_datasets.py took 0.072 seconds
[2026-03-15T17:50:25.821+0000] {processor.py:161} INFO - Started process (PID=234) to work on /home/airflow/.local/lib/python3.11/site-packages/airflow/example_dags/example_datasets.py
[2026-03-15T17:50:25.822+0000] {processor.py:830} INFO - Processing file /home/airflow/.local/lib/python3.11/site-packages/airflow/example_dags/example_datasets.py for tasks to queue
[2026-03-15T17:50:25.824+0000] {logging_mixin.py:188} INFO - [2026-03-15T17:50:25.824+0000] {dagbag.py:540} INFO - Filling up the DagBag from /home/airflow/.local/lib/python3.11/site-packages/airflow/example_dags/example_datasets.py
[2026-03-15T17:50:25.832+0000] {processor.py:840} INFO - DAG(s) 'dataset_produces_1', 'dataset_consumes_1_and_2', 'dataset_consumes_1', 'dataset_consumes_1_never_scheduled', 'dataset_consumes_unknown_never_scheduled', 'dataset_produces_2' retrieved from /home/airflow/.local/lib/python3.11/site-packages/airflow/example_dags/example_datasets.py
[2026-03-15T17:50:25.843+0000] {logging_mixin.py:188} INFO - [2026-03-15T17:50:25.842+0000] {dag.py:3047} INFO - Sync 6 DAGs
[2026-03-15T17:50:25.861+0000] {logging_mixin.py:188} INFO - [2026-03-15T17:50:25.861+0000] {dag.py:3834} INFO - Setting next_dagrun for dataset_consumes_1 to None, run_after=None
[2026-03-15T17:50:25.864+0000] {logging_mixin.py:188} INFO - [2026-03-15T17:50:25.864+0000] {dag.py:3834} INFO - Setting next_dagrun for dataset_consumes_1_and_2 to None, run_after=None
[2026-03-15T17:50:25.865+0000] {logging_mixin.py:188} INFO - [2026-03-15T17:50:25.865+0000] {dag.py:3834} INFO - Setting next_dagrun for dataset_consumes_1_never_scheduled to None, run_after=None
[2026-03-15T17:50:25.866+0000] {logging_mixin.py:188} INFO - [2026-03-15T17:50:25.866+0000] {dag.py:3834} INFO - Setting next_dagrun for dataset_consumes_unknown_never_scheduled to None, run_after=None
[2026-03-15T17:50:25.868+0000] {logging_mixin.py:188} INFO - [2026-03-15T17:50:25.868+0000] {dag.py:3834} INFO - Setting next_dagrun for dataset_produces_1 to 2026-03-14 00:00:00+00:00, run_after=2026-03-15 00:00:00+00:00
[2026-03-15T17:50:25.870+0000] {logging_mixin.py:188} INFO - [2026-03-15T17:50:25.870+0000] {dag.py:3834} INFO - Setting next_dagrun for dataset_produces_2 to None, run_after=None
[2026-03-15T17:50:25.893+0000] {processor.py:183} INFO - Processing /home/airflow/.local/lib/python3.11/site-packages/airflow/example_dags/example_datasets.py took 0.075 seconds
[2026-03-15T17:50:31.305+0000] {processor.py:161} INFO - Started process (PID=284) to work on /home/airflow/.local/lib/python3.11/site-packages/airflow/example_dags/example_datasets.py
[2026-03-15T17:50:31.306+0000] {processor.py:830} INFO - Processing file /home/airflow/.local/lib/python3.11/site-packages/airflow/example_dags/example_datasets.py for tasks to queue
[2026-03-15T17:50:31.308+0000] {logging_mixin.py:188} INFO - [2026-03-15T17:50:31.308+0000] {dagbag.py:540} INFO - Filling up the DagBag from /home/airflow/.local/lib/python3.11/site-packages/airflow/example_dags/example_datasets.py
[2026-03-15T17:50:31.316+0000] {processor.py:840} INFO - DAG(s) 'dataset_consumes_1', 'dataset_produces_1', 'dataset_produces_2', 'dataset_consumes_1_and_2', 'dataset_consumes_1_never_scheduled', 'dataset_consumes_unknown_never_scheduled' retrieved from /home/airflow/.local/lib/python3.11/site-packages/airflow/example_dags/example_datasets.py
[2026-03-15T17:50:31.331+0000] {logging_mixin.py:188} INFO - [2026-03-15T17:50:31.331+0000] {dag.py:3047} INFO - Sync 6 DAGs
[2026-03-15T17:50:31.350+0000] {logging_mixin.py:188} INFO - [2026-03-15T17:50:31.350+0000] {dag.py:3834} INFO - Setting next_dagrun for dataset_consumes_1 to None, run_after=None
[2026-03-15T17:50:31.353+0000] {logging_mixin.py:188} INFO - [2026-03-15T17:50:31.353+0000] {dag.py:3834} INFO - Setting next_dagrun for dataset_consumes_1_and_2 to None, run_after=None
[2026-03-15T17:50:31.354+0000] {logging_mixin.py:188} INFO - [2026-03-15T17:50:31.354+0000] {dag.py:3834} INFO - Setting next_dagrun for dataset_consumes_1_never_scheduled to None, run_after=None
[2026-03-15T17:50:31.355+0000] {logging_mixin.py:188} INFO - [2026-03-15T17:50:31.355+0000] {dag.py:3834} INFO - Setting next_dagrun for dataset_consumes_unknown_never_scheduled to None, run_after=None
[2026-03-15T17:50:31.357+0000] {logging_mixin.py:188} INFO - [2026-03-15T17:50:31.357+0000] {dag.py:3834} INFO - Setting next_dagrun for dataset_produces_1 to 2026-03-14 00:00:00+00:00, run_after=2026-03-15 00:00:00+00:00
[2026-03-15T17:50:31.358+0000] {logging_mixin.py:188} INFO - [2026-03-15T17:50:31.358+0000] {dag.py:3834} INFO - Setting next_dagrun for dataset_produces_2 to None, run_after=None
[2026-03-15T17:50:31.381+0000] {processor.py:183} INFO - Processing /home/airflow/.local/lib/python3.11/site-packages/airflow/example_dags/example_datasets.py took 0.079 seconds
[2026-03-15T17:51:01.603+0000] {processor.py:161} INFO - Started process (PID=334) to work on /home/airflow/.local/lib/python3.11/site-packages/airflow/example_dags/example_datasets.py
[2026-03-15T17:51:01.604+0000] {processor.py:830} INFO - Processing file /home/airflow/.local/lib/python3.11/site-packages/airflow/example_dags/example_datasets.py for tasks to queue
[2026-03-15T17:51:01.606+0000] {logging_mixin.py:188} INFO - [2026-03-15T17:51:01.606+0000] {dagbag.py:540} INFO - Filling up the DagBag from /home/airflow/.local/lib/python3.11/site-packages/airflow/example_dags/example_datasets.py
[2026-03-15T17:51:01.614+0000] {processor.py:840} INFO - DAG(s) 'dataset_consumes_1', 'dataset_produces_2', 'dataset_produces_1', 'dataset_consumes_1_and_2', 'dataset_consumes_1_never_scheduled', 'dataset_consumes_unknown_never_scheduled' retrieved from /home/airflow/.local/lib/python3.11/site-packages/airflow/example_dags/example_datasets.py
[2026-03-15T17:51:01.638+0000] {logging_mixin.py:188} INFO - [2026-03-15T17:51:01.638+0000] {dag.py:3047} INFO - Sync 6 DAGs
[2026-03-15T17:51:01.656+0000] {logging_mixin.py:188} INFO - [2026-03-15T17:51:01.655+0000] {dag.py:3834} INFO - Setting next_dagrun for dataset_consumes_1 to None, run_after=None
[2026-03-15T17:51:01.659+0000] {logging_mixin.py:188} INFO - [2026-03-15T17:51:01.659+0000] {dag.py:3834} INFO - Setting next_dagrun for dataset_consumes_1_and_2 to None, run_after=None
[2026-03-15T17:51:01.660+0000] {logging_mixin.py:188} INFO - [2026-03-15T17:51:01.660+0000] {dag.py:3834} INFO - Setting next_dagrun for dataset_consumes_1_never_scheduled to None, run_after=None
[2026-03-15T17:51:01.661+0000] {logging_mixin.py:188} INFO - [2026-03-15T17:51:01.661+0000] {dag.py:3834} INFO - Setting next_dagrun for dataset_consumes_unknown_never_scheduled to None, run_after=None
[2026-03-15T17:51:01.663+0000] {logging_mixin.py:188} INFO - [2026-03-15T17:51:01.662+0000] {dag.py:3834} INFO - Setting next_dagrun for dataset_produces_1 to 2026-03-14 00:00:00+00:00, run_after=2026-03-15 00:00:00+00:00
[2026-03-15T17:51:01.664+0000] {logging_mixin.py:188} INFO - [2026-03-15T17:51:01.664+0000] {dag.py:3834} INFO - Setting next_dagrun for dataset_produces_2 to None, run_after=None
[2026-03-15T17:51:01.687+0000] {processor.py:183} INFO - Processing /home/airflow/.local/lib/python3.11/site-packages/airflow/example_dags/example_datasets.py took 0.087 seconds
[2026-03-15T17:51:31.952+0000] {processor.py:161} INFO - Started process (PID=385) to work on /home/airflow/.local/lib/python3.11/site-packages/airflow/example_dags/example_datasets.py
[2026-03-15T17:51:31.954+0000] {processor.py:830} INFO - Processing file /home/airflow/.local/lib/python3.11/site-packages/airflow/example_dags/example_datasets.py for tasks to queue
[2026-03-15T17:51:31.955+0000] {logging_mixin.py:188} INFO - [2026-03-15T17:51:31.955+0000] {dagbag.py:540} INFO - Filling up the DagBag from /home/airflow/.local/lib/python3.11/site-packages/airflow/example_dags/example_datasets.py
[2026-03-15T17:51:31.964+0000] {processor.py:840} INFO - DAG(s) 'dataset_consumes_1_and_2', 'dataset_produces_2', 'dataset_produces_1', 'dataset_consumes_unknown_never_scheduled', 'dataset_consumes_1_never_scheduled', 'dataset_consumes_1' retrieved from /home/airflow/.local/lib/python3.11/site-packages/airflow/example_dags/example_datasets.py
[2026-03-15T17:51:31.989+0000] {logging_mixin.py:188} INFO - [2026-03-15T17:51:31.989+0000] {dag.py:3047} INFO - Sync 6 DAGs
[2026-03-15T17:51:32.007+0000] {logging_mixin.py:188} INFO - [2026-03-15T17:51:32.007+0000] {dag.py:3834} INFO - Setting next_dagrun for dataset_consumes_1 to None, run_after=None
[2026-03-15T17:51:32.010+0000] {logging_mixin.py:188} INFO - [2026-03-15T17:51:32.010+0000] {dag.py:3834} INFO - Setting next_dagrun for dataset_consumes_1_and_2 to None, run_after=None
[2026-03-15T17:51:32.011+0000] {logging_mixin.py:188} INFO - [2026-03-15T17:51:32.011+0000] {dag.py:3834} INFO - Setting next_dagrun for dataset_consumes_1_never_scheduled to None, run_after=None
[2026-03-15T17:51:32.012+0000] {logging_mixin.py:188} INFO - [2026-03-15T17:51:32.012+0000] {dag.py:3834} INFO - Setting next_dagrun for dataset_consumes_unknown_never_scheduled to None, run_after=None
[2026-03-15T17:51:32.014+0000] {logging_mixin.py:188} INFO - [2026-03-15T17:51:32.014+0000] {dag.py:3834} INFO - Setting next_dagrun for dataset_produces_1 to 2026-03-14 00:00:00+00:00, run_after=2026-03-15 00:00:00+00:00
[2026-03-15T17:51:32.015+0000] {logging_mixin.py:188} INFO - [2026-03-15T17:51:32.015+0000] {dag.py:3834} INFO - Setting next_dagrun for dataset_produces_2 to None, run_after=None
[2026-03-15T17:51:32.042+0000] {processor.py:183} INFO - Processing /home/airflow/.local/lib/python3.11/site-packages/airflow/example_dags/example_datasets.py took 0.092 seconds
[2026-03-15T17:51:36.818+0000] {processor.py:161} INFO - Started process (PID=438) to work on /home/airflow/.local/lib/python3.11/site-packages/airflow/example_dags/example_datasets.py
[2026-03-15T17:51:36.820+0000] {processor.py:830} INFO - Processing file /home/airflow/.local/lib/python3.11/site-packages/airflow/example_dags/example_datasets.py for tasks to queue
[2026-03-15T17:51:36.821+0000] {logging_mixin.py:188} INFO - [2026-03-15T17:51:36.821+0000] {dagbag.py:540} INFO - Filling up the DagBag from /home/airflow/.local/lib/python3.11/site-packages/airflow/example_dags/example_datasets.py
[2026-03-15T17:51:36.829+0000] {processor.py:840} INFO - DAG(s) 'dataset_consumes_unknown_never_scheduled', 'dataset_produces_1', 'dataset_consumes_1_never_scheduled', 'dataset_consumes_1_and_2', 'dataset_consumes_1', 'dataset_produces_2' retrieved from /home/airflow/.local/lib/python3.11/site-packages/airflow/example_dags/example_datasets.py
[2026-03-15T17:51:36.857+0000] {logging_mixin.py:188} INFO - [2026-03-15T17:51:36.857+0000] {dag.py:3047} INFO - Sync 6 DAGs
[2026-03-15T17:51:36.874+0000] {logging_mixin.py:188} INFO - [2026-03-15T17:51:36.874+0000] {dag.py:3834} INFO - Setting next_dagrun for dataset_consumes_1 to None, run_after=None
[2026-03-15T17:51:36.878+0000] {logging_mixin.py:188} INFO - [2026-03-15T17:51:36.877+0000] {dag.py:3834} INFO - Setting next_dagrun for dataset_consumes_1_and_2 to None, run_after=None
[2026-03-15T17:51:36.879+0000] {logging_mixin.py:188} INFO - [2026-03-15T17:51:36.879+0000] {dag.py:3834} INFO - Setting next_dagrun for dataset_consumes_1_never_scheduled to None, run_after=None
[2026-03-15T17:51:36.880+0000] {logging_mixin.py:188} INFO - [2026-03-15T17:51:36.880+0000] {dag.py:3834} INFO - Setting next_dagrun for dataset_consumes_unknown_never_scheduled to None, run_after=None
[2026-03-15T17:51:36.882+0000] {logging_mixin.py:188} INFO - [2026-03-15T17:51:36.882+0000] {dag.py:3834} INFO - Setting next_dagrun for dataset_produces_1 to 2026-03-14 00:00:00+00:00, run_after=2026-03-15 00:00:00+00:00
[2026-03-15T17:51:36.883+0000] {logging_mixin.py:188} INFO - [2026-03-15T17:51:36.883+0000] {dag.py:3834} INFO - Setting next_dagrun for dataset_produces_2 to None, run_after=None
[2026-03-15T17:51:36.907+0000] {processor.py:183} INFO - Processing /home/airflow/.local/lib/python3.11/site-packages/airflow/example_dags/example_datasets.py took 0.092 seconds
[2026-03-15T17:51:41.466+0000] {processor.py:161} INFO - Started process (PID=488) to work on /home/airflow/.local/lib/python3.11/site-packages/airflow/example_dags/example_datasets.py
[2026-03-15T17:51:41.467+0000] {processor.py:830} INFO - Processing file /home/airflow/.local/lib/python3.11/site-packages/airflow/example_dags/example_datasets.py for tasks to queue
[2026-03-15T17:51:41.469+0000] {logging_mixin.py:188} INFO - [2026-03-15T17:51:41.469+0000] {dagbag.py:540} INFO - Filling up the DagBag from /home/airflow/.local/lib/python3.11/site-packages/airflow/example_dags/example_datasets.py
[2026-03-15T17:51:41.477+0000] {processor.py:840} INFO - DAG(s) 'dataset_consumes_1_and_2', 'dataset_consumes_1_never_scheduled', 'dataset_produces_1', 'dataset_consumes_1', 'dataset_consumes_unknown_never_scheduled', 'dataset_produces_2' retrieved from /home/airflow/.local/lib/python3.11/site-packages/airflow/example_dags/example_datasets.py
[2026-03-15T17:51:41.501+0000] {logging_mixin.py:188} INFO - [2026-03-15T17:51:41.501+0000] {dag.py:3047} INFO - Sync 6 DAGs
[2026-03-15T17:51:41.518+0000] {logging_mixin.py:188} INFO - [2026-03-15T17:51:41.517+0000] {dag.py:3834} INFO - Setting next_dagrun for dataset_consumes_1 to None, run_after=None
[2026-03-15T17:51:41.520+0000] {logging_mixin.py:188} INFO - [2026-03-15T17:51:41.520+0000] {dag.py:3834} INFO - Setting next_dagrun for dataset_consumes_1_and_2 to None, run_after=None
[2026-03-15T17:51:41.521+0000] {logging_mixin.py:188} INFO - [2026-03-15T17:51:41.521+0000] {dag.py:3834} INFO - Setting next_dagrun for dataset_consumes_1_never_scheduled to None, run_after=None
[2026-03-15T17:51:41.522+0000] {logging_mixin.py:188} INFO - [2026-03-15T17:51:41.522+0000] {dag.py:3834} INFO - Setting next_dagrun for dataset_consumes_unknown_never_scheduled to None, run_after=None
[2026-03-15T17:51:41.524+0000] {logging_mixin.py:188} INFO - [2026-03-15T17:51:41.524+0000] {dag.py:3834} INFO - Setting next_dagrun for dataset_produces_1 to 2026-03-14 00:00:00+00:00, run_after=2026-03-15 00:00:00+00:00
[2026-03-15T17:51:41.525+0000] {logging_mixin.py:188} INFO - [2026-03-15T17:51:41.524+0000] {dag.py:3834} INFO - Setting next_dagrun for dataset_produces_2 to None, run_after=None
[2026-03-15T17:51:41.547+0000] {processor.py:183} INFO - Processing /home/airflow/.local/lib/python3.11/site-packages/airflow/example_dags/example_datasets.py took 0.083 seconds
[2026-03-15T17:52:11.681+0000] {processor.py:161} INFO - Started process (PID=542) to work on /home/airflow/.local/lib/python3.11/site-packages/airflow/example_dags/example_datasets.py
[2026-03-15T17:52:11.682+0000] {processor.py:830} INFO - Processing file /home/airflow/.local/lib/python3.11/site-packages/airflow/example_dags/example_datasets.py for tasks to queue
[2026-03-15T17:52:11.684+0000] {logging_mixin.py:188} INFO - [2026-03-15T17:52:11.683+0000] {dagbag.py:540} INFO - Filling up the DagBag from /home/airflow/.local/lib/python3.11/site-packages/airflow/example_dags/example_datasets.py
[2026-03-15T17:52:11.691+0000] {processor.py:840} INFO - DAG(s) 'dataset_produces_2', 'dataset_consumes_1_and_2', 'dataset_consumes_1', 'dataset_consumes_unknown_never_scheduled', 'dataset_produces_1', 'dataset_consumes_1_never_scheduled' retrieved from /home/airflow/.local/lib/python3.11/site-packages/airflow/example_dags/example_datasets.py
[2026-03-15T17:52:11.715+0000] {logging_mixin.py:188} INFO - [2026-03-15T17:52:11.714+0000] {dag.py:3047} INFO - Sync 6 DAGs
[2026-03-15T17:52:11.729+0000] {logging_mixin.py:188} INFO - [2026-03-15T17:52:11.729+0000] {dag.py:3834} INFO - Setting next_dagrun for dataset_consumes_1 to None, run_after=None
[2026-03-15T17:52:11.732+0000] {logging_mixin.py:188} INFO - [2026-03-15T17:52:11.732+0000] {dag.py:3834} INFO - Setting next_dagrun for dataset_consumes_1_and_2 to None, run_after=None
[2026-03-15T17:52:11.733+0000] {logging_mixin.py:188} INFO - [2026-03-15T17:52:11.733+0000] {dag.py:3834} INFO - Setting next_dagrun for dataset_consumes_1_never_scheduled to None, run_after=None
[2026-03-15T17:52:11.734+0000] {logging_mixin.py:188} INFO - [2026-03-15T17:52:11.734+0000] {dag.py:3834} INFO - Setting next_dagrun for dataset_consumes_unknown_never_scheduled to None, run_after=None
[2026-03-15T17:52:11.735+0000] {logging_mixin.py:188} INFO - [2026-03-15T17:52:11.735+0000] {dag.py:3834} INFO - Setting next_dagrun for dataset_produces_1 to 2026-03-14 00:00:00+00:00, run_after=2026-03-15 00:00:00+00:00
[2026-03-15T17:52:11.736+0000] {logging_mixin.py:188} INFO - [2026-03-15T17:52:11.736+0000] {dag.py:3834} INFO - Setting next_dagrun for dataset_produces_2 to None, run_after=None
[2026-03-15T17:52:11.756+0000] {processor.py:183} INFO - Processing /home/airflow/.local/lib/python3.11/site-packages/airflow/example_dags/example_datasets.py took 0.078 seconds
[2026-03-15T17:52:15.221+0000] {processor.py:161} INFO - Started process (PID=592) to work on /home/airflow/.local/lib/python3.11/site-packages/airflow/example_dags/example_datasets.py
[2026-03-15T17:52:15.222+0000] {processor.py:830} INFO - Processing file /home/airflow/.local/lib/python3.11/site-packages/airflow/example_dags/example_datasets.py for tasks to queue
[2026-03-15T17:52:15.223+0000] {logging_mixin.py:188} INFO - [2026-03-15T17:52:15.223+0000] {dagbag.py:540} INFO - Filling up the DagBag from /home/airflow/.local/lib/python3.11/site-packages/airflow/example_dags/example_datasets.py
[2026-03-15T17:52:15.231+0000] {processor.py:840} INFO - DAG(s) 'dataset_consumes_unknown_never_scheduled', 'dataset_consumes_1_never_scheduled', 'dataset_produces_2', 'dataset_consumes_1_and_2', 'dataset_consumes_1', 'dataset_produces_1' retrieved from /home/airflow/.local/lib/python3.11/site-packages/airflow/example_dags/example_datasets.py
[2026-03-15T17:52:15.255+0000] {logging_mixin.py:188} INFO - [2026-03-15T17:52:15.254+0000] {dag.py:3047} INFO - Sync 6 DAGs
[2026-03-15T17:52:15.269+0000] {logging_mixin.py:188} INFO - [2026-03-15T17:52:15.269+0000] {dag.py:3834} INFO - Setting next_dagrun for dataset_consumes_1 to None, run_after=None
[2026-03-15T17:52:15.272+0000] {logging_mixin.py:188} INFO - [2026-03-15T17:52:15.272+0000] {dag.py:3834} INFO - Setting next_dagrun for dataset_consumes_1_and_2 to None, run_after=None
[2026-03-15T17:52:15.273+0000] {logging_mixin.py:188} INFO - [2026-03-15T17:52:15.273+0000] {dag.py:3834} INFO - Setting next_dagrun for dataset_consumes_1_never_scheduled to None, run_after=None
[2026-03-15T17:52:15.273+0000] {logging_mixin.py:188} INFO - [2026-03-15T17:52:15.273+0000] {dag.py:3834} INFO - Setting next_dagrun for dataset_consumes_unknown_never_scheduled to None, run_after=None
[2026-03-15T17:52:15.275+0000] {logging_mixin.py:188} INFO - [2026-03-15T17:52:15.275+0000] {dag.py:3834} INFO - Setting next_dagrun for dataset_produces_1 to 2026-03-14 00:00:00+00:00, run_after=2026-03-15 00:00:00+00:00
[2026-03-15T17:52:15.276+0000] {logging_mixin.py:188} INFO - [2026-03-15T17:52:15.276+0000] {dag.py:3834} INFO - Setting next_dagrun for dataset_produces_2 to None, run_after=None
[2026-03-15T17:52:15.298+0000] {processor.py:183} INFO - Processing /home/airflow/.local/lib/python3.11/site-packages/airflow/example_dags/example_datasets.py took 0.081 seconds
[2026-03-15T17:52:21.031+0000] {processor.py:161} INFO - Started process (PID=634) to work on /home/airflow/.local/lib/python3.11/site-packages/airflow/example_dags/example_datasets.py
[2026-03-15T17:52:21.032+0000] {processor.py:830} INFO - Processing file /home/airflow/.local/lib/python3.11/site-packages/airflow/example_dags/example_datasets.py for tasks to queue
[2026-03-15T17:52:21.034+0000] {logging_mixin.py:188} INFO - [2026-03-15T17:52:21.034+0000] {dagbag.py:540} INFO - Filling up the DagBag from /home/airflow/.local/lib/python3.11/site-packages/airflow/example_dags/example_datasets.py
[2026-03-15T17:52:21.041+0000] {processor.py:840} INFO - DAG(s) 'dataset_consumes_1_never_scheduled', 'dataset_consumes_1_and_2', 'dataset_produces_2', 'dataset_consumes_1', 'dataset_produces_1', 'dataset_consumes_unknown_never_scheduled' retrieved from /home/airflow/.local/lib/python3.11/site-packages/airflow/example_dags/example_datasets.py
[2026-03-15T17:52:21.064+0000] {logging_mixin.py:188} INFO - [2026-03-15T17:52:21.064+0000] {dag.py:3047} INFO - Sync 6 DAGs
[2026-03-15T17:52:21.080+0000] {logging_mixin.py:188} INFO - [2026-03-15T17:52:21.080+0000] {dag.py:3834} INFO - Setting next_dagrun for dataset_consumes_1 to None, run_after=None
[2026-03-15T17:52:21.083+0000] {logging_mixin.py:188} INFO - [2026-03-15T17:52:21.083+0000] {dag.py:3834} INFO - Setting next_dagrun for dataset_consumes_1_and_2 to None, run_after=None
[2026-03-15T17:52:21.085+0000] {logging_mixin.py:188} INFO - [2026-03-15T17:52:21.085+0000] {dag.py:3834} INFO - Setting next_dagrun for dataset_consumes_1_never_scheduled to None, run_after=None
[2026-03-15T17:52:21.086+0000] {logging_mixin.py:188} INFO - [2026-03-15T17:52:21.085+0000] {dag.py:3834} INFO - Setting next_dagrun for dataset_consumes_unknown_never_scheduled to None, run_after=None
[2026-03-15T17:52:21.087+0000] {logging_mixin.py:188} INFO - [2026-03-15T17:52:21.087+0000] {dag.py:3834} INFO - Setting next_dagrun for dataset_produces_1 to 2026-03-14 00:00:00+00:00, run_after=2026-03-15 00:00:00+00:00
[2026-03-15T17:52:21.088+0000] {logging_mixin.py:188} INFO - [2026-03-15T17:52:21.088+0000] {dag.py:3834} INFO - Setting next_dagrun for dataset_produces_2 to None, run_after=None
[2026-03-15T17:52:21.109+0000] {processor.py:183} INFO - Processing /home/airflow/.local/lib/python3.11/site-packages/airflow/example_dags/example_datasets.py took 0.081 seconds
[2026-03-15T17:52:25.797+0000] {processor.py:161} INFO - Started process (PID=674) to work on /home/airflow/.local/lib/python3.11/site-packages/airflow/example_dags/example_datasets.py
[2026-03-15T17:52:25.798+0000] {processor.py:830} INFO - Processing file /home/airflow/.local/lib/python3.11/site-packages/airflow/example_dags/example_datasets.py for tasks to queue
[2026-03-15T17:52:25.799+0000] {logging_mixin.py:188} INFO - [2026-03-15T17:52:25.799+0000] {dagbag.py:540} INFO - Filling up the DagBag from /home/airflow/.local/lib/python3.11/site-packages/airflow/example_dags/example_datasets.py
[2026-03-15T17:52:25.807+0000] {processor.py:840} INFO - DAG(s) 'dataset_consumes_1_never_scheduled', 'dataset_consumes_1', 'dataset_consumes_1_and_2', 'dataset_consumes_unknown_never_scheduled', 'dataset_produces_2', 'dataset_produces_1' retrieved from /home/airflow/.local/lib/python3.11/site-packages/airflow/example_dags/example_datasets.py
[2026-03-15T17:52:25.834+0000] {logging_mixin.py:188} INFO - [2026-03-15T17:52:25.834+0000] {dag.py:3047} INFO - Sync 6 DAGs
[2026-03-15T17:52:25.852+0000] {logging_mixin.py:188} INFO - [2026-03-15T17:52:25.851+0000] {dag.py:3834} INFO - Setting next_dagrun for dataset_consumes_1 to None, run_after=None
[2026-03-15T17:52:25.854+0000] {logging_mixin.py:188} INFO - [2026-03-15T17:52:25.854+0000] {dag.py:3834} INFO - Setting next_dagrun for dataset_consumes_1_and_2 to None, run_after=None
[2026-03-15T17:52:25.856+0000] {logging_mixin.py:188} INFO - [2026-03-15T17:52:25.856+0000] {dag.py:3834} INFO - Setting next_dagrun for dataset_consumes_1_never_scheduled to None, run_after=None
[2026-03-15T17:52:25.860+0000] {logging_mixin.py:188} INFO - [2026-03-15T17:52:25.859+0000] {dag.py:3834} INFO - Setting next_dagrun for dataset_consumes_unknown_never_scheduled to None, run_after=None
[2026-03-15T17:52:25.862+0000] {logging_mixin.py:188} INFO - [2026-03-15T17:52:25.861+0000] {dag.py:3834} INFO - Setting next_dagrun for dataset_produces_1 to 2026-03-14 00:00:00+00:00, run_after=2026-03-15 00:00:00+00:00
[2026-03-15T17:52:25.863+0000] {logging_mixin.py:188} INFO - [2026-03-15T17:52:25.862+0000] {dag.py:3834} INFO - Setting next_dagrun for dataset_produces_2 to None, run_after=None
[2026-03-15T17:52:25.886+0000] {processor.py:183} INFO - Processing /home/airflow/.local/lib/python3.11/site-packages/airflow/example_dags/example_datasets.py took 0.092 seconds
[2026-03-15T17:53:33.629+0000] {processor.py:161} INFO - Started process (PID=718) to work on /home/airflow/.local/lib/python3.11/site-packages/airflow/example_dags/example_datasets.py
[2026-03-15T17:53:33.630+0000] {processor.py:830} INFO - Processing file /home/airflow/.local/lib/python3.11/site-packages/airflow/example_dags/example_datasets.py for tasks to queue
[2026-03-15T17:53:33.632+0000] {logging_mixin.py:188} INFO - [2026-03-15T17:53:33.632+0000] {dagbag.py:540} INFO - Filling up the DagBag from /home/airflow/.local/lib/python3.11/site-packages/airflow/example_dags/example_datasets.py
[2026-03-15T17:53:33.640+0000] {processor.py:840} INFO - DAG(s) 'dataset_produces_1', 'dataset_consumes_1_never_scheduled', 'dataset_produces_2', 'dataset_consumes_1_and_2', 'dataset_consumes_unknown_never_scheduled', 'dataset_consumes_1' retrieved from /home/airflow/.local/lib/python3.11/site-packages/airflow/example_dags/example_datasets.py
[2026-03-15T17:53:33.665+0000] {logging_mixin.py:188} INFO - [2026-03-15T17:53:33.665+0000] {dag.py:3047} INFO - Sync 6 DAGs
[2026-03-15T17:53:33.681+0000] {logging_mixin.py:188} INFO - [2026-03-15T17:53:33.681+0000] {dag.py:3834} INFO - Setting next_dagrun for dataset_consumes_1 to None, run_after=None
[2026-03-15T17:53:33.685+0000] {logging_mixin.py:188} INFO - [2026-03-15T17:53:33.684+0000] {dag.py:3834} INFO - Setting next_dagrun for dataset_consumes_1_and_2 to None, run_after=None
[2026-03-15T17:53:33.686+0000] {logging_mixin.py:188} INFO - [2026-03-15T17:53:33.685+0000] {dag.py:3834} INFO - Setting next_dagrun for dataset_consumes_1_never_scheduled to None, run_after=None
[2026-03-15T17:53:33.686+0000] {logging_mixin.py:188} INFO - [2026-03-15T17:53:33.686+0000] {dag.py:3834} INFO - Setting next_dagrun for dataset_consumes_unknown_never_scheduled to None, run_after=None
[2026-03-15T17:53:33.688+0000] {logging_mixin.py:188} INFO - [2026-03-15T17:53:33.688+0000] {dag.py:3834} INFO - Setting next_dagrun for dataset_produces_1 to 2026-03-14 00:00:00+00:00, run_after=2026-03-15 00:00:00+00:00
[2026-03-15T17:53:33.689+0000] {logging_mixin.py:188} INFO - [2026-03-15T17:53:33.689+0000] {dag.py:3834} INFO - Setting next_dagrun for dataset_produces_2 to None, run_after=None
[2026-03-15T17:52:44.520+0000] {processor.py:183} INFO - Processing /home/airflow/.local/lib/python3.11/site-packages/airflow/example_dags/example_datasets.py took 0.083 seconds
[2026-03-15T17:53:16.531+0000] {processor.py:161} INFO - Started process (PID=782) to work on /home/airflow/.local/lib/python3.11/site-packages/airflow/example_dags/example_datasets.py
[2026-03-15T17:53:16.532+0000] {processor.py:830} INFO - Processing file /home/airflow/.local/lib/python3.11/site-packages/airflow/example_dags/example_datasets.py for tasks to queue
[2026-03-15T17:53:16.534+0000] {logging_mixin.py:188} INFO - [2026-03-15T17:53:16.534+0000] {dagbag.py:540} INFO - Filling up the DagBag from /home/airflow/.local/lib/python3.11/site-packages/airflow/example_dags/example_datasets.py
[2026-03-15T17:53:16.543+0000] {processor.py:840} INFO - DAG(s) 'dataset_consumes_1', 'dataset_consumes_1_never_scheduled', 'dataset_consumes_1_and_2', 'dataset_consumes_unknown_never_scheduled', 'dataset_produces_2', 'dataset_produces_1' retrieved from /home/airflow/.local/lib/python3.11/site-packages/airflow/example_dags/example_datasets.py
[2026-03-15T17:53:16.567+0000] {logging_mixin.py:188} INFO - [2026-03-15T17:53:16.567+0000] {dag.py:3047} INFO - Sync 6 DAGs
[2026-03-15T17:53:16.583+0000] {logging_mixin.py:188} INFO - [2026-03-15T17:53:16.583+0000] {dag.py:3834} INFO - Setting next_dagrun for dataset_consumes_1 to None, run_after=None
[2026-03-15T17:53:16.586+0000] {logging_mixin.py:188} INFO - [2026-03-15T17:53:16.586+0000] {dag.py:3834} INFO - Setting next_dagrun for dataset_consumes_1_and_2 to None, run_after=None
[2026-03-15T17:53:16.587+0000] {logging_mixin.py:188} INFO - [2026-03-15T17:53:16.587+0000] {dag.py:3834} INFO - Setting next_dagrun for dataset_consumes_1_never_scheduled to None, run_after=None
[2026-03-15T17:53:16.588+0000] {logging_mixin.py:188} INFO - [2026-03-15T17:53:16.587+0000] {dag.py:3834} INFO - Setting next_dagrun for dataset_consumes_unknown_never_scheduled to None, run_after=None
[2026-03-15T17:53:16.590+0000] {logging_mixin.py:188} INFO - [2026-03-15T17:53:16.590+0000] {dag.py:3834} INFO - Setting next_dagrun for dataset_produces_1 to 2026-03-14 00:00:00+00:00, run_after=2026-03-15 00:00:00+00:00
[2026-03-15T17:53:16.591+0000] {logging_mixin.py:188} INFO - [2026-03-15T17:53:16.591+0000] {dag.py:3834} INFO - Setting next_dagrun for dataset_produces_2 to None, run_after=None
[2026-03-15T17:53:16.613+0000] {processor.py:183} INFO - Processing /home/airflow/.local/lib/python3.11/site-packages/airflow/example_dags/example_datasets.py took 0.085 seconds
[2026-03-15T17:53:47.453+0000] {processor.py:161} INFO - Started process (PID=832) to work on /home/airflow/.local/lib/python3.11/site-packages/airflow/example_dags/example_datasets.py
[2026-03-15T17:53:47.453+0000] {processor.py:830} INFO - Processing file /home/airflow/.local/lib/python3.11/site-packages/airflow/example_dags/example_datasets.py for tasks to queue
[2026-03-15T17:53:47.455+0000] {logging_mixin.py:188} INFO - [2026-03-15T17:53:47.455+0000] {dagbag.py:540} INFO - Filling up the DagBag from /home/airflow/.local/lib/python3.11/site-packages/airflow/example_dags/example_datasets.py
[2026-03-15T17:53:47.463+0000] {processor.py:840} INFO - DAG(s) 'dataset_consumes_unknown_never_scheduled', 'dataset_consumes_1_never_scheduled', 'dataset_consumes_1_and_2', 'dataset_produces_2', 'dataset_consumes_1', 'dataset_produces_1' retrieved from /home/airflow/.local/lib/python3.11/site-packages/airflow/example_dags/example_datasets.py
[2026-03-15T17:53:47.486+0000] {logging_mixin.py:188} INFO - [2026-03-15T17:53:47.486+0000] {dag.py:3047} INFO - Sync 6 DAGs
[2026-03-15T17:53:47.501+0000] {logging_mixin.py:188} INFO - [2026-03-15T17:53:47.501+0000] {dag.py:3834} INFO - Setting next_dagrun for dataset_consumes_1 to None, run_after=None
[2026-03-15T17:53:47.504+0000] {logging_mixin.py:188} INFO - [2026-03-15T17:53:47.504+0000] {dag.py:3834} INFO - Setting next_dagrun for dataset_consumes_1_and_2 to None, run_after=None
[2026-03-15T17:53:47.505+0000] {logging_mixin.py:188} INFO - [2026-03-15T17:53:47.505+0000] {dag.py:3834} INFO - Setting next_dagrun for dataset_consumes_1_never_scheduled to None, run_after=None
[2026-03-15T17:53:47.506+0000] {logging_mixin.py:188} INFO - [2026-03-15T17:53:47.506+0000] {dag.py:3834} INFO - Setting next_dagrun for dataset_consumes_unknown_never_scheduled to None, run_after=None
[2026-03-15T17:53:47.508+0000] {logging_mixin.py:188} INFO - [2026-03-15T17:53:47.508+0000] {dag.py:3834} INFO - Setting next_dagrun for dataset_produces_1 to 2026-03-14 00:00:00+00:00, run_after=2026-03-15 00:00:00+00:00
[2026-03-15T17:53:47.509+0000] {logging_mixin.py:188} INFO - [2026-03-15T17:53:47.509+0000] {dag.py:3834} INFO - Setting next_dagrun for dataset_produces_2 to None, run_after=None
[2026-03-15T17:53:47.530+0000] {processor.py:183} INFO - Processing /home/airflow/.local/lib/python3.11/site-packages/airflow/example_dags/example_datasets.py took 0.081 seconds
[2026-03-15T17:54:17.903+0000] {processor.py:161} INFO - Started process (PID=890) to work on /home/airflow/.local/lib/python3.11/site-packages/airflow/example_dags/example_datasets.py
[2026-03-15T17:54:17.904+0000] {processor.py:830} INFO - Processing file /home/airflow/.local/lib/python3.11/site-packages/airflow/example_dags/example_datasets.py for tasks to queue
[2026-03-15T17:54:17.906+0000] {logging_mixin.py:188} INFO - [2026-03-15T17:54:17.906+0000] {dagbag.py:540} INFO - Filling up the DagBag from /home/airflow/.local/lib/python3.11/site-packages/airflow/example_dags/example_datasets.py
[2026-03-15T17:54:17.914+0000] {processor.py:840} INFO - DAG(s) 'dataset_consumes_1_never_scheduled', 'dataset_consumes_1', 'dataset_consumes_unknown_never_scheduled', 'dataset_produces_1', 'dataset_produces_2', 'dataset_consumes_1_and_2' retrieved from /home/airflow/.local/lib/python3.11/site-packages/airflow/example_dags/example_datasets.py
[2026-03-15T17:54:17.939+0000] {logging_mixin.py:188} INFO - [2026-03-15T17:54:17.938+0000] {dag.py:3047} INFO - Sync 6 DAGs
[2026-03-15T17:54:17.954+0000] {logging_mixin.py:188} INFO - [2026-03-15T17:54:17.954+0000] {dag.py:3834} INFO - Setting next_dagrun for dataset_consumes_1 to None, run_after=None
[2026-03-15T17:54:17.957+0000] {logging_mixin.py:188} INFO - [2026-03-15T17:54:17.956+0000] {dag.py:3834} INFO - Setting next_dagrun for dataset_consumes_1_and_2 to None, run_after=None
[2026-03-15T17:54:17.958+0000] {logging_mixin.py:188} INFO - [2026-03-15T17:54:17.957+0000] {dag.py:3834} INFO - Setting next_dagrun for dataset_consumes_1_never_scheduled to None, run_after=None
[2026-03-15T17:54:17.958+0000] {logging_mixin.py:188} INFO - [2026-03-15T17:54:17.958+0000] {dag.py:3834} INFO - Setting next_dagrun for dataset_consumes_unknown_never_scheduled to None, run_after=None
[2026-03-15T17:54:17.960+0000] {logging_mixin.py:188} INFO - [2026-03-15T17:54:17.960+0000] {dag.py:3834} INFO - Setting next_dagrun for dataset_produces_1 to 2026-03-14 00:00:00+00:00, run_after=2026-03-15 00:00:00+00:00
[2026-03-15T17:54:17.961+0000] {logging_mixin.py:188} INFO - [2026-03-15T17:54:17.961+0000] {dag.py:3834} INFO - Setting next_dagrun for dataset_produces_2 to None, run_after=None
[2026-03-15T17:54:17.984+0000] {processor.py:183} INFO - Processing /home/airflow/.local/lib/python3.11/site-packages/airflow/example_dags/example_datasets.py took 0.083 seconds
[2026-03-15T17:54:23.111+0000] {processor.py:161} INFO - Started process (PID=935) to work on /home/airflow/.local/lib/python3.11/site-packages/airflow/example_dags/example_datasets.py
[2026-03-15T17:54:23.112+0000] {processor.py:830} INFO - Processing file /home/airflow/.local/lib/python3.11/site-packages/airflow/example_dags/example_datasets.py for tasks to queue
[2026-03-15T17:54:23.114+0000] {logging_mixin.py:188} INFO - [2026-03-15T17:54:23.113+0000] {dagbag.py:540} INFO - Filling up the DagBag from /home/airflow/.local/lib/python3.11/site-packages/airflow/example_dags/example_datasets.py
[2026-03-15T17:54:23.121+0000] {processor.py:840} INFO - DAG(s) 'dataset_consumes_1', 'dataset_consumes_1_and_2', 'dataset_produces_1', 'dataset_produces_2', 'dataset_consumes_unknown_never_scheduled', 'dataset_consumes_1_never_scheduled' retrieved from /home/airflow/.local/lib/python3.11/site-packages/airflow/example_dags/example_datasets.py
[2026-03-15T17:54:23.146+0000] {logging_mixin.py:188} INFO - [2026-03-15T17:54:23.146+0000] {dag.py:3047} INFO - Sync 6 DAGs
[2026-03-15T17:54:23.162+0000] {logging_mixin.py:188} INFO - [2026-03-15T17:54:23.162+0000] {dag.py:3834} INFO - Setting next_dagrun for dataset_consumes_1 to None, run_after=None
[2026-03-15T17:54:23.164+0000] {logging_mixin.py:188} INFO - [2026-03-15T17:54:23.164+0000] {dag.py:3834} INFO - Setting next_dagrun for dataset_consumes_1_and_2 to None, run_after=None
[2026-03-15T17:54:23.165+0000] {logging_mixin.py:188} INFO - [2026-03-15T17:54:23.165+0000] {dag.py:3834} INFO - Setting next_dagrun for dataset_consumes_1_never_scheduled to None, run_after=None
[2026-03-15T17:54:23.166+0000] {logging_mixin.py:188} INFO - [2026-03-15T17:54:23.166+0000] {dag.py:3834} INFO - Setting next_dagrun for dataset_consumes_unknown_never_scheduled to None, run_after=None
[2026-03-15T17:54:23.168+0000] {logging_mixin.py:188} INFO - [2026-03-15T17:54:23.168+0000] {dag.py:3834} INFO - Setting next_dagrun for dataset_produces_1 to 2026-03-14 00:00:00+00:00, run_after=2026-03-15 00:00:00+00:00
[2026-03-15T17:54:23.169+0000] {logging_mixin.py:188} INFO - [2026-03-15T17:54:23.169+0000] {dag.py:3834} INFO - Setting next_dagrun for dataset_produces_2 to None, run_after=None
[2026-03-15T17:54:23.190+0000] {processor.py:183} INFO - Processing /home/airflow/.local/lib/python3.11/site-packages/airflow/example_dags/example_datasets.py took 0.082 seconds
[2026-03-15T17:54:53.396+0000] {processor.py:161} INFO - Started process (PID=984) to work on /home/airflow/.local/lib/python3.11/site-packages/airflow/example_dags/example_datasets.py
[2026-03-15T17:54:53.397+0000] {processor.py:830} INFO - Processing file /home/airflow/.local/lib/python3.11/site-packages/airflow/example_dags/example_datasets.py for tasks to queue
[2026-03-15T17:54:53.399+0000] {logging_mixin.py:188} INFO - [2026-03-15T17:54:53.399+0000] {dagbag.py:540} INFO - Filling up the DagBag from /home/airflow/.local/lib/python3.11/site-packages/airflow/example_dags/example_datasets.py
[2026-03-15T17:54:53.407+0000] {processor.py:840} INFO - DAG(s) 'dataset_produces_1', 'dataset_consumes_1_never_scheduled', 'dataset_produces_2', 'dataset_consumes_1', 'dataset_consumes_1_and_2', 'dataset_consumes_unknown_never_scheduled' retrieved from /home/airflow/.local/lib/python3.11/site-packages/airflow/example_dags/example_datasets.py
[2026-03-15T17:54:53.431+0000] {logging_mixin.py:188} INFO - [2026-03-15T17:54:53.431+0000] {dag.py:3047} INFO - Sync 6 DAGs
[2026-03-15T17:54:53.447+0000] {logging_mixin.py:188} INFO - [2026-03-15T17:54:53.447+0000] {dag.py:3834} INFO - Setting next_dagrun for dataset_consumes_1 to None, run_after=None
[2026-03-15T17:54:53.450+0000] {logging_mixin.py:188} INFO - [2026-03-15T17:54:53.450+0000] {dag.py:3834} INFO - Setting next_dagrun for dataset_consumes_1_and_2 to None, run_after=None
[2026-03-15T17:54:53.451+0000] {logging_mixin.py:188} INFO - [2026-03-15T17:54:53.451+0000] {dag.py:3834} INFO - Setting next_dagrun for dataset_consumes_1_never_scheduled to None, run_after=None
[2026-03-15T17:54:53.452+0000] {logging_mixin.py:188} INFO - [2026-03-15T17:54:53.452+0000] {dag.py:3834} INFO - Setting next_dagrun for dataset_consumes_unknown_never_scheduled to None, run_after=None
[2026-03-15T17:54:53.454+0000] {logging_mixin.py:188} INFO - [2026-03-15T17:54:53.454+0000] {dag.py:3834} INFO - Setting next_dagrun for dataset_produces_1 to 2026-03-14 00:00:00+00:00, run_after=2026-03-15 00:00:00+00:00
[2026-03-15T17:54:53.455+0000] {logging_mixin.py:188} INFO - [2026-03-15T17:54:53.455+0000] {dag.py:3834} INFO - Setting next_dagrun for dataset_produces_2 to None, run_after=None
[2026-03-15T17:54:53.478+0000] {processor.py:183} INFO - Processing /home/airflow/.local/lib/python3.11/site-packages/airflow/example_dags/example_datasets.py took 0.085 seconds
[2026-03-15T17:54:58.775+0000] {processor.py:161} INFO - Started process (PID=1034) to work on /home/airflow/.local/lib/python3.11/site-packages/airflow/example_dags/example_datasets.py
[2026-03-15T17:54:58.776+0000] {processor.py:830} INFO - Processing file /home/airflow/.local/lib/python3.11/site-packages/airflow/example_dags/example_datasets.py for tasks to queue
[2026-03-15T17:54:58.778+0000] {logging_mixin.py:188} INFO - [2026-03-15T17:54:58.777+0000] {dagbag.py:540} INFO - Filling up the DagBag from /home/airflow/.local/lib/python3.11/site-packages/airflow/example_dags/example_datasets.py
[2026-03-15T17:54:58.789+0000] {processor.py:840} INFO - DAG(s) 'dataset_consumes_1_and_2', 'dataset_consumes_unknown_never_scheduled', 'dataset_produces_1', 'dataset_consumes_1', 'dataset_produces_2', 'dataset_consumes_1_never_scheduled' retrieved from /home/airflow/.local/lib/python3.11/site-packages/airflow/example_dags/example_datasets.py
[2026-03-15T17:54:58.818+0000] {logging_mixin.py:188} INFO - [2026-03-15T17:54:58.818+0000] {dag.py:3047} INFO - Sync 6 DAGs
[2026-03-15T17:54:58.838+0000] {logging_mixin.py:188} INFO - [2026-03-15T17:54:58.838+0000] {dag.py:3834} INFO - Setting next_dagrun for dataset_consumes_1 to None, run_after=None
[2026-03-15T17:54:58.842+0000] {logging_mixin.py:188} INFO - [2026-03-15T17:54:58.842+0000] {dag.py:3834} INFO - Setting next_dagrun for dataset_consumes_1_and_2 to None, run_after=None
[2026-03-15T17:54:58.843+0000] {logging_mixin.py:188} INFO - [2026-03-15T17:54:58.843+0000] {dag.py:3834} INFO - Setting next_dagrun for dataset_consumes_1_never_scheduled to None, run_after=None
[2026-03-15T17:54:58.844+0000] {logging_mixin.py:188} INFO - [2026-03-15T17:54:58.844+0000] {dag.py:3834} INFO - Setting next_dagrun for dataset_consumes_unknown_never_scheduled to None, run_after=None
[2026-03-15T17:54:58.846+0000] {logging_mixin.py:188} INFO - [2026-03-15T17:54:58.846+0000] {dag.py:3834} INFO - Setting next_dagrun for dataset_produces_1 to 2026-03-14 00:00:00+00:00, run_after=2026-03-15 00:00:00+00:00
[2026-03-15T17:54:58.847+0000] {logging_mixin.py:188} INFO - [2026-03-15T17:54:58.847+0000] {dag.py:3834} INFO - Setting next_dagrun for dataset_produces_2 to None, run_after=None
[2026-03-15T17:54:58.871+0000] {processor.py:183} INFO - Processing /home/airflow/.local/lib/python3.11/site-packages/airflow/example_dags/example_datasets.py took 0.101 seconds
[2026-03-15T17:55:03.437+0000] {processor.py:161} INFO - Started process (PID=1088) to work on /home/airflow/.local/lib/python3.11/site-packages/airflow/example_dags/example_datasets.py
[2026-03-15T17:55:03.438+0000] {processor.py:830} INFO - Processing file /home/airflow/.local/lib/python3.11/site-packages/airflow/example_dags/example_datasets.py for tasks to queue
[2026-03-15T17:55:03.441+0000] {logging_mixin.py:188} INFO - [2026-03-15T17:55:03.440+0000] {dagbag.py:540} INFO - Filling up the DagBag from /home/airflow/.local/lib/python3.11/site-packages/airflow/example_dags/example_datasets.py
[2026-03-15T17:55:03.453+0000] {processor.py:840} INFO - DAG(s) 'dataset_consumes_1_and_2', 'dataset_consumes_unknown_never_scheduled', 'dataset_consumes_1_never_scheduled', 'dataset_produces_1', 'dataset_produces_2', 'dataset_consumes_1' retrieved from /home/airflow/.local/lib/python3.11/site-packages/airflow/example_dags/example_datasets.py
[2026-03-15T17:55:03.488+0000] {logging_mixin.py:188} INFO - [2026-03-15T17:55:03.488+0000] {dag.py:3047} INFO - Sync 6 DAGs
[2026-03-15T17:55:03.508+0000] {logging_mixin.py:188} INFO - [2026-03-15T17:55:03.507+0000] {dag.py:3834} INFO - Setting next_dagrun for dataset_consumes_1 to None, run_after=None
[2026-03-15T17:55:03.511+0000] {logging_mixin.py:188} INFO - [2026-03-15T17:55:03.511+0000] {dag.py:3834} INFO - Setting next_dagrun for dataset_consumes_1_and_2 to None, run_after=None
[2026-03-15T17:55:03.512+0000] {logging_mixin.py:188} INFO - [2026-03-15T17:55:03.512+0000] {dag.py:3834} INFO - Setting next_dagrun for dataset_consumes_1_never_scheduled to None, run_after=None
[2026-03-15T17:55:03.513+0000] {logging_mixin.py:188} INFO - [2026-03-15T17:55:03.513+0000] {dag.py:3834} INFO - Setting next_dagrun for dataset_consumes_unknown_never_scheduled to None, run_after=None
[2026-03-15T17:55:03.515+0000] {logging_mixin.py:188} INFO - [2026-03-15T17:55:03.515+0000] {dag.py:3834} INFO - Setting next_dagrun for dataset_produces_1 to 2026-03-14 00:00:00+00:00, run_after=2026-03-15 00:00:00+00:00
[2026-03-15T17:55:03.517+0000] {logging_mixin.py:188} INFO - [2026-03-15T17:55:03.517+0000] {dag.py:3834} INFO - Setting next_dagrun for dataset_produces_2 to None, run_after=None
[2026-03-15T17:55:03.543+0000] {processor.py:183} INFO - Processing /home/airflow/.local/lib/python3.11/site-packages/airflow/example_dags/example_datasets.py took 0.109 seconds
[2026-03-15T17:55:15.696+0000] {processor.py:161} INFO - Started process (PID=1134) to work on /home/airflow/.local/lib/python3.11/site-packages/airflow/example_dags/example_datasets.py
[2026-03-15T17:55:15.697+0000] {processor.py:830} INFO - Processing file /home/airflow/.local/lib/python3.11/site-packages/airflow/example_dags/example_datasets.py for tasks to queue
[2026-03-15T17:55:15.699+0000] {logging_mixin.py:188} INFO - [2026-03-15T17:55:15.699+0000] {dagbag.py:540} INFO - Filling up the DagBag from /home/airflow/.local/lib/python3.11/site-packages/airflow/example_dags/example_datasets.py
[2026-03-15T17:55:15.707+0000] {processor.py:840} INFO - DAG(s) 'dataset_consumes_unknown_never_scheduled', 'dataset_consumes_1_and_2', 'dataset_consumes_1', 'dataset_produces_2', 'dataset_consumes_1_never_scheduled', 'dataset_produces_1' retrieved from /home/airflow/.local/lib/python3.11/site-packages/airflow/example_dags/example_datasets.py
[2026-03-15T17:55:15.733+0000] {logging_mixin.py:188} INFO - [2026-03-15T17:55:15.733+0000] {dag.py:3047} INFO - Sync 6 DAGs
[2026-03-15T17:55:15.751+0000] {logging_mixin.py:188} INFO - [2026-03-15T17:55:15.751+0000] {dag.py:3834} INFO - Setting next_dagrun for dataset_consumes_1 to None, run_after=None
[2026-03-15T17:55:15.754+0000] {logging_mixin.py:188} INFO - [2026-03-15T17:55:15.754+0000] {dag.py:3834} INFO - Setting next_dagrun for dataset_consumes_1_and_2 to None, run_after=None
[2026-03-15T17:55:15.755+0000] {logging_mixin.py:188} INFO - [2026-03-15T17:55:15.755+0000] {dag.py:3834} INFO - Setting next_dagrun for dataset_consumes_1_never_scheduled to None, run_after=None
[2026-03-15T17:55:15.756+0000] {logging_mixin.py:188} INFO - [2026-03-15T17:55:15.756+0000] {dag.py:3834} INFO - Setting next_dagrun for dataset_consumes_unknown_never_scheduled to None, run_after=None
[2026-03-15T17:55:15.758+0000] {logging_mixin.py:188} INFO - [2026-03-15T17:55:15.758+0000] {dag.py:3834} INFO - Setting next_dagrun for dataset_produces_1 to 2026-03-14 00:00:00+00:00, run_after=2026-03-15 00:00:00+00:00
[2026-03-15T17:55:15.759+0000] {logging_mixin.py:188} INFO - [2026-03-15T17:55:15.759+0000] {dag.py:3834} INFO - Setting next_dagrun for dataset_produces_2 to None, run_after=None
[2026-03-15T17:55:15.786+0000] {processor.py:183} INFO - Processing /home/airflow/.local/lib/python3.11/site-packages/airflow/example_dags/example_datasets.py took 0.093 seconds
[2026-03-15T17:55:18.244+0000] {processor.py:161} INFO - Started process (PID=1178) to work on /home/airflow/.local/lib/python3.11/site-packages/airflow/example_dags/example_datasets.py
[2026-03-15T17:55:18.245+0000] {processor.py:830} INFO - Processing file /home/airflow/.local/lib/python3.11/site-packages/airflow/example_dags/example_datasets.py for tasks to queue
[2026-03-15T17:55:18.247+0000] {logging_mixin.py:188} INFO - [2026-03-15T17:55:18.246+0000] {dagbag.py:540} INFO - Filling up the DagBag from /home/airflow/.local/lib/python3.11/site-packages/airflow/example_dags/example_datasets.py
[2026-03-15T17:55:18.255+0000] {processor.py:840} INFO - DAG(s) 'dataset_consumes_1_never_scheduled', 'dataset_consumes_1_and_2', 'dataset_consumes_unknown_never_scheduled', 'dataset_consumes_1', 'dataset_produces_2', 'dataset_produces_1' retrieved from /home/airflow/.local/lib/python3.11/site-packages/airflow/example_dags/example_datasets.py
[2026-03-15T17:55:18.279+0000] {logging_mixin.py:188} INFO - [2026-03-15T17:55:18.279+0000] {dag.py:3047} INFO - Sync 6 DAGs
[2026-03-15T17:55:18.294+0000] {logging_mixin.py:188} INFO - [2026-03-15T17:55:18.294+0000] {dag.py:3834} INFO - Setting next_dagrun for dataset_consumes_1 to None, run_after=None
[2026-03-15T17:55:18.298+0000] {logging_mixin.py:188} INFO - [2026-03-15T17:55:18.297+0000] {dag.py:3834} INFO - Setting next_dagrun for dataset_consumes_1_and_2 to None, run_after=None
[2026-03-15T17:55:18.299+0000] {logging_mixin.py:188} INFO - [2026-03-15T17:55:18.299+0000] {dag.py:3834} INFO - Setting next_dagrun for dataset_consumes_1_never_scheduled to None, run_after=None
[2026-03-15T17:55:18.301+0000] {logging_mixin.py:188} INFO - [2026-03-15T17:55:18.301+0000] {dag.py:3834} INFO - Setting next_dagrun for dataset_consumes_unknown_never_scheduled to None, run_after=None
[2026-03-15T17:55:18.304+0000] {logging_mixin.py:188} INFO - [2026-03-15T17:55:18.304+0000] {dag.py:3834} INFO - Setting next_dagrun for dataset_produces_1 to 2026-03-14 00:00:00+00:00, run_after=2026-03-15 00:00:00+00:00
[2026-03-15T17:55:18.306+0000] {logging_mixin.py:188} INFO - [2026-03-15T17:55:18.306+0000] {dag.py:3834} INFO - Setting next_dagrun for dataset_produces_2 to None, run_after=None
[2026-03-15T17:55:18.329+0000] {processor.py:183} INFO - Processing /home/airflow/.local/lib/python3.11/site-packages/airflow/example_dags/example_datasets.py took 0.088 seconds
[2026-03-15T17:55:49.075+0000] {processor.py:161} INFO - Started process (PID=1226) to work on /home/airflow/.local/lib/python3.11/site-packages/airflow/example_dags/example_datasets.py
[2026-03-15T17:55:49.076+0000] {processor.py:830} INFO - Processing file /home/airflow/.local/lib/python3.11/site-packages/airflow/example_dags/example_datasets.py for tasks to queue
[2026-03-15T17:55:49.079+0000] {logging_mixin.py:188} INFO - [2026-03-15T17:55:49.078+0000] {dagbag.py:540} INFO - Filling up the DagBag from /home/airflow/.local/lib/python3.11/site-packages/airflow/example_dags/example_datasets.py
[2026-03-15T17:55:49.087+0000] {processor.py:840} INFO - DAG(s) 'dataset_consumes_unknown_never_scheduled', 'dataset_consumes_1_and_2', 'dataset_consumes_1_never_scheduled', 'dataset_produces_2', 'dataset_produces_1', 'dataset_consumes_1' retrieved from /home/airflow/.local/lib/python3.11/site-packages/airflow/example_dags/example_datasets.py
[2026-03-15T17:55:49.120+0000] {logging_mixin.py:188} INFO - [2026-03-15T17:55:49.120+0000] {dag.py:3047} INFO - Sync 6 DAGs
[2026-03-15T17:55:49.139+0000] {logging_mixin.py:188} INFO - [2026-03-15T17:55:49.139+0000] {dag.py:3834} INFO - Setting next_dagrun for dataset_consumes_1 to None, run_after=None
[2026-03-15T17:55:49.143+0000] {logging_mixin.py:188} INFO - [2026-03-15T17:55:49.142+0000] {dag.py:3834} INFO - Setting next_dagrun for dataset_consumes_1_and_2 to None, run_after=None
[2026-03-15T17:55:49.145+0000] {logging_mixin.py:188} INFO - [2026-03-15T17:55:49.144+0000] {dag.py:3834} INFO - Setting next_dagrun for dataset_consumes_1_never_scheduled to None, run_after=None
[2026-03-15T17:55:49.146+0000] {logging_mixin.py:188} INFO - [2026-03-15T17:55:49.146+0000] {dag.py:3834} INFO - Setting next_dagrun for dataset_consumes_unknown_never_scheduled to None, run_after=None
[2026-03-15T17:55:49.148+0000] {logging_mixin.py:188} INFO - [2026-03-15T17:55:49.148+0000] {dag.py:3834} INFO - Setting next_dagrun for dataset_produces_1 to 2026-03-14 00:00:00+00:00, run_after=2026-03-15 00:00:00+00:00
[2026-03-15T17:55:49.149+0000] {logging_mixin.py:188} INFO - [2026-03-15T17:55:49.149+0000] {dag.py:3834} INFO - Setting next_dagrun for dataset_produces_2 to None, run_after=None
[2026-03-15T17:55:49.177+0000] {processor.py:183} INFO - Processing /home/airflow/.local/lib/python3.11/site-packages/airflow/example_dags/example_datasets.py took 0.106 seconds
[2026-03-15T17:55:53.727+0000] {processor.py:161} INFO - Started process (PID=1274) to work on /home/airflow/.local/lib/python3.11/site-packages/airflow/example_dags/example_datasets.py
[2026-03-15T17:55:53.729+0000] {processor.py:830} INFO - Processing file /home/airflow/.local/lib/python3.11/site-packages/airflow/example_dags/example_datasets.py for tasks to queue
[2026-03-15T17:55:53.731+0000] {logging_mixin.py:188} INFO - [2026-03-15T17:55:53.731+0000] {dagbag.py:540} INFO - Filling up the DagBag from /home/airflow/.local/lib/python3.11/site-packages/airflow/example_dags/example_datasets.py
[2026-03-15T17:55:53.740+0000] {processor.py:840} INFO - DAG(s) 'dataset_consumes_1_never_scheduled', 'dataset_consumes_1_and_2', 'dataset_consumes_1', 'dataset_produces_2', 'dataset_consumes_unknown_never_scheduled', 'dataset_produces_1' retrieved from /home/airflow/.local/lib/python3.11/site-packages/airflow/example_dags/example_datasets.py
[2026-03-15T17:55:53.769+0000] {logging_mixin.py:188} INFO - [2026-03-15T17:55:53.767+0000] {dag.py:3047} INFO - Sync 6 DAGs
[2026-03-15T17:55:53.794+0000] {logging_mixin.py:188} INFO - [2026-03-15T17:55:53.793+0000] {dag.py:3834} INFO - Setting next_dagrun for dataset_consumes_1 to None, run_after=None
[2026-03-15T17:55:53.798+0000] {logging_mixin.py:188} INFO - [2026-03-15T17:55:53.798+0000] {dag.py:3834} INFO - Setting next_dagrun for dataset_consumes_1_and_2 to None, run_after=None
[2026-03-15T17:55:53.799+0000] {logging_mixin.py:188} INFO - [2026-03-15T17:55:53.799+0000] {dag.py:3834} INFO - Setting next_dagrun for dataset_consumes_1_never_scheduled to None, run_after=None
[2026-03-15T17:55:53.800+0000] {logging_mixin.py:188} INFO - [2026-03-15T17:55:53.800+0000] {dag.py:3834} INFO - Setting next_dagrun for dataset_consumes_unknown_never_scheduled to None, run_after=None
[2026-03-15T17:55:53.802+0000] {logging_mixin.py:188} INFO - [2026-03-15T17:55:53.802+0000] {dag.py:3834} INFO - Setting next_dagrun for dataset_produces_1 to 2026-03-14 00:00:00+00:00, run_after=2026-03-15 00:00:00+00:00
[2026-03-15T17:55:53.803+0000] {logging_mixin.py:188} INFO - [2026-03-15T17:55:53.803+0000] {dag.py:3834} INFO - Setting next_dagrun for dataset_produces_2 to None, run_after=None
[2026-03-15T17:55:53.825+0000] {processor.py:183} INFO - Processing /home/airflow/.local/lib/python3.11/site-packages/airflow/example_dags/example_datasets.py took 0.101 seconds
[2026-03-15T17:55:58.262+0000] {processor.py:161} INFO - Started process (PID=1322) to work on /home/airflow/.local/lib/python3.11/site-packages/airflow/example_dags/example_datasets.py
[2026-03-15T17:55:58.264+0000] {processor.py:830} INFO - Processing file /home/airflow/.local/lib/python3.11/site-packages/airflow/example_dags/example_datasets.py for tasks to queue
[2026-03-15T17:55:58.266+0000] {logging_mixin.py:188} INFO - [2026-03-15T17:55:58.266+0000] {dagbag.py:540} INFO - Filling up the DagBag from /home/airflow/.local/lib/python3.11/site-packages/airflow/example_dags/example_datasets.py
[2026-03-15T17:55:58.275+0000] {processor.py:840} INFO - DAG(s) 'dataset_produces_1', 'dataset_consumes_1_and_2', 'dataset_produces_2', 'dataset_consumes_1', 'dataset_consumes_unknown_never_scheduled', 'dataset_consumes_1_never_scheduled' retrieved from /home/airflow/.local/lib/python3.11/site-packages/airflow/example_dags/example_datasets.py
[2026-03-15T17:55:58.304+0000] {logging_mixin.py:188} INFO - [2026-03-15T17:55:58.304+0000] {dag.py:3047} INFO - Sync 6 DAGs
[2026-03-15T17:55:58.321+0000] {logging_mixin.py:188} INFO - [2026-03-15T17:55:58.320+0000] {dag.py:3834} INFO - Setting next_dagrun for dataset_consumes_1 to None, run_after=None
[2026-03-15T17:55:58.324+0000] {logging_mixin.py:188} INFO - [2026-03-15T17:55:58.324+0000] {dag.py:3834} INFO - Setting next_dagrun for dataset_consumes_1_and_2 to None, run_after=None
[2026-03-15T17:55:58.325+0000] {logging_mixin.py:188} INFO - [2026-03-15T17:55:58.325+0000] {dag.py:3834} INFO - Setting next_dagrun for dataset_consumes_1_never_scheduled to None, run_after=None
[2026-03-15T17:55:58.328+0000] {logging_mixin.py:188} INFO - [2026-03-15T17:55:58.328+0000] {dag.py:3834} INFO - Setting next_dagrun for dataset_consumes_unknown_never_scheduled to None, run_after=None
[2026-03-15T17:55:58.330+0000] {logging_mixin.py:188} INFO - [2026-03-15T17:55:58.330+0000] {dag.py:3834} INFO - Setting next_dagrun for dataset_produces_1 to 2026-03-14 00:00:00+00:00, run_after=2026-03-15 00:00:00+00:00
[2026-03-15T17:55:58.331+0000] {logging_mixin.py:188} INFO - [2026-03-15T17:55:58.331+0000] {dag.py:3834} INFO - Setting next_dagrun for dataset_produces_2 to None, run_after=None
[2026-03-15T17:55:58.353+0000] {processor.py:183} INFO - Processing /home/airflow/.local/lib/python3.11/site-packages/airflow/example_dags/example_datasets.py took 0.094 seconds
[2026-03-15T17:56:28.551+0000] {processor.py:161} INFO - Started process (PID=1372) to work on /home/airflow/.local/lib/python3.11/site-packages/airflow/example_dags/example_datasets.py
[2026-03-15T17:56:28.552+0000] {processor.py:830} INFO - Processing file /home/airflow/.local/lib/python3.11/site-packages/airflow/example_dags/example_datasets.py for tasks to queue
[2026-03-15T17:56:28.554+0000] {logging_mixin.py:188} INFO - [2026-03-15T17:56:28.554+0000] {dagbag.py:540} INFO - Filling up the DagBag from /home/airflow/.local/lib/python3.11/site-packages/airflow/example_dags/example_datasets.py
[2026-03-15T17:56:28.562+0000] {processor.py:840} INFO - DAG(s) 'dataset_consumes_1_and_2', 'dataset_consumes_1', 'dataset_produces_1', 'dataset_consumes_1_never_scheduled', 'dataset_consumes_unknown_never_scheduled', 'dataset_produces_2' retrieved from /home/airflow/.local/lib/python3.11/site-packages/airflow/example_dags/example_datasets.py
[2026-03-15T17:56:28.587+0000] {logging_mixin.py:188} INFO - [2026-03-15T17:56:28.587+0000] {dag.py:3047} INFO - Sync 6 DAGs
[2026-03-15T17:56:28.603+0000] {logging_mixin.py:188} INFO - [2026-03-15T17:56:28.603+0000] {dag.py:3834} INFO - Setting next_dagrun for dataset_consumes_1 to None, run_after=None
[2026-03-15T17:56:28.606+0000] {logging_mixin.py:188} INFO - [2026-03-15T17:56:28.606+0000] {dag.py:3834} INFO - Setting next_dagrun for dataset_consumes_1_and_2 to None, run_after=None
[2026-03-15T17:56:28.607+0000] {logging_mixin.py:188} INFO - [2026-03-15T17:56:28.607+0000] {dag.py:3834} INFO - Setting next_dagrun for dataset_consumes_1_never_scheduled to None, run_after=None
[2026-03-15T17:56:28.608+0000] {logging_mixin.py:188} INFO - [2026-03-15T17:56:28.608+0000] {dag.py:3834} INFO - Setting next_dagrun for dataset_consumes_unknown_never_scheduled to None, run_after=None
[2026-03-15T17:56:28.610+0000] {logging_mixin.py:188} INFO - [2026-03-15T17:56:28.610+0000] {dag.py:3834} INFO - Setting next_dagrun for dataset_produces_1 to 2026-03-14 00:00:00+00:00, run_after=2026-03-15 00:00:00+00:00
[2026-03-15T17:56:28.611+0000] {logging_mixin.py:188} INFO - [2026-03-15T17:56:28.611+0000] {dag.py:3834} INFO - Setting next_dagrun for dataset_produces_2 to None, run_after=None
[2026-03-15T17:56:28.634+0000] {processor.py:183} INFO - Processing /home/airflow/.local/lib/python3.11/site-packages/airflow/example_dags/example_datasets.py took 0.085 seconds
[2026-03-15T17:56:45.220+0000] {processor.py:161} INFO - Started process (PID=1428) to work on /home/airflow/.local/lib/python3.11/site-packages/airflow/example_dags/example_datasets.py
[2026-03-15T17:56:45.221+0000] {processor.py:830} INFO - Processing file /home/airflow/.local/lib/python3.11/site-packages/airflow/example_dags/example_datasets.py for tasks to queue
[2026-03-15T17:56:45.223+0000] {logging_mixin.py:188} INFO - [2026-03-15T17:56:45.223+0000] {dagbag.py:540} INFO - Filling up the DagBag from /home/airflow/.local/lib/python3.11/site-packages/airflow/example_dags/example_datasets.py
[2026-03-15T17:56:45.231+0000] {processor.py:840} INFO - DAG(s) 'dataset_consumes_1_never_scheduled', 'dataset_consumes_unknown_never_scheduled', 'dataset_produces_2', 'dataset_produces_1', 'dataset_consumes_1_and_2', 'dataset_consumes_1' retrieved from /home/airflow/.local/lib/python3.11/site-packages/airflow/example_dags/example_datasets.py
[2026-03-15T17:56:45.260+0000] {logging_mixin.py:188} INFO - [2026-03-15T17:56:45.260+0000] {dag.py:3047} INFO - Sync 6 DAGs
[2026-03-15T17:56:45.279+0000] {logging_mixin.py:188} INFO - [2026-03-15T17:56:45.278+0000] {dag.py:3834} INFO - Setting next_dagrun for dataset_consumes_1 to None, run_after=None
[2026-03-15T17:56:45.283+0000] {logging_mixin.py:188} INFO - [2026-03-15T17:56:45.283+0000] {dag.py:3834} INFO - Setting next_dagrun for dataset_consumes_1_and_2 to None, run_after=None
[2026-03-15T17:56:45.284+0000] {logging_mixin.py:188} INFO - [2026-03-15T17:56:45.284+0000] {dag.py:3834} INFO - Setting next_dagrun for dataset_consumes_1_never_scheduled to None, run_after=None
[2026-03-15T17:56:45.286+0000] {logging_mixin.py:188} INFO - [2026-03-15T17:56:45.285+0000] {dag.py:3834} INFO - Setting next_dagrun for dataset_consumes_unknown_never_scheduled to None, run_after=None
[2026-03-15T17:56:45.288+0000] {logging_mixin.py:188} INFO - [2026-03-15T17:56:45.288+0000] {dag.py:3834} INFO - Setting next_dagrun for dataset_produces_1 to 2026-03-14 00:00:00+00:00, run_after=2026-03-15 00:00:00+00:00
[2026-03-15T17:56:45.289+0000] {logging_mixin.py:188} INFO - [2026-03-15T17:56:45.289+0000] {dag.py:3834} INFO - Setting next_dagrun for dataset_produces_2 to None, run_after=None
[2026-03-15T17:56:45.316+0000] {processor.py:183} INFO - Processing /home/airflow/.local/lib/python3.11/site-packages/airflow/example_dags/example_datasets.py took 0.099 seconds
[2026-03-15T17:56:48.393+0000] {processor.py:161} INFO - Started process (PID=1476) to work on /home/airflow/.local/lib/python3.11/site-packages/airflow/example_dags/example_datasets.py
[2026-03-15T17:56:48.394+0000] {processor.py:830} INFO - Processing file /home/airflow/.local/lib/python3.11/site-packages/airflow/example_dags/example_datasets.py for tasks to queue
[2026-03-15T17:56:48.396+0000] {logging_mixin.py:188} INFO - [2026-03-15T17:56:48.396+0000] {dagbag.py:540} INFO - Filling up the DagBag from /home/airflow/.local/lib/python3.11/site-packages/airflow/example_dags/example_datasets.py
[2026-03-15T17:56:48.404+0000] {processor.py:840} INFO - DAG(s) 'dataset_consumes_1', 'dataset_consumes_unknown_never_scheduled', 'dataset_consumes_1_never_scheduled', 'dataset_produces_1', 'dataset_consumes_1_and_2', 'dataset_produces_2' retrieved from /home/airflow/.local/lib/python3.11/site-packages/airflow/example_dags/example_datasets.py
[2026-03-15T17:56:48.428+0000] {logging_mixin.py:188} INFO - [2026-03-15T17:56:48.428+0000] {dag.py:3047} INFO - Sync 6 DAGs
[2026-03-15T17:56:48.442+0000] {logging_mixin.py:188} INFO - [2026-03-15T17:56:48.442+0000] {dag.py:3834} INFO - Setting next_dagrun for dataset_consumes_1 to None, run_after=None
[2026-03-15T17:56:48.445+0000] {logging_mixin.py:188} INFO - [2026-03-15T17:56:48.445+0000] {dag.py:3834} INFO - Setting next_dagrun for dataset_consumes_1_and_2 to None, run_after=None
[2026-03-15T17:56:48.446+0000] {logging_mixin.py:188} INFO - [2026-03-15T17:56:48.446+0000] {dag.py:3834} INFO - Setting next_dagrun for dataset_consumes_1_never_scheduled to None, run_after=None
[2026-03-15T17:56:48.447+0000] {logging_mixin.py:188} INFO - [2026-03-15T17:56:48.447+0000] {dag.py:3834} INFO - Setting next_dagrun for dataset_consumes_unknown_never_scheduled to None, run_after=None
[2026-03-15T17:56:48.449+0000] {logging_mixin.py:188} INFO - [2026-03-15T17:56:48.449+0000] {dag.py:3834} INFO - Setting next_dagrun for dataset_produces_1 to 2026-03-14 00:00:00+00:00, run_after=2026-03-15 00:00:00+00:00
[2026-03-15T17:56:48.450+0000] {logging_mixin.py:188} INFO - [2026-03-15T17:56:48.450+0000] {dag.py:3834} INFO - Setting next_dagrun for dataset_produces_2 to None, run_after=None
[2026-03-15T17:56:48.471+0000] {processor.py:183} INFO - Processing /home/airflow/.local/lib/python3.11/site-packages/airflow/example_dags/example_datasets.py took 0.081 seconds
[2026-03-15T17:57:19.076+0000] {processor.py:161} INFO - Started process (PID=1530) to work on /home/airflow/.local/lib/python3.11/site-packages/airflow/example_dags/example_datasets.py
[2026-03-15T17:57:19.078+0000] {processor.py:830} INFO - Processing file /home/airflow/.local/lib/python3.11/site-packages/airflow/example_dags/example_datasets.py for tasks to queue
[2026-03-15T17:57:19.081+0000] {logging_mixin.py:188} INFO - [2026-03-15T17:57:19.081+0000] {dagbag.py:540} INFO - Filling up the DagBag from /home/airflow/.local/lib/python3.11/site-packages/airflow/example_dags/example_datasets.py
[2026-03-15T17:57:19.092+0000] {processor.py:840} INFO - DAG(s) 'dataset_produces_1', 'dataset_consumes_unknown_never_scheduled', 'dataset_consumes_1_never_scheduled', 'dataset_consumes_1_and_2', 'dataset_produces_2', 'dataset_consumes_1' retrieved from /home/airflow/.local/lib/python3.11/site-packages/airflow/example_dags/example_datasets.py
[2026-03-15T17:57:19.125+0000] {logging_mixin.py:188} INFO - [2026-03-15T17:57:19.124+0000] {dag.py:3047} INFO - Sync 6 DAGs
[2026-03-15T17:57:19.145+0000] {logging_mixin.py:188} INFO - [2026-03-15T17:57:19.145+0000] {dag.py:3834} INFO - Setting next_dagrun for dataset_consumes_1 to None, run_after=None
[2026-03-15T17:57:19.149+0000] {logging_mixin.py:188} INFO - [2026-03-15T17:57:19.148+0000] {dag.py:3834} INFO - Setting next_dagrun for dataset_consumes_1_and_2 to None, run_after=None
[2026-03-15T17:57:19.150+0000] {logging_mixin.py:188} INFO - [2026-03-15T17:57:19.150+0000] {dag.py:3834} INFO - Setting next_dagrun for dataset_consumes_1_never_scheduled to None, run_after=None
[2026-03-15T17:57:19.151+0000] {logging_mixin.py:188} INFO - [2026-03-15T17:57:19.151+0000] {dag.py:3834} INFO - Setting next_dagrun for dataset_consumes_unknown_never_scheduled to None, run_after=None
[2026-03-15T17:57:19.154+0000] {logging_mixin.py:188} INFO - [2026-03-15T17:57:19.153+0000] {dag.py:3834} INFO - Setting next_dagrun for dataset_produces_1 to 2026-03-14 00:00:00+00:00, run_after=2026-03-15 00:00:00+00:00
[2026-03-15T17:57:19.155+0000] {logging_mixin.py:188} INFO - [2026-03-15T17:57:19.155+0000] {dag.py:3834} INFO - Setting next_dagrun for dataset_produces_2 to None, run_after=None
[2026-03-15T17:57:19.179+0000] {processor.py:183} INFO - Processing /home/airflow/.local/lib/python3.11/site-packages/airflow/example_dags/example_datasets.py took 0.106 seconds
[2026-03-15T17:57:23.593+0000] {processor.py:161} INFO - Started process (PID=1580) to work on /home/airflow/.local/lib/python3.11/site-packages/airflow/example_dags/example_datasets.py
[2026-03-15T17:57:23.594+0000] {processor.py:830} INFO - Processing file /home/airflow/.local/lib/python3.11/site-packages/airflow/example_dags/example_datasets.py for tasks to queue
[2026-03-15T17:57:23.595+0000] {logging_mixin.py:188} INFO - [2026-03-15T17:57:23.595+0000] {dagbag.py:540} INFO - Filling up the DagBag from /home/airflow/.local/lib/python3.11/site-packages/airflow/example_dags/example_datasets.py
[2026-03-15T17:57:23.603+0000] {processor.py:840} INFO - DAG(s) 'dataset_produces_1', 'dataset_consumes_unknown_never_scheduled', 'dataset_consumes_1', 'dataset_consumes_1_and_2', 'dataset_consumes_1_never_scheduled', 'dataset_produces_2' retrieved from /home/airflow/.local/lib/python3.11/site-packages/airflow/example_dags/example_datasets.py
[2026-03-15T17:57:23.627+0000] {logging_mixin.py:188} INFO - [2026-03-15T17:57:23.626+0000] {dag.py:3047} INFO - Sync 6 DAGs
[2026-03-15T17:57:23.642+0000] {logging_mixin.py:188} INFO - [2026-03-15T17:57:23.642+0000] {dag.py:3834} INFO - Setting next_dagrun for dataset_consumes_1 to None, run_after=None
[2026-03-15T17:57:23.646+0000] {logging_mixin.py:188} INFO - [2026-03-15T17:57:23.646+0000] {dag.py:3834} INFO - Setting next_dagrun for dataset_consumes_1_and_2 to None, run_after=None
[2026-03-15T17:57:23.647+0000] {logging_mixin.py:188} INFO - [2026-03-15T17:57:23.647+0000] {dag.py:3834} INFO - Setting next_dagrun for dataset_consumes_1_never_scheduled to None, run_after=None
[2026-03-15T17:57:23.648+0000] {logging_mixin.py:188} INFO - [2026-03-15T17:57:23.648+0000] {dag.py:3834} INFO - Setting next_dagrun for dataset_consumes_unknown_never_scheduled to None, run_after=None
[2026-03-15T17:57:23.650+0000] {logging_mixin.py:188} INFO - [2026-03-15T17:57:23.650+0000] {dag.py:3834} INFO - Setting next_dagrun for dataset_produces_1 to 2026-03-14 00:00:00+00:00, run_after=2026-03-15 00:00:00+00:00
[2026-03-15T17:57:23.652+0000] {logging_mixin.py:188} INFO - [2026-03-15T17:57:23.652+0000] {dag.py:3834} INFO - Setting next_dagrun for dataset_produces_2 to None, run_after=None
[2026-03-15T17:57:23.674+0000] {processor.py:183} INFO - Processing /home/airflow/.local/lib/python3.11/site-packages/airflow/example_dags/example_datasets.py took 0.085 seconds
[2026-03-15T17:57:44.940+0000] {processor.py:161} INFO - Started process (PID=1632) to work on /home/airflow/.local/lib/python3.11/site-packages/airflow/example_dags/example_datasets.py
[2026-03-15T17:57:44.941+0000] {processor.py:830} INFO - Processing file /home/airflow/.local/lib/python3.11/site-packages/airflow/example_dags/example_datasets.py for tasks to queue
[2026-03-15T17:57:44.943+0000] {logging_mixin.py:188} INFO - [2026-03-15T17:57:44.943+0000] {dagbag.py:540} INFO - Filling up the DagBag from /home/airflow/.local/lib/python3.11/site-packages/airflow/example_dags/example_datasets.py
[2026-03-15T17:57:44.951+0000] {processor.py:840} INFO - DAG(s) 'dataset_consumes_1', 'dataset_consumes_1_and_2', 'dataset_produces_1', 'dataset_consumes_1_never_scheduled', 'dataset_produces_2', 'dataset_consumes_unknown_never_scheduled' retrieved from /home/airflow/.local/lib/python3.11/site-packages/airflow/example_dags/example_datasets.py
[2026-03-15T17:57:44.976+0000] {logging_mixin.py:188} INFO - [2026-03-15T17:57:44.975+0000] {dag.py:3047} INFO - Sync 6 DAGs
[2026-03-15T17:57:44.991+0000] {logging_mixin.py:188} INFO - [2026-03-15T17:57:44.991+0000] {dag.py:3834} INFO - Setting next_dagrun for dataset_consumes_1 to None, run_after=None
[2026-03-15T17:57:44.994+0000] {logging_mixin.py:188} INFO - [2026-03-15T17:57:44.994+0000] {dag.py:3834} INFO - Setting next_dagrun for dataset_consumes_1_and_2 to None, run_after=None
[2026-03-15T17:57:44.995+0000] {logging_mixin.py:188} INFO - [2026-03-15T17:57:44.995+0000] {dag.py:3834} INFO - Setting next_dagrun for dataset_consumes_1_never_scheduled to None, run_after=None
[2026-03-15T17:57:44.996+0000] {logging_mixin.py:188} INFO - [2026-03-15T17:57:44.996+0000] {dag.py:3834} INFO - Setting next_dagrun for dataset_consumes_unknown_never_scheduled to None, run_after=None
[2026-03-15T17:57:44.998+0000] {logging_mixin.py:188} INFO - [2026-03-15T17:57:44.997+0000] {dag.py:3834} INFO - Setting next_dagrun for dataset_produces_1 to 2026-03-14 00:00:00+00:00, run_after=2026-03-15 00:00:00+00:00
[2026-03-15T17:57:44.998+0000] {logging_mixin.py:188} INFO - [2026-03-15T17:57:44.998+0000] {dag.py:3834} INFO - Setting next_dagrun for dataset_produces_2 to None, run_after=None
[2026-03-15T17:57:45.019+0000] {processor.py:183} INFO - Processing /home/airflow/.local/lib/python3.11/site-packages/airflow/example_dags/example_datasets.py took 0.081 seconds
[2026-03-15T17:57:48.049+0000] {processor.py:161} INFO - Started process (PID=1675) to work on /home/airflow/.local/lib/python3.11/site-packages/airflow/example_dags/example_datasets.py
[2026-03-15T17:57:48.050+0000] {processor.py:830} INFO - Processing file /home/airflow/.local/lib/python3.11/site-packages/airflow/example_dags/example_datasets.py for tasks to queue
[2026-03-15T17:57:48.052+0000] {logging_mixin.py:188} INFO - [2026-03-15T17:57:48.052+0000] {dagbag.py:540} INFO - Filling up the DagBag from /home/airflow/.local/lib/python3.11/site-packages/airflow/example_dags/example_datasets.py
[2026-03-15T17:57:48.061+0000] {processor.py:840} INFO - DAG(s) 'dataset_consumes_1', 'dataset_produces_1', 'dataset_produces_2', 'dataset_consumes_1_and_2', 'dataset_consumes_unknown_never_scheduled', 'dataset_consumes_1_never_scheduled' retrieved from /home/airflow/.local/lib/python3.11/site-packages/airflow/example_dags/example_datasets.py
[2026-03-15T17:57:48.084+0000] {logging_mixin.py:188} INFO - [2026-03-15T17:57:48.084+0000] {dag.py:3047} INFO - Sync 6 DAGs
[2026-03-15T17:57:48.105+0000] {logging_mixin.py:188} INFO - [2026-03-15T17:57:48.104+0000] {dag.py:3834} INFO - Setting next_dagrun for dataset_consumes_1 to None, run_after=None
[2026-03-15T17:57:48.108+0000] {logging_mixin.py:188} INFO - [2026-03-15T17:57:48.108+0000] {dag.py:3834} INFO - Setting next_dagrun for dataset_consumes_1_and_2 to None, run_after=None
[2026-03-15T17:57:48.109+0000] {logging_mixin.py:188} INFO - [2026-03-15T17:57:48.109+0000] {dag.py:3834} INFO - Setting next_dagrun for dataset_consumes_1_never_scheduled to None, run_after=None
[2026-03-15T17:57:48.111+0000] {logging_mixin.py:188} INFO - [2026-03-15T17:57:48.111+0000] {dag.py:3834} INFO - Setting next_dagrun for dataset_consumes_unknown_never_scheduled to None, run_after=None
[2026-03-15T17:57:48.113+0000] {logging_mixin.py:188} INFO - [2026-03-15T17:57:48.113+0000] {dag.py:3834} INFO - Setting next_dagrun for dataset_produces_1 to 2026-03-14 00:00:00+00:00, run_after=2026-03-15 00:00:00+00:00
[2026-03-15T17:57:48.115+0000] {logging_mixin.py:188} INFO - [2026-03-15T17:57:48.115+0000] {dag.py:3834} INFO - Setting next_dagrun for dataset_produces_2 to None, run_after=None
[2026-03-15T17:57:48.139+0000] {processor.py:183} INFO - Processing /home/airflow/.local/lib/python3.11/site-packages/airflow/example_dags/example_datasets.py took 0.094 seconds
[2026-03-15T17:59:02.419+0000] {processor.py:161} INFO - Started process (PID=1726) to work on /home/airflow/.local/lib/python3.11/site-packages/airflow/example_dags/example_datasets.py
[2026-03-15T17:59:02.420+0000] {processor.py:830} INFO - Processing file /home/airflow/.local/lib/python3.11/site-packages/airflow/example_dags/example_datasets.py for tasks to queue
[2026-03-15T17:59:02.423+0000] {logging_mixin.py:188} INFO - [2026-03-15T17:59:02.422+0000] {dagbag.py:540} INFO - Filling up the DagBag from /home/airflow/.local/lib/python3.11/site-packages/airflow/example_dags/example_datasets.py
[2026-03-15T17:59:02.431+0000] {processor.py:840} INFO - DAG(s) 'dataset_consumes_1', 'dataset_produces_2', 'dataset_consumes_1_never_scheduled', 'dataset_produces_1', 'dataset_consumes_unknown_never_scheduled', 'dataset_consumes_1_and_2' retrieved from /home/airflow/.local/lib/python3.11/site-packages/airflow/example_dags/example_datasets.py
[2026-03-15T17:59:02.456+0000] {logging_mixin.py:188} INFO - [2026-03-15T17:59:02.455+0000] {dag.py:3047} INFO - Sync 6 DAGs
[2026-03-15T17:59:02.472+0000] {logging_mixin.py:188} INFO - [2026-03-15T17:59:02.472+0000] {dag.py:3834} INFO - Setting next_dagrun for dataset_consumes_1 to None, run_after=None
[2026-03-15T17:59:02.476+0000] {logging_mixin.py:188} INFO - [2026-03-15T17:59:02.476+0000] {dag.py:3834} INFO - Setting next_dagrun for dataset_consumes_1_and_2 to None, run_after=None
[2026-03-15T17:59:02.477+0000] {logging_mixin.py:188} INFO - [2026-03-15T17:59:02.477+0000] {dag.py:3834} INFO - Setting next_dagrun for dataset_consumes_1_never_scheduled to None, run_after=None
[2026-03-15T17:59:02.478+0000] {logging_mixin.py:188} INFO - [2026-03-15T17:59:02.478+0000] {dag.py:3834} INFO - Setting next_dagrun for dataset_consumes_unknown_never_scheduled to None, run_after=None
[2026-03-15T17:59:02.481+0000] {logging_mixin.py:188} INFO - [2026-03-15T17:59:02.480+0000] {dag.py:3834} INFO - Setting next_dagrun for dataset_produces_1 to 2026-03-14 00:00:00+00:00, run_after=2026-03-15 00:00:00+00:00
[2026-03-15T17:59:02.481+0000] {logging_mixin.py:188} INFO - [2026-03-15T17:59:02.481+0000] {dag.py:3834} INFO - Setting next_dagrun for dataset_produces_2 to None, run_after=None
[2026-03-15T17:58:13.349+0000] {processor.py:183} INFO - Processing /home/airflow/.local/lib/python3.11/site-packages/airflow/example_dags/example_datasets.py took 0.088 seconds
[2026-03-15T17:58:17.964+0000] {processor.py:161} INFO - Started process (PID=1767) to work on /home/airflow/.local/lib/python3.11/site-packages/airflow/example_dags/example_datasets.py
[2026-03-15T17:58:17.965+0000] {processor.py:830} INFO - Processing file /home/airflow/.local/lib/python3.11/site-packages/airflow/example_dags/example_datasets.py for tasks to queue
[2026-03-15T17:58:17.967+0000] {logging_mixin.py:188} INFO - [2026-03-15T17:58:17.967+0000] {dagbag.py:540} INFO - Filling up the DagBag from /home/airflow/.local/lib/python3.11/site-packages/airflow/example_dags/example_datasets.py
[2026-03-15T17:58:17.976+0000] {processor.py:840} INFO - DAG(s) 'dataset_produces_2', 'dataset_consumes_unknown_never_scheduled', 'dataset_consumes_1_and_2', 'dataset_produces_1', 'dataset_consumes_1', 'dataset_consumes_1_never_scheduled' retrieved from /home/airflow/.local/lib/python3.11/site-packages/airflow/example_dags/example_datasets.py
[2026-03-15T17:58:18.000+0000] {logging_mixin.py:188} INFO - [2026-03-15T17:58:18.000+0000] {dag.py:3047} INFO - Sync 6 DAGs
[2026-03-15T17:58:18.016+0000] {logging_mixin.py:188} INFO - [2026-03-15T17:58:18.016+0000] {dag.py:3834} INFO - Setting next_dagrun for dataset_consumes_1 to None, run_after=None
[2026-03-15T17:58:18.019+0000] {logging_mixin.py:188} INFO - [2026-03-15T17:58:18.019+0000] {dag.py:3834} INFO - Setting next_dagrun for dataset_consumes_1_and_2 to None, run_after=None
[2026-03-15T17:58:18.020+0000] {logging_mixin.py:188} INFO - [2026-03-15T17:58:18.020+0000] {dag.py:3834} INFO - Setting next_dagrun for dataset_consumes_1_never_scheduled to None, run_after=None
[2026-03-15T17:58:18.021+0000] {logging_mixin.py:188} INFO - [2026-03-15T17:58:18.021+0000] {dag.py:3834} INFO - Setting next_dagrun for dataset_consumes_unknown_never_scheduled to None, run_after=None
[2026-03-15T17:58:18.023+0000] {logging_mixin.py:188} INFO - [2026-03-15T17:58:18.023+0000] {dag.py:3834} INFO - Setting next_dagrun for dataset_produces_1 to 2026-03-14 00:00:00+00:00, run_after=2026-03-15 00:00:00+00:00
[2026-03-15T17:58:18.024+0000] {logging_mixin.py:188} INFO - [2026-03-15T17:58:18.024+0000] {dag.py:3834} INFO - Setting next_dagrun for dataset_produces_2 to None, run_after=None
[2026-03-15T17:58:18.044+0000] {processor.py:183} INFO - Processing /home/airflow/.local/lib/python3.11/site-packages/airflow/example_dags/example_datasets.py took 0.082 seconds
[2026-03-15T17:58:23.183+0000] {processor.py:161} INFO - Started process (PID=1808) to work on /home/airflow/.local/lib/python3.11/site-packages/airflow/example_dags/example_datasets.py
[2026-03-15T17:58:23.183+0000] {processor.py:830} INFO - Processing file /home/airflow/.local/lib/python3.11/site-packages/airflow/example_dags/example_datasets.py for tasks to queue
[2026-03-15T17:58:23.185+0000] {logging_mixin.py:188} INFO - [2026-03-15T17:58:23.185+0000] {dagbag.py:540} INFO - Filling up the DagBag from /home/airflow/.local/lib/python3.11/site-packages/airflow/example_dags/example_datasets.py
[2026-03-15T17:58:23.193+0000] {processor.py:840} INFO - DAG(s) 'dataset_produces_1', 'dataset_consumes_1_never_scheduled', 'dataset_consumes_unknown_never_scheduled', 'dataset_consumes_1', 'dataset_produces_2', 'dataset_consumes_1_and_2' retrieved from /home/airflow/.local/lib/python3.11/site-packages/airflow/example_dags/example_datasets.py
[2026-03-15T17:58:23.216+0000] {logging_mixin.py:188} INFO - [2026-03-15T17:58:23.216+0000] {dag.py:3047} INFO - Sync 6 DAGs
[2026-03-15T17:58:23.231+0000] {logging_mixin.py:188} INFO - [2026-03-15T17:58:23.231+0000] {dag.py:3834} INFO - Setting next_dagrun for dataset_consumes_1 to None, run_after=None
[2026-03-15T17:58:23.234+0000] {logging_mixin.py:188} INFO - [2026-03-15T17:58:23.234+0000] {dag.py:3834} INFO - Setting next_dagrun for dataset_consumes_1_and_2 to None, run_after=None
[2026-03-15T17:58:23.235+0000] {logging_mixin.py:188} INFO - [2026-03-15T17:58:23.235+0000] {dag.py:3834} INFO - Setting next_dagrun for dataset_consumes_1_never_scheduled to None, run_after=None
[2026-03-15T17:58:23.236+0000] {logging_mixin.py:188} INFO - [2026-03-15T17:58:23.236+0000] {dag.py:3834} INFO - Setting next_dagrun for dataset_consumes_unknown_never_scheduled to None, run_after=None
[2026-03-15T17:58:23.237+0000] {logging_mixin.py:188} INFO - [2026-03-15T17:58:23.237+0000] {dag.py:3834} INFO - Setting next_dagrun for dataset_produces_1 to 2026-03-14 00:00:00+00:00, run_after=2026-03-15 00:00:00+00:00
[2026-03-15T17:58:23.239+0000] {logging_mixin.py:188} INFO - [2026-03-15T17:58:23.238+0000] {dag.py:3834} INFO - Setting next_dagrun for dataset_produces_2 to None, run_after=None
[2026-03-15T17:58:23.261+0000] {processor.py:183} INFO - Processing /home/airflow/.local/lib/python3.11/site-packages/airflow/example_dags/example_datasets.py took 0.081 seconds
[2026-03-15T17:58:37.964+0000] {processor.py:161} INFO - Started process (PID=1853) to work on /home/airflow/.local/lib/python3.11/site-packages/airflow/example_dags/example_datasets.py
[2026-03-15T17:58:37.965+0000] {processor.py:830} INFO - Processing file /home/airflow/.local/lib/python3.11/site-packages/airflow/example_dags/example_datasets.py for tasks to queue
[2026-03-15T17:58:37.966+0000] {logging_mixin.py:188} INFO - [2026-03-15T17:58:37.966+0000] {dagbag.py:540} INFO - Filling up the DagBag from /home/airflow/.local/lib/python3.11/site-packages/airflow/example_dags/example_datasets.py
[2026-03-15T17:58:37.975+0000] {processor.py:840} INFO - DAG(s) 'dataset_consumes_unknown_never_scheduled', 'dataset_produces_1', 'dataset_consumes_1', 'dataset_consumes_1_and_2', 'dataset_consumes_1_never_scheduled', 'dataset_produces_2' retrieved from /home/airflow/.local/lib/python3.11/site-packages/airflow/example_dags/example_datasets.py
[2026-03-15T17:58:38.001+0000] {logging_mixin.py:188} INFO - [2026-03-15T17:58:38.000+0000] {dag.py:3047} INFO - Sync 6 DAGs
[2026-03-15T17:58:38.020+0000] {logging_mixin.py:188} INFO - [2026-03-15T17:58:38.019+0000] {dag.py:3834} INFO - Setting next_dagrun for dataset_consumes_1 to None, run_after=None
[2026-03-15T17:58:38.022+0000] {logging_mixin.py:188} INFO - [2026-03-15T17:58:38.022+0000] {dag.py:3834} INFO - Setting next_dagrun for dataset_consumes_1_and_2 to None, run_after=None
[2026-03-15T17:58:38.023+0000] {logging_mixin.py:188} INFO - [2026-03-15T17:58:38.023+0000] {dag.py:3834} INFO - Setting next_dagrun for dataset_consumes_1_never_scheduled to None, run_after=None
[2026-03-15T17:58:38.024+0000] {logging_mixin.py:188} INFO - [2026-03-15T17:58:38.024+0000] {dag.py:3834} INFO - Setting next_dagrun for dataset_consumes_unknown_never_scheduled to None, run_after=None
[2026-03-15T17:58:38.026+0000] {logging_mixin.py:188} INFO - [2026-03-15T17:58:38.026+0000] {dag.py:3834} INFO - Setting next_dagrun for dataset_produces_1 to 2026-03-14 00:00:00+00:00, run_after=2026-03-15 00:00:00+00:00
[2026-03-15T17:58:38.027+0000] {logging_mixin.py:188} INFO - [2026-03-15T17:58:38.027+0000] {dag.py:3834} INFO - Setting next_dagrun for dataset_produces_2 to None, run_after=None
[2026-03-15T17:58:38.048+0000] {processor.py:183} INFO - Processing /home/airflow/.local/lib/python3.11/site-packages/airflow/example_dags/example_datasets.py took 0.088 seconds
[2026-03-15T17:58:42.869+0000] {processor.py:161} INFO - Started process (PID=1890) to work on /home/airflow/.local/lib/python3.11/site-packages/airflow/example_dags/example_datasets.py
[2026-03-15T17:58:42.870+0000] {processor.py:830} INFO - Processing file /home/airflow/.local/lib/python3.11/site-packages/airflow/example_dags/example_datasets.py for tasks to queue
[2026-03-15T17:58:42.872+0000] {logging_mixin.py:188} INFO - [2026-03-15T17:58:42.871+0000] {dagbag.py:540} INFO - Filling up the DagBag from /home/airflow/.local/lib/python3.11/site-packages/airflow/example_dags/example_datasets.py
[2026-03-15T17:58:42.880+0000] {processor.py:840} INFO - DAG(s) 'dataset_consumes_1_and_2', 'dataset_consumes_unknown_never_scheduled', 'dataset_consumes_1', 'dataset_produces_1', 'dataset_produces_2', 'dataset_consumes_1_never_scheduled' retrieved from /home/airflow/.local/lib/python3.11/site-packages/airflow/example_dags/example_datasets.py
[2026-03-15T17:58:42.902+0000] {logging_mixin.py:188} INFO - [2026-03-15T17:58:42.902+0000] {dag.py:3047} INFO - Sync 6 DAGs
[2026-03-15T17:58:42.920+0000] {logging_mixin.py:188} INFO - [2026-03-15T17:58:42.920+0000] {dag.py:3834} INFO - Setting next_dagrun for dataset_consumes_1 to None, run_after=None
[2026-03-15T17:58:42.925+0000] {logging_mixin.py:188} INFO - [2026-03-15T17:58:42.925+0000] {dag.py:3834} INFO - Setting next_dagrun for dataset_consumes_1_and_2 to None, run_after=None
[2026-03-15T17:58:42.928+0000] {logging_mixin.py:188} INFO - [2026-03-15T17:58:42.928+0000] {dag.py:3834} INFO - Setting next_dagrun for dataset_consumes_1_never_scheduled to None, run_after=None
[2026-03-15T17:58:42.930+0000] {logging_mixin.py:188} INFO - [2026-03-15T17:58:42.930+0000] {dag.py:3834} INFO - Setting next_dagrun for dataset_consumes_unknown_never_scheduled to None, run_after=None
[2026-03-15T17:58:42.931+0000] {logging_mixin.py:188} INFO - [2026-03-15T17:58:42.931+0000] {dag.py:3834} INFO - Setting next_dagrun for dataset_produces_1 to 2026-03-14 00:00:00+00:00, run_after=2026-03-15 00:00:00+00:00
[2026-03-15T17:58:42.932+0000] {logging_mixin.py:188} INFO - [2026-03-15T17:58:42.932+0000] {dag.py:3834} INFO - Setting next_dagrun for dataset_produces_2 to None, run_after=None
[2026-03-15T17:58:42.952+0000] {processor.py:183} INFO - Processing /home/airflow/.local/lib/python3.11/site-packages/airflow/example_dags/example_datasets.py took 0.086 seconds
[2026-03-15T17:58:45.177+0000] {processor.py:161} INFO - Started process (PID=1928) to work on /home/airflow/.local/lib/python3.11/site-packages/airflow/example_dags/example_datasets.py
[2026-03-15T17:58:45.179+0000] {processor.py:830} INFO - Processing file /home/airflow/.local/lib/python3.11/site-packages/airflow/example_dags/example_datasets.py for tasks to queue
[2026-03-15T17:58:45.181+0000] {logging_mixin.py:188} INFO - [2026-03-15T17:58:45.181+0000] {dagbag.py:540} INFO - Filling up the DagBag from /home/airflow/.local/lib/python3.11/site-packages/airflow/example_dags/example_datasets.py
[2026-03-15T17:58:45.190+0000] {processor.py:840} INFO - DAG(s) 'dataset_consumes_1_never_scheduled', 'dataset_consumes_unknown_never_scheduled', 'dataset_consumes_1_and_2', 'dataset_consumes_1', 'dataset_produces_1', 'dataset_produces_2' retrieved from /home/airflow/.local/lib/python3.11/site-packages/airflow/example_dags/example_datasets.py
[2026-03-15T17:58:45.222+0000] {logging_mixin.py:188} INFO - [2026-03-15T17:58:45.222+0000] {dag.py:3047} INFO - Sync 6 DAGs
[2026-03-15T17:58:45.241+0000] {logging_mixin.py:188} INFO - [2026-03-15T17:58:45.240+0000] {dag.py:3834} INFO - Setting next_dagrun for dataset_consumes_1 to None, run_after=None
[2026-03-15T17:58:45.245+0000] {logging_mixin.py:188} INFO - [2026-03-15T17:58:45.244+0000] {dag.py:3834} INFO - Setting next_dagrun for dataset_consumes_1_and_2 to None, run_after=None
[2026-03-15T17:58:45.247+0000] {logging_mixin.py:188} INFO - [2026-03-15T17:58:45.246+0000] {dag.py:3834} INFO - Setting next_dagrun for dataset_consumes_1_never_scheduled to None, run_after=None
[2026-03-15T17:58:45.248+0000] {logging_mixin.py:188} INFO - [2026-03-15T17:58:45.248+0000] {dag.py:3834} INFO - Setting next_dagrun for dataset_consumes_unknown_never_scheduled to None, run_after=None
[2026-03-15T17:58:45.250+0000] {logging_mixin.py:188} INFO - [2026-03-15T17:58:45.250+0000] {dag.py:3834} INFO - Setting next_dagrun for dataset_produces_1 to 2026-03-14 00:00:00+00:00, run_after=2026-03-15 00:00:00+00:00
[2026-03-15T17:58:45.251+0000] {logging_mixin.py:188} INFO - [2026-03-15T17:58:45.251+0000] {dag.py:3834} INFO - Setting next_dagrun for dataset_produces_2 to None, run_after=None
[2026-03-15T17:58:45.278+0000] {processor.py:183} INFO - Processing /home/airflow/.local/lib/python3.11/site-packages/airflow/example_dags/example_datasets.py took 0.105 seconds
[2026-03-15T17:59:15.985+0000] {processor.py:161} INFO - Started process (PID=1968) to work on /home/airflow/.local/lib/python3.11/site-packages/airflow/example_dags/example_datasets.py
[2026-03-15T17:59:15.986+0000] {processor.py:830} INFO - Processing file /home/airflow/.local/lib/python3.11/site-packages/airflow/example_dags/example_datasets.py for tasks to queue
[2026-03-15T17:59:15.988+0000] {logging_mixin.py:188} INFO - [2026-03-15T17:59:15.987+0000] {dagbag.py:540} INFO - Filling up the DagBag from /home/airflow/.local/lib/python3.11/site-packages/airflow/example_dags/example_datasets.py
[2026-03-15T17:59:15.997+0000] {processor.py:840} INFO - DAG(s) 'dataset_consumes_unknown_never_scheduled', 'dataset_consumes_1_never_scheduled', 'dataset_produces_2', 'dataset_consumes_1_and_2', 'dataset_consumes_1', 'dataset_produces_1' retrieved from /home/airflow/.local/lib/python3.11/site-packages/airflow/example_dags/example_datasets.py
[2026-03-15T17:59:16.020+0000] {logging_mixin.py:188} INFO - [2026-03-15T17:59:16.020+0000] {dag.py:3047} INFO - Sync 6 DAGs
[2026-03-15T17:59:16.036+0000] {logging_mixin.py:188} INFO - [2026-03-15T17:59:16.036+0000] {dag.py:3834} INFO - Setting next_dagrun for dataset_consumes_1 to None, run_after=None
[2026-03-15T17:59:16.039+0000] {logging_mixin.py:188} INFO - [2026-03-15T17:59:16.039+0000] {dag.py:3834} INFO - Setting next_dagrun for dataset_consumes_1_and_2 to None, run_after=None
[2026-03-15T17:59:16.043+0000] {logging_mixin.py:188} INFO - [2026-03-15T17:59:16.043+0000] {dag.py:3834} INFO - Setting next_dagrun for dataset_consumes_1_never_scheduled to None, run_after=None
[2026-03-15T17:59:16.045+0000] {logging_mixin.py:188} INFO - [2026-03-15T17:59:16.044+0000] {dag.py:3834} INFO - Setting next_dagrun for dataset_consumes_unknown_never_scheduled to None, run_after=None
[2026-03-15T17:59:16.046+0000] {logging_mixin.py:188} INFO - [2026-03-15T17:59:16.046+0000] {dag.py:3834} INFO - Setting next_dagrun for dataset_produces_1 to 2026-03-14 00:00:00+00:00, run_after=2026-03-15 00:00:00+00:00
[2026-03-15T17:59:16.048+0000] {logging_mixin.py:188} INFO - [2026-03-15T17:59:16.048+0000] {dag.py:3834} INFO - Setting next_dagrun for dataset_produces_2 to None, run_after=None
[2026-03-15T17:59:16.068+0000] {processor.py:183} INFO - Processing /home/airflow/.local/lib/python3.11/site-packages/airflow/example_dags/example_datasets.py took 0.086 seconds
[2026-03-15T18:00:35.995+0000] {processor.py:161} INFO - Started process (PID=2015) to work on /home/airflow/.local/lib/python3.11/site-packages/airflow/example_dags/example_datasets.py
[2026-03-15T18:00:35.995+0000] {processor.py:830} INFO - Processing file /home/airflow/.local/lib/python3.11/site-packages/airflow/example_dags/example_datasets.py for tasks to queue
[2026-03-15T18:00:35.997+0000] {logging_mixin.py:188} INFO - [2026-03-15T18:00:35.997+0000] {dagbag.py:540} INFO - Filling up the DagBag from /home/airflow/.local/lib/python3.11/site-packages/airflow/example_dags/example_datasets.py
[2026-03-15T17:59:46.842+0000] {processor.py:840} INFO - DAG(s) 'dataset_consumes_1_and_2', 'dataset_consumes_1', 'dataset_consumes_unknown_never_scheduled', 'dataset_consumes_1_never_scheduled', 'dataset_produces_2', 'dataset_produces_1' retrieved from /home/airflow/.local/lib/python3.11/site-packages/airflow/example_dags/example_datasets.py
[2026-03-15T17:59:46.866+0000] {logging_mixin.py:188} INFO - [2026-03-15T17:59:46.866+0000] {dag.py:3047} INFO - Sync 6 DAGs
[2026-03-15T17:59:46.882+0000] {logging_mixin.py:188} INFO - [2026-03-15T17:59:46.882+0000] {dag.py:3834} INFO - Setting next_dagrun for dataset_consumes_1 to None, run_after=None
[2026-03-15T17:59:46.884+0000] {logging_mixin.py:188} INFO - [2026-03-15T17:59:46.884+0000] {dag.py:3834} INFO - Setting next_dagrun for dataset_consumes_1_and_2 to None, run_after=None
[2026-03-15T17:59:46.885+0000] {logging_mixin.py:188} INFO - [2026-03-15T17:59:46.885+0000] {dag.py:3834} INFO - Setting next_dagrun for dataset_consumes_1_never_scheduled to None, run_after=None
[2026-03-15T17:59:46.886+0000] {logging_mixin.py:188} INFO - [2026-03-15T17:59:46.886+0000] {dag.py:3834} INFO - Setting next_dagrun for dataset_consumes_unknown_never_scheduled to None, run_after=None
[2026-03-15T17:59:46.888+0000] {logging_mixin.py:188} INFO - [2026-03-15T17:59:46.888+0000] {dag.py:3834} INFO - Setting next_dagrun for dataset_produces_1 to 2026-03-14 00:00:00+00:00, run_after=2026-03-15 00:00:00+00:00
[2026-03-15T17:59:46.889+0000] {logging_mixin.py:188} INFO - [2026-03-15T17:59:46.889+0000] {dag.py:3834} INFO - Setting next_dagrun for dataset_produces_2 to None, run_after=None
[2026-03-15T17:59:46.909+0000] {processor.py:183} INFO - Processing /home/airflow/.local/lib/python3.11/site-packages/airflow/example_dags/example_datasets.py took 0.082 seconds
[2026-03-15T18:00:08.492+0000] {processor.py:161} INFO - Started process (PID=2075) to work on /home/airflow/.local/lib/python3.11/site-packages/airflow/example_dags/example_datasets.py
[2026-03-15T18:00:08.493+0000] {processor.py:830} INFO - Processing file /home/airflow/.local/lib/python3.11/site-packages/airflow/example_dags/example_datasets.py for tasks to queue
[2026-03-15T18:00:08.495+0000] {logging_mixin.py:188} INFO - [2026-03-15T18:00:08.495+0000] {dagbag.py:540} INFO - Filling up the DagBag from /home/airflow/.local/lib/python3.11/site-packages/airflow/example_dags/example_datasets.py
[2026-03-15T18:00:08.503+0000] {processor.py:840} INFO - DAG(s) 'dataset_consumes_1', 'dataset_consumes_1_and_2', 'dataset_consumes_unknown_never_scheduled', 'dataset_consumes_1_never_scheduled', 'dataset_produces_2', 'dataset_produces_1' retrieved from /home/airflow/.local/lib/python3.11/site-packages/airflow/example_dags/example_datasets.py
[2026-03-15T18:00:08.526+0000] {logging_mixin.py:188} INFO - [2026-03-15T18:00:08.526+0000] {dag.py:3047} INFO - Sync 6 DAGs
[2026-03-15T18:00:08.542+0000] {logging_mixin.py:188} INFO - [2026-03-15T18:00:08.542+0000] {dag.py:3834} INFO - Setting next_dagrun for dataset_consumes_1 to None, run_after=None
[2026-03-15T18:00:08.545+0000] {logging_mixin.py:188} INFO - [2026-03-15T18:00:08.545+0000] {dag.py:3834} INFO - Setting next_dagrun for dataset_consumes_1_and_2 to None, run_after=None
[2026-03-15T18:00:08.546+0000] {logging_mixin.py:188} INFO - [2026-03-15T18:00:08.546+0000] {dag.py:3834} INFO - Setting next_dagrun for dataset_consumes_1_never_scheduled to None, run_after=None
[2026-03-15T18:00:08.547+0000] {logging_mixin.py:188} INFO - [2026-03-15T18:00:08.547+0000] {dag.py:3834} INFO - Setting next_dagrun for dataset_consumes_unknown_never_scheduled to None, run_after=None
[2026-03-15T18:00:08.549+0000] {logging_mixin.py:188} INFO - [2026-03-15T18:00:08.549+0000] {dag.py:3834} INFO - Setting next_dagrun for dataset_produces_1 to 2026-03-14 00:00:00+00:00, run_after=2026-03-15 00:00:00+00:00
[2026-03-15T18:00:08.550+0000] {logging_mixin.py:188} INFO - [2026-03-15T18:00:08.549+0000] {dag.py:3834} INFO - Setting next_dagrun for dataset_produces_2 to None, run_after=None
[2026-03-15T18:00:08.569+0000] {processor.py:183} INFO - Processing /home/airflow/.local/lib/python3.11/site-packages/airflow/example_dags/example_datasets.py took 0.080 seconds
[2026-03-15T18:00:13.385+0000] {processor.py:161} INFO - Started process (PID=2116) to work on /home/airflow/.local/lib/python3.11/site-packages/airflow/example_dags/example_datasets.py
[2026-03-15T18:00:13.386+0000] {processor.py:830} INFO - Processing file /home/airflow/.local/lib/python3.11/site-packages/airflow/example_dags/example_datasets.py for tasks to queue
[2026-03-15T18:00:13.388+0000] {logging_mixin.py:188} INFO - [2026-03-15T18:00:13.388+0000] {dagbag.py:540} INFO - Filling up the DagBag from /home/airflow/.local/lib/python3.11/site-packages/airflow/example_dags/example_datasets.py
[2026-03-15T18:00:13.396+0000] {processor.py:840} INFO - DAG(s) 'dataset_consumes_unknown_never_scheduled', 'dataset_produces_1', 'dataset_consumes_1', 'dataset_produces_2', 'dataset_consumes_1_and_2', 'dataset_consumes_1_never_scheduled' retrieved from /home/airflow/.local/lib/python3.11/site-packages/airflow/example_dags/example_datasets.py
[2026-03-15T18:00:13.418+0000] {logging_mixin.py:188} INFO - [2026-03-15T18:00:13.418+0000] {dag.py:3047} INFO - Sync 6 DAGs
[2026-03-15T18:00:13.433+0000] {logging_mixin.py:188} INFO - [2026-03-15T18:00:13.433+0000] {dag.py:3834} INFO - Setting next_dagrun for dataset_consumes_1 to None, run_after=None
[2026-03-15T18:00:13.436+0000] {logging_mixin.py:188} INFO - [2026-03-15T18:00:13.436+0000] {dag.py:3834} INFO - Setting next_dagrun for dataset_consumes_1_and_2 to None, run_after=None
[2026-03-15T18:00:13.437+0000] {logging_mixin.py:188} INFO - [2026-03-15T18:00:13.437+0000] {dag.py:3834} INFO - Setting next_dagrun for dataset_consumes_1_never_scheduled to None, run_after=None
[2026-03-15T18:00:13.438+0000] {logging_mixin.py:188} INFO - [2026-03-15T18:00:13.438+0000] {dag.py:3834} INFO - Setting next_dagrun for dataset_consumes_unknown_never_scheduled to None, run_after=None
[2026-03-15T18:00:13.440+0000] {logging_mixin.py:188} INFO - [2026-03-15T18:00:13.439+0000] {dag.py:3834} INFO - Setting next_dagrun for dataset_produces_1 to 2026-03-14 00:00:00+00:00, run_after=2026-03-15 00:00:00+00:00
[2026-03-15T18:00:13.441+0000] {logging_mixin.py:188} INFO - [2026-03-15T18:00:13.440+0000] {dag.py:3834} INFO - Setting next_dagrun for dataset_produces_2 to None, run_after=None
[2026-03-15T18:00:13.462+0000] {processor.py:183} INFO - Processing /home/airflow/.local/lib/python3.11/site-packages/airflow/example_dags/example_datasets.py took 0.079 seconds
[2026-03-15T18:00:44.768+0000] {processor.py:161} INFO - Started process (PID=2187) to work on /home/airflow/.local/lib/python3.11/site-packages/airflow/example_dags/example_datasets.py
[2026-03-15T18:00:44.769+0000] {processor.py:830} INFO - Processing file /home/airflow/.local/lib/python3.11/site-packages/airflow/example_dags/example_datasets.py for tasks to queue
[2026-03-15T18:00:44.770+0000] {logging_mixin.py:188} INFO - [2026-03-15T18:00:44.770+0000] {dagbag.py:540} INFO - Filling up the DagBag from /home/airflow/.local/lib/python3.11/site-packages/airflow/example_dags/example_datasets.py
[2026-03-15T18:00:44.779+0000] {processor.py:840} INFO - DAG(s) 'dataset_consumes_unknown_never_scheduled', 'dataset_produces_1', 'dataset_produces_2', 'dataset_consumes_1', 'dataset_consumes_1_and_2', 'dataset_consumes_1_never_scheduled' retrieved from /home/airflow/.local/lib/python3.11/site-packages/airflow/example_dags/example_datasets.py
[2026-03-15T18:00:44.802+0000] {logging_mixin.py:188} INFO - [2026-03-15T18:00:44.802+0000] {dag.py:3047} INFO - Sync 6 DAGs
[2026-03-15T18:00:44.819+0000] {logging_mixin.py:188} INFO - [2026-03-15T18:00:44.819+0000] {dag.py:3834} INFO - Setting next_dagrun for dataset_consumes_1 to None, run_after=None
[2026-03-15T18:00:44.822+0000] {logging_mixin.py:188} INFO - [2026-03-15T18:00:44.822+0000] {dag.py:3834} INFO - Setting next_dagrun for dataset_consumes_1_and_2 to None, run_after=None
[2026-03-15T18:00:44.824+0000] {logging_mixin.py:188} INFO - [2026-03-15T18:00:44.823+0000] {dag.py:3834} INFO - Setting next_dagrun for dataset_consumes_1_never_scheduled to None, run_after=None
[2026-03-15T18:00:44.825+0000] {logging_mixin.py:188} INFO - [2026-03-15T18:00:44.825+0000] {dag.py:3834} INFO - Setting next_dagrun for dataset_consumes_unknown_never_scheduled to None, run_after=None
[2026-03-15T18:00:44.827+0000] {logging_mixin.py:188} INFO - [2026-03-15T18:00:44.827+0000] {dag.py:3834} INFO - Setting next_dagrun for dataset_produces_1 to 2026-03-14 00:00:00+00:00, run_after=2026-03-15 00:00:00+00:00
[2026-03-15T18:00:44.828+0000] {logging_mixin.py:188} INFO - [2026-03-15T18:00:44.828+0000] {dag.py:3834} INFO - Setting next_dagrun for dataset_produces_2 to None, run_after=None
[2026-03-15T18:00:44.849+0000] {processor.py:183} INFO - Processing /home/airflow/.local/lib/python3.11/site-packages/airflow/example_dags/example_datasets.py took 0.085 seconds
[2026-03-15T18:01:15.019+0000] {processor.py:161} INFO - Started process (PID=2239) to work on /home/airflow/.local/lib/python3.11/site-packages/airflow/example_dags/example_datasets.py
[2026-03-15T18:01:15.024+0000] {processor.py:830} INFO - Processing file /home/airflow/.local/lib/python3.11/site-packages/airflow/example_dags/example_datasets.py for tasks to queue
[2026-03-15T18:01:15.030+0000] {logging_mixin.py:188} INFO - [2026-03-15T18:01:15.029+0000] {dagbag.py:540} INFO - Filling up the DagBag from /home/airflow/.local/lib/python3.11/site-packages/airflow/example_dags/example_datasets.py
[2026-03-15T18:01:15.037+0000] {processor.py:840} INFO - DAG(s) 'dataset_produces_1', 'dataset_consumes_unknown_never_scheduled', 'dataset_produces_2', 'dataset_consumes_1_never_scheduled', 'dataset_consumes_1_and_2', 'dataset_consumes_1' retrieved from /home/airflow/.local/lib/python3.11/site-packages/airflow/example_dags/example_datasets.py
[2026-03-15T18:01:15.061+0000] {logging_mixin.py:188} INFO - [2026-03-15T18:01:15.060+0000] {dag.py:3047} INFO - Sync 6 DAGs
[2026-03-15T18:01:15.078+0000] {logging_mixin.py:188} INFO - [2026-03-15T18:01:15.078+0000] {dag.py:3834} INFO - Setting next_dagrun for dataset_consumes_1 to None, run_after=None
[2026-03-15T18:01:15.081+0000] {logging_mixin.py:188} INFO - [2026-03-15T18:01:15.081+0000] {dag.py:3834} INFO - Setting next_dagrun for dataset_consumes_1_and_2 to None, run_after=None
[2026-03-15T18:01:15.082+0000] {logging_mixin.py:188} INFO - [2026-03-15T18:01:15.082+0000] {dag.py:3834} INFO - Setting next_dagrun for dataset_consumes_1_never_scheduled to None, run_after=None
[2026-03-15T18:01:15.083+0000] {logging_mixin.py:188} INFO - [2026-03-15T18:01:15.083+0000] {dag.py:3834} INFO - Setting next_dagrun for dataset_consumes_unknown_never_scheduled to None, run_after=None
[2026-03-15T18:01:15.085+0000] {logging_mixin.py:188} INFO - [2026-03-15T18:01:15.085+0000] {dag.py:3834} INFO - Setting next_dagrun for dataset_produces_1 to 2026-03-14 00:00:00+00:00, run_after=2026-03-15 00:00:00+00:00
[2026-03-15T18:01:15.086+0000] {logging_mixin.py:188} INFO - [2026-03-15T18:01:15.086+0000] {dag.py:3834} INFO - Setting next_dagrun for dataset_produces_2 to None, run_after=None
[2026-03-15T18:01:15.107+0000] {processor.py:183} INFO - Processing /home/airflow/.local/lib/python3.11/site-packages/airflow/example_dags/example_datasets.py took 0.092 seconds
[2026-03-15T18:01:45.301+0000] {processor.py:161} INFO - Started process (PID=2289) to work on /home/airflow/.local/lib/python3.11/site-packages/airflow/example_dags/example_datasets.py
[2026-03-15T18:01:45.302+0000] {processor.py:830} INFO - Processing file /home/airflow/.local/lib/python3.11/site-packages/airflow/example_dags/example_datasets.py for tasks to queue
[2026-03-15T18:01:45.304+0000] {logging_mixin.py:188} INFO - [2026-03-15T18:01:45.303+0000] {dagbag.py:540} INFO - Filling up the DagBag from /home/airflow/.local/lib/python3.11/site-packages/airflow/example_dags/example_datasets.py
[2026-03-15T18:01:45.311+0000] {processor.py:840} INFO - DAG(s) 'dataset_consumes_unknown_never_scheduled', 'dataset_produces_1', 'dataset_consumes_1_never_scheduled', 'dataset_produces_2', 'dataset_consumes_1', 'dataset_consumes_1_and_2' retrieved from /home/airflow/.local/lib/python3.11/site-packages/airflow/example_dags/example_datasets.py
[2026-03-15T18:01:45.334+0000] {logging_mixin.py:188} INFO - [2026-03-15T18:01:45.333+0000] {dag.py:3047} INFO - Sync 6 DAGs
[2026-03-15T18:01:45.349+0000] {logging_mixin.py:188} INFO - [2026-03-15T18:01:45.349+0000] {dag.py:3834} INFO - Setting next_dagrun for dataset_consumes_1 to None, run_after=None
[2026-03-15T18:01:45.352+0000] {logging_mixin.py:188} INFO - [2026-03-15T18:01:45.352+0000] {dag.py:3834} INFO - Setting next_dagrun for dataset_consumes_1_and_2 to None, run_after=None
[2026-03-15T18:01:45.353+0000] {logging_mixin.py:188} INFO - [2026-03-15T18:01:45.353+0000] {dag.py:3834} INFO - Setting next_dagrun for dataset_consumes_1_never_scheduled to None, run_after=None
[2026-03-15T18:01:45.354+0000] {logging_mixin.py:188} INFO - [2026-03-15T18:01:45.354+0000] {dag.py:3834} INFO - Setting next_dagrun for dataset_consumes_unknown_never_scheduled to None, run_after=None
[2026-03-15T18:01:45.355+0000] {logging_mixin.py:188} INFO - [2026-03-15T18:01:45.355+0000] {dag.py:3834} INFO - Setting next_dagrun for dataset_produces_1 to 2026-03-14 00:00:00+00:00, run_after=2026-03-15 00:00:00+00:00
[2026-03-15T18:01:45.356+0000] {logging_mixin.py:188} INFO - [2026-03-15T18:01:45.356+0000] {dag.py:3834} INFO - Setting next_dagrun for dataset_produces_2 to None, run_after=None
[2026-03-15T18:01:45.378+0000] {processor.py:183} INFO - Processing /home/airflow/.local/lib/python3.11/site-packages/airflow/example_dags/example_datasets.py took 0.080 seconds
[2026-03-15T18:01:48.866+0000] {processor.py:161} INFO - Started process (PID=2339) to work on /home/airflow/.local/lib/python3.11/site-packages/airflow/example_dags/example_datasets.py
[2026-03-15T18:01:48.867+0000] {processor.py:830} INFO - Processing file /home/airflow/.local/lib/python3.11/site-packages/airflow/example_dags/example_datasets.py for tasks to queue
[2026-03-15T18:01:48.869+0000] {logging_mixin.py:188} INFO - [2026-03-15T18:01:48.868+0000] {dagbag.py:540} INFO - Filling up the DagBag from /home/airflow/.local/lib/python3.11/site-packages/airflow/example_dags/example_datasets.py
[2026-03-15T18:01:48.876+0000] {processor.py:840} INFO - DAG(s) 'dataset_produces_1', 'dataset_consumes_unknown_never_scheduled', 'dataset_consumes_1', 'dataset_consumes_1_never_scheduled', 'dataset_consumes_1_and_2', 'dataset_produces_2' retrieved from /home/airflow/.local/lib/python3.11/site-packages/airflow/example_dags/example_datasets.py
[2026-03-15T18:01:48.900+0000] {logging_mixin.py:188} INFO - [2026-03-15T18:01:48.900+0000] {dag.py:3047} INFO - Sync 6 DAGs
[2026-03-15T18:01:48.916+0000] {logging_mixin.py:188} INFO - [2026-03-15T18:01:48.916+0000] {dag.py:3834} INFO - Setting next_dagrun for dataset_consumes_1 to None, run_after=None
[2026-03-15T18:01:48.924+0000] {logging_mixin.py:188} INFO - [2026-03-15T18:01:48.924+0000] {dag.py:3834} INFO - Setting next_dagrun for dataset_consumes_1_and_2 to None, run_after=None
[2026-03-15T18:01:48.925+0000] {logging_mixin.py:188} INFO - [2026-03-15T18:01:48.925+0000] {dag.py:3834} INFO - Setting next_dagrun for dataset_consumes_1_never_scheduled to None, run_after=None
[2026-03-15T18:01:48.927+0000] {logging_mixin.py:188} INFO - [2026-03-15T18:01:48.927+0000] {dag.py:3834} INFO - Setting next_dagrun for dataset_consumes_unknown_never_scheduled to None, run_after=None
[2026-03-15T18:01:48.929+0000] {logging_mixin.py:188} INFO - [2026-03-15T18:01:48.929+0000] {dag.py:3834} INFO - Setting next_dagrun for dataset_produces_1 to 2026-03-14 00:00:00+00:00, run_after=2026-03-15 00:00:00+00:00
[2026-03-15T18:01:48.930+0000] {logging_mixin.py:188} INFO - [2026-03-15T18:01:48.930+0000] {dag.py:3834} INFO - Setting next_dagrun for dataset_produces_2 to None, run_after=None
[2026-03-15T18:01:48.951+0000] {processor.py:183} INFO - Processing /home/airflow/.local/lib/python3.11/site-packages/airflow/example_dags/example_datasets.py took 0.088 seconds
[2026-03-15T18:02:15.009+0000] {processor.py:161} INFO - Started process (PID=2391) to work on /home/airflow/.local/lib/python3.11/site-packages/airflow/example_dags/example_datasets.py
[2026-03-15T18:02:15.010+0000] {processor.py:830} INFO - Processing file /home/airflow/.local/lib/python3.11/site-packages/airflow/example_dags/example_datasets.py for tasks to queue
[2026-03-15T18:02:15.012+0000] {logging_mixin.py:188} INFO - [2026-03-15T18:02:15.011+0000] {dagbag.py:540} INFO - Filling up the DagBag from /home/airflow/.local/lib/python3.11/site-packages/airflow/example_dags/example_datasets.py
[2026-03-15T18:02:15.021+0000] {processor.py:840} INFO - DAG(s) 'dataset_consumes_1_and_2', 'dataset_produces_2', 'dataset_consumes_1', 'dataset_consumes_unknown_never_scheduled', 'dataset_produces_1', 'dataset_consumes_1_never_scheduled' retrieved from /home/airflow/.local/lib/python3.11/site-packages/airflow/example_dags/example_datasets.py
[2026-03-15T18:02:15.046+0000] {logging_mixin.py:188} INFO - [2026-03-15T18:02:15.046+0000] {dag.py:3047} INFO - Sync 6 DAGs
[2026-03-15T18:02:15.064+0000] {logging_mixin.py:188} INFO - [2026-03-15T18:02:15.064+0000] {dag.py:3834} INFO - Setting next_dagrun for dataset_consumes_1 to None, run_after=None
[2026-03-15T18:02:15.067+0000] {logging_mixin.py:188} INFO - [2026-03-15T18:02:15.066+0000] {dag.py:3834} INFO - Setting next_dagrun for dataset_consumes_1_and_2 to None, run_after=None
[2026-03-15T18:02:15.068+0000] {logging_mixin.py:188} INFO - [2026-03-15T18:02:15.067+0000] {dag.py:3834} INFO - Setting next_dagrun for dataset_consumes_1_never_scheduled to None, run_after=None
[2026-03-15T18:02:15.068+0000] {logging_mixin.py:188} INFO - [2026-03-15T18:02:15.068+0000] {dag.py:3834} INFO - Setting next_dagrun for dataset_consumes_unknown_never_scheduled to None, run_after=None
[2026-03-15T18:02:15.070+0000] {logging_mixin.py:188} INFO - [2026-03-15T18:02:15.070+0000] {dag.py:3834} INFO - Setting next_dagrun for dataset_produces_1 to 2026-03-14 00:00:00+00:00, run_after=2026-03-15 00:00:00+00:00
[2026-03-15T18:02:15.071+0000] {logging_mixin.py:188} INFO - [2026-03-15T18:02:15.071+0000] {dag.py:3834} INFO - Setting next_dagrun for dataset_produces_2 to None, run_after=None
[2026-03-15T18:02:15.091+0000] {processor.py:183} INFO - Processing /home/airflow/.local/lib/python3.11/site-packages/airflow/example_dags/example_datasets.py took 0.086 seconds
[2026-03-15T18:02:46.438+0000] {processor.py:161} INFO - Started process (PID=2441) to work on /home/airflow/.local/lib/python3.11/site-packages/airflow/example_dags/example_datasets.py
[2026-03-15T18:02:46.439+0000] {processor.py:830} INFO - Processing file /home/airflow/.local/lib/python3.11/site-packages/airflow/example_dags/example_datasets.py for tasks to queue
[2026-03-15T18:02:46.441+0000] {logging_mixin.py:188} INFO - [2026-03-15T18:02:46.441+0000] {dagbag.py:540} INFO - Filling up the DagBag from /home/airflow/.local/lib/python3.11/site-packages/airflow/example_dags/example_datasets.py
[2026-03-15T18:02:46.449+0000] {processor.py:840} INFO - DAG(s) 'dataset_consumes_1_never_scheduled', 'dataset_consumes_unknown_never_scheduled', 'dataset_consumes_1_and_2', 'dataset_produces_2', 'dataset_produces_1', 'dataset_consumes_1' retrieved from /home/airflow/.local/lib/python3.11/site-packages/airflow/example_dags/example_datasets.py
[2026-03-15T18:02:46.476+0000] {logging_mixin.py:188} INFO - [2026-03-15T18:02:46.475+0000] {dag.py:3047} INFO - Sync 6 DAGs
[2026-03-15T18:02:46.494+0000] {logging_mixin.py:188} INFO - [2026-03-15T18:02:46.494+0000] {dag.py:3834} INFO - Setting next_dagrun for dataset_consumes_1 to None, run_after=None
[2026-03-15T18:02:46.497+0000] {logging_mixin.py:188} INFO - [2026-03-15T18:02:46.497+0000] {dag.py:3834} INFO - Setting next_dagrun for dataset_consumes_1_and_2 to None, run_after=None
[2026-03-15T18:02:46.502+0000] {logging_mixin.py:188} INFO - [2026-03-15T18:02:46.502+0000] {dag.py:3834} INFO - Setting next_dagrun for dataset_consumes_1_never_scheduled to None, run_after=None
[2026-03-15T18:02:46.503+0000] {logging_mixin.py:188} INFO - [2026-03-15T18:02:46.503+0000] {dag.py:3834} INFO - Setting next_dagrun for dataset_consumes_unknown_never_scheduled to None, run_after=None
[2026-03-15T18:02:46.505+0000] {logging_mixin.py:188} INFO - [2026-03-15T18:02:46.505+0000] {dag.py:3834} INFO - Setting next_dagrun for dataset_produces_1 to 2026-03-14 00:00:00+00:00, run_after=2026-03-15 00:00:00+00:00
[2026-03-15T18:02:46.506+0000] {logging_mixin.py:188} INFO - [2026-03-15T18:02:46.506+0000] {dag.py:3834} INFO - Setting next_dagrun for dataset_produces_2 to None, run_after=None
[2026-03-15T18:02:46.527+0000] {processor.py:183} INFO - Processing /home/airflow/.local/lib/python3.11/site-packages/airflow/example_dags/example_datasets.py took 0.092 seconds
[2026-03-15T18:03:16.910+0000] {processor.py:161} INFO - Started process (PID=2495) to work on /home/airflow/.local/lib/python3.11/site-packages/airflow/example_dags/example_datasets.py
[2026-03-15T18:03:16.911+0000] {processor.py:830} INFO - Processing file /home/airflow/.local/lib/python3.11/site-packages/airflow/example_dags/example_datasets.py for tasks to queue
[2026-03-15T18:03:16.912+0000] {logging_mixin.py:188} INFO - [2026-03-15T18:03:16.912+0000] {dagbag.py:540} INFO - Filling up the DagBag from /home/airflow/.local/lib/python3.11/site-packages/airflow/example_dags/example_datasets.py
[2026-03-15T18:03:16.920+0000] {processor.py:840} INFO - DAG(s) 'dataset_produces_2', 'dataset_consumes_unknown_never_scheduled', 'dataset_consumes_1_never_scheduled', 'dataset_consumes_1_and_2', 'dataset_consumes_1', 'dataset_produces_1' retrieved from /home/airflow/.local/lib/python3.11/site-packages/airflow/example_dags/example_datasets.py
[2026-03-15T18:03:16.943+0000] {logging_mixin.py:188} INFO - [2026-03-15T18:03:16.943+0000] {dag.py:3047} INFO - Sync 6 DAGs
[2026-03-15T18:04:06.149+0000] {logging_mixin.py:188} INFO - [2026-03-15T18:04:06.149+0000] {dag.py:3834} INFO - Setting next_dagrun for dataset_consumes_1 to None, run_after=None
[2026-03-15T18:04:06.152+0000] {logging_mixin.py:188} INFO - [2026-03-15T18:04:06.152+0000] {dag.py:3834} INFO - Setting next_dagrun for dataset_consumes_1_and_2 to None, run_after=None
[2026-03-15T18:04:06.153+0000] {logging_mixin.py:188} INFO - [2026-03-15T18:04:06.153+0000] {dag.py:3834} INFO - Setting next_dagrun for dataset_consumes_1_never_scheduled to None, run_after=None
[2026-03-15T18:04:06.154+0000] {logging_mixin.py:188} INFO - [2026-03-15T18:04:06.154+0000] {dag.py:3834} INFO - Setting next_dagrun for dataset_consumes_unknown_never_scheduled to None, run_after=None
[2026-03-15T18:04:06.156+0000] {logging_mixin.py:188} INFO - [2026-03-15T18:04:06.156+0000] {dag.py:3834} INFO - Setting next_dagrun for dataset_produces_1 to 2026-03-14 00:00:00+00:00, run_after=2026-03-15 00:00:00+00:00
[2026-03-15T18:04:06.157+0000] {logging_mixin.py:188} INFO - [2026-03-15T18:04:06.156+0000] {dag.py:3834} INFO - Setting next_dagrun for dataset_produces_2 to None, run_after=None
[2026-03-15T18:04:06.176+0000] {processor.py:183} INFO - Processing /home/airflow/.local/lib/python3.11/site-packages/airflow/example_dags/example_datasets.py took 0.079 seconds
[2026-03-15T18:04:19.033+0000] {processor.py:161} INFO - Started process (PID=2734) to work on /home/airflow/.local/lib/python3.11/site-packages/airflow/example_dags/example_datasets.py
[2026-03-15T18:04:19.034+0000] {processor.py:830} INFO - Processing file /home/airflow/.local/lib/python3.11/site-packages/airflow/example_dags/example_datasets.py for tasks to queue
[2026-03-15T18:04:19.036+0000] {logging_mixin.py:188} INFO - [2026-03-15T18:04:19.036+0000] {dagbag.py:540} INFO - Filling up the DagBag from /home/airflow/.local/lib/python3.11/site-packages/airflow/example_dags/example_datasets.py
[2026-03-15T18:04:19.043+0000] {processor.py:840} INFO - DAG(s) 'dataset_consumes_unknown_never_scheduled', 'dataset_consumes_1_never_scheduled', 'dataset_produces_2', 'dataset_produces_1', 'dataset_consumes_1', 'dataset_consumes_1_and_2' retrieved from /home/airflow/.local/lib/python3.11/site-packages/airflow/example_dags/example_datasets.py
[2026-03-15T18:04:19.066+0000] {logging_mixin.py:188} INFO - [2026-03-15T18:04:19.066+0000] {dag.py:3047} INFO - Sync 6 DAGs
[2026-03-15T18:04:19.083+0000] {logging_mixin.py:188} INFO - [2026-03-15T18:04:19.083+0000] {dag.py:3834} INFO - Setting next_dagrun for dataset_consumes_1 to None, run_after=None
[2026-03-15T18:04:19.086+0000] {logging_mixin.py:188} INFO - [2026-03-15T18:04:19.085+0000] {dag.py:3834} INFO - Setting next_dagrun for dataset_consumes_1_and_2 to None, run_after=None
[2026-03-15T18:04:19.087+0000] {logging_mixin.py:188} INFO - [2026-03-15T18:04:19.087+0000] {dag.py:3834} INFO - Setting next_dagrun for dataset_consumes_1_never_scheduled to None, run_after=None
[2026-03-15T18:04:19.088+0000] {logging_mixin.py:188} INFO - [2026-03-15T18:04:19.088+0000] {dag.py:3834} INFO - Setting next_dagrun for dataset_consumes_unknown_never_scheduled to None, run_after=None
[2026-03-15T18:04:19.089+0000] {logging_mixin.py:188} INFO - [2026-03-15T18:04:19.089+0000] {dag.py:3834} INFO - Setting next_dagrun for dataset_produces_1 to 2026-03-14 00:00:00+00:00, run_after=2026-03-15 00:00:00+00:00
[2026-03-15T18:04:19.090+0000] {logging_mixin.py:188} INFO - [2026-03-15T18:04:19.090+0000] {dag.py:3834} INFO - Setting next_dagrun for dataset_produces_2 to None, run_after=None
[2026-03-15T18:04:19.112+0000] {processor.py:183} INFO - Processing /home/airflow/.local/lib/python3.11/site-packages/airflow/example_dags/example_datasets.py took 0.081 seconds
[2026-03-15T18:04:23.958+0000] {processor.py:161} INFO - Started process (PID=2778) to work on /home/airflow/.local/lib/python3.11/site-packages/airflow/example_dags/example_datasets.py
[2026-03-15T18:04:23.960+0000] {processor.py:830} INFO - Processing file /home/airflow/.local/lib/python3.11/site-packages/airflow/example_dags/example_datasets.py for tasks to queue
[2026-03-15T18:04:23.962+0000] {logging_mixin.py:188} INFO - [2026-03-15T18:04:23.961+0000] {dagbag.py:540} INFO - Filling up the DagBag from /home/airflow/.local/lib/python3.11/site-packages/airflow/example_dags/example_datasets.py
[2026-03-15T18:04:23.970+0000] {processor.py:840} INFO - DAG(s) 'dataset_consumes_1_and_2', 'dataset_consumes_unknown_never_scheduled', 'dataset_consumes_1_never_scheduled', 'dataset_produces_1', 'dataset_produces_2', 'dataset_consumes_1' retrieved from /home/airflow/.local/lib/python3.11/site-packages/airflow/example_dags/example_datasets.py
[2026-03-15T18:04:23.995+0000] {logging_mixin.py:188} INFO - [2026-03-15T18:04:23.995+0000] {dag.py:3047} INFO - Sync 6 DAGs
[2026-03-15T18:04:24.010+0000] {logging_mixin.py:188} INFO - [2026-03-15T18:04:24.010+0000] {dag.py:3834} INFO - Setting next_dagrun for dataset_consumes_1 to None, run_after=None
[2026-03-15T18:04:24.014+0000] {logging_mixin.py:188} INFO - [2026-03-15T18:04:24.013+0000] {dag.py:3834} INFO - Setting next_dagrun for dataset_consumes_1_and_2 to None, run_after=None
[2026-03-15T18:04:24.015+0000] {logging_mixin.py:188} INFO - [2026-03-15T18:04:24.015+0000] {dag.py:3834} INFO - Setting next_dagrun for dataset_consumes_1_never_scheduled to None, run_after=None
[2026-03-15T18:04:24.018+0000] {logging_mixin.py:188} INFO - [2026-03-15T18:04:24.018+0000] {dag.py:3834} INFO - Setting next_dagrun for dataset_consumes_unknown_never_scheduled to None, run_after=None
[2026-03-15T18:04:24.021+0000] {logging_mixin.py:188} INFO - [2026-03-15T18:04:24.021+0000] {dag.py:3834} INFO - Setting next_dagrun for dataset_produces_1 to 2026-03-14 00:00:00+00:00, run_after=2026-03-15 00:00:00+00:00
[2026-03-15T18:04:24.022+0000] {logging_mixin.py:188} INFO - [2026-03-15T18:04:24.022+0000] {dag.py:3834} INFO - Setting next_dagrun for dataset_produces_2 to None, run_after=None
[2026-03-15T18:04:24.043+0000] {processor.py:183} INFO - Processing /home/airflow/.local/lib/python3.11/site-packages/airflow/example_dags/example_datasets.py took 0.087 seconds
[2026-03-15T18:04:28.835+0000] {processor.py:161} INFO - Started process (PID=2822) to work on /home/airflow/.local/lib/python3.11/site-packages/airflow/example_dags/example_datasets.py
[2026-03-15T18:04:28.836+0000] {processor.py:830} INFO - Processing file /home/airflow/.local/lib/python3.11/site-packages/airflow/example_dags/example_datasets.py for tasks to queue
[2026-03-15T18:04:28.838+0000] {logging_mixin.py:188} INFO - [2026-03-15T18:04:28.838+0000] {dagbag.py:540} INFO - Filling up the DagBag from /home/airflow/.local/lib/python3.11/site-packages/airflow/example_dags/example_datasets.py
[2026-03-15T18:04:28.846+0000] {processor.py:840} INFO - DAG(s) 'dataset_consumes_1_and_2', 'dataset_produces_2', 'dataset_consumes_unknown_never_scheduled', 'dataset_produces_1', 'dataset_consumes_1', 'dataset_consumes_1_never_scheduled' retrieved from /home/airflow/.local/lib/python3.11/site-packages/airflow/example_dags/example_datasets.py
[2026-03-15T18:04:28.869+0000] {logging_mixin.py:188} INFO - [2026-03-15T18:04:28.869+0000] {dag.py:3047} INFO - Sync 6 DAGs
[2026-03-15T18:04:28.884+0000] {logging_mixin.py:188} INFO - [2026-03-15T18:04:28.884+0000] {dag.py:3834} INFO - Setting next_dagrun for dataset_consumes_1 to None, run_after=None
[2026-03-15T18:04:28.887+0000] {logging_mixin.py:188} INFO - [2026-03-15T18:04:28.887+0000] {dag.py:3834} INFO - Setting next_dagrun for dataset_consumes_1_and_2 to None, run_after=None
[2026-03-15T18:04:28.888+0000] {logging_mixin.py:188} INFO - [2026-03-15T18:04:28.888+0000] {dag.py:3834} INFO - Setting next_dagrun for dataset_consumes_1_never_scheduled to None, run_after=None
[2026-03-15T18:04:28.889+0000] {logging_mixin.py:188} INFO - [2026-03-15T18:04:28.889+0000] {dag.py:3834} INFO - Setting next_dagrun for dataset_consumes_unknown_never_scheduled to None, run_after=None
[2026-03-15T18:04:28.891+0000] {logging_mixin.py:188} INFO - [2026-03-15T18:04:28.891+0000] {dag.py:3834} INFO - Setting next_dagrun for dataset_produces_1 to 2026-03-14 00:00:00+00:00, run_after=2026-03-15 00:00:00+00:00
[2026-03-15T18:04:28.892+0000] {logging_mixin.py:188} INFO - [2026-03-15T18:04:28.892+0000] {dag.py:3834} INFO - Setting next_dagrun for dataset_produces_2 to None, run_after=None
[2026-03-15T18:04:28.912+0000] {processor.py:183} INFO - Processing /home/airflow/.local/lib/python3.11/site-packages/airflow/example_dags/example_datasets.py took 0.079 seconds
[2026-03-15T18:04:59.751+0000] {processor.py:161} INFO - Started process (PID=2869) to work on /home/airflow/.local/lib/python3.11/site-packages/airflow/example_dags/example_datasets.py
[2026-03-15T18:04:59.752+0000] {processor.py:830} INFO - Processing file /home/airflow/.local/lib/python3.11/site-packages/airflow/example_dags/example_datasets.py for tasks to queue
[2026-03-15T18:04:59.754+0000] {logging_mixin.py:188} INFO - [2026-03-15T18:04:59.754+0000] {dagbag.py:540} INFO - Filling up the DagBag from /home/airflow/.local/lib/python3.11/site-packages/airflow/example_dags/example_datasets.py
[2026-03-15T18:04:59.761+0000] {processor.py:840} INFO - DAG(s) 'dataset_produces_2', 'dataset_consumes_1_never_scheduled', 'dataset_produces_1', 'dataset_consumes_1_and_2', 'dataset_consumes_1', 'dataset_consumes_unknown_never_scheduled' retrieved from /home/airflow/.local/lib/python3.11/site-packages/airflow/example_dags/example_datasets.py
[2026-03-15T18:04:59.783+0000] {logging_mixin.py:188} INFO - [2026-03-15T18:04:59.783+0000] {dag.py:3047} INFO - Sync 6 DAGs
[2026-03-15T18:04:59.797+0000] {logging_mixin.py:188} INFO - [2026-03-15T18:04:59.797+0000] {dag.py:3834} INFO - Setting next_dagrun for dataset_consumes_1 to None, run_after=None
[2026-03-15T18:04:59.799+0000] {logging_mixin.py:188} INFO - [2026-03-15T18:04:59.799+0000] {dag.py:3834} INFO - Setting next_dagrun for dataset_consumes_1_and_2 to None, run_after=None
[2026-03-15T18:04:59.800+0000] {logging_mixin.py:188} INFO - [2026-03-15T18:04:59.800+0000] {dag.py:3834} INFO - Setting next_dagrun for dataset_consumes_1_never_scheduled to None, run_after=None
[2026-03-15T18:04:59.801+0000] {logging_mixin.py:188} INFO - [2026-03-15T18:04:59.801+0000] {dag.py:3834} INFO - Setting next_dagrun for dataset_consumes_unknown_never_scheduled to None, run_after=None
[2026-03-15T18:04:59.802+0000] {logging_mixin.py:188} INFO - [2026-03-15T18:04:59.802+0000] {dag.py:3834} INFO - Setting next_dagrun for dataset_produces_1 to 2026-03-14 00:00:00+00:00, run_after=2026-03-15 00:00:00+00:00
[2026-03-15T18:04:59.803+0000] {logging_mixin.py:188} INFO - [2026-03-15T18:04:59.803+0000] {dag.py:3834} INFO - Setting next_dagrun for dataset_produces_2 to None, run_after=None
[2026-03-15T18:04:59.822+0000] {processor.py:183} INFO - Processing /home/airflow/.local/lib/python3.11/site-packages/airflow/example_dags/example_datasets.py took 0.073 seconds
[2026-03-15T18:05:15.490+0000] {processor.py:161} INFO - Started process (PID=2923) to work on /home/airflow/.local/lib/python3.11/site-packages/airflow/example_dags/example_datasets.py
[2026-03-15T18:05:15.491+0000] {processor.py:830} INFO - Processing file /home/airflow/.local/lib/python3.11/site-packages/airflow/example_dags/example_datasets.py for tasks to queue
[2026-03-15T18:05:15.494+0000] {logging_mixin.py:188} INFO - [2026-03-15T18:05:15.493+0000] {dagbag.py:540} INFO - Filling up the DagBag from /home/airflow/.local/lib/python3.11/site-packages/airflow/example_dags/example_datasets.py
[2026-03-15T18:05:15.502+0000] {processor.py:840} INFO - DAG(s) 'dataset_consumes_1', 'dataset_consumes_1_never_scheduled', 'dataset_produces_1', 'dataset_consumes_1_and_2', 'dataset_produces_2', 'dataset_consumes_unknown_never_scheduled' retrieved from /home/airflow/.local/lib/python3.11/site-packages/airflow/example_dags/example_datasets.py
[2026-03-15T18:05:15.532+0000] {logging_mixin.py:188} INFO - [2026-03-15T18:05:15.532+0000] {dag.py:3047} INFO - Sync 6 DAGs
[2026-03-15T18:05:15.551+0000] {logging_mixin.py:188} INFO - [2026-03-15T18:05:15.551+0000] {dag.py:3834} INFO - Setting next_dagrun for dataset_consumes_1 to None, run_after=None
[2026-03-15T18:05:15.554+0000] {logging_mixin.py:188} INFO - [2026-03-15T18:05:15.554+0000] {dag.py:3834} INFO - Setting next_dagrun for dataset_consumes_1_and_2 to None, run_after=None
[2026-03-15T18:05:15.555+0000] {logging_mixin.py:188} INFO - [2026-03-15T18:05:15.555+0000] {dag.py:3834} INFO - Setting next_dagrun for dataset_consumes_1_never_scheduled to None, run_after=None
[2026-03-15T18:05:15.556+0000] {logging_mixin.py:188} INFO - [2026-03-15T18:05:15.556+0000] {dag.py:3834} INFO - Setting next_dagrun for dataset_consumes_unknown_never_scheduled to None, run_after=None
[2026-03-15T18:05:15.558+0000] {logging_mixin.py:188} INFO - [2026-03-15T18:05:15.558+0000] {dag.py:3834} INFO - Setting next_dagrun for dataset_produces_1 to 2026-03-14 00:00:00+00:00, run_after=2026-03-15 00:00:00+00:00
[2026-03-15T18:05:15.559+0000] {logging_mixin.py:188} INFO - [2026-03-15T18:05:15.559+0000] {dag.py:3834} INFO - Setting next_dagrun for dataset_produces_2 to None, run_after=None
[2026-03-15T18:05:15.582+0000] {processor.py:183} INFO - Processing /home/airflow/.local/lib/python3.11/site-packages/airflow/example_dags/example_datasets.py took 0.095 seconds
[2026-03-15T18:05:45.123+0000] {processor.py:161} INFO - Started process (PID=2977) to work on /home/airflow/.local/lib/python3.11/site-packages/airflow/example_dags/example_datasets.py
[2026-03-15T18:05:45.124+0000] {processor.py:830} INFO - Processing file /home/airflow/.local/lib/python3.11/site-packages/airflow/example_dags/example_datasets.py for tasks to queue
[2026-03-15T18:05:45.126+0000] {logging_mixin.py:188} INFO - [2026-03-15T18:05:45.126+0000] {dagbag.py:540} INFO - Filling up the DagBag from /home/airflow/.local/lib/python3.11/site-packages/airflow/example_dags/example_datasets.py
[2026-03-15T18:05:45.134+0000] {processor.py:840} INFO - DAG(s) 'dataset_produces_2', 'dataset_consumes_1_and_2', 'dataset_consumes_unknown_never_scheduled', 'dataset_consumes_1', 'dataset_produces_1', 'dataset_consumes_1_never_scheduled' retrieved from /home/airflow/.local/lib/python3.11/site-packages/airflow/example_dags/example_datasets.py
[2026-03-15T18:05:45.158+0000] {logging_mixin.py:188} INFO - [2026-03-15T18:05:45.158+0000] {dag.py:3047} INFO - Sync 6 DAGs
[2026-03-15T18:05:45.177+0000] {logging_mixin.py:188} INFO - [2026-03-15T18:05:45.176+0000] {dag.py:3834} INFO - Setting next_dagrun for dataset_consumes_1 to None, run_after=None
[2026-03-15T18:05:45.183+0000] {logging_mixin.py:188} INFO - [2026-03-15T18:05:45.182+0000] {dag.py:3834} INFO - Setting next_dagrun for dataset_consumes_1_and_2 to None, run_after=None
[2026-03-15T18:05:45.185+0000] {logging_mixin.py:188} INFO - [2026-03-15T18:05:45.185+0000] {dag.py:3834} INFO - Setting next_dagrun for dataset_consumes_1_never_scheduled to None, run_after=None
[2026-03-15T18:05:45.186+0000] {logging_mixin.py:188} INFO - [2026-03-15T18:05:45.186+0000] {dag.py:3834} INFO - Setting next_dagrun for dataset_consumes_unknown_never_scheduled to None, run_after=None
[2026-03-15T18:05:45.189+0000] {logging_mixin.py:188} INFO - [2026-03-15T18:05:45.189+0000] {dag.py:3834} INFO - Setting next_dagrun for dataset_produces_1 to 2026-03-14 00:00:00+00:00, run_after=2026-03-15 00:00:00+00:00
[2026-03-15T18:05:45.190+0000] {logging_mixin.py:188} INFO - [2026-03-15T18:05:45.190+0000] {dag.py:3834} INFO - Setting next_dagrun for dataset_produces_2 to None, run_after=None
[2026-03-15T18:05:45.218+0000] {processor.py:183} INFO - Processing /home/airflow/.local/lib/python3.11/site-packages/airflow/example_dags/example_datasets.py took 0.097 seconds
[2026-03-15T18:06:16.032+0000] {processor.py:161} INFO - Started process (PID=3027) to work on /home/airflow/.local/lib/python3.11/site-packages/airflow/example_dags/example_datasets.py
[2026-03-15T18:06:16.033+0000] {processor.py:830} INFO - Processing file /home/airflow/.local/lib/python3.11/site-packages/airflow/example_dags/example_datasets.py for tasks to queue
[2026-03-15T18:06:16.035+0000] {logging_mixin.py:188} INFO - [2026-03-15T18:06:16.035+0000] {dagbag.py:540} INFO - Filling up the DagBag from /home/airflow/.local/lib/python3.11/site-packages/airflow/example_dags/example_datasets.py
[2026-03-15T18:06:16.043+0000] {processor.py:840} INFO - DAG(s) 'dataset_produces_1', 'dataset_produces_2', 'dataset_consumes_1', 'dataset_consumes_1_and_2', 'dataset_consumes_1_never_scheduled', 'dataset_consumes_unknown_never_scheduled' retrieved from /home/airflow/.local/lib/python3.11/site-packages/airflow/example_dags/example_datasets.py
[2026-03-15T18:06:16.072+0000] {logging_mixin.py:188} INFO - [2026-03-15T18:06:16.071+0000] {dag.py:3047} INFO - Sync 6 DAGs
[2026-03-15T18:06:16.094+0000] {logging_mixin.py:188} INFO - [2026-03-15T18:06:16.094+0000] {dag.py:3834} INFO - Setting next_dagrun for dataset_consumes_1 to None, run_after=None
[2026-03-15T18:06:16.098+0000] {logging_mixin.py:188} INFO - [2026-03-15T18:06:16.098+0000] {dag.py:3834} INFO - Setting next_dagrun for dataset_consumes_1_and_2 to None, run_after=None
[2026-03-15T18:06:16.100+0000] {logging_mixin.py:188} INFO - [2026-03-15T18:06:16.099+0000] {dag.py:3834} INFO - Setting next_dagrun for dataset_consumes_1_never_scheduled to None, run_after=None
[2026-03-15T18:06:16.101+0000] {logging_mixin.py:188} INFO - [2026-03-15T18:06:16.100+0000] {dag.py:3834} INFO - Setting next_dagrun for dataset_consumes_unknown_never_scheduled to None, run_after=None
[2026-03-15T18:06:16.103+0000] {logging_mixin.py:188} INFO - [2026-03-15T18:06:16.102+0000] {dag.py:3834} INFO - Setting next_dagrun for dataset_produces_1 to 2026-03-14 00:00:00+00:00, run_after=2026-03-15 00:00:00+00:00
[2026-03-15T18:06:16.103+0000] {logging_mixin.py:188} INFO - [2026-03-15T18:06:16.103+0000] {dag.py:3834} INFO - Setting next_dagrun for dataset_produces_2 to None, run_after=None
[2026-03-15T18:06:16.127+0000] {processor.py:183} INFO - Processing /home/airflow/.local/lib/python3.11/site-packages/airflow/example_dags/example_datasets.py took 0.098 seconds
[2026-03-15T18:06:19.732+0000] {processor.py:161} INFO - Started process (PID=3077) to work on /home/airflow/.local/lib/python3.11/site-packages/airflow/example_dags/example_datasets.py
[2026-03-15T18:06:19.733+0000] {processor.py:830} INFO - Processing file /home/airflow/.local/lib/python3.11/site-packages/airflow/example_dags/example_datasets.py for tasks to queue
[2026-03-15T18:06:19.735+0000] {logging_mixin.py:188} INFO - [2026-03-15T18:06:19.735+0000] {dagbag.py:540} INFO - Filling up the DagBag from /home/airflow/.local/lib/python3.11/site-packages/airflow/example_dags/example_datasets.py
[2026-03-15T18:06:19.743+0000] {processor.py:840} INFO - DAG(s) 'dataset_consumes_1', 'dataset_produces_1', 'dataset_consumes_1_and_2', 'dataset_produces_2', 'dataset_consumes_1_never_scheduled', 'dataset_consumes_unknown_never_scheduled' retrieved from /home/airflow/.local/lib/python3.11/site-packages/airflow/example_dags/example_datasets.py
[2026-03-15T18:06:19.770+0000] {logging_mixin.py:188} INFO - [2026-03-15T18:06:19.770+0000] {dag.py:3047} INFO - Sync 6 DAGs
[2026-03-15T18:06:19.787+0000] {logging_mixin.py:188} INFO - [2026-03-15T18:06:19.786+0000] {dag.py:3834} INFO - Setting next_dagrun for dataset_consumes_1 to None, run_after=None
[2026-03-15T18:06:19.789+0000] {logging_mixin.py:188} INFO - [2026-03-15T18:06:19.789+0000] {dag.py:3834} INFO - Setting next_dagrun for dataset_consumes_1_and_2 to None, run_after=None
[2026-03-15T18:06:19.791+0000] {logging_mixin.py:188} INFO - [2026-03-15T18:06:19.790+0000] {dag.py:3834} INFO - Setting next_dagrun for dataset_consumes_1_never_scheduled to None, run_after=None
[2026-03-15T18:06:19.791+0000] {logging_mixin.py:188} INFO - [2026-03-15T18:06:19.791+0000] {dag.py:3834} INFO - Setting next_dagrun for dataset_consumes_unknown_never_scheduled to None, run_after=None
[2026-03-15T18:06:19.793+0000] {logging_mixin.py:188} INFO - [2026-03-15T18:06:19.793+0000] {dag.py:3834} INFO - Setting next_dagrun for dataset_produces_1 to 2026-03-14 00:00:00+00:00, run_after=2026-03-15 00:00:00+00:00
[2026-03-15T18:06:19.794+0000] {logging_mixin.py:188} INFO - [2026-03-15T18:06:19.794+0000] {dag.py:3834} INFO - Setting next_dagrun for dataset_produces_2 to None, run_after=None
[2026-03-15T18:06:19.819+0000] {processor.py:183} INFO - Processing /home/airflow/.local/lib/python3.11/site-packages/airflow/example_dags/example_datasets.py took 0.091 seconds
[2026-03-15T18:06:24.833+0000] {processor.py:161} INFO - Started process (PID=3127) to work on /home/airflow/.local/lib/python3.11/site-packages/airflow/example_dags/example_datasets.py
[2026-03-15T18:06:24.834+0000] {processor.py:830} INFO - Processing file /home/airflow/.local/lib/python3.11/site-packages/airflow/example_dags/example_datasets.py for tasks to queue
[2026-03-15T18:06:24.835+0000] {logging_mixin.py:188} INFO - [2026-03-15T18:06:24.835+0000] {dagbag.py:540} INFO - Filling up the DagBag from /home/airflow/.local/lib/python3.11/site-packages/airflow/example_dags/example_datasets.py
[2026-03-15T18:06:24.844+0000] {processor.py:840} INFO - DAG(s) 'dataset_produces_2', 'dataset_consumes_1_never_scheduled', 'dataset_produces_1', 'dataset_consumes_1_and_2', 'dataset_consumes_unknown_never_scheduled', 'dataset_consumes_1' retrieved from /home/airflow/.local/lib/python3.11/site-packages/airflow/example_dags/example_datasets.py
[2026-03-15T18:06:24.870+0000] {logging_mixin.py:188} INFO - [2026-03-15T18:06:24.869+0000] {dag.py:3047} INFO - Sync 6 DAGs
[2026-03-15T18:06:24.887+0000] {logging_mixin.py:188} INFO - [2026-03-15T18:06:24.886+0000] {dag.py:3834} INFO - Setting next_dagrun for dataset_consumes_1 to None, run_after=None
[2026-03-15T18:06:24.890+0000] {logging_mixin.py:188} INFO - [2026-03-15T18:06:24.889+0000] {dag.py:3834} INFO - Setting next_dagrun for dataset_consumes_1_and_2 to None, run_after=None
[2026-03-15T18:06:24.891+0000] {logging_mixin.py:188} INFO - [2026-03-15T18:06:24.891+0000] {dag.py:3834} INFO - Setting next_dagrun for dataset_consumes_1_never_scheduled to None, run_after=None
[2026-03-15T18:06:24.892+0000] {logging_mixin.py:188} INFO - [2026-03-15T18:06:24.892+0000] {dag.py:3834} INFO - Setting next_dagrun for dataset_consumes_unknown_never_scheduled to None, run_after=None
[2026-03-15T18:06:24.894+0000] {logging_mixin.py:188} INFO - [2026-03-15T18:06:24.894+0000] {dag.py:3834} INFO - Setting next_dagrun for dataset_produces_1 to 2026-03-14 00:00:00+00:00, run_after=2026-03-15 00:00:00+00:00
[2026-03-15T18:06:24.895+0000] {logging_mixin.py:188} INFO - [2026-03-15T18:06:24.895+0000] {dag.py:3834} INFO - Setting next_dagrun for dataset_produces_2 to None, run_after=None
[2026-03-15T18:06:24.916+0000] {processor.py:183} INFO - Processing /home/airflow/.local/lib/python3.11/site-packages/airflow/example_dags/example_datasets.py took 0.086 seconds
[2026-03-15T18:06:29.325+0000] {processor.py:161} INFO - Started process (PID=3175) to work on /home/airflow/.local/lib/python3.11/site-packages/airflow/example_dags/example_datasets.py
[2026-03-15T18:06:29.326+0000] {processor.py:830} INFO - Processing file /home/airflow/.local/lib/python3.11/site-packages/airflow/example_dags/example_datasets.py for tasks to queue
[2026-03-15T18:06:29.328+0000] {logging_mixin.py:188} INFO - [2026-03-15T18:06:29.328+0000] {dagbag.py:540} INFO - Filling up the DagBag from /home/airflow/.local/lib/python3.11/site-packages/airflow/example_dags/example_datasets.py
[2026-03-15T18:06:29.336+0000] {processor.py:840} INFO - DAG(s) 'dataset_consumes_1', 'dataset_consumes_1_and_2', 'dataset_produces_2', 'dataset_consumes_unknown_never_scheduled', 'dataset_consumes_1_never_scheduled', 'dataset_produces_1' retrieved from /home/airflow/.local/lib/python3.11/site-packages/airflow/example_dags/example_datasets.py
[2026-03-15T18:06:29.361+0000] {logging_mixin.py:188} INFO - [2026-03-15T18:06:29.360+0000] {dag.py:3047} INFO - Sync 6 DAGs
[2026-03-15T18:06:29.378+0000] {logging_mixin.py:188} INFO - [2026-03-15T18:06:29.378+0000] {dag.py:3834} INFO - Setting next_dagrun for dataset_consumes_1 to None, run_after=None
[2026-03-15T18:06:29.381+0000] {logging_mixin.py:188} INFO - [2026-03-15T18:06:29.381+0000] {dag.py:3834} INFO - Setting next_dagrun for dataset_consumes_1_and_2 to None, run_after=None
[2026-03-15T18:06:29.382+0000] {logging_mixin.py:188} INFO - [2026-03-15T18:06:29.382+0000] {dag.py:3834} INFO - Setting next_dagrun for dataset_consumes_1_never_scheduled to None, run_after=None
[2026-03-15T18:06:29.383+0000] {logging_mixin.py:188} INFO - [2026-03-15T18:06:29.383+0000] {dag.py:3834} INFO - Setting next_dagrun for dataset_consumes_unknown_never_scheduled to None, run_after=None
[2026-03-15T18:06:29.385+0000] {logging_mixin.py:188} INFO - [2026-03-15T18:06:29.385+0000] {dag.py:3834} INFO - Setting next_dagrun for dataset_produces_1 to 2026-03-14 00:00:00+00:00, run_after=2026-03-15 00:00:00+00:00
[2026-03-15T18:06:29.386+0000] {logging_mixin.py:188} INFO - [2026-03-15T18:06:29.386+0000] {dag.py:3834} INFO - Setting next_dagrun for dataset_produces_2 to None, run_after=None
[2026-03-15T18:06:29.410+0000] {processor.py:183} INFO - Processing /home/airflow/.local/lib/python3.11/site-packages/airflow/example_dags/example_datasets.py took 0.090 seconds
[2026-03-15T18:06:59.786+0000] {processor.py:161} INFO - Started process (PID=3225) to work on /home/airflow/.local/lib/python3.11/site-packages/airflow/example_dags/example_datasets.py
[2026-03-15T18:06:59.787+0000] {processor.py:830} INFO - Processing file /home/airflow/.local/lib/python3.11/site-packages/airflow/example_dags/example_datasets.py for tasks to queue
[2026-03-15T18:06:59.790+0000] {logging_mixin.py:188} INFO - [2026-03-15T18:06:59.789+0000] {dagbag.py:540} INFO - Filling up the DagBag from /home/airflow/.local/lib/python3.11/site-packages/airflow/example_dags/example_datasets.py
[2026-03-15T18:06:59.797+0000] {processor.py:840} INFO - DAG(s) 'dataset_consumes_1', 'dataset_produces_1', 'dataset_produces_2', 'dataset_consumes_1_never_scheduled', 'dataset_consumes_unknown_never_scheduled', 'dataset_consumes_1_and_2' retrieved from /home/airflow/.local/lib/python3.11/site-packages/airflow/example_dags/example_datasets.py
[2026-03-15T18:06:59.819+0000] {logging_mixin.py:188} INFO - [2026-03-15T18:06:59.819+0000] {dag.py:3047} INFO - Sync 6 DAGs
[2026-03-15T18:06:59.834+0000] {logging_mixin.py:188} INFO - [2026-03-15T18:06:59.834+0000] {dag.py:3834} INFO - Setting next_dagrun for dataset_consumes_1 to None, run_after=None
[2026-03-15T18:06:59.837+0000] {logging_mixin.py:188} INFO - [2026-03-15T18:06:59.837+0000] {dag.py:3834} INFO - Setting next_dagrun for dataset_consumes_1_and_2 to None, run_after=None
[2026-03-15T18:06:59.838+0000] {logging_mixin.py:188} INFO - [2026-03-15T18:06:59.838+0000] {dag.py:3834} INFO - Setting next_dagrun for dataset_consumes_1_never_scheduled to None, run_after=None
[2026-03-15T18:06:59.840+0000] {logging_mixin.py:188} INFO - [2026-03-15T18:06:59.839+0000] {dag.py:3834} INFO - Setting next_dagrun for dataset_consumes_unknown_never_scheduled to None, run_after=None
[2026-03-15T18:06:59.842+0000] {logging_mixin.py:188} INFO - [2026-03-15T18:06:59.841+0000] {dag.py:3834} INFO - Setting next_dagrun for dataset_produces_1 to 2026-03-14 00:00:00+00:00, run_after=2026-03-15 00:00:00+00:00
[2026-03-15T18:06:59.843+0000] {logging_mixin.py:188} INFO - [2026-03-15T18:06:59.842+0000] {dag.py:3834} INFO - Setting next_dagrun for dataset_produces_2 to None, run_after=None
[2026-03-15T18:06:59.866+0000] {processor.py:183} INFO - Processing /home/airflow/.local/lib/python3.11/site-packages/airflow/example_dags/example_datasets.py took 0.082 seconds
[2026-03-15T18:07:04.460+0000] {processor.py:161} INFO - Started process (PID=3281) to work on /home/airflow/.local/lib/python3.11/site-packages/airflow/example_dags/example_datasets.py
[2026-03-15T18:07:04.461+0000] {processor.py:830} INFO - Processing file /home/airflow/.local/lib/python3.11/site-packages/airflow/example_dags/example_datasets.py for tasks to queue
[2026-03-15T18:07:04.463+0000] {logging_mixin.py:188} INFO - [2026-03-15T18:07:04.463+0000] {dagbag.py:540} INFO - Filling up the DagBag from /home/airflow/.local/lib/python3.11/site-packages/airflow/example_dags/example_datasets.py
[2026-03-15T18:07:04.471+0000] {processor.py:840} INFO - DAG(s) 'dataset_consumes_1_and_2', 'dataset_consumes_1_never_scheduled', 'dataset_consumes_1', 'dataset_produces_2', 'dataset_consumes_unknown_never_scheduled', 'dataset_produces_1' retrieved from /home/airflow/.local/lib/python3.11/site-packages/airflow/example_dags/example_datasets.py
[2026-03-15T18:07:04.494+0000] {logging_mixin.py:188} INFO - [2026-03-15T18:07:04.494+0000] {dag.py:3047} INFO - Sync 6 DAGs
[2026-03-15T18:07:04.511+0000] {logging_mixin.py:188} INFO - [2026-03-15T18:07:04.511+0000] {dag.py:3834} INFO - Setting next_dagrun for dataset_consumes_1 to None, run_after=None
[2026-03-15T18:07:04.514+0000] {logging_mixin.py:188} INFO - [2026-03-15T18:07:04.514+0000] {dag.py:3834} INFO - Setting next_dagrun for dataset_consumes_1_and_2 to None, run_after=None
[2026-03-15T18:07:04.515+0000] {logging_mixin.py:188} INFO - [2026-03-15T18:07:04.515+0000] {dag.py:3834} INFO - Setting next_dagrun for dataset_consumes_1_never_scheduled to None, run_after=None
[2026-03-15T18:07:04.516+0000] {logging_mixin.py:188} INFO - [2026-03-15T18:07:04.516+0000] {dag.py:3834} INFO - Setting next_dagrun for dataset_consumes_unknown_never_scheduled to None, run_after=None
[2026-03-15T18:07:04.518+0000] {logging_mixin.py:188} INFO - [2026-03-15T18:07:04.518+0000] {dag.py:3834} INFO - Setting next_dagrun for dataset_produces_1 to 2026-03-14 00:00:00+00:00, run_after=2026-03-15 00:00:00+00:00
[2026-03-15T18:07:04.519+0000] {logging_mixin.py:188} INFO - [2026-03-15T18:07:04.519+0000] {dag.py:3834} INFO - Setting next_dagrun for dataset_produces_2 to None, run_after=None
[2026-03-15T18:07:04.541+0000] {processor.py:183} INFO - Processing /home/airflow/.local/lib/python3.11/site-packages/airflow/example_dags/example_datasets.py took 0.084 seconds
[2026-03-15T18:07:35.056+0000] {processor.py:161} INFO - Started process (PID=3335) to work on /home/airflow/.local/lib/python3.11/site-packages/airflow/example_dags/example_datasets.py
[2026-03-15T18:07:35.058+0000] {processor.py:830} INFO - Processing file /home/airflow/.local/lib/python3.11/site-packages/airflow/example_dags/example_datasets.py for tasks to queue
[2026-03-15T18:07:35.060+0000] {logging_mixin.py:188} INFO - [2026-03-15T18:07:35.059+0000] {dagbag.py:540} INFO - Filling up the DagBag from /home/airflow/.local/lib/python3.11/site-packages/airflow/example_dags/example_datasets.py
[2026-03-15T18:07:35.068+0000] {processor.py:840} INFO - DAG(s) 'dataset_produces_1', 'dataset_consumes_1_never_scheduled', 'dataset_produces_2', 'dataset_consumes_1', 'dataset_consumes_1_and_2', 'dataset_consumes_unknown_never_scheduled' retrieved from /home/airflow/.local/lib/python3.11/site-packages/airflow/example_dags/example_datasets.py
[2026-03-15T18:07:35.094+0000] {logging_mixin.py:188} INFO - [2026-03-15T18:07:35.094+0000] {dag.py:3047} INFO - Sync 6 DAGs
[2026-03-15T18:07:35.113+0000] {logging_mixin.py:188} INFO - [2026-03-15T18:07:35.113+0000] {dag.py:3834} INFO - Setting next_dagrun for dataset_consumes_1 to None, run_after=None
[2026-03-15T18:07:35.120+0000] {logging_mixin.py:188} INFO - [2026-03-15T18:07:35.120+0000] {dag.py:3834} INFO - Setting next_dagrun for dataset_consumes_1_and_2 to None, run_after=None
[2026-03-15T18:07:35.132+0000] {logging_mixin.py:188} INFO - [2026-03-15T18:07:35.131+0000] {dag.py:3834} INFO - Setting next_dagrun for dataset_consumes_1_never_scheduled to None, run_after=None
[2026-03-15T18:07:35.138+0000] {logging_mixin.py:188} INFO - [2026-03-15T18:07:35.138+0000] {dag.py:3834} INFO - Setting next_dagrun for dataset_consumes_unknown_never_scheduled to None, run_after=None
[2026-03-15T18:07:35.140+0000] {logging_mixin.py:188} INFO - [2026-03-15T18:07:35.140+0000] {dag.py:3834} INFO - Setting next_dagrun for dataset_produces_1 to 2026-03-14 00:00:00+00:00, run_after=2026-03-15 00:00:00+00:00
[2026-03-15T18:07:35.144+0000] {logging_mixin.py:188} INFO - [2026-03-15T18:07:35.144+0000] {dag.py:3834} INFO - Setting next_dagrun for dataset_produces_2 to None, run_after=None
[2026-03-15T18:07:35.170+0000] {processor.py:183} INFO - Processing /home/airflow/.local/lib/python3.11/site-packages/airflow/example_dags/example_datasets.py took 0.118 seconds
[2026-03-15T18:08:05.214+0000] {processor.py:161} INFO - Started process (PID=3388) to work on /home/airflow/.local/lib/python3.11/site-packages/airflow/example_dags/example_datasets.py
[2026-03-15T18:08:05.216+0000] {processor.py:830} INFO - Processing file /home/airflow/.local/lib/python3.11/site-packages/airflow/example_dags/example_datasets.py for tasks to queue
[2026-03-15T18:08:05.217+0000] {logging_mixin.py:188} INFO - [2026-03-15T18:08:05.217+0000] {dagbag.py:540} INFO - Filling up the DagBag from /home/airflow/.local/lib/python3.11/site-packages/airflow/example_dags/example_datasets.py
[2026-03-15T18:08:05.225+0000] {processor.py:840} INFO - DAG(s) 'dataset_consumes_unknown_never_scheduled', 'dataset_consumes_1_and_2', 'dataset_consumes_1', 'dataset_produces_1', 'dataset_produces_2', 'dataset_consumes_1_never_scheduled' retrieved from /home/airflow/.local/lib/python3.11/site-packages/airflow/example_dags/example_datasets.py
[2026-03-15T18:08:05.250+0000] {logging_mixin.py:188} INFO - [2026-03-15T18:08:05.250+0000] {dag.py:3047} INFO - Sync 6 DAGs
[2026-03-15T18:08:05.270+0000] {logging_mixin.py:188} INFO - [2026-03-15T18:08:05.270+0000] {dag.py:3834} INFO - Setting next_dagrun for dataset_consumes_1 to None, run_after=None
[2026-03-15T18:08:05.273+0000] {logging_mixin.py:188} INFO - [2026-03-15T18:08:05.273+0000] {dag.py:3834} INFO - Setting next_dagrun for dataset_consumes_1_and_2 to None, run_after=None
[2026-03-15T18:08:05.274+0000] {logging_mixin.py:188} INFO - [2026-03-15T18:08:05.274+0000] {dag.py:3834} INFO - Setting next_dagrun for dataset_consumes_1_never_scheduled to None, run_after=None
[2026-03-15T18:08:05.275+0000] {logging_mixin.py:188} INFO - [2026-03-15T18:08:05.275+0000] {dag.py:3834} INFO - Setting next_dagrun for dataset_consumes_unknown_never_scheduled to None, run_after=None
[2026-03-15T18:08:05.277+0000] {logging_mixin.py:188} INFO - [2026-03-15T18:08:05.277+0000] {dag.py:3834} INFO - Setting next_dagrun for dataset_produces_1 to 2026-03-14 00:00:00+00:00, run_after=2026-03-15 00:00:00+00:00
[2026-03-15T18:08:05.278+0000] {logging_mixin.py:188} INFO - [2026-03-15T18:08:05.278+0000] {dag.py:3834} INFO - Setting next_dagrun for dataset_produces_2 to None, run_after=None
[2026-03-15T18:08:05.303+0000] {processor.py:183} INFO - Processing /home/airflow/.local/lib/python3.11/site-packages/airflow/example_dags/example_datasets.py took 0.091 seconds
[2026-03-15T18:08:09.645+0000] {processor.py:161} INFO - Started process (PID=3439) to work on /home/airflow/.local/lib/python3.11/site-packages/airflow/example_dags/example_datasets.py
[2026-03-15T18:08:09.646+0000] {processor.py:830} INFO - Processing file /home/airflow/.local/lib/python3.11/site-packages/airflow/example_dags/example_datasets.py for tasks to queue
[2026-03-15T18:08:09.648+0000] {logging_mixin.py:188} INFO - [2026-03-15T18:08:09.648+0000] {dagbag.py:540} INFO - Filling up the DagBag from /home/airflow/.local/lib/python3.11/site-packages/airflow/example_dags/example_datasets.py
[2026-03-15T18:08:09.656+0000] {processor.py:840} INFO - DAG(s) 'dataset_produces_1', 'dataset_produces_2', 'dataset_consumes_1', 'dataset_consumes_1_and_2', 'dataset_consumes_unknown_never_scheduled', 'dataset_consumes_1_never_scheduled' retrieved from /home/airflow/.local/lib/python3.11/site-packages/airflow/example_dags/example_datasets.py
[2026-03-15T18:08:09.684+0000] {logging_mixin.py:188} INFO - [2026-03-15T18:08:09.684+0000] {dag.py:3047} INFO - Sync 6 DAGs
[2026-03-15T18:08:09.702+0000] {logging_mixin.py:188} INFO - [2026-03-15T18:08:09.701+0000] {dag.py:3834} INFO - Setting next_dagrun for dataset_consumes_1 to None, run_after=None
[2026-03-15T18:08:09.704+0000] {logging_mixin.py:188} INFO - [2026-03-15T18:08:09.704+0000] {dag.py:3834} INFO - Setting next_dagrun for dataset_consumes_1_and_2 to None, run_after=None
[2026-03-15T18:08:09.705+0000] {logging_mixin.py:188} INFO - [2026-03-15T18:08:09.705+0000] {dag.py:3834} INFO - Setting next_dagrun for dataset_consumes_1_never_scheduled to None, run_after=None
[2026-03-15T18:08:09.706+0000] {logging_mixin.py:188} INFO - [2026-03-15T18:08:09.706+0000] {dag.py:3834} INFO - Setting next_dagrun for dataset_consumes_unknown_never_scheduled to None, run_after=None
[2026-03-15T18:08:09.708+0000] {logging_mixin.py:188} INFO - [2026-03-15T18:08:09.708+0000] {dag.py:3834} INFO - Setting next_dagrun for dataset_produces_1 to 2026-03-14 00:00:00+00:00, run_after=2026-03-15 00:00:00+00:00
[2026-03-15T18:08:09.709+0000] {logging_mixin.py:188} INFO - [2026-03-15T18:08:09.709+0000] {dag.py:3834} INFO - Setting next_dagrun for dataset_produces_2 to None, run_after=None
[2026-03-15T18:08:09.732+0000] {processor.py:183} INFO - Processing /home/airflow/.local/lib/python3.11/site-packages/airflow/example_dags/example_datasets.py took 0.089 seconds
[2026-03-15T18:08:15.605+0000] {processor.py:161} INFO - Started process (PID=3489) to work on /home/airflow/.local/lib/python3.11/site-packages/airflow/example_dags/example_datasets.py
[2026-03-15T18:08:15.606+0000] {processor.py:830} INFO - Processing file /home/airflow/.local/lib/python3.11/site-packages/airflow/example_dags/example_datasets.py for tasks to queue
[2026-03-15T18:08:15.608+0000] {logging_mixin.py:188} INFO - [2026-03-15T18:08:15.608+0000] {dagbag.py:540} INFO - Filling up the DagBag from /home/airflow/.local/lib/python3.11/site-packages/airflow/example_dags/example_datasets.py
[2026-03-15T18:08:15.617+0000] {processor.py:840} INFO - DAG(s) 'dataset_consumes_1_never_scheduled', 'dataset_produces_2', 'dataset_consumes_unknown_never_scheduled', 'dataset_produces_1', 'dataset_consumes_1_and_2', 'dataset_consumes_1' retrieved from /home/airflow/.local/lib/python3.11/site-packages/airflow/example_dags/example_datasets.py
[2026-03-15T18:08:15.642+0000] {logging_mixin.py:188} INFO - [2026-03-15T18:08:15.641+0000] {dag.py:3047} INFO - Sync 6 DAGs
[2026-03-15T18:08:15.657+0000] {logging_mixin.py:188} INFO - [2026-03-15T18:08:15.657+0000] {dag.py:3834} INFO - Setting next_dagrun for dataset_consumes_1 to None, run_after=None
[2026-03-15T18:08:15.660+0000] {logging_mixin.py:188} INFO - [2026-03-15T18:08:15.660+0000] {dag.py:3834} INFO - Setting next_dagrun for dataset_consumes_1_and_2 to None, run_after=None
[2026-03-15T18:08:15.661+0000] {logging_mixin.py:188} INFO - [2026-03-15T18:08:15.661+0000] {dag.py:3834} INFO - Setting next_dagrun for dataset_consumes_1_never_scheduled to None, run_after=None
[2026-03-15T18:08:15.662+0000] {logging_mixin.py:188} INFO - [2026-03-15T18:08:15.662+0000] {dag.py:3834} INFO - Setting next_dagrun for dataset_consumes_unknown_never_scheduled to None, run_after=None
[2026-03-15T18:08:15.664+0000] {logging_mixin.py:188} INFO - [2026-03-15T18:08:15.664+0000] {dag.py:3834} INFO - Setting next_dagrun for dataset_produces_1 to 2026-03-14 00:00:00+00:00, run_after=2026-03-15 00:00:00+00:00
[2026-03-15T18:08:15.665+0000] {logging_mixin.py:188} INFO - [2026-03-15T18:08:15.665+0000] {dag.py:3834} INFO - Setting next_dagrun for dataset_produces_2 to None, run_after=None
[2026-03-15T18:08:15.687+0000] {processor.py:183} INFO - Processing /home/airflow/.local/lib/python3.11/site-packages/airflow/example_dags/example_datasets.py took 0.084 seconds
[2026-03-15T18:08:45.332+0000] {processor.py:161} INFO - Started process (PID=3545) to work on /home/airflow/.local/lib/python3.11/site-packages/airflow/example_dags/example_datasets.py
[2026-03-15T18:08:45.333+0000] {processor.py:830} INFO - Processing file /home/airflow/.local/lib/python3.11/site-packages/airflow/example_dags/example_datasets.py for tasks to queue
[2026-03-15T18:08:45.335+0000] {logging_mixin.py:188} INFO - [2026-03-15T18:08:45.335+0000] {dagbag.py:540} INFO - Filling up the DagBag from /home/airflow/.local/lib/python3.11/site-packages/airflow/example_dags/example_datasets.py
[2026-03-15T18:08:45.343+0000] {processor.py:840} INFO - DAG(s) 'dataset_consumes_unknown_never_scheduled', 'dataset_produces_1', 'dataset_consumes_1', 'dataset_consumes_1_and_2', 'dataset_produces_2', 'dataset_consumes_1_never_scheduled' retrieved from /home/airflow/.local/lib/python3.11/site-packages/airflow/example_dags/example_datasets.py
[2026-03-15T18:08:45.370+0000] {logging_mixin.py:188} INFO - [2026-03-15T18:08:45.370+0000] {dag.py:3047} INFO - Sync 6 DAGs
[2026-03-15T18:08:45.386+0000] {logging_mixin.py:188} INFO - [2026-03-15T18:08:45.386+0000] {dag.py:3834} INFO - Setting next_dagrun for dataset_consumes_1 to None, run_after=None
[2026-03-15T18:08:45.389+0000] {logging_mixin.py:188} INFO - [2026-03-15T18:08:45.389+0000] {dag.py:3834} INFO - Setting next_dagrun for dataset_consumes_1_and_2 to None, run_after=None
[2026-03-15T18:08:45.390+0000] {logging_mixin.py:188} INFO - [2026-03-15T18:08:45.390+0000] {dag.py:3834} INFO - Setting next_dagrun for dataset_consumes_1_never_scheduled to None, run_after=None
[2026-03-15T18:08:45.391+0000] {logging_mixin.py:188} INFO - [2026-03-15T18:08:45.391+0000] {dag.py:3834} INFO - Setting next_dagrun for dataset_consumes_unknown_never_scheduled to None, run_after=None
[2026-03-15T18:08:45.393+0000] {logging_mixin.py:188} INFO - [2026-03-15T18:08:45.393+0000] {dag.py:3834} INFO - Setting next_dagrun for dataset_produces_1 to 2026-03-14 00:00:00+00:00, run_after=2026-03-15 00:00:00+00:00
[2026-03-15T18:08:45.394+0000] {logging_mixin.py:188} INFO - [2026-03-15T18:08:45.394+0000] {dag.py:3834} INFO - Setting next_dagrun for dataset_produces_2 to None, run_after=None
[2026-03-15T18:08:45.418+0000] {processor.py:183} INFO - Processing /home/airflow/.local/lib/python3.11/site-packages/airflow/example_dags/example_datasets.py took 0.089 seconds
[2026-03-15T18:09:15.370+0000] {processor.py:161} INFO - Started process (PID=3601) to work on /home/airflow/.local/lib/python3.11/site-packages/airflow/example_dags/example_datasets.py
[2026-03-15T18:09:15.371+0000] {processor.py:830} INFO - Processing file /home/airflow/.local/lib/python3.11/site-packages/airflow/example_dags/example_datasets.py for tasks to queue
[2026-03-15T18:09:15.373+0000] {logging_mixin.py:188} INFO - [2026-03-15T18:09:15.372+0000] {dagbag.py:540} INFO - Filling up the DagBag from /home/airflow/.local/lib/python3.11/site-packages/airflow/example_dags/example_datasets.py
[2026-03-15T18:09:15.381+0000] {processor.py:840} INFO - DAG(s) 'dataset_consumes_1', 'dataset_produces_1', 'dataset_consumes_unknown_never_scheduled', 'dataset_produces_2', 'dataset_consumes_1_never_scheduled', 'dataset_consumes_1_and_2' retrieved from /home/airflow/.local/lib/python3.11/site-packages/airflow/example_dags/example_datasets.py
[2026-03-15T18:09:15.407+0000] {logging_mixin.py:188} INFO - [2026-03-15T18:09:15.407+0000] {dag.py:3047} INFO - Sync 6 DAGs
[2026-03-15T18:09:15.428+0000] {logging_mixin.py:188} INFO - [2026-03-15T18:09:15.428+0000] {dag.py:3834} INFO - Setting next_dagrun for dataset_consumes_1 to None, run_after=None
[2026-03-15T18:09:15.436+0000] {logging_mixin.py:188} INFO - [2026-03-15T18:09:15.436+0000] {dag.py:3834} INFO - Setting next_dagrun for dataset_consumes_1_and_2 to None, run_after=None
[2026-03-15T18:09:15.437+0000] {logging_mixin.py:188} INFO - [2026-03-15T18:09:15.437+0000] {dag.py:3834} INFO - Setting next_dagrun for dataset_consumes_1_never_scheduled to None, run_after=None
[2026-03-15T18:09:15.438+0000] {logging_mixin.py:188} INFO - [2026-03-15T18:09:15.438+0000] {dag.py:3834} INFO - Setting next_dagrun for dataset_consumes_unknown_never_scheduled to None, run_after=None
[2026-03-15T18:09:15.440+0000] {logging_mixin.py:188} INFO - [2026-03-15T18:09:15.440+0000] {dag.py:3834} INFO - Setting next_dagrun for dataset_produces_1 to 2026-03-14 00:00:00+00:00, run_after=2026-03-15 00:00:00+00:00
[2026-03-15T18:09:15.441+0000] {logging_mixin.py:188} INFO - [2026-03-15T18:09:15.441+0000] {dag.py:3834} INFO - Setting next_dagrun for dataset_produces_2 to None, run_after=None
[2026-03-15T18:09:15.466+0000] {processor.py:183} INFO - Processing /home/airflow/.local/lib/python3.11/site-packages/airflow/example_dags/example_datasets.py took 0.099 seconds
[2026-03-15T18:09:19.449+0000] {processor.py:161} INFO - Started process (PID=3646) to work on /home/airflow/.local/lib/python3.11/site-packages/airflow/example_dags/example_datasets.py
[2026-03-15T18:09:19.450+0000] {processor.py:830} INFO - Processing file /home/airflow/.local/lib/python3.11/site-packages/airflow/example_dags/example_datasets.py for tasks to queue
[2026-03-15T18:09:19.452+0000] {logging_mixin.py:188} INFO - [2026-03-15T18:09:19.452+0000] {dagbag.py:540} INFO - Filling up the DagBag from /home/airflow/.local/lib/python3.11/site-packages/airflow/example_dags/example_datasets.py
[2026-03-15T18:09:19.461+0000] {processor.py:840} INFO - DAG(s) 'dataset_consumes_1_and_2', 'dataset_consumes_unknown_never_scheduled', 'dataset_consumes_1_never_scheduled', 'dataset_consumes_1', 'dataset_produces_1', 'dataset_produces_2' retrieved from /home/airflow/.local/lib/python3.11/site-packages/airflow/example_dags/example_datasets.py
[2026-03-15T18:09:19.486+0000] {logging_mixin.py:188} INFO - [2026-03-15T18:09:19.486+0000] {dag.py:3047} INFO - Sync 6 DAGs
[2026-03-15T18:09:19.502+0000] {logging_mixin.py:188} INFO - [2026-03-15T18:09:19.502+0000] {dag.py:3834} INFO - Setting next_dagrun for dataset_consumes_1 to None, run_after=None
[2026-03-15T18:09:19.506+0000] {logging_mixin.py:188} INFO - [2026-03-15T18:09:19.506+0000] {dag.py:3834} INFO - Setting next_dagrun for dataset_consumes_1_and_2 to None, run_after=None
[2026-03-15T18:09:19.507+0000] {logging_mixin.py:188} INFO - [2026-03-15T18:09:19.507+0000] {dag.py:3834} INFO - Setting next_dagrun for dataset_consumes_1_never_scheduled to None, run_after=None
[2026-03-15T18:09:19.508+0000] {logging_mixin.py:188} INFO - [2026-03-15T18:09:19.508+0000] {dag.py:3834} INFO - Setting next_dagrun for dataset_consumes_unknown_never_scheduled to None, run_after=None
[2026-03-15T18:09:19.510+0000] {logging_mixin.py:188} INFO - [2026-03-15T18:09:19.510+0000] {dag.py:3834} INFO - Setting next_dagrun for dataset_produces_1 to 2026-03-14 00:00:00+00:00, run_after=2026-03-15 00:00:00+00:00
[2026-03-15T18:09:19.511+0000] {logging_mixin.py:188} INFO - [2026-03-15T18:09:19.510+0000] {dag.py:3834} INFO - Setting next_dagrun for dataset_produces_2 to None, run_after=None
[2026-03-15T18:09:19.531+0000] {processor.py:183} INFO - Processing /home/airflow/.local/lib/python3.11/site-packages/airflow/example_dags/example_datasets.py took 0.085 seconds
[2026-03-15T18:09:34.707+0000] {processor.py:161} INFO - Started process (PID=3694) to work on /home/airflow/.local/lib/python3.11/site-packages/airflow/example_dags/example_datasets.py
[2026-03-15T18:09:34.708+0000] {processor.py:830} INFO - Processing file /home/airflow/.local/lib/python3.11/site-packages/airflow/example_dags/example_datasets.py for tasks to queue
[2026-03-15T18:09:34.710+0000] {logging_mixin.py:188} INFO - [2026-03-15T18:09:34.710+0000] {dagbag.py:540} INFO - Filling up the DagBag from /home/airflow/.local/lib/python3.11/site-packages/airflow/example_dags/example_datasets.py
[2026-03-15T18:09:34.719+0000] {processor.py:840} INFO - DAG(s) 'dataset_consumes_1', 'dataset_produces_1', 'dataset_produces_2', 'dataset_consumes_unknown_never_scheduled', 'dataset_consumes_1_and_2', 'dataset_consumes_1_never_scheduled' retrieved from /home/airflow/.local/lib/python3.11/site-packages/airflow/example_dags/example_datasets.py
[2026-03-15T18:09:34.746+0000] {logging_mixin.py:188} INFO - [2026-03-15T18:09:34.745+0000] {dag.py:3047} INFO - Sync 6 DAGs
[2026-03-15T18:09:34.766+0000] {logging_mixin.py:188} INFO - [2026-03-15T18:09:34.766+0000] {dag.py:3834} INFO - Setting next_dagrun for dataset_consumes_1 to None, run_after=None
[2026-03-15T18:09:34.769+0000] {logging_mixin.py:188} INFO - [2026-03-15T18:09:34.769+0000] {dag.py:3834} INFO - Setting next_dagrun for dataset_consumes_1_and_2 to None, run_after=None
[2026-03-15T18:09:34.770+0000] {logging_mixin.py:188} INFO - [2026-03-15T18:09:34.770+0000] {dag.py:3834} INFO - Setting next_dagrun for dataset_consumes_1_never_scheduled to None, run_after=None
[2026-03-15T18:09:34.773+0000] {logging_mixin.py:188} INFO - [2026-03-15T18:09:34.773+0000] {dag.py:3834} INFO - Setting next_dagrun for dataset_consumes_unknown_never_scheduled to None, run_after=None
[2026-03-15T18:09:34.775+0000] {logging_mixin.py:188} INFO - [2026-03-15T18:09:34.775+0000] {dag.py:3834} INFO - Setting next_dagrun for dataset_produces_1 to 2026-03-14 00:00:00+00:00, run_after=2026-03-15 00:00:00+00:00
[2026-03-15T18:09:34.776+0000] {logging_mixin.py:188} INFO - [2026-03-15T18:09:34.776+0000] {dag.py:3834} INFO - Setting next_dagrun for dataset_produces_2 to None, run_after=None
[2026-03-15T18:09:34.801+0000] {processor.py:183} INFO - Processing /home/airflow/.local/lib/python3.11/site-packages/airflow/example_dags/example_datasets.py took 0.097 seconds
[2026-03-15T18:10:04.936+0000] {processor.py:161} INFO - Started process (PID=3741) to work on /home/airflow/.local/lib/python3.11/site-packages/airflow/example_dags/example_datasets.py
[2026-03-15T18:10:04.937+0000] {processor.py:830} INFO - Processing file /home/airflow/.local/lib/python3.11/site-packages/airflow/example_dags/example_datasets.py for tasks to queue
[2026-03-15T18:10:04.939+0000] {logging_mixin.py:188} INFO - [2026-03-15T18:10:04.938+0000] {dagbag.py:540} INFO - Filling up the DagBag from /home/airflow/.local/lib/python3.11/site-packages/airflow/example_dags/example_datasets.py
[2026-03-15T18:10:04.947+0000] {processor.py:840} INFO - DAG(s) 'dataset_consumes_1_never_scheduled', 'dataset_produces_1', 'dataset_produces_2', 'dataset_consumes_1', 'dataset_consumes_unknown_never_scheduled', 'dataset_consumes_1_and_2' retrieved from /home/airflow/.local/lib/python3.11/site-packages/airflow/example_dags/example_datasets.py
[2026-03-15T18:10:04.972+0000] {logging_mixin.py:188} INFO - [2026-03-15T18:10:04.972+0000] {dag.py:3047} INFO - Sync 6 DAGs
[2026-03-15T18:10:04.989+0000] {logging_mixin.py:188} INFO - [2026-03-15T18:10:04.988+0000] {dag.py:3834} INFO - Setting next_dagrun for dataset_consumes_1 to None, run_after=None
[2026-03-15T18:10:04.992+0000] {logging_mixin.py:188} INFO - [2026-03-15T18:10:04.992+0000] {dag.py:3834} INFO - Setting next_dagrun for dataset_consumes_1_and_2 to None, run_after=None
[2026-03-15T18:10:04.995+0000] {logging_mixin.py:188} INFO - [2026-03-15T18:10:04.995+0000] {dag.py:3834} INFO - Setting next_dagrun for dataset_consumes_1_never_scheduled to None, run_after=None
[2026-03-15T18:10:04.996+0000] {logging_mixin.py:188} INFO - [2026-03-15T18:10:04.996+0000] {dag.py:3834} INFO - Setting next_dagrun for dataset_consumes_unknown_never_scheduled to None, run_after=None
[2026-03-15T18:10:04.998+0000] {logging_mixin.py:188} INFO - [2026-03-15T18:10:04.998+0000] {dag.py:3834} INFO - Setting next_dagrun for dataset_produces_1 to 2026-03-14 00:00:00+00:00, run_after=2026-03-15 00:00:00+00:00
[2026-03-15T18:10:04.999+0000] {logging_mixin.py:188} INFO - [2026-03-15T18:10:04.998+0000] {dag.py:3834} INFO - Setting next_dagrun for dataset_produces_2 to None, run_after=None
[2026-03-15T18:10:05.020+0000] {processor.py:183} INFO - Processing /home/airflow/.local/lib/python3.11/site-packages/airflow/example_dags/example_datasets.py took 0.087 seconds
[2026-03-15T18:10:59.341+0000] {processor.py:161} INFO - Started process (PID=3792) to work on /home/airflow/.local/lib/python3.11/site-packages/airflow/example_dags/example_datasets.py
[2026-03-15T18:10:59.342+0000] {processor.py:830} INFO - Processing file /home/airflow/.local/lib/python3.11/site-packages/airflow/example_dags/example_datasets.py for tasks to queue
[2026-03-15T18:10:59.345+0000] {logging_mixin.py:188} INFO - [2026-03-15T18:10:59.344+0000] {dagbag.py:540} INFO - Filling up the DagBag from /home/airflow/.local/lib/python3.11/site-packages/airflow/example_dags/example_datasets.py
[2026-03-15T18:10:59.353+0000] {processor.py:840} INFO - DAG(s) 'dataset_consumes_1_never_scheduled', 'dataset_produces_1', 'dataset_consumes_unknown_never_scheduled', 'dataset_produces_2', 'dataset_consumes_1', 'dataset_consumes_1_and_2' retrieved from /home/airflow/.local/lib/python3.11/site-packages/airflow/example_dags/example_datasets.py
[2026-03-15T18:10:59.378+0000] {logging_mixin.py:188} INFO - [2026-03-15T18:10:59.378+0000] {dag.py:3047} INFO - Sync 6 DAGs
[2026-03-15T18:10:59.396+0000] {logging_mixin.py:188} INFO - [2026-03-15T18:10:59.396+0000] {dag.py:3834} INFO - Setting next_dagrun for dataset_consumes_1 to None, run_after=None
[2026-03-15T18:10:59.399+0000] {logging_mixin.py:188} INFO - [2026-03-15T18:10:59.399+0000] {dag.py:3834} INFO - Setting next_dagrun for dataset_consumes_1_and_2 to None, run_after=None
[2026-03-15T18:10:59.400+0000] {logging_mixin.py:188} INFO - [2026-03-15T18:10:59.400+0000] {dag.py:3834} INFO - Setting next_dagrun for dataset_consumes_1_never_scheduled to None, run_after=None
[2026-03-15T18:10:59.402+0000] {logging_mixin.py:188} INFO - [2026-03-15T18:10:59.402+0000] {dag.py:3834} INFO - Setting next_dagrun for dataset_consumes_unknown_never_scheduled to None, run_after=None
[2026-03-15T18:10:59.404+0000] {logging_mixin.py:188} INFO - [2026-03-15T18:10:59.403+0000] {dag.py:3834} INFO - Setting next_dagrun for dataset_produces_1 to 2026-03-14 00:00:00+00:00, run_after=2026-03-15 00:00:00+00:00
[2026-03-15T18:10:59.404+0000] {logging_mixin.py:188} INFO - [2026-03-15T18:10:59.404+0000] {dag.py:3834} INFO - Setting next_dagrun for dataset_produces_2 to None, run_after=None
[2026-03-15T18:10:59.431+0000] {processor.py:183} INFO - Processing /home/airflow/.local/lib/python3.11/site-packages/airflow/example_dags/example_datasets.py took 0.093 seconds
[2026-03-15T18:11:29.878+0000] {processor.py:161} INFO - Started process (PID=3848) to work on /home/airflow/.local/lib/python3.11/site-packages/airflow/example_dags/example_datasets.py
[2026-03-15T18:11:29.879+0000] {processor.py:830} INFO - Processing file /home/airflow/.local/lib/python3.11/site-packages/airflow/example_dags/example_datasets.py for tasks to queue
[2026-03-15T18:11:29.881+0000] {logging_mixin.py:188} INFO - [2026-03-15T18:11:29.881+0000] {dagbag.py:540} INFO - Filling up the DagBag from /home/airflow/.local/lib/python3.11/site-packages/airflow/example_dags/example_datasets.py
[2026-03-15T18:11:29.890+0000] {processor.py:840} INFO - DAG(s) 'dataset_consumes_unknown_never_scheduled', 'dataset_consumes_1_never_scheduled', 'dataset_produces_2', 'dataset_consumes_1', 'dataset_produces_1', 'dataset_consumes_1_and_2' retrieved from /home/airflow/.local/lib/python3.11/site-packages/airflow/example_dags/example_datasets.py
[2026-03-15T18:11:29.917+0000] {logging_mixin.py:188} INFO - [2026-03-15T18:11:29.917+0000] {dag.py:3047} INFO - Sync 6 DAGs
[2026-03-15T18:11:29.945+0000] {logging_mixin.py:188} INFO - [2026-03-15T18:11:29.945+0000] {dag.py:3834} INFO - Setting next_dagrun for dataset_consumes_1 to None, run_after=None
[2026-03-15T18:11:29.949+0000] {logging_mixin.py:188} INFO - [2026-03-15T18:11:29.949+0000] {dag.py:3834} INFO - Setting next_dagrun for dataset_consumes_1_and_2 to None, run_after=None
[2026-03-15T18:11:29.950+0000] {logging_mixin.py:188} INFO - [2026-03-15T18:11:29.950+0000] {dag.py:3834} INFO - Setting next_dagrun for dataset_consumes_1_never_scheduled to None, run_after=None
[2026-03-15T18:11:29.952+0000] {logging_mixin.py:188} INFO - [2026-03-15T18:11:29.952+0000] {dag.py:3834} INFO - Setting next_dagrun for dataset_consumes_unknown_never_scheduled to None, run_after=None
[2026-03-15T18:11:29.954+0000] {logging_mixin.py:188} INFO - [2026-03-15T18:11:29.954+0000] {dag.py:3834} INFO - Setting next_dagrun for dataset_produces_1 to 2026-03-14 00:00:00+00:00, run_after=2026-03-15 00:00:00+00:00
[2026-03-15T18:11:29.955+0000] {logging_mixin.py:188} INFO - [2026-03-15T18:11:29.955+0000] {dag.py:3834} INFO - Setting next_dagrun for dataset_produces_2 to None, run_after=None
[2026-03-15T18:11:29.982+0000] {processor.py:183} INFO - Processing /home/airflow/.local/lib/python3.11/site-packages/airflow/example_dags/example_datasets.py took 0.107 seconds
[2026-03-15T18:11:31.417+0000] {processor.py:161} INFO - Started process (PID=81) to work on /home/airflow/.local/lib/python3.11/site-packages/airflow/example_dags/example_datasets.py
[2026-03-15T18:11:31.419+0000] {processor.py:830} INFO - Processing file /home/airflow/.local/lib/python3.11/site-packages/airflow/example_dags/example_datasets.py for tasks to queue
[2026-03-15T18:11:31.421+0000] {logging_mixin.py:188} INFO - [2026-03-15T18:11:31.421+0000] {dagbag.py:540} INFO - Filling up the DagBag from /home/airflow/.local/lib/python3.11/site-packages/airflow/example_dags/example_datasets.py
[2026-03-15T18:11:31.432+0000] {processor.py:840} INFO - DAG(s) 'dataset_consumes_1_and_2', 'dataset_produces_2', 'dataset_consumes_1', 'dataset_consumes_1_never_scheduled', 'dataset_consumes_unknown_never_scheduled', 'dataset_produces_1' retrieved from /home/airflow/.local/lib/python3.11/site-packages/airflow/example_dags/example_datasets.py
[2026-03-15T18:11:31.468+0000] {logging_mixin.py:188} INFO - [2026-03-15T18:11:31.467+0000] {dag.py:3047} INFO - Sync 6 DAGs
[2026-03-15T18:11:31.512+0000] {logging_mixin.py:188} INFO - [2026-03-15T18:11:31.512+0000] {dag.py:3834} INFO - Setting next_dagrun for dataset_consumes_1 to None, run_after=None
[2026-03-15T18:11:31.519+0000] {logging_mixin.py:188} INFO - [2026-03-15T18:11:31.519+0000] {dag.py:3834} INFO - Setting next_dagrun for dataset_consumes_1_and_2 to None, run_after=None
[2026-03-15T18:11:31.521+0000] {logging_mixin.py:188} INFO - [2026-03-15T18:11:31.521+0000] {dag.py:3834} INFO - Setting next_dagrun for dataset_consumes_1_never_scheduled to None, run_after=None
[2026-03-15T18:11:31.523+0000] {logging_mixin.py:188} INFO - [2026-03-15T18:11:31.523+0000] {dag.py:3834} INFO - Setting next_dagrun for dataset_consumes_unknown_never_scheduled to None, run_after=None
[2026-03-15T18:11:31.525+0000] {logging_mixin.py:188} INFO - [2026-03-15T18:11:31.525+0000] {dag.py:3834} INFO - Setting next_dagrun for dataset_produces_1 to 2026-03-14 00:00:00+00:00, run_after=2026-03-15 00:00:00+00:00
[2026-03-15T18:11:31.527+0000] {logging_mixin.py:188} INFO - [2026-03-15T18:11:31.527+0000] {dag.py:3834} INFO - Setting next_dagrun for dataset_produces_2 to None, run_after=None
[2026-03-15T18:11:31.554+0000] {processor.py:183} INFO - Processing /home/airflow/.local/lib/python3.11/site-packages/airflow/example_dags/example_datasets.py took 0.140 seconds
[2026-03-15T18:11:40.084+0000] {processor.py:161} INFO - Started process (PID=131) to work on /home/airflow/.local/lib/python3.11/site-packages/airflow/example_dags/example_datasets.py
[2026-03-15T18:11:40.086+0000] {processor.py:830} INFO - Processing file /home/airflow/.local/lib/python3.11/site-packages/airflow/example_dags/example_datasets.py for tasks to queue
[2026-03-15T18:11:40.088+0000] {logging_mixin.py:188} INFO - [2026-03-15T18:11:40.087+0000] {dagbag.py:540} INFO - Filling up the DagBag from /home/airflow/.local/lib/python3.11/site-packages/airflow/example_dags/example_datasets.py
[2026-03-15T18:11:40.097+0000] {processor.py:840} INFO - DAG(s) 'dataset_produces_1', 'dataset_consumes_1_and_2', 'dataset_consumes_1_never_scheduled', 'dataset_produces_2', 'dataset_consumes_1', 'dataset_consumes_unknown_never_scheduled' retrieved from /home/airflow/.local/lib/python3.11/site-packages/airflow/example_dags/example_datasets.py
[2026-03-15T18:11:40.110+0000] {logging_mixin.py:188} INFO - [2026-03-15T18:11:40.109+0000] {dag.py:3047} INFO - Sync 6 DAGs
[2026-03-15T18:11:40.128+0000] {logging_mixin.py:188} INFO - [2026-03-15T18:11:40.128+0000] {dag.py:3834} INFO - Setting next_dagrun for dataset_consumes_1 to None, run_after=None
[2026-03-15T18:11:40.130+0000] {logging_mixin.py:188} INFO - [2026-03-15T18:11:40.130+0000] {dag.py:3834} INFO - Setting next_dagrun for dataset_consumes_1_and_2 to None, run_after=None
[2026-03-15T18:11:40.131+0000] {logging_mixin.py:188} INFO - [2026-03-15T18:11:40.131+0000] {dag.py:3834} INFO - Setting next_dagrun for dataset_consumes_1_never_scheduled to None, run_after=None
[2026-03-15T18:11:40.132+0000] {logging_mixin.py:188} INFO - [2026-03-15T18:11:40.132+0000] {dag.py:3834} INFO - Setting next_dagrun for dataset_consumes_unknown_never_scheduled to None, run_after=None
[2026-03-15T18:11:40.135+0000] {logging_mixin.py:188} INFO - [2026-03-15T18:11:40.134+0000] {dag.py:3834} INFO - Setting next_dagrun for dataset_produces_1 to 2026-03-14 00:00:00+00:00, run_after=2026-03-15 00:00:00+00:00
[2026-03-15T18:11:40.136+0000] {logging_mixin.py:188} INFO - [2026-03-15T18:11:40.136+0000] {dag.py:3834} INFO - Setting next_dagrun for dataset_produces_2 to None, run_after=None
[2026-03-15T18:11:40.159+0000] {processor.py:183} INFO - Processing /home/airflow/.local/lib/python3.11/site-packages/airflow/example_dags/example_datasets.py took 0.079 seconds
[2026-03-15T18:12:12.088+0000] {processor.py:161} INFO - Started process (PID=187) to work on /home/airflow/.local/lib/python3.11/site-packages/airflow/example_dags/example_datasets.py
[2026-03-15T18:12:12.089+0000] {processor.py:830} INFO - Processing file /home/airflow/.local/lib/python3.11/site-packages/airflow/example_dags/example_datasets.py for tasks to queue
[2026-03-15T18:12:12.092+0000] {logging_mixin.py:188} INFO - [2026-03-15T18:12:12.091+0000] {dagbag.py:540} INFO - Filling up the DagBag from /home/airflow/.local/lib/python3.11/site-packages/airflow/example_dags/example_datasets.py
[2026-03-15T18:12:12.102+0000] {processor.py:840} INFO - DAG(s) 'dataset_consumes_1_and_2', 'dataset_consumes_1', 'dataset_consumes_1_never_scheduled', 'dataset_consumes_unknown_never_scheduled', 'dataset_produces_2', 'dataset_produces_1' retrieved from /home/airflow/.local/lib/python3.11/site-packages/airflow/example_dags/example_datasets.py
[2026-03-15T18:12:12.236+0000] {logging_mixin.py:188} INFO - [2026-03-15T18:12:12.235+0000] {dag.py:3047} INFO - Sync 6 DAGs
[2026-03-15T18:12:12.251+0000] {logging_mixin.py:188} INFO - [2026-03-15T18:12:12.251+0000] {dag.py:3834} INFO - Setting next_dagrun for dataset_consumes_1 to None, run_after=None
[2026-03-15T18:12:12.254+0000] {logging_mixin.py:188} INFO - [2026-03-15T18:12:12.254+0000] {dag.py:3834} INFO - Setting next_dagrun for dataset_consumes_1_and_2 to None, run_after=None
[2026-03-15T18:12:12.255+0000] {logging_mixin.py:188} INFO - [2026-03-15T18:12:12.255+0000] {dag.py:3834} INFO - Setting next_dagrun for dataset_consumes_1_never_scheduled to None, run_after=None
[2026-03-15T18:12:12.256+0000] {logging_mixin.py:188} INFO - [2026-03-15T18:12:12.256+0000] {dag.py:3834} INFO - Setting next_dagrun for dataset_consumes_unknown_never_scheduled to None, run_after=None
[2026-03-15T18:12:12.258+0000] {logging_mixin.py:188} INFO - [2026-03-15T18:12:12.258+0000] {dag.py:3834} INFO - Setting next_dagrun for dataset_produces_1 to 2026-03-14 00:00:00+00:00, run_after=2026-03-15 00:00:00+00:00
[2026-03-15T18:12:12.260+0000] {logging_mixin.py:188} INFO - [2026-03-15T18:12:12.259+0000] {dag.py:3834} INFO - Setting next_dagrun for dataset_produces_2 to None, run_after=None
[2026-03-15T18:12:12.284+0000] {processor.py:183} INFO - Processing /home/airflow/.local/lib/python3.11/site-packages/airflow/example_dags/example_datasets.py took 0.200 seconds
[2026-03-15T18:12:18.850+0000] {processor.py:161} INFO - Started process (PID=244) to work on /home/airflow/.local/lib/python3.11/site-packages/airflow/example_dags/example_datasets.py
[2026-03-15T18:12:18.851+0000] {processor.py:830} INFO - Processing file /home/airflow/.local/lib/python3.11/site-packages/airflow/example_dags/example_datasets.py for tasks to queue
[2026-03-15T18:12:18.853+0000] {logging_mixin.py:188} INFO - [2026-03-15T18:12:18.853+0000] {dagbag.py:540} INFO - Filling up the DagBag from /home/airflow/.local/lib/python3.11/site-packages/airflow/example_dags/example_datasets.py
[2026-03-15T18:12:18.862+0000] {processor.py:840} INFO - DAG(s) 'dataset_consumes_1_never_scheduled', 'dataset_consumes_1', 'dataset_consumes_1_and_2', 'dataset_consumes_unknown_never_scheduled', 'dataset_produces_1', 'dataset_produces_2' retrieved from /home/airflow/.local/lib/python3.11/site-packages/airflow/example_dags/example_datasets.py
[2026-03-15T18:12:18.875+0000] {logging_mixin.py:188} INFO - [2026-03-15T18:12:18.875+0000] {dag.py:3047} INFO - Sync 6 DAGs
[2026-03-15T18:12:18.896+0000] {logging_mixin.py:188} INFO - [2026-03-15T18:12:18.896+0000] {dag.py:3834} INFO - Setting next_dagrun for dataset_consumes_1 to None, run_after=None
[2026-03-15T18:12:18.899+0000] {logging_mixin.py:188} INFO - [2026-03-15T18:12:18.899+0000] {dag.py:3834} INFO - Setting next_dagrun for dataset_consumes_1_and_2 to None, run_after=None
[2026-03-15T18:12:18.901+0000] {logging_mixin.py:188} INFO - [2026-03-15T18:12:18.900+0000] {dag.py:3834} INFO - Setting next_dagrun for dataset_consumes_1_never_scheduled to None, run_after=None
[2026-03-15T18:12:18.901+0000] {logging_mixin.py:188} INFO - [2026-03-15T18:12:18.901+0000] {dag.py:3834} INFO - Setting next_dagrun for dataset_consumes_unknown_never_scheduled to None, run_after=None
[2026-03-15T18:12:18.903+0000] {logging_mixin.py:188} INFO - [2026-03-15T18:12:18.903+0000] {dag.py:3834} INFO - Setting next_dagrun for dataset_produces_1 to 2026-03-14 00:00:00+00:00, run_after=2026-03-15 00:00:00+00:00
[2026-03-15T18:12:18.904+0000] {logging_mixin.py:188} INFO - [2026-03-15T18:12:18.904+0000] {dag.py:3834} INFO - Setting next_dagrun for dataset_produces_2 to None, run_after=None
[2026-03-15T18:12:18.929+0000] {processor.py:183} INFO - Processing /home/airflow/.local/lib/python3.11/site-packages/airflow/example_dags/example_datasets.py took 0.082 seconds
[2026-03-15T18:12:24.591+0000] {processor.py:161} INFO - Started process (PID=286) to work on /home/airflow/.local/lib/python3.11/site-packages/airflow/example_dags/example_datasets.py
[2026-03-15T18:12:24.592+0000] {processor.py:830} INFO - Processing file /home/airflow/.local/lib/python3.11/site-packages/airflow/example_dags/example_datasets.py for tasks to queue
[2026-03-15T18:12:24.594+0000] {logging_mixin.py:188} INFO - [2026-03-15T18:12:24.594+0000] {dagbag.py:540} INFO - Filling up the DagBag from /home/airflow/.local/lib/python3.11/site-packages/airflow/example_dags/example_datasets.py
[2026-03-15T18:12:24.603+0000] {processor.py:840} INFO - DAG(s) 'dataset_consumes_unknown_never_scheduled', 'dataset_produces_2', 'dataset_consumes_1_never_scheduled', 'dataset_produces_1', 'dataset_consumes_1_and_2', 'dataset_consumes_1' retrieved from /home/airflow/.local/lib/python3.11/site-packages/airflow/example_dags/example_datasets.py
[2026-03-15T18:12:24.616+0000] {logging_mixin.py:188} INFO - [2026-03-15T18:12:24.616+0000] {dag.py:3047} INFO - Sync 6 DAGs
[2026-03-15T18:12:24.634+0000] {logging_mixin.py:188} INFO - [2026-03-15T18:12:24.634+0000] {dag.py:3834} INFO - Setting next_dagrun for dataset_consumes_1 to None, run_after=None
[2026-03-15T18:12:24.637+0000] {logging_mixin.py:188} INFO - [2026-03-15T18:12:24.637+0000] {dag.py:3834} INFO - Setting next_dagrun for dataset_consumes_1_and_2 to None, run_after=None
[2026-03-15T18:12:24.638+0000] {logging_mixin.py:188} INFO - [2026-03-15T18:12:24.638+0000] {dag.py:3834} INFO - Setting next_dagrun for dataset_consumes_1_never_scheduled to None, run_after=None
[2026-03-15T18:12:24.639+0000] {logging_mixin.py:188} INFO - [2026-03-15T18:12:24.639+0000] {dag.py:3834} INFO - Setting next_dagrun for dataset_consumes_unknown_never_scheduled to None, run_after=None
[2026-03-15T18:12:24.641+0000] {logging_mixin.py:188} INFO - [2026-03-15T18:12:24.641+0000] {dag.py:3834} INFO - Setting next_dagrun for dataset_produces_1 to 2026-03-14 00:00:00+00:00, run_after=2026-03-15 00:00:00+00:00
[2026-03-15T18:12:24.642+0000] {logging_mixin.py:188} INFO - [2026-03-15T18:12:24.642+0000] {dag.py:3834} INFO - Setting next_dagrun for dataset_produces_2 to None, run_after=None
[2026-03-15T18:12:24.663+0000] {processor.py:183} INFO - Processing /home/airflow/.local/lib/python3.11/site-packages/airflow/example_dags/example_datasets.py took 0.075 seconds
[2026-03-15T18:12:29.714+0000] {processor.py:161} INFO - Started process (PID=326) to work on /home/airflow/.local/lib/python3.11/site-packages/airflow/example_dags/example_datasets.py
[2026-03-15T18:12:29.716+0000] {processor.py:830} INFO - Processing file /home/airflow/.local/lib/python3.11/site-packages/airflow/example_dags/example_datasets.py for tasks to queue
[2026-03-15T18:12:29.718+0000] {logging_mixin.py:188} INFO - [2026-03-15T18:12:29.717+0000] {dagbag.py:540} INFO - Filling up the DagBag from /home/airflow/.local/lib/python3.11/site-packages/airflow/example_dags/example_datasets.py
[2026-03-15T18:12:29.726+0000] {processor.py:840} INFO - DAG(s) 'dataset_produces_2', 'dataset_consumes_unknown_never_scheduled', 'dataset_consumes_1', 'dataset_consumes_1_never_scheduled', 'dataset_consumes_1_and_2', 'dataset_produces_1' retrieved from /home/airflow/.local/lib/python3.11/site-packages/airflow/example_dags/example_datasets.py
[2026-03-15T18:12:29.740+0000] {logging_mixin.py:188} INFO - [2026-03-15T18:12:29.740+0000] {dag.py:3047} INFO - Sync 6 DAGs
[2026-03-15T18:12:29.763+0000] {logging_mixin.py:188} INFO - [2026-03-15T18:12:29.763+0000] {dag.py:3834} INFO - Setting next_dagrun for dataset_consumes_1 to None, run_after=None
[2026-03-15T18:12:29.767+0000] {logging_mixin.py:188} INFO - [2026-03-15T18:12:29.767+0000] {dag.py:3834} INFO - Setting next_dagrun for dataset_consumes_1_and_2 to None, run_after=None
[2026-03-15T18:12:29.769+0000] {logging_mixin.py:188} INFO - [2026-03-15T18:12:29.769+0000] {dag.py:3834} INFO - Setting next_dagrun for dataset_consumes_1_never_scheduled to None, run_after=None
[2026-03-15T18:12:29.772+0000] {logging_mixin.py:188} INFO - [2026-03-15T18:12:29.771+0000] {dag.py:3834} INFO - Setting next_dagrun for dataset_consumes_unknown_never_scheduled to None, run_after=None
[2026-03-15T18:12:29.774+0000] {logging_mixin.py:188} INFO - [2026-03-15T18:12:29.774+0000] {dag.py:3834} INFO - Setting next_dagrun for dataset_produces_1 to 2026-03-14 00:00:00+00:00, run_after=2026-03-15 00:00:00+00:00
[2026-03-15T18:12:29.777+0000] {logging_mixin.py:188} INFO - [2026-03-15T18:12:29.777+0000] {dag.py:3834} INFO - Setting next_dagrun for dataset_produces_2 to None, run_after=None
[2026-03-15T18:12:29.807+0000] {processor.py:183} INFO - Processing /home/airflow/.local/lib/python3.11/site-packages/airflow/example_dags/example_datasets.py took 0.097 seconds
[2026-03-15T18:12:34.443+0000] {processor.py:161} INFO - Started process (PID=366) to work on /home/airflow/.local/lib/python3.11/site-packages/airflow/example_dags/example_datasets.py
[2026-03-15T18:12:34.444+0000] {processor.py:830} INFO - Processing file /home/airflow/.local/lib/python3.11/site-packages/airflow/example_dags/example_datasets.py for tasks to queue
[2026-03-15T18:12:34.446+0000] {logging_mixin.py:188} INFO - [2026-03-15T18:12:34.446+0000] {dagbag.py:540} INFO - Filling up the DagBag from /home/airflow/.local/lib/python3.11/site-packages/airflow/example_dags/example_datasets.py
[2026-03-15T18:12:34.453+0000] {processor.py:840} INFO - DAG(s) 'dataset_produces_2', 'dataset_consumes_1', 'dataset_consumes_1_never_scheduled', 'dataset_consumes_unknown_never_scheduled', 'dataset_produces_1', 'dataset_consumes_1_and_2' retrieved from /home/airflow/.local/lib/python3.11/site-packages/airflow/example_dags/example_datasets.py
[2026-03-15T18:12:34.465+0000] {logging_mixin.py:188} INFO - [2026-03-15T18:12:34.465+0000] {dag.py:3047} INFO - Sync 6 DAGs
[2026-03-15T18:12:34.483+0000] {logging_mixin.py:188} INFO - [2026-03-15T18:12:34.482+0000] {dag.py:3834} INFO - Setting next_dagrun for dataset_consumes_1 to None, run_after=None
[2026-03-15T18:12:34.485+0000] {logging_mixin.py:188} INFO - [2026-03-15T18:12:34.485+0000] {dag.py:3834} INFO - Setting next_dagrun for dataset_consumes_1_and_2 to None, run_after=None
[2026-03-15T18:12:34.486+0000] {logging_mixin.py:188} INFO - [2026-03-15T18:12:34.486+0000] {dag.py:3834} INFO - Setting next_dagrun for dataset_consumes_1_never_scheduled to None, run_after=None
[2026-03-15T18:12:34.487+0000] {logging_mixin.py:188} INFO - [2026-03-15T18:12:34.487+0000] {dag.py:3834} INFO - Setting next_dagrun for dataset_consumes_unknown_never_scheduled to None, run_after=None
[2026-03-15T18:12:34.489+0000] {logging_mixin.py:188} INFO - [2026-03-15T18:12:34.489+0000] {dag.py:3834} INFO - Setting next_dagrun for dataset_produces_1 to 2026-03-14 00:00:00+00:00, run_after=2026-03-15 00:00:00+00:00
[2026-03-15T18:12:34.497+0000] {logging_mixin.py:188} INFO - [2026-03-15T18:12:34.497+0000] {dag.py:3834} INFO - Setting next_dagrun for dataset_produces_2 to None, run_after=None
[2026-03-15T18:12:34.523+0000] {processor.py:183} INFO - Processing /home/airflow/.local/lib/python3.11/site-packages/airflow/example_dags/example_datasets.py took 0.083 seconds
[2026-03-15T18:12:39.604+0000] {processor.py:161} INFO - Started process (PID=404) to work on /home/airflow/.local/lib/python3.11/site-packages/airflow/example_dags/example_datasets.py
[2026-03-15T18:12:39.604+0000] {processor.py:830} INFO - Processing file /home/airflow/.local/lib/python3.11/site-packages/airflow/example_dags/example_datasets.py for tasks to queue
[2026-03-15T18:12:39.607+0000] {logging_mixin.py:188} INFO - [2026-03-15T18:12:39.606+0000] {dagbag.py:540} INFO - Filling up the DagBag from /home/airflow/.local/lib/python3.11/site-packages/airflow/example_dags/example_datasets.py
[2026-03-15T18:12:39.614+0000] {processor.py:840} INFO - DAG(s) 'dataset_consumes_1', 'dataset_produces_1', 'dataset_consumes_1_never_scheduled', 'dataset_produces_2', 'dataset_consumes_1_and_2', 'dataset_consumes_unknown_never_scheduled' retrieved from /home/airflow/.local/lib/python3.11/site-packages/airflow/example_dags/example_datasets.py
[2026-03-15T18:12:39.626+0000] {logging_mixin.py:188} INFO - [2026-03-15T18:12:39.625+0000] {dag.py:3047} INFO - Sync 6 DAGs
[2026-03-15T18:12:39.642+0000] {logging_mixin.py:188} INFO - [2026-03-15T18:12:39.642+0000] {dag.py:3834} INFO - Setting next_dagrun for dataset_consumes_1 to None, run_after=None
[2026-03-15T18:12:39.644+0000] {logging_mixin.py:188} INFO - [2026-03-15T18:12:39.644+0000] {dag.py:3834} INFO - Setting next_dagrun for dataset_consumes_1_and_2 to None, run_after=None
[2026-03-15T18:12:39.645+0000] {logging_mixin.py:188} INFO - [2026-03-15T18:12:39.645+0000] {dag.py:3834} INFO - Setting next_dagrun for dataset_consumes_1_never_scheduled to None, run_after=None
[2026-03-15T18:12:39.646+0000] {logging_mixin.py:188} INFO - [2026-03-15T18:12:39.646+0000] {dag.py:3834} INFO - Setting next_dagrun for dataset_consumes_unknown_never_scheduled to None, run_after=None
[2026-03-15T18:12:39.648+0000] {logging_mixin.py:188} INFO - [2026-03-15T18:12:39.648+0000] {dag.py:3834} INFO - Setting next_dagrun for dataset_produces_1 to 2026-03-14 00:00:00+00:00, run_after=2026-03-15 00:00:00+00:00
[2026-03-15T18:12:39.649+0000] {logging_mixin.py:188} INFO - [2026-03-15T18:12:39.649+0000] {dag.py:3834} INFO - Setting next_dagrun for dataset_produces_2 to None, run_after=None
[2026-03-15T18:12:39.673+0000] {processor.py:183} INFO - Processing /home/airflow/.local/lib/python3.11/site-packages/airflow/example_dags/example_datasets.py took 0.072 seconds
[2026-03-15T18:12:48.159+0000] {processor.py:161} INFO - Started process (PID=447) to work on /home/airflow/.local/lib/python3.11/site-packages/airflow/example_dags/example_datasets.py
[2026-03-15T18:12:48.160+0000] {processor.py:830} INFO - Processing file /home/airflow/.local/lib/python3.11/site-packages/airflow/example_dags/example_datasets.py for tasks to queue
[2026-03-15T18:12:48.162+0000] {logging_mixin.py:188} INFO - [2026-03-15T18:12:48.162+0000] {dagbag.py:540} INFO - Filling up the DagBag from /home/airflow/.local/lib/python3.11/site-packages/airflow/example_dags/example_datasets.py
[2026-03-15T18:12:48.170+0000] {processor.py:840} INFO - DAG(s) 'dataset_consumes_1_never_scheduled', 'dataset_produces_1', 'dataset_consumes_1_and_2', 'dataset_consumes_unknown_never_scheduled', 'dataset_produces_2', 'dataset_consumes_1' retrieved from /home/airflow/.local/lib/python3.11/site-packages/airflow/example_dags/example_datasets.py
[2026-03-15T18:12:48.195+0000] {logging_mixin.py:188} INFO - [2026-03-15T18:12:48.195+0000] {dag.py:3047} INFO - Sync 6 DAGs
[2026-03-15T18:12:48.211+0000] {logging_mixin.py:188} INFO - [2026-03-15T18:12:48.211+0000] {dag.py:3834} INFO - Setting next_dagrun for dataset_consumes_1 to None, run_after=None
[2026-03-15T18:12:48.217+0000] {logging_mixin.py:188} INFO - [2026-03-15T18:12:48.216+0000] {dag.py:3834} INFO - Setting next_dagrun for dataset_consumes_1_and_2 to None, run_after=None
[2026-03-15T18:12:48.218+0000] {logging_mixin.py:188} INFO - [2026-03-15T18:12:48.218+0000] {dag.py:3834} INFO - Setting next_dagrun for dataset_consumes_1_never_scheduled to None, run_after=None
[2026-03-15T18:12:48.219+0000] {logging_mixin.py:188} INFO - [2026-03-15T18:12:48.218+0000] {dag.py:3834} INFO - Setting next_dagrun for dataset_consumes_unknown_never_scheduled to None, run_after=None
[2026-03-15T18:12:48.220+0000] {logging_mixin.py:188} INFO - [2026-03-15T18:12:48.220+0000] {dag.py:3834} INFO - Setting next_dagrun for dataset_produces_1 to 2026-03-14 00:00:00+00:00, run_after=2026-03-15 00:00:00+00:00
[2026-03-15T18:12:48.221+0000] {logging_mixin.py:188} INFO - [2026-03-15T18:12:48.221+0000] {dag.py:3834} INFO - Setting next_dagrun for dataset_produces_2 to None, run_after=None
[2026-03-15T18:12:48.248+0000] {processor.py:183} INFO - Processing /home/airflow/.local/lib/python3.11/site-packages/airflow/example_dags/example_datasets.py took 0.092 seconds
[2026-03-15T18:13:18.764+0000] {processor.py:161} INFO - Started process (PID=498) to work on /home/airflow/.local/lib/python3.11/site-packages/airflow/example_dags/example_datasets.py
[2026-03-15T18:13:18.765+0000] {processor.py:830} INFO - Processing file /home/airflow/.local/lib/python3.11/site-packages/airflow/example_dags/example_datasets.py for tasks to queue
[2026-03-15T18:13:18.767+0000] {logging_mixin.py:188} INFO - [2026-03-15T18:13:18.767+0000] {dagbag.py:540} INFO - Filling up the DagBag from /home/airflow/.local/lib/python3.11/site-packages/airflow/example_dags/example_datasets.py
[2026-03-15T18:13:18.776+0000] {processor.py:840} INFO - DAG(s) 'dataset_consumes_unknown_never_scheduled', 'dataset_consumes_1_never_scheduled', 'dataset_produces_1', 'dataset_consumes_1', 'dataset_produces_2', 'dataset_consumes_1_and_2' retrieved from /home/airflow/.local/lib/python3.11/site-packages/airflow/example_dags/example_datasets.py
[2026-03-15T18:13:18.800+0000] {logging_mixin.py:188} INFO - [2026-03-15T18:13:18.800+0000] {dag.py:3047} INFO - Sync 6 DAGs
[2026-03-15T18:13:18.815+0000] {logging_mixin.py:188} INFO - [2026-03-15T18:13:18.815+0000] {dag.py:3834} INFO - Setting next_dagrun for dataset_consumes_1 to None, run_after=None
[2026-03-15T18:13:18.818+0000] {logging_mixin.py:188} INFO - [2026-03-15T18:13:18.818+0000] {dag.py:3834} INFO - Setting next_dagrun for dataset_consumes_1_and_2 to None, run_after=None
[2026-03-15T18:13:18.819+0000] {logging_mixin.py:188} INFO - [2026-03-15T18:13:18.819+0000] {dag.py:3834} INFO - Setting next_dagrun for dataset_consumes_1_never_scheduled to None, run_after=None
[2026-03-15T18:13:18.820+0000] {logging_mixin.py:188} INFO - [2026-03-15T18:13:18.819+0000] {dag.py:3834} INFO - Setting next_dagrun for dataset_consumes_unknown_never_scheduled to None, run_after=None
[2026-03-15T18:13:18.822+0000] {logging_mixin.py:188} INFO - [2026-03-15T18:13:18.822+0000] {dag.py:3834} INFO - Setting next_dagrun for dataset_produces_1 to 2026-03-14 00:00:00+00:00, run_after=2026-03-15 00:00:00+00:00
[2026-03-15T18:13:18.823+0000] {logging_mixin.py:188} INFO - [2026-03-15T18:13:18.823+0000] {dag.py:3834} INFO - Setting next_dagrun for dataset_produces_2 to None, run_after=None
[2026-03-15T18:13:18.845+0000] {processor.py:183} INFO - Processing /home/airflow/.local/lib/python3.11/site-packages/airflow/example_dags/example_datasets.py took 0.084 seconds
[2026-03-15T18:13:24.908+0000] {processor.py:161} INFO - Started process (PID=541) to work on /home/airflow/.local/lib/python3.11/site-packages/airflow/example_dags/example_datasets.py
[2026-03-15T18:13:24.909+0000] {processor.py:830} INFO - Processing file /home/airflow/.local/lib/python3.11/site-packages/airflow/example_dags/example_datasets.py for tasks to queue
[2026-03-15T18:13:24.911+0000] {logging_mixin.py:188} INFO - [2026-03-15T18:13:24.911+0000] {dagbag.py:540} INFO - Filling up the DagBag from /home/airflow/.local/lib/python3.11/site-packages/airflow/example_dags/example_datasets.py
[2026-03-15T18:13:24.919+0000] {processor.py:840} INFO - DAG(s) 'dataset_produces_1', 'dataset_produces_2', 'dataset_consumes_1_and_2', 'dataset_consumes_unknown_never_scheduled', 'dataset_consumes_1', 'dataset_consumes_1_never_scheduled' retrieved from /home/airflow/.local/lib/python3.11/site-packages/airflow/example_dags/example_datasets.py
[2026-03-15T18:13:24.942+0000] {logging_mixin.py:188} INFO - [2026-03-15T18:13:24.942+0000] {dag.py:3047} INFO - Sync 6 DAGs
[2026-03-15T18:13:24.960+0000] {logging_mixin.py:188} INFO - [2026-03-15T18:13:24.960+0000] {dag.py:3834} INFO - Setting next_dagrun for dataset_consumes_1 to None, run_after=None
[2026-03-15T18:13:24.963+0000] {logging_mixin.py:188} INFO - [2026-03-15T18:13:24.963+0000] {dag.py:3834} INFO - Setting next_dagrun for dataset_consumes_1_and_2 to None, run_after=None
[2026-03-15T18:13:24.964+0000] {logging_mixin.py:188} INFO - [2026-03-15T18:13:24.964+0000] {dag.py:3834} INFO - Setting next_dagrun for dataset_consumes_1_never_scheduled to None, run_after=None
[2026-03-15T18:13:24.965+0000] {logging_mixin.py:188} INFO - [2026-03-15T18:13:24.965+0000] {dag.py:3834} INFO - Setting next_dagrun for dataset_consumes_unknown_never_scheduled to None, run_after=None
[2026-03-15T18:13:24.967+0000] {logging_mixin.py:188} INFO - [2026-03-15T18:13:24.967+0000] {dag.py:3834} INFO - Setting next_dagrun for dataset_produces_1 to 2026-03-14 00:00:00+00:00, run_after=2026-03-15 00:00:00+00:00
[2026-03-15T18:13:24.968+0000] {logging_mixin.py:188} INFO - [2026-03-15T18:13:24.967+0000] {dag.py:3834} INFO - Setting next_dagrun for dataset_produces_2 to None, run_after=None
[2026-03-15T18:13:24.988+0000] {processor.py:183} INFO - Processing /home/airflow/.local/lib/python3.11/site-packages/airflow/example_dags/example_datasets.py took 0.083 seconds
[2026-03-15T18:13:29.921+0000] {processor.py:161} INFO - Started process (PID=581) to work on /home/airflow/.local/lib/python3.11/site-packages/airflow/example_dags/example_datasets.py
[2026-03-15T18:13:29.923+0000] {processor.py:830} INFO - Processing file /home/airflow/.local/lib/python3.11/site-packages/airflow/example_dags/example_datasets.py for tasks to queue
[2026-03-15T18:13:29.924+0000] {logging_mixin.py:188} INFO - [2026-03-15T18:13:29.924+0000] {dagbag.py:540} INFO - Filling up the DagBag from /home/airflow/.local/lib/python3.11/site-packages/airflow/example_dags/example_datasets.py
[2026-03-15T18:13:29.933+0000] {processor.py:840} INFO - DAG(s) 'dataset_consumes_1_never_scheduled', 'dataset_produces_1', 'dataset_produces_2', 'dataset_consumes_1', 'dataset_consumes_unknown_never_scheduled', 'dataset_consumes_1_and_2' retrieved from /home/airflow/.local/lib/python3.11/site-packages/airflow/example_dags/example_datasets.py
[2026-03-15T18:13:29.958+0000] {logging_mixin.py:188} INFO - [2026-03-15T18:13:29.958+0000] {dag.py:3047} INFO - Sync 6 DAGs
[2026-03-15T18:13:29.974+0000] {logging_mixin.py:188} INFO - [2026-03-15T18:13:29.974+0000] {dag.py:3834} INFO - Setting next_dagrun for dataset_consumes_1 to None, run_after=None
[2026-03-15T18:13:29.977+0000] {logging_mixin.py:188} INFO - [2026-03-15T18:13:29.977+0000] {dag.py:3834} INFO - Setting next_dagrun for dataset_consumes_1_and_2 to None, run_after=None
[2026-03-15T18:13:29.978+0000] {logging_mixin.py:188} INFO - [2026-03-15T18:13:29.978+0000] {dag.py:3834} INFO - Setting next_dagrun for dataset_consumes_1_never_scheduled to None, run_after=None
[2026-03-15T18:13:29.979+0000] {logging_mixin.py:188} INFO - [2026-03-15T18:13:29.979+0000] {dag.py:3834} INFO - Setting next_dagrun for dataset_consumes_unknown_never_scheduled to None, run_after=None
[2026-03-15T18:13:29.981+0000] {logging_mixin.py:188} INFO - [2026-03-15T18:13:29.981+0000] {dag.py:3834} INFO - Setting next_dagrun for dataset_produces_1 to 2026-03-14 00:00:00+00:00, run_after=2026-03-15 00:00:00+00:00
[2026-03-15T18:13:29.982+0000] {logging_mixin.py:188} INFO - [2026-03-15T18:13:29.982+0000] {dag.py:3834} INFO - Setting next_dagrun for dataset_produces_2 to None, run_after=None
[2026-03-15T18:13:30.004+0000] {processor.py:183} INFO - Processing /home/airflow/.local/lib/python3.11/site-packages/airflow/example_dags/example_datasets.py took 0.085 seconds
[2026-03-15T18:13:34.589+0000] {processor.py:161} INFO - Started process (PID=619) to work on /home/airflow/.local/lib/python3.11/site-packages/airflow/example_dags/example_datasets.py
[2026-03-15T18:13:34.593+0000] {processor.py:830} INFO - Processing file /home/airflow/.local/lib/python3.11/site-packages/airflow/example_dags/example_datasets.py for tasks to queue
[2026-03-15T18:13:34.595+0000] {logging_mixin.py:188} INFO - [2026-03-15T18:13:34.594+0000] {dagbag.py:540} INFO - Filling up the DagBag from /home/airflow/.local/lib/python3.11/site-packages/airflow/example_dags/example_datasets.py
[2026-03-15T18:13:34.602+0000] {processor.py:840} INFO - DAG(s) 'dataset_consumes_unknown_never_scheduled', 'dataset_produces_2', 'dataset_consumes_1_and_2', 'dataset_consumes_1', 'dataset_consumes_1_never_scheduled', 'dataset_produces_1' retrieved from /home/airflow/.local/lib/python3.11/site-packages/airflow/example_dags/example_datasets.py
[2026-03-15T18:13:34.627+0000] {logging_mixin.py:188} INFO - [2026-03-15T18:13:34.626+0000] {dag.py:3047} INFO - Sync 6 DAGs
[2026-03-15T18:13:34.642+0000] {logging_mixin.py:188} INFO - [2026-03-15T18:13:34.642+0000] {dag.py:3834} INFO - Setting next_dagrun for dataset_consumes_1 to None, run_after=None
[2026-03-15T18:13:34.645+0000] {logging_mixin.py:188} INFO - [2026-03-15T18:13:34.645+0000] {dag.py:3834} INFO - Setting next_dagrun for dataset_consumes_1_and_2 to None, run_after=None
[2026-03-15T18:13:34.646+0000] {logging_mixin.py:188} INFO - [2026-03-15T18:13:34.646+0000] {dag.py:3834} INFO - Setting next_dagrun for dataset_consumes_1_never_scheduled to None, run_after=None
[2026-03-15T18:13:34.647+0000] {logging_mixin.py:188} INFO - [2026-03-15T18:13:34.647+0000] {dag.py:3834} INFO - Setting next_dagrun for dataset_consumes_unknown_never_scheduled to None, run_after=None
[2026-03-15T18:13:34.649+0000] {logging_mixin.py:188} INFO - [2026-03-15T18:13:34.649+0000] {dag.py:3834} INFO - Setting next_dagrun for dataset_produces_1 to 2026-03-14 00:00:00+00:00, run_after=2026-03-15 00:00:00+00:00
[2026-03-15T18:13:34.650+0000] {logging_mixin.py:188} INFO - [2026-03-15T18:13:34.649+0000] {dag.py:3834} INFO - Setting next_dagrun for dataset_produces_2 to None, run_after=None
[2026-03-15T18:13:34.672+0000] {processor.py:183} INFO - Processing /home/airflow/.local/lib/python3.11/site-packages/airflow/example_dags/example_datasets.py took 0.085 seconds
[2026-03-15T18:14:04.988+0000] {processor.py:161} INFO - Started process (PID=673) to work on /home/airflow/.local/lib/python3.11/site-packages/airflow/example_dags/example_datasets.py
[2026-03-15T18:14:04.990+0000] {processor.py:830} INFO - Processing file /home/airflow/.local/lib/python3.11/site-packages/airflow/example_dags/example_datasets.py for tasks to queue
[2026-03-15T18:14:04.991+0000] {logging_mixin.py:188} INFO - [2026-03-15T18:14:04.991+0000] {dagbag.py:540} INFO - Filling up the DagBag from /home/airflow/.local/lib/python3.11/site-packages/airflow/example_dags/example_datasets.py
[2026-03-15T18:14:04.999+0000] {processor.py:840} INFO - DAG(s) 'dataset_consumes_1_never_scheduled', 'dataset_consumes_unknown_never_scheduled', 'dataset_produces_2', 'dataset_consumes_1', 'dataset_consumes_1_and_2', 'dataset_produces_1' retrieved from /home/airflow/.local/lib/python3.11/site-packages/airflow/example_dags/example_datasets.py
[2026-03-15T18:14:05.023+0000] {logging_mixin.py:188} INFO - [2026-03-15T18:14:05.023+0000] {dag.py:3047} INFO - Sync 6 DAGs
[2026-03-15T18:14:05.038+0000] {logging_mixin.py:188} INFO - [2026-03-15T18:14:05.037+0000] {dag.py:3834} INFO - Setting next_dagrun for dataset_consumes_1 to None, run_after=None
[2026-03-15T18:14:05.040+0000] {logging_mixin.py:188} INFO - [2026-03-15T18:14:05.040+0000] {dag.py:3834} INFO - Setting next_dagrun for dataset_consumes_1_and_2 to None, run_after=None
[2026-03-15T18:14:05.041+0000] {logging_mixin.py:188} INFO - [2026-03-15T18:14:05.041+0000] {dag.py:3834} INFO - Setting next_dagrun for dataset_consumes_1_never_scheduled to None, run_after=None
[2026-03-15T18:14:05.042+0000] {logging_mixin.py:188} INFO - [2026-03-15T18:14:05.042+0000] {dag.py:3834} INFO - Setting next_dagrun for dataset_consumes_unknown_never_scheduled to None, run_after=None
[2026-03-15T18:14:05.043+0000] {logging_mixin.py:188} INFO - [2026-03-15T18:14:05.043+0000] {dag.py:3834} INFO - Setting next_dagrun for dataset_produces_1 to 2026-03-14 00:00:00+00:00, run_after=2026-03-15 00:00:00+00:00
[2026-03-15T18:14:05.044+0000] {logging_mixin.py:188} INFO - [2026-03-15T18:14:05.044+0000] {dag.py:3834} INFO - Setting next_dagrun for dataset_produces_2 to None, run_after=None
[2026-03-15T18:14:05.064+0000] {processor.py:183} INFO - Processing /home/airflow/.local/lib/python3.11/site-packages/airflow/example_dags/example_datasets.py took 0.079 seconds
[2026-03-15T18:14:10.105+0000] {processor.py:161} INFO - Started process (PID=720) to work on /home/airflow/.local/lib/python3.11/site-packages/airflow/example_dags/example_datasets.py
[2026-03-15T18:14:10.106+0000] {processor.py:830} INFO - Processing file /home/airflow/.local/lib/python3.11/site-packages/airflow/example_dags/example_datasets.py for tasks to queue
[2026-03-15T18:14:10.107+0000] {logging_mixin.py:188} INFO - [2026-03-15T18:14:10.107+0000] {dagbag.py:540} INFO - Filling up the DagBag from /home/airflow/.local/lib/python3.11/site-packages/airflow/example_dags/example_datasets.py
[2026-03-15T18:14:10.115+0000] {processor.py:840} INFO - DAG(s) 'dataset_consumes_1', 'dataset_consumes_unknown_never_scheduled', 'dataset_consumes_1_never_scheduled', 'dataset_produces_1', 'dataset_consumes_1_and_2', 'dataset_produces_2' retrieved from /home/airflow/.local/lib/python3.11/site-packages/airflow/example_dags/example_datasets.py
[2026-03-15T18:14:10.139+0000] {logging_mixin.py:188} INFO - [2026-03-15T18:14:10.138+0000] {dag.py:3047} INFO - Sync 6 DAGs
[2026-03-15T18:14:10.155+0000] {logging_mixin.py:188} INFO - [2026-03-15T18:14:10.154+0000] {dag.py:3834} INFO - Setting next_dagrun for dataset_consumes_1 to None, run_after=None
[2026-03-15T18:14:10.157+0000] {logging_mixin.py:188} INFO - [2026-03-15T18:14:10.157+0000] {dag.py:3834} INFO - Setting next_dagrun for dataset_consumes_1_and_2 to None, run_after=None
[2026-03-15T18:14:10.158+0000] {logging_mixin.py:188} INFO - [2026-03-15T18:14:10.158+0000] {dag.py:3834} INFO - Setting next_dagrun for dataset_consumes_1_never_scheduled to None, run_after=None
[2026-03-15T18:14:10.159+0000] {logging_mixin.py:188} INFO - [2026-03-15T18:14:10.159+0000] {dag.py:3834} INFO - Setting next_dagrun for dataset_consumes_unknown_never_scheduled to None, run_after=None
[2026-03-15T18:14:10.161+0000] {logging_mixin.py:188} INFO - [2026-03-15T18:14:10.161+0000] {dag.py:3834} INFO - Setting next_dagrun for dataset_produces_1 to 2026-03-14 00:00:00+00:00, run_after=2026-03-15 00:00:00+00:00
[2026-03-15T18:14:10.162+0000] {logging_mixin.py:188} INFO - [2026-03-15T18:14:10.162+0000] {dag.py:3834} INFO - Setting next_dagrun for dataset_produces_2 to None, run_after=None
[2026-03-15T18:14:10.183+0000] {processor.py:183} INFO - Processing /home/airflow/.local/lib/python3.11/site-packages/airflow/example_dags/example_datasets.py took 0.081 seconds
[2026-03-15T18:14:25.711+0000] {processor.py:161} INFO - Started process (PID=773) to work on /home/airflow/.local/lib/python3.11/site-packages/airflow/example_dags/example_datasets.py
[2026-03-15T18:14:25.713+0000] {processor.py:830} INFO - Processing file /home/airflow/.local/lib/python3.11/site-packages/airflow/example_dags/example_datasets.py for tasks to queue
[2026-03-15T18:14:25.716+0000] {logging_mixin.py:188} INFO - [2026-03-15T18:14:25.715+0000] {dagbag.py:540} INFO - Filling up the DagBag from /home/airflow/.local/lib/python3.11/site-packages/airflow/example_dags/example_datasets.py
[2026-03-15T18:14:25.726+0000] {processor.py:840} INFO - DAG(s) 'dataset_produces_1', 'dataset_consumes_1', 'dataset_consumes_unknown_never_scheduled', 'dataset_consumes_1_never_scheduled', 'dataset_produces_2', 'dataset_consumes_1_and_2' retrieved from /home/airflow/.local/lib/python3.11/site-packages/airflow/example_dags/example_datasets.py
[2026-03-15T18:14:25.763+0000] {logging_mixin.py:188} INFO - [2026-03-15T18:14:25.763+0000] {dag.py:3047} INFO - Sync 6 DAGs
[2026-03-15T18:14:25.786+0000] {logging_mixin.py:188} INFO - [2026-03-15T18:14:25.785+0000] {dag.py:3834} INFO - Setting next_dagrun for dataset_consumes_1 to None, run_after=None
[2026-03-15T18:14:25.790+0000] {logging_mixin.py:188} INFO - [2026-03-15T18:14:25.790+0000] {dag.py:3834} INFO - Setting next_dagrun for dataset_consumes_1_and_2 to None, run_after=None
[2026-03-15T18:14:25.792+0000] {logging_mixin.py:188} INFO - [2026-03-15T18:14:25.792+0000] {dag.py:3834} INFO - Setting next_dagrun for dataset_consumes_1_never_scheduled to None, run_after=None
[2026-03-15T18:14:25.794+0000] {logging_mixin.py:188} INFO - [2026-03-15T18:14:25.793+0000] {dag.py:3834} INFO - Setting next_dagrun for dataset_consumes_unknown_never_scheduled to None, run_after=None
[2026-03-15T18:14:25.796+0000] {logging_mixin.py:188} INFO - [2026-03-15T18:14:25.796+0000] {dag.py:3834} INFO - Setting next_dagrun for dataset_produces_1 to 2026-03-14 00:00:00+00:00, run_after=2026-03-15 00:00:00+00:00
[2026-03-15T18:14:25.797+0000] {logging_mixin.py:188} INFO - [2026-03-15T18:14:25.797+0000] {dag.py:3834} INFO - Setting next_dagrun for dataset_produces_2 to None, run_after=None
[2026-03-15T18:14:25.833+0000] {processor.py:183} INFO - Processing /home/airflow/.local/lib/python3.11/site-packages/airflow/example_dags/example_datasets.py took 0.126 seconds
[2026-03-15T18:14:30.319+0000] {processor.py:161} INFO - Started process (PID=820) to work on /home/airflow/.local/lib/python3.11/site-packages/airflow/example_dags/example_datasets.py
[2026-03-15T18:14:30.320+0000] {processor.py:830} INFO - Processing file /home/airflow/.local/lib/python3.11/site-packages/airflow/example_dags/example_datasets.py for tasks to queue
[2026-03-15T18:14:30.321+0000] {logging_mixin.py:188} INFO - [2026-03-15T18:14:30.321+0000] {dagbag.py:540} INFO - Filling up the DagBag from /home/airflow/.local/lib/python3.11/site-packages/airflow/example_dags/example_datasets.py
[2026-03-15T18:14:30.329+0000] {processor.py:840} INFO - DAG(s) 'dataset_consumes_1_never_scheduled', 'dataset_produces_2', 'dataset_consumes_1_and_2', 'dataset_consumes_unknown_never_scheduled', 'dataset_consumes_1', 'dataset_produces_1' retrieved from /home/airflow/.local/lib/python3.11/site-packages/airflow/example_dags/example_datasets.py
[2026-03-15T18:14:30.352+0000] {logging_mixin.py:188} INFO - [2026-03-15T18:14:30.352+0000] {dag.py:3047} INFO - Sync 6 DAGs
[2026-03-15T18:14:30.368+0000] {logging_mixin.py:188} INFO - [2026-03-15T18:14:30.368+0000] {dag.py:3834} INFO - Setting next_dagrun for dataset_consumes_1 to None, run_after=None
[2026-03-15T18:14:30.371+0000] {logging_mixin.py:188} INFO - [2026-03-15T18:14:30.371+0000] {dag.py:3834} INFO - Setting next_dagrun for dataset_consumes_1_and_2 to None, run_after=None
[2026-03-15T18:14:30.372+0000] {logging_mixin.py:188} INFO - [2026-03-15T18:14:30.372+0000] {dag.py:3834} INFO - Setting next_dagrun for dataset_consumes_1_never_scheduled to None, run_after=None
[2026-03-15T18:14:30.374+0000] {logging_mixin.py:188} INFO - [2026-03-15T18:14:30.374+0000] {dag.py:3834} INFO - Setting next_dagrun for dataset_consumes_unknown_never_scheduled to None, run_after=None
[2026-03-15T18:14:30.378+0000] {logging_mixin.py:188} INFO - [2026-03-15T18:14:30.377+0000] {dag.py:3834} INFO - Setting next_dagrun for dataset_produces_1 to 2026-03-14 00:00:00+00:00, run_after=2026-03-15 00:00:00+00:00
[2026-03-15T18:14:30.380+0000] {logging_mixin.py:188} INFO - [2026-03-15T18:14:30.380+0000] {dag.py:3834} INFO - Setting next_dagrun for dataset_produces_2 to None, run_after=None
[2026-03-15T18:14:30.402+0000] {processor.py:183} INFO - Processing /home/airflow/.local/lib/python3.11/site-packages/airflow/example_dags/example_datasets.py took 0.086 seconds
[2026-03-15T18:14:48.859+0000] {processor.py:161} INFO - Started process (PID=874) to work on /home/airflow/.local/lib/python3.11/site-packages/airflow/example_dags/example_datasets.py
[2026-03-15T18:14:48.860+0000] {processor.py:830} INFO - Processing file /home/airflow/.local/lib/python3.11/site-packages/airflow/example_dags/example_datasets.py for tasks to queue
[2026-03-15T18:14:48.862+0000] {logging_mixin.py:188} INFO - [2026-03-15T18:14:48.862+0000] {dagbag.py:540} INFO - Filling up the DagBag from /home/airflow/.local/lib/python3.11/site-packages/airflow/example_dags/example_datasets.py
[2026-03-15T18:14:48.870+0000] {processor.py:840} INFO - DAG(s) 'dataset_consumes_unknown_never_scheduled', 'dataset_consumes_1', 'dataset_produces_2', 'dataset_consumes_1_never_scheduled', 'dataset_produces_1', 'dataset_consumes_1_and_2' retrieved from /home/airflow/.local/lib/python3.11/site-packages/airflow/example_dags/example_datasets.py
[2026-03-15T18:14:48.899+0000] {logging_mixin.py:188} INFO - [2026-03-15T18:14:48.899+0000] {dag.py:3047} INFO - Sync 6 DAGs
[2026-03-15T18:14:48.917+0000] {logging_mixin.py:188} INFO - [2026-03-15T18:14:48.917+0000] {dag.py:3834} INFO - Setting next_dagrun for dataset_consumes_1 to None, run_after=None
[2026-03-15T18:14:48.926+0000] {logging_mixin.py:188} INFO - [2026-03-15T18:14:48.926+0000] {dag.py:3834} INFO - Setting next_dagrun for dataset_consumes_1_and_2 to None, run_after=None
[2026-03-15T18:14:48.930+0000] {logging_mixin.py:188} INFO - [2026-03-15T18:14:48.930+0000] {dag.py:3834} INFO - Setting next_dagrun for dataset_consumes_1_never_scheduled to None, run_after=None
[2026-03-15T18:14:48.934+0000] {logging_mixin.py:188} INFO - [2026-03-15T18:14:48.934+0000] {dag.py:3834} INFO - Setting next_dagrun for dataset_consumes_unknown_never_scheduled to None, run_after=None
[2026-03-15T18:14:48.942+0000] {logging_mixin.py:188} INFO - [2026-03-15T18:14:48.941+0000] {dag.py:3834} INFO - Setting next_dagrun for dataset_produces_1 to 2026-03-14 00:00:00+00:00, run_after=2026-03-15 00:00:00+00:00
[2026-03-15T18:14:48.945+0000] {logging_mixin.py:188} INFO - [2026-03-15T18:14:48.945+0000] {dag.py:3834} INFO - Setting next_dagrun for dataset_produces_2 to None, run_after=None
[2026-03-15T18:14:48.971+0000] {processor.py:183} INFO - Processing /home/airflow/.local/lib/python3.11/site-packages/airflow/example_dags/example_datasets.py took 0.116 seconds
[2026-03-15T18:19:54.245+0000] {processor.py:161} INFO - Started process (PID=93) to work on /home/airflow/.local/lib/python3.11/site-packages/airflow/example_dags/example_datasets.py
[2026-03-15T18:19:54.247+0000] {processor.py:830} INFO - Processing file /home/airflow/.local/lib/python3.11/site-packages/airflow/example_dags/example_datasets.py for tasks to queue
[2026-03-15T18:19:54.249+0000] {logging_mixin.py:188} INFO - [2026-03-15T18:19:54.249+0000] {dagbag.py:540} INFO - Filling up the DagBag from /home/airflow/.local/lib/python3.11/site-packages/airflow/example_dags/example_datasets.py
[2026-03-15T18:19:54.259+0000] {processor.py:840} INFO - DAG(s) 'dataset_produces_1', 'dataset_consumes_1_and_2', 'dataset_produces_2', 'dataset_consumes_1_never_scheduled', 'dataset_consumes_unknown_never_scheduled', 'dataset_consumes_1' retrieved from /home/airflow/.local/lib/python3.11/site-packages/airflow/example_dags/example_datasets.py
[2026-03-15T18:19:54.275+0000] {logging_mixin.py:188} INFO - [2026-03-15T18:19:54.275+0000] {dag.py:3047} INFO - Sync 6 DAGs
[2026-03-15T18:19:54.304+0000] {logging_mixin.py:188} INFO - [2026-03-15T18:19:54.303+0000] {dag.py:3834} INFO - Setting next_dagrun for dataset_consumes_1 to None, run_after=None
[2026-03-15T18:19:54.309+0000] {logging_mixin.py:188} INFO - [2026-03-15T18:19:54.309+0000] {dag.py:3834} INFO - Setting next_dagrun for dataset_consumes_1_and_2 to None, run_after=None
[2026-03-15T18:19:54.311+0000] {logging_mixin.py:188} INFO - [2026-03-15T18:19:54.311+0000] {dag.py:3834} INFO - Setting next_dagrun for dataset_consumes_1_never_scheduled to None, run_after=None
[2026-03-15T18:19:54.314+0000] {logging_mixin.py:188} INFO - [2026-03-15T18:19:54.314+0000] {dag.py:3834} INFO - Setting next_dagrun for dataset_consumes_unknown_never_scheduled to None, run_after=None
[2026-03-15T18:19:54.318+0000] {logging_mixin.py:188} INFO - [2026-03-15T18:19:54.318+0000] {dag.py:3834} INFO - Setting next_dagrun for dataset_produces_1 to 2026-03-14 00:00:00+00:00, run_after=2026-03-15 00:00:00+00:00
[2026-03-15T18:19:54.321+0000] {logging_mixin.py:188} INFO - [2026-03-15T18:19:54.321+0000] {dag.py:3834} INFO - Setting next_dagrun for dataset_produces_2 to None, run_after=None
[2026-03-15T18:19:54.360+0000] {processor.py:183} INFO - Processing /home/airflow/.local/lib/python3.11/site-packages/airflow/example_dags/example_datasets.py took 0.117 seconds
[2026-03-15T18:20:01.101+0000] {processor.py:161} INFO - Started process (PID=148) to work on /home/airflow/.local/lib/python3.11/site-packages/airflow/example_dags/example_datasets.py
[2026-03-15T18:20:01.102+0000] {processor.py:830} INFO - Processing file /home/airflow/.local/lib/python3.11/site-packages/airflow/example_dags/example_datasets.py for tasks to queue
[2026-03-15T18:20:01.104+0000] {logging_mixin.py:188} INFO - [2026-03-15T18:20:01.103+0000] {dagbag.py:540} INFO - Filling up the DagBag from /home/airflow/.local/lib/python3.11/site-packages/airflow/example_dags/example_datasets.py
[2026-03-15T18:20:01.112+0000] {processor.py:840} INFO - DAG(s) 'dataset_consumes_1_and_2', 'dataset_consumes_unknown_never_scheduled', 'dataset_consumes_1_never_scheduled', 'dataset_produces_1', 'dataset_consumes_1', 'dataset_produces_2' retrieved from /home/airflow/.local/lib/python3.11/site-packages/airflow/example_dags/example_datasets.py
[2026-03-15T18:20:01.124+0000] {logging_mixin.py:188} INFO - [2026-03-15T18:20:01.124+0000] {dag.py:3047} INFO - Sync 6 DAGs
[2026-03-15T18:20:01.143+0000] {logging_mixin.py:188} INFO - [2026-03-15T18:20:01.143+0000] {dag.py:3834} INFO - Setting next_dagrun for dataset_consumes_1 to None, run_after=None
[2026-03-15T18:20:01.146+0000] {logging_mixin.py:188} INFO - [2026-03-15T18:20:01.146+0000] {dag.py:3834} INFO - Setting next_dagrun for dataset_consumes_1_and_2 to None, run_after=None
[2026-03-15T18:20:01.147+0000] {logging_mixin.py:188} INFO - [2026-03-15T18:20:01.147+0000] {dag.py:3834} INFO - Setting next_dagrun for dataset_consumes_1_never_scheduled to None, run_after=None
[2026-03-15T18:20:01.148+0000] {logging_mixin.py:188} INFO - [2026-03-15T18:20:01.148+0000] {dag.py:3834} INFO - Setting next_dagrun for dataset_consumes_unknown_never_scheduled to None, run_after=None
[2026-03-15T18:20:01.150+0000] {logging_mixin.py:188} INFO - [2026-03-15T18:20:01.150+0000] {dag.py:3834} INFO - Setting next_dagrun for dataset_produces_1 to 2026-03-14 00:00:00+00:00, run_after=2026-03-15 00:00:00+00:00
[2026-03-15T18:20:01.151+0000] {logging_mixin.py:188} INFO - [2026-03-15T18:20:01.151+0000] {dag.py:3834} INFO - Setting next_dagrun for dataset_produces_2 to None, run_after=None
[2026-03-15T18:20:01.172+0000] {processor.py:183} INFO - Processing /home/airflow/.local/lib/python3.11/site-packages/airflow/example_dags/example_datasets.py took 0.074 seconds
[2026-03-15T18:20:19.499+0000] {processor.py:161} INFO - Started process (PID=197) to work on /home/airflow/.local/lib/python3.11/site-packages/airflow/example_dags/example_datasets.py
[2026-03-15T18:20:19.500+0000] {processor.py:830} INFO - Processing file /home/airflow/.local/lib/python3.11/site-packages/airflow/example_dags/example_datasets.py for tasks to queue
[2026-03-15T18:20:19.502+0000] {logging_mixin.py:188} INFO - [2026-03-15T18:20:19.502+0000] {dagbag.py:540} INFO - Filling up the DagBag from /home/airflow/.local/lib/python3.11/site-packages/airflow/example_dags/example_datasets.py
[2026-03-15T18:20:19.512+0000] {processor.py:840} INFO - DAG(s) 'dataset_produces_2', 'dataset_consumes_unknown_never_scheduled', 'dataset_consumes_1_and_2', 'dataset_produces_1', 'dataset_consumes_1_never_scheduled', 'dataset_consumes_1' retrieved from /home/airflow/.local/lib/python3.11/site-packages/airflow/example_dags/example_datasets.py
[2026-03-15T18:20:19.632+0000] {logging_mixin.py:188} INFO - [2026-03-15T18:20:19.631+0000] {dag.py:3047} INFO - Sync 6 DAGs
[2026-03-15T18:20:19.645+0000] {logging_mixin.py:188} INFO - [2026-03-15T18:20:19.645+0000] {dag.py:3834} INFO - Setting next_dagrun for dataset_consumes_1 to None, run_after=None
[2026-03-15T18:20:19.647+0000] {logging_mixin.py:188} INFO - [2026-03-15T18:20:19.647+0000] {dag.py:3834} INFO - Setting next_dagrun for dataset_consumes_1_and_2 to None, run_after=None
[2026-03-15T18:20:19.648+0000] {logging_mixin.py:188} INFO - [2026-03-15T18:20:19.648+0000] {dag.py:3834} INFO - Setting next_dagrun for dataset_consumes_1_never_scheduled to None, run_after=None
[2026-03-15T18:20:19.649+0000] {logging_mixin.py:188} INFO - [2026-03-15T18:20:19.649+0000] {dag.py:3834} INFO - Setting next_dagrun for dataset_consumes_unknown_never_scheduled to None, run_after=None
[2026-03-15T18:20:19.651+0000] {logging_mixin.py:188} INFO - [2026-03-15T18:20:19.650+0000] {dag.py:3834} INFO - Setting next_dagrun for dataset_produces_1 to 2026-03-14 00:00:00+00:00, run_after=2026-03-15 00:00:00+00:00
[2026-03-15T18:20:19.651+0000] {logging_mixin.py:188} INFO - [2026-03-15T18:20:19.651+0000] {dag.py:3834} INFO - Setting next_dagrun for dataset_produces_2 to None, run_after=None
[2026-03-15T18:20:19.673+0000] {processor.py:183} INFO - Processing /home/airflow/.local/lib/python3.11/site-packages/airflow/example_dags/example_datasets.py took 0.178 seconds
[2026-03-15T18:20:25.795+0000] {processor.py:161} INFO - Started process (PID=247) to work on /home/airflow/.local/lib/python3.11/site-packages/airflow/example_dags/example_datasets.py
[2026-03-15T18:20:25.797+0000] {processor.py:830} INFO - Processing file /home/airflow/.local/lib/python3.11/site-packages/airflow/example_dags/example_datasets.py for tasks to queue
[2026-03-15T18:20:25.798+0000] {logging_mixin.py:188} INFO - [2026-03-15T18:20:25.798+0000] {dagbag.py:540} INFO - Filling up the DagBag from /home/airflow/.local/lib/python3.11/site-packages/airflow/example_dags/example_datasets.py
[2026-03-15T18:20:25.806+0000] {processor.py:840} INFO - DAG(s) 'dataset_produces_1', 'dataset_consumes_1_never_scheduled', 'dataset_produces_2', 'dataset_consumes_1', 'dataset_consumes_1_and_2', 'dataset_consumes_unknown_never_scheduled' retrieved from /home/airflow/.local/lib/python3.11/site-packages/airflow/example_dags/example_datasets.py
[2026-03-15T18:20:25.818+0000] {logging_mixin.py:188} INFO - [2026-03-15T18:20:25.818+0000] {dag.py:3047} INFO - Sync 6 DAGs
[2026-03-15T18:20:25.837+0000] {logging_mixin.py:188} INFO - [2026-03-15T18:20:25.837+0000] {dag.py:3834} INFO - Setting next_dagrun for dataset_consumes_1 to None, run_after=None
[2026-03-15T18:20:25.840+0000] {logging_mixin.py:188} INFO - [2026-03-15T18:20:25.840+0000] {dag.py:3834} INFO - Setting next_dagrun for dataset_consumes_1_and_2 to None, run_after=None
[2026-03-15T18:20:25.842+0000] {logging_mixin.py:188} INFO - [2026-03-15T18:20:25.842+0000] {dag.py:3834} INFO - Setting next_dagrun for dataset_consumes_1_never_scheduled to None, run_after=None
[2026-03-15T18:20:25.843+0000] {logging_mixin.py:188} INFO - [2026-03-15T18:20:25.843+0000] {dag.py:3834} INFO - Setting next_dagrun for dataset_consumes_unknown_never_scheduled to None, run_after=None
[2026-03-15T18:20:25.845+0000] {logging_mixin.py:188} INFO - [2026-03-15T18:20:25.845+0000] {dag.py:3834} INFO - Setting next_dagrun for dataset_produces_1 to 2026-03-14 00:00:00+00:00, run_after=2026-03-15 00:00:00+00:00
[2026-03-15T18:20:25.847+0000] {logging_mixin.py:188} INFO - [2026-03-15T18:20:25.847+0000] {dag.py:3834} INFO - Setting next_dagrun for dataset_produces_2 to None, run_after=None
[2026-03-15T18:20:25.874+0000] {processor.py:183} INFO - Processing /home/airflow/.local/lib/python3.11/site-packages/airflow/example_dags/example_datasets.py took 0.081 seconds
[2026-03-15T18:20:55.927+0000] {processor.py:161} INFO - Started process (PID=297) to work on /home/airflow/.local/lib/python3.11/site-packages/airflow/example_dags/example_datasets.py
[2026-03-15T18:20:55.928+0000] {processor.py:830} INFO - Processing file /home/airflow/.local/lib/python3.11/site-packages/airflow/example_dags/example_datasets.py for tasks to queue
[2026-03-15T18:20:55.930+0000] {logging_mixin.py:188} INFO - [2026-03-15T18:20:55.930+0000] {dagbag.py:540} INFO - Filling up the DagBag from /home/airflow/.local/lib/python3.11/site-packages/airflow/example_dags/example_datasets.py
[2026-03-15T18:20:55.937+0000] {processor.py:840} INFO - DAG(s) 'dataset_produces_1', 'dataset_consumes_1_and_2', 'dataset_produces_2', 'dataset_consumes_1_never_scheduled', 'dataset_consumes_1', 'dataset_consumes_unknown_never_scheduled' retrieved from /home/airflow/.local/lib/python3.11/site-packages/airflow/example_dags/example_datasets.py
[2026-03-15T18:20:55.959+0000] {logging_mixin.py:188} INFO - [2026-03-15T18:20:55.959+0000] {dag.py:3047} INFO - Sync 6 DAGs
[2026-03-15T18:20:55.973+0000] {logging_mixin.py:188} INFO - [2026-03-15T18:20:55.973+0000] {dag.py:3834} INFO - Setting next_dagrun for dataset_consumes_1 to None, run_after=None
[2026-03-15T18:20:55.976+0000] {logging_mixin.py:188} INFO - [2026-03-15T18:20:55.976+0000] {dag.py:3834} INFO - Setting next_dagrun for dataset_consumes_1_and_2 to None, run_after=None
[2026-03-15T18:20:55.978+0000] {logging_mixin.py:188} INFO - [2026-03-15T18:20:55.978+0000] {dag.py:3834} INFO - Setting next_dagrun for dataset_consumes_1_never_scheduled to None, run_after=None
[2026-03-15T18:20:55.979+0000] {logging_mixin.py:188} INFO - [2026-03-15T18:20:55.979+0000] {dag.py:3834} INFO - Setting next_dagrun for dataset_consumes_unknown_never_scheduled to None, run_after=None
[2026-03-15T18:20:55.982+0000] {logging_mixin.py:188} INFO - [2026-03-15T18:20:55.982+0000] {dag.py:3834} INFO - Setting next_dagrun for dataset_produces_1 to 2026-03-14 00:00:00+00:00, run_after=2026-03-15 00:00:00+00:00
[2026-03-15T18:20:55.983+0000] {logging_mixin.py:188} INFO - [2026-03-15T18:20:55.983+0000] {dag.py:3834} INFO - Setting next_dagrun for dataset_produces_2 to None, run_after=None
[2026-03-15T18:20:56.006+0000] {processor.py:183} INFO - Processing /home/airflow/.local/lib/python3.11/site-packages/airflow/example_dags/example_datasets.py took 0.081 seconds
[2026-03-15T18:21:26.521+0000] {processor.py:161} INFO - Started process (PID=347) to work on /home/airflow/.local/lib/python3.11/site-packages/airflow/example_dags/example_datasets.py
[2026-03-15T18:21:26.522+0000] {processor.py:830} INFO - Processing file /home/airflow/.local/lib/python3.11/site-packages/airflow/example_dags/example_datasets.py for tasks to queue
[2026-03-15T18:21:26.524+0000] {logging_mixin.py:188} INFO - [2026-03-15T18:21:26.523+0000] {dagbag.py:540} INFO - Filling up the DagBag from /home/airflow/.local/lib/python3.11/site-packages/airflow/example_dags/example_datasets.py
[2026-03-15T18:21:26.533+0000] {processor.py:840} INFO - DAG(s) 'dataset_consumes_1', 'dataset_consumes_1_never_scheduled', 'dataset_produces_1', 'dataset_consumes_1_and_2', 'dataset_produces_2', 'dataset_consumes_unknown_never_scheduled' retrieved from /home/airflow/.local/lib/python3.11/site-packages/airflow/example_dags/example_datasets.py
[2026-03-15T18:21:26.558+0000] {logging_mixin.py:188} INFO - [2026-03-15T18:21:26.558+0000] {dag.py:3047} INFO - Sync 6 DAGs
[2026-03-15T18:21:26.574+0000] {logging_mixin.py:188} INFO - [2026-03-15T18:21:26.574+0000] {dag.py:3834} INFO - Setting next_dagrun for dataset_consumes_1 to None, run_after=None
[2026-03-15T18:21:26.576+0000] {logging_mixin.py:188} INFO - [2026-03-15T18:21:26.576+0000] {dag.py:3834} INFO - Setting next_dagrun for dataset_consumes_1_and_2 to None, run_after=None
[2026-03-15T18:21:26.577+0000] {logging_mixin.py:188} INFO - [2026-03-15T18:21:26.577+0000] {dag.py:3834} INFO - Setting next_dagrun for dataset_consumes_1_never_scheduled to None, run_after=None
[2026-03-15T18:21:26.578+0000] {logging_mixin.py:188} INFO - [2026-03-15T18:21:26.578+0000] {dag.py:3834} INFO - Setting next_dagrun for dataset_consumes_unknown_never_scheduled to None, run_after=None
[2026-03-15T18:21:26.580+0000] {logging_mixin.py:188} INFO - [2026-03-15T18:21:26.580+0000] {dag.py:3834} INFO - Setting next_dagrun for dataset_produces_1 to 2026-03-14 00:00:00+00:00, run_after=2026-03-15 00:00:00+00:00
[2026-03-15T18:21:26.581+0000] {logging_mixin.py:188} INFO - [2026-03-15T18:21:26.581+0000] {dag.py:3834} INFO - Setting next_dagrun for dataset_produces_2 to None, run_after=None
[2026-03-15T18:21:26.605+0000] {processor.py:183} INFO - Processing /home/airflow/.local/lib/python3.11/site-packages/airflow/example_dags/example_datasets.py took 0.087 seconds
[2026-03-15T18:21:31.165+0000] {processor.py:161} INFO - Started process (PID=397) to work on /home/airflow/.local/lib/python3.11/site-packages/airflow/example_dags/example_datasets.py
[2026-03-15T18:21:31.166+0000] {processor.py:830} INFO - Processing file /home/airflow/.local/lib/python3.11/site-packages/airflow/example_dags/example_datasets.py for tasks to queue
[2026-03-15T18:21:31.168+0000] {logging_mixin.py:188} INFO - [2026-03-15T18:21:31.168+0000] {dagbag.py:540} INFO - Filling up the DagBag from /home/airflow/.local/lib/python3.11/site-packages/airflow/example_dags/example_datasets.py
[2026-03-15T18:21:31.176+0000] {processor.py:840} INFO - DAG(s) 'dataset_produces_1', 'dataset_consumes_unknown_never_scheduled', 'dataset_produces_2', 'dataset_consumes_1_never_scheduled', 'dataset_consumes_1', 'dataset_consumes_1_and_2' retrieved from /home/airflow/.local/lib/python3.11/site-packages/airflow/example_dags/example_datasets.py
[2026-03-15T18:21:31.204+0000] {logging_mixin.py:188} INFO - [2026-03-15T18:21:31.204+0000] {dag.py:3047} INFO - Sync 6 DAGs
[2026-03-15T18:21:31.222+0000] {logging_mixin.py:188} INFO - [2026-03-15T18:21:31.222+0000] {dag.py:3834} INFO - Setting next_dagrun for dataset_consumes_1 to None, run_after=None
[2026-03-15T18:21:31.226+0000] {logging_mixin.py:188} INFO - [2026-03-15T18:21:31.226+0000] {dag.py:3834} INFO - Setting next_dagrun for dataset_consumes_1_and_2 to None, run_after=None
[2026-03-15T18:21:31.227+0000] {logging_mixin.py:188} INFO - [2026-03-15T18:21:31.227+0000] {dag.py:3834} INFO - Setting next_dagrun for dataset_consumes_1_never_scheduled to None, run_after=None
[2026-03-15T18:21:31.228+0000] {logging_mixin.py:188} INFO - [2026-03-15T18:21:31.228+0000] {dag.py:3834} INFO - Setting next_dagrun for dataset_consumes_unknown_never_scheduled to None, run_after=None
[2026-03-15T18:21:31.231+0000] {logging_mixin.py:188} INFO - [2026-03-15T18:21:31.231+0000] {dag.py:3834} INFO - Setting next_dagrun for dataset_produces_1 to 2026-03-14 00:00:00+00:00, run_after=2026-03-15 00:00:00+00:00
[2026-03-15T18:21:31.232+0000] {logging_mixin.py:188} INFO - [2026-03-15T18:21:31.232+0000] {dag.py:3834} INFO - Setting next_dagrun for dataset_produces_2 to None, run_after=None
[2026-03-15T18:21:31.255+0000] {processor.py:183} INFO - Processing /home/airflow/.local/lib/python3.11/site-packages/airflow/example_dags/example_datasets.py took 0.093 seconds
[2026-03-15T18:21:48.668+0000] {processor.py:161} INFO - Started process (PID=443) to work on /home/airflow/.local/lib/python3.11/site-packages/airflow/example_dags/example_datasets.py
[2026-03-15T18:21:48.669+0000] {processor.py:830} INFO - Processing file /home/airflow/.local/lib/python3.11/site-packages/airflow/example_dags/example_datasets.py for tasks to queue
[2026-03-15T18:21:48.671+0000] {logging_mixin.py:188} INFO - [2026-03-15T18:21:48.671+0000] {dagbag.py:540} INFO - Filling up the DagBag from /home/airflow/.local/lib/python3.11/site-packages/airflow/example_dags/example_datasets.py
[2026-03-15T18:21:48.679+0000] {processor.py:840} INFO - DAG(s) 'dataset_produces_1', 'dataset_produces_2', 'dataset_consumes_unknown_never_scheduled', 'dataset_consumes_1_never_scheduled', 'dataset_consumes_1', 'dataset_consumes_1_and_2' retrieved from /home/airflow/.local/lib/python3.11/site-packages/airflow/example_dags/example_datasets.py
[2026-03-15T18:21:48.705+0000] {logging_mixin.py:188} INFO - [2026-03-15T18:21:48.705+0000] {dag.py:3047} INFO - Sync 6 DAGs
[2026-03-15T18:21:48.728+0000] {logging_mixin.py:188} INFO - [2026-03-15T18:21:48.727+0000] {dag.py:3834} INFO - Setting next_dagrun for dataset_consumes_1 to None, run_after=None
[2026-03-15T18:21:48.731+0000] {logging_mixin.py:188} INFO - [2026-03-15T18:21:48.731+0000] {dag.py:3834} INFO - Setting next_dagrun for dataset_consumes_1_and_2 to None, run_after=None
[2026-03-15T18:21:48.733+0000] {logging_mixin.py:188} INFO - [2026-03-15T18:21:48.733+0000] {dag.py:3834} INFO - Setting next_dagrun for dataset_consumes_1_never_scheduled to None, run_after=None
[2026-03-15T18:21:48.734+0000] {logging_mixin.py:188} INFO - [2026-03-15T18:21:48.734+0000] {dag.py:3834} INFO - Setting next_dagrun for dataset_consumes_unknown_never_scheduled to None, run_after=None
[2026-03-15T18:21:48.736+0000] {logging_mixin.py:188} INFO - [2026-03-15T18:21:48.736+0000] {dag.py:3834} INFO - Setting next_dagrun for dataset_produces_1 to 2026-03-14 00:00:00+00:00, run_after=2026-03-15 00:00:00+00:00
[2026-03-15T18:21:48.740+0000] {logging_mixin.py:188} INFO - [2026-03-15T18:21:48.740+0000] {dag.py:3834} INFO - Setting next_dagrun for dataset_produces_2 to None, run_after=None
[2026-03-15T18:21:48.763+0000] {processor.py:183} INFO - Processing /home/airflow/.local/lib/python3.11/site-packages/airflow/example_dags/example_datasets.py took 0.099 seconds
[2026-03-15T18:21:50.785+0000] {processor.py:161} INFO - Started process (PID=487) to work on /home/airflow/.local/lib/python3.11/site-packages/airflow/example_dags/example_datasets.py
[2026-03-15T18:21:50.786+0000] {processor.py:830} INFO - Processing file /home/airflow/.local/lib/python3.11/site-packages/airflow/example_dags/example_datasets.py for tasks to queue
[2026-03-15T18:21:50.787+0000] {logging_mixin.py:188} INFO - [2026-03-15T18:21:50.787+0000] {dagbag.py:540} INFO - Filling up the DagBag from /home/airflow/.local/lib/python3.11/site-packages/airflow/example_dags/example_datasets.py
[2026-03-15T18:21:50.795+0000] {processor.py:840} INFO - DAG(s) 'dataset_consumes_1_never_scheduled', 'dataset_produces_1', 'dataset_consumes_1', 'dataset_consumes_1_and_2', 'dataset_consumes_unknown_never_scheduled', 'dataset_produces_2' retrieved from /home/airflow/.local/lib/python3.11/site-packages/airflow/example_dags/example_datasets.py
[2026-03-15T18:21:50.820+0000] {logging_mixin.py:188} INFO - [2026-03-15T18:21:50.819+0000] {dag.py:3047} INFO - Sync 6 DAGs
[2026-03-15T18:21:50.837+0000] {logging_mixin.py:188} INFO - [2026-03-15T18:21:50.836+0000] {dag.py:3834} INFO - Setting next_dagrun for dataset_consumes_1 to None, run_after=None
[2026-03-15T18:21:50.839+0000] {logging_mixin.py:188} INFO - [2026-03-15T18:21:50.839+0000] {dag.py:3834} INFO - Setting next_dagrun for dataset_consumes_1_and_2 to None, run_after=None
[2026-03-15T18:21:50.840+0000] {logging_mixin.py:188} INFO - [2026-03-15T18:21:50.840+0000] {dag.py:3834} INFO - Setting next_dagrun for dataset_consumes_1_never_scheduled to None, run_after=None
[2026-03-15T18:21:50.841+0000] {logging_mixin.py:188} INFO - [2026-03-15T18:21:50.841+0000] {dag.py:3834} INFO - Setting next_dagrun for dataset_consumes_unknown_never_scheduled to None, run_after=None
[2026-03-15T18:21:50.843+0000] {logging_mixin.py:188} INFO - [2026-03-15T18:21:50.843+0000] {dag.py:3834} INFO - Setting next_dagrun for dataset_produces_1 to 2026-03-14 00:00:00+00:00, run_after=2026-03-15 00:00:00+00:00
[2026-03-15T18:21:50.844+0000] {logging_mixin.py:188} INFO - [2026-03-15T18:21:50.843+0000] {dag.py:3834} INFO - Setting next_dagrun for dataset_produces_2 to None, run_after=None
[2026-03-15T18:21:50.866+0000] {processor.py:183} INFO - Processing /home/airflow/.local/lib/python3.11/site-packages/airflow/example_dags/example_datasets.py took 0.084 seconds
[2026-03-15T18:21:55.811+0000] {processor.py:161} INFO - Started process (PID=535) to work on /home/airflow/.local/lib/python3.11/site-packages/airflow/example_dags/example_datasets.py
[2026-03-15T18:21:55.812+0000] {processor.py:830} INFO - Processing file /home/airflow/.local/lib/python3.11/site-packages/airflow/example_dags/example_datasets.py for tasks to queue
[2026-03-15T18:21:55.815+0000] {logging_mixin.py:188} INFO - [2026-03-15T18:21:55.815+0000] {dagbag.py:540} INFO - Filling up the DagBag from /home/airflow/.local/lib/python3.11/site-packages/airflow/example_dags/example_datasets.py
[2026-03-15T18:21:55.830+0000] {processor.py:840} INFO - DAG(s) 'dataset_consumes_1', 'dataset_consumes_unknown_never_scheduled', 'dataset_produces_1', 'dataset_consumes_1_never_scheduled', 'dataset_produces_2', 'dataset_consumes_1_and_2' retrieved from /home/airflow/.local/lib/python3.11/site-packages/airflow/example_dags/example_datasets.py
[2026-03-15T18:21:55.856+0000] {logging_mixin.py:188} INFO - [2026-03-15T18:21:55.856+0000] {dag.py:3047} INFO - Sync 6 DAGs
[2026-03-15T18:21:55.872+0000] {logging_mixin.py:188} INFO - [2026-03-15T18:21:55.872+0000] {dag.py:3834} INFO - Setting next_dagrun for dataset_consumes_1 to None, run_after=None
[2026-03-15T18:21:55.876+0000] {logging_mixin.py:188} INFO - [2026-03-15T18:21:55.875+0000] {dag.py:3834} INFO - Setting next_dagrun for dataset_consumes_1_and_2 to None, run_after=None
[2026-03-15T18:21:55.877+0000] {logging_mixin.py:188} INFO - [2026-03-15T18:21:55.877+0000] {dag.py:3834} INFO - Setting next_dagrun for dataset_consumes_1_never_scheduled to None, run_after=None
[2026-03-15T18:21:55.878+0000] {logging_mixin.py:188} INFO - [2026-03-15T18:21:55.878+0000] {dag.py:3834} INFO - Setting next_dagrun for dataset_consumes_unknown_never_scheduled to None, run_after=None
[2026-03-15T18:21:55.880+0000] {logging_mixin.py:188} INFO - [2026-03-15T18:21:55.880+0000] {dag.py:3834} INFO - Setting next_dagrun for dataset_produces_1 to 2026-03-14 00:00:00+00:00, run_after=2026-03-15 00:00:00+00:00
[2026-03-15T18:21:55.881+0000] {logging_mixin.py:188} INFO - [2026-03-15T18:21:55.881+0000] {dag.py:3834} INFO - Setting next_dagrun for dataset_produces_2 to None, run_after=None
[2026-03-15T18:21:55.904+0000] {processor.py:183} INFO - Processing /home/airflow/.local/lib/python3.11/site-packages/airflow/example_dags/example_datasets.py took 0.097 seconds
[2026-03-15T18:22:01.021+0000] {processor.py:161} INFO - Started process (PID=575) to work on /home/airflow/.local/lib/python3.11/site-packages/airflow/example_dags/example_datasets.py
[2026-03-15T18:22:01.022+0000] {processor.py:830} INFO - Processing file /home/airflow/.local/lib/python3.11/site-packages/airflow/example_dags/example_datasets.py for tasks to queue
[2026-03-15T18:22:01.024+0000] {logging_mixin.py:188} INFO - [2026-03-15T18:22:01.023+0000] {dagbag.py:540} INFO - Filling up the DagBag from /home/airflow/.local/lib/python3.11/site-packages/airflow/example_dags/example_datasets.py
[2026-03-15T18:22:01.032+0000] {processor.py:840} INFO - DAG(s) 'dataset_produces_2', 'dataset_produces_1', 'dataset_consumes_1_and_2', 'dataset_consumes_1', 'dataset_consumes_unknown_never_scheduled', 'dataset_consumes_1_never_scheduled' retrieved from /home/airflow/.local/lib/python3.11/site-packages/airflow/example_dags/example_datasets.py
[2026-03-15T18:22:01.062+0000] {logging_mixin.py:188} INFO - [2026-03-15T18:22:01.061+0000] {dag.py:3047} INFO - Sync 6 DAGs
[2026-03-15T18:22:01.086+0000] {logging_mixin.py:188} INFO - [2026-03-15T18:22:01.086+0000] {dag.py:3834} INFO - Setting next_dagrun for dataset_consumes_1 to None, run_after=None
[2026-03-15T18:22:01.091+0000] {logging_mixin.py:188} INFO - [2026-03-15T18:22:01.091+0000] {dag.py:3834} INFO - Setting next_dagrun for dataset_consumes_1_and_2 to None, run_after=None
[2026-03-15T18:22:01.094+0000] {logging_mixin.py:188} INFO - [2026-03-15T18:22:01.093+0000] {dag.py:3834} INFO - Setting next_dagrun for dataset_consumes_1_never_scheduled to None, run_after=None
[2026-03-15T18:22:01.095+0000] {logging_mixin.py:188} INFO - [2026-03-15T18:22:01.095+0000] {dag.py:3834} INFO - Setting next_dagrun for dataset_consumes_unknown_never_scheduled to None, run_after=None
[2026-03-15T18:22:01.098+0000] {logging_mixin.py:188} INFO - [2026-03-15T18:22:01.097+0000] {dag.py:3834} INFO - Setting next_dagrun for dataset_produces_1 to 2026-03-14 00:00:00+00:00, run_after=2026-03-15 00:00:00+00:00
[2026-03-15T18:22:01.099+0000] {logging_mixin.py:188} INFO - [2026-03-15T18:22:01.099+0000] {dag.py:3834} INFO - Setting next_dagrun for dataset_produces_2 to None, run_after=None
[2026-03-15T18:22:01.133+0000] {processor.py:183} INFO - Processing /home/airflow/.local/lib/python3.11/site-packages/airflow/example_dags/example_datasets.py took 0.115 seconds
[2026-03-15T18:22:31.254+0000] {processor.py:161} INFO - Started process (PID=618) to work on /home/airflow/.local/lib/python3.11/site-packages/airflow/example_dags/example_datasets.py
[2026-03-15T18:22:31.255+0000] {processor.py:830} INFO - Processing file /home/airflow/.local/lib/python3.11/site-packages/airflow/example_dags/example_datasets.py for tasks to queue
[2026-03-15T18:22:31.258+0000] {logging_mixin.py:188} INFO - [2026-03-15T18:22:31.258+0000] {dagbag.py:540} INFO - Filling up the DagBag from /home/airflow/.local/lib/python3.11/site-packages/airflow/example_dags/example_datasets.py
[2026-03-15T18:22:31.266+0000] {processor.py:840} INFO - DAG(s) 'dataset_produces_1', 'dataset_produces_2', 'dataset_consumes_1', 'dataset_consumes_unknown_never_scheduled', 'dataset_consumes_1_never_scheduled', 'dataset_consumes_1_and_2' retrieved from /home/airflow/.local/lib/python3.11/site-packages/airflow/example_dags/example_datasets.py
[2026-03-15T18:22:31.305+0000] {logging_mixin.py:188} INFO - [2026-03-15T18:22:31.305+0000] {dag.py:3047} INFO - Sync 6 DAGs
[2026-03-15T18:22:31.321+0000] {logging_mixin.py:188} INFO - [2026-03-15T18:22:31.321+0000] {dag.py:3834} INFO - Setting next_dagrun for dataset_consumes_1 to None, run_after=None
[2026-03-15T18:22:31.324+0000] {logging_mixin.py:188} INFO - [2026-03-15T18:22:31.324+0000] {dag.py:3834} INFO - Setting next_dagrun for dataset_consumes_1_and_2 to None, run_after=None
[2026-03-15T18:22:31.325+0000] {logging_mixin.py:188} INFO - [2026-03-15T18:22:31.325+0000] {dag.py:3834} INFO - Setting next_dagrun for dataset_consumes_1_never_scheduled to None, run_after=None
[2026-03-15T18:22:31.326+0000] {logging_mixin.py:188} INFO - [2026-03-15T18:22:31.326+0000] {dag.py:3834} INFO - Setting next_dagrun for dataset_consumes_unknown_never_scheduled to None, run_after=None
[2026-03-15T18:22:31.328+0000] {logging_mixin.py:188} INFO - [2026-03-15T18:22:31.328+0000] {dag.py:3834} INFO - Setting next_dagrun for dataset_produces_1 to 2026-03-14 00:00:00+00:00, run_after=2026-03-15 00:00:00+00:00
[2026-03-15T18:22:31.329+0000] {logging_mixin.py:188} INFO - [2026-03-15T18:22:31.329+0000] {dag.py:3834} INFO - Setting next_dagrun for dataset_produces_2 to None, run_after=None
[2026-03-15T18:22:31.353+0000] {processor.py:183} INFO - Processing /home/airflow/.local/lib/python3.11/site-packages/airflow/example_dags/example_datasets.py took 0.101 seconds
[2026-03-15T18:23:01.384+0000] {processor.py:161} INFO - Started process (PID=666) to work on /home/airflow/.local/lib/python3.11/site-packages/airflow/example_dags/example_datasets.py
[2026-03-15T18:23:01.385+0000] {processor.py:830} INFO - Processing file /home/airflow/.local/lib/python3.11/site-packages/airflow/example_dags/example_datasets.py for tasks to queue
[2026-03-15T18:23:01.387+0000] {logging_mixin.py:188} INFO - [2026-03-15T18:23:01.387+0000] {dagbag.py:540} INFO - Filling up the DagBag from /home/airflow/.local/lib/python3.11/site-packages/airflow/example_dags/example_datasets.py
[2026-03-15T18:23:01.394+0000] {processor.py:840} INFO - DAG(s) 'dataset_consumes_1_and_2', 'dataset_produces_1', 'dataset_consumes_1', 'dataset_produces_2', 'dataset_consumes_unknown_never_scheduled', 'dataset_consumes_1_never_scheduled' retrieved from /home/airflow/.local/lib/python3.11/site-packages/airflow/example_dags/example_datasets.py
[2026-03-15T18:23:01.421+0000] {logging_mixin.py:188} INFO - [2026-03-15T18:23:01.421+0000] {dag.py:3047} INFO - Sync 6 DAGs
[2026-03-15T18:23:01.438+0000] {logging_mixin.py:188} INFO - [2026-03-15T18:23:01.437+0000] {dag.py:3834} INFO - Setting next_dagrun for dataset_consumes_1 to None, run_after=None
[2026-03-15T18:23:01.441+0000] {logging_mixin.py:188} INFO - [2026-03-15T18:23:01.441+0000] {dag.py:3834} INFO - Setting next_dagrun for dataset_consumes_1_and_2 to None, run_after=None
[2026-03-15T18:23:01.442+0000] {logging_mixin.py:188} INFO - [2026-03-15T18:23:01.442+0000] {dag.py:3834} INFO - Setting next_dagrun for dataset_consumes_1_never_scheduled to None, run_after=None
[2026-03-15T18:23:01.443+0000] {logging_mixin.py:188} INFO - [2026-03-15T18:23:01.443+0000] {dag.py:3834} INFO - Setting next_dagrun for dataset_consumes_unknown_never_scheduled to None, run_after=None
[2026-03-15T18:23:01.445+0000] {logging_mixin.py:188} INFO - [2026-03-15T18:23:01.445+0000] {dag.py:3834} INFO - Setting next_dagrun for dataset_produces_1 to 2026-03-14 00:00:00+00:00, run_after=2026-03-15 00:00:00+00:00
[2026-03-15T18:23:01.446+0000] {logging_mixin.py:188} INFO - [2026-03-15T18:23:01.446+0000] {dag.py:3834} INFO - Setting next_dagrun for dataset_produces_2 to None, run_after=None
[2026-03-15T18:23:01.468+0000] {processor.py:183} INFO - Processing /home/airflow/.local/lib/python3.11/site-packages/airflow/example_dags/example_datasets.py took 0.088 seconds
[2026-03-15T18:23:26.050+0000] {processor.py:161} INFO - Started process (PID=729) to work on /home/airflow/.local/lib/python3.11/site-packages/airflow/example_dags/example_datasets.py
[2026-03-15T18:23:26.051+0000] {processor.py:830} INFO - Processing file /home/airflow/.local/lib/python3.11/site-packages/airflow/example_dags/example_datasets.py for tasks to queue
[2026-03-15T18:23:26.053+0000] {logging_mixin.py:188} INFO - [2026-03-15T18:23:26.053+0000] {dagbag.py:540} INFO - Filling up the DagBag from /home/airflow/.local/lib/python3.11/site-packages/airflow/example_dags/example_datasets.py
[2026-03-15T18:23:26.061+0000] {processor.py:840} INFO - DAG(s) 'dataset_consumes_1_and_2', 'dataset_consumes_unknown_never_scheduled', 'dataset_consumes_1', 'dataset_consumes_1_never_scheduled', 'dataset_produces_2', 'dataset_produces_1' retrieved from /home/airflow/.local/lib/python3.11/site-packages/airflow/example_dags/example_datasets.py
[2026-03-15T18:23:26.085+0000] {logging_mixin.py:188} INFO - [2026-03-15T18:23:26.084+0000] {dag.py:3047} INFO - Sync 6 DAGs
[2026-03-15T18:23:26.101+0000] {logging_mixin.py:188} INFO - [2026-03-15T18:23:26.101+0000] {dag.py:3834} INFO - Setting next_dagrun for dataset_consumes_1 to None, run_after=None
[2026-03-15T18:23:26.104+0000] {logging_mixin.py:188} INFO - [2026-03-15T18:23:26.104+0000] {dag.py:3834} INFO - Setting next_dagrun for dataset_consumes_1_and_2 to None, run_after=None
[2026-03-15T18:23:26.106+0000] {logging_mixin.py:188} INFO - [2026-03-15T18:23:26.106+0000] {dag.py:3834} INFO - Setting next_dagrun for dataset_consumes_1_never_scheduled to None, run_after=None
[2026-03-15T18:23:26.108+0000] {logging_mixin.py:188} INFO - [2026-03-15T18:23:26.107+0000] {dag.py:3834} INFO - Setting next_dagrun for dataset_consumes_unknown_never_scheduled to None, run_after=None
[2026-03-15T18:23:26.111+0000] {logging_mixin.py:188} INFO - [2026-03-15T18:23:26.110+0000] {dag.py:3834} INFO - Setting next_dagrun for dataset_produces_1 to 2026-03-14 00:00:00+00:00, run_after=2026-03-15 00:00:00+00:00
[2026-03-15T18:23:26.113+0000] {logging_mixin.py:188} INFO - [2026-03-15T18:23:26.113+0000] {dag.py:3834} INFO - Setting next_dagrun for dataset_produces_2 to None, run_after=None
[2026-03-15T18:23:26.139+0000] {processor.py:183} INFO - Processing /home/airflow/.local/lib/python3.11/site-packages/airflow/example_dags/example_datasets.py took 0.092 seconds
[2026-03-15T18:23:31.837+0000] {processor.py:161} INFO - Started process (PID=773) to work on /home/airflow/.local/lib/python3.11/site-packages/airflow/example_dags/example_datasets.py
[2026-03-15T18:23:31.838+0000] {processor.py:830} INFO - Processing file /home/airflow/.local/lib/python3.11/site-packages/airflow/example_dags/example_datasets.py for tasks to queue
[2026-03-15T18:23:31.840+0000] {logging_mixin.py:188} INFO - [2026-03-15T18:23:31.839+0000] {dagbag.py:540} INFO - Filling up the DagBag from /home/airflow/.local/lib/python3.11/site-packages/airflow/example_dags/example_datasets.py
[2026-03-15T18:23:31.848+0000] {processor.py:840} INFO - DAG(s) 'dataset_produces_2', 'dataset_produces_1', 'dataset_consumes_1_never_scheduled', 'dataset_consumes_1_and_2', 'dataset_consumes_unknown_never_scheduled', 'dataset_consumes_1' retrieved from /home/airflow/.local/lib/python3.11/site-packages/airflow/example_dags/example_datasets.py
[2026-03-15T18:23:31.872+0000] {logging_mixin.py:188} INFO - [2026-03-15T18:23:31.872+0000] {dag.py:3047} INFO - Sync 6 DAGs
[2026-03-15T18:23:31.891+0000] {logging_mixin.py:188} INFO - [2026-03-15T18:23:31.891+0000] {dag.py:3834} INFO - Setting next_dagrun for dataset_consumes_1 to None, run_after=None
[2026-03-15T18:23:31.894+0000] {logging_mixin.py:188} INFO - [2026-03-15T18:23:31.894+0000] {dag.py:3834} INFO - Setting next_dagrun for dataset_consumes_1_and_2 to None, run_after=None
[2026-03-15T18:23:31.895+0000] {logging_mixin.py:188} INFO - [2026-03-15T18:23:31.895+0000] {dag.py:3834} INFO - Setting next_dagrun for dataset_consumes_1_never_scheduled to None, run_after=None
[2026-03-15T18:23:31.896+0000] {logging_mixin.py:188} INFO - [2026-03-15T18:23:31.896+0000] {dag.py:3834} INFO - Setting next_dagrun for dataset_consumes_unknown_never_scheduled to None, run_after=None
[2026-03-15T18:23:31.898+0000] {logging_mixin.py:188} INFO - [2026-03-15T18:23:31.898+0000] {dag.py:3834} INFO - Setting next_dagrun for dataset_produces_1 to 2026-03-14 00:00:00+00:00, run_after=2026-03-15 00:00:00+00:00
[2026-03-15T18:23:31.900+0000] {logging_mixin.py:188} INFO - [2026-03-15T18:23:31.900+0000] {dag.py:3834} INFO - Setting next_dagrun for dataset_produces_2 to None, run_after=None
[2026-03-15T18:23:31.924+0000] {processor.py:183} INFO - Processing /home/airflow/.local/lib/python3.11/site-packages/airflow/example_dags/example_datasets.py took 0.090 seconds
[2026-03-15T18:24:02.326+0000] {processor.py:161} INFO - Started process (PID=823) to work on /home/airflow/.local/lib/python3.11/site-packages/airflow/example_dags/example_datasets.py
[2026-03-15T18:24:02.327+0000] {processor.py:830} INFO - Processing file /home/airflow/.local/lib/python3.11/site-packages/airflow/example_dags/example_datasets.py for tasks to queue
[2026-03-15T18:24:02.328+0000] {logging_mixin.py:188} INFO - [2026-03-15T18:24:02.328+0000] {dagbag.py:540} INFO - Filling up the DagBag from /home/airflow/.local/lib/python3.11/site-packages/airflow/example_dags/example_datasets.py
[2026-03-15T18:24:02.336+0000] {processor.py:840} INFO - DAG(s) 'dataset_consumes_1_never_scheduled', 'dataset_consumes_unknown_never_scheduled', 'dataset_produces_2', 'dataset_consumes_1_and_2', 'dataset_produces_1', 'dataset_consumes_1' retrieved from /home/airflow/.local/lib/python3.11/site-packages/airflow/example_dags/example_datasets.py
[2026-03-15T18:24:02.366+0000] {logging_mixin.py:188} INFO - [2026-03-15T18:24:02.366+0000] {dag.py:3047} INFO - Sync 6 DAGs
[2026-03-15T18:24:02.385+0000] {logging_mixin.py:188} INFO - [2026-03-15T18:24:02.385+0000] {dag.py:3834} INFO - Setting next_dagrun for dataset_consumes_1 to None, run_after=None
[2026-03-15T18:24:02.389+0000] {logging_mixin.py:188} INFO - [2026-03-15T18:24:02.388+0000] {dag.py:3834} INFO - Setting next_dagrun for dataset_consumes_1_and_2 to None, run_after=None
[2026-03-15T18:24:02.390+0000] {logging_mixin.py:188} INFO - [2026-03-15T18:24:02.390+0000] {dag.py:3834} INFO - Setting next_dagrun for dataset_consumes_1_never_scheduled to None, run_after=None
[2026-03-15T18:24:02.391+0000] {logging_mixin.py:188} INFO - [2026-03-15T18:24:02.391+0000] {dag.py:3834} INFO - Setting next_dagrun for dataset_consumes_unknown_never_scheduled to None, run_after=None
[2026-03-15T18:24:02.393+0000] {logging_mixin.py:188} INFO - [2026-03-15T18:24:02.393+0000] {dag.py:3834} INFO - Setting next_dagrun for dataset_produces_1 to 2026-03-14 00:00:00+00:00, run_after=2026-03-15 00:00:00+00:00
[2026-03-15T18:24:02.395+0000] {logging_mixin.py:188} INFO - [2026-03-15T18:24:02.395+0000] {dag.py:3834} INFO - Setting next_dagrun for dataset_produces_2 to None, run_after=None
[2026-03-15T18:24:02.424+0000] {processor.py:183} INFO - Processing /home/airflow/.local/lib/python3.11/site-packages/airflow/example_dags/example_datasets.py took 0.101 seconds
[2026-03-15T18:24:32.930+0000] {processor.py:161} INFO - Started process (PID=873) to work on /home/airflow/.local/lib/python3.11/site-packages/airflow/example_dags/example_datasets.py
[2026-03-15T18:24:32.932+0000] {processor.py:830} INFO - Processing file /home/airflow/.local/lib/python3.11/site-packages/airflow/example_dags/example_datasets.py for tasks to queue
[2026-03-15T18:24:32.935+0000] {logging_mixin.py:188} INFO - [2026-03-15T18:24:32.934+0000] {dagbag.py:540} INFO - Filling up the DagBag from /home/airflow/.local/lib/python3.11/site-packages/airflow/example_dags/example_datasets.py
[2026-03-15T18:24:32.948+0000] {processor.py:840} INFO - DAG(s) 'dataset_consumes_1', 'dataset_consumes_1_and_2', 'dataset_produces_2', 'dataset_consumes_1_never_scheduled', 'dataset_produces_1', 'dataset_consumes_unknown_never_scheduled' retrieved from /home/airflow/.local/lib/python3.11/site-packages/airflow/example_dags/example_datasets.py
[2026-03-15T18:24:32.972+0000] {logging_mixin.py:188} INFO - [2026-03-15T18:24:32.972+0000] {dag.py:3047} INFO - Sync 6 DAGs
[2026-03-15T18:24:32.987+0000] {logging_mixin.py:188} INFO - [2026-03-15T18:24:32.987+0000] {dag.py:3834} INFO - Setting next_dagrun for dataset_consumes_1 to None, run_after=None
[2026-03-15T18:24:32.991+0000] {logging_mixin.py:188} INFO - [2026-03-15T18:24:32.991+0000] {dag.py:3834} INFO - Setting next_dagrun for dataset_consumes_1_and_2 to None, run_after=None
[2026-03-15T18:24:32.993+0000] {logging_mixin.py:188} INFO - [2026-03-15T18:24:32.993+0000] {dag.py:3834} INFO - Setting next_dagrun for dataset_consumes_1_never_scheduled to None, run_after=None
[2026-03-15T18:24:32.995+0000] {logging_mixin.py:188} INFO - [2026-03-15T18:24:32.995+0000] {dag.py:3834} INFO - Setting next_dagrun for dataset_consumes_unknown_never_scheduled to None, run_after=None
[2026-03-15T18:24:32.997+0000] {logging_mixin.py:188} INFO - [2026-03-15T18:24:32.997+0000] {dag.py:3834} INFO - Setting next_dagrun for dataset_produces_1 to 2026-03-14 00:00:00+00:00, run_after=2026-03-15 00:00:00+00:00
[2026-03-15T18:24:32.999+0000] {logging_mixin.py:188} INFO - [2026-03-15T18:24:32.998+0000] {dag.py:3834} INFO - Setting next_dagrun for dataset_produces_2 to None, run_after=None
[2026-03-15T18:24:33.025+0000] {processor.py:183} INFO - Processing /home/airflow/.local/lib/python3.11/site-packages/airflow/example_dags/example_datasets.py took 0.100 seconds
[2026-03-15T18:24:36.226+0000] {processor.py:161} INFO - Started process (PID=923) to work on /home/airflow/.local/lib/python3.11/site-packages/airflow/example_dags/example_datasets.py
[2026-03-15T18:24:36.227+0000] {processor.py:830} INFO - Processing file /home/airflow/.local/lib/python3.11/site-packages/airflow/example_dags/example_datasets.py for tasks to queue
[2026-03-15T18:24:36.229+0000] {logging_mixin.py:188} INFO - [2026-03-15T18:24:36.229+0000] {dagbag.py:540} INFO - Filling up the DagBag from /home/airflow/.local/lib/python3.11/site-packages/airflow/example_dags/example_datasets.py
[2026-03-15T18:24:36.239+0000] {processor.py:840} INFO - DAG(s) 'dataset_consumes_1_and_2', 'dataset_consumes_1_never_scheduled', 'dataset_consumes_unknown_never_scheduled', 'dataset_produces_2', 'dataset_consumes_1', 'dataset_produces_1' retrieved from /home/airflow/.local/lib/python3.11/site-packages/airflow/example_dags/example_datasets.py
[2026-03-15T18:24:36.269+0000] {logging_mixin.py:188} INFO - [2026-03-15T18:24:36.269+0000] {dag.py:3047} INFO - Sync 6 DAGs
[2026-03-15T18:24:36.286+0000] {logging_mixin.py:188} INFO - [2026-03-15T18:24:36.285+0000] {dag.py:3834} INFO - Setting next_dagrun for dataset_consumes_1 to None, run_after=None
[2026-03-15T18:24:36.289+0000] {logging_mixin.py:188} INFO - [2026-03-15T18:24:36.288+0000] {dag.py:3834} INFO - Setting next_dagrun for dataset_consumes_1_and_2 to None, run_after=None
[2026-03-15T18:24:36.290+0000] {logging_mixin.py:188} INFO - [2026-03-15T18:24:36.289+0000] {dag.py:3834} INFO - Setting next_dagrun for dataset_consumes_1_never_scheduled to None, run_after=None
[2026-03-15T18:24:36.291+0000] {logging_mixin.py:188} INFO - [2026-03-15T18:24:36.290+0000] {dag.py:3834} INFO - Setting next_dagrun for dataset_consumes_unknown_never_scheduled to None, run_after=None
[2026-03-15T18:24:36.292+0000] {logging_mixin.py:188} INFO - [2026-03-15T18:24:36.292+0000] {dag.py:3834} INFO - Setting next_dagrun for dataset_produces_1 to 2026-03-14 00:00:00+00:00, run_after=2026-03-15 00:00:00+00:00
[2026-03-15T18:24:36.293+0000] {logging_mixin.py:188} INFO - [2026-03-15T18:24:36.293+0000] {dag.py:3834} INFO - Setting next_dagrun for dataset_produces_2 to None, run_after=None
[2026-03-15T18:24:36.317+0000] {processor.py:183} INFO - Processing /home/airflow/.local/lib/python3.11/site-packages/airflow/example_dags/example_datasets.py took 0.094 seconds
[2026-03-15T18:25:06.685+0000] {processor.py:161} INFO - Started process (PID=976) to work on /home/airflow/.local/lib/python3.11/site-packages/airflow/example_dags/example_datasets.py
[2026-03-15T18:25:06.688+0000] {processor.py:830} INFO - Processing file /home/airflow/.local/lib/python3.11/site-packages/airflow/example_dags/example_datasets.py for tasks to queue
[2026-03-15T18:25:06.689+0000] {logging_mixin.py:188} INFO - [2026-03-15T18:25:06.689+0000] {dagbag.py:540} INFO - Filling up the DagBag from /home/airflow/.local/lib/python3.11/site-packages/airflow/example_dags/example_datasets.py
[2026-03-15T18:25:06.697+0000] {processor.py:840} INFO - DAG(s) 'dataset_produces_2', 'dataset_produces_1', 'dataset_consumes_1', 'dataset_consumes_1_and_2', 'dataset_consumes_1_never_scheduled', 'dataset_consumes_unknown_never_scheduled' retrieved from /home/airflow/.local/lib/python3.11/site-packages/airflow/example_dags/example_datasets.py
[2026-03-15T18:25:06.708+0000] {logging_mixin.py:188} INFO - [2026-03-15T18:25:06.708+0000] {dag.py:3047} INFO - Sync 6 DAGs
[2026-03-15T18:25:06.726+0000] {logging_mixin.py:188} INFO - [2026-03-15T18:25:06.726+0000] {dag.py:3834} INFO - Setting next_dagrun for dataset_consumes_1 to None, run_after=None
[2026-03-15T18:25:06.729+0000] {logging_mixin.py:188} INFO - [2026-03-15T18:25:06.728+0000] {dag.py:3834} INFO - Setting next_dagrun for dataset_consumes_1_and_2 to None, run_after=None
[2026-03-15T18:25:06.730+0000] {logging_mixin.py:188} INFO - [2026-03-15T18:25:06.730+0000] {dag.py:3834} INFO - Setting next_dagrun for dataset_consumes_1_never_scheduled to None, run_after=None
[2026-03-15T18:25:06.731+0000] {logging_mixin.py:188} INFO - [2026-03-15T18:25:06.730+0000] {dag.py:3834} INFO - Setting next_dagrun for dataset_consumes_unknown_never_scheduled to None, run_after=None
[2026-03-15T18:25:06.732+0000] {logging_mixin.py:188} INFO - [2026-03-15T18:25:06.732+0000] {dag.py:3834} INFO - Setting next_dagrun for dataset_produces_1 to 2026-03-14 00:00:00+00:00, run_after=2026-03-15 00:00:00+00:00
[2026-03-15T18:25:06.733+0000] {logging_mixin.py:188} INFO - [2026-03-15T18:25:06.733+0000] {dag.py:3834} INFO - Setting next_dagrun for dataset_produces_2 to None, run_after=None
[2026-03-15T18:25:06.756+0000] {processor.py:183} INFO - Processing /home/airflow/.local/lib/python3.11/site-packages/airflow/example_dags/example_datasets.py took 0.073 seconds
[2026-03-15T18:25:18.060+0000] {processor.py:161} INFO - Started process (PID=1026) to work on /home/airflow/.local/lib/python3.11/site-packages/airflow/example_dags/example_datasets.py
[2026-03-15T18:25:18.062+0000] {processor.py:830} INFO - Processing file /home/airflow/.local/lib/python3.11/site-packages/airflow/example_dags/example_datasets.py for tasks to queue
[2026-03-15T18:25:18.064+0000] {logging_mixin.py:188} INFO - [2026-03-15T18:25:18.063+0000] {dagbag.py:540} INFO - Filling up the DagBag from /home/airflow/.local/lib/python3.11/site-packages/airflow/example_dags/example_datasets.py
[2026-03-15T18:25:18.073+0000] {processor.py:840} INFO - DAG(s) 'dataset_consumes_1_and_2', 'dataset_produces_1', 'dataset_consumes_1_never_scheduled', 'dataset_produces_2', 'dataset_consumes_1', 'dataset_consumes_unknown_never_scheduled' retrieved from /home/airflow/.local/lib/python3.11/site-packages/airflow/example_dags/example_datasets.py
[2026-03-15T18:25:18.170+0000] {logging_mixin.py:188} INFO - [2026-03-15T18:25:18.169+0000] {dag.py:3047} INFO - Sync 6 DAGs
[2026-03-15T18:25:18.183+0000] {logging_mixin.py:188} INFO - [2026-03-15T18:25:18.183+0000] {dag.py:3834} INFO - Setting next_dagrun for dataset_consumes_1 to None, run_after=None
[2026-03-15T18:25:18.186+0000] {logging_mixin.py:188} INFO - [2026-03-15T18:25:18.185+0000] {dag.py:3834} INFO - Setting next_dagrun for dataset_consumes_1_and_2 to None, run_after=None
[2026-03-15T18:25:18.187+0000] {logging_mixin.py:188} INFO - [2026-03-15T18:25:18.187+0000] {dag.py:3834} INFO - Setting next_dagrun for dataset_consumes_1_never_scheduled to None, run_after=None
[2026-03-15T18:25:18.188+0000] {logging_mixin.py:188} INFO - [2026-03-15T18:25:18.188+0000] {dag.py:3834} INFO - Setting next_dagrun for dataset_consumes_unknown_never_scheduled to None, run_after=None
[2026-03-15T18:25:18.190+0000] {logging_mixin.py:188} INFO - [2026-03-15T18:25:18.190+0000] {dag.py:3834} INFO - Setting next_dagrun for dataset_produces_1 to 2026-03-14 00:00:00+00:00, run_after=2026-03-15 00:00:00+00:00
[2026-03-15T18:25:18.191+0000] {logging_mixin.py:188} INFO - [2026-03-15T18:25:18.190+0000] {dag.py:3834} INFO - Setting next_dagrun for dataset_produces_2 to None, run_after=None
[2026-03-15T18:25:18.216+0000] {processor.py:183} INFO - Processing /home/airflow/.local/lib/python3.11/site-packages/airflow/example_dags/example_datasets.py took 0.158 seconds
[2026-03-15T18:25:21.259+0000] {processor.py:161} INFO - Started process (PID=1072) to work on /home/airflow/.local/lib/python3.11/site-packages/airflow/example_dags/example_datasets.py
[2026-03-15T18:25:21.260+0000] {processor.py:830} INFO - Processing file /home/airflow/.local/lib/python3.11/site-packages/airflow/example_dags/example_datasets.py for tasks to queue
[2026-03-15T18:25:21.262+0000] {logging_mixin.py:188} INFO - [2026-03-15T18:25:21.261+0000] {dagbag.py:540} INFO - Filling up the DagBag from /home/airflow/.local/lib/python3.11/site-packages/airflow/example_dags/example_datasets.py
[2026-03-15T18:25:21.269+0000] {processor.py:840} INFO - DAG(s) 'dataset_consumes_1_and_2', 'dataset_produces_2', 'dataset_produces_1', 'dataset_consumes_1', 'dataset_consumes_unknown_never_scheduled', 'dataset_consumes_1_never_scheduled' retrieved from /home/airflow/.local/lib/python3.11/site-packages/airflow/example_dags/example_datasets.py
[2026-03-15T18:25:21.280+0000] {logging_mixin.py:188} INFO - [2026-03-15T18:25:21.280+0000] {dag.py:3047} INFO - Sync 6 DAGs
[2026-03-15T18:25:21.297+0000] {logging_mixin.py:188} INFO - [2026-03-15T18:25:21.296+0000] {dag.py:3834} INFO - Setting next_dagrun for dataset_consumes_1 to None, run_after=None
[2026-03-15T18:25:21.299+0000] {logging_mixin.py:188} INFO - [2026-03-15T18:25:21.299+0000] {dag.py:3834} INFO - Setting next_dagrun for dataset_consumes_1_and_2 to None, run_after=None
[2026-03-15T18:25:21.301+0000] {logging_mixin.py:188} INFO - [2026-03-15T18:25:21.300+0000] {dag.py:3834} INFO - Setting next_dagrun for dataset_consumes_1_never_scheduled to None, run_after=None
[2026-03-15T18:25:21.301+0000] {logging_mixin.py:188} INFO - [2026-03-15T18:25:21.301+0000] {dag.py:3834} INFO - Setting next_dagrun for dataset_consumes_unknown_never_scheduled to None, run_after=None
[2026-03-15T18:25:21.303+0000] {logging_mixin.py:188} INFO - [2026-03-15T18:25:21.303+0000] {dag.py:3834} INFO - Setting next_dagrun for dataset_produces_1 to 2026-03-14 00:00:00+00:00, run_after=2026-03-15 00:00:00+00:00
[2026-03-15T18:25:21.304+0000] {logging_mixin.py:188} INFO - [2026-03-15T18:25:21.304+0000] {dag.py:3834} INFO - Setting next_dagrun for dataset_produces_2 to None, run_after=None
[2026-03-15T18:25:21.327+0000] {processor.py:183} INFO - Processing /home/airflow/.local/lib/python3.11/site-packages/airflow/example_dags/example_datasets.py took 0.070 seconds
[2026-03-15T18:25:26.015+0000] {processor.py:161} INFO - Started process (PID=1124) to work on /home/airflow/.local/lib/python3.11/site-packages/airflow/example_dags/example_datasets.py
[2026-03-15T18:25:26.016+0000] {processor.py:830} INFO - Processing file /home/airflow/.local/lib/python3.11/site-packages/airflow/example_dags/example_datasets.py for tasks to queue
[2026-03-15T18:25:26.017+0000] {logging_mixin.py:188} INFO - [2026-03-15T18:25:26.017+0000] {dagbag.py:540} INFO - Filling up the DagBag from /home/airflow/.local/lib/python3.11/site-packages/airflow/example_dags/example_datasets.py
[2026-03-15T18:25:26.024+0000] {processor.py:840} INFO - DAG(s) 'dataset_produces_2', 'dataset_consumes_1_never_scheduled', 'dataset_consumes_unknown_never_scheduled', 'dataset_consumes_1', 'dataset_produces_1', 'dataset_consumes_1_and_2' retrieved from /home/airflow/.local/lib/python3.11/site-packages/airflow/example_dags/example_datasets.py
[2026-03-15T18:25:26.035+0000] {logging_mixin.py:188} INFO - [2026-03-15T18:25:26.035+0000] {dag.py:3047} INFO - Sync 6 DAGs
[2026-03-15T18:25:26.051+0000] {logging_mixin.py:188} INFO - [2026-03-15T18:25:26.051+0000] {dag.py:3834} INFO - Setting next_dagrun for dataset_consumes_1 to None, run_after=None
[2026-03-15T18:25:26.054+0000] {logging_mixin.py:188} INFO - [2026-03-15T18:25:26.054+0000] {dag.py:3834} INFO - Setting next_dagrun for dataset_consumes_1_and_2 to None, run_after=None
[2026-03-15T18:25:26.057+0000] {logging_mixin.py:188} INFO - [2026-03-15T18:25:26.056+0000] {dag.py:3834} INFO - Setting next_dagrun for dataset_consumes_1_never_scheduled to None, run_after=None
[2026-03-15T18:25:26.057+0000] {logging_mixin.py:188} INFO - [2026-03-15T18:25:26.057+0000] {dag.py:3834} INFO - Setting next_dagrun for dataset_consumes_unknown_never_scheduled to None, run_after=None
[2026-03-15T18:25:26.059+0000] {logging_mixin.py:188} INFO - [2026-03-15T18:25:26.059+0000] {dag.py:3834} INFO - Setting next_dagrun for dataset_produces_1 to 2026-03-14 00:00:00+00:00, run_after=2026-03-15 00:00:00+00:00
[2026-03-15T18:25:26.060+0000] {logging_mixin.py:188} INFO - [2026-03-15T18:25:26.060+0000] {dag.py:3834} INFO - Setting next_dagrun for dataset_produces_2 to None, run_after=None
[2026-03-15T18:25:26.083+0000] {processor.py:183} INFO - Processing /home/airflow/.local/lib/python3.11/site-packages/airflow/example_dags/example_datasets.py took 0.071 seconds
[2026-03-15T18:25:56.495+0000] {processor.py:161} INFO - Started process (PID=1176) to work on /home/airflow/.local/lib/python3.11/site-packages/airflow/example_dags/example_datasets.py
[2026-03-15T18:25:56.496+0000] {processor.py:830} INFO - Processing file /home/airflow/.local/lib/python3.11/site-packages/airflow/example_dags/example_datasets.py for tasks to queue
[2026-03-15T18:25:56.497+0000] {logging_mixin.py:188} INFO - [2026-03-15T18:25:56.497+0000] {dagbag.py:540} INFO - Filling up the DagBag from /home/airflow/.local/lib/python3.11/site-packages/airflow/example_dags/example_datasets.py
[2026-03-15T18:25:56.506+0000] {processor.py:840} INFO - DAG(s) 'dataset_produces_1', 'dataset_produces_2', 'dataset_consumes_1', 'dataset_consumes_1_never_scheduled', 'dataset_consumes_1_and_2', 'dataset_consumes_unknown_never_scheduled' retrieved from /home/airflow/.local/lib/python3.11/site-packages/airflow/example_dags/example_datasets.py
[2026-03-15T18:25:56.531+0000] {logging_mixin.py:188} INFO - [2026-03-15T18:25:56.530+0000] {dag.py:3047} INFO - Sync 6 DAGs
[2026-03-15T18:25:56.548+0000] {logging_mixin.py:188} INFO - [2026-03-15T18:25:56.548+0000] {dag.py:3834} INFO - Setting next_dagrun for dataset_consumes_1 to None, run_after=None
[2026-03-15T18:25:56.551+0000] {logging_mixin.py:188} INFO - [2026-03-15T18:25:56.551+0000] {dag.py:3834} INFO - Setting next_dagrun for dataset_consumes_1_and_2 to None, run_after=None
[2026-03-15T18:25:56.552+0000] {logging_mixin.py:188} INFO - [2026-03-15T18:25:56.552+0000] {dag.py:3834} INFO - Setting next_dagrun for dataset_consumes_1_never_scheduled to None, run_after=None
[2026-03-15T18:25:56.553+0000] {logging_mixin.py:188} INFO - [2026-03-15T18:25:56.553+0000] {dag.py:3834} INFO - Setting next_dagrun for dataset_consumes_unknown_never_scheduled to None, run_after=None
[2026-03-15T18:25:56.555+0000] {logging_mixin.py:188} INFO - [2026-03-15T18:25:56.555+0000] {dag.py:3834} INFO - Setting next_dagrun for dataset_produces_1 to 2026-03-14 00:00:00+00:00, run_after=2026-03-15 00:00:00+00:00
[2026-03-15T18:25:56.556+0000] {logging_mixin.py:188} INFO - [2026-03-15T18:25:56.556+0000] {dag.py:3834} INFO - Setting next_dagrun for dataset_produces_2 to None, run_after=None
[2026-03-15T18:25:56.578+0000] {processor.py:183} INFO - Processing /home/airflow/.local/lib/python3.11/site-packages/airflow/example_dags/example_datasets.py took 0.086 seconds
[2026-03-15T18:26:18.927+0000] {processor.py:161} INFO - Started process (PID=1226) to work on /home/airflow/.local/lib/python3.11/site-packages/airflow/example_dags/example_datasets.py
[2026-03-15T18:26:18.928+0000] {processor.py:830} INFO - Processing file /home/airflow/.local/lib/python3.11/site-packages/airflow/example_dags/example_datasets.py for tasks to queue
[2026-03-15T18:26:18.930+0000] {logging_mixin.py:188} INFO - [2026-03-15T18:26:18.929+0000] {dagbag.py:540} INFO - Filling up the DagBag from /home/airflow/.local/lib/python3.11/site-packages/airflow/example_dags/example_datasets.py
[2026-03-15T18:26:18.938+0000] {processor.py:840} INFO - DAG(s) 'dataset_produces_2', 'dataset_consumes_unknown_never_scheduled', 'dataset_consumes_1_never_scheduled', 'dataset_consumes_1_and_2', 'dataset_consumes_1', 'dataset_produces_1' retrieved from /home/airflow/.local/lib/python3.11/site-packages/airflow/example_dags/example_datasets.py
[2026-03-15T18:26:18.963+0000] {logging_mixin.py:188} INFO - [2026-03-15T18:26:18.963+0000] {dag.py:3047} INFO - Sync 6 DAGs
[2026-03-15T18:26:18.983+0000] {logging_mixin.py:188} INFO - [2026-03-15T18:26:18.983+0000] {dag.py:3834} INFO - Setting next_dagrun for dataset_consumes_1 to None, run_after=None
[2026-03-15T18:26:18.987+0000] {logging_mixin.py:188} INFO - [2026-03-15T18:26:18.987+0000] {dag.py:3834} INFO - Setting next_dagrun for dataset_consumes_1_and_2 to None, run_after=None
[2026-03-15T18:26:18.988+0000] {logging_mixin.py:188} INFO - [2026-03-15T18:26:18.988+0000] {dag.py:3834} INFO - Setting next_dagrun for dataset_consumes_1_never_scheduled to None, run_after=None
[2026-03-15T18:26:18.989+0000] {logging_mixin.py:188} INFO - [2026-03-15T18:26:18.989+0000] {dag.py:3834} INFO - Setting next_dagrun for dataset_consumes_unknown_never_scheduled to None, run_after=None
[2026-03-15T18:26:18.992+0000] {logging_mixin.py:188} INFO - [2026-03-15T18:26:18.992+0000] {dag.py:3834} INFO - Setting next_dagrun for dataset_produces_1 to 2026-03-14 00:00:00+00:00, run_after=2026-03-15 00:00:00+00:00
[2026-03-15T18:26:18.993+0000] {logging_mixin.py:188} INFO - [2026-03-15T18:26:18.992+0000] {dag.py:3834} INFO - Setting next_dagrun for dataset_produces_2 to None, run_after=None
[2026-03-15T18:26:19.016+0000] {processor.py:183} INFO - Processing /home/airflow/.local/lib/python3.11/site-packages/airflow/example_dags/example_datasets.py took 0.092 seconds
[2026-03-15T18:26:21.445+0000] {processor.py:161} INFO - Started process (PID=1276) to work on /home/airflow/.local/lib/python3.11/site-packages/airflow/example_dags/example_datasets.py
[2026-03-15T18:26:21.446+0000] {processor.py:830} INFO - Processing file /home/airflow/.local/lib/python3.11/site-packages/airflow/example_dags/example_datasets.py for tasks to queue
[2026-03-15T18:26:21.448+0000] {logging_mixin.py:188} INFO - [2026-03-15T18:26:21.447+0000] {dagbag.py:540} INFO - Filling up the DagBag from /home/airflow/.local/lib/python3.11/site-packages/airflow/example_dags/example_datasets.py
[2026-03-15T18:26:21.455+0000] {processor.py:840} INFO - DAG(s) 'dataset_consumes_1', 'dataset_consumes_1_never_scheduled', 'dataset_produces_2', 'dataset_consumes_unknown_never_scheduled', 'dataset_produces_1', 'dataset_consumes_1_and_2' retrieved from /home/airflow/.local/lib/python3.11/site-packages/airflow/example_dags/example_datasets.py
[2026-03-15T18:26:21.477+0000] {logging_mixin.py:188} INFO - [2026-03-15T18:26:21.477+0000] {dag.py:3047} INFO - Sync 6 DAGs
[2026-03-15T18:26:21.491+0000] {logging_mixin.py:188} INFO - [2026-03-15T18:26:21.491+0000] {dag.py:3834} INFO - Setting next_dagrun for dataset_consumes_1 to None, run_after=None
[2026-03-15T18:26:21.494+0000] {logging_mixin.py:188} INFO - [2026-03-15T18:26:21.493+0000] {dag.py:3834} INFO - Setting next_dagrun for dataset_consumes_1_and_2 to None, run_after=None
[2026-03-15T18:26:21.494+0000] {logging_mixin.py:188} INFO - [2026-03-15T18:26:21.494+0000] {dag.py:3834} INFO - Setting next_dagrun for dataset_consumes_1_never_scheduled to None, run_after=None
[2026-03-15T18:26:21.495+0000] {logging_mixin.py:188} INFO - [2026-03-15T18:26:21.495+0000] {dag.py:3834} INFO - Setting next_dagrun for dataset_consumes_unknown_never_scheduled to None, run_after=None
[2026-03-15T18:26:21.497+0000] {logging_mixin.py:188} INFO - [2026-03-15T18:26:21.497+0000] {dag.py:3834} INFO - Setting next_dagrun for dataset_produces_1 to 2026-03-14 00:00:00+00:00, run_after=2026-03-15 00:00:00+00:00
[2026-03-15T18:26:21.498+0000] {logging_mixin.py:188} INFO - [2026-03-15T18:26:21.498+0000] {dag.py:3834} INFO - Setting next_dagrun for dataset_produces_2 to None, run_after=None
[2026-03-15T18:26:21.519+0000] {processor.py:183} INFO - Processing /home/airflow/.local/lib/python3.11/site-packages/airflow/example_dags/example_datasets.py took 0.077 seconds
[2026-03-15T18:26:36.684+0000] {processor.py:161} INFO - Started process (PID=1328) to work on /home/airflow/.local/lib/python3.11/site-packages/airflow/example_dags/example_datasets.py
[2026-03-15T18:26:36.685+0000] {processor.py:830} INFO - Processing file /home/airflow/.local/lib/python3.11/site-packages/airflow/example_dags/example_datasets.py for tasks to queue
[2026-03-15T18:26:36.687+0000] {logging_mixin.py:188} INFO - [2026-03-15T18:26:36.687+0000] {dagbag.py:540} INFO - Filling up the DagBag from /home/airflow/.local/lib/python3.11/site-packages/airflow/example_dags/example_datasets.py
[2026-03-15T18:26:36.694+0000] {processor.py:840} INFO - DAG(s) 'dataset_produces_2', 'dataset_consumes_1_and_2', 'dataset_consumes_1', 'dataset_consumes_1_never_scheduled', 'dataset_consumes_unknown_never_scheduled', 'dataset_produces_1' retrieved from /home/airflow/.local/lib/python3.11/site-packages/airflow/example_dags/example_datasets.py
[2026-03-15T18:26:36.716+0000] {logging_mixin.py:188} INFO - [2026-03-15T18:26:36.716+0000] {dag.py:3047} INFO - Sync 6 DAGs
[2026-03-15T18:26:36.732+0000] {logging_mixin.py:188} INFO - [2026-03-15T18:26:36.732+0000] {dag.py:3834} INFO - Setting next_dagrun for dataset_consumes_1 to None, run_after=None
[2026-03-15T18:26:36.735+0000] {logging_mixin.py:188} INFO - [2026-03-15T18:26:36.735+0000] {dag.py:3834} INFO - Setting next_dagrun for dataset_consumes_1_and_2 to None, run_after=None
[2026-03-15T18:26:36.736+0000] {logging_mixin.py:188} INFO - [2026-03-15T18:26:36.736+0000] {dag.py:3834} INFO - Setting next_dagrun for dataset_consumes_1_never_scheduled to None, run_after=None
[2026-03-15T18:26:36.737+0000] {logging_mixin.py:188} INFO - [2026-03-15T18:26:36.737+0000] {dag.py:3834} INFO - Setting next_dagrun for dataset_consumes_unknown_never_scheduled to None, run_after=None
[2026-03-15T18:26:36.739+0000] {logging_mixin.py:188} INFO - [2026-03-15T18:26:36.739+0000] {dag.py:3834} INFO - Setting next_dagrun for dataset_produces_1 to 2026-03-14 00:00:00+00:00, run_after=2026-03-15 00:00:00+00:00
[2026-03-15T18:26:36.740+0000] {logging_mixin.py:188} INFO - [2026-03-15T18:26:36.740+0000] {dag.py:3834} INFO - Setting next_dagrun for dataset_produces_2 to None, run_after=None
[2026-03-15T18:26:36.761+0000] {processor.py:183} INFO - Processing /home/airflow/.local/lib/python3.11/site-packages/airflow/example_dags/example_datasets.py took 0.080 seconds
[2026-03-15T18:27:31.018+0000] {processor.py:161} INFO - Started process (PID=1374) to work on /home/airflow/.local/lib/python3.11/site-packages/airflow/example_dags/example_datasets.py
[2026-03-15T18:27:31.019+0000] {processor.py:830} INFO - Processing file /home/airflow/.local/lib/python3.11/site-packages/airflow/example_dags/example_datasets.py for tasks to queue
[2026-03-15T18:27:31.020+0000] {logging_mixin.py:188} INFO - [2026-03-15T18:27:31.020+0000] {dagbag.py:540} INFO - Filling up the DagBag from /home/airflow/.local/lib/python3.11/site-packages/airflow/example_dags/example_datasets.py
[2026-03-15T18:27:31.028+0000] {processor.py:840} INFO - DAG(s) 'dataset_produces_2', 'dataset_produces_1', 'dataset_consumes_1', 'dataset_consumes_1_never_scheduled', 'dataset_consumes_unknown_never_scheduled', 'dataset_consumes_1_and_2' retrieved from /home/airflow/.local/lib/python3.11/site-packages/airflow/example_dags/example_datasets.py
[2026-03-15T18:27:31.049+0000] {logging_mixin.py:188} INFO - [2026-03-15T18:27:31.049+0000] {dag.py:3047} INFO - Sync 6 DAGs
[2026-03-15T18:27:31.065+0000] {logging_mixin.py:188} INFO - [2026-03-15T18:27:31.065+0000] {dag.py:3834} INFO - Setting next_dagrun for dataset_consumes_1 to None, run_after=None
[2026-03-15T18:27:31.068+0000] {logging_mixin.py:188} INFO - [2026-03-15T18:27:31.068+0000] {dag.py:3834} INFO - Setting next_dagrun for dataset_consumes_1_and_2 to None, run_after=None
[2026-03-15T18:27:31.069+0000] {logging_mixin.py:188} INFO - [2026-03-15T18:27:31.069+0000] {dag.py:3834} INFO - Setting next_dagrun for dataset_consumes_1_never_scheduled to None, run_after=None
[2026-03-15T18:27:31.070+0000] {logging_mixin.py:188} INFO - [2026-03-15T18:27:31.070+0000] {dag.py:3834} INFO - Setting next_dagrun for dataset_consumes_unknown_never_scheduled to None, run_after=None
[2026-03-15T18:27:31.072+0000] {logging_mixin.py:188} INFO - [2026-03-15T18:27:31.072+0000] {dag.py:3834} INFO - Setting next_dagrun for dataset_produces_1 to 2026-03-14 00:00:00+00:00, run_after=2026-03-15 00:00:00+00:00
[2026-03-15T18:27:31.073+0000] {logging_mixin.py:188} INFO - [2026-03-15T18:27:31.073+0000] {dag.py:3834} INFO - Setting next_dagrun for dataset_produces_2 to None, run_after=None
[2026-03-15T18:27:31.104+0000] {processor.py:183} INFO - Processing /home/airflow/.local/lib/python3.11/site-packages/airflow/example_dags/example_datasets.py took 0.089 seconds
[2026-03-15T18:27:41.860+0000] {processor.py:161} INFO - Started process (PID=1438) to work on /home/airflow/.local/lib/python3.11/site-packages/airflow/example_dags/example_datasets.py
[2026-03-15T18:27:41.861+0000] {processor.py:830} INFO - Processing file /home/airflow/.local/lib/python3.11/site-packages/airflow/example_dags/example_datasets.py for tasks to queue
[2026-03-15T18:27:41.863+0000] {logging_mixin.py:188} INFO - [2026-03-15T18:27:41.863+0000] {dagbag.py:540} INFO - Filling up the DagBag from /home/airflow/.local/lib/python3.11/site-packages/airflow/example_dags/example_datasets.py
[2026-03-15T18:27:41.874+0000] {processor.py:840} INFO - DAG(s) 'dataset_consumes_1', 'dataset_consumes_1_never_scheduled', 'dataset_consumes_unknown_never_scheduled', 'dataset_consumes_1_and_2', 'dataset_produces_1', 'dataset_produces_2' retrieved from /home/airflow/.local/lib/python3.11/site-packages/airflow/example_dags/example_datasets.py
[2026-03-15T18:27:41.902+0000] {logging_mixin.py:188} INFO - [2026-03-15T18:27:41.902+0000] {dag.py:3047} INFO - Sync 6 DAGs
[2026-03-15T18:27:41.929+0000] {logging_mixin.py:188} INFO - [2026-03-15T18:27:41.928+0000] {dag.py:3834} INFO - Setting next_dagrun for dataset_consumes_1 to None, run_after=None
[2026-03-15T18:27:41.935+0000] {logging_mixin.py:188} INFO - [2026-03-15T18:27:41.934+0000] {dag.py:3834} INFO - Setting next_dagrun for dataset_consumes_1_and_2 to None, run_after=None
[2026-03-15T18:27:41.937+0000] {logging_mixin.py:188} INFO - [2026-03-15T18:27:41.937+0000] {dag.py:3834} INFO - Setting next_dagrun for dataset_consumes_1_never_scheduled to None, run_after=None
[2026-03-15T18:27:41.939+0000] {logging_mixin.py:188} INFO - [2026-03-15T18:27:41.938+0000] {dag.py:3834} INFO - Setting next_dagrun for dataset_consumes_unknown_never_scheduled to None, run_after=None
[2026-03-15T18:27:41.941+0000] {logging_mixin.py:188} INFO - [2026-03-15T18:27:41.941+0000] {dag.py:3834} INFO - Setting next_dagrun for dataset_produces_1 to 2026-03-14 00:00:00+00:00, run_after=2026-03-15 00:00:00+00:00
[2026-03-15T18:27:41.943+0000] {logging_mixin.py:188} INFO - [2026-03-15T18:27:41.942+0000] {dag.py:3834} INFO - Setting next_dagrun for dataset_produces_2 to None, run_after=None
[2026-03-15T18:27:41.965+0000] {processor.py:183} INFO - Processing /home/airflow/.local/lib/python3.11/site-packages/airflow/example_dags/example_datasets.py took 0.108 seconds
[2026-03-15T18:28:13.955+0000] {processor.py:161} INFO - Started process (PID=1490) to work on /home/airflow/.local/lib/python3.11/site-packages/airflow/example_dags/example_datasets.py
[2026-03-15T18:28:13.957+0000] {processor.py:830} INFO - Processing file /home/airflow/.local/lib/python3.11/site-packages/airflow/example_dags/example_datasets.py for tasks to queue
[2026-03-15T18:28:13.961+0000] {logging_mixin.py:188} INFO - [2026-03-15T18:28:13.961+0000] {dagbag.py:540} INFO - Filling up the DagBag from /home/airflow/.local/lib/python3.11/site-packages/airflow/example_dags/example_datasets.py
[2026-03-15T18:28:13.975+0000] {processor.py:840} INFO - DAG(s) 'dataset_consumes_1_and_2', 'dataset_consumes_1_never_scheduled', 'dataset_produces_2', 'dataset_produces_1', 'dataset_consumes_unknown_never_scheduled', 'dataset_consumes_1' retrieved from /home/airflow/.local/lib/python3.11/site-packages/airflow/example_dags/example_datasets.py
[2026-03-15T18:28:14.023+0000] {logging_mixin.py:188} INFO - [2026-03-15T18:28:14.022+0000] {dag.py:3047} INFO - Sync 6 DAGs
[2026-03-15T18:28:14.049+0000] {logging_mixin.py:188} INFO - [2026-03-15T18:28:14.049+0000] {dag.py:3834} INFO - Setting next_dagrun for dataset_consumes_1 to None, run_after=None
[2026-03-15T18:28:14.055+0000] {logging_mixin.py:188} INFO - [2026-03-15T18:28:14.055+0000] {dag.py:3834} INFO - Setting next_dagrun for dataset_consumes_1_and_2 to None, run_after=None
[2026-03-15T18:28:14.065+0000] {logging_mixin.py:188} INFO - [2026-03-15T18:28:14.064+0000] {dag.py:3834} INFO - Setting next_dagrun for dataset_consumes_1_never_scheduled to None, run_after=None
[2026-03-15T18:28:14.068+0000] {logging_mixin.py:188} INFO - [2026-03-15T18:28:14.068+0000] {dag.py:3834} INFO - Setting next_dagrun for dataset_consumes_unknown_never_scheduled to None, run_after=None
[2026-03-15T18:28:14.079+0000] {logging_mixin.py:188} INFO - [2026-03-15T18:28:14.079+0000] {dag.py:3834} INFO - Setting next_dagrun for dataset_produces_1 to 2026-03-14 00:00:00+00:00, run_after=2026-03-15 00:00:00+00:00
[2026-03-15T18:28:14.088+0000] {logging_mixin.py:188} INFO - [2026-03-15T18:28:14.087+0000] {dag.py:3834} INFO - Setting next_dagrun for dataset_produces_2 to None, run_after=None
[2026-03-15T18:28:14.137+0000] {processor.py:183} INFO - Processing /home/airflow/.local/lib/python3.11/site-packages/airflow/example_dags/example_datasets.py took 0.186 seconds
[2026-03-15T18:28:44.393+0000] {processor.py:161} INFO - Started process (PID=1542) to work on /home/airflow/.local/lib/python3.11/site-packages/airflow/example_dags/example_datasets.py
[2026-03-15T18:28:44.394+0000] {processor.py:830} INFO - Processing file /home/airflow/.local/lib/python3.11/site-packages/airflow/example_dags/example_datasets.py for tasks to queue
[2026-03-15T18:28:44.396+0000] {logging_mixin.py:188} INFO - [2026-03-15T18:28:44.395+0000] {dagbag.py:540} INFO - Filling up the DagBag from /home/airflow/.local/lib/python3.11/site-packages/airflow/example_dags/example_datasets.py
[2026-03-15T18:28:44.404+0000] {processor.py:840} INFO - DAG(s) 'dataset_consumes_1_and_2', 'dataset_consumes_1_never_scheduled', 'dataset_consumes_1', 'dataset_consumes_unknown_never_scheduled', 'dataset_produces_1', 'dataset_produces_2' retrieved from /home/airflow/.local/lib/python3.11/site-packages/airflow/example_dags/example_datasets.py
[2026-03-15T18:28:44.426+0000] {logging_mixin.py:188} INFO - [2026-03-15T18:28:44.426+0000] {dag.py:3047} INFO - Sync 6 DAGs
[2026-03-15T18:28:44.443+0000] {logging_mixin.py:188} INFO - [2026-03-15T18:28:44.442+0000] {dag.py:3834} INFO - Setting next_dagrun for dataset_consumes_1 to None, run_after=None
[2026-03-15T18:28:44.450+0000] {logging_mixin.py:188} INFO - [2026-03-15T18:28:44.450+0000] {dag.py:3834} INFO - Setting next_dagrun for dataset_consumes_1_and_2 to None, run_after=None
[2026-03-15T18:28:44.455+0000] {logging_mixin.py:188} INFO - [2026-03-15T18:28:44.454+0000] {dag.py:3834} INFO - Setting next_dagrun for dataset_consumes_1_never_scheduled to None, run_after=None
[2026-03-15T18:28:44.458+0000] {logging_mixin.py:188} INFO - [2026-03-15T18:28:44.458+0000] {dag.py:3834} INFO - Setting next_dagrun for dataset_consumes_unknown_never_scheduled to None, run_after=None
[2026-03-15T18:28:44.464+0000] {logging_mixin.py:188} INFO - [2026-03-15T18:28:44.463+0000] {dag.py:3834} INFO - Setting next_dagrun for dataset_produces_1 to 2026-03-14 00:00:00+00:00, run_after=2026-03-15 00:00:00+00:00
[2026-03-15T18:28:44.469+0000] {logging_mixin.py:188} INFO - [2026-03-15T18:28:44.468+0000] {dag.py:3834} INFO - Setting next_dagrun for dataset_produces_2 to None, run_after=None
[2026-03-15T18:28:44.494+0000] {processor.py:183} INFO - Processing /home/airflow/.local/lib/python3.11/site-packages/airflow/example_dags/example_datasets.py took 0.104 seconds
[2026-03-15T18:29:36.047+0000] {processor.py:161} INFO - Started process (PID=1590) to work on /home/airflow/.local/lib/python3.11/site-packages/airflow/example_dags/example_datasets.py
[2026-03-15T18:29:36.048+0000] {processor.py:830} INFO - Processing file /home/airflow/.local/lib/python3.11/site-packages/airflow/example_dags/example_datasets.py for tasks to queue
[2026-03-15T18:29:36.051+0000] {logging_mixin.py:188} INFO - [2026-03-15T18:29:36.051+0000] {dagbag.py:540} INFO - Filling up the DagBag from /home/airflow/.local/lib/python3.11/site-packages/airflow/example_dags/example_datasets.py
[2026-03-15T18:29:36.059+0000] {processor.py:840} INFO - DAG(s) 'dataset_consumes_unknown_never_scheduled', 'dataset_produces_1', 'dataset_produces_2', 'dataset_consumes_1_and_2', 'dataset_consumes_1_never_scheduled', 'dataset_consumes_1' retrieved from /home/airflow/.local/lib/python3.11/site-packages/airflow/example_dags/example_datasets.py
[2026-03-15T18:29:36.083+0000] {logging_mixin.py:188} INFO - [2026-03-15T18:29:36.083+0000] {dag.py:3047} INFO - Sync 6 DAGs
[2026-03-15T18:29:36.099+0000] {logging_mixin.py:188} INFO - [2026-03-15T18:29:36.098+0000] {dag.py:3834} INFO - Setting next_dagrun for dataset_consumes_1 to None, run_after=None
[2026-03-15T18:29:36.102+0000] {logging_mixin.py:188} INFO - [2026-03-15T18:29:36.102+0000] {dag.py:3834} INFO - Setting next_dagrun for dataset_consumes_1_and_2 to None, run_after=None
[2026-03-15T18:29:36.103+0000] {logging_mixin.py:188} INFO - [2026-03-15T18:29:36.103+0000] {dag.py:3834} INFO - Setting next_dagrun for dataset_consumes_1_never_scheduled to None, run_after=None
[2026-03-15T18:29:36.104+0000] {logging_mixin.py:188} INFO - [2026-03-15T18:29:36.104+0000] {dag.py:3834} INFO - Setting next_dagrun for dataset_consumes_unknown_never_scheduled to None, run_after=None
[2026-03-15T18:29:36.106+0000] {logging_mixin.py:188} INFO - [2026-03-15T18:29:36.106+0000] {dag.py:3834} INFO - Setting next_dagrun for dataset_produces_1 to 2026-03-14 00:00:00+00:00, run_after=2026-03-15 00:00:00+00:00
[2026-03-15T18:29:36.107+0000] {logging_mixin.py:188} INFO - [2026-03-15T18:29:36.107+0000] {dag.py:3834} INFO - Setting next_dagrun for dataset_produces_2 to None, run_after=None
[2026-03-15T18:29:36.130+0000] {processor.py:183} INFO - Processing /home/airflow/.local/lib/python3.11/site-packages/airflow/example_dags/example_datasets.py took 0.085 seconds
[2026-03-15T18:29:21.309+0000] {processor.py:161} INFO - Started process (PID=1710) to work on /home/airflow/.local/lib/python3.11/site-packages/airflow/example_dags/example_datasets.py
[2026-03-15T18:29:21.310+0000] {processor.py:830} INFO - Processing file /home/airflow/.local/lib/python3.11/site-packages/airflow/example_dags/example_datasets.py for tasks to queue
[2026-03-15T18:29:21.311+0000] {logging_mixin.py:188} INFO - [2026-03-15T18:29:21.311+0000] {dagbag.py:540} INFO - Filling up the DagBag from /home/airflow/.local/lib/python3.11/site-packages/airflow/example_dags/example_datasets.py
[2026-03-15T18:29:21.319+0000] {processor.py:840} INFO - DAG(s) 'dataset_consumes_1_and_2', 'dataset_consumes_unknown_never_scheduled', 'dataset_produces_1', 'dataset_consumes_1_never_scheduled', 'dataset_produces_2', 'dataset_consumes_1' retrieved from /home/airflow/.local/lib/python3.11/site-packages/airflow/example_dags/example_datasets.py
[2026-03-15T18:29:21.343+0000] {logging_mixin.py:188} INFO - [2026-03-15T18:29:21.343+0000] {dag.py:3047} INFO - Sync 6 DAGs
[2026-03-15T18:29:21.359+0000] {logging_mixin.py:188} INFO - [2026-03-15T18:29:21.358+0000] {dag.py:3834} INFO - Setting next_dagrun for dataset_consumes_1 to None, run_after=None
[2026-03-15T18:29:21.361+0000] {logging_mixin.py:188} INFO - [2026-03-15T18:29:21.361+0000] {dag.py:3834} INFO - Setting next_dagrun for dataset_consumes_1_and_2 to None, run_after=None
[2026-03-15T18:29:21.362+0000] {logging_mixin.py:188} INFO - [2026-03-15T18:29:21.362+0000] {dag.py:3834} INFO - Setting next_dagrun for dataset_consumes_1_never_scheduled to None, run_after=None
[2026-03-15T18:29:21.363+0000] {logging_mixin.py:188} INFO - [2026-03-15T18:29:21.363+0000] {dag.py:3834} INFO - Setting next_dagrun for dataset_consumes_unknown_never_scheduled to None, run_after=None
[2026-03-15T18:29:21.365+0000] {logging_mixin.py:188} INFO - [2026-03-15T18:29:21.364+0000] {dag.py:3834} INFO - Setting next_dagrun for dataset_produces_1 to 2026-03-14 00:00:00+00:00, run_after=2026-03-15 00:00:00+00:00
[2026-03-15T18:29:21.365+0000] {logging_mixin.py:188} INFO - [2026-03-15T18:29:21.365+0000] {dag.py:3834} INFO - Setting next_dagrun for dataset_produces_2 to None, run_after=None
[2026-03-15T18:29:21.388+0000] {processor.py:183} INFO - Processing /home/airflow/.local/lib/python3.11/site-packages/airflow/example_dags/example_datasets.py took 0.082 seconds
[2026-03-15T18:29:51.711+0000] {processor.py:161} INFO - Started process (PID=1757) to work on /home/airflow/.local/lib/python3.11/site-packages/airflow/example_dags/example_datasets.py
[2026-03-15T18:29:51.712+0000] {processor.py:830} INFO - Processing file /home/airflow/.local/lib/python3.11/site-packages/airflow/example_dags/example_datasets.py for tasks to queue
[2026-03-15T18:29:51.714+0000] {logging_mixin.py:188} INFO - [2026-03-15T18:29:51.713+0000] {dagbag.py:540} INFO - Filling up the DagBag from /home/airflow/.local/lib/python3.11/site-packages/airflow/example_dags/example_datasets.py
[2026-03-15T18:29:51.721+0000] {processor.py:840} INFO - DAG(s) 'dataset_consumes_unknown_never_scheduled', 'dataset_consumes_1', 'dataset_consumes_1_never_scheduled', 'dataset_produces_2', 'dataset_produces_1', 'dataset_consumes_1_and_2' retrieved from /home/airflow/.local/lib/python3.11/site-packages/airflow/example_dags/example_datasets.py
[2026-03-15T18:29:51.744+0000] {logging_mixin.py:188} INFO - [2026-03-15T18:29:51.743+0000] {dag.py:3047} INFO - Sync 6 DAGs
[2026-03-15T18:29:51.761+0000] {logging_mixin.py:188} INFO - [2026-03-15T18:29:51.761+0000] {dag.py:3834} INFO - Setting next_dagrun for dataset_consumes_1 to None, run_after=None
[2026-03-15T18:29:51.764+0000] {logging_mixin.py:188} INFO - [2026-03-15T18:29:51.764+0000] {dag.py:3834} INFO - Setting next_dagrun for dataset_consumes_1_and_2 to None, run_after=None
[2026-03-15T18:29:51.766+0000] {logging_mixin.py:188} INFO - [2026-03-15T18:29:51.766+0000] {dag.py:3834} INFO - Setting next_dagrun for dataset_consumes_1_never_scheduled to None, run_after=None
[2026-03-15T18:29:51.768+0000] {logging_mixin.py:188} INFO - [2026-03-15T18:29:51.768+0000] {dag.py:3834} INFO - Setting next_dagrun for dataset_consumes_unknown_never_scheduled to None, run_after=None
[2026-03-15T18:29:51.771+0000] {logging_mixin.py:188} INFO - [2026-03-15T18:29:51.771+0000] {dag.py:3834} INFO - Setting next_dagrun for dataset_produces_1 to 2026-03-14 00:00:00+00:00, run_after=2026-03-15 00:00:00+00:00
[2026-03-15T18:29:51.772+0000] {logging_mixin.py:188} INFO - [2026-03-15T18:29:51.772+0000] {dag.py:3834} INFO - Setting next_dagrun for dataset_produces_2 to None, run_after=None
[2026-03-15T18:29:51.793+0000] {processor.py:183} INFO - Processing /home/airflow/.local/lib/python3.11/site-packages/airflow/example_dags/example_datasets.py took 0.085 seconds
[2026-03-15T18:29:57.098+0000] {processor.py:161} INFO - Started process (PID=1813) to work on /home/airflow/.local/lib/python3.11/site-packages/airflow/example_dags/example_datasets.py
[2026-03-15T18:29:57.099+0000] {processor.py:830} INFO - Processing file /home/airflow/.local/lib/python3.11/site-packages/airflow/example_dags/example_datasets.py for tasks to queue
[2026-03-15T18:29:57.100+0000] {logging_mixin.py:188} INFO - [2026-03-15T18:29:57.100+0000] {dagbag.py:540} INFO - Filling up the DagBag from /home/airflow/.local/lib/python3.11/site-packages/airflow/example_dags/example_datasets.py
[2026-03-15T18:29:57.108+0000] {processor.py:840} INFO - DAG(s) 'dataset_produces_1', 'dataset_consumes_1', 'dataset_consumes_unknown_never_scheduled', 'dataset_consumes_1_never_scheduled', 'dataset_produces_2', 'dataset_consumes_1_and_2' retrieved from /home/airflow/.local/lib/python3.11/site-packages/airflow/example_dags/example_datasets.py
[2026-03-15T18:29:57.130+0000] {logging_mixin.py:188} INFO - [2026-03-15T18:29:57.130+0000] {dag.py:3047} INFO - Sync 6 DAGs
[2026-03-15T18:29:57.146+0000] {logging_mixin.py:188} INFO - [2026-03-15T18:29:57.146+0000] {dag.py:3834} INFO - Setting next_dagrun for dataset_consumes_1 to None, run_after=None
[2026-03-15T18:29:57.150+0000] {logging_mixin.py:188} INFO - [2026-03-15T18:29:57.150+0000] {dag.py:3834} INFO - Setting next_dagrun for dataset_consumes_1_and_2 to None, run_after=None
[2026-03-15T18:29:57.152+0000] {logging_mixin.py:188} INFO - [2026-03-15T18:29:57.151+0000] {dag.py:3834} INFO - Setting next_dagrun for dataset_consumes_1_never_scheduled to None, run_after=None
[2026-03-15T18:29:57.157+0000] {logging_mixin.py:188} INFO - [2026-03-15T18:29:57.157+0000] {dag.py:3834} INFO - Setting next_dagrun for dataset_consumes_unknown_never_scheduled to None, run_after=None
[2026-03-15T18:29:57.159+0000] {logging_mixin.py:188} INFO - [2026-03-15T18:29:57.159+0000] {dag.py:3834} INFO - Setting next_dagrun for dataset_produces_1 to 2026-03-14 00:00:00+00:00, run_after=2026-03-15 00:00:00+00:00
[2026-03-15T18:29:57.160+0000] {logging_mixin.py:188} INFO - [2026-03-15T18:29:57.160+0000] {dag.py:3834} INFO - Setting next_dagrun for dataset_produces_2 to None, run_after=None
[2026-03-15T18:29:57.181+0000] {processor.py:183} INFO - Processing /home/airflow/.local/lib/python3.11/site-packages/airflow/example_dags/example_datasets.py took 0.086 seconds
[2026-03-15T18:31:06.858+0000] {processor.py:161} INFO - Started process (PID=93) to work on /home/airflow/.local/lib/python3.11/site-packages/airflow/example_dags/example_datasets.py
[2026-03-15T18:31:06.859+0000] {processor.py:830} INFO - Processing file /home/airflow/.local/lib/python3.11/site-packages/airflow/example_dags/example_datasets.py for tasks to queue
[2026-03-15T18:31:06.861+0000] {logging_mixin.py:188} INFO - [2026-03-15T18:31:06.861+0000] {dagbag.py:540} INFO - Filling up the DagBag from /home/airflow/.local/lib/python3.11/site-packages/airflow/example_dags/example_datasets.py
[2026-03-15T18:31:06.871+0000] {processor.py:840} INFO - DAG(s) 'dataset_produces_2', 'dataset_produces_1', 'dataset_consumes_1_never_scheduled', 'dataset_consumes_unknown_never_scheduled', 'dataset_consumes_1', 'dataset_consumes_1_and_2' retrieved from /home/airflow/.local/lib/python3.11/site-packages/airflow/example_dags/example_datasets.py
[2026-03-15T18:31:06.886+0000] {logging_mixin.py:188} INFO - [2026-03-15T18:31:06.886+0000] {dag.py:3047} INFO - Sync 6 DAGs
[2026-03-15T18:31:06.913+0000] {logging_mixin.py:188} INFO - [2026-03-15T18:31:06.912+0000] {dag.py:3834} INFO - Setting next_dagrun for dataset_consumes_1 to None, run_after=None
[2026-03-15T18:31:06.916+0000] {logging_mixin.py:188} INFO - [2026-03-15T18:31:06.916+0000] {dag.py:3834} INFO - Setting next_dagrun for dataset_consumes_1_and_2 to None, run_after=None
[2026-03-15T18:31:06.917+0000] {logging_mixin.py:188} INFO - [2026-03-15T18:31:06.917+0000] {dag.py:3834} INFO - Setting next_dagrun for dataset_consumes_1_never_scheduled to None, run_after=None
[2026-03-15T18:31:06.918+0000] {logging_mixin.py:188} INFO - [2026-03-15T18:31:06.918+0000] {dag.py:3834} INFO - Setting next_dagrun for dataset_consumes_unknown_never_scheduled to None, run_after=None
[2026-03-15T18:31:06.921+0000] {logging_mixin.py:188} INFO - [2026-03-15T18:31:06.920+0000] {dag.py:3834} INFO - Setting next_dagrun for dataset_produces_1 to 2026-03-14 00:00:00+00:00, run_after=2026-03-15 00:00:00+00:00
[2026-03-15T18:31:06.922+0000] {logging_mixin.py:188} INFO - [2026-03-15T18:31:06.922+0000] {dag.py:3834} INFO - Setting next_dagrun for dataset_produces_2 to None, run_after=None
[2026-03-15T18:31:06.951+0000] {processor.py:183} INFO - Processing /home/airflow/.local/lib/python3.11/site-packages/airflow/example_dags/example_datasets.py took 0.096 seconds
[2026-03-15T18:32:09.453+0000] {processor.py:161} INFO - Started process (PID=93) to work on /home/airflow/.local/lib/python3.11/site-packages/airflow/example_dags/example_datasets.py
[2026-03-15T18:32:09.455+0000] {processor.py:830} INFO - Processing file /home/airflow/.local/lib/python3.11/site-packages/airflow/example_dags/example_datasets.py for tasks to queue
[2026-03-15T18:32:09.457+0000] {logging_mixin.py:188} INFO - [2026-03-15T18:32:09.456+0000] {dagbag.py:540} INFO - Filling up the DagBag from /home/airflow/.local/lib/python3.11/site-packages/airflow/example_dags/example_datasets.py
[2026-03-15T18:32:09.469+0000] {processor.py:840} INFO - DAG(s) 'dataset_produces_1', 'dataset_consumes_1_never_scheduled', 'dataset_consumes_unknown_never_scheduled', 'dataset_consumes_1_and_2', 'dataset_produces_2', 'dataset_consumes_1' retrieved from /home/airflow/.local/lib/python3.11/site-packages/airflow/example_dags/example_datasets.py
[2026-03-15T18:32:09.488+0000] {logging_mixin.py:188} INFO - [2026-03-15T18:32:09.488+0000] {dag.py:3047} INFO - Sync 6 DAGs
[2026-03-15T18:32:09.515+0000] {logging_mixin.py:188} INFO - [2026-03-15T18:32:09.515+0000] {dag.py:3834} INFO - Setting next_dagrun for dataset_consumes_1 to None, run_after=None
[2026-03-15T18:32:09.519+0000] {logging_mixin.py:188} INFO - [2026-03-15T18:32:09.519+0000] {dag.py:3834} INFO - Setting next_dagrun for dataset_consumes_1_and_2 to None, run_after=None
[2026-03-15T18:32:09.521+0000] {logging_mixin.py:188} INFO - [2026-03-15T18:32:09.521+0000] {dag.py:3834} INFO - Setting next_dagrun for dataset_consumes_1_never_scheduled to None, run_after=None
[2026-03-15T18:32:09.522+0000] {logging_mixin.py:188} INFO - [2026-03-15T18:32:09.522+0000] {dag.py:3834} INFO - Setting next_dagrun for dataset_consumes_unknown_never_scheduled to None, run_after=None
[2026-03-15T18:32:09.525+0000] {logging_mixin.py:188} INFO - [2026-03-15T18:32:09.525+0000] {dag.py:3834} INFO - Setting next_dagrun for dataset_produces_1 to 2026-03-14 00:00:00+00:00, run_after=2026-03-15 00:00:00+00:00
[2026-03-15T18:32:09.528+0000] {logging_mixin.py:188} INFO - [2026-03-15T18:32:09.528+0000] {dag.py:3834} INFO - Setting next_dagrun for dataset_produces_2 to None, run_after=None
[2026-03-15T18:32:09.562+0000] {processor.py:183} INFO - Processing /home/airflow/.local/lib/python3.11/site-packages/airflow/example_dags/example_datasets.py took 0.111 seconds
[2026-03-15T18:32:17.706+0000] {processor.py:161} INFO - Started process (PID=149) to work on /home/airflow/.local/lib/python3.11/site-packages/airflow/example_dags/example_datasets.py
[2026-03-15T18:32:17.707+0000] {processor.py:830} INFO - Processing file /home/airflow/.local/lib/python3.11/site-packages/airflow/example_dags/example_datasets.py for tasks to queue
[2026-03-15T18:32:17.709+0000] {logging_mixin.py:188} INFO - [2026-03-15T18:32:17.709+0000] {dagbag.py:540} INFO - Filling up the DagBag from /home/airflow/.local/lib/python3.11/site-packages/airflow/example_dags/example_datasets.py
[2026-03-15T18:32:17.718+0000] {processor.py:840} INFO - DAG(s) 'dataset_consumes_unknown_never_scheduled', 'dataset_consumes_1', 'dataset_produces_1', 'dataset_produces_2', 'dataset_consumes_1_and_2', 'dataset_consumes_1_never_scheduled' retrieved from /home/airflow/.local/lib/python3.11/site-packages/airflow/example_dags/example_datasets.py
[2026-03-15T18:32:17.731+0000] {logging_mixin.py:188} INFO - [2026-03-15T18:32:17.730+0000] {dag.py:3047} INFO - Sync 6 DAGs
[2026-03-15T18:32:17.749+0000] {logging_mixin.py:188} INFO - [2026-03-15T18:32:17.749+0000] {dag.py:3834} INFO - Setting next_dagrun for dataset_consumes_1 to None, run_after=None
[2026-03-15T18:32:17.752+0000] {logging_mixin.py:188} INFO - [2026-03-15T18:32:17.752+0000] {dag.py:3834} INFO - Setting next_dagrun for dataset_consumes_1_and_2 to None, run_after=None
[2026-03-15T18:32:17.755+0000] {logging_mixin.py:188} INFO - [2026-03-15T18:32:17.754+0000] {dag.py:3834} INFO - Setting next_dagrun for dataset_consumes_1_never_scheduled to None, run_after=None
[2026-03-15T18:32:17.757+0000] {logging_mixin.py:188} INFO - [2026-03-15T18:32:17.757+0000] {dag.py:3834} INFO - Setting next_dagrun for dataset_consumes_unknown_never_scheduled to None, run_after=None
[2026-03-15T18:32:17.759+0000] {logging_mixin.py:188} INFO - [2026-03-15T18:32:17.759+0000] {dag.py:3834} INFO - Setting next_dagrun for dataset_produces_1 to 2026-03-14 00:00:00+00:00, run_after=2026-03-15 00:00:00+00:00
[2026-03-15T18:32:17.760+0000] {logging_mixin.py:188} INFO - [2026-03-15T18:32:17.760+0000] {dag.py:3834} INFO - Setting next_dagrun for dataset_produces_2 to None, run_after=None
[2026-03-15T18:32:17.784+0000] {processor.py:183} INFO - Processing /home/airflow/.local/lib/python3.11/site-packages/airflow/example_dags/example_datasets.py took 0.082 seconds
[2026-03-15T18:33:12.179+0000] {processor.py:161} INFO - Started process (PID=197) to work on /home/airflow/.local/lib/python3.11/site-packages/airflow/example_dags/example_datasets.py
[2026-03-15T18:33:12.180+0000] {processor.py:830} INFO - Processing file /home/airflow/.local/lib/python3.11/site-packages/airflow/example_dags/example_datasets.py for tasks to queue
[2026-03-15T18:33:12.182+0000] {logging_mixin.py:188} INFO - [2026-03-15T18:33:12.181+0000] {dagbag.py:540} INFO - Filling up the DagBag from /home/airflow/.local/lib/python3.11/site-packages/airflow/example_dags/example_datasets.py
[2026-03-15T18:33:12.189+0000] {processor.py:840} INFO - DAG(s) 'dataset_produces_1', 'dataset_consumes_1_never_scheduled', 'dataset_consumes_1', 'dataset_consumes_unknown_never_scheduled', 'dataset_consumes_1_and_2', 'dataset_produces_2' retrieved from /home/airflow/.local/lib/python3.11/site-packages/airflow/example_dags/example_datasets.py
[2026-03-15T18:33:12.289+0000] {logging_mixin.py:188} INFO - [2026-03-15T18:33:12.289+0000] {dag.py:3047} INFO - Sync 6 DAGs
[2026-03-15T18:33:12.302+0000] {logging_mixin.py:188} INFO - [2026-03-15T18:33:12.302+0000] {dag.py:3834} INFO - Setting next_dagrun for dataset_consumes_1 to None, run_after=None
[2026-03-15T18:33:12.304+0000] {logging_mixin.py:188} INFO - [2026-03-15T18:33:12.304+0000] {dag.py:3834} INFO - Setting next_dagrun for dataset_consumes_1_and_2 to None, run_after=None
[2026-03-15T18:33:12.305+0000] {logging_mixin.py:188} INFO - [2026-03-15T18:33:12.305+0000] {dag.py:3834} INFO - Setting next_dagrun for dataset_consumes_1_never_scheduled to None, run_after=None
[2026-03-15T18:33:12.306+0000] {logging_mixin.py:188} INFO - [2026-03-15T18:33:12.306+0000] {dag.py:3834} INFO - Setting next_dagrun for dataset_consumes_unknown_never_scheduled to None, run_after=None
[2026-03-15T18:33:12.308+0000] {logging_mixin.py:188} INFO - [2026-03-15T18:33:12.308+0000] {dag.py:3834} INFO - Setting next_dagrun for dataset_produces_1 to 2026-03-14 00:00:00+00:00, run_after=2026-03-15 00:00:00+00:00
[2026-03-15T18:33:12.309+0000] {logging_mixin.py:188} INFO - [2026-03-15T18:33:12.309+0000] {dag.py:3834} INFO - Setting next_dagrun for dataset_produces_2 to None, run_after=None
[2026-03-15T18:33:12.332+0000] {processor.py:183} INFO - Processing /home/airflow/.local/lib/python3.11/site-packages/airflow/example_dags/example_datasets.py took 0.156 seconds
[2026-03-15T18:33:19.067+0000] {processor.py:161} INFO - Started process (PID=259) to work on /home/airflow/.local/lib/python3.11/site-packages/airflow/example_dags/example_datasets.py
[2026-03-15T18:33:19.068+0000] {processor.py:830} INFO - Processing file /home/airflow/.local/lib/python3.11/site-packages/airflow/example_dags/example_datasets.py for tasks to queue
[2026-03-15T18:33:19.070+0000] {logging_mixin.py:188} INFO - [2026-03-15T18:33:19.070+0000] {dagbag.py:540} INFO - Filling up the DagBag from /home/airflow/.local/lib/python3.11/site-packages/airflow/example_dags/example_datasets.py
[2026-03-15T18:33:19.082+0000] {processor.py:840} INFO - DAG(s) 'dataset_produces_1', 'dataset_consumes_unknown_never_scheduled', 'dataset_consumes_1', 'dataset_produces_2', 'dataset_consumes_1_never_scheduled', 'dataset_consumes_1_and_2' retrieved from /home/airflow/.local/lib/python3.11/site-packages/airflow/example_dags/example_datasets.py
[2026-03-15T18:33:19.100+0000] {logging_mixin.py:188} INFO - [2026-03-15T18:33:19.099+0000] {dag.py:3047} INFO - Sync 6 DAGs
[2026-03-15T18:33:19.124+0000] {logging_mixin.py:188} INFO - [2026-03-15T18:33:19.124+0000] {dag.py:3834} INFO - Setting next_dagrun for dataset_consumes_1 to None, run_after=None
[2026-03-15T18:33:19.128+0000] {logging_mixin.py:188} INFO - [2026-03-15T18:33:19.127+0000] {dag.py:3834} INFO - Setting next_dagrun for dataset_consumes_1_and_2 to None, run_after=None
[2026-03-15T18:33:19.129+0000] {logging_mixin.py:188} INFO - [2026-03-15T18:33:19.129+0000] {dag.py:3834} INFO - Setting next_dagrun for dataset_consumes_1_never_scheduled to None, run_after=None
[2026-03-15T18:33:19.130+0000] {logging_mixin.py:188} INFO - [2026-03-15T18:33:19.130+0000] {dag.py:3834} INFO - Setting next_dagrun for dataset_consumes_unknown_never_scheduled to None, run_after=None
[2026-03-15T18:33:19.132+0000] {logging_mixin.py:188} INFO - [2026-03-15T18:33:19.132+0000] {dag.py:3834} INFO - Setting next_dagrun for dataset_produces_1 to 2026-03-14 00:00:00+00:00, run_after=2026-03-15 00:00:00+00:00
[2026-03-15T18:33:19.133+0000] {logging_mixin.py:188} INFO - [2026-03-15T18:33:19.133+0000] {dag.py:3834} INFO - Setting next_dagrun for dataset_produces_2 to None, run_after=None
[2026-03-15T18:33:19.158+0000] {processor.py:183} INFO - Processing /home/airflow/.local/lib/python3.11/site-packages/airflow/example_dags/example_datasets.py took 0.094 seconds
[2026-03-15T18:33:48.908+0000] {processor.py:161} INFO - Started process (PID=315) to work on /home/airflow/.local/lib/python3.11/site-packages/airflow/example_dags/example_datasets.py
[2026-03-15T18:33:48.909+0000] {processor.py:830} INFO - Processing file /home/airflow/.local/lib/python3.11/site-packages/airflow/example_dags/example_datasets.py for tasks to queue
[2026-03-15T18:33:48.911+0000] {logging_mixin.py:188} INFO - [2026-03-15T18:33:48.911+0000] {dagbag.py:540} INFO - Filling up the DagBag from /home/airflow/.local/lib/python3.11/site-packages/airflow/example_dags/example_datasets.py
[2026-03-15T18:33:48.919+0000] {processor.py:840} INFO - DAG(s) 'dataset_consumes_1_and_2', 'dataset_consumes_1_never_scheduled', 'dataset_produces_1', 'dataset_consumes_1', 'dataset_consumes_unknown_never_scheduled', 'dataset_produces_2' retrieved from /home/airflow/.local/lib/python3.11/site-packages/airflow/example_dags/example_datasets.py
[2026-03-15T18:33:48.943+0000] {logging_mixin.py:188} INFO - [2026-03-15T18:33:48.943+0000] {dag.py:3047} INFO - Sync 6 DAGs
[2026-03-15T18:33:48.958+0000] {logging_mixin.py:188} INFO - [2026-03-15T18:33:48.958+0000] {dag.py:3834} INFO - Setting next_dagrun for dataset_consumes_1 to None, run_after=None
[2026-03-15T18:33:48.961+0000] {logging_mixin.py:188} INFO - [2026-03-15T18:33:48.961+0000] {dag.py:3834} INFO - Setting next_dagrun for dataset_consumes_1_and_2 to None, run_after=None
[2026-03-15T18:33:48.963+0000] {logging_mixin.py:188} INFO - [2026-03-15T18:33:48.963+0000] {dag.py:3834} INFO - Setting next_dagrun for dataset_consumes_1_never_scheduled to None, run_after=None
[2026-03-15T18:33:48.964+0000] {logging_mixin.py:188} INFO - [2026-03-15T18:33:48.963+0000] {dag.py:3834} INFO - Setting next_dagrun for dataset_consumes_unknown_never_scheduled to None, run_after=None
[2026-03-15T18:33:48.965+0000] {logging_mixin.py:188} INFO - [2026-03-15T18:33:48.965+0000] {dag.py:3834} INFO - Setting next_dagrun for dataset_produces_1 to 2026-03-14 00:00:00+00:00, run_after=2026-03-15 00:00:00+00:00
[2026-03-15T18:33:48.966+0000] {logging_mixin.py:188} INFO - [2026-03-15T18:33:48.966+0000] {dag.py:3834} INFO - Setting next_dagrun for dataset_produces_2 to None, run_after=None
[2026-03-15T18:33:48.989+0000] {processor.py:183} INFO - Processing /home/airflow/.local/lib/python3.11/site-packages/airflow/example_dags/example_datasets.py took 0.083 seconds
[2026-03-15T18:34:45.322+0000] {processor.py:161} INFO - Started process (PID=81) to work on /home/airflow/.local/lib/python3.11/site-packages/airflow/example_dags/example_datasets.py
[2026-03-15T18:34:45.323+0000] {processor.py:830} INFO - Processing file /home/airflow/.local/lib/python3.11/site-packages/airflow/example_dags/example_datasets.py for tasks to queue
[2026-03-15T18:34:45.325+0000] {logging_mixin.py:188} INFO - [2026-03-15T18:34:45.325+0000] {dagbag.py:540} INFO - Filling up the DagBag from /home/airflow/.local/lib/python3.11/site-packages/airflow/example_dags/example_datasets.py
[2026-03-15T18:34:45.338+0000] {processor.py:840} INFO - DAG(s) 'dataset_consumes_1_never_scheduled', 'dataset_consumes_1_and_2', 'dataset_produces_2', 'dataset_produces_1', 'dataset_consumes_unknown_never_scheduled', 'dataset_consumes_1' retrieved from /home/airflow/.local/lib/python3.11/site-packages/airflow/example_dags/example_datasets.py
[2026-03-15T18:34:45.357+0000] {logging_mixin.py:188} INFO - [2026-03-15T18:34:45.357+0000] {dag.py:3047} INFO - Sync 6 DAGs
[2026-03-15T18:34:45.383+0000] {logging_mixin.py:188} INFO - [2026-03-15T18:34:45.382+0000] {dag.py:3834} INFO - Setting next_dagrun for dataset_consumes_1 to None, run_after=None
[2026-03-15T18:34:45.387+0000] {logging_mixin.py:188} INFO - [2026-03-15T18:34:45.387+0000] {dag.py:3834} INFO - Setting next_dagrun for dataset_consumes_1_and_2 to None, run_after=None
[2026-03-15T18:34:45.389+0000] {logging_mixin.py:188} INFO - [2026-03-15T18:34:45.388+0000] {dag.py:3834} INFO - Setting next_dagrun for dataset_consumes_1_never_scheduled to None, run_after=None
[2026-03-15T18:34:45.390+0000] {logging_mixin.py:188} INFO - [2026-03-15T18:34:45.389+0000] {dag.py:3834} INFO - Setting next_dagrun for dataset_consumes_unknown_never_scheduled to None, run_after=None
[2026-03-15T18:34:45.392+0000] {logging_mixin.py:188} INFO - [2026-03-15T18:34:45.392+0000] {dag.py:3834} INFO - Setting next_dagrun for dataset_produces_1 to 2026-03-14 00:00:00+00:00, run_after=2026-03-15 00:00:00+00:00
[2026-03-15T18:34:45.393+0000] {logging_mixin.py:188} INFO - [2026-03-15T18:34:45.393+0000] {dag.py:3834} INFO - Setting next_dagrun for dataset_produces_2 to None, run_after=None
[2026-03-15T18:34:45.419+0000] {processor.py:183} INFO - Processing /home/airflow/.local/lib/python3.11/site-packages/airflow/example_dags/example_datasets.py took 0.103 seconds
[2026-03-15T18:34:49.068+0000] {processor.py:161} INFO - Started process (PID=131) to work on /home/airflow/.local/lib/python3.11/site-packages/airflow/example_dags/example_datasets.py
[2026-03-15T18:34:49.069+0000] {processor.py:830} INFO - Processing file /home/airflow/.local/lib/python3.11/site-packages/airflow/example_dags/example_datasets.py for tasks to queue
[2026-03-15T18:34:49.072+0000] {logging_mixin.py:188} INFO - [2026-03-15T18:34:49.071+0000] {dagbag.py:540} INFO - Filling up the DagBag from /home/airflow/.local/lib/python3.11/site-packages/airflow/example_dags/example_datasets.py
[2026-03-15T18:34:49.080+0000] {processor.py:840} INFO - DAG(s) 'dataset_produces_2', 'dataset_consumes_1', 'dataset_consumes_1_and_2', 'dataset_consumes_unknown_never_scheduled', 'dataset_consumes_1_never_scheduled', 'dataset_produces_1' retrieved from /home/airflow/.local/lib/python3.11/site-packages/airflow/example_dags/example_datasets.py
[2026-03-15T18:34:49.094+0000] {logging_mixin.py:188} INFO - [2026-03-15T18:34:49.093+0000] {dag.py:3047} INFO - Sync 6 DAGs
[2026-03-15T18:34:49.113+0000] {logging_mixin.py:188} INFO - [2026-03-15T18:34:49.113+0000] {dag.py:3834} INFO - Setting next_dagrun for dataset_consumes_1 to None, run_after=None
[2026-03-15T18:34:49.116+0000] {logging_mixin.py:188} INFO - [2026-03-15T18:34:49.116+0000] {dag.py:3834} INFO - Setting next_dagrun for dataset_consumes_1_and_2 to None, run_after=None
[2026-03-15T18:34:49.117+0000] {logging_mixin.py:188} INFO - [2026-03-15T18:34:49.117+0000] {dag.py:3834} INFO - Setting next_dagrun for dataset_consumes_1_never_scheduled to None, run_after=None
[2026-03-15T18:34:49.118+0000] {logging_mixin.py:188} INFO - [2026-03-15T18:34:49.118+0000] {dag.py:3834} INFO - Setting next_dagrun for dataset_consumes_unknown_never_scheduled to None, run_after=None
[2026-03-15T18:34:49.120+0000] {logging_mixin.py:188} INFO - [2026-03-15T18:34:49.120+0000] {dag.py:3834} INFO - Setting next_dagrun for dataset_produces_1 to 2026-03-14 00:00:00+00:00, run_after=2026-03-15 00:00:00+00:00
[2026-03-15T18:34:49.121+0000] {logging_mixin.py:188} INFO - [2026-03-15T18:34:49.121+0000] {dag.py:3834} INFO - Setting next_dagrun for dataset_produces_2 to None, run_after=None
[2026-03-15T18:34:49.143+0000] {processor.py:183} INFO - Processing /home/airflow/.local/lib/python3.11/site-packages/airflow/example_dags/example_datasets.py took 0.079 seconds
[2026-03-15T18:35:20.758+0000] {processor.py:161} INFO - Started process (PID=187) to work on /home/airflow/.local/lib/python3.11/site-packages/airflow/example_dags/example_datasets.py
[2026-03-15T18:35:20.759+0000] {processor.py:830} INFO - Processing file /home/airflow/.local/lib/python3.11/site-packages/airflow/example_dags/example_datasets.py for tasks to queue
[2026-03-15T18:35:20.762+0000] {logging_mixin.py:188} INFO - [2026-03-15T18:35:20.761+0000] {dagbag.py:540} INFO - Filling up the DagBag from /home/airflow/.local/lib/python3.11/site-packages/airflow/example_dags/example_datasets.py
[2026-03-15T18:35:20.778+0000] {processor.py:840} INFO - DAG(s) 'dataset_produces_1', 'dataset_consumes_1_and_2', 'dataset_consumes_1', 'dataset_consumes_unknown_never_scheduled', 'dataset_produces_2', 'dataset_consumes_1_never_scheduled' retrieved from /home/airflow/.local/lib/python3.11/site-packages/airflow/example_dags/example_datasets.py
[2026-03-15T18:35:20.939+0000] {logging_mixin.py:188} INFO - [2026-03-15T18:35:20.939+0000] {dag.py:3047} INFO - Sync 6 DAGs
[2026-03-15T18:35:20.958+0000] {logging_mixin.py:188} INFO - [2026-03-15T18:35:20.958+0000] {dag.py:3834} INFO - Setting next_dagrun for dataset_consumes_1 to None, run_after=None
[2026-03-15T18:35:20.963+0000] {logging_mixin.py:188} INFO - [2026-03-15T18:35:20.962+0000] {dag.py:3834} INFO - Setting next_dagrun for dataset_consumes_1_and_2 to None, run_after=None
[2026-03-15T18:35:20.965+0000] {logging_mixin.py:188} INFO - [2026-03-15T18:35:20.964+0000] {dag.py:3834} INFO - Setting next_dagrun for dataset_consumes_1_never_scheduled to None, run_after=None
[2026-03-15T18:35:20.966+0000] {logging_mixin.py:188} INFO - [2026-03-15T18:35:20.966+0000] {dag.py:3834} INFO - Setting next_dagrun for dataset_consumes_unknown_never_scheduled to None, run_after=None
[2026-03-15T18:35:20.969+0000] {logging_mixin.py:188} INFO - [2026-03-15T18:35:20.969+0000] {dag.py:3834} INFO - Setting next_dagrun for dataset_produces_1 to 2026-03-14 00:00:00+00:00, run_after=2026-03-15 00:00:00+00:00
[2026-03-15T18:35:20.972+0000] {logging_mixin.py:188} INFO - [2026-03-15T18:35:20.972+0000] {dag.py:3834} INFO - Setting next_dagrun for dataset_produces_2 to None, run_after=None
[2026-03-15T18:35:21.027+0000] {processor.py:183} INFO - Processing /home/airflow/.local/lib/python3.11/site-packages/airflow/example_dags/example_datasets.py took 0.273 seconds
[2026-03-15T18:39:29.495+0000] {processor.py:161} INFO - Started process (PID=93) to work on /home/airflow/.local/lib/python3.11/site-packages/airflow/example_dags/example_datasets.py
[2026-03-15T18:39:29.496+0000] {processor.py:830} INFO - Processing file /home/airflow/.local/lib/python3.11/site-packages/airflow/example_dags/example_datasets.py for tasks to queue
[2026-03-15T18:39:29.499+0000] {logging_mixin.py:188} INFO - [2026-03-15T18:39:29.498+0000] {dagbag.py:540} INFO - Filling up the DagBag from /home/airflow/.local/lib/python3.11/site-packages/airflow/example_dags/example_datasets.py
[2026-03-15T18:39:29.511+0000] {processor.py:840} INFO - DAG(s) 'dataset_consumes_unknown_never_scheduled', 'dataset_consumes_1_never_scheduled', 'dataset_consumes_1_and_2', 'dataset_produces_2', 'dataset_consumes_1', 'dataset_produces_1' retrieved from /home/airflow/.local/lib/python3.11/site-packages/airflow/example_dags/example_datasets.py
[2026-03-15T18:39:29.527+0000] {logging_mixin.py:188} INFO - [2026-03-15T18:39:29.527+0000] {dag.py:3047} INFO - Sync 6 DAGs
[2026-03-15T18:39:29.548+0000] {logging_mixin.py:188} INFO - [2026-03-15T18:39:29.548+0000] {dag.py:3834} INFO - Setting next_dagrun for dataset_consumes_1 to None, run_after=None
[2026-03-15T18:39:29.551+0000] {logging_mixin.py:188} INFO - [2026-03-15T18:39:29.551+0000] {dag.py:3834} INFO - Setting next_dagrun for dataset_consumes_1_and_2 to None, run_after=None
[2026-03-15T18:39:29.552+0000] {logging_mixin.py:188} INFO - [2026-03-15T18:39:29.552+0000] {dag.py:3834} INFO - Setting next_dagrun for dataset_consumes_1_never_scheduled to None, run_after=None
[2026-03-15T18:39:29.553+0000] {logging_mixin.py:188} INFO - [2026-03-15T18:39:29.553+0000] {dag.py:3834} INFO - Setting next_dagrun for dataset_consumes_unknown_never_scheduled to None, run_after=None
[2026-03-15T18:39:29.555+0000] {logging_mixin.py:188} INFO - [2026-03-15T18:39:29.555+0000] {dag.py:3834} INFO - Setting next_dagrun for dataset_produces_1 to 2026-03-14 00:00:00+00:00, run_after=2026-03-15 00:00:00+00:00
[2026-03-15T18:39:29.556+0000] {logging_mixin.py:188} INFO - [2026-03-15T18:39:29.556+0000] {dag.py:3834} INFO - Setting next_dagrun for dataset_produces_2 to None, run_after=None
[2026-03-15T18:39:29.579+0000] {processor.py:183} INFO - Processing /home/airflow/.local/lib/python3.11/site-packages/airflow/example_dags/example_datasets.py took 0.088 seconds
[2026-03-15T18:40:00.820+0000] {processor.py:161} INFO - Started process (PID=161) to work on /home/airflow/.local/lib/python3.11/site-packages/airflow/example_dags/example_datasets.py
[2026-03-15T18:40:00.823+0000] {processor.py:830} INFO - Processing file /home/airflow/.local/lib/python3.11/site-packages/airflow/example_dags/example_datasets.py for tasks to queue
[2026-03-15T18:40:00.825+0000] {logging_mixin.py:188} INFO - [2026-03-15T18:40:00.825+0000] {dagbag.py:540} INFO - Filling up the DagBag from /home/airflow/.local/lib/python3.11/site-packages/airflow/example_dags/example_datasets.py
[2026-03-15T18:40:00.833+0000] {processor.py:840} INFO - DAG(s) 'dataset_produces_1', 'dataset_consumes_1', 'dataset_consumes_1_never_scheduled', 'dataset_consumes_unknown_never_scheduled', 'dataset_consumes_1_and_2', 'dataset_produces_2' retrieved from /home/airflow/.local/lib/python3.11/site-packages/airflow/example_dags/example_datasets.py
[2026-03-15T18:40:00.935+0000] {logging_mixin.py:188} INFO - [2026-03-15T18:40:00.935+0000] {dag.py:3047} INFO - Sync 6 DAGs
[2026-03-15T18:40:00.950+0000] {logging_mixin.py:188} INFO - [2026-03-15T18:40:00.950+0000] {dag.py:3834} INFO - Setting next_dagrun for dataset_consumes_1 to None, run_after=None
[2026-03-15T18:40:00.952+0000] {logging_mixin.py:188} INFO - [2026-03-15T18:40:00.952+0000] {dag.py:3834} INFO - Setting next_dagrun for dataset_consumes_1_and_2 to None, run_after=None
[2026-03-15T18:40:00.953+0000] {logging_mixin.py:188} INFO - [2026-03-15T18:40:00.953+0000] {dag.py:3834} INFO - Setting next_dagrun for dataset_consumes_1_never_scheduled to None, run_after=None
[2026-03-15T18:40:00.956+0000] {logging_mixin.py:188} INFO - [2026-03-15T18:40:00.956+0000] {dag.py:3834} INFO - Setting next_dagrun for dataset_consumes_unknown_never_scheduled to None, run_after=None
[2026-03-15T18:40:00.958+0000] {logging_mixin.py:188} INFO - [2026-03-15T18:40:00.958+0000] {dag.py:3834} INFO - Setting next_dagrun for dataset_produces_1 to 2026-03-14 00:00:00+00:00, run_after=2026-03-15 00:00:00+00:00
[2026-03-15T18:40:00.959+0000] {logging_mixin.py:188} INFO - [2026-03-15T18:40:00.959+0000] {dag.py:3834} INFO - Setting next_dagrun for dataset_produces_2 to None, run_after=None
[2026-03-15T18:40:00.981+0000] {processor.py:183} INFO - Processing /home/airflow/.local/lib/python3.11/site-packages/airflow/example_dags/example_datasets.py took 0.164 seconds
[2026-03-15T18:40:29.302+0000] {processor.py:161} INFO - Started process (PID=207) to work on /home/airflow/.local/lib/python3.11/site-packages/airflow/example_dags/example_datasets.py
[2026-03-15T18:40:29.303+0000] {processor.py:830} INFO - Processing file /home/airflow/.local/lib/python3.11/site-packages/airflow/example_dags/example_datasets.py for tasks to queue
[2026-03-15T18:40:29.305+0000] {logging_mixin.py:188} INFO - [2026-03-15T18:40:29.305+0000] {dagbag.py:540} INFO - Filling up the DagBag from /home/airflow/.local/lib/python3.11/site-packages/airflow/example_dags/example_datasets.py
[2026-03-15T18:40:29.312+0000] {processor.py:840} INFO - DAG(s) 'dataset_consumes_unknown_never_scheduled', 'dataset_produces_1', 'dataset_consumes_1', 'dataset_produces_2', 'dataset_consumes_1_never_scheduled', 'dataset_consumes_1_and_2' retrieved from /home/airflow/.local/lib/python3.11/site-packages/airflow/example_dags/example_datasets.py
[2026-03-15T18:40:29.324+0000] {logging_mixin.py:188} INFO - [2026-03-15T18:40:29.323+0000] {dag.py:3047} INFO - Sync 6 DAGs
[2026-03-15T18:40:29.339+0000] {logging_mixin.py:188} INFO - [2026-03-15T18:40:29.339+0000] {dag.py:3834} INFO - Setting next_dagrun for dataset_consumes_1 to None, run_after=None
[2026-03-15T18:40:29.342+0000] {logging_mixin.py:188} INFO - [2026-03-15T18:40:29.341+0000] {dag.py:3834} INFO - Setting next_dagrun for dataset_consumes_1_and_2 to None, run_after=None
[2026-03-15T18:40:29.343+0000] {logging_mixin.py:188} INFO - [2026-03-15T18:40:29.342+0000] {dag.py:3834} INFO - Setting next_dagrun for dataset_consumes_1_never_scheduled to None, run_after=None
[2026-03-15T18:40:29.343+0000] {logging_mixin.py:188} INFO - [2026-03-15T18:40:29.343+0000] {dag.py:3834} INFO - Setting next_dagrun for dataset_consumes_unknown_never_scheduled to None, run_after=None
[2026-03-15T18:40:29.345+0000] {logging_mixin.py:188} INFO - [2026-03-15T18:40:29.345+0000] {dag.py:3834} INFO - Setting next_dagrun for dataset_produces_1 to 2026-03-14 00:00:00+00:00, run_after=2026-03-15 00:00:00+00:00
[2026-03-15T18:40:29.347+0000] {logging_mixin.py:188} INFO - [2026-03-15T18:40:29.347+0000] {dag.py:3834} INFO - Setting next_dagrun for dataset_produces_2 to None, run_after=None
[2026-03-15T18:40:29.369+0000] {processor.py:183} INFO - Processing /home/airflow/.local/lib/python3.11/site-packages/airflow/example_dags/example_datasets.py took 0.070 seconds
[2026-03-15T18:40:34.409+0000] {processor.py:161} INFO - Started process (PID=257) to work on /home/airflow/.local/lib/python3.11/site-packages/airflow/example_dags/example_datasets.py
[2026-03-15T18:40:34.410+0000] {processor.py:830} INFO - Processing file /home/airflow/.local/lib/python3.11/site-packages/airflow/example_dags/example_datasets.py for tasks to queue
[2026-03-15T18:40:34.412+0000] {logging_mixin.py:188} INFO - [2026-03-15T18:40:34.412+0000] {dagbag.py:540} INFO - Filling up the DagBag from /home/airflow/.local/lib/python3.11/site-packages/airflow/example_dags/example_datasets.py
[2026-03-15T18:40:34.421+0000] {processor.py:840} INFO - DAG(s) 'dataset_consumes_1_and_2', 'dataset_produces_2', 'dataset_consumes_1_never_scheduled', 'dataset_produces_1', 'dataset_consumes_1', 'dataset_consumes_unknown_never_scheduled' retrieved from /home/airflow/.local/lib/python3.11/site-packages/airflow/example_dags/example_datasets.py
[2026-03-15T18:40:34.448+0000] {logging_mixin.py:188} INFO - [2026-03-15T18:40:34.448+0000] {dag.py:3047} INFO - Sync 6 DAGs
[2026-03-15T18:40:34.464+0000] {logging_mixin.py:188} INFO - [2026-03-15T18:40:34.464+0000] {dag.py:3834} INFO - Setting next_dagrun for dataset_consumes_1 to None, run_after=None
[2026-03-15T18:40:34.470+0000] {logging_mixin.py:188} INFO - [2026-03-15T18:40:34.470+0000] {dag.py:3834} INFO - Setting next_dagrun for dataset_consumes_1_and_2 to None, run_after=None
[2026-03-15T18:40:34.471+0000] {logging_mixin.py:188} INFO - [2026-03-15T18:40:34.471+0000] {dag.py:3834} INFO - Setting next_dagrun for dataset_consumes_1_never_scheduled to None, run_after=None
[2026-03-15T18:40:34.472+0000] {logging_mixin.py:188} INFO - [2026-03-15T18:40:34.472+0000] {dag.py:3834} INFO - Setting next_dagrun for dataset_consumes_unknown_never_scheduled to None, run_after=None
[2026-03-15T18:40:34.474+0000] {logging_mixin.py:188} INFO - [2026-03-15T18:40:34.474+0000] {dag.py:3834} INFO - Setting next_dagrun for dataset_produces_1 to 2026-03-14 00:00:00+00:00, run_after=2026-03-15 00:00:00+00:00
[2026-03-15T18:40:34.475+0000] {logging_mixin.py:188} INFO - [2026-03-15T18:40:34.475+0000] {dag.py:3834} INFO - Setting next_dagrun for dataset_produces_2 to None, run_after=None
[2026-03-15T18:40:34.497+0000] {processor.py:183} INFO - Processing /home/airflow/.local/lib/python3.11/site-packages/airflow/example_dags/example_datasets.py took 0.091 seconds
[2026-03-15T18:40:39.317+0000] {processor.py:161} INFO - Started process (PID=301) to work on /home/airflow/.local/lib/python3.11/site-packages/airflow/example_dags/example_datasets.py
[2026-03-15T18:40:39.318+0000] {processor.py:830} INFO - Processing file /home/airflow/.local/lib/python3.11/site-packages/airflow/example_dags/example_datasets.py for tasks to queue
[2026-03-15T18:40:39.320+0000] {logging_mixin.py:188} INFO - [2026-03-15T18:40:39.320+0000] {dagbag.py:540} INFO - Filling up the DagBag from /home/airflow/.local/lib/python3.11/site-packages/airflow/example_dags/example_datasets.py
[2026-03-15T18:40:39.327+0000] {processor.py:840} INFO - DAG(s) 'dataset_consumes_1_never_scheduled', 'dataset_produces_1', 'dataset_consumes_1_and_2', 'dataset_produces_2', 'dataset_consumes_unknown_never_scheduled', 'dataset_consumes_1' retrieved from /home/airflow/.local/lib/python3.11/site-packages/airflow/example_dags/example_datasets.py
[2026-03-15T18:40:39.350+0000] {logging_mixin.py:188} INFO - [2026-03-15T18:40:39.350+0000] {dag.py:3047} INFO - Sync 6 DAGs
[2026-03-15T18:40:39.364+0000] {logging_mixin.py:188} INFO - [2026-03-15T18:40:39.364+0000] {dag.py:3834} INFO - Setting next_dagrun for dataset_consumes_1 to None, run_after=None
[2026-03-15T18:40:39.367+0000] {logging_mixin.py:188} INFO - [2026-03-15T18:40:39.367+0000] {dag.py:3834} INFO - Setting next_dagrun for dataset_consumes_1_and_2 to None, run_after=None
[2026-03-15T18:40:39.368+0000] {logging_mixin.py:188} INFO - [2026-03-15T18:40:39.368+0000] {dag.py:3834} INFO - Setting next_dagrun for dataset_consumes_1_never_scheduled to None, run_after=None
[2026-03-15T18:40:39.369+0000] {logging_mixin.py:188} INFO - [2026-03-15T18:40:39.369+0000] {dag.py:3834} INFO - Setting next_dagrun for dataset_consumes_unknown_never_scheduled to None, run_after=None
[2026-03-15T18:40:39.370+0000] {logging_mixin.py:188} INFO - [2026-03-15T18:40:39.370+0000] {dag.py:3834} INFO - Setting next_dagrun for dataset_produces_1 to 2026-03-14 00:00:00+00:00, run_after=2026-03-15 00:00:00+00:00
[2026-03-15T18:40:39.371+0000] {logging_mixin.py:188} INFO - [2026-03-15T18:40:39.371+0000] {dag.py:3834} INFO - Setting next_dagrun for dataset_produces_2 to None, run_after=None
[2026-03-15T18:40:39.392+0000] {processor.py:183} INFO - Processing /home/airflow/.local/lib/python3.11/site-packages/airflow/example_dags/example_datasets.py took 0.077 seconds
[2026-03-15T18:40:44.180+0000] {processor.py:161} INFO - Started process (PID=343) to work on /home/airflow/.local/lib/python3.11/site-packages/airflow/example_dags/example_datasets.py
[2026-03-15T18:40:44.181+0000] {processor.py:830} INFO - Processing file /home/airflow/.local/lib/python3.11/site-packages/airflow/example_dags/example_datasets.py for tasks to queue
[2026-03-15T18:40:44.183+0000] {logging_mixin.py:188} INFO - [2026-03-15T18:40:44.183+0000] {dagbag.py:540} INFO - Filling up the DagBag from /home/airflow/.local/lib/python3.11/site-packages/airflow/example_dags/example_datasets.py
[2026-03-15T18:40:44.191+0000] {processor.py:840} INFO - DAG(s) 'dataset_produces_2', 'dataset_produces_1', 'dataset_consumes_1_and_2', 'dataset_consumes_unknown_never_scheduled', 'dataset_consumes_1_never_scheduled', 'dataset_consumes_1' retrieved from /home/airflow/.local/lib/python3.11/site-packages/airflow/example_dags/example_datasets.py
[2026-03-15T18:40:44.213+0000] {logging_mixin.py:188} INFO - [2026-03-15T18:40:44.213+0000] {dag.py:3047} INFO - Sync 6 DAGs
[2026-03-15T18:40:44.228+0000] {logging_mixin.py:188} INFO - [2026-03-15T18:40:44.227+0000] {dag.py:3834} INFO - Setting next_dagrun for dataset_consumes_1 to None, run_after=None
[2026-03-15T18:40:44.230+0000] {logging_mixin.py:188} INFO - [2026-03-15T18:40:44.230+0000] {dag.py:3834} INFO - Setting next_dagrun for dataset_consumes_1_and_2 to None, run_after=None
[2026-03-15T18:40:44.231+0000] {logging_mixin.py:188} INFO - [2026-03-15T18:40:44.231+0000] {dag.py:3834} INFO - Setting next_dagrun for dataset_consumes_1_never_scheduled to None, run_after=None
[2026-03-15T18:40:44.232+0000] {logging_mixin.py:188} INFO - [2026-03-15T18:40:44.232+0000] {dag.py:3834} INFO - Setting next_dagrun for dataset_consumes_unknown_never_scheduled to None, run_after=None
[2026-03-15T18:40:44.234+0000] {logging_mixin.py:188} INFO - [2026-03-15T18:40:44.234+0000] {dag.py:3834} INFO - Setting next_dagrun for dataset_produces_1 to 2026-03-14 00:00:00+00:00, run_after=2026-03-15 00:00:00+00:00
[2026-03-15T18:40:44.235+0000] {logging_mixin.py:188} INFO - [2026-03-15T18:40:44.235+0000] {dag.py:3834} INFO - Setting next_dagrun for dataset_produces_2 to None, run_after=None
[2026-03-15T18:40:44.256+0000] {processor.py:183} INFO - Processing /home/airflow/.local/lib/python3.11/site-packages/airflow/example_dags/example_datasets.py took 0.079 seconds
[2026-03-15T18:40:54.022+0000] {processor.py:161} INFO - Started process (PID=382) to work on /home/airflow/.local/lib/python3.11/site-packages/airflow/example_dags/example_datasets.py
[2026-03-15T18:40:54.023+0000] {processor.py:830} INFO - Processing file /home/airflow/.local/lib/python3.11/site-packages/airflow/example_dags/example_datasets.py for tasks to queue
[2026-03-15T18:40:54.025+0000] {logging_mixin.py:188} INFO - [2026-03-15T18:40:54.025+0000] {dagbag.py:540} INFO - Filling up the DagBag from /home/airflow/.local/lib/python3.11/site-packages/airflow/example_dags/example_datasets.py
[2026-03-15T18:40:54.033+0000] {processor.py:840} INFO - DAG(s) 'dataset_consumes_1_and_2', 'dataset_consumes_unknown_never_scheduled', 'dataset_produces_1', 'dataset_consumes_1_never_scheduled', 'dataset_consumes_1', 'dataset_produces_2' retrieved from /home/airflow/.local/lib/python3.11/site-packages/airflow/example_dags/example_datasets.py
[2026-03-15T18:40:54.057+0000] {logging_mixin.py:188} INFO - [2026-03-15T18:40:54.057+0000] {dag.py:3047} INFO - Sync 6 DAGs
[2026-03-15T18:40:54.073+0000] {logging_mixin.py:188} INFO - [2026-03-15T18:40:54.073+0000] {dag.py:3834} INFO - Setting next_dagrun for dataset_consumes_1 to None, run_after=None
[2026-03-15T18:40:54.075+0000] {logging_mixin.py:188} INFO - [2026-03-15T18:40:54.075+0000] {dag.py:3834} INFO - Setting next_dagrun for dataset_consumes_1_and_2 to None, run_after=None
[2026-03-15T18:40:54.076+0000] {logging_mixin.py:188} INFO - [2026-03-15T18:40:54.076+0000] {dag.py:3834} INFO - Setting next_dagrun for dataset_consumes_1_never_scheduled to None, run_after=None
[2026-03-15T18:40:54.077+0000] {logging_mixin.py:188} INFO - [2026-03-15T18:40:54.077+0000] {dag.py:3834} INFO - Setting next_dagrun for dataset_consumes_unknown_never_scheduled to None, run_after=None
[2026-03-15T18:40:54.079+0000] {logging_mixin.py:188} INFO - [2026-03-15T18:40:54.079+0000] {dag.py:3834} INFO - Setting next_dagrun for dataset_produces_1 to 2026-03-14 00:00:00+00:00, run_after=2026-03-15 00:00:00+00:00
[2026-03-15T18:40:54.080+0000] {logging_mixin.py:188} INFO - [2026-03-15T18:40:54.080+0000] {dag.py:3834} INFO - Setting next_dagrun for dataset_produces_2 to None, run_after=None
[2026-03-15T18:40:54.101+0000] {processor.py:183} INFO - Processing /home/airflow/.local/lib/python3.11/site-packages/airflow/example_dags/example_datasets.py took 0.082 seconds
[2026-03-15T18:41:25.282+0000] {processor.py:161} INFO - Started process (PID=422) to work on /home/airflow/.local/lib/python3.11/site-packages/airflow/example_dags/example_datasets.py
[2026-03-15T18:41:25.284+0000] {processor.py:830} INFO - Processing file /home/airflow/.local/lib/python3.11/site-packages/airflow/example_dags/example_datasets.py for tasks to queue
[2026-03-15T18:41:25.286+0000] {logging_mixin.py:188} INFO - [2026-03-15T18:41:25.286+0000] {dagbag.py:540} INFO - Filling up the DagBag from /home/airflow/.local/lib/python3.11/site-packages/airflow/example_dags/example_datasets.py
[2026-03-15T18:41:25.295+0000] {processor.py:840} INFO - DAG(s) 'dataset_produces_1', 'dataset_consumes_1_and_2', 'dataset_consumes_1', 'dataset_consumes_1_never_scheduled', 'dataset_produces_2', 'dataset_consumes_unknown_never_scheduled' retrieved from /home/airflow/.local/lib/python3.11/site-packages/airflow/example_dags/example_datasets.py
[2026-03-15T18:41:25.357+0000] {logging_mixin.py:188} INFO - [2026-03-15T18:41:25.357+0000] {dag.py:3047} INFO - Sync 6 DAGs
[2026-03-15T18:41:25.389+0000] {logging_mixin.py:188} INFO - [2026-03-15T18:41:25.388+0000] {dag.py:3834} INFO - Setting next_dagrun for dataset_consumes_1 to None, run_after=None
[2026-03-15T18:41:25.394+0000] {logging_mixin.py:188} INFO - [2026-03-15T18:41:25.394+0000] {dag.py:3834} INFO - Setting next_dagrun for dataset_consumes_1_and_2 to None, run_after=None
[2026-03-15T18:41:25.396+0000] {logging_mixin.py:188} INFO - [2026-03-15T18:41:25.395+0000] {dag.py:3834} INFO - Setting next_dagrun for dataset_consumes_1_never_scheduled to None, run_after=None
[2026-03-15T18:41:25.397+0000] {logging_mixin.py:188} INFO - [2026-03-15T18:41:25.397+0000] {dag.py:3834} INFO - Setting next_dagrun for dataset_consumes_unknown_never_scheduled to None, run_after=None
[2026-03-15T18:41:25.402+0000] {logging_mixin.py:188} INFO - [2026-03-15T18:41:25.401+0000] {dag.py:3834} INFO - Setting next_dagrun for dataset_produces_1 to 2026-03-14 00:00:00+00:00, run_after=2026-03-15 00:00:00+00:00
[2026-03-15T18:41:25.404+0000] {logging_mixin.py:188} INFO - [2026-03-15T18:41:25.403+0000] {dag.py:3834} INFO - Setting next_dagrun for dataset_produces_2 to None, run_after=None
[2026-03-15T18:41:25.465+0000] {processor.py:183} INFO - Processing /home/airflow/.local/lib/python3.11/site-packages/airflow/example_dags/example_datasets.py took 0.186 seconds
[2026-03-15T18:41:55.713+0000] {processor.py:161} INFO - Started process (PID=467) to work on /home/airflow/.local/lib/python3.11/site-packages/airflow/example_dags/example_datasets.py
[2026-03-15T18:41:55.714+0000] {processor.py:830} INFO - Processing file /home/airflow/.local/lib/python3.11/site-packages/airflow/example_dags/example_datasets.py for tasks to queue
[2026-03-15T18:41:55.716+0000] {logging_mixin.py:188} INFO - [2026-03-15T18:41:55.715+0000] {dagbag.py:540} INFO - Filling up the DagBag from /home/airflow/.local/lib/python3.11/site-packages/airflow/example_dags/example_datasets.py
[2026-03-15T18:41:55.723+0000] {processor.py:840} INFO - DAG(s) 'dataset_produces_2', 'dataset_produces_1', 'dataset_consumes_1_and_2', 'dataset_consumes_unknown_never_scheduled', 'dataset_consumes_1', 'dataset_consumes_1_never_scheduled' retrieved from /home/airflow/.local/lib/python3.11/site-packages/airflow/example_dags/example_datasets.py
[2026-03-15T18:41:55.748+0000] {logging_mixin.py:188} INFO - [2026-03-15T18:41:55.748+0000] {dag.py:3047} INFO - Sync 6 DAGs
[2026-03-15T18:41:55.763+0000] {logging_mixin.py:188} INFO - [2026-03-15T18:41:55.763+0000] {dag.py:3834} INFO - Setting next_dagrun for dataset_consumes_1 to None, run_after=None
[2026-03-15T18:41:55.766+0000] {logging_mixin.py:188} INFO - [2026-03-15T18:41:55.766+0000] {dag.py:3834} INFO - Setting next_dagrun for dataset_consumes_1_and_2 to None, run_after=None
[2026-03-15T18:41:55.767+0000] {logging_mixin.py:188} INFO - [2026-03-15T18:41:55.767+0000] {dag.py:3834} INFO - Setting next_dagrun for dataset_consumes_1_never_scheduled to None, run_after=None
[2026-03-15T18:41:55.768+0000] {logging_mixin.py:188} INFO - [2026-03-15T18:41:55.767+0000] {dag.py:3834} INFO - Setting next_dagrun for dataset_consumes_unknown_never_scheduled to None, run_after=None
[2026-03-15T18:41:55.769+0000] {logging_mixin.py:188} INFO - [2026-03-15T18:41:55.769+0000] {dag.py:3834} INFO - Setting next_dagrun for dataset_produces_1 to 2026-03-14 00:00:00+00:00, run_after=2026-03-15 00:00:00+00:00
[2026-03-15T18:41:55.770+0000] {logging_mixin.py:188} INFO - [2026-03-15T18:41:55.770+0000] {dag.py:3834} INFO - Setting next_dagrun for dataset_produces_2 to None, run_after=None
[2026-03-15T18:41:55.790+0000] {processor.py:183} INFO - Processing /home/airflow/.local/lib/python3.11/site-packages/airflow/example_dags/example_datasets.py took 0.080 seconds
[2026-03-15T18:42:26.351+0000] {processor.py:161} INFO - Started process (PID=524) to work on /home/airflow/.local/lib/python3.11/site-packages/airflow/example_dags/example_datasets.py
[2026-03-15T18:42:26.352+0000] {processor.py:830} INFO - Processing file /home/airflow/.local/lib/python3.11/site-packages/airflow/example_dags/example_datasets.py for tasks to queue
[2026-03-15T18:42:26.353+0000] {logging_mixin.py:188} INFO - [2026-03-15T18:42:26.353+0000] {dagbag.py:540} INFO - Filling up the DagBag from /home/airflow/.local/lib/python3.11/site-packages/airflow/example_dags/example_datasets.py
[2026-03-15T18:42:26.363+0000] {processor.py:840} INFO - DAG(s) 'dataset_consumes_1_and_2', 'dataset_consumes_1', 'dataset_consumes_unknown_never_scheduled', 'dataset_produces_1', 'dataset_consumes_1_never_scheduled', 'dataset_produces_2' retrieved from /home/airflow/.local/lib/python3.11/site-packages/airflow/example_dags/example_datasets.py
[2026-03-15T18:42:26.394+0000] {logging_mixin.py:188} INFO - [2026-03-15T18:42:26.394+0000] {dag.py:3047} INFO - Sync 6 DAGs
[2026-03-15T18:42:26.418+0000] {logging_mixin.py:188} INFO - [2026-03-15T18:42:26.417+0000] {dag.py:3834} INFO - Setting next_dagrun for dataset_consumes_1 to None, run_after=None
[2026-03-15T18:42:26.422+0000] {logging_mixin.py:188} INFO - [2026-03-15T18:42:26.421+0000] {dag.py:3834} INFO - Setting next_dagrun for dataset_consumes_1_and_2 to None, run_after=None
[2026-03-15T18:42:26.427+0000] {logging_mixin.py:188} INFO - [2026-03-15T18:42:26.426+0000] {dag.py:3834} INFO - Setting next_dagrun for dataset_consumes_1_never_scheduled to None, run_after=None
[2026-03-15T18:42:26.428+0000] {logging_mixin.py:188} INFO - [2026-03-15T18:42:26.428+0000] {dag.py:3834} INFO - Setting next_dagrun for dataset_consumes_unknown_never_scheduled to None, run_after=None
[2026-03-15T18:42:26.432+0000] {logging_mixin.py:188} INFO - [2026-03-15T18:42:26.432+0000] {dag.py:3834} INFO - Setting next_dagrun for dataset_produces_1 to 2026-03-14 00:00:00+00:00, run_after=2026-03-15 00:00:00+00:00
[2026-03-15T18:42:26.433+0000] {logging_mixin.py:188} INFO - [2026-03-15T18:42:26.433+0000] {dag.py:3834} INFO - Setting next_dagrun for dataset_produces_2 to None, run_after=None
[2026-03-15T18:42:26.478+0000] {processor.py:183} INFO - Processing /home/airflow/.local/lib/python3.11/site-packages/airflow/example_dags/example_datasets.py took 0.130 seconds
[2026-03-15T18:42:29.877+0000] {processor.py:161} INFO - Started process (PID=571) to work on /home/airflow/.local/lib/python3.11/site-packages/airflow/example_dags/example_datasets.py
[2026-03-15T18:42:29.878+0000] {processor.py:830} INFO - Processing file /home/airflow/.local/lib/python3.11/site-packages/airflow/example_dags/example_datasets.py for tasks to queue
[2026-03-15T18:42:29.880+0000] {logging_mixin.py:188} INFO - [2026-03-15T18:42:29.880+0000] {dagbag.py:540} INFO - Filling up the DagBag from /home/airflow/.local/lib/python3.11/site-packages/airflow/example_dags/example_datasets.py
[2026-03-15T18:42:29.887+0000] {processor.py:840} INFO - DAG(s) 'dataset_produces_2', 'dataset_consumes_1_never_scheduled', 'dataset_consumes_1', 'dataset_produces_1', 'dataset_consumes_unknown_never_scheduled', 'dataset_consumes_1_and_2' retrieved from /home/airflow/.local/lib/python3.11/site-packages/airflow/example_dags/example_datasets.py
[2026-03-15T18:42:29.907+0000] {logging_mixin.py:188} INFO - [2026-03-15T18:42:29.907+0000] {dag.py:3047} INFO - Sync 6 DAGs
[2026-03-15T18:42:29.920+0000] {logging_mixin.py:188} INFO - [2026-03-15T18:42:29.920+0000] {dag.py:3834} INFO - Setting next_dagrun for dataset_consumes_1 to None, run_after=None
[2026-03-15T18:42:29.923+0000] {logging_mixin.py:188} INFO - [2026-03-15T18:42:29.923+0000] {dag.py:3834} INFO - Setting next_dagrun for dataset_consumes_1_and_2 to None, run_after=None
[2026-03-15T18:42:29.924+0000] {logging_mixin.py:188} INFO - [2026-03-15T18:42:29.923+0000] {dag.py:3834} INFO - Setting next_dagrun for dataset_consumes_1_never_scheduled to None, run_after=None
[2026-03-15T18:42:29.924+0000] {logging_mixin.py:188} INFO - [2026-03-15T18:42:29.924+0000] {dag.py:3834} INFO - Setting next_dagrun for dataset_consumes_unknown_never_scheduled to None, run_after=None
[2026-03-15T18:42:29.926+0000] {logging_mixin.py:188} INFO - [2026-03-15T18:42:29.926+0000] {dag.py:3834} INFO - Setting next_dagrun for dataset_produces_1 to 2026-03-14 00:00:00+00:00, run_after=2026-03-15 00:00:00+00:00
[2026-03-15T18:42:29.927+0000] {logging_mixin.py:188} INFO - [2026-03-15T18:42:29.927+0000] {dag.py:3834} INFO - Setting next_dagrun for dataset_produces_2 to None, run_after=None
[2026-03-15T18:42:29.946+0000] {processor.py:183} INFO - Processing /home/airflow/.local/lib/python3.11/site-packages/airflow/example_dags/example_datasets.py took 0.071 seconds
[2026-03-15T18:43:00.009+0000] {processor.py:161} INFO - Started process (PID=620) to work on /home/airflow/.local/lib/python3.11/site-packages/airflow/example_dags/example_datasets.py
[2026-03-15T18:43:00.010+0000] {processor.py:830} INFO - Processing file /home/airflow/.local/lib/python3.11/site-packages/airflow/example_dags/example_datasets.py for tasks to queue
[2026-03-15T18:43:00.012+0000] {logging_mixin.py:188} INFO - [2026-03-15T18:43:00.012+0000] {dagbag.py:540} INFO - Filling up the DagBag from /home/airflow/.local/lib/python3.11/site-packages/airflow/example_dags/example_datasets.py
[2026-03-15T18:43:00.020+0000] {processor.py:840} INFO - DAG(s) 'dataset_produces_1', 'dataset_consumes_1_and_2', 'dataset_consumes_1', 'dataset_consumes_1_never_scheduled', 'dataset_produces_2', 'dataset_consumes_unknown_never_scheduled' retrieved from /home/airflow/.local/lib/python3.11/site-packages/airflow/example_dags/example_datasets.py
[2026-03-15T18:43:00.043+0000] {logging_mixin.py:188} INFO - [2026-03-15T18:43:00.043+0000] {dag.py:3047} INFO - Sync 6 DAGs
[2026-03-15T18:43:00.059+0000] {logging_mixin.py:188} INFO - [2026-03-15T18:43:00.059+0000] {dag.py:3834} INFO - Setting next_dagrun for dataset_consumes_1 to None, run_after=None
[2026-03-15T18:43:00.062+0000] {logging_mixin.py:188} INFO - [2026-03-15T18:43:00.062+0000] {dag.py:3834} INFO - Setting next_dagrun for dataset_consumes_1_and_2 to None, run_after=None
[2026-03-15T18:43:00.064+0000] {logging_mixin.py:188} INFO - [2026-03-15T18:43:00.063+0000] {dag.py:3834} INFO - Setting next_dagrun for dataset_consumes_1_never_scheduled to None, run_after=None
[2026-03-15T18:43:00.065+0000] {logging_mixin.py:188} INFO - [2026-03-15T18:43:00.064+0000] {dag.py:3834} INFO - Setting next_dagrun for dataset_consumes_unknown_never_scheduled to None, run_after=None
[2026-03-15T18:43:00.067+0000] {logging_mixin.py:188} INFO - [2026-03-15T18:43:00.066+0000] {dag.py:3834} INFO - Setting next_dagrun for dataset_produces_1 to 2026-03-14 00:00:00+00:00, run_after=2026-03-15 00:00:00+00:00
[2026-03-15T18:43:00.068+0000] {logging_mixin.py:188} INFO - [2026-03-15T18:43:00.067+0000] {dag.py:3834} INFO - Setting next_dagrun for dataset_produces_2 to None, run_after=None
[2026-03-15T18:43:00.096+0000] {processor.py:183} INFO - Processing /home/airflow/.local/lib/python3.11/site-packages/airflow/example_dags/example_datasets.py took 0.090 seconds
[2026-03-15T18:43:30.617+0000] {processor.py:161} INFO - Started process (PID=671) to work on /home/airflow/.local/lib/python3.11/site-packages/airflow/example_dags/example_datasets.py
[2026-03-15T18:43:30.619+0000] {processor.py:830} INFO - Processing file /home/airflow/.local/lib/python3.11/site-packages/airflow/example_dags/example_datasets.py for tasks to queue
[2026-03-15T18:43:30.622+0000] {logging_mixin.py:188} INFO - [2026-03-15T18:43:30.621+0000] {dagbag.py:540} INFO - Filling up the DagBag from /home/airflow/.local/lib/python3.11/site-packages/airflow/example_dags/example_datasets.py
[2026-03-15T18:43:30.633+0000] {processor.py:840} INFO - DAG(s) 'dataset_produces_2', 'dataset_consumes_1_and_2', 'dataset_consumes_unknown_never_scheduled', 'dataset_consumes_1', 'dataset_consumes_1_never_scheduled', 'dataset_produces_1' retrieved from /home/airflow/.local/lib/python3.11/site-packages/airflow/example_dags/example_datasets.py
[2026-03-15T18:43:30.661+0000] {logging_mixin.py:188} INFO - [2026-03-15T18:43:30.661+0000] {dag.py:3047} INFO - Sync 6 DAGs
[2026-03-15T18:43:30.676+0000] {logging_mixin.py:188} INFO - [2026-03-15T18:43:30.676+0000] {dag.py:3834} INFO - Setting next_dagrun for dataset_consumes_1 to None, run_after=None
[2026-03-15T18:43:30.679+0000] {logging_mixin.py:188} INFO - [2026-03-15T18:43:30.679+0000] {dag.py:3834} INFO - Setting next_dagrun for dataset_consumes_1_and_2 to None, run_after=None
[2026-03-15T18:43:30.680+0000] {logging_mixin.py:188} INFO - [2026-03-15T18:43:30.680+0000] {dag.py:3834} INFO - Setting next_dagrun for dataset_consumes_1_never_scheduled to None, run_after=None
[2026-03-15T18:43:30.681+0000] {logging_mixin.py:188} INFO - [2026-03-15T18:43:30.681+0000] {dag.py:3834} INFO - Setting next_dagrun for dataset_consumes_unknown_never_scheduled to None, run_after=None
[2026-03-15T18:43:30.683+0000] {logging_mixin.py:188} INFO - [2026-03-15T18:43:30.682+0000] {dag.py:3834} INFO - Setting next_dagrun for dataset_produces_1 to 2026-03-14 00:00:00+00:00, run_after=2026-03-15 00:00:00+00:00
[2026-03-15T18:43:30.683+0000] {logging_mixin.py:188} INFO - [2026-03-15T18:43:30.683+0000] {dag.py:3834} INFO - Setting next_dagrun for dataset_produces_2 to None, run_after=None
[2026-03-15T18:43:30.707+0000] {processor.py:183} INFO - Processing /home/airflow/.local/lib/python3.11/site-packages/airflow/example_dags/example_datasets.py took 0.094 seconds
[2026-03-15T18:43:34.928+0000] {processor.py:161} INFO - Started process (PID=725) to work on /home/airflow/.local/lib/python3.11/site-packages/airflow/example_dags/example_datasets.py
[2026-03-15T18:43:34.929+0000] {processor.py:830} INFO - Processing file /home/airflow/.local/lib/python3.11/site-packages/airflow/example_dags/example_datasets.py for tasks to queue
[2026-03-15T18:43:34.931+0000] {logging_mixin.py:188} INFO - [2026-03-15T18:43:34.931+0000] {dagbag.py:540} INFO - Filling up the DagBag from /home/airflow/.local/lib/python3.11/site-packages/airflow/example_dags/example_datasets.py
[2026-03-15T18:43:34.940+0000] {processor.py:840} INFO - DAG(s) 'dataset_consumes_1', 'dataset_consumes_unknown_never_scheduled', 'dataset_consumes_1_never_scheduled', 'dataset_produces_1', 'dataset_produces_2', 'dataset_consumes_1_and_2' retrieved from /home/airflow/.local/lib/python3.11/site-packages/airflow/example_dags/example_datasets.py
[2026-03-15T18:43:34.986+0000] {logging_mixin.py:188} INFO - [2026-03-15T18:43:34.986+0000] {dag.py:3047} INFO - Sync 6 DAGs
[2026-03-15T18:43:35.005+0000] {logging_mixin.py:188} INFO - [2026-03-15T18:43:35.005+0000] {dag.py:3834} INFO - Setting next_dagrun for dataset_consumes_1 to None, run_after=None
[2026-03-15T18:43:35.008+0000] {logging_mixin.py:188} INFO - [2026-03-15T18:43:35.007+0000] {dag.py:3834} INFO - Setting next_dagrun for dataset_consumes_1_and_2 to None, run_after=None
[2026-03-15T18:43:35.009+0000] {logging_mixin.py:188} INFO - [2026-03-15T18:43:35.009+0000] {dag.py:3834} INFO - Setting next_dagrun for dataset_consumes_1_never_scheduled to None, run_after=None
[2026-03-15T18:43:35.010+0000] {logging_mixin.py:188} INFO - [2026-03-15T18:43:35.009+0000] {dag.py:3834} INFO - Setting next_dagrun for dataset_consumes_unknown_never_scheduled to None, run_after=None
[2026-03-15T18:43:35.011+0000] {logging_mixin.py:188} INFO - [2026-03-15T18:43:35.011+0000] {dag.py:3834} INFO - Setting next_dagrun for dataset_produces_1 to 2026-03-14 00:00:00+00:00, run_after=2026-03-15 00:00:00+00:00
[2026-03-15T18:43:35.012+0000] {logging_mixin.py:188} INFO - [2026-03-15T18:43:35.012+0000] {dag.py:3834} INFO - Setting next_dagrun for dataset_produces_2 to None, run_after=None
[2026-03-15T18:43:35.036+0000] {processor.py:183} INFO - Processing /home/airflow/.local/lib/python3.11/site-packages/airflow/example_dags/example_datasets.py took 0.111 seconds
[2026-03-15T18:44:05.137+0000] {processor.py:161} INFO - Started process (PID=778) to work on /home/airflow/.local/lib/python3.11/site-packages/airflow/example_dags/example_datasets.py
[2026-03-15T18:44:05.138+0000] {processor.py:830} INFO - Processing file /home/airflow/.local/lib/python3.11/site-packages/airflow/example_dags/example_datasets.py for tasks to queue
[2026-03-15T18:44:05.140+0000] {logging_mixin.py:188} INFO - [2026-03-15T18:44:05.139+0000] {dagbag.py:540} INFO - Filling up the DagBag from /home/airflow/.local/lib/python3.11/site-packages/airflow/example_dags/example_datasets.py
[2026-03-15T18:44:05.148+0000] {processor.py:840} INFO - DAG(s) 'dataset_consumes_unknown_never_scheduled', 'dataset_produces_1', 'dataset_consumes_1_never_scheduled', 'dataset_consumes_1_and_2', 'dataset_produces_2', 'dataset_consumes_1' retrieved from /home/airflow/.local/lib/python3.11/site-packages/airflow/example_dags/example_datasets.py
[2026-03-15T18:44:05.170+0000] {logging_mixin.py:188} INFO - [2026-03-15T18:44:05.170+0000] {dag.py:3047} INFO - Sync 6 DAGs
[2026-03-15T18:44:05.186+0000] {logging_mixin.py:188} INFO - [2026-03-15T18:44:05.185+0000] {dag.py:3834} INFO - Setting next_dagrun for dataset_consumes_1 to None, run_after=None
[2026-03-15T18:44:05.188+0000] {logging_mixin.py:188} INFO - [2026-03-15T18:44:05.188+0000] {dag.py:3834} INFO - Setting next_dagrun for dataset_consumes_1_and_2 to None, run_after=None
[2026-03-15T18:44:05.189+0000] {logging_mixin.py:188} INFO - [2026-03-15T18:44:05.189+0000] {dag.py:3834} INFO - Setting next_dagrun for dataset_consumes_1_never_scheduled to None, run_after=None
[2026-03-15T18:44:05.190+0000] {logging_mixin.py:188} INFO - [2026-03-15T18:44:05.190+0000] {dag.py:3834} INFO - Setting next_dagrun for dataset_consumes_unknown_never_scheduled to None, run_after=None
[2026-03-15T18:44:05.191+0000] {logging_mixin.py:188} INFO - [2026-03-15T18:44:05.191+0000] {dag.py:3834} INFO - Setting next_dagrun for dataset_produces_1 to 2026-03-14 00:00:00+00:00, run_after=2026-03-15 00:00:00+00:00
[2026-03-15T18:44:05.192+0000] {logging_mixin.py:188} INFO - [2026-03-15T18:44:05.192+0000] {dag.py:3834} INFO - Setting next_dagrun for dataset_produces_2 to None, run_after=None
[2026-03-15T18:44:05.211+0000] {processor.py:183} INFO - Processing /home/airflow/.local/lib/python3.11/site-packages/airflow/example_dags/example_datasets.py took 0.078 seconds
[2026-03-15T18:44:37.113+0000] {processor.py:161} INFO - Started process (PID=831) to work on /home/airflow/.local/lib/python3.11/site-packages/airflow/example_dags/example_datasets.py
[2026-03-15T18:44:37.115+0000] {processor.py:830} INFO - Processing file /home/airflow/.local/lib/python3.11/site-packages/airflow/example_dags/example_datasets.py for tasks to queue
[2026-03-15T18:44:37.121+0000] {logging_mixin.py:188} INFO - [2026-03-15T18:44:37.119+0000] {dagbag.py:540} INFO - Filling up the DagBag from /home/airflow/.local/lib/python3.11/site-packages/airflow/example_dags/example_datasets.py
[2026-03-15T18:44:37.140+0000] {processor.py:840} INFO - DAG(s) 'dataset_produces_2', 'dataset_consumes_1', 'dataset_consumes_1_never_scheduled', 'dataset_consumes_1_and_2', 'dataset_produces_1', 'dataset_consumes_unknown_never_scheduled' retrieved from /home/airflow/.local/lib/python3.11/site-packages/airflow/example_dags/example_datasets.py
[2026-03-15T18:44:37.229+0000] {logging_mixin.py:188} INFO - [2026-03-15T18:44:37.229+0000] {dag.py:3047} INFO - Sync 6 DAGs
[2026-03-15T18:44:37.276+0000] {logging_mixin.py:188} INFO - [2026-03-15T18:44:37.276+0000] {dag.py:3834} INFO - Setting next_dagrun for dataset_consumes_1 to None, run_after=None
[2026-03-15T18:44:37.288+0000] {logging_mixin.py:188} INFO - [2026-03-15T18:44:37.287+0000] {dag.py:3834} INFO - Setting next_dagrun for dataset_consumes_1_and_2 to None, run_after=None
[2026-03-15T18:44:37.293+0000] {logging_mixin.py:188} INFO - [2026-03-15T18:44:37.292+0000] {dag.py:3834} INFO - Setting next_dagrun for dataset_consumes_1_never_scheduled to None, run_after=None
[2026-03-15T18:44:37.299+0000] {logging_mixin.py:188} INFO - [2026-03-15T18:44:37.298+0000] {dag.py:3834} INFO - Setting next_dagrun for dataset_consumes_unknown_never_scheduled to None, run_after=None
[2026-03-15T18:44:37.305+0000] {logging_mixin.py:188} INFO - [2026-03-15T18:44:37.304+0000] {dag.py:3834} INFO - Setting next_dagrun for dataset_produces_1 to 2026-03-14 00:00:00+00:00, run_after=2026-03-15 00:00:00+00:00
[2026-03-15T18:44:37.308+0000] {logging_mixin.py:188} INFO - [2026-03-15T18:44:37.308+0000] {dag.py:3834} INFO - Setting next_dagrun for dataset_produces_2 to None, run_after=None
[2026-03-15T18:44:37.392+0000] {processor.py:183} INFO - Processing /home/airflow/.local/lib/python3.11/site-packages/airflow/example_dags/example_datasets.py took 0.284 seconds
[2026-03-15T18:44:49.192+0000] {processor.py:161} INFO - Started process (PID=881) to work on /home/airflow/.local/lib/python3.11/site-packages/airflow/example_dags/example_datasets.py
[2026-03-15T18:44:49.193+0000] {processor.py:830} INFO - Processing file /home/airflow/.local/lib/python3.11/site-packages/airflow/example_dags/example_datasets.py for tasks to queue
[2026-03-15T18:44:49.195+0000] {logging_mixin.py:188} INFO - [2026-03-15T18:44:49.195+0000] {dagbag.py:540} INFO - Filling up the DagBag from /home/airflow/.local/lib/python3.11/site-packages/airflow/example_dags/example_datasets.py
[2026-03-15T18:44:49.203+0000] {processor.py:840} INFO - DAG(s) 'dataset_produces_2', 'dataset_consumes_1_and_2', 'dataset_produces_1', 'dataset_consumes_1', 'dataset_consumes_1_never_scheduled', 'dataset_consumes_unknown_never_scheduled' retrieved from /home/airflow/.local/lib/python3.11/site-packages/airflow/example_dags/example_datasets.py
[2026-03-15T18:44:49.231+0000] {logging_mixin.py:188} INFO - [2026-03-15T18:44:49.231+0000] {dag.py:3047} INFO - Sync 6 DAGs
[2026-03-15T18:44:49.251+0000] {logging_mixin.py:188} INFO - [2026-03-15T18:44:49.251+0000] {dag.py:3834} INFO - Setting next_dagrun for dataset_consumes_1 to None, run_after=None
[2026-03-15T18:44:49.254+0000] {logging_mixin.py:188} INFO - [2026-03-15T18:44:49.254+0000] {dag.py:3834} INFO - Setting next_dagrun for dataset_consumes_1_and_2 to None, run_after=None
[2026-03-15T18:44:49.256+0000] {logging_mixin.py:188} INFO - [2026-03-15T18:44:49.256+0000] {dag.py:3834} INFO - Setting next_dagrun for dataset_consumes_1_never_scheduled to None, run_after=None
[2026-03-15T18:44:49.257+0000] {logging_mixin.py:188} INFO - [2026-03-15T18:44:49.257+0000] {dag.py:3834} INFO - Setting next_dagrun for dataset_consumes_unknown_never_scheduled to None, run_after=None
[2026-03-15T18:44:49.259+0000] {logging_mixin.py:188} INFO - [2026-03-15T18:44:49.259+0000] {dag.py:3834} INFO - Setting next_dagrun for dataset_produces_1 to 2026-03-14 00:00:00+00:00, run_after=2026-03-15 00:00:00+00:00
[2026-03-15T18:44:49.261+0000] {logging_mixin.py:188} INFO - [2026-03-15T18:44:49.260+0000] {dag.py:3834} INFO - Setting next_dagrun for dataset_produces_2 to None, run_after=None
[2026-03-15T18:44:49.282+0000] {processor.py:183} INFO - Processing /home/airflow/.local/lib/python3.11/site-packages/airflow/example_dags/example_datasets.py took 0.094 seconds
