[2026-03-15T17:05:00.150+0000] {processor.py:161} INFO - Started process (PID=78) to work on /home/airflow/.local/lib/python3.11/site-packages/airflow/example_dags/example_trigger_controller_dag.py
[2026-03-15T17:05:00.152+0000] {processor.py:830} INFO - Processing file /home/airflow/.local/lib/python3.11/site-packages/airflow/example_dags/example_trigger_controller_dag.py for tasks to queue
[2026-03-15T17:05:00.156+0000] {logging_mixin.py:188} INFO - [2026-03-15T17:05:00.156+0000] {dagbag.py:540} INFO - Filling up the DagBag from /home/airflow/.local/lib/python3.11/site-packages/airflow/example_dags/example_trigger_controller_dag.py
[2026-03-15T17:05:00.163+0000] {processor.py:840} INFO - DAG(s) 'example_trigger_controller_dag' retrieved from /home/airflow/.local/lib/python3.11/site-packages/airflow/example_dags/example_trigger_controller_dag.py
[2026-03-15T17:05:00.175+0000] {logging_mixin.py:188} INFO - [2026-03-15T17:05:00.175+0000] {dag.py:3047} INFO - Sync 1 DAGs
[2026-03-15T17:05:00.196+0000] {logging_mixin.py:188} INFO - [2026-03-15T17:05:00.196+0000] {dag.py:3834} INFO - Setting next_dagrun for example_trigger_controller_dag to 2021-01-01 00:00:00+00:00, run_after=2021-01-01 00:00:00+00:00
[2026-03-15T17:05:00.212+0000] {processor.py:183} INFO - Processing /home/airflow/.local/lib/python3.11/site-packages/airflow/example_dags/example_trigger_controller_dag.py took 0.066 seconds
[2026-03-15T17:05:31.289+0000] {processor.py:161} INFO - Started process (PID=134) to work on /home/airflow/.local/lib/python3.11/site-packages/airflow/example_dags/example_trigger_controller_dag.py
[2026-03-15T17:05:31.290+0000] {processor.py:830} INFO - Processing file /home/airflow/.local/lib/python3.11/site-packages/airflow/example_dags/example_trigger_controller_dag.py for tasks to queue
[2026-03-15T17:05:31.293+0000] {logging_mixin.py:188} INFO - [2026-03-15T17:05:31.292+0000] {dagbag.py:540} INFO - Filling up the DagBag from /home/airflow/.local/lib/python3.11/site-packages/airflow/example_dags/example_trigger_controller_dag.py
[2026-03-15T17:05:31.300+0000] {processor.py:840} INFO - DAG(s) 'example_trigger_controller_dag' retrieved from /home/airflow/.local/lib/python3.11/site-packages/airflow/example_dags/example_trigger_controller_dag.py
[2026-03-15T17:05:31.400+0000] {logging_mixin.py:188} INFO - [2026-03-15T17:05:31.399+0000] {dag.py:3047} INFO - Sync 1 DAGs
[2026-03-15T17:05:31.420+0000] {logging_mixin.py:188} INFO - [2026-03-15T17:05:31.420+0000] {dag.py:3834} INFO - Setting next_dagrun for example_trigger_controller_dag to 2021-01-01 00:00:00+00:00, run_after=2021-01-01 00:00:00+00:00
[2026-03-15T17:05:31.443+0000] {processor.py:183} INFO - Processing /home/airflow/.local/lib/python3.11/site-packages/airflow/example_dags/example_trigger_controller_dag.py took 0.159 seconds
[2026-03-15T17:05:43.446+0000] {processor.py:161} INFO - Started process (PID=188) to work on /home/airflow/.local/lib/python3.11/site-packages/airflow/example_dags/example_trigger_controller_dag.py
[2026-03-15T17:05:43.447+0000] {processor.py:830} INFO - Processing file /home/airflow/.local/lib/python3.11/site-packages/airflow/example_dags/example_trigger_controller_dag.py for tasks to queue
[2026-03-15T17:05:43.449+0000] {logging_mixin.py:188} INFO - [2026-03-15T17:05:43.448+0000] {dagbag.py:540} INFO - Filling up the DagBag from /home/airflow/.local/lib/python3.11/site-packages/airflow/example_dags/example_trigger_controller_dag.py
[2026-03-15T17:05:43.452+0000] {processor.py:840} INFO - DAG(s) 'example_trigger_controller_dag' retrieved from /home/airflow/.local/lib/python3.11/site-packages/airflow/example_dags/example_trigger_controller_dag.py
[2026-03-15T17:05:43.463+0000] {logging_mixin.py:188} INFO - [2026-03-15T17:05:43.462+0000] {dag.py:3047} INFO - Sync 1 DAGs
[2026-03-15T17:05:43.479+0000] {logging_mixin.py:188} INFO - [2026-03-15T17:05:43.478+0000] {dag.py:3834} INFO - Setting next_dagrun for example_trigger_controller_dag to 2021-01-01 00:00:00+00:00, run_after=2021-01-01 00:00:00+00:00
[2026-03-15T17:05:43.492+0000] {processor.py:183} INFO - Processing /home/airflow/.local/lib/python3.11/site-packages/airflow/example_dags/example_trigger_controller_dag.py took 0.049 seconds
[2026-03-15T17:06:13.602+0000] {processor.py:161} INFO - Started process (PID=238) to work on /home/airflow/.local/lib/python3.11/site-packages/airflow/example_dags/example_trigger_controller_dag.py
[2026-03-15T17:06:13.604+0000] {processor.py:830} INFO - Processing file /home/airflow/.local/lib/python3.11/site-packages/airflow/example_dags/example_trigger_controller_dag.py for tasks to queue
[2026-03-15T17:06:13.606+0000] {logging_mixin.py:188} INFO - [2026-03-15T17:06:13.605+0000] {dagbag.py:540} INFO - Filling up the DagBag from /home/airflow/.local/lib/python3.11/site-packages/airflow/example_dags/example_trigger_controller_dag.py
[2026-03-15T17:06:13.610+0000] {processor.py:840} INFO - DAG(s) 'example_trigger_controller_dag' retrieved from /home/airflow/.local/lib/python3.11/site-packages/airflow/example_dags/example_trigger_controller_dag.py
[2026-03-15T17:06:13.626+0000] {logging_mixin.py:188} INFO - [2026-03-15T17:06:13.626+0000] {dag.py:3047} INFO - Sync 1 DAGs
[2026-03-15T17:06:13.641+0000] {logging_mixin.py:188} INFO - [2026-03-15T17:06:13.641+0000] {dag.py:3834} INFO - Setting next_dagrun for example_trigger_controller_dag to 2021-01-01 00:00:00+00:00, run_after=2021-01-01 00:00:00+00:00
[2026-03-15T17:06:13.656+0000] {processor.py:183} INFO - Processing /home/airflow/.local/lib/python3.11/site-packages/airflow/example_dags/example_trigger_controller_dag.py took 0.056 seconds
[2026-03-15T17:06:14.440+0000] {processor.py:161} INFO - Started process (PID=255) to work on /home/airflow/.local/lib/python3.11/site-packages/airflow/example_dags/example_trigger_controller_dag.py
[2026-03-15T17:06:14.441+0000] {processor.py:830} INFO - Processing file /home/airflow/.local/lib/python3.11/site-packages/airflow/example_dags/example_trigger_controller_dag.py for tasks to queue
[2026-03-15T17:06:14.443+0000] {logging_mixin.py:188} INFO - [2026-03-15T17:06:14.443+0000] {dagbag.py:540} INFO - Filling up the DagBag from /home/airflow/.local/lib/python3.11/site-packages/airflow/example_dags/example_trigger_controller_dag.py
[2026-03-15T17:06:14.447+0000] {processor.py:840} INFO - DAG(s) 'example_trigger_controller_dag' retrieved from /home/airflow/.local/lib/python3.11/site-packages/airflow/example_dags/example_trigger_controller_dag.py
[2026-03-15T17:06:14.463+0000] {logging_mixin.py:188} INFO - [2026-03-15T17:06:14.463+0000] {dag.py:3047} INFO - Sync 1 DAGs
[2026-03-15T17:06:14.479+0000] {logging_mixin.py:188} INFO - [2026-03-15T17:06:14.478+0000] {dag.py:3834} INFO - Setting next_dagrun for example_trigger_controller_dag to 2021-01-01 00:00:00+00:00, run_after=2021-01-01 00:00:00+00:00
[2026-03-15T17:06:14.494+0000] {processor.py:183} INFO - Processing /home/airflow/.local/lib/python3.11/site-packages/airflow/example_dags/example_trigger_controller_dag.py took 0.057 seconds
[2026-03-15T17:06:19.452+0000] {processor.py:161} INFO - Started process (PID=301) to work on /home/airflow/.local/lib/python3.11/site-packages/airflow/example_dags/example_trigger_controller_dag.py
[2026-03-15T17:06:19.454+0000] {processor.py:830} INFO - Processing file /home/airflow/.local/lib/python3.11/site-packages/airflow/example_dags/example_trigger_controller_dag.py for tasks to queue
[2026-03-15T17:06:19.456+0000] {logging_mixin.py:188} INFO - [2026-03-15T17:06:19.455+0000] {dagbag.py:540} INFO - Filling up the DagBag from /home/airflow/.local/lib/python3.11/site-packages/airflow/example_dags/example_trigger_controller_dag.py
[2026-03-15T17:06:19.461+0000] {processor.py:840} INFO - DAG(s) 'example_trigger_controller_dag' retrieved from /home/airflow/.local/lib/python3.11/site-packages/airflow/example_dags/example_trigger_controller_dag.py
[2026-03-15T17:06:19.480+0000] {logging_mixin.py:188} INFO - [2026-03-15T17:06:19.479+0000] {dag.py:3047} INFO - Sync 1 DAGs
[2026-03-15T17:06:19.497+0000] {logging_mixin.py:188} INFO - [2026-03-15T17:06:19.497+0000] {dag.py:3834} INFO - Setting next_dagrun for example_trigger_controller_dag to 2021-01-01 00:00:00+00:00, run_after=2021-01-01 00:00:00+00:00
[2026-03-15T17:06:19.512+0000] {processor.py:183} INFO - Processing /home/airflow/.local/lib/python3.11/site-packages/airflow/example_dags/example_trigger_controller_dag.py took 0.063 seconds
[2026-03-15T17:06:29.583+0000] {processor.py:161} INFO - Started process (PID=347) to work on /home/airflow/.local/lib/python3.11/site-packages/airflow/example_dags/example_trigger_controller_dag.py
[2026-03-15T17:06:29.584+0000] {processor.py:830} INFO - Processing file /home/airflow/.local/lib/python3.11/site-packages/airflow/example_dags/example_trigger_controller_dag.py for tasks to queue
[2026-03-15T17:06:29.586+0000] {logging_mixin.py:188} INFO - [2026-03-15T17:06:29.585+0000] {dagbag.py:540} INFO - Filling up the DagBag from /home/airflow/.local/lib/python3.11/site-packages/airflow/example_dags/example_trigger_controller_dag.py
[2026-03-15T17:06:29.590+0000] {processor.py:840} INFO - DAG(s) 'example_trigger_controller_dag' retrieved from /home/airflow/.local/lib/python3.11/site-packages/airflow/example_dags/example_trigger_controller_dag.py
[2026-03-15T17:06:29.610+0000] {logging_mixin.py:188} INFO - [2026-03-15T17:06:29.610+0000] {dag.py:3047} INFO - Sync 1 DAGs
[2026-03-15T17:06:29.627+0000] {logging_mixin.py:188} INFO - [2026-03-15T17:06:29.627+0000] {dag.py:3834} INFO - Setting next_dagrun for example_trigger_controller_dag to 2021-01-01 00:00:00+00:00, run_after=2021-01-01 00:00:00+00:00
[2026-03-15T17:06:29.644+0000] {processor.py:183} INFO - Processing /home/airflow/.local/lib/python3.11/site-packages/airflow/example_dags/example_trigger_controller_dag.py took 0.064 seconds
[2026-03-15T17:07:34.172+0000] {processor.py:161} INFO - Started process (PID=400) to work on /home/airflow/.local/lib/python3.11/site-packages/airflow/example_dags/example_trigger_controller_dag.py
[2026-03-15T17:07:34.173+0000] {processor.py:830} INFO - Processing file /home/airflow/.local/lib/python3.11/site-packages/airflow/example_dags/example_trigger_controller_dag.py for tasks to queue
[2026-03-15T17:07:34.175+0000] {logging_mixin.py:188} INFO - [2026-03-15T17:07:34.175+0000] {dagbag.py:540} INFO - Filling up the DagBag from /home/airflow/.local/lib/python3.11/site-packages/airflow/example_dags/example_trigger_controller_dag.py
[2026-03-15T17:07:34.179+0000] {processor.py:840} INFO - DAG(s) 'example_trigger_controller_dag' retrieved from /home/airflow/.local/lib/python3.11/site-packages/airflow/example_dags/example_trigger_controller_dag.py
[2026-03-15T17:07:34.196+0000] {logging_mixin.py:188} INFO - [2026-03-15T17:07:34.195+0000] {dag.py:3047} INFO - Sync 1 DAGs
[2026-03-15T17:07:34.212+0000] {logging_mixin.py:188} INFO - [2026-03-15T17:07:34.212+0000] {dag.py:3834} INFO - Setting next_dagrun for example_trigger_controller_dag to 2021-01-01 00:00:00+00:00, run_after=2021-01-01 00:00:00+00:00
[2026-03-15T17:07:34.225+0000] {processor.py:183} INFO - Processing /home/airflow/.local/lib/python3.11/site-packages/airflow/example_dags/example_trigger_controller_dag.py took 0.055 seconds
[2026-03-15T17:07:19.465+0000] {processor.py:161} INFO - Started process (PID=456) to work on /home/airflow/.local/lib/python3.11/site-packages/airflow/example_dags/example_trigger_controller_dag.py
[2026-03-15T17:07:19.466+0000] {processor.py:830} INFO - Processing file /home/airflow/.local/lib/python3.11/site-packages/airflow/example_dags/example_trigger_controller_dag.py for tasks to queue
[2026-03-15T17:07:19.468+0000] {logging_mixin.py:188} INFO - [2026-03-15T17:07:19.467+0000] {dagbag.py:540} INFO - Filling up the DagBag from /home/airflow/.local/lib/python3.11/site-packages/airflow/example_dags/example_trigger_controller_dag.py
[2026-03-15T17:07:19.473+0000] {processor.py:840} INFO - DAG(s) 'example_trigger_controller_dag' retrieved from /home/airflow/.local/lib/python3.11/site-packages/airflow/example_dags/example_trigger_controller_dag.py
[2026-03-15T17:07:19.491+0000] {logging_mixin.py:188} INFO - [2026-03-15T17:07:19.490+0000] {dag.py:3047} INFO - Sync 1 DAGs
[2026-03-15T17:07:19.507+0000] {logging_mixin.py:188} INFO - [2026-03-15T17:07:19.507+0000] {dag.py:3834} INFO - Setting next_dagrun for example_trigger_controller_dag to 2021-01-01 00:00:00+00:00, run_after=2021-01-01 00:00:00+00:00
[2026-03-15T17:07:19.521+0000] {processor.py:183} INFO - Processing /home/airflow/.local/lib/python3.11/site-packages/airflow/example_dags/example_trigger_controller_dag.py took 0.059 seconds
[2026-03-15T17:07:24.446+0000] {processor.py:161} INFO - Started process (PID=502) to work on /home/airflow/.local/lib/python3.11/site-packages/airflow/example_dags/example_trigger_controller_dag.py
[2026-03-15T17:07:24.447+0000] {processor.py:830} INFO - Processing file /home/airflow/.local/lib/python3.11/site-packages/airflow/example_dags/example_trigger_controller_dag.py for tasks to queue
[2026-03-15T17:07:24.449+0000] {logging_mixin.py:188} INFO - [2026-03-15T17:07:24.449+0000] {dagbag.py:540} INFO - Filling up the DagBag from /home/airflow/.local/lib/python3.11/site-packages/airflow/example_dags/example_trigger_controller_dag.py
[2026-03-15T17:07:24.454+0000] {processor.py:840} INFO - DAG(s) 'example_trigger_controller_dag' retrieved from /home/airflow/.local/lib/python3.11/site-packages/airflow/example_dags/example_trigger_controller_dag.py
[2026-03-15T17:07:24.473+0000] {logging_mixin.py:188} INFO - [2026-03-15T17:07:24.473+0000] {dag.py:3047} INFO - Sync 1 DAGs
[2026-03-15T17:07:24.489+0000] {logging_mixin.py:188} INFO - [2026-03-15T17:07:24.489+0000] {dag.py:3834} INFO - Setting next_dagrun for example_trigger_controller_dag to 2021-01-01 00:00:00+00:00, run_after=2021-01-01 00:00:00+00:00
[2026-03-15T17:07:24.503+0000] {processor.py:183} INFO - Processing /home/airflow/.local/lib/python3.11/site-packages/airflow/example_dags/example_trigger_controller_dag.py took 0.060 seconds
[2026-03-15T17:08:19.104+0000] {processor.py:161} INFO - Started process (PID=548) to work on /home/airflow/.local/lib/python3.11/site-packages/airflow/example_dags/example_trigger_controller_dag.py
[2026-03-15T17:08:19.105+0000] {processor.py:830} INFO - Processing file /home/airflow/.local/lib/python3.11/site-packages/airflow/example_dags/example_trigger_controller_dag.py for tasks to queue
[2026-03-15T17:08:19.107+0000] {logging_mixin.py:188} INFO - [2026-03-15T17:08:19.107+0000] {dagbag.py:540} INFO - Filling up the DagBag from /home/airflow/.local/lib/python3.11/site-packages/airflow/example_dags/example_trigger_controller_dag.py
[2026-03-15T17:08:19.111+0000] {processor.py:840} INFO - DAG(s) 'example_trigger_controller_dag' retrieved from /home/airflow/.local/lib/python3.11/site-packages/airflow/example_dags/example_trigger_controller_dag.py
[2026-03-15T17:08:19.127+0000] {logging_mixin.py:188} INFO - [2026-03-15T17:08:19.127+0000] {dag.py:3047} INFO - Sync 1 DAGs
[2026-03-15T17:08:19.141+0000] {logging_mixin.py:188} INFO - [2026-03-15T17:08:19.141+0000] {dag.py:3834} INFO - Setting next_dagrun for example_trigger_controller_dag to 2021-01-01 00:00:00+00:00, run_after=2021-01-01 00:00:00+00:00
[2026-03-15T17:08:19.155+0000] {processor.py:183} INFO - Processing /home/airflow/.local/lib/python3.11/site-packages/airflow/example_dags/example_trigger_controller_dag.py took 0.053 seconds
[2026-03-15T17:15:07.639+0000] {processor.py:161} INFO - Started process (PID=75) to work on /home/airflow/.local/lib/python3.11/site-packages/airflow/example_dags/example_trigger_controller_dag.py
[2026-03-15T17:15:07.640+0000] {processor.py:830} INFO - Processing file /home/airflow/.local/lib/python3.11/site-packages/airflow/example_dags/example_trigger_controller_dag.py for tasks to queue
[2026-03-15T17:15:07.642+0000] {logging_mixin.py:188} INFO - [2026-03-15T17:15:07.642+0000] {dagbag.py:540} INFO - Filling up the DagBag from /home/airflow/.local/lib/python3.11/site-packages/airflow/example_dags/example_trigger_controller_dag.py
[2026-03-15T17:15:07.648+0000] {processor.py:840} INFO - DAG(s) 'example_trigger_controller_dag' retrieved from /home/airflow/.local/lib/python3.11/site-packages/airflow/example_dags/example_trigger_controller_dag.py
[2026-03-15T17:15:07.667+0000] {logging_mixin.py:188} INFO - [2026-03-15T17:15:07.667+0000] {dag.py:3047} INFO - Sync 1 DAGs
[2026-03-15T17:15:07.682+0000] {logging_mixin.py:188} INFO - [2026-03-15T17:15:07.682+0000] {dag.py:3834} INFO - Setting next_dagrun for example_trigger_controller_dag to 2021-01-01 00:00:00+00:00, run_after=2021-01-01 00:00:00+00:00
[2026-03-15T17:15:07.697+0000] {processor.py:183} INFO - Processing /home/airflow/.local/lib/python3.11/site-packages/airflow/example_dags/example_trigger_controller_dag.py took 0.061 seconds
[2026-03-15T17:15:05.863+0000] {processor.py:161} INFO - Started process (PID=176) to work on /home/airflow/.local/lib/python3.11/site-packages/airflow/example_dags/example_trigger_controller_dag.py
[2026-03-15T17:15:05.864+0000] {processor.py:830} INFO - Processing file /home/airflow/.local/lib/python3.11/site-packages/airflow/example_dags/example_trigger_controller_dag.py for tasks to queue
[2026-03-15T17:15:05.866+0000] {logging_mixin.py:188} INFO - [2026-03-15T17:15:05.866+0000] {dagbag.py:540} INFO - Filling up the DagBag from /home/airflow/.local/lib/python3.11/site-packages/airflow/example_dags/example_trigger_controller_dag.py
[2026-03-15T17:15:05.870+0000] {processor.py:840} INFO - DAG(s) 'example_trigger_controller_dag' retrieved from /home/airflow/.local/lib/python3.11/site-packages/airflow/example_dags/example_trigger_controller_dag.py
[2026-03-15T17:15:05.886+0000] {logging_mixin.py:188} INFO - [2026-03-15T17:15:05.886+0000] {dag.py:3047} INFO - Sync 1 DAGs
[2026-03-15T17:15:05.905+0000] {logging_mixin.py:188} INFO - [2026-03-15T17:15:05.904+0000] {dag.py:3834} INFO - Setting next_dagrun for example_trigger_controller_dag to 2021-01-01 00:00:00+00:00, run_after=2021-01-01 00:00:00+00:00
[2026-03-15T17:15:05.924+0000] {processor.py:183} INFO - Processing /home/airflow/.local/lib/python3.11/site-packages/airflow/example_dags/example_trigger_controller_dag.py took 0.064 seconds
[2026-03-15T17:15:35.636+0000] {processor.py:161} INFO - Started process (PID=229) to work on /home/airflow/.local/lib/python3.11/site-packages/airflow/example_dags/example_trigger_controller_dag.py
[2026-03-15T17:15:35.637+0000] {processor.py:830} INFO - Processing file /home/airflow/.local/lib/python3.11/site-packages/airflow/example_dags/example_trigger_controller_dag.py for tasks to queue
[2026-03-15T17:15:35.639+0000] {logging_mixin.py:188} INFO - [2026-03-15T17:15:35.639+0000] {dagbag.py:540} INFO - Filling up the DagBag from /home/airflow/.local/lib/python3.11/site-packages/airflow/example_dags/example_trigger_controller_dag.py
[2026-03-15T17:15:35.643+0000] {processor.py:840} INFO - DAG(s) 'example_trigger_controller_dag' retrieved from /home/airflow/.local/lib/python3.11/site-packages/airflow/example_dags/example_trigger_controller_dag.py
[2026-03-15T17:15:35.658+0000] {logging_mixin.py:188} INFO - [2026-03-15T17:15:35.658+0000] {dag.py:3047} INFO - Sync 1 DAGs
[2026-03-15T17:15:35.678+0000] {logging_mixin.py:188} INFO - [2026-03-15T17:15:35.678+0000] {dag.py:3834} INFO - Setting next_dagrun for example_trigger_controller_dag to 2021-01-01 00:00:00+00:00, run_after=2021-01-01 00:00:00+00:00
[2026-03-15T17:15:35.690+0000] {processor.py:183} INFO - Processing /home/airflow/.local/lib/python3.11/site-packages/airflow/example_dags/example_trigger_controller_dag.py took 0.056 seconds
[2026-03-15T17:16:06.366+0000] {processor.py:161} INFO - Started process (PID=279) to work on /home/airflow/.local/lib/python3.11/site-packages/airflow/example_dags/example_trigger_controller_dag.py
[2026-03-15T17:16:06.368+0000] {processor.py:830} INFO - Processing file /home/airflow/.local/lib/python3.11/site-packages/airflow/example_dags/example_trigger_controller_dag.py for tasks to queue
[2026-03-15T17:16:06.370+0000] {logging_mixin.py:188} INFO - [2026-03-15T17:16:06.370+0000] {dagbag.py:540} INFO - Filling up the DagBag from /home/airflow/.local/lib/python3.11/site-packages/airflow/example_dags/example_trigger_controller_dag.py
[2026-03-15T17:16:06.375+0000] {processor.py:840} INFO - DAG(s) 'example_trigger_controller_dag' retrieved from /home/airflow/.local/lib/python3.11/site-packages/airflow/example_dags/example_trigger_controller_dag.py
[2026-03-15T17:16:06.392+0000] {logging_mixin.py:188} INFO - [2026-03-15T17:16:06.392+0000] {dag.py:3047} INFO - Sync 1 DAGs
[2026-03-15T17:16:06.408+0000] {logging_mixin.py:188} INFO - [2026-03-15T17:16:06.408+0000] {dag.py:3834} INFO - Setting next_dagrun for example_trigger_controller_dag to 2021-01-01 00:00:00+00:00, run_after=2021-01-01 00:00:00+00:00
[2026-03-15T17:16:06.422+0000] {processor.py:183} INFO - Processing /home/airflow/.local/lib/python3.11/site-packages/airflow/example_dags/example_trigger_controller_dag.py took 0.059 seconds
[2026-03-15T17:16:35.887+0000] {processor.py:161} INFO - Started process (PID=338) to work on /home/airflow/.local/lib/python3.11/site-packages/airflow/example_dags/example_trigger_controller_dag.py
[2026-03-15T17:16:35.888+0000] {processor.py:830} INFO - Processing file /home/airflow/.local/lib/python3.11/site-packages/airflow/example_dags/example_trigger_controller_dag.py for tasks to queue
[2026-03-15T17:16:35.891+0000] {logging_mixin.py:188} INFO - [2026-03-15T17:16:35.891+0000] {dagbag.py:540} INFO - Filling up the DagBag from /home/airflow/.local/lib/python3.11/site-packages/airflow/example_dags/example_trigger_controller_dag.py
[2026-03-15T17:16:35.896+0000] {processor.py:840} INFO - DAG(s) 'example_trigger_controller_dag' retrieved from /home/airflow/.local/lib/python3.11/site-packages/airflow/example_dags/example_trigger_controller_dag.py
[2026-03-15T17:16:35.912+0000] {logging_mixin.py:188} INFO - [2026-03-15T17:16:35.911+0000] {dag.py:3047} INFO - Sync 1 DAGs
[2026-03-15T17:16:35.928+0000] {logging_mixin.py:188} INFO - [2026-03-15T17:16:35.928+0000] {dag.py:3834} INFO - Setting next_dagrun for example_trigger_controller_dag to 2021-01-01 00:00:00+00:00, run_after=2021-01-01 00:00:00+00:00
[2026-03-15T17:16:35.947+0000] {processor.py:183} INFO - Processing /home/airflow/.local/lib/python3.11/site-packages/airflow/example_dags/example_trigger_controller_dag.py took 0.063 seconds
[2026-03-15T17:16:39.863+0000] {processor.py:161} INFO - Started process (PID=388) to work on /home/airflow/.local/lib/python3.11/site-packages/airflow/example_dags/example_trigger_controller_dag.py
[2026-03-15T17:16:39.864+0000] {processor.py:830} INFO - Processing file /home/airflow/.local/lib/python3.11/site-packages/airflow/example_dags/example_trigger_controller_dag.py for tasks to queue
[2026-03-15T17:16:39.866+0000] {logging_mixin.py:188} INFO - [2026-03-15T17:16:39.866+0000] {dagbag.py:540} INFO - Filling up the DagBag from /home/airflow/.local/lib/python3.11/site-packages/airflow/example_dags/example_trigger_controller_dag.py
[2026-03-15T17:16:39.870+0000] {processor.py:840} INFO - DAG(s) 'example_trigger_controller_dag' retrieved from /home/airflow/.local/lib/python3.11/site-packages/airflow/example_dags/example_trigger_controller_dag.py
[2026-03-15T17:16:39.886+0000] {logging_mixin.py:188} INFO - [2026-03-15T17:16:39.886+0000] {dag.py:3047} INFO - Sync 1 DAGs
[2026-03-15T17:16:39.900+0000] {logging_mixin.py:188} INFO - [2026-03-15T17:16:39.900+0000] {dag.py:3834} INFO - Setting next_dagrun for example_trigger_controller_dag to 2021-01-01 00:00:00+00:00, run_after=2021-01-01 00:00:00+00:00
[2026-03-15T17:16:39.918+0000] {processor.py:183} INFO - Processing /home/airflow/.local/lib/python3.11/site-packages/airflow/example_dags/example_trigger_controller_dag.py took 0.058 seconds
[2026-03-15T17:17:10.083+0000] {processor.py:161} INFO - Started process (PID=444) to work on /home/airflow/.local/lib/python3.11/site-packages/airflow/example_dags/example_trigger_controller_dag.py
[2026-03-15T17:17:10.085+0000] {processor.py:830} INFO - Processing file /home/airflow/.local/lib/python3.11/site-packages/airflow/example_dags/example_trigger_controller_dag.py for tasks to queue
[2026-03-15T17:17:10.087+0000] {logging_mixin.py:188} INFO - [2026-03-15T17:17:10.087+0000] {dagbag.py:540} INFO - Filling up the DagBag from /home/airflow/.local/lib/python3.11/site-packages/airflow/example_dags/example_trigger_controller_dag.py
[2026-03-15T17:17:10.093+0000] {processor.py:840} INFO - DAG(s) 'example_trigger_controller_dag' retrieved from /home/airflow/.local/lib/python3.11/site-packages/airflow/example_dags/example_trigger_controller_dag.py
[2026-03-15T17:17:10.119+0000] {logging_mixin.py:188} INFO - [2026-03-15T17:17:10.118+0000] {dag.py:3047} INFO - Sync 1 DAGs
[2026-03-15T17:17:10.144+0000] {logging_mixin.py:188} INFO - [2026-03-15T17:17:10.144+0000] {dag.py:3834} INFO - Setting next_dagrun for example_trigger_controller_dag to 2021-01-01 00:00:00+00:00, run_after=2021-01-01 00:00:00+00:00
[2026-03-15T17:17:10.164+0000] {processor.py:183} INFO - Processing /home/airflow/.local/lib/python3.11/site-packages/airflow/example_dags/example_trigger_controller_dag.py took 0.085 seconds
[2026-03-15T17:17:14.722+0000] {processor.py:161} INFO - Started process (PID=494) to work on /home/airflow/.local/lib/python3.11/site-packages/airflow/example_dags/example_trigger_controller_dag.py
[2026-03-15T17:17:14.724+0000] {processor.py:830} INFO - Processing file /home/airflow/.local/lib/python3.11/site-packages/airflow/example_dags/example_trigger_controller_dag.py for tasks to queue
[2026-03-15T17:17:14.726+0000] {logging_mixin.py:188} INFO - [2026-03-15T17:17:14.726+0000] {dagbag.py:540} INFO - Filling up the DagBag from /home/airflow/.local/lib/python3.11/site-packages/airflow/example_dags/example_trigger_controller_dag.py
[2026-03-15T17:17:14.731+0000] {processor.py:840} INFO - DAG(s) 'example_trigger_controller_dag' retrieved from /home/airflow/.local/lib/python3.11/site-packages/airflow/example_dags/example_trigger_controller_dag.py
[2026-03-15T17:17:14.754+0000] {logging_mixin.py:188} INFO - [2026-03-15T17:17:14.753+0000] {dag.py:3047} INFO - Sync 1 DAGs
[2026-03-15T17:17:14.771+0000] {logging_mixin.py:188} INFO - [2026-03-15T17:17:14.771+0000] {dag.py:3834} INFO - Setting next_dagrun for example_trigger_controller_dag to 2021-01-01 00:00:00+00:00, run_after=2021-01-01 00:00:00+00:00
[2026-03-15T17:17:14.789+0000] {processor.py:183} INFO - Processing /home/airflow/.local/lib/python3.11/site-packages/airflow/example_dags/example_trigger_controller_dag.py took 0.071 seconds
[2026-03-15T17:17:35.852+0000] {processor.py:161} INFO - Started process (PID=550) to work on /home/airflow/.local/lib/python3.11/site-packages/airflow/example_dags/example_trigger_controller_dag.py
[2026-03-15T17:17:35.853+0000] {processor.py:830} INFO - Processing file /home/airflow/.local/lib/python3.11/site-packages/airflow/example_dags/example_trigger_controller_dag.py for tasks to queue
[2026-03-15T17:17:35.854+0000] {logging_mixin.py:188} INFO - [2026-03-15T17:17:35.854+0000] {dagbag.py:540} INFO - Filling up the DagBag from /home/airflow/.local/lib/python3.11/site-packages/airflow/example_dags/example_trigger_controller_dag.py
[2026-03-15T17:17:35.859+0000] {processor.py:840} INFO - DAG(s) 'example_trigger_controller_dag' retrieved from /home/airflow/.local/lib/python3.11/site-packages/airflow/example_dags/example_trigger_controller_dag.py
[2026-03-15T17:17:35.874+0000] {logging_mixin.py:188} INFO - [2026-03-15T17:17:35.874+0000] {dag.py:3047} INFO - Sync 1 DAGs
[2026-03-15T17:17:35.889+0000] {logging_mixin.py:188} INFO - [2026-03-15T17:17:35.889+0000] {dag.py:3834} INFO - Setting next_dagrun for example_trigger_controller_dag to 2021-01-01 00:00:00+00:00, run_after=2021-01-01 00:00:00+00:00
[2026-03-15T17:17:35.902+0000] {processor.py:183} INFO - Processing /home/airflow/.local/lib/python3.11/site-packages/airflow/example_dags/example_trigger_controller_dag.py took 0.053 seconds
[2026-03-15T17:18:05.765+0000] {processor.py:161} INFO - Started process (PID=604) to work on /home/airflow/.local/lib/python3.11/site-packages/airflow/example_dags/example_trigger_controller_dag.py
[2026-03-15T17:18:05.766+0000] {processor.py:830} INFO - Processing file /home/airflow/.local/lib/python3.11/site-packages/airflow/example_dags/example_trigger_controller_dag.py for tasks to queue
[2026-03-15T17:18:05.768+0000] {logging_mixin.py:188} INFO - [2026-03-15T17:18:05.768+0000] {dagbag.py:540} INFO - Filling up the DagBag from /home/airflow/.local/lib/python3.11/site-packages/airflow/example_dags/example_trigger_controller_dag.py
[2026-03-15T17:18:05.778+0000] {processor.py:840} INFO - DAG(s) 'example_trigger_controller_dag' retrieved from /home/airflow/.local/lib/python3.11/site-packages/airflow/example_dags/example_trigger_controller_dag.py
[2026-03-15T17:18:05.797+0000] {logging_mixin.py:188} INFO - [2026-03-15T17:18:05.796+0000] {dag.py:3047} INFO - Sync 1 DAGs
[2026-03-15T17:18:05.817+0000] {logging_mixin.py:188} INFO - [2026-03-15T17:18:05.817+0000] {dag.py:3834} INFO - Setting next_dagrun for example_trigger_controller_dag to 2021-01-01 00:00:00+00:00, run_after=2021-01-01 00:00:00+00:00
[2026-03-15T17:18:05.836+0000] {processor.py:183} INFO - Processing /home/airflow/.local/lib/python3.11/site-packages/airflow/example_dags/example_trigger_controller_dag.py took 0.074 seconds
[2026-03-15T17:18:36.451+0000] {processor.py:161} INFO - Started process (PID=658) to work on /home/airflow/.local/lib/python3.11/site-packages/airflow/example_dags/example_trigger_controller_dag.py
[2026-03-15T17:18:36.454+0000] {processor.py:830} INFO - Processing file /home/airflow/.local/lib/python3.11/site-packages/airflow/example_dags/example_trigger_controller_dag.py for tasks to queue
[2026-03-15T17:18:36.458+0000] {logging_mixin.py:188} INFO - [2026-03-15T17:18:36.458+0000] {dagbag.py:540} INFO - Filling up the DagBag from /home/airflow/.local/lib/python3.11/site-packages/airflow/example_dags/example_trigger_controller_dag.py
[2026-03-15T17:18:36.467+0000] {processor.py:840} INFO - DAG(s) 'example_trigger_controller_dag' retrieved from /home/airflow/.local/lib/python3.11/site-packages/airflow/example_dags/example_trigger_controller_dag.py
[2026-03-15T17:18:36.498+0000] {logging_mixin.py:188} INFO - [2026-03-15T17:18:36.497+0000] {dag.py:3047} INFO - Sync 1 DAGs
[2026-03-15T17:18:36.524+0000] {logging_mixin.py:188} INFO - [2026-03-15T17:18:36.524+0000] {dag.py:3834} INFO - Setting next_dagrun for example_trigger_controller_dag to 2021-01-01 00:00:00+00:00, run_after=2021-01-01 00:00:00+00:00
[2026-03-15T17:18:36.562+0000] {processor.py:183} INFO - Processing /home/airflow/.local/lib/python3.11/site-packages/airflow/example_dags/example_trigger_controller_dag.py took 0.120 seconds
[2026-03-15T17:19:06.005+0000] {processor.py:161} INFO - Started process (PID=716) to work on /home/airflow/.local/lib/python3.11/site-packages/airflow/example_dags/example_trigger_controller_dag.py
[2026-03-15T17:19:06.006+0000] {processor.py:830} INFO - Processing file /home/airflow/.local/lib/python3.11/site-packages/airflow/example_dags/example_trigger_controller_dag.py for tasks to queue
[2026-03-15T17:19:06.009+0000] {logging_mixin.py:188} INFO - [2026-03-15T17:19:06.008+0000] {dagbag.py:540} INFO - Filling up the DagBag from /home/airflow/.local/lib/python3.11/site-packages/airflow/example_dags/example_trigger_controller_dag.py
[2026-03-15T17:19:06.013+0000] {processor.py:840} INFO - DAG(s) 'example_trigger_controller_dag' retrieved from /home/airflow/.local/lib/python3.11/site-packages/airflow/example_dags/example_trigger_controller_dag.py
[2026-03-15T17:19:06.024+0000] {logging_mixin.py:188} INFO - [2026-03-15T17:19:06.023+0000] {dag.py:3047} INFO - Sync 1 DAGs
[2026-03-15T17:19:06.040+0000] {logging_mixin.py:188} INFO - [2026-03-15T17:19:06.040+0000] {dag.py:3834} INFO - Setting next_dagrun for example_trigger_controller_dag to 2021-01-01 00:00:00+00:00, run_after=2021-01-01 00:00:00+00:00
[2026-03-15T17:19:06.057+0000] {processor.py:183} INFO - Processing /home/airflow/.local/lib/python3.11/site-packages/airflow/example_dags/example_trigger_controller_dag.py took 0.056 seconds
[2026-03-15T17:19:09.186+0000] {processor.py:161} INFO - Started process (PID=761) to work on /home/airflow/.local/lib/python3.11/site-packages/airflow/example_dags/example_trigger_controller_dag.py
[2026-03-15T17:19:09.187+0000] {processor.py:830} INFO - Processing file /home/airflow/.local/lib/python3.11/site-packages/airflow/example_dags/example_trigger_controller_dag.py for tasks to queue
[2026-03-15T17:19:09.189+0000] {logging_mixin.py:188} INFO - [2026-03-15T17:19:09.188+0000] {dagbag.py:540} INFO - Filling up the DagBag from /home/airflow/.local/lib/python3.11/site-packages/airflow/example_dags/example_trigger_controller_dag.py
[2026-03-15T17:19:09.193+0000] {processor.py:840} INFO - DAG(s) 'example_trigger_controller_dag' retrieved from /home/airflow/.local/lib/python3.11/site-packages/airflow/example_dags/example_trigger_controller_dag.py
[2026-03-15T17:19:09.203+0000] {logging_mixin.py:188} INFO - [2026-03-15T17:19:09.203+0000] {dag.py:3047} INFO - Sync 1 DAGs
[2026-03-15T17:19:09.220+0000] {logging_mixin.py:188} INFO - [2026-03-15T17:19:09.220+0000] {dag.py:3834} INFO - Setting next_dagrun for example_trigger_controller_dag to 2021-01-01 00:00:00+00:00, run_after=2021-01-01 00:00:00+00:00
[2026-03-15T17:19:09.234+0000] {processor.py:183} INFO - Processing /home/airflow/.local/lib/python3.11/site-packages/airflow/example_dags/example_trigger_controller_dag.py took 0.050 seconds
[2026-03-15T17:19:14.220+0000] {processor.py:161} INFO - Started process (PID=805) to work on /home/airflow/.local/lib/python3.11/site-packages/airflow/example_dags/example_trigger_controller_dag.py
[2026-03-15T17:19:14.221+0000] {processor.py:830} INFO - Processing file /home/airflow/.local/lib/python3.11/site-packages/airflow/example_dags/example_trigger_controller_dag.py for tasks to queue
[2026-03-15T17:19:14.223+0000] {logging_mixin.py:188} INFO - [2026-03-15T17:19:14.223+0000] {dagbag.py:540} INFO - Filling up the DagBag from /home/airflow/.local/lib/python3.11/site-packages/airflow/example_dags/example_trigger_controller_dag.py
[2026-03-15T17:19:14.229+0000] {processor.py:840} INFO - DAG(s) 'example_trigger_controller_dag' retrieved from /home/airflow/.local/lib/python3.11/site-packages/airflow/example_dags/example_trigger_controller_dag.py
[2026-03-15T17:19:14.241+0000] {logging_mixin.py:188} INFO - [2026-03-15T17:19:14.241+0000] {dag.py:3047} INFO - Sync 1 DAGs
[2026-03-15T17:19:14.259+0000] {logging_mixin.py:188} INFO - [2026-03-15T17:19:14.259+0000] {dag.py:3834} INFO - Setting next_dagrun for example_trigger_controller_dag to 2021-01-01 00:00:00+00:00, run_after=2021-01-01 00:00:00+00:00
[2026-03-15T17:19:14.274+0000] {processor.py:183} INFO - Processing /home/airflow/.local/lib/python3.11/site-packages/airflow/example_dags/example_trigger_controller_dag.py took 0.058 seconds
[2026-03-15T17:20:08.236+0000] {processor.py:161} INFO - Started process (PID=849) to work on /home/airflow/.local/lib/python3.11/site-packages/airflow/example_dags/example_trigger_controller_dag.py
[2026-03-15T17:20:08.237+0000] {processor.py:830} INFO - Processing file /home/airflow/.local/lib/python3.11/site-packages/airflow/example_dags/example_trigger_controller_dag.py for tasks to queue
[2026-03-15T17:20:08.239+0000] {logging_mixin.py:188} INFO - [2026-03-15T17:20:08.239+0000] {dagbag.py:540} INFO - Filling up the DagBag from /home/airflow/.local/lib/python3.11/site-packages/airflow/example_dags/example_trigger_controller_dag.py
[2026-03-15T17:19:19.063+0000] {processor.py:840} INFO - DAG(s) 'example_trigger_controller_dag' retrieved from /home/airflow/.local/lib/python3.11/site-packages/airflow/example_dags/example_trigger_controller_dag.py
[2026-03-15T17:19:19.074+0000] {logging_mixin.py:188} INFO - [2026-03-15T17:19:19.074+0000] {dag.py:3047} INFO - Sync 1 DAGs
[2026-03-15T17:19:19.091+0000] {logging_mixin.py:188} INFO - [2026-03-15T17:19:19.090+0000] {dag.py:3834} INFO - Setting next_dagrun for example_trigger_controller_dag to 2021-01-01 00:00:00+00:00, run_after=2021-01-01 00:00:00+00:00
[2026-03-15T17:19:19.106+0000] {processor.py:183} INFO - Processing /home/airflow/.local/lib/python3.11/site-packages/airflow/example_dags/example_trigger_controller_dag.py took 0.053 seconds
[2026-03-15T17:20:13.234+0000] {processor.py:161} INFO - Started process (PID=898) to work on /home/airflow/.local/lib/python3.11/site-packages/airflow/example_dags/example_trigger_controller_dag.py
[2026-03-15T17:20:13.235+0000] {processor.py:830} INFO - Processing file /home/airflow/.local/lib/python3.11/site-packages/airflow/example_dags/example_trigger_controller_dag.py for tasks to queue
[2026-03-15T17:20:13.237+0000] {logging_mixin.py:188} INFO - [2026-03-15T17:20:13.237+0000] {dagbag.py:540} INFO - Filling up the DagBag from /home/airflow/.local/lib/python3.11/site-packages/airflow/example_dags/example_trigger_controller_dag.py
[2026-03-15T17:20:13.243+0000] {processor.py:840} INFO - DAG(s) 'example_trigger_controller_dag' retrieved from /home/airflow/.local/lib/python3.11/site-packages/airflow/example_dags/example_trigger_controller_dag.py
[2026-03-15T17:19:24.257+0000] {logging_mixin.py:188} INFO - [2026-03-15T17:19:24.256+0000] {dag.py:3047} INFO - Sync 1 DAGs
[2026-03-15T17:19:24.311+0000] {logging_mixin.py:188} INFO - [2026-03-15T17:19:24.310+0000] {dag.py:3834} INFO - Setting next_dagrun for example_trigger_controller_dag to 2021-01-01 00:00:00+00:00, run_after=2021-01-01 00:00:00+00:00
[2026-03-15T17:19:24.354+0000] {processor.py:183} INFO - Processing /home/airflow/.local/lib/python3.11/site-packages/airflow/example_dags/example_trigger_controller_dag.py took 0.271 seconds
[2026-03-15T17:19:50.684+0000] {processor.py:161} INFO - Started process (PID=78) to work on /home/airflow/.local/lib/python3.11/site-packages/airflow/example_dags/example_trigger_controller_dag.py
[2026-03-15T17:19:50.685+0000] {processor.py:830} INFO - Processing file /home/airflow/.local/lib/python3.11/site-packages/airflow/example_dags/example_trigger_controller_dag.py for tasks to queue
[2026-03-15T17:19:50.687+0000] {logging_mixin.py:188} INFO - [2026-03-15T17:19:50.687+0000] {dagbag.py:540} INFO - Filling up the DagBag from /home/airflow/.local/lib/python3.11/site-packages/airflow/example_dags/example_trigger_controller_dag.py
[2026-03-15T17:19:50.693+0000] {processor.py:840} INFO - DAG(s) 'example_trigger_controller_dag' retrieved from /home/airflow/.local/lib/python3.11/site-packages/airflow/example_dags/example_trigger_controller_dag.py
[2026-03-15T17:19:50.707+0000] {logging_mixin.py:188} INFO - [2026-03-15T17:19:50.706+0000] {dag.py:3047} INFO - Sync 1 DAGs
[2026-03-15T17:19:50.727+0000] {logging_mixin.py:188} INFO - [2026-03-15T17:19:50.727+0000] {dag.py:3834} INFO - Setting next_dagrun for example_trigger_controller_dag to 2021-01-01 00:00:00+00:00, run_after=2021-01-01 00:00:00+00:00
[2026-03-15T17:19:50.741+0000] {processor.py:183} INFO - Processing /home/airflow/.local/lib/python3.11/site-packages/airflow/example_dags/example_trigger_controller_dag.py took 0.060 seconds
[2026-03-15T17:19:54.387+0000] {processor.py:161} INFO - Started process (PID=135) to work on /home/airflow/.local/lib/python3.11/site-packages/airflow/example_dags/example_trigger_controller_dag.py
[2026-03-15T17:19:54.389+0000] {processor.py:830} INFO - Processing file /home/airflow/.local/lib/python3.11/site-packages/airflow/example_dags/example_trigger_controller_dag.py for tasks to queue
[2026-03-15T17:19:54.391+0000] {logging_mixin.py:188} INFO - [2026-03-15T17:19:54.391+0000] {dagbag.py:540} INFO - Filling up the DagBag from /home/airflow/.local/lib/python3.11/site-packages/airflow/example_dags/example_trigger_controller_dag.py
[2026-03-15T17:19:54.397+0000] {processor.py:840} INFO - DAG(s) 'example_trigger_controller_dag' retrieved from /home/airflow/.local/lib/python3.11/site-packages/airflow/example_dags/example_trigger_controller_dag.py
[2026-03-15T17:19:54.413+0000] {logging_mixin.py:188} INFO - [2026-03-15T17:19:54.413+0000] {dag.py:3047} INFO - Sync 1 DAGs
[2026-03-15T17:19:54.434+0000] {logging_mixin.py:188} INFO - [2026-03-15T17:19:54.434+0000] {dag.py:3834} INFO - Setting next_dagrun for example_trigger_controller_dag to 2021-01-01 00:00:00+00:00, run_after=2021-01-01 00:00:00+00:00
[2026-03-15T17:19:54.451+0000] {processor.py:183} INFO - Processing /home/airflow/.local/lib/python3.11/site-packages/airflow/example_dags/example_trigger_controller_dag.py took 0.068 seconds
[2026-03-15T17:20:05.928+0000] {processor.py:161} INFO - Started process (PID=183) to work on /home/airflow/.local/lib/python3.11/site-packages/airflow/example_dags/example_trigger_controller_dag.py
[2026-03-15T17:20:05.929+0000] {processor.py:830} INFO - Processing file /home/airflow/.local/lib/python3.11/site-packages/airflow/example_dags/example_trigger_controller_dag.py for tasks to queue
[2026-03-15T17:20:05.931+0000] {logging_mixin.py:188} INFO - [2026-03-15T17:20:05.931+0000] {dagbag.py:540} INFO - Filling up the DagBag from /home/airflow/.local/lib/python3.11/site-packages/airflow/example_dags/example_trigger_controller_dag.py
[2026-03-15T17:20:05.935+0000] {processor.py:840} INFO - DAG(s) 'example_trigger_controller_dag' retrieved from /home/airflow/.local/lib/python3.11/site-packages/airflow/example_dags/example_trigger_controller_dag.py
[2026-03-15T17:20:06.004+0000] {logging_mixin.py:188} INFO - [2026-03-15T17:20:06.004+0000] {dag.py:3047} INFO - Sync 1 DAGs
[2026-03-15T17:20:06.016+0000] {logging_mixin.py:188} INFO - [2026-03-15T17:20:06.016+0000] {dag.py:3834} INFO - Setting next_dagrun for example_trigger_controller_dag to 2021-01-01 00:00:00+00:00, run_after=2021-01-01 00:00:00+00:00
[2026-03-15T17:20:06.028+0000] {processor.py:183} INFO - Processing /home/airflow/.local/lib/python3.11/site-packages/airflow/example_dags/example_trigger_controller_dag.py took 0.102 seconds
[2026-03-15T17:20:36.226+0000] {processor.py:161} INFO - Started process (PID=238) to work on /home/airflow/.local/lib/python3.11/site-packages/airflow/example_dags/example_trigger_controller_dag.py
[2026-03-15T17:20:36.227+0000] {processor.py:830} INFO - Processing file /home/airflow/.local/lib/python3.11/site-packages/airflow/example_dags/example_trigger_controller_dag.py for tasks to queue
[2026-03-15T17:20:36.229+0000] {logging_mixin.py:188} INFO - [2026-03-15T17:20:36.229+0000] {dagbag.py:540} INFO - Filling up the DagBag from /home/airflow/.local/lib/python3.11/site-packages/airflow/example_dags/example_trigger_controller_dag.py
[2026-03-15T17:20:36.234+0000] {processor.py:840} INFO - DAG(s) 'example_trigger_controller_dag' retrieved from /home/airflow/.local/lib/python3.11/site-packages/airflow/example_dags/example_trigger_controller_dag.py
[2026-03-15T17:20:36.252+0000] {logging_mixin.py:188} INFO - [2026-03-15T17:20:36.252+0000] {dag.py:3047} INFO - Sync 1 DAGs
[2026-03-15T17:20:36.268+0000] {logging_mixin.py:188} INFO - [2026-03-15T17:20:36.268+0000] {dag.py:3834} INFO - Setting next_dagrun for example_trigger_controller_dag to 2021-01-01 00:00:00+00:00, run_after=2021-01-01 00:00:00+00:00
[2026-03-15T17:20:36.282+0000] {processor.py:183} INFO - Processing /home/airflow/.local/lib/python3.11/site-packages/airflow/example_dags/example_trigger_controller_dag.py took 0.058 seconds
[2026-03-15T17:20:39.712+0000] {processor.py:161} INFO - Started process (PID=288) to work on /home/airflow/.local/lib/python3.11/site-packages/airflow/example_dags/example_trigger_controller_dag.py
[2026-03-15T17:20:39.713+0000] {processor.py:830} INFO - Processing file /home/airflow/.local/lib/python3.11/site-packages/airflow/example_dags/example_trigger_controller_dag.py for tasks to queue
[2026-03-15T17:20:39.715+0000] {logging_mixin.py:188} INFO - [2026-03-15T17:20:39.715+0000] {dagbag.py:540} INFO - Filling up the DagBag from /home/airflow/.local/lib/python3.11/site-packages/airflow/example_dags/example_trigger_controller_dag.py
[2026-03-15T17:20:39.719+0000] {processor.py:840} INFO - DAG(s) 'example_trigger_controller_dag' retrieved from /home/airflow/.local/lib/python3.11/site-packages/airflow/example_dags/example_trigger_controller_dag.py
[2026-03-15T17:20:39.739+0000] {logging_mixin.py:188} INFO - [2026-03-15T17:20:39.739+0000] {dag.py:3047} INFO - Sync 1 DAGs
[2026-03-15T17:20:39.755+0000] {logging_mixin.py:188} INFO - [2026-03-15T17:20:39.755+0000] {dag.py:3834} INFO - Setting next_dagrun for example_trigger_controller_dag to 2021-01-01 00:00:00+00:00, run_after=2021-01-01 00:00:00+00:00
[2026-03-15T17:20:39.768+0000] {processor.py:183} INFO - Processing /home/airflow/.local/lib/python3.11/site-packages/airflow/example_dags/example_trigger_controller_dag.py took 0.059 seconds
[2026-03-15T17:21:10.097+0000] {processor.py:161} INFO - Started process (PID=342) to work on /home/airflow/.local/lib/python3.11/site-packages/airflow/example_dags/example_trigger_controller_dag.py
[2026-03-15T17:21:10.098+0000] {processor.py:830} INFO - Processing file /home/airflow/.local/lib/python3.11/site-packages/airflow/example_dags/example_trigger_controller_dag.py for tasks to queue
[2026-03-15T17:21:10.102+0000] {logging_mixin.py:188} INFO - [2026-03-15T17:21:10.101+0000] {dagbag.py:540} INFO - Filling up the DagBag from /home/airflow/.local/lib/python3.11/site-packages/airflow/example_dags/example_trigger_controller_dag.py
[2026-03-15T17:21:10.114+0000] {processor.py:840} INFO - DAG(s) 'example_trigger_controller_dag' retrieved from /home/airflow/.local/lib/python3.11/site-packages/airflow/example_dags/example_trigger_controller_dag.py
[2026-03-15T17:21:10.134+0000] {logging_mixin.py:188} INFO - [2026-03-15T17:21:10.133+0000] {dag.py:3047} INFO - Sync 1 DAGs
[2026-03-15T17:21:10.151+0000] {logging_mixin.py:188} INFO - [2026-03-15T17:21:10.150+0000] {dag.py:3834} INFO - Setting next_dagrun for example_trigger_controller_dag to 2021-01-01 00:00:00+00:00, run_after=2021-01-01 00:00:00+00:00
[2026-03-15T17:21:10.173+0000] {processor.py:183} INFO - Processing /home/airflow/.local/lib/python3.11/site-packages/airflow/example_dags/example_trigger_controller_dag.py took 0.079 seconds
[2026-03-15T17:21:14.553+0000] {processor.py:161} INFO - Started process (PID=390) to work on /home/airflow/.local/lib/python3.11/site-packages/airflow/example_dags/example_trigger_controller_dag.py
[2026-03-15T17:21:14.553+0000] {processor.py:830} INFO - Processing file /home/airflow/.local/lib/python3.11/site-packages/airflow/example_dags/example_trigger_controller_dag.py for tasks to queue
[2026-03-15T17:21:14.555+0000] {logging_mixin.py:188} INFO - [2026-03-15T17:21:14.555+0000] {dagbag.py:540} INFO - Filling up the DagBag from /home/airflow/.local/lib/python3.11/site-packages/airflow/example_dags/example_trigger_controller_dag.py
[2026-03-15T17:21:14.559+0000] {processor.py:840} INFO - DAG(s) 'example_trigger_controller_dag' retrieved from /home/airflow/.local/lib/python3.11/site-packages/airflow/example_dags/example_trigger_controller_dag.py
[2026-03-15T17:21:14.573+0000] {logging_mixin.py:188} INFO - [2026-03-15T17:21:14.573+0000] {dag.py:3047} INFO - Sync 1 DAGs
[2026-03-15T17:21:14.592+0000] {logging_mixin.py:188} INFO - [2026-03-15T17:21:14.591+0000] {dag.py:3834} INFO - Setting next_dagrun for example_trigger_controller_dag to 2021-01-01 00:00:00+00:00, run_after=2021-01-01 00:00:00+00:00
[2026-03-15T17:21:14.606+0000] {processor.py:183} INFO - Processing /home/airflow/.local/lib/python3.11/site-packages/airflow/example_dags/example_trigger_controller_dag.py took 0.056 seconds
[2026-03-15T17:21:35.932+0000] {processor.py:161} INFO - Started process (PID=445) to work on /home/airflow/.local/lib/python3.11/site-packages/airflow/example_dags/example_trigger_controller_dag.py
[2026-03-15T17:21:35.933+0000] {processor.py:830} INFO - Processing file /home/airflow/.local/lib/python3.11/site-packages/airflow/example_dags/example_trigger_controller_dag.py for tasks to queue
[2026-03-15T17:21:35.934+0000] {logging_mixin.py:188} INFO - [2026-03-15T17:21:35.934+0000] {dagbag.py:540} INFO - Filling up the DagBag from /home/airflow/.local/lib/python3.11/site-packages/airflow/example_dags/example_trigger_controller_dag.py
[2026-03-15T17:21:35.938+0000] {processor.py:840} INFO - DAG(s) 'example_trigger_controller_dag' retrieved from /home/airflow/.local/lib/python3.11/site-packages/airflow/example_dags/example_trigger_controller_dag.py
[2026-03-15T17:21:35.956+0000] {logging_mixin.py:188} INFO - [2026-03-15T17:21:35.955+0000] {dag.py:3047} INFO - Sync 1 DAGs
[2026-03-15T17:21:35.971+0000] {logging_mixin.py:188} INFO - [2026-03-15T17:21:35.971+0000] {dag.py:3834} INFO - Setting next_dagrun for example_trigger_controller_dag to 2021-01-01 00:00:00+00:00, run_after=2021-01-01 00:00:00+00:00
[2026-03-15T17:21:35.988+0000] {processor.py:183} INFO - Processing /home/airflow/.local/lib/python3.11/site-packages/airflow/example_dags/example_trigger_controller_dag.py took 0.058 seconds
[2026-03-15T17:22:06.206+0000] {processor.py:161} INFO - Started process (PID=499) to work on /home/airflow/.local/lib/python3.11/site-packages/airflow/example_dags/example_trigger_controller_dag.py
[2026-03-15T17:22:06.207+0000] {processor.py:830} INFO - Processing file /home/airflow/.local/lib/python3.11/site-packages/airflow/example_dags/example_trigger_controller_dag.py for tasks to queue
[2026-03-15T17:22:06.209+0000] {logging_mixin.py:188} INFO - [2026-03-15T17:22:06.209+0000] {dagbag.py:540} INFO - Filling up the DagBag from /home/airflow/.local/lib/python3.11/site-packages/airflow/example_dags/example_trigger_controller_dag.py
[2026-03-15T17:22:06.213+0000] {processor.py:840} INFO - DAG(s) 'example_trigger_controller_dag' retrieved from /home/airflow/.local/lib/python3.11/site-packages/airflow/example_dags/example_trigger_controller_dag.py
[2026-03-15T17:22:06.229+0000] {logging_mixin.py:188} INFO - [2026-03-15T17:22:06.229+0000] {dag.py:3047} INFO - Sync 1 DAGs
[2026-03-15T17:22:06.243+0000] {logging_mixin.py:188} INFO - [2026-03-15T17:22:06.243+0000] {dag.py:3834} INFO - Setting next_dagrun for example_trigger_controller_dag to 2021-01-01 00:00:00+00:00, run_after=2021-01-01 00:00:00+00:00
[2026-03-15T17:22:06.257+0000] {processor.py:183} INFO - Processing /home/airflow/.local/lib/python3.11/site-packages/airflow/example_dags/example_trigger_controller_dag.py took 0.053 seconds
[2026-03-15T17:22:09.677+0000] {processor.py:161} INFO - Started process (PID=549) to work on /home/airflow/.local/lib/python3.11/site-packages/airflow/example_dags/example_trigger_controller_dag.py
[2026-03-15T17:22:09.678+0000] {processor.py:830} INFO - Processing file /home/airflow/.local/lib/python3.11/site-packages/airflow/example_dags/example_trigger_controller_dag.py for tasks to queue
[2026-03-15T17:22:09.680+0000] {logging_mixin.py:188} INFO - [2026-03-15T17:22:09.679+0000] {dagbag.py:540} INFO - Filling up the DagBag from /home/airflow/.local/lib/python3.11/site-packages/airflow/example_dags/example_trigger_controller_dag.py
[2026-03-15T17:22:09.684+0000] {processor.py:840} INFO - DAG(s) 'example_trigger_controller_dag' retrieved from /home/airflow/.local/lib/python3.11/site-packages/airflow/example_dags/example_trigger_controller_dag.py
[2026-03-15T17:22:09.700+0000] {logging_mixin.py:188} INFO - [2026-03-15T17:22:09.700+0000] {dag.py:3047} INFO - Sync 1 DAGs
[2026-03-15T17:22:09.715+0000] {logging_mixin.py:188} INFO - [2026-03-15T17:22:09.714+0000] {dag.py:3834} INFO - Setting next_dagrun for example_trigger_controller_dag to 2021-01-01 00:00:00+00:00, run_after=2021-01-01 00:00:00+00:00
[2026-03-15T17:22:09.728+0000] {processor.py:183} INFO - Processing /home/airflow/.local/lib/python3.11/site-packages/airflow/example_dags/example_trigger_controller_dag.py took 0.054 seconds
[2026-03-15T17:22:40.002+0000] {processor.py:161} INFO - Started process (PID=602) to work on /home/airflow/.local/lib/python3.11/site-packages/airflow/example_dags/example_trigger_controller_dag.py
[2026-03-15T17:22:40.003+0000] {processor.py:830} INFO - Processing file /home/airflow/.local/lib/python3.11/site-packages/airflow/example_dags/example_trigger_controller_dag.py for tasks to queue
[2026-03-15T17:22:40.004+0000] {logging_mixin.py:188} INFO - [2026-03-15T17:22:40.004+0000] {dagbag.py:540} INFO - Filling up the DagBag from /home/airflow/.local/lib/python3.11/site-packages/airflow/example_dags/example_trigger_controller_dag.py
[2026-03-15T17:22:40.008+0000] {processor.py:840} INFO - DAG(s) 'example_trigger_controller_dag' retrieved from /home/airflow/.local/lib/python3.11/site-packages/airflow/example_dags/example_trigger_controller_dag.py
[2026-03-15T17:22:40.023+0000] {logging_mixin.py:188} INFO - [2026-03-15T17:22:40.023+0000] {dag.py:3047} INFO - Sync 1 DAGs
[2026-03-15T17:22:40.037+0000] {logging_mixin.py:188} INFO - [2026-03-15T17:22:40.037+0000] {dag.py:3834} INFO - Setting next_dagrun for example_trigger_controller_dag to 2021-01-01 00:00:00+00:00, run_after=2021-01-01 00:00:00+00:00
[2026-03-15T17:22:40.050+0000] {processor.py:183} INFO - Processing /home/airflow/.local/lib/python3.11/site-packages/airflow/example_dags/example_trigger_controller_dag.py took 0.051 seconds
[2026-03-15T17:23:10.289+0000] {processor.py:161} INFO - Started process (PID=656) to work on /home/airflow/.local/lib/python3.11/site-packages/airflow/example_dags/example_trigger_controller_dag.py
[2026-03-15T17:23:10.290+0000] {processor.py:830} INFO - Processing file /home/airflow/.local/lib/python3.11/site-packages/airflow/example_dags/example_trigger_controller_dag.py for tasks to queue
[2026-03-15T17:23:10.292+0000] {logging_mixin.py:188} INFO - [2026-03-15T17:23:10.291+0000] {dagbag.py:540} INFO - Filling up the DagBag from /home/airflow/.local/lib/python3.11/site-packages/airflow/example_dags/example_trigger_controller_dag.py
[2026-03-15T17:23:10.295+0000] {processor.py:840} INFO - DAG(s) 'example_trigger_controller_dag' retrieved from /home/airflow/.local/lib/python3.11/site-packages/airflow/example_dags/example_trigger_controller_dag.py
[2026-03-15T17:23:10.311+0000] {logging_mixin.py:188} INFO - [2026-03-15T17:23:10.310+0000] {dag.py:3047} INFO - Sync 1 DAGs
[2026-03-15T17:23:10.326+0000] {logging_mixin.py:188} INFO - [2026-03-15T17:23:10.325+0000] {dag.py:3834} INFO - Setting next_dagrun for example_trigger_controller_dag to 2021-01-01 00:00:00+00:00, run_after=2021-01-01 00:00:00+00:00
[2026-03-15T17:23:10.339+0000] {processor.py:183} INFO - Processing /home/airflow/.local/lib/python3.11/site-packages/airflow/example_dags/example_trigger_controller_dag.py took 0.054 seconds
[2026-03-15T17:23:14.678+0000] {processor.py:161} INFO - Started process (PID=706) to work on /home/airflow/.local/lib/python3.11/site-packages/airflow/example_dags/example_trigger_controller_dag.py
[2026-03-15T17:23:14.678+0000] {processor.py:830} INFO - Processing file /home/airflow/.local/lib/python3.11/site-packages/airflow/example_dags/example_trigger_controller_dag.py for tasks to queue
[2026-03-15T17:23:14.680+0000] {logging_mixin.py:188} INFO - [2026-03-15T17:23:14.680+0000] {dagbag.py:540} INFO - Filling up the DagBag from /home/airflow/.local/lib/python3.11/site-packages/airflow/example_dags/example_trigger_controller_dag.py
[2026-03-15T17:23:14.684+0000] {processor.py:840} INFO - DAG(s) 'example_trigger_controller_dag' retrieved from /home/airflow/.local/lib/python3.11/site-packages/airflow/example_dags/example_trigger_controller_dag.py
[2026-03-15T17:23:14.701+0000] {logging_mixin.py:188} INFO - [2026-03-15T17:23:14.701+0000] {dag.py:3047} INFO - Sync 1 DAGs
[2026-03-15T17:23:14.716+0000] {logging_mixin.py:188} INFO - [2026-03-15T17:23:14.716+0000] {dag.py:3834} INFO - Setting next_dagrun for example_trigger_controller_dag to 2021-01-01 00:00:00+00:00, run_after=2021-01-01 00:00:00+00:00
[2026-03-15T17:23:14.732+0000] {processor.py:183} INFO - Processing /home/airflow/.local/lib/python3.11/site-packages/airflow/example_dags/example_trigger_controller_dag.py took 0.057 seconds
[2026-03-15T17:23:19.925+0000] {processor.py:161} INFO - Started process (PID=753) to work on /home/airflow/.local/lib/python3.11/site-packages/airflow/example_dags/example_trigger_controller_dag.py
[2026-03-15T17:23:19.926+0000] {processor.py:830} INFO - Processing file /home/airflow/.local/lib/python3.11/site-packages/airflow/example_dags/example_trigger_controller_dag.py for tasks to queue
[2026-03-15T17:23:19.928+0000] {logging_mixin.py:188} INFO - [2026-03-15T17:23:19.928+0000] {dagbag.py:540} INFO - Filling up the DagBag from /home/airflow/.local/lib/python3.11/site-packages/airflow/example_dags/example_trigger_controller_dag.py
[2026-03-15T17:23:19.932+0000] {processor.py:840} INFO - DAG(s) 'example_trigger_controller_dag' retrieved from /home/airflow/.local/lib/python3.11/site-packages/airflow/example_dags/example_trigger_controller_dag.py
[2026-03-15T17:23:19.949+0000] {logging_mixin.py:188} INFO - [2026-03-15T17:23:19.949+0000] {dag.py:3047} INFO - Sync 1 DAGs
[2026-03-15T17:23:19.965+0000] {logging_mixin.py:188} INFO - [2026-03-15T17:23:19.965+0000] {dag.py:3834} INFO - Setting next_dagrun for example_trigger_controller_dag to 2021-01-01 00:00:00+00:00, run_after=2021-01-01 00:00:00+00:00
[2026-03-15T17:23:19.981+0000] {processor.py:183} INFO - Processing /home/airflow/.local/lib/python3.11/site-packages/airflow/example_dags/example_trigger_controller_dag.py took 0.058 seconds
[2026-03-15T17:23:50.288+0000] {processor.py:161} INFO - Started process (PID=806) to work on /home/airflow/.local/lib/python3.11/site-packages/airflow/example_dags/example_trigger_controller_dag.py
[2026-03-15T17:23:50.290+0000] {processor.py:830} INFO - Processing file /home/airflow/.local/lib/python3.11/site-packages/airflow/example_dags/example_trigger_controller_dag.py for tasks to queue
[2026-03-15T17:23:50.291+0000] {logging_mixin.py:188} INFO - [2026-03-15T17:23:50.291+0000] {dagbag.py:540} INFO - Filling up the DagBag from /home/airflow/.local/lib/python3.11/site-packages/airflow/example_dags/example_trigger_controller_dag.py
[2026-03-15T17:23:50.295+0000] {processor.py:840} INFO - DAG(s) 'example_trigger_controller_dag' retrieved from /home/airflow/.local/lib/python3.11/site-packages/airflow/example_dags/example_trigger_controller_dag.py
[2026-03-15T17:23:50.311+0000] {logging_mixin.py:188} INFO - [2026-03-15T17:23:50.311+0000] {dag.py:3047} INFO - Sync 1 DAGs
[2026-03-15T17:23:50.325+0000] {logging_mixin.py:188} INFO - [2026-03-15T17:23:50.325+0000] {dag.py:3834} INFO - Setting next_dagrun for example_trigger_controller_dag to 2021-01-01 00:00:00+00:00, run_after=2021-01-01 00:00:00+00:00
[2026-03-15T17:23:50.338+0000] {processor.py:183} INFO - Processing /home/airflow/.local/lib/python3.11/site-packages/airflow/example_dags/example_trigger_controller_dag.py took 0.053 seconds
[2026-03-15T17:23:54.835+0000] {processor.py:161} INFO - Started process (PID=862) to work on /home/airflow/.local/lib/python3.11/site-packages/airflow/example_dags/example_trigger_controller_dag.py
[2026-03-15T17:23:54.838+0000] {processor.py:830} INFO - Processing file /home/airflow/.local/lib/python3.11/site-packages/airflow/example_dags/example_trigger_controller_dag.py for tasks to queue
[2026-03-15T17:23:54.840+0000] {logging_mixin.py:188} INFO - [2026-03-15T17:23:54.840+0000] {dagbag.py:540} INFO - Filling up the DagBag from /home/airflow/.local/lib/python3.11/site-packages/airflow/example_dags/example_trigger_controller_dag.py
[2026-03-15T17:23:54.844+0000] {processor.py:840} INFO - DAG(s) 'example_trigger_controller_dag' retrieved from /home/airflow/.local/lib/python3.11/site-packages/airflow/example_dags/example_trigger_controller_dag.py
[2026-03-15T17:23:54.859+0000] {logging_mixin.py:188} INFO - [2026-03-15T17:23:54.859+0000] {dag.py:3047} INFO - Sync 1 DAGs
[2026-03-15T17:23:54.873+0000] {logging_mixin.py:188} INFO - [2026-03-15T17:23:54.873+0000] {dag.py:3834} INFO - Setting next_dagrun for example_trigger_controller_dag to 2021-01-01 00:00:00+00:00, run_after=2021-01-01 00:00:00+00:00
[2026-03-15T17:23:54.889+0000] {processor.py:183} INFO - Processing /home/airflow/.local/lib/python3.11/site-packages/airflow/example_dags/example_trigger_controller_dag.py took 0.057 seconds
[2026-03-15T17:24:25.155+0000] {processor.py:161} INFO - Started process (PID=914) to work on /home/airflow/.local/lib/python3.11/site-packages/airflow/example_dags/example_trigger_controller_dag.py
[2026-03-15T17:24:25.156+0000] {processor.py:830} INFO - Processing file /home/airflow/.local/lib/python3.11/site-packages/airflow/example_dags/example_trigger_controller_dag.py for tasks to queue
[2026-03-15T17:24:25.158+0000] {logging_mixin.py:188} INFO - [2026-03-15T17:24:25.158+0000] {dagbag.py:540} INFO - Filling up the DagBag from /home/airflow/.local/lib/python3.11/site-packages/airflow/example_dags/example_trigger_controller_dag.py
[2026-03-15T17:24:25.162+0000] {processor.py:840} INFO - DAG(s) 'example_trigger_controller_dag' retrieved from /home/airflow/.local/lib/python3.11/site-packages/airflow/example_dags/example_trigger_controller_dag.py
[2026-03-15T17:24:25.180+0000] {logging_mixin.py:188} INFO - [2026-03-15T17:24:25.180+0000] {dag.py:3047} INFO - Sync 1 DAGs
[2026-03-15T17:24:25.195+0000] {logging_mixin.py:188} INFO - [2026-03-15T17:24:25.195+0000] {dag.py:3834} INFO - Setting next_dagrun for example_trigger_controller_dag to 2021-01-01 00:00:00+00:00, run_after=2021-01-01 00:00:00+00:00
[2026-03-15T17:24:25.211+0000] {processor.py:183} INFO - Processing /home/airflow/.local/lib/python3.11/site-packages/airflow/example_dags/example_trigger_controller_dag.py took 0.059 seconds
[2026-03-15T17:24:30.087+0000] {processor.py:161} INFO - Started process (PID=964) to work on /home/airflow/.local/lib/python3.11/site-packages/airflow/example_dags/example_trigger_controller_dag.py
[2026-03-15T17:24:30.088+0000] {processor.py:830} INFO - Processing file /home/airflow/.local/lib/python3.11/site-packages/airflow/example_dags/example_trigger_controller_dag.py for tasks to queue
[2026-03-15T17:24:30.089+0000] {logging_mixin.py:188} INFO - [2026-03-15T17:24:30.089+0000] {dagbag.py:540} INFO - Filling up the DagBag from /home/airflow/.local/lib/python3.11/site-packages/airflow/example_dags/example_trigger_controller_dag.py
[2026-03-15T17:24:30.093+0000] {processor.py:840} INFO - DAG(s) 'example_trigger_controller_dag' retrieved from /home/airflow/.local/lib/python3.11/site-packages/airflow/example_dags/example_trigger_controller_dag.py
[2026-03-15T17:24:30.109+0000] {logging_mixin.py:188} INFO - [2026-03-15T17:24:30.108+0000] {dag.py:3047} INFO - Sync 1 DAGs
[2026-03-15T17:24:30.124+0000] {logging_mixin.py:188} INFO - [2026-03-15T17:24:30.123+0000] {dag.py:3834} INFO - Setting next_dagrun for example_trigger_controller_dag to 2021-01-01 00:00:00+00:00, run_after=2021-01-01 00:00:00+00:00
[2026-03-15T17:24:30.137+0000] {processor.py:183} INFO - Processing /home/airflow/.local/lib/python3.11/site-packages/airflow/example_dags/example_trigger_controller_dag.py took 0.054 seconds
[2026-03-15T17:25:18.090+0000] {processor.py:161} INFO - Started process (PID=84) to work on /home/airflow/.local/lib/python3.11/site-packages/airflow/example_dags/example_trigger_controller_dag.py
[2026-03-15T17:25:18.093+0000] {processor.py:830} INFO - Processing file /home/airflow/.local/lib/python3.11/site-packages/airflow/example_dags/example_trigger_controller_dag.py for tasks to queue
[2026-03-15T17:25:18.100+0000] {logging_mixin.py:188} INFO - [2026-03-15T17:25:18.099+0000] {dagbag.py:540} INFO - Filling up the DagBag from /home/airflow/.local/lib/python3.11/site-packages/airflow/example_dags/example_trigger_controller_dag.py
[2026-03-15T17:25:18.109+0000] {processor.py:840} INFO - DAG(s) 'example_trigger_controller_dag' retrieved from /home/airflow/.local/lib/python3.11/site-packages/airflow/example_dags/example_trigger_controller_dag.py
[2026-03-15T17:25:18.126+0000] {logging_mixin.py:188} INFO - [2026-03-15T17:25:18.125+0000] {dag.py:3047} INFO - Sync 1 DAGs
[2026-03-15T17:25:18.152+0000] {logging_mixin.py:188} INFO - [2026-03-15T17:25:18.152+0000] {dag.py:3834} INFO - Setting next_dagrun for example_trigger_controller_dag to 2021-01-01 00:00:00+00:00, run_after=2021-01-01 00:00:00+00:00
[2026-03-15T17:25:18.174+0000] {processor.py:183} INFO - Processing /home/airflow/.local/lib/python3.11/site-packages/airflow/example_dags/example_trigger_controller_dag.py took 0.087 seconds
[2026-03-15T17:25:35.962+0000] {processor.py:161} INFO - Started process (PID=134) to work on /home/airflow/.local/lib/python3.11/site-packages/airflow/example_dags/example_trigger_controller_dag.py
[2026-03-15T17:25:35.963+0000] {processor.py:830} INFO - Processing file /home/airflow/.local/lib/python3.11/site-packages/airflow/example_dags/example_trigger_controller_dag.py for tasks to queue
[2026-03-15T17:25:35.965+0000] {logging_mixin.py:188} INFO - [2026-03-15T17:25:35.964+0000] {dagbag.py:540} INFO - Filling up the DagBag from /home/airflow/.local/lib/python3.11/site-packages/airflow/example_dags/example_trigger_controller_dag.py
[2026-03-15T17:25:35.970+0000] {processor.py:840} INFO - DAG(s) 'example_trigger_controller_dag' retrieved from /home/airflow/.local/lib/python3.11/site-packages/airflow/example_dags/example_trigger_controller_dag.py
[2026-03-15T17:25:36.041+0000] {logging_mixin.py:188} INFO - [2026-03-15T17:25:36.040+0000] {dag.py:3047} INFO - Sync 1 DAGs
[2026-03-15T17:25:36.052+0000] {logging_mixin.py:188} INFO - [2026-03-15T17:25:36.052+0000] {dag.py:3834} INFO - Setting next_dagrun for example_trigger_controller_dag to 2021-01-01 00:00:00+00:00, run_after=2021-01-01 00:00:00+00:00
[2026-03-15T17:25:36.074+0000] {processor.py:183} INFO - Processing /home/airflow/.local/lib/python3.11/site-packages/airflow/example_dags/example_trigger_controller_dag.py took 0.115 seconds
[2026-03-15T17:25:39.913+0000] {processor.py:161} INFO - Started process (PID=180) to work on /home/airflow/.local/lib/python3.11/site-packages/airflow/example_dags/example_trigger_controller_dag.py
[2026-03-15T17:25:39.914+0000] {processor.py:830} INFO - Processing file /home/airflow/.local/lib/python3.11/site-packages/airflow/example_dags/example_trigger_controller_dag.py for tasks to queue
[2026-03-15T17:25:39.915+0000] {logging_mixin.py:188} INFO - [2026-03-15T17:25:39.915+0000] {dagbag.py:540} INFO - Filling up the DagBag from /home/airflow/.local/lib/python3.11/site-packages/airflow/example_dags/example_trigger_controller_dag.py
[2026-03-15T17:25:39.920+0000] {processor.py:840} INFO - DAG(s) 'example_trigger_controller_dag' retrieved from /home/airflow/.local/lib/python3.11/site-packages/airflow/example_dags/example_trigger_controller_dag.py
[2026-03-15T17:25:39.930+0000] {logging_mixin.py:188} INFO - [2026-03-15T17:25:39.930+0000] {dag.py:3047} INFO - Sync 1 DAGs
[2026-03-15T17:25:39.946+0000] {logging_mixin.py:188} INFO - [2026-03-15T17:25:39.946+0000] {dag.py:3834} INFO - Setting next_dagrun for example_trigger_controller_dag to 2021-01-01 00:00:00+00:00, run_after=2021-01-01 00:00:00+00:00
[2026-03-15T17:25:39.961+0000] {processor.py:183} INFO - Processing /home/airflow/.local/lib/python3.11/site-packages/airflow/example_dags/example_trigger_controller_dag.py took 0.051 seconds
[2026-03-15T17:25:44.996+0000] {processor.py:161} INFO - Started process (PID=223) to work on /home/airflow/.local/lib/python3.11/site-packages/airflow/example_dags/example_trigger_controller_dag.py
[2026-03-15T17:25:44.997+0000] {processor.py:830} INFO - Processing file /home/airflow/.local/lib/python3.11/site-packages/airflow/example_dags/example_trigger_controller_dag.py for tasks to queue
[2026-03-15T17:25:44.999+0000] {logging_mixin.py:188} INFO - [2026-03-15T17:25:44.999+0000] {dagbag.py:540} INFO - Filling up the DagBag from /home/airflow/.local/lib/python3.11/site-packages/airflow/example_dags/example_trigger_controller_dag.py
[2026-03-15T17:25:45.004+0000] {processor.py:840} INFO - DAG(s) 'example_trigger_controller_dag' retrieved from /home/airflow/.local/lib/python3.11/site-packages/airflow/example_dags/example_trigger_controller_dag.py
[2026-03-15T17:25:45.014+0000] {logging_mixin.py:188} INFO - [2026-03-15T17:25:45.014+0000] {dag.py:3047} INFO - Sync 1 DAGs
[2026-03-15T17:25:45.030+0000] {logging_mixin.py:188} INFO - [2026-03-15T17:25:45.030+0000] {dag.py:3834} INFO - Setting next_dagrun for example_trigger_controller_dag to 2021-01-01 00:00:00+00:00, run_after=2021-01-01 00:00:00+00:00
[2026-03-15T17:25:45.044+0000] {processor.py:183} INFO - Processing /home/airflow/.local/lib/python3.11/site-packages/airflow/example_dags/example_trigger_controller_dag.py took 0.051 seconds
[2026-03-15T17:25:50.050+0000] {processor.py:161} INFO - Started process (PID=272) to work on /home/airflow/.local/lib/python3.11/site-packages/airflow/example_dags/example_trigger_controller_dag.py
[2026-03-15T17:25:50.051+0000] {processor.py:830} INFO - Processing file /home/airflow/.local/lib/python3.11/site-packages/airflow/example_dags/example_trigger_controller_dag.py for tasks to queue
[2026-03-15T17:25:50.053+0000] {logging_mixin.py:188} INFO - [2026-03-15T17:25:50.052+0000] {dagbag.py:540} INFO - Filling up the DagBag from /home/airflow/.local/lib/python3.11/site-packages/airflow/example_dags/example_trigger_controller_dag.py
[2026-03-15T17:25:50.057+0000] {processor.py:840} INFO - DAG(s) 'example_trigger_controller_dag' retrieved from /home/airflow/.local/lib/python3.11/site-packages/airflow/example_dags/example_trigger_controller_dag.py
[2026-03-15T17:25:50.067+0000] {logging_mixin.py:188} INFO - [2026-03-15T17:25:50.067+0000] {dag.py:3047} INFO - Sync 1 DAGs
[2026-03-15T17:25:50.083+0000] {logging_mixin.py:188} INFO - [2026-03-15T17:25:50.082+0000] {dag.py:3834} INFO - Setting next_dagrun for example_trigger_controller_dag to 2021-01-01 00:00:00+00:00, run_after=2021-01-01 00:00:00+00:00
[2026-03-15T17:25:50.095+0000] {processor.py:183} INFO - Processing /home/airflow/.local/lib/python3.11/site-packages/airflow/example_dags/example_trigger_controller_dag.py took 0.047 seconds
[2026-03-15T17:26:20.262+0000] {processor.py:161} INFO - Started process (PID=323) to work on /home/airflow/.local/lib/python3.11/site-packages/airflow/example_dags/example_trigger_controller_dag.py
[2026-03-15T17:26:20.264+0000] {processor.py:830} INFO - Processing file /home/airflow/.local/lib/python3.11/site-packages/airflow/example_dags/example_trigger_controller_dag.py for tasks to queue
[2026-03-15T17:26:20.269+0000] {logging_mixin.py:188} INFO - [2026-03-15T17:26:20.268+0000] {dagbag.py:540} INFO - Filling up the DagBag from /home/airflow/.local/lib/python3.11/site-packages/airflow/example_dags/example_trigger_controller_dag.py
[2026-03-15T17:26:20.275+0000] {processor.py:840} INFO - DAG(s) 'example_trigger_controller_dag' retrieved from /home/airflow/.local/lib/python3.11/site-packages/airflow/example_dags/example_trigger_controller_dag.py
[2026-03-15T17:26:20.290+0000] {logging_mixin.py:188} INFO - [2026-03-15T17:26:20.290+0000] {dag.py:3047} INFO - Sync 1 DAGs
[2026-03-15T17:26:20.304+0000] {logging_mixin.py:188} INFO - [2026-03-15T17:26:20.303+0000] {dag.py:3834} INFO - Setting next_dagrun for example_trigger_controller_dag to 2021-01-01 00:00:00+00:00, run_after=2021-01-01 00:00:00+00:00
[2026-03-15T17:26:20.317+0000] {processor.py:183} INFO - Processing /home/airflow/.local/lib/python3.11/site-packages/airflow/example_dags/example_trigger_controller_dag.py took 0.058 seconds
[2026-03-15T17:26:50.609+0000] {processor.py:161} INFO - Started process (PID=374) to work on /home/airflow/.local/lib/python3.11/site-packages/airflow/example_dags/example_trigger_controller_dag.py
[2026-03-15T17:26:50.610+0000] {processor.py:830} INFO - Processing file /home/airflow/.local/lib/python3.11/site-packages/airflow/example_dags/example_trigger_controller_dag.py for tasks to queue
[2026-03-15T17:26:50.612+0000] {logging_mixin.py:188} INFO - [2026-03-15T17:26:50.612+0000] {dagbag.py:540} INFO - Filling up the DagBag from /home/airflow/.local/lib/python3.11/site-packages/airflow/example_dags/example_trigger_controller_dag.py
[2026-03-15T17:26:50.616+0000] {processor.py:840} INFO - DAG(s) 'example_trigger_controller_dag' retrieved from /home/airflow/.local/lib/python3.11/site-packages/airflow/example_dags/example_trigger_controller_dag.py
[2026-03-15T17:26:50.633+0000] {logging_mixin.py:188} INFO - [2026-03-15T17:26:50.632+0000] {dag.py:3047} INFO - Sync 1 DAGs
[2026-03-15T17:26:50.650+0000] {logging_mixin.py:188} INFO - [2026-03-15T17:26:50.649+0000] {dag.py:3834} INFO - Setting next_dagrun for example_trigger_controller_dag to 2021-01-01 00:00:00+00:00, run_after=2021-01-01 00:00:00+00:00
[2026-03-15T17:26:50.666+0000] {processor.py:183} INFO - Processing /home/airflow/.local/lib/python3.11/site-packages/airflow/example_dags/example_trigger_controller_dag.py took 0.059 seconds
[2026-03-15T17:26:55.290+0000] {processor.py:161} INFO - Started process (PID=424) to work on /home/airflow/.local/lib/python3.11/site-packages/airflow/example_dags/example_trigger_controller_dag.py
[2026-03-15T17:26:55.291+0000] {processor.py:830} INFO - Processing file /home/airflow/.local/lib/python3.11/site-packages/airflow/example_dags/example_trigger_controller_dag.py for tasks to queue
[2026-03-15T17:26:55.293+0000] {logging_mixin.py:188} INFO - [2026-03-15T17:26:55.293+0000] {dagbag.py:540} INFO - Filling up the DagBag from /home/airflow/.local/lib/python3.11/site-packages/airflow/example_dags/example_trigger_controller_dag.py
[2026-03-15T17:26:55.298+0000] {processor.py:840} INFO - DAG(s) 'example_trigger_controller_dag' retrieved from /home/airflow/.local/lib/python3.11/site-packages/airflow/example_dags/example_trigger_controller_dag.py
[2026-03-15T17:26:55.319+0000] {logging_mixin.py:188} INFO - [2026-03-15T17:26:55.319+0000] {dag.py:3047} INFO - Sync 1 DAGs
[2026-03-15T17:26:55.337+0000] {logging_mixin.py:188} INFO - [2026-03-15T17:26:55.337+0000] {dag.py:3834} INFO - Setting next_dagrun for example_trigger_controller_dag to 2021-01-01 00:00:00+00:00, run_after=2021-01-01 00:00:00+00:00
[2026-03-15T17:26:55.355+0000] {processor.py:183} INFO - Processing /home/airflow/.local/lib/python3.11/site-packages/airflow/example_dags/example_trigger_controller_dag.py took 0.068 seconds
[2026-03-15T17:27:05.861+0000] {processor.py:161} INFO - Started process (PID=474) to work on /home/airflow/.local/lib/python3.11/site-packages/airflow/example_dags/example_trigger_controller_dag.py
[2026-03-15T17:27:05.862+0000] {processor.py:830} INFO - Processing file /home/airflow/.local/lib/python3.11/site-packages/airflow/example_dags/example_trigger_controller_dag.py for tasks to queue
[2026-03-15T17:27:05.863+0000] {logging_mixin.py:188} INFO - [2026-03-15T17:27:05.863+0000] {dagbag.py:540} INFO - Filling up the DagBag from /home/airflow/.local/lib/python3.11/site-packages/airflow/example_dags/example_trigger_controller_dag.py
[2026-03-15T17:27:05.867+0000] {processor.py:840} INFO - DAG(s) 'example_trigger_controller_dag' retrieved from /home/airflow/.local/lib/python3.11/site-packages/airflow/example_dags/example_trigger_controller_dag.py
[2026-03-15T17:27:05.883+0000] {logging_mixin.py:188} INFO - [2026-03-15T17:27:05.883+0000] {dag.py:3047} INFO - Sync 1 DAGs
[2026-03-15T17:27:05.898+0000] {logging_mixin.py:188} INFO - [2026-03-15T17:27:05.897+0000] {dag.py:3834} INFO - Setting next_dagrun for example_trigger_controller_dag to 2021-01-01 00:00:00+00:00, run_after=2021-01-01 00:00:00+00:00
[2026-03-15T17:27:05.912+0000] {processor.py:183} INFO - Processing /home/airflow/.local/lib/python3.11/site-packages/airflow/example_dags/example_trigger_controller_dag.py took 0.055 seconds
[2026-03-15T17:27:10.260+0000] {processor.py:161} INFO - Started process (PID=523) to work on /home/airflow/.local/lib/python3.11/site-packages/airflow/example_dags/example_trigger_controller_dag.py
[2026-03-15T17:27:10.262+0000] {processor.py:830} INFO - Processing file /home/airflow/.local/lib/python3.11/site-packages/airflow/example_dags/example_trigger_controller_dag.py for tasks to queue
[2026-03-15T17:27:10.265+0000] {logging_mixin.py:188} INFO - [2026-03-15T17:27:10.265+0000] {dagbag.py:540} INFO - Filling up the DagBag from /home/airflow/.local/lib/python3.11/site-packages/airflow/example_dags/example_trigger_controller_dag.py
[2026-03-15T17:27:10.270+0000] {processor.py:840} INFO - DAG(s) 'example_trigger_controller_dag' retrieved from /home/airflow/.local/lib/python3.11/site-packages/airflow/example_dags/example_trigger_controller_dag.py
[2026-03-15T17:27:10.300+0000] {logging_mixin.py:188} INFO - [2026-03-15T17:27:10.300+0000] {dag.py:3047} INFO - Sync 1 DAGs
[2026-03-15T17:27:10.316+0000] {logging_mixin.py:188} INFO - [2026-03-15T17:27:10.316+0000] {dag.py:3834} INFO - Setting next_dagrun for example_trigger_controller_dag to 2021-01-01 00:00:00+00:00, run_after=2021-01-01 00:00:00+00:00
[2026-03-15T17:27:10.330+0000] {processor.py:183} INFO - Processing /home/airflow/.local/lib/python3.11/site-packages/airflow/example_dags/example_trigger_controller_dag.py took 0.074 seconds
[2026-03-15T17:27:58.396+0000] {processor.py:161} INFO - Started process (PID=85) to work on /home/airflow/.local/lib/python3.11/site-packages/airflow/example_dags/example_trigger_controller_dag.py
[2026-03-15T17:27:58.400+0000] {processor.py:830} INFO - Processing file /home/airflow/.local/lib/python3.11/site-packages/airflow/example_dags/example_trigger_controller_dag.py for tasks to queue
[2026-03-15T17:27:58.405+0000] {logging_mixin.py:188} INFO - [2026-03-15T17:27:58.404+0000] {dagbag.py:540} INFO - Filling up the DagBag from /home/airflow/.local/lib/python3.11/site-packages/airflow/example_dags/example_trigger_controller_dag.py
[2026-03-15T17:27:58.413+0000] {processor.py:840} INFO - DAG(s) 'example_trigger_controller_dag' retrieved from /home/airflow/.local/lib/python3.11/site-packages/airflow/example_dags/example_trigger_controller_dag.py
[2026-03-15T17:27:58.507+0000] {logging_mixin.py:188} INFO - [2026-03-15T17:27:58.507+0000] {override.py:1769} INFO - Created Permission View: can edit on DAG:example_trigger_controller_dag
[2026-03-15T17:27:58.520+0000] {logging_mixin.py:188} INFO - [2026-03-15T17:27:58.520+0000] {override.py:1769} INFO - Created Permission View: can read on DAG:example_trigger_controller_dag
[2026-03-15T17:27:58.528+0000] {logging_mixin.py:188} INFO - [2026-03-15T17:27:58.527+0000] {override.py:1769} INFO - Created Permission View: can delete on DAG:example_trigger_controller_dag
[2026-03-15T17:27:58.528+0000] {logging_mixin.py:188} INFO - [2026-03-15T17:27:58.528+0000] {dag.py:3047} INFO - Sync 1 DAGs
[2026-03-15T17:27:58.538+0000] {logging_mixin.py:188} INFO - [2026-03-15T17:27:58.538+0000] {dag.py:3069} INFO - Creating ORM DAG for example_trigger_controller_dag
[2026-03-15T17:27:58.547+0000] {logging_mixin.py:188} INFO - [2026-03-15T17:27:58.546+0000] {dag.py:3834} INFO - Setting next_dagrun for example_trigger_controller_dag to 2021-01-01 00:00:00+00:00, run_after=2021-01-01 00:00:00+00:00
[2026-03-15T17:27:58.562+0000] {processor.py:183} INFO - Processing /home/airflow/.local/lib/python3.11/site-packages/airflow/example_dags/example_trigger_controller_dag.py took 0.170 seconds
[2026-03-15T17:28:28.726+0000] {processor.py:161} INFO - Started process (PID=141) to work on /home/airflow/.local/lib/python3.11/site-packages/airflow/example_dags/example_trigger_controller_dag.py
[2026-03-15T17:28:28.728+0000] {processor.py:830} INFO - Processing file /home/airflow/.local/lib/python3.11/site-packages/airflow/example_dags/example_trigger_controller_dag.py for tasks to queue
[2026-03-15T17:28:28.730+0000] {logging_mixin.py:188} INFO - [2026-03-15T17:28:28.730+0000] {dagbag.py:540} INFO - Filling up the DagBag from /home/airflow/.local/lib/python3.11/site-packages/airflow/example_dags/example_trigger_controller_dag.py
[2026-03-15T17:28:28.738+0000] {processor.py:840} INFO - DAG(s) 'example_trigger_controller_dag' retrieved from /home/airflow/.local/lib/python3.11/site-packages/airflow/example_dags/example_trigger_controller_dag.py
[2026-03-15T17:28:28.767+0000] {logging_mixin.py:188} INFO - [2026-03-15T17:28:28.767+0000] {dag.py:3047} INFO - Sync 1 DAGs
[2026-03-15T17:28:28.790+0000] {logging_mixin.py:188} INFO - [2026-03-15T17:28:28.790+0000] {dag.py:3834} INFO - Setting next_dagrun for example_trigger_controller_dag to 2021-01-01 00:00:00+00:00, run_after=2021-01-01 00:00:00+00:00
[2026-03-15T17:28:28.807+0000] {processor.py:183} INFO - Processing /home/airflow/.local/lib/python3.11/site-packages/airflow/example_dags/example_trigger_controller_dag.py took 0.085 seconds
[2026-03-15T17:28:32.961+0000] {processor.py:161} INFO - Started process (PID=182) to work on /home/airflow/.local/lib/python3.11/site-packages/airflow/example_dags/example_trigger_controller_dag.py
[2026-03-15T17:28:32.962+0000] {processor.py:830} INFO - Processing file /home/airflow/.local/lib/python3.11/site-packages/airflow/example_dags/example_trigger_controller_dag.py for tasks to queue
[2026-03-15T17:28:32.963+0000] {logging_mixin.py:188} INFO - [2026-03-15T17:28:32.963+0000] {dagbag.py:540} INFO - Filling up the DagBag from /home/airflow/.local/lib/python3.11/site-packages/airflow/example_dags/example_trigger_controller_dag.py
[2026-03-15T17:28:32.968+0000] {processor.py:840} INFO - DAG(s) 'example_trigger_controller_dag' retrieved from /home/airflow/.local/lib/python3.11/site-packages/airflow/example_dags/example_trigger_controller_dag.py
[2026-03-15T17:28:32.983+0000] {logging_mixin.py:188} INFO - [2026-03-15T17:28:32.983+0000] {dag.py:3047} INFO - Sync 1 DAGs
[2026-03-15T17:28:32.997+0000] {logging_mixin.py:188} INFO - [2026-03-15T17:28:32.997+0000] {dag.py:3834} INFO - Setting next_dagrun for example_trigger_controller_dag to 2021-01-01 00:00:00+00:00, run_after=2021-01-01 00:00:00+00:00
[2026-03-15T17:28:33.011+0000] {processor.py:183} INFO - Processing /home/airflow/.local/lib/python3.11/site-packages/airflow/example_dags/example_trigger_controller_dag.py took 0.054 seconds
[2026-03-15T17:28:37.181+0000] {processor.py:161} INFO - Started process (PID=224) to work on /home/airflow/.local/lib/python3.11/site-packages/airflow/example_dags/example_trigger_controller_dag.py
[2026-03-15T17:28:37.182+0000] {processor.py:830} INFO - Processing file /home/airflow/.local/lib/python3.11/site-packages/airflow/example_dags/example_trigger_controller_dag.py for tasks to queue
[2026-03-15T17:28:37.187+0000] {logging_mixin.py:188} INFO - [2026-03-15T17:28:37.187+0000] {dagbag.py:540} INFO - Filling up the DagBag from /home/airflow/.local/lib/python3.11/site-packages/airflow/example_dags/example_trigger_controller_dag.py
[2026-03-15T17:28:37.191+0000] {processor.py:840} INFO - DAG(s) 'example_trigger_controller_dag' retrieved from /home/airflow/.local/lib/python3.11/site-packages/airflow/example_dags/example_trigger_controller_dag.py
[2026-03-15T17:28:37.207+0000] {logging_mixin.py:188} INFO - [2026-03-15T17:28:37.207+0000] {dag.py:3047} INFO - Sync 1 DAGs
[2026-03-15T17:28:37.222+0000] {logging_mixin.py:188} INFO - [2026-03-15T17:28:37.222+0000] {dag.py:3834} INFO - Setting next_dagrun for example_trigger_controller_dag to 2021-01-01 00:00:00+00:00, run_after=2021-01-01 00:00:00+00:00
[2026-03-15T17:28:37.236+0000] {processor.py:183} INFO - Processing /home/airflow/.local/lib/python3.11/site-packages/airflow/example_dags/example_trigger_controller_dag.py took 0.058 seconds
[2026-03-15T17:29:07.310+0000] {processor.py:161} INFO - Started process (PID=272) to work on /home/airflow/.local/lib/python3.11/site-packages/airflow/example_dags/example_trigger_controller_dag.py
[2026-03-15T17:29:07.311+0000] {processor.py:830} INFO - Processing file /home/airflow/.local/lib/python3.11/site-packages/airflow/example_dags/example_trigger_controller_dag.py for tasks to queue
[2026-03-15T17:29:07.312+0000] {logging_mixin.py:188} INFO - [2026-03-15T17:29:07.312+0000] {dagbag.py:540} INFO - Filling up the DagBag from /home/airflow/.local/lib/python3.11/site-packages/airflow/example_dags/example_trigger_controller_dag.py
[2026-03-15T17:29:07.317+0000] {processor.py:840} INFO - DAG(s) 'example_trigger_controller_dag' retrieved from /home/airflow/.local/lib/python3.11/site-packages/airflow/example_dags/example_trigger_controller_dag.py
[2026-03-15T17:29:07.333+0000] {logging_mixin.py:188} INFO - [2026-03-15T17:29:07.333+0000] {dag.py:3047} INFO - Sync 1 DAGs
[2026-03-15T17:29:07.347+0000] {logging_mixin.py:188} INFO - [2026-03-15T17:29:07.347+0000] {dag.py:3834} INFO - Setting next_dagrun for example_trigger_controller_dag to 2021-01-01 00:00:00+00:00, run_after=2021-01-01 00:00:00+00:00
[2026-03-15T17:29:07.361+0000] {processor.py:183} INFO - Processing /home/airflow/.local/lib/python3.11/site-packages/airflow/example_dags/example_trigger_controller_dag.py took 0.054 seconds
[2026-03-15T17:29:08.194+0000] {processor.py:161} INFO - Started process (PID=286) to work on /home/airflow/.local/lib/python3.11/site-packages/airflow/example_dags/example_trigger_controller_dag.py
[2026-03-15T17:29:08.194+0000] {processor.py:830} INFO - Processing file /home/airflow/.local/lib/python3.11/site-packages/airflow/example_dags/example_trigger_controller_dag.py for tasks to queue
[2026-03-15T17:29:08.196+0000] {logging_mixin.py:188} INFO - [2026-03-15T17:29:08.196+0000] {dagbag.py:540} INFO - Filling up the DagBag from /home/airflow/.local/lib/python3.11/site-packages/airflow/example_dags/example_trigger_controller_dag.py
[2026-03-15T17:29:08.201+0000] {processor.py:840} INFO - DAG(s) 'example_trigger_controller_dag' retrieved from /home/airflow/.local/lib/python3.11/site-packages/airflow/example_dags/example_trigger_controller_dag.py
[2026-03-15T17:29:08.216+0000] {logging_mixin.py:188} INFO - [2026-03-15T17:29:08.216+0000] {dag.py:3047} INFO - Sync 1 DAGs
[2026-03-15T17:29:08.230+0000] {logging_mixin.py:188} INFO - [2026-03-15T17:29:08.230+0000] {dag.py:3834} INFO - Setting next_dagrun for example_trigger_controller_dag to 2021-01-01 00:00:00+00:00, run_after=2021-01-01 00:00:00+00:00
[2026-03-15T17:29:08.243+0000] {processor.py:183} INFO - Processing /home/airflow/.local/lib/python3.11/site-packages/airflow/example_dags/example_trigger_controller_dag.py took 0.053 seconds
[2026-03-15T17:29:38.359+0000] {processor.py:161} INFO - Started process (PID=337) to work on /home/airflow/.local/lib/python3.11/site-packages/airflow/example_dags/example_trigger_controller_dag.py
[2026-03-15T17:29:38.360+0000] {processor.py:830} INFO - Processing file /home/airflow/.local/lib/python3.11/site-packages/airflow/example_dags/example_trigger_controller_dag.py for tasks to queue
[2026-03-15T17:29:38.362+0000] {logging_mixin.py:188} INFO - [2026-03-15T17:29:38.362+0000] {dagbag.py:540} INFO - Filling up the DagBag from /home/airflow/.local/lib/python3.11/site-packages/airflow/example_dags/example_trigger_controller_dag.py
[2026-03-15T17:29:38.366+0000] {processor.py:840} INFO - DAG(s) 'example_trigger_controller_dag' retrieved from /home/airflow/.local/lib/python3.11/site-packages/airflow/example_dags/example_trigger_controller_dag.py
[2026-03-15T17:29:38.384+0000] {logging_mixin.py:188} INFO - [2026-03-15T17:29:38.384+0000] {dag.py:3047} INFO - Sync 1 DAGs
[2026-03-15T17:29:38.399+0000] {logging_mixin.py:188} INFO - [2026-03-15T17:29:38.399+0000] {dag.py:3834} INFO - Setting next_dagrun for example_trigger_controller_dag to 2021-01-01 00:00:00+00:00, run_after=2021-01-01 00:00:00+00:00
[2026-03-15T17:29:38.414+0000] {processor.py:183} INFO - Processing /home/airflow/.local/lib/python3.11/site-packages/airflow/example_dags/example_trigger_controller_dag.py took 0.057 seconds
[2026-03-15T17:30:08.649+0000] {processor.py:161} INFO - Started process (PID=389) to work on /home/airflow/.local/lib/python3.11/site-packages/airflow/example_dags/example_trigger_controller_dag.py
[2026-03-15T17:30:08.649+0000] {processor.py:830} INFO - Processing file /home/airflow/.local/lib/python3.11/site-packages/airflow/example_dags/example_trigger_controller_dag.py for tasks to queue
[2026-03-15T17:30:08.651+0000] {logging_mixin.py:188} INFO - [2026-03-15T17:30:08.651+0000] {dagbag.py:540} INFO - Filling up the DagBag from /home/airflow/.local/lib/python3.11/site-packages/airflow/example_dags/example_trigger_controller_dag.py
[2026-03-15T17:30:08.655+0000] {processor.py:840} INFO - DAG(s) 'example_trigger_controller_dag' retrieved from /home/airflow/.local/lib/python3.11/site-packages/airflow/example_dags/example_trigger_controller_dag.py
[2026-03-15T17:30:08.671+0000] {logging_mixin.py:188} INFO - [2026-03-15T17:30:08.671+0000] {dag.py:3047} INFO - Sync 1 DAGs
[2026-03-15T17:30:08.685+0000] {logging_mixin.py:188} INFO - [2026-03-15T17:30:08.685+0000] {dag.py:3834} INFO - Setting next_dagrun for example_trigger_controller_dag to 2021-01-01 00:00:00+00:00, run_after=2021-01-01 00:00:00+00:00
[2026-03-15T17:30:08.702+0000] {processor.py:183} INFO - Processing /home/airflow/.local/lib/python3.11/site-packages/airflow/example_dags/example_trigger_controller_dag.py took 0.056 seconds
[2026-03-15T17:30:33.274+0000] {processor.py:161} INFO - Started process (PID=447) to work on /home/airflow/.local/lib/python3.11/site-packages/airflow/example_dags/example_trigger_controller_dag.py
[2026-03-15T17:30:33.275+0000] {processor.py:830} INFO - Processing file /home/airflow/.local/lib/python3.11/site-packages/airflow/example_dags/example_trigger_controller_dag.py for tasks to queue
[2026-03-15T17:30:33.277+0000] {logging_mixin.py:188} INFO - [2026-03-15T17:30:33.276+0000] {dagbag.py:540} INFO - Filling up the DagBag from /home/airflow/.local/lib/python3.11/site-packages/airflow/example_dags/example_trigger_controller_dag.py
[2026-03-15T17:30:33.281+0000] {processor.py:840} INFO - DAG(s) 'example_trigger_controller_dag' retrieved from /home/airflow/.local/lib/python3.11/site-packages/airflow/example_dags/example_trigger_controller_dag.py
[2026-03-15T17:30:33.299+0000] {logging_mixin.py:188} INFO - [2026-03-15T17:30:33.299+0000] {dag.py:3047} INFO - Sync 1 DAGs
[2026-03-15T17:30:33.315+0000] {logging_mixin.py:188} INFO - [2026-03-15T17:30:33.315+0000] {dag.py:3834} INFO - Setting next_dagrun for example_trigger_controller_dag to 2021-01-01 00:00:00+00:00, run_after=2021-01-01 00:00:00+00:00
[2026-03-15T17:30:33.330+0000] {processor.py:183} INFO - Processing /home/airflow/.local/lib/python3.11/site-packages/airflow/example_dags/example_trigger_controller_dag.py took 0.058 seconds
[2026-03-15T17:30:37.236+0000] {processor.py:161} INFO - Started process (PID=495) to work on /home/airflow/.local/lib/python3.11/site-packages/airflow/example_dags/example_trigger_controller_dag.py
[2026-03-15T17:30:37.237+0000] {processor.py:830} INFO - Processing file /home/airflow/.local/lib/python3.11/site-packages/airflow/example_dags/example_trigger_controller_dag.py for tasks to queue
[2026-03-15T17:30:37.239+0000] {logging_mixin.py:188} INFO - [2026-03-15T17:30:37.239+0000] {dagbag.py:540} INFO - Filling up the DagBag from /home/airflow/.local/lib/python3.11/site-packages/airflow/example_dags/example_trigger_controller_dag.py
[2026-03-15T17:30:37.243+0000] {processor.py:840} INFO - DAG(s) 'example_trigger_controller_dag' retrieved from /home/airflow/.local/lib/python3.11/site-packages/airflow/example_dags/example_trigger_controller_dag.py
[2026-03-15T17:30:37.260+0000] {logging_mixin.py:188} INFO - [2026-03-15T17:30:37.260+0000] {dag.py:3047} INFO - Sync 1 DAGs
[2026-03-15T17:30:37.275+0000] {logging_mixin.py:188} INFO - [2026-03-15T17:30:37.275+0000] {dag.py:3834} INFO - Setting next_dagrun for example_trigger_controller_dag to 2021-01-01 00:00:00+00:00, run_after=2021-01-01 00:00:00+00:00
[2026-03-15T17:30:37.289+0000] {processor.py:183} INFO - Processing /home/airflow/.local/lib/python3.11/site-packages/airflow/example_dags/example_trigger_controller_dag.py took 0.055 seconds
[2026-03-15T17:31:07.731+0000] {processor.py:161} INFO - Started process (PID=549) to work on /home/airflow/.local/lib/python3.11/site-packages/airflow/example_dags/example_trigger_controller_dag.py
[2026-03-15T17:31:07.732+0000] {processor.py:830} INFO - Processing file /home/airflow/.local/lib/python3.11/site-packages/airflow/example_dags/example_trigger_controller_dag.py for tasks to queue
[2026-03-15T17:31:07.734+0000] {logging_mixin.py:188} INFO - [2026-03-15T17:31:07.734+0000] {dagbag.py:540} INFO - Filling up the DagBag from /home/airflow/.local/lib/python3.11/site-packages/airflow/example_dags/example_trigger_controller_dag.py
[2026-03-15T17:31:07.738+0000] {processor.py:840} INFO - DAG(s) 'example_trigger_controller_dag' retrieved from /home/airflow/.local/lib/python3.11/site-packages/airflow/example_dags/example_trigger_controller_dag.py
[2026-03-15T17:31:07.756+0000] {logging_mixin.py:188} INFO - [2026-03-15T17:31:07.756+0000] {dag.py:3047} INFO - Sync 1 DAGs
[2026-03-15T17:31:07.771+0000] {logging_mixin.py:188} INFO - [2026-03-15T17:31:07.771+0000] {dag.py:3834} INFO - Setting next_dagrun for example_trigger_controller_dag to 2021-01-01 00:00:00+00:00, run_after=2021-01-01 00:00:00+00:00
[2026-03-15T17:31:56.970+0000] {processor.py:183} INFO - Processing /home/airflow/.local/lib/python3.11/site-packages/airflow/example_dags/example_trigger_controller_dag.py took 0.057 seconds
[2026-03-15T17:31:43.253+0000] {processor.py:161} INFO - Started process (PID=658) to work on /home/airflow/.local/lib/python3.11/site-packages/airflow/example_dags/example_trigger_controller_dag.py
[2026-03-15T17:31:43.254+0000] {processor.py:830} INFO - Processing file /home/airflow/.local/lib/python3.11/site-packages/airflow/example_dags/example_trigger_controller_dag.py for tasks to queue
[2026-03-15T17:31:43.255+0000] {logging_mixin.py:188} INFO - [2026-03-15T17:31:43.255+0000] {dagbag.py:540} INFO - Filling up the DagBag from /home/airflow/.local/lib/python3.11/site-packages/airflow/example_dags/example_trigger_controller_dag.py
[2026-03-15T17:31:43.259+0000] {processor.py:840} INFO - DAG(s) 'example_trigger_controller_dag' retrieved from /home/airflow/.local/lib/python3.11/site-packages/airflow/example_dags/example_trigger_controller_dag.py
[2026-03-15T17:31:43.276+0000] {logging_mixin.py:188} INFO - [2026-03-15T17:31:43.276+0000] {dag.py:3047} INFO - Sync 1 DAGs
[2026-03-15T17:31:43.291+0000] {logging_mixin.py:188} INFO - [2026-03-15T17:31:43.291+0000] {dag.py:3834} INFO - Setting next_dagrun for example_trigger_controller_dag to 2021-01-01 00:00:00+00:00, run_after=2021-01-01 00:00:00+00:00
[2026-03-15T17:31:43.305+0000] {processor.py:183} INFO - Processing /home/airflow/.local/lib/python3.11/site-packages/airflow/example_dags/example_trigger_controller_dag.py took 0.056 seconds
[2026-03-15T17:32:14.060+0000] {processor.py:161} INFO - Started process (PID=715) to work on /home/airflow/.local/lib/python3.11/site-packages/airflow/example_dags/example_trigger_controller_dag.py
[2026-03-15T17:32:14.061+0000] {processor.py:830} INFO - Processing file /home/airflow/.local/lib/python3.11/site-packages/airflow/example_dags/example_trigger_controller_dag.py for tasks to queue
[2026-03-15T17:32:14.064+0000] {logging_mixin.py:188} INFO - [2026-03-15T17:32:14.064+0000] {dagbag.py:540} INFO - Filling up the DagBag from /home/airflow/.local/lib/python3.11/site-packages/airflow/example_dags/example_trigger_controller_dag.py
[2026-03-15T17:32:14.070+0000] {processor.py:840} INFO - DAG(s) 'example_trigger_controller_dag' retrieved from /home/airflow/.local/lib/python3.11/site-packages/airflow/example_dags/example_trigger_controller_dag.py
[2026-03-15T17:32:14.095+0000] {logging_mixin.py:188} INFO - [2026-03-15T17:32:14.094+0000] {dag.py:3047} INFO - Sync 1 DAGs
[2026-03-15T17:32:14.120+0000] {logging_mixin.py:188} INFO - [2026-03-15T17:32:14.119+0000] {dag.py:3834} INFO - Setting next_dagrun for example_trigger_controller_dag to 2021-01-01 00:00:00+00:00, run_after=2021-01-01 00:00:00+00:00
[2026-03-15T17:32:14.140+0000] {processor.py:183} INFO - Processing /home/airflow/.local/lib/python3.11/site-packages/airflow/example_dags/example_trigger_controller_dag.py took 0.085 seconds
[2026-03-15T17:32:44.720+0000] {processor.py:161} INFO - Started process (PID=768) to work on /home/airflow/.local/lib/python3.11/site-packages/airflow/example_dags/example_trigger_controller_dag.py
[2026-03-15T17:32:44.721+0000] {processor.py:830} INFO - Processing file /home/airflow/.local/lib/python3.11/site-packages/airflow/example_dags/example_trigger_controller_dag.py for tasks to queue
[2026-03-15T17:32:44.723+0000] {logging_mixin.py:188} INFO - [2026-03-15T17:32:44.722+0000] {dagbag.py:540} INFO - Filling up the DagBag from /home/airflow/.local/lib/python3.11/site-packages/airflow/example_dags/example_trigger_controller_dag.py
[2026-03-15T17:32:44.727+0000] {processor.py:840} INFO - DAG(s) 'example_trigger_controller_dag' retrieved from /home/airflow/.local/lib/python3.11/site-packages/airflow/example_dags/example_trigger_controller_dag.py
[2026-03-15T17:32:44.744+0000] {logging_mixin.py:188} INFO - [2026-03-15T17:32:44.744+0000] {dag.py:3047} INFO - Sync 1 DAGs
[2026-03-15T17:32:44.760+0000] {logging_mixin.py:188} INFO - [2026-03-15T17:32:44.760+0000] {dag.py:3834} INFO - Setting next_dagrun for example_trigger_controller_dag to 2021-01-01 00:00:00+00:00, run_after=2021-01-01 00:00:00+00:00
[2026-03-15T17:32:44.775+0000] {processor.py:183} INFO - Processing /home/airflow/.local/lib/python3.11/site-packages/airflow/example_dags/example_trigger_controller_dag.py took 0.059 seconds
[2026-03-15T17:32:58.361+0000] {processor.py:161} INFO - Started process (PID=818) to work on /home/airflow/.local/lib/python3.11/site-packages/airflow/example_dags/example_trigger_controller_dag.py
[2026-03-15T17:32:58.364+0000] {processor.py:830} INFO - Processing file /home/airflow/.local/lib/python3.11/site-packages/airflow/example_dags/example_trigger_controller_dag.py for tasks to queue
[2026-03-15T17:32:58.366+0000] {logging_mixin.py:188} INFO - [2026-03-15T17:32:58.366+0000] {dagbag.py:540} INFO - Filling up the DagBag from /home/airflow/.local/lib/python3.11/site-packages/airflow/example_dags/example_trigger_controller_dag.py
[2026-03-15T17:32:58.371+0000] {processor.py:840} INFO - DAG(s) 'example_trigger_controller_dag' retrieved from /home/airflow/.local/lib/python3.11/site-packages/airflow/example_dags/example_trigger_controller_dag.py
[2026-03-15T17:32:58.387+0000] {logging_mixin.py:188} INFO - [2026-03-15T17:32:58.387+0000] {dag.py:3047} INFO - Sync 1 DAGs
[2026-03-15T17:32:58.404+0000] {logging_mixin.py:188} INFO - [2026-03-15T17:32:58.404+0000] {dag.py:3834} INFO - Setting next_dagrun for example_trigger_controller_dag to 2021-01-01 00:00:00+00:00, run_after=2021-01-01 00:00:00+00:00
[2026-03-15T17:32:58.421+0000] {processor.py:183} INFO - Processing /home/airflow/.local/lib/python3.11/site-packages/airflow/example_dags/example_trigger_controller_dag.py took 0.062 seconds
[2026-03-15T17:33:13.571+0000] {processor.py:161} INFO - Started process (PID=871) to work on /home/airflow/.local/lib/python3.11/site-packages/airflow/example_dags/example_trigger_controller_dag.py
[2026-03-15T17:33:13.572+0000] {processor.py:830} INFO - Processing file /home/airflow/.local/lib/python3.11/site-packages/airflow/example_dags/example_trigger_controller_dag.py for tasks to queue
[2026-03-15T17:33:13.573+0000] {logging_mixin.py:188} INFO - [2026-03-15T17:33:13.573+0000] {dagbag.py:540} INFO - Filling up the DagBag from /home/airflow/.local/lib/python3.11/site-packages/airflow/example_dags/example_trigger_controller_dag.py
[2026-03-15T17:33:13.578+0000] {processor.py:840} INFO - DAG(s) 'example_trigger_controller_dag' retrieved from /home/airflow/.local/lib/python3.11/site-packages/airflow/example_dags/example_trigger_controller_dag.py
[2026-03-15T17:33:13.596+0000] {logging_mixin.py:188} INFO - [2026-03-15T17:33:13.595+0000] {dag.py:3047} INFO - Sync 1 DAGs
[2026-03-15T17:33:13.615+0000] {logging_mixin.py:188} INFO - [2026-03-15T17:33:13.615+0000] {dag.py:3834} INFO - Setting next_dagrun for example_trigger_controller_dag to 2021-01-01 00:00:00+00:00, run_after=2021-01-01 00:00:00+00:00
[2026-03-15T17:33:13.632+0000] {processor.py:183} INFO - Processing /home/airflow/.local/lib/python3.11/site-packages/airflow/example_dags/example_trigger_controller_dag.py took 0.064 seconds
[2026-03-15T17:33:43.880+0000] {processor.py:161} INFO - Started process (PID=928) to work on /home/airflow/.local/lib/python3.11/site-packages/airflow/example_dags/example_trigger_controller_dag.py
[2026-03-15T17:33:43.881+0000] {processor.py:830} INFO - Processing file /home/airflow/.local/lib/python3.11/site-packages/airflow/example_dags/example_trigger_controller_dag.py for tasks to queue
[2026-03-15T17:33:43.883+0000] {logging_mixin.py:188} INFO - [2026-03-15T17:33:43.883+0000] {dagbag.py:540} INFO - Filling up the DagBag from /home/airflow/.local/lib/python3.11/site-packages/airflow/example_dags/example_trigger_controller_dag.py
[2026-03-15T17:33:43.887+0000] {processor.py:840} INFO - DAG(s) 'example_trigger_controller_dag' retrieved from /home/airflow/.local/lib/python3.11/site-packages/airflow/example_dags/example_trigger_controller_dag.py
[2026-03-15T17:33:43.904+0000] {logging_mixin.py:188} INFO - [2026-03-15T17:33:43.904+0000] {dag.py:3047} INFO - Sync 1 DAGs
[2026-03-15T17:33:43.920+0000] {logging_mixin.py:188} INFO - [2026-03-15T17:33:43.920+0000] {dag.py:3834} INFO - Setting next_dagrun for example_trigger_controller_dag to 2021-01-01 00:00:00+00:00, run_after=2021-01-01 00:00:00+00:00
[2026-03-15T17:33:43.934+0000] {processor.py:183} INFO - Processing /home/airflow/.local/lib/python3.11/site-packages/airflow/example_dags/example_trigger_controller_dag.py took 0.058 seconds
[2026-03-15T17:33:48.582+0000] {processor.py:161} INFO - Started process (PID=978) to work on /home/airflow/.local/lib/python3.11/site-packages/airflow/example_dags/example_trigger_controller_dag.py
[2026-03-15T17:33:48.583+0000] {processor.py:830} INFO - Processing file /home/airflow/.local/lib/python3.11/site-packages/airflow/example_dags/example_trigger_controller_dag.py for tasks to queue
[2026-03-15T17:33:48.585+0000] {logging_mixin.py:188} INFO - [2026-03-15T17:33:48.585+0000] {dagbag.py:540} INFO - Filling up the DagBag from /home/airflow/.local/lib/python3.11/site-packages/airflow/example_dags/example_trigger_controller_dag.py
[2026-03-15T17:33:48.590+0000] {processor.py:840} INFO - DAG(s) 'example_trigger_controller_dag' retrieved from /home/airflow/.local/lib/python3.11/site-packages/airflow/example_dags/example_trigger_controller_dag.py
[2026-03-15T17:33:48.605+0000] {logging_mixin.py:188} INFO - [2026-03-15T17:33:48.605+0000] {dag.py:3047} INFO - Sync 1 DAGs
[2026-03-15T17:33:48.620+0000] {logging_mixin.py:188} INFO - [2026-03-15T17:33:48.620+0000] {dag.py:3834} INFO - Setting next_dagrun for example_trigger_controller_dag to 2021-01-01 00:00:00+00:00, run_after=2021-01-01 00:00:00+00:00
[2026-03-15T17:33:48.634+0000] {processor.py:183} INFO - Processing /home/airflow/.local/lib/python3.11/site-packages/airflow/example_dags/example_trigger_controller_dag.py took 0.056 seconds
[2026-03-15T17:34:07.287+0000] {processor.py:161} INFO - Started process (PID=1034) to work on /home/airflow/.local/lib/python3.11/site-packages/airflow/example_dags/example_trigger_controller_dag.py
[2026-03-15T17:34:07.288+0000] {processor.py:830} INFO - Processing file /home/airflow/.local/lib/python3.11/site-packages/airflow/example_dags/example_trigger_controller_dag.py for tasks to queue
[2026-03-15T17:34:07.290+0000] {logging_mixin.py:188} INFO - [2026-03-15T17:34:07.289+0000] {dagbag.py:540} INFO - Filling up the DagBag from /home/airflow/.local/lib/python3.11/site-packages/airflow/example_dags/example_trigger_controller_dag.py
[2026-03-15T17:34:07.293+0000] {processor.py:840} INFO - DAG(s) 'example_trigger_controller_dag' retrieved from /home/airflow/.local/lib/python3.11/site-packages/airflow/example_dags/example_trigger_controller_dag.py
[2026-03-15T17:34:07.308+0000] {logging_mixin.py:188} INFO - [2026-03-15T17:34:07.308+0000] {dag.py:3047} INFO - Sync 1 DAGs
[2026-03-15T17:34:07.321+0000] {logging_mixin.py:188} INFO - [2026-03-15T17:34:07.321+0000] {dag.py:3834} INFO - Setting next_dagrun for example_trigger_controller_dag to 2021-01-01 00:00:00+00:00, run_after=2021-01-01 00:00:00+00:00
[2026-03-15T17:34:07.333+0000] {processor.py:183} INFO - Processing /home/airflow/.local/lib/python3.11/site-packages/airflow/example_dags/example_trigger_controller_dag.py took 0.049 seconds
[2026-03-15T17:34:13.521+0000] {processor.py:161} INFO - Started process (PID=1082) to work on /home/airflow/.local/lib/python3.11/site-packages/airflow/example_dags/example_trigger_controller_dag.py
[2026-03-15T17:34:13.522+0000] {processor.py:830} INFO - Processing file /home/airflow/.local/lib/python3.11/site-packages/airflow/example_dags/example_trigger_controller_dag.py for tasks to queue
[2026-03-15T17:34:13.524+0000] {logging_mixin.py:188} INFO - [2026-03-15T17:34:13.523+0000] {dagbag.py:540} INFO - Filling up the DagBag from /home/airflow/.local/lib/python3.11/site-packages/airflow/example_dags/example_trigger_controller_dag.py
[2026-03-15T17:34:13.528+0000] {processor.py:840} INFO - DAG(s) 'example_trigger_controller_dag' retrieved from /home/airflow/.local/lib/python3.11/site-packages/airflow/example_dags/example_trigger_controller_dag.py
[2026-03-15T17:34:13.544+0000] {logging_mixin.py:188} INFO - [2026-03-15T17:34:13.544+0000] {dag.py:3047} INFO - Sync 1 DAGs
[2026-03-15T17:34:13.559+0000] {logging_mixin.py:188} INFO - [2026-03-15T17:34:13.559+0000] {dag.py:3834} INFO - Setting next_dagrun for example_trigger_controller_dag to 2021-01-01 00:00:00+00:00, run_after=2021-01-01 00:00:00+00:00
[2026-03-15T17:34:13.580+0000] {processor.py:183} INFO - Processing /home/airflow/.local/lib/python3.11/site-packages/airflow/example_dags/example_trigger_controller_dag.py took 0.061 seconds
[2026-03-15T17:34:18.406+0000] {processor.py:161} INFO - Started process (PID=1123) to work on /home/airflow/.local/lib/python3.11/site-packages/airflow/example_dags/example_trigger_controller_dag.py
[2026-03-15T17:34:18.407+0000] {processor.py:830} INFO - Processing file /home/airflow/.local/lib/python3.11/site-packages/airflow/example_dags/example_trigger_controller_dag.py for tasks to queue
[2026-03-15T17:34:18.409+0000] {logging_mixin.py:188} INFO - [2026-03-15T17:34:18.408+0000] {dagbag.py:540} INFO - Filling up the DagBag from /home/airflow/.local/lib/python3.11/site-packages/airflow/example_dags/example_trigger_controller_dag.py
[2026-03-15T17:34:18.413+0000] {processor.py:840} INFO - DAG(s) 'example_trigger_controller_dag' retrieved from /home/airflow/.local/lib/python3.11/site-packages/airflow/example_dags/example_trigger_controller_dag.py
[2026-03-15T17:34:18.429+0000] {logging_mixin.py:188} INFO - [2026-03-15T17:34:18.429+0000] {dag.py:3047} INFO - Sync 1 DAGs
[2026-03-15T17:34:18.444+0000] {logging_mixin.py:188} INFO - [2026-03-15T17:34:18.444+0000] {dag.py:3834} INFO - Setting next_dagrun for example_trigger_controller_dag to 2021-01-01 00:00:00+00:00, run_after=2021-01-01 00:00:00+00:00
[2026-03-15T17:34:18.459+0000] {processor.py:183} INFO - Processing /home/airflow/.local/lib/python3.11/site-packages/airflow/example_dags/example_trigger_controller_dag.py took 0.056 seconds
[2026-03-15T17:35:12.502+0000] {processor.py:161} INFO - Started process (PID=1162) to work on /home/airflow/.local/lib/python3.11/site-packages/airflow/example_dags/example_trigger_controller_dag.py
[2026-03-15T17:35:12.503+0000] {processor.py:830} INFO - Processing file /home/airflow/.local/lib/python3.11/site-packages/airflow/example_dags/example_trigger_controller_dag.py for tasks to queue
[2026-03-15T17:35:12.505+0000] {logging_mixin.py:188} INFO - [2026-03-15T17:35:12.504+0000] {dagbag.py:540} INFO - Filling up the DagBag from /home/airflow/.local/lib/python3.11/site-packages/airflow/example_dags/example_trigger_controller_dag.py
[2026-03-15T17:35:12.509+0000] {processor.py:840} INFO - DAG(s) 'example_trigger_controller_dag' retrieved from /home/airflow/.local/lib/python3.11/site-packages/airflow/example_dags/example_trigger_controller_dag.py
[2026-03-15T17:35:12.523+0000] {logging_mixin.py:188} INFO - [2026-03-15T17:35:12.523+0000] {dag.py:3047} INFO - Sync 1 DAGs
[2026-03-15T17:35:12.546+0000] {logging_mixin.py:188} INFO - [2026-03-15T17:35:12.546+0000] {dag.py:3834} INFO - Setting next_dagrun for example_trigger_controller_dag to 2021-01-01 00:00:00+00:00, run_after=2021-01-01 00:00:00+00:00
[2026-03-15T17:34:23.407+0000] {processor.py:183} INFO - Processing /home/airflow/.local/lib/python3.11/site-packages/airflow/example_dags/example_trigger_controller_dag.py took 0.066 seconds
[2026-03-15T17:35:27.435+0000] {processor.py:161} INFO - Started process (PID=1207) to work on /home/airflow/.local/lib/python3.11/site-packages/airflow/example_dags/example_trigger_controller_dag.py
[2026-03-15T17:35:27.436+0000] {processor.py:830} INFO - Processing file /home/airflow/.local/lib/python3.11/site-packages/airflow/example_dags/example_trigger_controller_dag.py for tasks to queue
[2026-03-15T17:35:27.438+0000] {logging_mixin.py:188} INFO - [2026-03-15T17:35:27.437+0000] {dagbag.py:540} INFO - Filling up the DagBag from /home/airflow/.local/lib/python3.11/site-packages/airflow/example_dags/example_trigger_controller_dag.py
[2026-03-15T17:35:27.441+0000] {processor.py:840} INFO - DAG(s) 'example_trigger_controller_dag' retrieved from /home/airflow/.local/lib/python3.11/site-packages/airflow/example_dags/example_trigger_controller_dag.py
[2026-03-15T17:35:27.456+0000] {logging_mixin.py:188} INFO - [2026-03-15T17:35:27.456+0000] {dag.py:3047} INFO - Sync 1 DAGs
[2026-03-15T17:35:27.472+0000] {logging_mixin.py:188} INFO - [2026-03-15T17:35:27.472+0000] {dag.py:3834} INFO - Setting next_dagrun for example_trigger_controller_dag to 2021-01-01 00:00:00+00:00, run_after=2021-01-01 00:00:00+00:00
[2026-03-15T17:35:27.489+0000] {processor.py:183} INFO - Processing /home/airflow/.local/lib/python3.11/site-packages/airflow/example_dags/example_trigger_controller_dag.py took 0.057 seconds
[2026-03-15T17:35:37.897+0000] {processor.py:161} INFO - Started process (PID=1462) to work on /home/airflow/.local/lib/python3.11/site-packages/airflow/example_dags/example_trigger_controller_dag.py
[2026-03-15T17:35:37.898+0000] {processor.py:830} INFO - Processing file /home/airflow/.local/lib/python3.11/site-packages/airflow/example_dags/example_trigger_controller_dag.py for tasks to queue
[2026-03-15T17:35:37.900+0000] {logging_mixin.py:188} INFO - [2026-03-15T17:35:37.900+0000] {dagbag.py:540} INFO - Filling up the DagBag from /home/airflow/.local/lib/python3.11/site-packages/airflow/example_dags/example_trigger_controller_dag.py
[2026-03-15T17:35:37.905+0000] {processor.py:840} INFO - DAG(s) 'example_trigger_controller_dag' retrieved from /home/airflow/.local/lib/python3.11/site-packages/airflow/example_dags/example_trigger_controller_dag.py
[2026-03-15T17:35:37.921+0000] {logging_mixin.py:188} INFO - [2026-03-15T17:35:37.921+0000] {dag.py:3047} INFO - Sync 1 DAGs
[2026-03-15T17:35:37.936+0000] {logging_mixin.py:188} INFO - [2026-03-15T17:35:37.936+0000] {dag.py:3834} INFO - Setting next_dagrun for example_trigger_controller_dag to 2021-01-01 00:00:00+00:00, run_after=2021-01-01 00:00:00+00:00
[2026-03-15T17:35:37.952+0000] {processor.py:183} INFO - Processing /home/airflow/.local/lib/python3.11/site-packages/airflow/example_dags/example_trigger_controller_dag.py took 0.058 seconds
[2026-03-15T17:35:48.903+0000] {processor.py:161} INFO - Started process (PID=1503) to work on /home/airflow/.local/lib/python3.11/site-packages/airflow/example_dags/example_trigger_controller_dag.py
[2026-03-15T17:35:48.904+0000] {processor.py:830} INFO - Processing file /home/airflow/.local/lib/python3.11/site-packages/airflow/example_dags/example_trigger_controller_dag.py for tasks to queue
[2026-03-15T17:35:48.906+0000] {logging_mixin.py:188} INFO - [2026-03-15T17:35:48.906+0000] {dagbag.py:540} INFO - Filling up the DagBag from /home/airflow/.local/lib/python3.11/site-packages/airflow/example_dags/example_trigger_controller_dag.py
[2026-03-15T17:35:48.910+0000] {processor.py:840} INFO - DAG(s) 'example_trigger_controller_dag' retrieved from /home/airflow/.local/lib/python3.11/site-packages/airflow/example_dags/example_trigger_controller_dag.py
[2026-03-15T17:35:48.926+0000] {logging_mixin.py:188} INFO - [2026-03-15T17:35:48.926+0000] {dag.py:3047} INFO - Sync 1 DAGs
[2026-03-15T17:35:48.945+0000] {logging_mixin.py:188} INFO - [2026-03-15T17:35:48.945+0000] {dag.py:3834} INFO - Setting next_dagrun for example_trigger_controller_dag to 2021-01-01 00:00:00+00:00, run_after=2021-01-01 00:00:00+00:00
[2026-03-15T17:35:48.959+0000] {processor.py:183} INFO - Processing /home/airflow/.local/lib/python3.11/site-packages/airflow/example_dags/example_trigger_controller_dag.py took 0.060 seconds
[2026-03-15T17:35:53.833+0000] {processor.py:161} INFO - Started process (PID=1541) to work on /home/airflow/.local/lib/python3.11/site-packages/airflow/example_dags/example_trigger_controller_dag.py
[2026-03-15T17:35:53.835+0000] {processor.py:830} INFO - Processing file /home/airflow/.local/lib/python3.11/site-packages/airflow/example_dags/example_trigger_controller_dag.py for tasks to queue
[2026-03-15T17:35:53.837+0000] {logging_mixin.py:188} INFO - [2026-03-15T17:35:53.837+0000] {dagbag.py:540} INFO - Filling up the DagBag from /home/airflow/.local/lib/python3.11/site-packages/airflow/example_dags/example_trigger_controller_dag.py
[2026-03-15T17:35:53.843+0000] {processor.py:840} INFO - DAG(s) 'example_trigger_controller_dag' retrieved from /home/airflow/.local/lib/python3.11/site-packages/airflow/example_dags/example_trigger_controller_dag.py
[2026-03-15T17:35:53.858+0000] {logging_mixin.py:188} INFO - [2026-03-15T17:35:53.858+0000] {dag.py:3047} INFO - Sync 1 DAGs
[2026-03-15T17:35:53.873+0000] {logging_mixin.py:188} INFO - [2026-03-15T17:35:53.873+0000] {dag.py:3834} INFO - Setting next_dagrun for example_trigger_controller_dag to 2021-01-01 00:00:00+00:00, run_after=2021-01-01 00:00:00+00:00
[2026-03-15T17:35:53.887+0000] {processor.py:183} INFO - Processing /home/airflow/.local/lib/python3.11/site-packages/airflow/example_dags/example_trigger_controller_dag.py took 0.057 seconds
[2026-03-15T17:36:56.860+0000] {processor.py:161} INFO - Started process (PID=1585) to work on /home/airflow/.local/lib/python3.11/site-packages/airflow/example_dags/example_trigger_controller_dag.py
[2026-03-15T17:36:56.861+0000] {processor.py:830} INFO - Processing file /home/airflow/.local/lib/python3.11/site-packages/airflow/example_dags/example_trigger_controller_dag.py for tasks to queue
[2026-03-15T17:36:56.863+0000] {logging_mixin.py:188} INFO - [2026-03-15T17:36:56.862+0000] {dagbag.py:540} INFO - Filling up the DagBag from /home/airflow/.local/lib/python3.11/site-packages/airflow/example_dags/example_trigger_controller_dag.py
[2026-03-15T17:36:56.867+0000] {processor.py:840} INFO - DAG(s) 'example_trigger_controller_dag' retrieved from /home/airflow/.local/lib/python3.11/site-packages/airflow/example_dags/example_trigger_controller_dag.py
[2026-03-15T17:36:07.731+0000] {logging_mixin.py:188} INFO - [2026-03-15T17:36:07.731+0000] {dag.py:3047} INFO - Sync 1 DAGs
[2026-03-15T17:36:07.745+0000] {logging_mixin.py:188} INFO - [2026-03-15T17:36:07.745+0000] {dag.py:3834} INFO - Setting next_dagrun for example_trigger_controller_dag to 2021-01-01 00:00:00+00:00, run_after=2021-01-01 00:00:00+00:00
[2026-03-15T17:36:07.764+0000] {processor.py:183} INFO - Processing /home/airflow/.local/lib/python3.11/site-packages/airflow/example_dags/example_trigger_controller_dag.py took 0.060 seconds
[2026-03-15T17:37:02.978+0000] {processor.py:161} INFO - Started process (PID=1623) to work on /home/airflow/.local/lib/python3.11/site-packages/airflow/example_dags/example_trigger_controller_dag.py
[2026-03-15T17:37:02.979+0000] {processor.py:830} INFO - Processing file /home/airflow/.local/lib/python3.11/site-packages/airflow/example_dags/example_trigger_controller_dag.py for tasks to queue
[2026-03-15T17:37:02.981+0000] {logging_mixin.py:188} INFO - [2026-03-15T17:37:02.981+0000] {dagbag.py:540} INFO - Filling up the DagBag from /home/airflow/.local/lib/python3.11/site-packages/airflow/example_dags/example_trigger_controller_dag.py
[2026-03-15T17:37:02.985+0000] {processor.py:840} INFO - DAG(s) 'example_trigger_controller_dag' retrieved from /home/airflow/.local/lib/python3.11/site-packages/airflow/example_dags/example_trigger_controller_dag.py
[2026-03-15T17:36:13.815+0000] {logging_mixin.py:188} INFO - [2026-03-15T17:36:13.815+0000] {dag.py:3047} INFO - Sync 1 DAGs
[2026-03-15T17:36:13.829+0000] {logging_mixin.py:188} INFO - [2026-03-15T17:36:13.829+0000] {dag.py:3834} INFO - Setting next_dagrun for example_trigger_controller_dag to 2021-01-01 00:00:00+00:00, run_after=2021-01-01 00:00:00+00:00
[2026-03-15T17:36:13.843+0000] {processor.py:183} INFO - Processing /home/airflow/.local/lib/python3.11/site-packages/airflow/example_dags/example_trigger_controller_dag.py took 0.051 seconds
[2026-03-15T17:36:44.185+0000] {processor.py:161} INFO - Started process (PID=1667) to work on /home/airflow/.local/lib/python3.11/site-packages/airflow/example_dags/example_trigger_controller_dag.py
[2026-03-15T17:36:44.186+0000] {processor.py:830} INFO - Processing file /home/airflow/.local/lib/python3.11/site-packages/airflow/example_dags/example_trigger_controller_dag.py for tasks to queue
[2026-03-15T17:36:44.189+0000] {logging_mixin.py:188} INFO - [2026-03-15T17:36:44.188+0000] {dagbag.py:540} INFO - Filling up the DagBag from /home/airflow/.local/lib/python3.11/site-packages/airflow/example_dags/example_trigger_controller_dag.py
[2026-03-15T17:36:44.193+0000] {processor.py:840} INFO - DAG(s) 'example_trigger_controller_dag' retrieved from /home/airflow/.local/lib/python3.11/site-packages/airflow/example_dags/example_trigger_controller_dag.py
[2026-03-15T17:36:44.210+0000] {logging_mixin.py:188} INFO - [2026-03-15T17:36:44.210+0000] {dag.py:3047} INFO - Sync 1 DAGs
[2026-03-15T17:36:44.225+0000] {logging_mixin.py:188} INFO - [2026-03-15T17:36:44.225+0000] {dag.py:3834} INFO - Setting next_dagrun for example_trigger_controller_dag to 2021-01-01 00:00:00+00:00, run_after=2021-01-01 00:00:00+00:00
[2026-03-15T17:36:44.238+0000] {processor.py:183} INFO - Processing /home/airflow/.local/lib/python3.11/site-packages/airflow/example_dags/example_trigger_controller_dag.py took 0.057 seconds
[2026-03-15T17:37:15.263+0000] {processor.py:161} INFO - Started process (PID=1715) to work on /home/airflow/.local/lib/python3.11/site-packages/airflow/example_dags/example_trigger_controller_dag.py
[2026-03-15T17:37:15.263+0000] {processor.py:830} INFO - Processing file /home/airflow/.local/lib/python3.11/site-packages/airflow/example_dags/example_trigger_controller_dag.py for tasks to queue
[2026-03-15T17:37:15.265+0000] {logging_mixin.py:188} INFO - [2026-03-15T17:37:15.265+0000] {dagbag.py:540} INFO - Filling up the DagBag from /home/airflow/.local/lib/python3.11/site-packages/airflow/example_dags/example_trigger_controller_dag.py
[2026-03-15T17:37:15.270+0000] {processor.py:840} INFO - DAG(s) 'example_trigger_controller_dag' retrieved from /home/airflow/.local/lib/python3.11/site-packages/airflow/example_dags/example_trigger_controller_dag.py
[2026-03-15T17:37:15.288+0000] {logging_mixin.py:188} INFO - [2026-03-15T17:37:15.288+0000] {dag.py:3047} INFO - Sync 1 DAGs
[2026-03-15T17:37:15.303+0000] {logging_mixin.py:188} INFO - [2026-03-15T17:37:15.302+0000] {dag.py:3834} INFO - Setting next_dagrun for example_trigger_controller_dag to 2021-01-01 00:00:00+00:00, run_after=2021-01-01 00:00:00+00:00
[2026-03-15T17:37:15.318+0000] {processor.py:183} INFO - Processing /home/airflow/.local/lib/python3.11/site-packages/airflow/example_dags/example_trigger_controller_dag.py took 0.058 seconds
[2026-03-15T17:37:19.258+0000] {processor.py:161} INFO - Started process (PID=1761) to work on /home/airflow/.local/lib/python3.11/site-packages/airflow/example_dags/example_trigger_controller_dag.py
[2026-03-15T17:37:19.259+0000] {processor.py:830} INFO - Processing file /home/airflow/.local/lib/python3.11/site-packages/airflow/example_dags/example_trigger_controller_dag.py for tasks to queue
[2026-03-15T17:37:19.261+0000] {logging_mixin.py:188} INFO - [2026-03-15T17:37:19.261+0000] {dagbag.py:540} INFO - Filling up the DagBag from /home/airflow/.local/lib/python3.11/site-packages/airflow/example_dags/example_trigger_controller_dag.py
[2026-03-15T17:37:19.265+0000] {processor.py:840} INFO - DAG(s) 'example_trigger_controller_dag' retrieved from /home/airflow/.local/lib/python3.11/site-packages/airflow/example_dags/example_trigger_controller_dag.py
[2026-03-15T17:37:19.279+0000] {logging_mixin.py:188} INFO - [2026-03-15T17:37:19.279+0000] {dag.py:3047} INFO - Sync 1 DAGs
[2026-03-15T17:37:19.293+0000] {logging_mixin.py:188} INFO - [2026-03-15T17:37:19.293+0000] {dag.py:3834} INFO - Setting next_dagrun for example_trigger_controller_dag to 2021-01-01 00:00:00+00:00, run_after=2021-01-01 00:00:00+00:00
[2026-03-15T17:37:19.307+0000] {processor.py:183} INFO - Processing /home/airflow/.local/lib/python3.11/site-packages/airflow/example_dags/example_trigger_controller_dag.py took 0.051 seconds
[2026-03-15T17:37:37.826+0000] {processor.py:161} INFO - Started process (PID=1816) to work on /home/airflow/.local/lib/python3.11/site-packages/airflow/example_dags/example_trigger_controller_dag.py
[2026-03-15T17:37:37.827+0000] {processor.py:830} INFO - Processing file /home/airflow/.local/lib/python3.11/site-packages/airflow/example_dags/example_trigger_controller_dag.py for tasks to queue
[2026-03-15T17:37:37.828+0000] {logging_mixin.py:188} INFO - [2026-03-15T17:37:37.828+0000] {dagbag.py:540} INFO - Filling up the DagBag from /home/airflow/.local/lib/python3.11/site-packages/airflow/example_dags/example_trigger_controller_dag.py
[2026-03-15T17:37:37.832+0000] {processor.py:840} INFO - DAG(s) 'example_trigger_controller_dag' retrieved from /home/airflow/.local/lib/python3.11/site-packages/airflow/example_dags/example_trigger_controller_dag.py
[2026-03-15T17:37:37.847+0000] {logging_mixin.py:188} INFO - [2026-03-15T17:37:37.846+0000] {dag.py:3047} INFO - Sync 1 DAGs
[2026-03-15T17:37:37.861+0000] {logging_mixin.py:188} INFO - [2026-03-15T17:37:37.861+0000] {dag.py:3834} INFO - Setting next_dagrun for example_trigger_controller_dag to 2021-01-01 00:00:00+00:00, run_after=2021-01-01 00:00:00+00:00
[2026-03-15T17:37:37.875+0000] {processor.py:183} INFO - Processing /home/airflow/.local/lib/python3.11/site-packages/airflow/example_dags/example_trigger_controller_dag.py took 0.052 seconds
[2026-03-15T17:37:44.154+0000] {processor.py:161} INFO - Started process (PID=1860) to work on /home/airflow/.local/lib/python3.11/site-packages/airflow/example_dags/example_trigger_controller_dag.py
[2026-03-15T17:37:44.158+0000] {processor.py:830} INFO - Processing file /home/airflow/.local/lib/python3.11/site-packages/airflow/example_dags/example_trigger_controller_dag.py for tasks to queue
[2026-03-15T17:37:44.162+0000] {logging_mixin.py:188} INFO - [2026-03-15T17:37:44.162+0000] {dagbag.py:540} INFO - Filling up the DagBag from /home/airflow/.local/lib/python3.11/site-packages/airflow/example_dags/example_trigger_controller_dag.py
[2026-03-15T17:37:44.166+0000] {processor.py:840} INFO - DAG(s) 'example_trigger_controller_dag' retrieved from /home/airflow/.local/lib/python3.11/site-packages/airflow/example_dags/example_trigger_controller_dag.py
[2026-03-15T17:37:44.185+0000] {logging_mixin.py:188} INFO - [2026-03-15T17:37:44.185+0000] {dag.py:3047} INFO - Sync 1 DAGs
[2026-03-15T17:37:44.201+0000] {logging_mixin.py:188} INFO - [2026-03-15T17:37:44.201+0000] {dag.py:3834} INFO - Setting next_dagrun for example_trigger_controller_dag to 2021-01-01 00:00:00+00:00, run_after=2021-01-01 00:00:00+00:00
[2026-03-15T17:37:44.216+0000] {processor.py:183} INFO - Processing /home/airflow/.local/lib/python3.11/site-packages/airflow/example_dags/example_trigger_controller_dag.py took 0.064 seconds
[2026-03-15T17:38:07.654+0000] {processor.py:161} INFO - Started process (PID=1905) to work on /home/airflow/.local/lib/python3.11/site-packages/airflow/example_dags/example_trigger_controller_dag.py
[2026-03-15T17:38:07.655+0000] {processor.py:830} INFO - Processing file /home/airflow/.local/lib/python3.11/site-packages/airflow/example_dags/example_trigger_controller_dag.py for tasks to queue
[2026-03-15T17:38:07.657+0000] {logging_mixin.py:188} INFO - [2026-03-15T17:38:07.656+0000] {dagbag.py:540} INFO - Filling up the DagBag from /home/airflow/.local/lib/python3.11/site-packages/airflow/example_dags/example_trigger_controller_dag.py
[2026-03-15T17:38:07.661+0000] {processor.py:840} INFO - DAG(s) 'example_trigger_controller_dag' retrieved from /home/airflow/.local/lib/python3.11/site-packages/airflow/example_dags/example_trigger_controller_dag.py
[2026-03-15T17:38:07.677+0000] {logging_mixin.py:188} INFO - [2026-03-15T17:38:07.676+0000] {dag.py:3047} INFO - Sync 1 DAGs
[2026-03-15T17:38:07.691+0000] {logging_mixin.py:188} INFO - [2026-03-15T17:38:07.691+0000] {dag.py:3834} INFO - Setting next_dagrun for example_trigger_controller_dag to 2021-01-01 00:00:00+00:00, run_after=2021-01-01 00:00:00+00:00
[2026-03-15T17:38:07.708+0000] {processor.py:183} INFO - Processing /home/airflow/.local/lib/python3.11/site-packages/airflow/example_dags/example_trigger_controller_dag.py took 0.057 seconds
[2026-03-15T17:38:37.763+0000] {processor.py:161} INFO - Started process (PID=1953) to work on /home/airflow/.local/lib/python3.11/site-packages/airflow/example_dags/example_trigger_controller_dag.py
[2026-03-15T17:38:37.764+0000] {processor.py:830} INFO - Processing file /home/airflow/.local/lib/python3.11/site-packages/airflow/example_dags/example_trigger_controller_dag.py for tasks to queue
[2026-03-15T17:38:37.766+0000] {logging_mixin.py:188} INFO - [2026-03-15T17:38:37.765+0000] {dagbag.py:540} INFO - Filling up the DagBag from /home/airflow/.local/lib/python3.11/site-packages/airflow/example_dags/example_trigger_controller_dag.py
[2026-03-15T17:38:37.770+0000] {processor.py:840} INFO - DAG(s) 'example_trigger_controller_dag' retrieved from /home/airflow/.local/lib/python3.11/site-packages/airflow/example_dags/example_trigger_controller_dag.py
[2026-03-15T17:38:37.784+0000] {logging_mixin.py:188} INFO - [2026-03-15T17:38:37.784+0000] {dag.py:3047} INFO - Sync 1 DAGs
[2026-03-15T17:38:37.799+0000] {logging_mixin.py:188} INFO - [2026-03-15T17:38:37.799+0000] {dag.py:3834} INFO - Setting next_dagrun for example_trigger_controller_dag to 2021-01-01 00:00:00+00:00, run_after=2021-01-01 00:00:00+00:00
[2026-03-15T17:38:37.812+0000] {processor.py:183} INFO - Processing /home/airflow/.local/lib/python3.11/site-packages/airflow/example_dags/example_trigger_controller_dag.py took 0.052 seconds
[2026-03-15T17:38:44.283+0000] {processor.py:161} INFO - Started process (PID=1996) to work on /home/airflow/.local/lib/python3.11/site-packages/airflow/example_dags/example_trigger_controller_dag.py
[2026-03-15T17:38:44.284+0000] {processor.py:830} INFO - Processing file /home/airflow/.local/lib/python3.11/site-packages/airflow/example_dags/example_trigger_controller_dag.py for tasks to queue
[2026-03-15T17:38:44.286+0000] {logging_mixin.py:188} INFO - [2026-03-15T17:38:44.286+0000] {dagbag.py:540} INFO - Filling up the DagBag from /home/airflow/.local/lib/python3.11/site-packages/airflow/example_dags/example_trigger_controller_dag.py
[2026-03-15T17:38:44.290+0000] {processor.py:840} INFO - DAG(s) 'example_trigger_controller_dag' retrieved from /home/airflow/.local/lib/python3.11/site-packages/airflow/example_dags/example_trigger_controller_dag.py
[2026-03-15T17:38:44.306+0000] {logging_mixin.py:188} INFO - [2026-03-15T17:38:44.306+0000] {dag.py:3047} INFO - Sync 1 DAGs
[2026-03-15T17:38:44.322+0000] {logging_mixin.py:188} INFO - [2026-03-15T17:38:44.321+0000] {dag.py:3834} INFO - Setting next_dagrun for example_trigger_controller_dag to 2021-01-01 00:00:00+00:00, run_after=2021-01-01 00:00:00+00:00
[2026-03-15T17:38:44.337+0000] {processor.py:183} INFO - Processing /home/airflow/.local/lib/python3.11/site-packages/airflow/example_dags/example_trigger_controller_dag.py took 0.058 seconds
[2026-03-15T17:39:08.153+0000] {processor.py:161} INFO - Started process (PID=2046) to work on /home/airflow/.local/lib/python3.11/site-packages/airflow/example_dags/example_trigger_controller_dag.py
[2026-03-15T17:39:08.154+0000] {processor.py:830} INFO - Processing file /home/airflow/.local/lib/python3.11/site-packages/airflow/example_dags/example_trigger_controller_dag.py for tasks to queue
[2026-03-15T17:39:08.157+0000] {logging_mixin.py:188} INFO - [2026-03-15T17:39:08.156+0000] {dagbag.py:540} INFO - Filling up the DagBag from /home/airflow/.local/lib/python3.11/site-packages/airflow/example_dags/example_trigger_controller_dag.py
[2026-03-15T17:39:08.162+0000] {processor.py:840} INFO - DAG(s) 'example_trigger_controller_dag' retrieved from /home/airflow/.local/lib/python3.11/site-packages/airflow/example_dags/example_trigger_controller_dag.py
[2026-03-15T17:39:08.179+0000] {logging_mixin.py:188} INFO - [2026-03-15T17:39:08.179+0000] {dag.py:3047} INFO - Sync 1 DAGs
[2026-03-15T17:39:08.196+0000] {logging_mixin.py:188} INFO - [2026-03-15T17:39:08.196+0000] {dag.py:3834} INFO - Setting next_dagrun for example_trigger_controller_dag to 2021-01-01 00:00:00+00:00, run_after=2021-01-01 00:00:00+00:00
[2026-03-15T17:39:08.211+0000] {processor.py:183} INFO - Processing /home/airflow/.local/lib/python3.11/site-packages/airflow/example_dags/example_trigger_controller_dag.py took 0.060 seconds
[2026-03-15T17:39:14.526+0000] {processor.py:161} INFO - Started process (PID=2090) to work on /home/airflow/.local/lib/python3.11/site-packages/airflow/example_dags/example_trigger_controller_dag.py
[2026-03-15T17:39:14.527+0000] {processor.py:830} INFO - Processing file /home/airflow/.local/lib/python3.11/site-packages/airflow/example_dags/example_trigger_controller_dag.py for tasks to queue
[2026-03-15T17:39:14.529+0000] {logging_mixin.py:188} INFO - [2026-03-15T17:39:14.529+0000] {dagbag.py:540} INFO - Filling up the DagBag from /home/airflow/.local/lib/python3.11/site-packages/airflow/example_dags/example_trigger_controller_dag.py
[2026-03-15T17:39:14.533+0000] {processor.py:840} INFO - DAG(s) 'example_trigger_controller_dag' retrieved from /home/airflow/.local/lib/python3.11/site-packages/airflow/example_dags/example_trigger_controller_dag.py
[2026-03-15T17:39:14.548+0000] {logging_mixin.py:188} INFO - [2026-03-15T17:39:14.548+0000] {dag.py:3047} INFO - Sync 1 DAGs
[2026-03-15T17:39:14.564+0000] {logging_mixin.py:188} INFO - [2026-03-15T17:39:14.564+0000] {dag.py:3834} INFO - Setting next_dagrun for example_trigger_controller_dag to 2021-01-01 00:00:00+00:00, run_after=2021-01-01 00:00:00+00:00
[2026-03-15T17:39:14.578+0000] {processor.py:183} INFO - Processing /home/airflow/.local/lib/python3.11/site-packages/airflow/example_dags/example_trigger_controller_dag.py took 0.054 seconds
[2026-03-15T17:40:12.320+0000] {processor.py:161} INFO - Started process (PID=58) to work on /home/airflow/.local/lib/python3.11/site-packages/airflow/example_dags/example_trigger_controller_dag.py
[2026-03-15T17:40:12.322+0000] {processor.py:830} INFO - Processing file /home/airflow/.local/lib/python3.11/site-packages/airflow/example_dags/example_trigger_controller_dag.py for tasks to queue
[2026-03-15T17:40:12.325+0000] {logging_mixin.py:188} INFO - [2026-03-15T17:40:12.325+0000] {dagbag.py:540} INFO - Filling up the DagBag from /home/airflow/.local/lib/python3.11/site-packages/airflow/example_dags/example_trigger_controller_dag.py
[2026-03-15T17:40:12.333+0000] {processor.py:840} INFO - DAG(s) 'example_trigger_controller_dag' retrieved from /home/airflow/.local/lib/python3.11/site-packages/airflow/example_dags/example_trigger_controller_dag.py
[2026-03-15T17:40:12.345+0000] {logging_mixin.py:188} INFO - [2026-03-15T17:40:12.345+0000] {dag.py:3047} INFO - Sync 1 DAGs
[2026-03-15T17:40:12.370+0000] {logging_mixin.py:188} INFO - [2026-03-15T17:40:12.370+0000] {dag.py:3834} INFO - Setting next_dagrun for example_trigger_controller_dag to 2021-01-01 00:00:00+00:00, run_after=2021-01-01 00:00:00+00:00
[2026-03-15T17:40:12.392+0000] {processor.py:183} INFO - Processing /home/airflow/.local/lib/python3.11/site-packages/airflow/example_dags/example_trigger_controller_dag.py took 0.076 seconds
[2026-03-15T17:40:19.630+0000] {processor.py:161} INFO - Started process (PID=114) to work on /home/airflow/.local/lib/python3.11/site-packages/airflow/example_dags/example_trigger_controller_dag.py
[2026-03-15T17:40:19.632+0000] {processor.py:830} INFO - Processing file /home/airflow/.local/lib/python3.11/site-packages/airflow/example_dags/example_trigger_controller_dag.py for tasks to queue
[2026-03-15T17:40:19.633+0000] {logging_mixin.py:188} INFO - [2026-03-15T17:40:19.633+0000] {dagbag.py:540} INFO - Filling up the DagBag from /home/airflow/.local/lib/python3.11/site-packages/airflow/example_dags/example_trigger_controller_dag.py
[2026-03-15T17:40:19.638+0000] {processor.py:840} INFO - DAG(s) 'example_trigger_controller_dag' retrieved from /home/airflow/.local/lib/python3.11/site-packages/airflow/example_dags/example_trigger_controller_dag.py
[2026-03-15T17:40:19.649+0000] {logging_mixin.py:188} INFO - [2026-03-15T17:40:19.649+0000] {dag.py:3047} INFO - Sync 1 DAGs
[2026-03-15T17:40:19.665+0000] {logging_mixin.py:188} INFO - [2026-03-15T17:40:19.665+0000] {dag.py:3834} INFO - Setting next_dagrun for example_trigger_controller_dag to 2021-01-01 00:00:00+00:00, run_after=2021-01-01 00:00:00+00:00
[2026-03-15T17:40:19.680+0000] {processor.py:183} INFO - Processing /home/airflow/.local/lib/python3.11/site-packages/airflow/example_dags/example_trigger_controller_dag.py took 0.053 seconds
[2026-03-15T17:40:50.496+0000] {processor.py:161} INFO - Started process (PID=169) to work on /home/airflow/.local/lib/python3.11/site-packages/airflow/example_dags/example_trigger_controller_dag.py
[2026-03-15T17:40:50.497+0000] {processor.py:830} INFO - Processing file /home/airflow/.local/lib/python3.11/site-packages/airflow/example_dags/example_trigger_controller_dag.py for tasks to queue
[2026-03-15T17:40:50.500+0000] {logging_mixin.py:188} INFO - [2026-03-15T17:40:50.499+0000] {dagbag.py:540} INFO - Filling up the DagBag from /home/airflow/.local/lib/python3.11/site-packages/airflow/example_dags/example_trigger_controller_dag.py
[2026-03-15T17:40:50.505+0000] {processor.py:840} INFO - DAG(s) 'example_trigger_controller_dag' retrieved from /home/airflow/.local/lib/python3.11/site-packages/airflow/example_dags/example_trigger_controller_dag.py
[2026-03-15T17:40:50.582+0000] {logging_mixin.py:188} INFO - [2026-03-15T17:40:50.582+0000] {dag.py:3047} INFO - Sync 1 DAGs
[2026-03-15T17:40:50.598+0000] {logging_mixin.py:188} INFO - [2026-03-15T17:40:50.598+0000] {dag.py:3834} INFO - Setting next_dagrun for example_trigger_controller_dag to 2021-01-01 00:00:00+00:00, run_after=2021-01-01 00:00:00+00:00
[2026-03-15T17:40:50.614+0000] {processor.py:183} INFO - Processing /home/airflow/.local/lib/python3.11/site-packages/airflow/example_dags/example_trigger_controller_dag.py took 0.121 seconds
[2026-03-15T17:41:08.035+0000] {processor.py:161} INFO - Started process (PID=218) to work on /home/airflow/.local/lib/python3.11/site-packages/airflow/example_dags/example_trigger_controller_dag.py
[2026-03-15T17:41:08.036+0000] {processor.py:830} INFO - Processing file /home/airflow/.local/lib/python3.11/site-packages/airflow/example_dags/example_trigger_controller_dag.py for tasks to queue
[2026-03-15T17:41:08.038+0000] {logging_mixin.py:188} INFO - [2026-03-15T17:41:08.038+0000] {dagbag.py:540} INFO - Filling up the DagBag from /home/airflow/.local/lib/python3.11/site-packages/airflow/example_dags/example_trigger_controller_dag.py
[2026-03-15T17:41:08.042+0000] {processor.py:840} INFO - DAG(s) 'example_trigger_controller_dag' retrieved from /home/airflow/.local/lib/python3.11/site-packages/airflow/example_dags/example_trigger_controller_dag.py
[2026-03-15T17:41:08.052+0000] {logging_mixin.py:188} INFO - [2026-03-15T17:41:08.052+0000] {dag.py:3047} INFO - Sync 1 DAGs
[2026-03-15T17:41:08.067+0000] {logging_mixin.py:188} INFO - [2026-03-15T17:41:08.067+0000] {dag.py:3834} INFO - Setting next_dagrun for example_trigger_controller_dag to 2021-01-01 00:00:00+00:00, run_after=2021-01-01 00:00:00+00:00
[2026-03-15T17:41:08.081+0000] {processor.py:183} INFO - Processing /home/airflow/.local/lib/python3.11/site-packages/airflow/example_dags/example_trigger_controller_dag.py took 0.048 seconds
[2026-03-15T17:41:14.525+0000] {processor.py:161} INFO - Started process (PID=268) to work on /home/airflow/.local/lib/python3.11/site-packages/airflow/example_dags/example_trigger_controller_dag.py
[2026-03-15T17:41:14.526+0000] {processor.py:830} INFO - Processing file /home/airflow/.local/lib/python3.11/site-packages/airflow/example_dags/example_trigger_controller_dag.py for tasks to queue
[2026-03-15T17:41:14.528+0000] {logging_mixin.py:188} INFO - [2026-03-15T17:41:14.527+0000] {dagbag.py:540} INFO - Filling up the DagBag from /home/airflow/.local/lib/python3.11/site-packages/airflow/example_dags/example_trigger_controller_dag.py
[2026-03-15T17:41:14.532+0000] {processor.py:840} INFO - DAG(s) 'example_trigger_controller_dag' retrieved from /home/airflow/.local/lib/python3.11/site-packages/airflow/example_dags/example_trigger_controller_dag.py
[2026-03-15T17:41:14.541+0000] {logging_mixin.py:188} INFO - [2026-03-15T17:41:14.541+0000] {dag.py:3047} INFO - Sync 1 DAGs
[2026-03-15T17:41:14.557+0000] {logging_mixin.py:188} INFO - [2026-03-15T17:41:14.557+0000] {dag.py:3834} INFO - Setting next_dagrun for example_trigger_controller_dag to 2021-01-01 00:00:00+00:00, run_after=2021-01-01 00:00:00+00:00
[2026-03-15T17:41:14.571+0000] {processor.py:183} INFO - Processing /home/airflow/.local/lib/python3.11/site-packages/airflow/example_dags/example_trigger_controller_dag.py took 0.049 seconds
[2026-03-15T17:41:19.459+0000] {processor.py:161} INFO - Started process (PID=316) to work on /home/airflow/.local/lib/python3.11/site-packages/airflow/example_dags/example_trigger_controller_dag.py
[2026-03-15T17:41:19.461+0000] {processor.py:830} INFO - Processing file /home/airflow/.local/lib/python3.11/site-packages/airflow/example_dags/example_trigger_controller_dag.py for tasks to queue
[2026-03-15T17:41:19.463+0000] {logging_mixin.py:188} INFO - [2026-03-15T17:41:19.462+0000] {dagbag.py:540} INFO - Filling up the DagBag from /home/airflow/.local/lib/python3.11/site-packages/airflow/example_dags/example_trigger_controller_dag.py
[2026-03-15T17:41:19.468+0000] {processor.py:840} INFO - DAG(s) 'example_trigger_controller_dag' retrieved from /home/airflow/.local/lib/python3.11/site-packages/airflow/example_dags/example_trigger_controller_dag.py
[2026-03-15T17:41:19.477+0000] {logging_mixin.py:188} INFO - [2026-03-15T17:41:19.477+0000] {dag.py:3047} INFO - Sync 1 DAGs
[2026-03-15T17:41:19.492+0000] {logging_mixin.py:188} INFO - [2026-03-15T17:41:19.492+0000] {dag.py:3834} INFO - Setting next_dagrun for example_trigger_controller_dag to 2021-01-01 00:00:00+00:00, run_after=2021-01-01 00:00:00+00:00
[2026-03-15T17:41:19.506+0000] {processor.py:183} INFO - Processing /home/airflow/.local/lib/python3.11/site-packages/airflow/example_dags/example_trigger_controller_dag.py took 0.049 seconds
[2026-03-15T17:41:50.175+0000] {processor.py:161} INFO - Started process (PID=362) to work on /home/airflow/.local/lib/python3.11/site-packages/airflow/example_dags/example_trigger_controller_dag.py
[2026-03-15T17:41:50.176+0000] {processor.py:830} INFO - Processing file /home/airflow/.local/lib/python3.11/site-packages/airflow/example_dags/example_trigger_controller_dag.py for tasks to queue
[2026-03-15T17:41:50.178+0000] {logging_mixin.py:188} INFO - [2026-03-15T17:41:50.178+0000] {dagbag.py:540} INFO - Filling up the DagBag from /home/airflow/.local/lib/python3.11/site-packages/airflow/example_dags/example_trigger_controller_dag.py
[2026-03-15T17:41:50.182+0000] {processor.py:840} INFO - DAG(s) 'example_trigger_controller_dag' retrieved from /home/airflow/.local/lib/python3.11/site-packages/airflow/example_dags/example_trigger_controller_dag.py
[2026-03-15T17:41:50.196+0000] {logging_mixin.py:188} INFO - [2026-03-15T17:41:50.196+0000] {dag.py:3047} INFO - Sync 1 DAGs
[2026-03-15T17:41:50.210+0000] {logging_mixin.py:188} INFO - [2026-03-15T17:41:50.209+0000] {dag.py:3834} INFO - Setting next_dagrun for example_trigger_controller_dag to 2021-01-01 00:00:00+00:00, run_after=2021-01-01 00:00:00+00:00
[2026-03-15T17:41:50.223+0000] {processor.py:183} INFO - Processing /home/airflow/.local/lib/python3.11/site-packages/airflow/example_dags/example_trigger_controller_dag.py took 0.050 seconds
[2026-03-15T17:42:13.762+0000] {processor.py:161} INFO - Started process (PID=407) to work on /home/airflow/.local/lib/python3.11/site-packages/airflow/example_dags/example_trigger_controller_dag.py
[2026-03-15T17:42:13.763+0000] {processor.py:830} INFO - Processing file /home/airflow/.local/lib/python3.11/site-packages/airflow/example_dags/example_trigger_controller_dag.py for tasks to queue
[2026-03-15T17:42:13.765+0000] {logging_mixin.py:188} INFO - [2026-03-15T17:42:13.765+0000] {dagbag.py:540} INFO - Filling up the DagBag from /home/airflow/.local/lib/python3.11/site-packages/airflow/example_dags/example_trigger_controller_dag.py
[2026-03-15T17:42:13.770+0000] {processor.py:840} INFO - DAG(s) 'example_trigger_controller_dag' retrieved from /home/airflow/.local/lib/python3.11/site-packages/airflow/example_dags/example_trigger_controller_dag.py
[2026-03-15T17:42:13.789+0000] {logging_mixin.py:188} INFO - [2026-03-15T17:42:13.789+0000] {dag.py:3047} INFO - Sync 1 DAGs
[2026-03-15T17:42:13.808+0000] {logging_mixin.py:188} INFO - [2026-03-15T17:42:13.808+0000] {dag.py:3834} INFO - Setting next_dagrun for example_trigger_controller_dag to 2021-01-01 00:00:00+00:00, run_after=2021-01-01 00:00:00+00:00
[2026-03-15T17:42:13.827+0000] {processor.py:183} INFO - Processing /home/airflow/.local/lib/python3.11/site-packages/airflow/example_dags/example_trigger_controller_dag.py took 0.068 seconds
[2026-03-15T17:42:44.090+0000] {processor.py:161} INFO - Started process (PID=459) to work on /home/airflow/.local/lib/python3.11/site-packages/airflow/example_dags/example_trigger_controller_dag.py
[2026-03-15T17:42:44.091+0000] {processor.py:830} INFO - Processing file /home/airflow/.local/lib/python3.11/site-packages/airflow/example_dags/example_trigger_controller_dag.py for tasks to queue
[2026-03-15T17:42:44.093+0000] {logging_mixin.py:188} INFO - [2026-03-15T17:42:44.092+0000] {dagbag.py:540} INFO - Filling up the DagBag from /home/airflow/.local/lib/python3.11/site-packages/airflow/example_dags/example_trigger_controller_dag.py
[2026-03-15T17:42:44.097+0000] {processor.py:840} INFO - DAG(s) 'example_trigger_controller_dag' retrieved from /home/airflow/.local/lib/python3.11/site-packages/airflow/example_dags/example_trigger_controller_dag.py
[2026-03-15T17:42:44.113+0000] {logging_mixin.py:188} INFO - [2026-03-15T17:42:44.113+0000] {dag.py:3047} INFO - Sync 1 DAGs
[2026-03-15T17:42:44.128+0000] {logging_mixin.py:188} INFO - [2026-03-15T17:42:44.128+0000] {dag.py:3834} INFO - Setting next_dagrun for example_trigger_controller_dag to 2021-01-01 00:00:00+00:00, run_after=2021-01-01 00:00:00+00:00
[2026-03-15T17:42:44.144+0000] {processor.py:183} INFO - Processing /home/airflow/.local/lib/python3.11/site-packages/airflow/example_dags/example_trigger_controller_dag.py took 0.057 seconds
[2026-03-15T17:43:14.185+0000] {processor.py:161} INFO - Started process (PID=511) to work on /home/airflow/.local/lib/python3.11/site-packages/airflow/example_dags/example_trigger_controller_dag.py
[2026-03-15T17:43:14.186+0000] {processor.py:830} INFO - Processing file /home/airflow/.local/lib/python3.11/site-packages/airflow/example_dags/example_trigger_controller_dag.py for tasks to queue
[2026-03-15T17:43:14.188+0000] {logging_mixin.py:188} INFO - [2026-03-15T17:43:14.188+0000] {dagbag.py:540} INFO - Filling up the DagBag from /home/airflow/.local/lib/python3.11/site-packages/airflow/example_dags/example_trigger_controller_dag.py
[2026-03-15T17:43:14.192+0000] {processor.py:840} INFO - DAG(s) 'example_trigger_controller_dag' retrieved from /home/airflow/.local/lib/python3.11/site-packages/airflow/example_dags/example_trigger_controller_dag.py
[2026-03-15T17:43:14.208+0000] {logging_mixin.py:188} INFO - [2026-03-15T17:43:14.208+0000] {dag.py:3047} INFO - Sync 1 DAGs
[2026-03-15T17:43:14.222+0000] {logging_mixin.py:188} INFO - [2026-03-15T17:43:14.222+0000] {dag.py:3834} INFO - Setting next_dagrun for example_trigger_controller_dag to 2021-01-01 00:00:00+00:00, run_after=2021-01-01 00:00:00+00:00
[2026-03-15T17:43:14.236+0000] {processor.py:183} INFO - Processing /home/airflow/.local/lib/python3.11/site-packages/airflow/example_dags/example_trigger_controller_dag.py took 0.053 seconds
[2026-03-15T17:43:18.929+0000] {processor.py:161} INFO - Started process (PID=567) to work on /home/airflow/.local/lib/python3.11/site-packages/airflow/example_dags/example_trigger_controller_dag.py
[2026-03-15T17:43:18.930+0000] {processor.py:830} INFO - Processing file /home/airflow/.local/lib/python3.11/site-packages/airflow/example_dags/example_trigger_controller_dag.py for tasks to queue
[2026-03-15T17:43:18.932+0000] {logging_mixin.py:188} INFO - [2026-03-15T17:43:18.932+0000] {dagbag.py:540} INFO - Filling up the DagBag from /home/airflow/.local/lib/python3.11/site-packages/airflow/example_dags/example_trigger_controller_dag.py
[2026-03-15T17:43:18.936+0000] {processor.py:840} INFO - DAG(s) 'example_trigger_controller_dag' retrieved from /home/airflow/.local/lib/python3.11/site-packages/airflow/example_dags/example_trigger_controller_dag.py
[2026-03-15T17:43:18.951+0000] {logging_mixin.py:188} INFO - [2026-03-15T17:43:18.951+0000] {dag.py:3047} INFO - Sync 1 DAGs
[2026-03-15T17:43:18.966+0000] {logging_mixin.py:188} INFO - [2026-03-15T17:43:18.966+0000] {dag.py:3834} INFO - Setting next_dagrun for example_trigger_controller_dag to 2021-01-01 00:00:00+00:00, run_after=2021-01-01 00:00:00+00:00
[2026-03-15T17:43:18.979+0000] {processor.py:183} INFO - Processing /home/airflow/.local/lib/python3.11/site-packages/airflow/example_dags/example_trigger_controller_dag.py took 0.052 seconds
[2026-03-15T17:43:49.100+0000] {processor.py:161} INFO - Started process (PID=621) to work on /home/airflow/.local/lib/python3.11/site-packages/airflow/example_dags/example_trigger_controller_dag.py
[2026-03-15T17:43:49.101+0000] {processor.py:830} INFO - Processing file /home/airflow/.local/lib/python3.11/site-packages/airflow/example_dags/example_trigger_controller_dag.py for tasks to queue
[2026-03-15T17:43:49.103+0000] {logging_mixin.py:188} INFO - [2026-03-15T17:43:49.103+0000] {dagbag.py:540} INFO - Filling up the DagBag from /home/airflow/.local/lib/python3.11/site-packages/airflow/example_dags/example_trigger_controller_dag.py
[2026-03-15T17:43:49.107+0000] {processor.py:840} INFO - DAG(s) 'example_trigger_controller_dag' retrieved from /home/airflow/.local/lib/python3.11/site-packages/airflow/example_dags/example_trigger_controller_dag.py
[2026-03-15T17:43:49.122+0000] {logging_mixin.py:188} INFO - [2026-03-15T17:43:49.122+0000] {dag.py:3047} INFO - Sync 1 DAGs
[2026-03-15T17:43:49.137+0000] {logging_mixin.py:188} INFO - [2026-03-15T17:43:49.137+0000] {dag.py:3834} INFO - Setting next_dagrun for example_trigger_controller_dag to 2021-01-01 00:00:00+00:00, run_after=2021-01-01 00:00:00+00:00
[2026-03-15T17:43:49.152+0000] {processor.py:183} INFO - Processing /home/airflow/.local/lib/python3.11/site-packages/airflow/example_dags/example_trigger_controller_dag.py took 0.055 seconds
[2026-03-15T17:44:13.851+0000] {processor.py:161} INFO - Started process (PID=671) to work on /home/airflow/.local/lib/python3.11/site-packages/airflow/example_dags/example_trigger_controller_dag.py
[2026-03-15T17:44:13.852+0000] {processor.py:830} INFO - Processing file /home/airflow/.local/lib/python3.11/site-packages/airflow/example_dags/example_trigger_controller_dag.py for tasks to queue
[2026-03-15T17:44:13.854+0000] {logging_mixin.py:188} INFO - [2026-03-15T17:44:13.853+0000] {dagbag.py:540} INFO - Filling up the DagBag from /home/airflow/.local/lib/python3.11/site-packages/airflow/example_dags/example_trigger_controller_dag.py
[2026-03-15T17:44:13.858+0000] {processor.py:840} INFO - DAG(s) 'example_trigger_controller_dag' retrieved from /home/airflow/.local/lib/python3.11/site-packages/airflow/example_dags/example_trigger_controller_dag.py
[2026-03-15T17:44:13.876+0000] {logging_mixin.py:188} INFO - [2026-03-15T17:44:13.876+0000] {dag.py:3047} INFO - Sync 1 DAGs
[2026-03-15T17:44:13.894+0000] {logging_mixin.py:188} INFO - [2026-03-15T17:44:13.893+0000] {dag.py:3834} INFO - Setting next_dagrun for example_trigger_controller_dag to 2021-01-01 00:00:00+00:00, run_after=2021-01-01 00:00:00+00:00
[2026-03-15T17:44:13.910+0000] {processor.py:183} INFO - Processing /home/airflow/.local/lib/python3.11/site-packages/airflow/example_dags/example_trigger_controller_dag.py took 0.062 seconds
[2026-03-15T17:44:44.498+0000] {processor.py:161} INFO - Started process (PID=727) to work on /home/airflow/.local/lib/python3.11/site-packages/airflow/example_dags/example_trigger_controller_dag.py
[2026-03-15T17:44:44.499+0000] {processor.py:830} INFO - Processing file /home/airflow/.local/lib/python3.11/site-packages/airflow/example_dags/example_trigger_controller_dag.py for tasks to queue
[2026-03-15T17:44:44.501+0000] {logging_mixin.py:188} INFO - [2026-03-15T17:44:44.501+0000] {dagbag.py:540} INFO - Filling up the DagBag from /home/airflow/.local/lib/python3.11/site-packages/airflow/example_dags/example_trigger_controller_dag.py
[2026-03-15T17:44:44.505+0000] {processor.py:840} INFO - DAG(s) 'example_trigger_controller_dag' retrieved from /home/airflow/.local/lib/python3.11/site-packages/airflow/example_dags/example_trigger_controller_dag.py
[2026-03-15T17:44:44.520+0000] {logging_mixin.py:188} INFO - [2026-03-15T17:44:44.519+0000] {dag.py:3047} INFO - Sync 1 DAGs
[2026-03-15T17:44:44.534+0000] {logging_mixin.py:188} INFO - [2026-03-15T17:44:44.534+0000] {dag.py:3834} INFO - Setting next_dagrun for example_trigger_controller_dag to 2021-01-01 00:00:00+00:00, run_after=2021-01-01 00:00:00+00:00
[2026-03-15T17:44:44.549+0000] {processor.py:183} INFO - Processing /home/airflow/.local/lib/python3.11/site-packages/airflow/example_dags/example_trigger_controller_dag.py took 0.054 seconds
[2026-03-15T17:44:48.924+0000] {processor.py:161} INFO - Started process (PID=783) to work on /home/airflow/.local/lib/python3.11/site-packages/airflow/example_dags/example_trigger_controller_dag.py
[2026-03-15T17:44:48.925+0000] {processor.py:830} INFO - Processing file /home/airflow/.local/lib/python3.11/site-packages/airflow/example_dags/example_trigger_controller_dag.py for tasks to queue
[2026-03-15T17:44:48.927+0000] {logging_mixin.py:188} INFO - [2026-03-15T17:44:48.927+0000] {dagbag.py:540} INFO - Filling up the DagBag from /home/airflow/.local/lib/python3.11/site-packages/airflow/example_dags/example_trigger_controller_dag.py
[2026-03-15T17:44:48.931+0000] {processor.py:840} INFO - DAG(s) 'example_trigger_controller_dag' retrieved from /home/airflow/.local/lib/python3.11/site-packages/airflow/example_dags/example_trigger_controller_dag.py
[2026-03-15T17:44:48.946+0000] {logging_mixin.py:188} INFO - [2026-03-15T17:44:48.946+0000] {dag.py:3047} INFO - Sync 1 DAGs
[2026-03-15T17:44:48.959+0000] {logging_mixin.py:188} INFO - [2026-03-15T17:44:48.959+0000] {dag.py:3834} INFO - Setting next_dagrun for example_trigger_controller_dag to 2021-01-01 00:00:00+00:00, run_after=2021-01-01 00:00:00+00:00
[2026-03-15T17:44:48.972+0000] {processor.py:183} INFO - Processing /home/airflow/.local/lib/python3.11/site-packages/airflow/example_dags/example_trigger_controller_dag.py took 0.051 seconds
[2026-03-15T17:45:19.188+0000] {processor.py:161} INFO - Started process (PID=836) to work on /home/airflow/.local/lib/python3.11/site-packages/airflow/example_dags/example_trigger_controller_dag.py
[2026-03-15T17:45:19.189+0000] {processor.py:830} INFO - Processing file /home/airflow/.local/lib/python3.11/site-packages/airflow/example_dags/example_trigger_controller_dag.py for tasks to queue
[2026-03-15T17:45:19.193+0000] {logging_mixin.py:188} INFO - [2026-03-15T17:45:19.192+0000] {dagbag.py:540} INFO - Filling up the DagBag from /home/airflow/.local/lib/python3.11/site-packages/airflow/example_dags/example_trigger_controller_dag.py
[2026-03-15T17:45:19.197+0000] {processor.py:840} INFO - DAG(s) 'example_trigger_controller_dag' retrieved from /home/airflow/.local/lib/python3.11/site-packages/airflow/example_dags/example_trigger_controller_dag.py
[2026-03-15T17:45:19.213+0000] {logging_mixin.py:188} INFO - [2026-03-15T17:45:19.213+0000] {dag.py:3047} INFO - Sync 1 DAGs
[2026-03-15T17:45:19.227+0000] {logging_mixin.py:188} INFO - [2026-03-15T17:45:19.227+0000] {dag.py:3834} INFO - Setting next_dagrun for example_trigger_controller_dag to 2021-01-01 00:00:00+00:00, run_after=2021-01-01 00:00:00+00:00
[2026-03-15T17:45:19.240+0000] {processor.py:183} INFO - Processing /home/airflow/.local/lib/python3.11/site-packages/airflow/example_dags/example_trigger_controller_dag.py took 0.054 seconds
[2026-03-15T17:45:23.898+0000] {processor.py:161} INFO - Started process (PID=886) to work on /home/airflow/.local/lib/python3.11/site-packages/airflow/example_dags/example_trigger_controller_dag.py
[2026-03-15T17:45:23.899+0000] {processor.py:830} INFO - Processing file /home/airflow/.local/lib/python3.11/site-packages/airflow/example_dags/example_trigger_controller_dag.py for tasks to queue
[2026-03-15T17:45:23.901+0000] {logging_mixin.py:188} INFO - [2026-03-15T17:45:23.901+0000] {dagbag.py:540} INFO - Filling up the DagBag from /home/airflow/.local/lib/python3.11/site-packages/airflow/example_dags/example_trigger_controller_dag.py
[2026-03-15T17:45:23.905+0000] {processor.py:840} INFO - DAG(s) 'example_trigger_controller_dag' retrieved from /home/airflow/.local/lib/python3.11/site-packages/airflow/example_dags/example_trigger_controller_dag.py
[2026-03-15T17:45:23.920+0000] {logging_mixin.py:188} INFO - [2026-03-15T17:45:23.920+0000] {dag.py:3047} INFO - Sync 1 DAGs
[2026-03-15T17:45:23.935+0000] {logging_mixin.py:188} INFO - [2026-03-15T17:45:23.935+0000] {dag.py:3834} INFO - Setting next_dagrun for example_trigger_controller_dag to 2021-01-01 00:00:00+00:00, run_after=2021-01-01 00:00:00+00:00
[2026-03-15T17:45:23.950+0000] {processor.py:183} INFO - Processing /home/airflow/.local/lib/python3.11/site-packages/airflow/example_dags/example_trigger_controller_dag.py took 0.054 seconds
[2026-03-15T17:45:54.188+0000] {processor.py:161} INFO - Started process (PID=938) to work on /home/airflow/.local/lib/python3.11/site-packages/airflow/example_dags/example_trigger_controller_dag.py
[2026-03-15T17:45:54.189+0000] {processor.py:830} INFO - Processing file /home/airflow/.local/lib/python3.11/site-packages/airflow/example_dags/example_trigger_controller_dag.py for tasks to queue
[2026-03-15T17:45:54.190+0000] {logging_mixin.py:188} INFO - [2026-03-15T17:45:54.190+0000] {dagbag.py:540} INFO - Filling up the DagBag from /home/airflow/.local/lib/python3.11/site-packages/airflow/example_dags/example_trigger_controller_dag.py
[2026-03-15T17:45:54.194+0000] {processor.py:840} INFO - DAG(s) 'example_trigger_controller_dag' retrieved from /home/airflow/.local/lib/python3.11/site-packages/airflow/example_dags/example_trigger_controller_dag.py
[2026-03-15T17:45:54.209+0000] {logging_mixin.py:188} INFO - [2026-03-15T17:45:54.209+0000] {dag.py:3047} INFO - Sync 1 DAGs
[2026-03-15T17:45:54.224+0000] {logging_mixin.py:188} INFO - [2026-03-15T17:45:54.223+0000] {dag.py:3834} INFO - Setting next_dagrun for example_trigger_controller_dag to 2021-01-01 00:00:00+00:00, run_after=2021-01-01 00:00:00+00:00
[2026-03-15T17:45:54.236+0000] {processor.py:183} INFO - Processing /home/airflow/.local/lib/python3.11/site-packages/airflow/example_dags/example_trigger_controller_dag.py took 0.051 seconds
[2026-03-15T17:47:02.923+0000] {processor.py:161} INFO - Started process (PID=988) to work on /home/airflow/.local/lib/python3.11/site-packages/airflow/example_dags/example_trigger_controller_dag.py
[2026-03-15T17:47:02.924+0000] {processor.py:830} INFO - Processing file /home/airflow/.local/lib/python3.11/site-packages/airflow/example_dags/example_trigger_controller_dag.py for tasks to queue
[2026-03-15T17:47:02.926+0000] {logging_mixin.py:188} INFO - [2026-03-15T17:47:02.926+0000] {dagbag.py:540} INFO - Filling up the DagBag from /home/airflow/.local/lib/python3.11/site-packages/airflow/example_dags/example_trigger_controller_dag.py
[2026-03-15T17:47:02.930+0000] {processor.py:840} INFO - DAG(s) 'example_trigger_controller_dag' retrieved from /home/airflow/.local/lib/python3.11/site-packages/airflow/example_dags/example_trigger_controller_dag.py
[2026-03-15T17:47:02.945+0000] {logging_mixin.py:188} INFO - [2026-03-15T17:47:02.945+0000] {dag.py:3047} INFO - Sync 1 DAGs
[2026-03-15T17:47:02.959+0000] {logging_mixin.py:188} INFO - [2026-03-15T17:47:02.959+0000] {dag.py:3834} INFO - Setting next_dagrun for example_trigger_controller_dag to 2021-01-01 00:00:00+00:00, run_after=2021-01-01 00:00:00+00:00
[2026-03-15T17:47:02.983+0000] {processor.py:183} INFO - Processing /home/airflow/.local/lib/python3.11/site-packages/airflow/example_dags/example_trigger_controller_dag.py took 0.062 seconds
[2026-03-15T17:46:54.126+0000] {processor.py:161} INFO - Started process (PID=1135) to work on /home/airflow/.local/lib/python3.11/site-packages/airflow/example_dags/example_trigger_controller_dag.py
[2026-03-15T17:46:54.127+0000] {processor.py:830} INFO - Processing file /home/airflow/.local/lib/python3.11/site-packages/airflow/example_dags/example_trigger_controller_dag.py for tasks to queue
[2026-03-15T17:46:54.129+0000] {logging_mixin.py:188} INFO - [2026-03-15T17:46:54.129+0000] {dagbag.py:540} INFO - Filling up the DagBag from /home/airflow/.local/lib/python3.11/site-packages/airflow/example_dags/example_trigger_controller_dag.py
[2026-03-15T17:46:54.134+0000] {processor.py:840} INFO - DAG(s) 'example_trigger_controller_dag' retrieved from /home/airflow/.local/lib/python3.11/site-packages/airflow/example_dags/example_trigger_controller_dag.py
[2026-03-15T17:46:54.150+0000] {logging_mixin.py:188} INFO - [2026-03-15T17:46:54.150+0000] {dag.py:3047} INFO - Sync 1 DAGs
[2026-03-15T17:46:54.167+0000] {logging_mixin.py:188} INFO - [2026-03-15T17:46:54.167+0000] {dag.py:3834} INFO - Setting next_dagrun for example_trigger_controller_dag to 2021-01-01 00:00:00+00:00, run_after=2021-01-01 00:00:00+00:00
[2026-03-15T17:46:54.184+0000] {processor.py:183} INFO - Processing /home/airflow/.local/lib/python3.11/site-packages/airflow/example_dags/example_trigger_controller_dag.py took 0.062 seconds
[2026-03-15T17:47:13.625+0000] {processor.py:161} INFO - Started process (PID=1180) to work on /home/airflow/.local/lib/python3.11/site-packages/airflow/example_dags/example_trigger_controller_dag.py
[2026-03-15T17:47:13.626+0000] {processor.py:830} INFO - Processing file /home/airflow/.local/lib/python3.11/site-packages/airflow/example_dags/example_trigger_controller_dag.py for tasks to queue
[2026-03-15T17:47:13.628+0000] {logging_mixin.py:188} INFO - [2026-03-15T17:47:13.628+0000] {dagbag.py:540} INFO - Filling up the DagBag from /home/airflow/.local/lib/python3.11/site-packages/airflow/example_dags/example_trigger_controller_dag.py
[2026-03-15T17:47:13.633+0000] {processor.py:840} INFO - DAG(s) 'example_trigger_controller_dag' retrieved from /home/airflow/.local/lib/python3.11/site-packages/airflow/example_dags/example_trigger_controller_dag.py
[2026-03-15T17:47:13.648+0000] {logging_mixin.py:188} INFO - [2026-03-15T17:47:13.648+0000] {dag.py:3047} INFO - Sync 1 DAGs
[2026-03-15T17:47:13.663+0000] {logging_mixin.py:188} INFO - [2026-03-15T17:47:13.663+0000] {dag.py:3834} INFO - Setting next_dagrun for example_trigger_controller_dag to 2021-01-01 00:00:00+00:00, run_after=2021-01-01 00:00:00+00:00
[2026-03-15T17:47:13.677+0000] {processor.py:183} INFO - Processing /home/airflow/.local/lib/python3.11/site-packages/airflow/example_dags/example_trigger_controller_dag.py took 0.055 seconds
[2026-03-15T17:47:19.103+0000] {processor.py:161} INFO - Started process (PID=1231) to work on /home/airflow/.local/lib/python3.11/site-packages/airflow/example_dags/example_trigger_controller_dag.py
[2026-03-15T17:47:19.104+0000] {processor.py:830} INFO - Processing file /home/airflow/.local/lib/python3.11/site-packages/airflow/example_dags/example_trigger_controller_dag.py for tasks to queue
[2026-03-15T17:47:19.106+0000] {logging_mixin.py:188} INFO - [2026-03-15T17:47:19.106+0000] {dagbag.py:540} INFO - Filling up the DagBag from /home/airflow/.local/lib/python3.11/site-packages/airflow/example_dags/example_trigger_controller_dag.py
[2026-03-15T17:47:19.110+0000] {processor.py:840} INFO - DAG(s) 'example_trigger_controller_dag' retrieved from /home/airflow/.local/lib/python3.11/site-packages/airflow/example_dags/example_trigger_controller_dag.py
[2026-03-15T17:47:19.125+0000] {logging_mixin.py:188} INFO - [2026-03-15T17:47:19.125+0000] {dag.py:3047} INFO - Sync 1 DAGs
[2026-03-15T17:47:19.140+0000] {logging_mixin.py:188} INFO - [2026-03-15T17:47:19.139+0000] {dag.py:3834} INFO - Setting next_dagrun for example_trigger_controller_dag to 2021-01-01 00:00:00+00:00, run_after=2021-01-01 00:00:00+00:00
[2026-03-15T17:47:19.153+0000] {processor.py:183} INFO - Processing /home/airflow/.local/lib/python3.11/site-packages/airflow/example_dags/example_trigger_controller_dag.py took 0.053 seconds
[2026-03-15T17:47:24.210+0000] {processor.py:161} INFO - Started process (PID=1273) to work on /home/airflow/.local/lib/python3.11/site-packages/airflow/example_dags/example_trigger_controller_dag.py
[2026-03-15T17:47:24.212+0000] {processor.py:830} INFO - Processing file /home/airflow/.local/lib/python3.11/site-packages/airflow/example_dags/example_trigger_controller_dag.py for tasks to queue
[2026-03-15T17:47:24.214+0000] {logging_mixin.py:188} INFO - [2026-03-15T17:47:24.213+0000] {dagbag.py:540} INFO - Filling up the DagBag from /home/airflow/.local/lib/python3.11/site-packages/airflow/example_dags/example_trigger_controller_dag.py
[2026-03-15T17:47:24.218+0000] {processor.py:840} INFO - DAG(s) 'example_trigger_controller_dag' retrieved from /home/airflow/.local/lib/python3.11/site-packages/airflow/example_dags/example_trigger_controller_dag.py
[2026-03-15T17:47:24.249+0000] {logging_mixin.py:188} INFO - [2026-03-15T17:47:24.249+0000] {dag.py:3047} INFO - Sync 1 DAGs
[2026-03-15T17:47:24.301+0000] {logging_mixin.py:188} INFO - [2026-03-15T17:47:24.300+0000] {dag.py:3834} INFO - Setting next_dagrun for example_trigger_controller_dag to 2021-01-01 00:00:00+00:00, run_after=2021-01-01 00:00:00+00:00
[2026-03-15T17:47:24.341+0000] {processor.py:183} INFO - Processing /home/airflow/.local/lib/python3.11/site-packages/airflow/example_dags/example_trigger_controller_dag.py took 0.134 seconds
[2026-03-15T17:47:29.213+0000] {processor.py:161} INFO - Started process (PID=1316) to work on /home/airflow/.local/lib/python3.11/site-packages/airflow/example_dags/example_trigger_controller_dag.py
[2026-03-15T17:47:29.214+0000] {processor.py:830} INFO - Processing file /home/airflow/.local/lib/python3.11/site-packages/airflow/example_dags/example_trigger_controller_dag.py for tasks to queue
[2026-03-15T17:47:29.216+0000] {logging_mixin.py:188} INFO - [2026-03-15T17:47:29.215+0000] {dagbag.py:540} INFO - Filling up the DagBag from /home/airflow/.local/lib/python3.11/site-packages/airflow/example_dags/example_trigger_controller_dag.py
[2026-03-15T17:47:29.220+0000] {processor.py:840} INFO - DAG(s) 'example_trigger_controller_dag' retrieved from /home/airflow/.local/lib/python3.11/site-packages/airflow/example_dags/example_trigger_controller_dag.py
[2026-03-15T17:47:29.234+0000] {logging_mixin.py:188} INFO - [2026-03-15T17:47:29.234+0000] {dag.py:3047} INFO - Sync 1 DAGs
[2026-03-15T17:47:29.250+0000] {logging_mixin.py:188} INFO - [2026-03-15T17:47:29.250+0000] {dag.py:3834} INFO - Setting next_dagrun for example_trigger_controller_dag to 2021-01-01 00:00:00+00:00, run_after=2021-01-01 00:00:00+00:00
[2026-03-15T17:47:29.265+0000] {processor.py:183} INFO - Processing /home/airflow/.local/lib/python3.11/site-packages/airflow/example_dags/example_trigger_controller_dag.py took 0.056 seconds
[2026-03-15T17:47:43.581+0000] {processor.py:161} INFO - Started process (PID=1357) to work on /home/airflow/.local/lib/python3.11/site-packages/airflow/example_dags/example_trigger_controller_dag.py
[2026-03-15T17:47:43.582+0000] {processor.py:830} INFO - Processing file /home/airflow/.local/lib/python3.11/site-packages/airflow/example_dags/example_trigger_controller_dag.py for tasks to queue
[2026-03-15T17:47:43.584+0000] {logging_mixin.py:188} INFO - [2026-03-15T17:47:43.584+0000] {dagbag.py:540} INFO - Filling up the DagBag from /home/airflow/.local/lib/python3.11/site-packages/airflow/example_dags/example_trigger_controller_dag.py
[2026-03-15T17:47:43.589+0000] {processor.py:840} INFO - DAG(s) 'example_trigger_controller_dag' retrieved from /home/airflow/.local/lib/python3.11/site-packages/airflow/example_dags/example_trigger_controller_dag.py
[2026-03-15T17:47:43.605+0000] {logging_mixin.py:188} INFO - [2026-03-15T17:47:43.605+0000] {dag.py:3047} INFO - Sync 1 DAGs
[2026-03-15T17:47:43.620+0000] {logging_mixin.py:188} INFO - [2026-03-15T17:47:43.620+0000] {dag.py:3834} INFO - Setting next_dagrun for example_trigger_controller_dag to 2021-01-01 00:00:00+00:00, run_after=2021-01-01 00:00:00+00:00
[2026-03-15T17:47:43.634+0000] {processor.py:183} INFO - Processing /home/airflow/.local/lib/python3.11/site-packages/airflow/example_dags/example_trigger_controller_dag.py took 0.055 seconds
[2026-03-15T17:49:03.137+0000] {processor.py:161} INFO - Started process (PID=1404) to work on /home/airflow/.local/lib/python3.11/site-packages/airflow/example_dags/example_trigger_controller_dag.py
[2026-03-15T17:49:03.138+0000] {processor.py:830} INFO - Processing file /home/airflow/.local/lib/python3.11/site-packages/airflow/example_dags/example_trigger_controller_dag.py for tasks to queue
[2026-03-15T17:49:03.140+0000] {logging_mixin.py:188} INFO - [2026-03-15T17:49:03.140+0000] {dagbag.py:540} INFO - Filling up the DagBag from /home/airflow/.local/lib/python3.11/site-packages/airflow/example_dags/example_trigger_controller_dag.py
[2026-03-15T17:49:03.144+0000] {processor.py:840} INFO - DAG(s) 'example_trigger_controller_dag' retrieved from /home/airflow/.local/lib/python3.11/site-packages/airflow/example_dags/example_trigger_controller_dag.py
[2026-03-15T17:49:03.163+0000] {logging_mixin.py:188} INFO - [2026-03-15T17:49:03.163+0000] {dag.py:3047} INFO - Sync 1 DAGs
[2026-03-15T17:49:03.179+0000] {logging_mixin.py:188} INFO - [2026-03-15T17:49:03.179+0000] {dag.py:3834} INFO - Setting next_dagrun for example_trigger_controller_dag to 2021-01-01 00:00:00+00:00, run_after=2021-01-01 00:00:00+00:00
[2026-03-15T17:49:03.195+0000] {processor.py:183} INFO - Processing /home/airflow/.local/lib/python3.11/site-packages/airflow/example_dags/example_trigger_controller_dag.py took 0.062 seconds
[2026-03-15T17:49:14.502+0000] {processor.py:161} INFO - Started process (PID=1512) to work on /home/airflow/.local/lib/python3.11/site-packages/airflow/example_dags/example_trigger_controller_dag.py
[2026-03-15T17:49:14.503+0000] {processor.py:830} INFO - Processing file /home/airflow/.local/lib/python3.11/site-packages/airflow/example_dags/example_trigger_controller_dag.py for tasks to queue
[2026-03-15T17:49:14.504+0000] {logging_mixin.py:188} INFO - [2026-03-15T17:49:14.504+0000] {dagbag.py:540} INFO - Filling up the DagBag from /home/airflow/.local/lib/python3.11/site-packages/airflow/example_dags/example_trigger_controller_dag.py
[2026-03-15T17:49:14.508+0000] {processor.py:840} INFO - DAG(s) 'example_trigger_controller_dag' retrieved from /home/airflow/.local/lib/python3.11/site-packages/airflow/example_dags/example_trigger_controller_dag.py
[2026-03-15T17:49:14.524+0000] {logging_mixin.py:188} INFO - [2026-03-15T17:49:14.524+0000] {dag.py:3047} INFO - Sync 1 DAGs
[2026-03-15T17:49:14.538+0000] {logging_mixin.py:188} INFO - [2026-03-15T17:49:14.538+0000] {dag.py:3834} INFO - Setting next_dagrun for example_trigger_controller_dag to 2021-01-01 00:00:00+00:00, run_after=2021-01-01 00:00:00+00:00
[2026-03-15T17:49:14.555+0000] {processor.py:183} INFO - Processing /home/airflow/.local/lib/python3.11/site-packages/airflow/example_dags/example_trigger_controller_dag.py took 0.055 seconds
[2026-03-15T17:49:19.372+0000] {processor.py:161} INFO - Started process (PID=1563) to work on /home/airflow/.local/lib/python3.11/site-packages/airflow/example_dags/example_trigger_controller_dag.py
[2026-03-15T17:49:19.373+0000] {processor.py:830} INFO - Processing file /home/airflow/.local/lib/python3.11/site-packages/airflow/example_dags/example_trigger_controller_dag.py for tasks to queue
[2026-03-15T17:49:19.375+0000] {logging_mixin.py:188} INFO - [2026-03-15T17:49:19.375+0000] {dagbag.py:540} INFO - Filling up the DagBag from /home/airflow/.local/lib/python3.11/site-packages/airflow/example_dags/example_trigger_controller_dag.py
[2026-03-15T17:49:19.379+0000] {processor.py:840} INFO - DAG(s) 'example_trigger_controller_dag' retrieved from /home/airflow/.local/lib/python3.11/site-packages/airflow/example_dags/example_trigger_controller_dag.py
[2026-03-15T17:49:19.394+0000] {logging_mixin.py:188} INFO - [2026-03-15T17:49:19.394+0000] {dag.py:3047} INFO - Sync 1 DAGs
[2026-03-15T17:49:19.408+0000] {logging_mixin.py:188} INFO - [2026-03-15T17:49:19.408+0000] {dag.py:3834} INFO - Setting next_dagrun for example_trigger_controller_dag to 2021-01-01 00:00:00+00:00, run_after=2021-01-01 00:00:00+00:00
[2026-03-15T17:49:19.420+0000] {processor.py:183} INFO - Processing /home/airflow/.local/lib/python3.11/site-packages/airflow/example_dags/example_trigger_controller_dag.py took 0.051 seconds
[2026-03-15T17:49:57.732+0000] {processor.py:161} INFO - Started process (PID=58) to work on /home/airflow/.local/lib/python3.11/site-packages/airflow/example_dags/example_trigger_controller_dag.py
[2026-03-15T17:49:57.734+0000] {processor.py:830} INFO - Processing file /home/airflow/.local/lib/python3.11/site-packages/airflow/example_dags/example_trigger_controller_dag.py for tasks to queue
[2026-03-15T17:49:57.740+0000] {logging_mixin.py:188} INFO - [2026-03-15T17:49:57.739+0000] {dagbag.py:540} INFO - Filling up the DagBag from /home/airflow/.local/lib/python3.11/site-packages/airflow/example_dags/example_trigger_controller_dag.py
[2026-03-15T17:49:57.752+0000] {processor.py:840} INFO - DAG(s) 'example_trigger_controller_dag' retrieved from /home/airflow/.local/lib/python3.11/site-packages/airflow/example_dags/example_trigger_controller_dag.py
[2026-03-15T17:49:57.772+0000] {logging_mixin.py:188} INFO - [2026-03-15T17:49:57.772+0000] {dag.py:3047} INFO - Sync 1 DAGs
[2026-03-15T17:49:57.796+0000] {logging_mixin.py:188} INFO - [2026-03-15T17:49:57.796+0000] {dag.py:3834} INFO - Setting next_dagrun for example_trigger_controller_dag to 2021-01-01 00:00:00+00:00, run_after=2021-01-01 00:00:00+00:00
[2026-03-15T17:49:57.816+0000] {processor.py:183} INFO - Processing /home/airflow/.local/lib/python3.11/site-packages/airflow/example_dags/example_trigger_controller_dag.py took 0.089 seconds
[2026-03-15T17:50:14.023+0000] {processor.py:161} INFO - Started process (PID=114) to work on /home/airflow/.local/lib/python3.11/site-packages/airflow/example_dags/example_trigger_controller_dag.py
[2026-03-15T17:50:14.027+0000] {processor.py:830} INFO - Processing file /home/airflow/.local/lib/python3.11/site-packages/airflow/example_dags/example_trigger_controller_dag.py for tasks to queue
[2026-03-15T17:50:14.033+0000] {logging_mixin.py:188} INFO - [2026-03-15T17:50:14.033+0000] {dagbag.py:540} INFO - Filling up the DagBag from /home/airflow/.local/lib/python3.11/site-packages/airflow/example_dags/example_trigger_controller_dag.py
[2026-03-15T17:50:14.039+0000] {processor.py:840} INFO - DAG(s) 'example_trigger_controller_dag' retrieved from /home/airflow/.local/lib/python3.11/site-packages/airflow/example_dags/example_trigger_controller_dag.py
[2026-03-15T17:51:03.266+0000] {logging_mixin.py:188} INFO - [2026-03-15T17:51:03.266+0000] {dag.py:3047} INFO - Sync 1 DAGs
[2026-03-15T17:51:03.278+0000] {logging_mixin.py:188} INFO - [2026-03-15T17:51:03.278+0000] {dag.py:3834} INFO - Setting next_dagrun for example_trigger_controller_dag to 2021-01-01 00:00:00+00:00, run_after=2021-01-01 00:00:00+00:00
[2026-03-15T17:51:03.292+0000] {processor.py:183} INFO - Processing /home/airflow/.local/lib/python3.11/site-packages/airflow/example_dags/example_trigger_controller_dag.py took 0.117 seconds
[2026-03-15T17:51:33.547+0000] {processor.py:161} INFO - Started process (PID=392) to work on /home/airflow/.local/lib/python3.11/site-packages/airflow/example_dags/example_trigger_controller_dag.py
[2026-03-15T17:51:33.548+0000] {processor.py:830} INFO - Processing file /home/airflow/.local/lib/python3.11/site-packages/airflow/example_dags/example_trigger_controller_dag.py for tasks to queue
[2026-03-15T17:51:33.550+0000] {logging_mixin.py:188} INFO - [2026-03-15T17:51:33.550+0000] {dagbag.py:540} INFO - Filling up the DagBag from /home/airflow/.local/lib/python3.11/site-packages/airflow/example_dags/example_trigger_controller_dag.py
[2026-03-15T17:51:33.556+0000] {processor.py:840} INFO - DAG(s) 'example_trigger_controller_dag' retrieved from /home/airflow/.local/lib/python3.11/site-packages/airflow/example_dags/example_trigger_controller_dag.py
[2026-03-15T17:51:33.577+0000] {logging_mixin.py:188} INFO - [2026-03-15T17:51:33.577+0000] {dag.py:3047} INFO - Sync 1 DAGs
[2026-03-15T17:51:33.595+0000] {logging_mixin.py:188} INFO - [2026-03-15T17:51:33.595+0000] {dag.py:3834} INFO - Setting next_dagrun for example_trigger_controller_dag to 2021-01-01 00:00:00+00:00, run_after=2021-01-01 00:00:00+00:00
[2026-03-15T17:51:33.612+0000] {processor.py:183} INFO - Processing /home/airflow/.local/lib/python3.11/site-packages/airflow/example_dags/example_trigger_controller_dag.py took 0.070 seconds
[2026-03-15T17:51:34.859+0000] {processor.py:161} INFO - Started process (PID=403) to work on /home/airflow/.local/lib/python3.11/site-packages/airflow/example_dags/example_trigger_controller_dag.py
[2026-03-15T17:51:34.860+0000] {processor.py:830} INFO - Processing file /home/airflow/.local/lib/python3.11/site-packages/airflow/example_dags/example_trigger_controller_dag.py for tasks to queue
[2026-03-15T17:51:34.862+0000] {logging_mixin.py:188} INFO - [2026-03-15T17:51:34.862+0000] {dagbag.py:540} INFO - Filling up the DagBag from /home/airflow/.local/lib/python3.11/site-packages/airflow/example_dags/example_trigger_controller_dag.py
[2026-03-15T17:51:34.867+0000] {processor.py:840} INFO - DAG(s) 'example_trigger_controller_dag' retrieved from /home/airflow/.local/lib/python3.11/site-packages/airflow/example_dags/example_trigger_controller_dag.py
[2026-03-15T17:51:34.884+0000] {logging_mixin.py:188} INFO - [2026-03-15T17:51:34.883+0000] {dag.py:3047} INFO - Sync 1 DAGs
[2026-03-15T17:51:34.899+0000] {logging_mixin.py:188} INFO - [2026-03-15T17:51:34.899+0000] {dag.py:3834} INFO - Setting next_dagrun for example_trigger_controller_dag to 2021-01-01 00:00:00+00:00, run_after=2021-01-01 00:00:00+00:00
[2026-03-15T17:51:34.913+0000] {processor.py:183} INFO - Processing /home/airflow/.local/lib/python3.11/site-packages/airflow/example_dags/example_trigger_controller_dag.py took 0.057 seconds
[2026-03-15T17:51:39.740+0000] {processor.py:161} INFO - Started process (PID=453) to work on /home/airflow/.local/lib/python3.11/site-packages/airflow/example_dags/example_trigger_controller_dag.py
[2026-03-15T17:51:39.742+0000] {processor.py:830} INFO - Processing file /home/airflow/.local/lib/python3.11/site-packages/airflow/example_dags/example_trigger_controller_dag.py for tasks to queue
[2026-03-15T17:51:39.744+0000] {logging_mixin.py:188} INFO - [2026-03-15T17:51:39.744+0000] {dagbag.py:540} INFO - Filling up the DagBag from /home/airflow/.local/lib/python3.11/site-packages/airflow/example_dags/example_trigger_controller_dag.py
[2026-03-15T17:51:39.749+0000] {processor.py:840} INFO - DAG(s) 'example_trigger_controller_dag' retrieved from /home/airflow/.local/lib/python3.11/site-packages/airflow/example_dags/example_trigger_controller_dag.py
[2026-03-15T17:51:39.765+0000] {logging_mixin.py:188} INFO - [2026-03-15T17:51:39.765+0000] {dag.py:3047} INFO - Sync 1 DAGs
[2026-03-15T17:51:39.779+0000] {logging_mixin.py:188} INFO - [2026-03-15T17:51:39.779+0000] {dag.py:3834} INFO - Setting next_dagrun for example_trigger_controller_dag to 2021-01-01 00:00:00+00:00, run_after=2021-01-01 00:00:00+00:00
[2026-03-15T17:51:39.792+0000] {processor.py:183} INFO - Processing /home/airflow/.local/lib/python3.11/site-packages/airflow/example_dags/example_trigger_controller_dag.py took 0.056 seconds
[2026-03-15T17:52:10.000+0000] {processor.py:161} INFO - Started process (PID=507) to work on /home/airflow/.local/lib/python3.11/site-packages/airflow/example_dags/example_trigger_controller_dag.py
[2026-03-15T17:52:10.001+0000] {processor.py:830} INFO - Processing file /home/airflow/.local/lib/python3.11/site-packages/airflow/example_dags/example_trigger_controller_dag.py for tasks to queue
[2026-03-15T17:52:10.003+0000] {logging_mixin.py:188} INFO - [2026-03-15T17:52:10.002+0000] {dagbag.py:540} INFO - Filling up the DagBag from /home/airflow/.local/lib/python3.11/site-packages/airflow/example_dags/example_trigger_controller_dag.py
[2026-03-15T17:52:10.007+0000] {processor.py:840} INFO - DAG(s) 'example_trigger_controller_dag' retrieved from /home/airflow/.local/lib/python3.11/site-packages/airflow/example_dags/example_trigger_controller_dag.py
[2026-03-15T17:52:10.022+0000] {logging_mixin.py:188} INFO - [2026-03-15T17:52:10.022+0000] {dag.py:3047} INFO - Sync 1 DAGs
[2026-03-15T17:52:10.037+0000] {logging_mixin.py:188} INFO - [2026-03-15T17:52:10.036+0000] {dag.py:3834} INFO - Setting next_dagrun for example_trigger_controller_dag to 2021-01-01 00:00:00+00:00, run_after=2021-01-01 00:00:00+00:00
[2026-03-15T17:52:10.050+0000] {processor.py:183} INFO - Processing /home/airflow/.local/lib/python3.11/site-packages/airflow/example_dags/example_trigger_controller_dag.py took 0.053 seconds
[2026-03-15T17:52:13.589+0000] {processor.py:161} INFO - Started process (PID=557) to work on /home/airflow/.local/lib/python3.11/site-packages/airflow/example_dags/example_trigger_controller_dag.py
[2026-03-15T17:52:13.590+0000] {processor.py:830} INFO - Processing file /home/airflow/.local/lib/python3.11/site-packages/airflow/example_dags/example_trigger_controller_dag.py for tasks to queue
[2026-03-15T17:52:13.592+0000] {logging_mixin.py:188} INFO - [2026-03-15T17:52:13.592+0000] {dagbag.py:540} INFO - Filling up the DagBag from /home/airflow/.local/lib/python3.11/site-packages/airflow/example_dags/example_trigger_controller_dag.py
[2026-03-15T17:52:13.602+0000] {processor.py:840} INFO - DAG(s) 'example_trigger_controller_dag' retrieved from /home/airflow/.local/lib/python3.11/site-packages/airflow/example_dags/example_trigger_controller_dag.py
[2026-03-15T17:52:13.617+0000] {logging_mixin.py:188} INFO - [2026-03-15T17:52:13.617+0000] {dag.py:3047} INFO - Sync 1 DAGs
[2026-03-15T17:52:13.632+0000] {logging_mixin.py:188} INFO - [2026-03-15T17:52:13.632+0000] {dag.py:3834} INFO - Setting next_dagrun for example_trigger_controller_dag to 2021-01-01 00:00:00+00:00, run_after=2021-01-01 00:00:00+00:00
[2026-03-15T17:52:13.646+0000] {processor.py:183} INFO - Processing /home/airflow/.local/lib/python3.11/site-packages/airflow/example_dags/example_trigger_controller_dag.py took 0.059 seconds
[2026-03-15T17:52:19.764+0000] {processor.py:161} INFO - Started process (PID=605) to work on /home/airflow/.local/lib/python3.11/site-packages/airflow/example_dags/example_trigger_controller_dag.py
[2026-03-15T17:52:19.766+0000] {processor.py:830} INFO - Processing file /home/airflow/.local/lib/python3.11/site-packages/airflow/example_dags/example_trigger_controller_dag.py for tasks to queue
[2026-03-15T17:52:19.768+0000] {logging_mixin.py:188} INFO - [2026-03-15T17:52:19.768+0000] {dagbag.py:540} INFO - Filling up the DagBag from /home/airflow/.local/lib/python3.11/site-packages/airflow/example_dags/example_trigger_controller_dag.py
[2026-03-15T17:52:19.774+0000] {processor.py:840} INFO - DAG(s) 'example_trigger_controller_dag' retrieved from /home/airflow/.local/lib/python3.11/site-packages/airflow/example_dags/example_trigger_controller_dag.py
[2026-03-15T17:52:19.800+0000] {logging_mixin.py:188} INFO - [2026-03-15T17:52:19.800+0000] {dag.py:3047} INFO - Sync 1 DAGs
[2026-03-15T17:52:19.818+0000] {logging_mixin.py:188} INFO - [2026-03-15T17:52:19.818+0000] {dag.py:3834} INFO - Setting next_dagrun for example_trigger_controller_dag to 2021-01-01 00:00:00+00:00, run_after=2021-01-01 00:00:00+00:00
[2026-03-15T17:52:19.832+0000] {processor.py:183} INFO - Processing /home/airflow/.local/lib/python3.11/site-packages/airflow/example_dags/example_trigger_controller_dag.py took 0.071 seconds
[2026-03-15T17:52:24.586+0000] {processor.py:161} INFO - Started process (PID=645) to work on /home/airflow/.local/lib/python3.11/site-packages/airflow/example_dags/example_trigger_controller_dag.py
[2026-03-15T17:52:24.587+0000] {processor.py:830} INFO - Processing file /home/airflow/.local/lib/python3.11/site-packages/airflow/example_dags/example_trigger_controller_dag.py for tasks to queue
[2026-03-15T17:52:24.589+0000] {logging_mixin.py:188} INFO - [2026-03-15T17:52:24.589+0000] {dagbag.py:540} INFO - Filling up the DagBag from /home/airflow/.local/lib/python3.11/site-packages/airflow/example_dags/example_trigger_controller_dag.py
[2026-03-15T17:52:24.593+0000] {processor.py:840} INFO - DAG(s) 'example_trigger_controller_dag' retrieved from /home/airflow/.local/lib/python3.11/site-packages/airflow/example_dags/example_trigger_controller_dag.py
[2026-03-15T17:52:24.609+0000] {logging_mixin.py:188} INFO - [2026-03-15T17:52:24.609+0000] {dag.py:3047} INFO - Sync 1 DAGs
[2026-03-15T17:52:24.623+0000] {logging_mixin.py:188} INFO - [2026-03-15T17:52:24.623+0000] {dag.py:3834} INFO - Setting next_dagrun for example_trigger_controller_dag to 2021-01-01 00:00:00+00:00, run_after=2021-01-01 00:00:00+00:00
[2026-03-15T17:52:24.636+0000] {processor.py:183} INFO - Processing /home/airflow/.local/lib/python3.11/site-packages/airflow/example_dags/example_trigger_controller_dag.py took 0.053 seconds
[2026-03-15T17:53:32.394+0000] {processor.py:161} INFO - Started process (PID=689) to work on /home/airflow/.local/lib/python3.11/site-packages/airflow/example_dags/example_trigger_controller_dag.py
[2026-03-15T17:53:32.395+0000] {processor.py:830} INFO - Processing file /home/airflow/.local/lib/python3.11/site-packages/airflow/example_dags/example_trigger_controller_dag.py for tasks to queue
[2026-03-15T17:53:32.396+0000] {logging_mixin.py:188} INFO - [2026-03-15T17:53:32.396+0000] {dagbag.py:540} INFO - Filling up the DagBag from /home/airflow/.local/lib/python3.11/site-packages/airflow/example_dags/example_trigger_controller_dag.py
[2026-03-15T17:53:32.400+0000] {processor.py:840} INFO - DAG(s) 'example_trigger_controller_dag' retrieved from /home/airflow/.local/lib/python3.11/site-packages/airflow/example_dags/example_trigger_controller_dag.py
[2026-03-15T17:53:32.415+0000] {logging_mixin.py:188} INFO - [2026-03-15T17:53:32.415+0000] {dag.py:3047} INFO - Sync 1 DAGs
[2026-03-15T17:53:32.429+0000] {logging_mixin.py:188} INFO - [2026-03-15T17:53:32.429+0000] {dag.py:3834} INFO - Setting next_dagrun for example_trigger_controller_dag to 2021-01-01 00:00:00+00:00, run_after=2021-01-01 00:00:00+00:00
[2026-03-15T17:53:32.442+0000] {processor.py:183} INFO - Processing /home/airflow/.local/lib/python3.11/site-packages/airflow/example_dags/example_trigger_controller_dag.py took 0.051 seconds
[2026-03-15T17:53:15.142+0000] {processor.py:161} INFO - Started process (PID=754) to work on /home/airflow/.local/lib/python3.11/site-packages/airflow/example_dags/example_trigger_controller_dag.py
[2026-03-15T17:53:15.143+0000] {processor.py:830} INFO - Processing file /home/airflow/.local/lib/python3.11/site-packages/airflow/example_dags/example_trigger_controller_dag.py for tasks to queue
[2026-03-15T17:53:15.144+0000] {logging_mixin.py:188} INFO - [2026-03-15T17:53:15.144+0000] {dagbag.py:540} INFO - Filling up the DagBag from /home/airflow/.local/lib/python3.11/site-packages/airflow/example_dags/example_trigger_controller_dag.py
[2026-03-15T17:53:15.149+0000] {processor.py:840} INFO - DAG(s) 'example_trigger_controller_dag' retrieved from /home/airflow/.local/lib/python3.11/site-packages/airflow/example_dags/example_trigger_controller_dag.py
[2026-03-15T17:53:15.165+0000] {logging_mixin.py:188} INFO - [2026-03-15T17:53:15.165+0000] {dag.py:3047} INFO - Sync 1 DAGs
[2026-03-15T17:53:15.179+0000] {logging_mixin.py:188} INFO - [2026-03-15T17:53:15.179+0000] {dag.py:3834} INFO - Setting next_dagrun for example_trigger_controller_dag to 2021-01-01 00:00:00+00:00, run_after=2021-01-01 00:00:00+00:00
[2026-03-15T17:53:15.195+0000] {processor.py:183} INFO - Processing /home/airflow/.local/lib/python3.11/site-packages/airflow/example_dags/example_trigger_controller_dag.py took 0.057 seconds
[2026-03-15T17:54:35.317+0000] {processor.py:161} INFO - Started process (PID=803) to work on /home/airflow/.local/lib/python3.11/site-packages/airflow/example_dags/example_trigger_controller_dag.py
[2026-03-15T17:54:35.318+0000] {processor.py:830} INFO - Processing file /home/airflow/.local/lib/python3.11/site-packages/airflow/example_dags/example_trigger_controller_dag.py for tasks to queue
[2026-03-15T17:54:35.320+0000] {logging_mixin.py:188} INFO - [2026-03-15T17:54:35.319+0000] {dagbag.py:540} INFO - Filling up the DagBag from /home/airflow/.local/lib/python3.11/site-packages/airflow/example_dags/example_trigger_controller_dag.py
[2026-03-15T17:54:35.324+0000] {processor.py:840} INFO - DAG(s) 'example_trigger_controller_dag' retrieved from /home/airflow/.local/lib/python3.11/site-packages/airflow/example_dags/example_trigger_controller_dag.py
[2026-03-15T17:53:46.154+0000] {logging_mixin.py:188} INFO - [2026-03-15T17:53:46.154+0000] {dag.py:3047} INFO - Sync 1 DAGs
[2026-03-15T17:53:46.169+0000] {logging_mixin.py:188} INFO - [2026-03-15T17:53:46.169+0000] {dag.py:3834} INFO - Setting next_dagrun for example_trigger_controller_dag to 2021-01-01 00:00:00+00:00, run_after=2021-01-01 00:00:00+00:00
[2026-03-15T17:53:46.199+0000] {processor.py:183} INFO - Processing /home/airflow/.local/lib/python3.11/site-packages/airflow/example_dags/example_trigger_controller_dag.py took 0.070 seconds
[2026-03-15T17:54:16.286+0000] {processor.py:161} INFO - Started process (PID=855) to work on /home/airflow/.local/lib/python3.11/site-packages/airflow/example_dags/example_trigger_controller_dag.py
[2026-03-15T17:54:16.288+0000] {processor.py:830} INFO - Processing file /home/airflow/.local/lib/python3.11/site-packages/airflow/example_dags/example_trigger_controller_dag.py for tasks to queue
[2026-03-15T17:54:16.291+0000] {logging_mixin.py:188} INFO - [2026-03-15T17:54:16.290+0000] {dagbag.py:540} INFO - Filling up the DagBag from /home/airflow/.local/lib/python3.11/site-packages/airflow/example_dags/example_trigger_controller_dag.py
[2026-03-15T17:54:16.296+0000] {processor.py:840} INFO - DAG(s) 'example_trigger_controller_dag' retrieved from /home/airflow/.local/lib/python3.11/site-packages/airflow/example_dags/example_trigger_controller_dag.py
[2026-03-15T17:54:16.311+0000] {logging_mixin.py:188} INFO - [2026-03-15T17:54:16.311+0000] {dag.py:3047} INFO - Sync 1 DAGs
[2026-03-15T17:54:16.326+0000] {logging_mixin.py:188} INFO - [2026-03-15T17:54:16.326+0000] {dag.py:3834} INFO - Setting next_dagrun for example_trigger_controller_dag to 2021-01-01 00:00:00+00:00, run_after=2021-01-01 00:00:00+00:00
[2026-03-15T17:54:16.340+0000] {processor.py:183} INFO - Processing /home/airflow/.local/lib/python3.11/site-packages/airflow/example_dags/example_trigger_controller_dag.py took 0.056 seconds
[2026-03-15T17:54:21.370+0000] {processor.py:161} INFO - Started process (PID=900) to work on /home/airflow/.local/lib/python3.11/site-packages/airflow/example_dags/example_trigger_controller_dag.py
[2026-03-15T17:54:21.371+0000] {processor.py:830} INFO - Processing file /home/airflow/.local/lib/python3.11/site-packages/airflow/example_dags/example_trigger_controller_dag.py for tasks to queue
[2026-03-15T17:54:21.373+0000] {logging_mixin.py:188} INFO - [2026-03-15T17:54:21.373+0000] {dagbag.py:540} INFO - Filling up the DagBag from /home/airflow/.local/lib/python3.11/site-packages/airflow/example_dags/example_trigger_controller_dag.py
[2026-03-15T17:54:21.377+0000] {processor.py:840} INFO - DAG(s) 'example_trigger_controller_dag' retrieved from /home/airflow/.local/lib/python3.11/site-packages/airflow/example_dags/example_trigger_controller_dag.py
[2026-03-15T17:54:21.393+0000] {logging_mixin.py:188} INFO - [2026-03-15T17:54:21.392+0000] {dag.py:3047} INFO - Sync 1 DAGs
[2026-03-15T17:54:21.407+0000] {logging_mixin.py:188} INFO - [2026-03-15T17:54:21.407+0000] {dag.py:3834} INFO - Setting next_dagrun for example_trigger_controller_dag to 2021-01-01 00:00:00+00:00, run_after=2021-01-01 00:00:00+00:00
[2026-03-15T17:54:21.421+0000] {processor.py:183} INFO - Processing /home/airflow/.local/lib/python3.11/site-packages/airflow/example_dags/example_trigger_controller_dag.py took 0.053 seconds
[2026-03-15T17:54:51.472+0000] {processor.py:161} INFO - Started process (PID=949) to work on /home/airflow/.local/lib/python3.11/site-packages/airflow/example_dags/example_trigger_controller_dag.py
[2026-03-15T17:54:51.473+0000] {processor.py:830} INFO - Processing file /home/airflow/.local/lib/python3.11/site-packages/airflow/example_dags/example_trigger_controller_dag.py for tasks to queue
[2026-03-15T17:54:51.475+0000] {logging_mixin.py:188} INFO - [2026-03-15T17:54:51.474+0000] {dagbag.py:540} INFO - Filling up the DagBag from /home/airflow/.local/lib/python3.11/site-packages/airflow/example_dags/example_trigger_controller_dag.py
[2026-03-15T17:54:51.479+0000] {processor.py:840} INFO - DAG(s) 'example_trigger_controller_dag' retrieved from /home/airflow/.local/lib/python3.11/site-packages/airflow/example_dags/example_trigger_controller_dag.py
[2026-03-15T17:54:51.497+0000] {logging_mixin.py:188} INFO - [2026-03-15T17:54:51.497+0000] {dag.py:3047} INFO - Sync 1 DAGs
[2026-03-15T17:54:51.513+0000] {logging_mixin.py:188} INFO - [2026-03-15T17:54:51.513+0000] {dag.py:3834} INFO - Setting next_dagrun for example_trigger_controller_dag to 2021-01-01 00:00:00+00:00, run_after=2021-01-01 00:00:00+00:00
[2026-03-15T17:54:51.527+0000] {processor.py:183} INFO - Processing /home/airflow/.local/lib/python3.11/site-packages/airflow/example_dags/example_trigger_controller_dag.py took 0.059 seconds
[2026-03-15T17:54:56.658+0000] {processor.py:161} INFO - Started process (PID=999) to work on /home/airflow/.local/lib/python3.11/site-packages/airflow/example_dags/example_trigger_controller_dag.py
[2026-03-15T17:54:56.659+0000] {processor.py:830} INFO - Processing file /home/airflow/.local/lib/python3.11/site-packages/airflow/example_dags/example_trigger_controller_dag.py for tasks to queue
[2026-03-15T17:54:56.660+0000] {logging_mixin.py:188} INFO - [2026-03-15T17:54:56.660+0000] {dagbag.py:540} INFO - Filling up the DagBag from /home/airflow/.local/lib/python3.11/site-packages/airflow/example_dags/example_trigger_controller_dag.py
[2026-03-15T17:54:56.665+0000] {processor.py:840} INFO - DAG(s) 'example_trigger_controller_dag' retrieved from /home/airflow/.local/lib/python3.11/site-packages/airflow/example_dags/example_trigger_controller_dag.py
[2026-03-15T17:54:56.684+0000] {logging_mixin.py:188} INFO - [2026-03-15T17:54:56.684+0000] {dag.py:3047} INFO - Sync 1 DAGs
[2026-03-15T17:54:56.700+0000] {logging_mixin.py:188} INFO - [2026-03-15T17:54:56.700+0000] {dag.py:3834} INFO - Setting next_dagrun for example_trigger_controller_dag to 2021-01-01 00:00:00+00:00, run_after=2021-01-01 00:00:00+00:00
[2026-03-15T17:54:56.717+0000] {processor.py:183} INFO - Processing /home/airflow/.local/lib/python3.11/site-packages/airflow/example_dags/example_trigger_controller_dag.py took 0.062 seconds
[2026-03-15T17:55:01.444+0000] {processor.py:161} INFO - Started process (PID=1053) to work on /home/airflow/.local/lib/python3.11/site-packages/airflow/example_dags/example_trigger_controller_dag.py
[2026-03-15T17:55:01.445+0000] {processor.py:830} INFO - Processing file /home/airflow/.local/lib/python3.11/site-packages/airflow/example_dags/example_trigger_controller_dag.py for tasks to queue
[2026-03-15T17:55:01.447+0000] {logging_mixin.py:188} INFO - [2026-03-15T17:55:01.447+0000] {dagbag.py:540} INFO - Filling up the DagBag from /home/airflow/.local/lib/python3.11/site-packages/airflow/example_dags/example_trigger_controller_dag.py
[2026-03-15T17:55:01.451+0000] {processor.py:840} INFO - DAG(s) 'example_trigger_controller_dag' retrieved from /home/airflow/.local/lib/python3.11/site-packages/airflow/example_dags/example_trigger_controller_dag.py
[2026-03-15T17:55:01.470+0000] {logging_mixin.py:188} INFO - [2026-03-15T17:55:01.470+0000] {dag.py:3047} INFO - Sync 1 DAGs
[2026-03-15T17:55:01.489+0000] {logging_mixin.py:188} INFO - [2026-03-15T17:55:01.489+0000] {dag.py:3834} INFO - Setting next_dagrun for example_trigger_controller_dag to 2021-01-01 00:00:00+00:00, run_after=2021-01-01 00:00:00+00:00
[2026-03-15T17:55:01.505+0000] {processor.py:183} INFO - Processing /home/airflow/.local/lib/python3.11/site-packages/airflow/example_dags/example_trigger_controller_dag.py took 0.063 seconds
[2026-03-15T17:55:13.399+0000] {processor.py:161} INFO - Started process (PID=1099) to work on /home/airflow/.local/lib/python3.11/site-packages/airflow/example_dags/example_trigger_controller_dag.py
[2026-03-15T17:55:13.400+0000] {processor.py:830} INFO - Processing file /home/airflow/.local/lib/python3.11/site-packages/airflow/example_dags/example_trigger_controller_dag.py for tasks to queue
[2026-03-15T17:55:13.403+0000] {logging_mixin.py:188} INFO - [2026-03-15T17:55:13.402+0000] {dagbag.py:540} INFO - Filling up the DagBag from /home/airflow/.local/lib/python3.11/site-packages/airflow/example_dags/example_trigger_controller_dag.py
[2026-03-15T17:55:13.407+0000] {processor.py:840} INFO - DAG(s) 'example_trigger_controller_dag' retrieved from /home/airflow/.local/lib/python3.11/site-packages/airflow/example_dags/example_trigger_controller_dag.py
[2026-03-15T17:55:13.427+0000] {logging_mixin.py:188} INFO - [2026-03-15T17:55:13.426+0000] {dag.py:3047} INFO - Sync 1 DAGs
[2026-03-15T17:55:13.444+0000] {logging_mixin.py:188} INFO - [2026-03-15T17:55:13.444+0000] {dag.py:3834} INFO - Setting next_dagrun for example_trigger_controller_dag to 2021-01-01 00:00:00+00:00, run_after=2021-01-01 00:00:00+00:00
[2026-03-15T17:55:13.464+0000] {processor.py:183} INFO - Processing /home/airflow/.local/lib/python3.11/site-packages/airflow/example_dags/example_trigger_controller_dag.py took 0.071 seconds
[2026-03-15T17:55:16.418+0000] {processor.py:161} INFO - Started process (PID=1143) to work on /home/airflow/.local/lib/python3.11/site-packages/airflow/example_dags/example_trigger_controller_dag.py
[2026-03-15T17:55:16.420+0000] {processor.py:830} INFO - Processing file /home/airflow/.local/lib/python3.11/site-packages/airflow/example_dags/example_trigger_controller_dag.py for tasks to queue
[2026-03-15T17:55:16.424+0000] {logging_mixin.py:188} INFO - [2026-03-15T17:55:16.424+0000] {dagbag.py:540} INFO - Filling up the DagBag from /home/airflow/.local/lib/python3.11/site-packages/airflow/example_dags/example_trigger_controller_dag.py
[2026-03-15T17:55:16.431+0000] {processor.py:840} INFO - DAG(s) 'example_trigger_controller_dag' retrieved from /home/airflow/.local/lib/python3.11/site-packages/airflow/example_dags/example_trigger_controller_dag.py
[2026-03-15T17:55:16.458+0000] {logging_mixin.py:188} INFO - [2026-03-15T17:55:16.458+0000] {dag.py:3047} INFO - Sync 1 DAGs
[2026-03-15T17:55:16.480+0000] {logging_mixin.py:188} INFO - [2026-03-15T17:55:16.480+0000] {dag.py:3834} INFO - Setting next_dagrun for example_trigger_controller_dag to 2021-01-01 00:00:00+00:00, run_after=2021-01-01 00:00:00+00:00
[2026-03-15T17:55:16.500+0000] {processor.py:183} INFO - Processing /home/airflow/.local/lib/python3.11/site-packages/airflow/example_dags/example_trigger_controller_dag.py took 0.087 seconds
[2026-03-15T17:55:46.681+0000] {processor.py:161} INFO - Started process (PID=1191) to work on /home/airflow/.local/lib/python3.11/site-packages/airflow/example_dags/example_trigger_controller_dag.py
[2026-03-15T17:55:46.682+0000] {processor.py:830} INFO - Processing file /home/airflow/.local/lib/python3.11/site-packages/airflow/example_dags/example_trigger_controller_dag.py for tasks to queue
[2026-03-15T17:55:46.684+0000] {logging_mixin.py:188} INFO - [2026-03-15T17:55:46.683+0000] {dagbag.py:540} INFO - Filling up the DagBag from /home/airflow/.local/lib/python3.11/site-packages/airflow/example_dags/example_trigger_controller_dag.py
[2026-03-15T17:55:46.688+0000] {processor.py:840} INFO - DAG(s) 'example_trigger_controller_dag' retrieved from /home/airflow/.local/lib/python3.11/site-packages/airflow/example_dags/example_trigger_controller_dag.py
[2026-03-15T17:55:46.706+0000] {logging_mixin.py:188} INFO - [2026-03-15T17:55:46.705+0000] {dag.py:3047} INFO - Sync 1 DAGs
[2026-03-15T17:55:46.725+0000] {logging_mixin.py:188} INFO - [2026-03-15T17:55:46.725+0000] {dag.py:3834} INFO - Setting next_dagrun for example_trigger_controller_dag to 2021-01-01 00:00:00+00:00, run_after=2021-01-01 00:00:00+00:00
[2026-03-15T17:55:46.744+0000] {processor.py:183} INFO - Processing /home/airflow/.local/lib/python3.11/site-packages/airflow/example_dags/example_trigger_controller_dag.py took 0.066 seconds
[2026-03-15T17:55:51.845+0000] {processor.py:161} INFO - Started process (PID=1239) to work on /home/airflow/.local/lib/python3.11/site-packages/airflow/example_dags/example_trigger_controller_dag.py
[2026-03-15T17:55:51.846+0000] {processor.py:830} INFO - Processing file /home/airflow/.local/lib/python3.11/site-packages/airflow/example_dags/example_trigger_controller_dag.py for tasks to queue
[2026-03-15T17:55:51.848+0000] {logging_mixin.py:188} INFO - [2026-03-15T17:55:51.848+0000] {dagbag.py:540} INFO - Filling up the DagBag from /home/airflow/.local/lib/python3.11/site-packages/airflow/example_dags/example_trigger_controller_dag.py
[2026-03-15T17:55:51.852+0000] {processor.py:840} INFO - DAG(s) 'example_trigger_controller_dag' retrieved from /home/airflow/.local/lib/python3.11/site-packages/airflow/example_dags/example_trigger_controller_dag.py
[2026-03-15T17:55:51.872+0000] {logging_mixin.py:188} INFO - [2026-03-15T17:55:51.872+0000] {dag.py:3047} INFO - Sync 1 DAGs
[2026-03-15T17:55:51.888+0000] {logging_mixin.py:188} INFO - [2026-03-15T17:55:51.888+0000] {dag.py:3834} INFO - Setting next_dagrun for example_trigger_controller_dag to 2021-01-01 00:00:00+00:00, run_after=2021-01-01 00:00:00+00:00
[2026-03-15T17:55:51.907+0000] {processor.py:183} INFO - Processing /home/airflow/.local/lib/python3.11/site-packages/airflow/example_dags/example_trigger_controller_dag.py took 0.065 seconds
[2026-03-15T17:55:56.592+0000] {processor.py:161} INFO - Started process (PID=1287) to work on /home/airflow/.local/lib/python3.11/site-packages/airflow/example_dags/example_trigger_controller_dag.py
[2026-03-15T17:55:56.593+0000] {processor.py:830} INFO - Processing file /home/airflow/.local/lib/python3.11/site-packages/airflow/example_dags/example_trigger_controller_dag.py for tasks to queue
[2026-03-15T17:55:56.595+0000] {logging_mixin.py:188} INFO - [2026-03-15T17:55:56.594+0000] {dagbag.py:540} INFO - Filling up the DagBag from /home/airflow/.local/lib/python3.11/site-packages/airflow/example_dags/example_trigger_controller_dag.py
[2026-03-15T17:55:56.599+0000] {processor.py:840} INFO - DAG(s) 'example_trigger_controller_dag' retrieved from /home/airflow/.local/lib/python3.11/site-packages/airflow/example_dags/example_trigger_controller_dag.py
[2026-03-15T17:55:56.617+0000] {logging_mixin.py:188} INFO - [2026-03-15T17:55:56.617+0000] {dag.py:3047} INFO - Sync 1 DAGs
[2026-03-15T17:55:56.632+0000] {logging_mixin.py:188} INFO - [2026-03-15T17:55:56.632+0000] {dag.py:3834} INFO - Setting next_dagrun for example_trigger_controller_dag to 2021-01-01 00:00:00+00:00, run_after=2021-01-01 00:00:00+00:00
[2026-03-15T17:55:56.646+0000] {processor.py:183} INFO - Processing /home/airflow/.local/lib/python3.11/site-packages/airflow/example_dags/example_trigger_controller_dag.py took 0.057 seconds
[2026-03-15T17:56:26.677+0000] {processor.py:161} INFO - Started process (PID=1336) to work on /home/airflow/.local/lib/python3.11/site-packages/airflow/example_dags/example_trigger_controller_dag.py
[2026-03-15T17:56:26.681+0000] {processor.py:830} INFO - Processing file /home/airflow/.local/lib/python3.11/site-packages/airflow/example_dags/example_trigger_controller_dag.py for tasks to queue
[2026-03-15T17:56:26.683+0000] {logging_mixin.py:188} INFO - [2026-03-15T17:56:26.683+0000] {dagbag.py:540} INFO - Filling up the DagBag from /home/airflow/.local/lib/python3.11/site-packages/airflow/example_dags/example_trigger_controller_dag.py
[2026-03-15T17:56:26.687+0000] {processor.py:840} INFO - DAG(s) 'example_trigger_controller_dag' retrieved from /home/airflow/.local/lib/python3.11/site-packages/airflow/example_dags/example_trigger_controller_dag.py
[2026-03-15T17:56:26.703+0000] {logging_mixin.py:188} INFO - [2026-03-15T17:56:26.703+0000] {dag.py:3047} INFO - Sync 1 DAGs
[2026-03-15T17:56:26.717+0000] {logging_mixin.py:188} INFO - [2026-03-15T17:56:26.717+0000] {dag.py:3834} INFO - Setting next_dagrun for example_trigger_controller_dag to 2021-01-01 00:00:00+00:00, run_after=2021-01-01 00:00:00+00:00
[2026-03-15T17:56:26.730+0000] {processor.py:183} INFO - Processing /home/airflow/.local/lib/python3.11/site-packages/airflow/example_dags/example_trigger_controller_dag.py took 0.056 seconds
[2026-03-15T17:56:43.545+0000] {processor.py:161} INFO - Started process (PID=1393) to work on /home/airflow/.local/lib/python3.11/site-packages/airflow/example_dags/example_trigger_controller_dag.py
[2026-03-15T17:56:43.546+0000] {processor.py:830} INFO - Processing file /home/airflow/.local/lib/python3.11/site-packages/airflow/example_dags/example_trigger_controller_dag.py for tasks to queue
[2026-03-15T17:56:43.548+0000] {logging_mixin.py:188} INFO - [2026-03-15T17:56:43.548+0000] {dagbag.py:540} INFO - Filling up the DagBag from /home/airflow/.local/lib/python3.11/site-packages/airflow/example_dags/example_trigger_controller_dag.py
[2026-03-15T17:56:43.552+0000] {processor.py:840} INFO - DAG(s) 'example_trigger_controller_dag' retrieved from /home/airflow/.local/lib/python3.11/site-packages/airflow/example_dags/example_trigger_controller_dag.py
[2026-03-15T17:56:43.568+0000] {logging_mixin.py:188} INFO - [2026-03-15T17:56:43.568+0000] {dag.py:3047} INFO - Sync 1 DAGs
[2026-03-15T17:56:43.583+0000] {logging_mixin.py:188} INFO - [2026-03-15T17:56:43.583+0000] {dag.py:3834} INFO - Setting next_dagrun for example_trigger_controller_dag to 2021-01-01 00:00:00+00:00, run_after=2021-01-01 00:00:00+00:00
[2026-03-15T17:56:43.599+0000] {processor.py:183} INFO - Processing /home/airflow/.local/lib/python3.11/site-packages/airflow/example_dags/example_trigger_controller_dag.py took 0.056 seconds
[2026-03-15T17:56:46.796+0000] {processor.py:161} INFO - Started process (PID=1441) to work on /home/airflow/.local/lib/python3.11/site-packages/airflow/example_dags/example_trigger_controller_dag.py
[2026-03-15T17:56:46.797+0000] {processor.py:830} INFO - Processing file /home/airflow/.local/lib/python3.11/site-packages/airflow/example_dags/example_trigger_controller_dag.py for tasks to queue
[2026-03-15T17:56:46.799+0000] {logging_mixin.py:188} INFO - [2026-03-15T17:56:46.798+0000] {dagbag.py:540} INFO - Filling up the DagBag from /home/airflow/.local/lib/python3.11/site-packages/airflow/example_dags/example_trigger_controller_dag.py
[2026-03-15T17:56:46.803+0000] {processor.py:840} INFO - DAG(s) 'example_trigger_controller_dag' retrieved from /home/airflow/.local/lib/python3.11/site-packages/airflow/example_dags/example_trigger_controller_dag.py
[2026-03-15T17:56:46.819+0000] {logging_mixin.py:188} INFO - [2026-03-15T17:56:46.819+0000] {dag.py:3047} INFO - Sync 1 DAGs
[2026-03-15T17:56:46.836+0000] {logging_mixin.py:188} INFO - [2026-03-15T17:56:46.835+0000] {dag.py:3834} INFO - Setting next_dagrun for example_trigger_controller_dag to 2021-01-01 00:00:00+00:00, run_after=2021-01-01 00:00:00+00:00
[2026-03-15T17:56:46.851+0000] {processor.py:183} INFO - Processing /home/airflow/.local/lib/python3.11/site-packages/airflow/example_dags/example_trigger_controller_dag.py took 0.057 seconds
[2026-03-15T17:57:17.065+0000] {processor.py:161} INFO - Started process (PID=1495) to work on /home/airflow/.local/lib/python3.11/site-packages/airflow/example_dags/example_trigger_controller_dag.py
[2026-03-15T17:57:17.066+0000] {processor.py:830} INFO - Processing file /home/airflow/.local/lib/python3.11/site-packages/airflow/example_dags/example_trigger_controller_dag.py for tasks to queue
[2026-03-15T17:57:17.068+0000] {logging_mixin.py:188} INFO - [2026-03-15T17:57:17.067+0000] {dagbag.py:540} INFO - Filling up the DagBag from /home/airflow/.local/lib/python3.11/site-packages/airflow/example_dags/example_trigger_controller_dag.py
[2026-03-15T17:57:17.072+0000] {processor.py:840} INFO - DAG(s) 'example_trigger_controller_dag' retrieved from /home/airflow/.local/lib/python3.11/site-packages/airflow/example_dags/example_trigger_controller_dag.py
[2026-03-15T17:57:17.090+0000] {logging_mixin.py:188} INFO - [2026-03-15T17:57:17.090+0000] {dag.py:3047} INFO - Sync 1 DAGs
[2026-03-15T17:57:17.110+0000] {logging_mixin.py:188} INFO - [2026-03-15T17:57:17.110+0000] {dag.py:3834} INFO - Setting next_dagrun for example_trigger_controller_dag to 2021-01-01 00:00:00+00:00, run_after=2021-01-01 00:00:00+00:00
[2026-03-15T17:57:17.129+0000] {processor.py:183} INFO - Processing /home/airflow/.local/lib/python3.11/site-packages/airflow/example_dags/example_trigger_controller_dag.py took 0.067 seconds
[2026-03-15T17:57:21.869+0000] {processor.py:161} INFO - Started process (PID=1545) to work on /home/airflow/.local/lib/python3.11/site-packages/airflow/example_dags/example_trigger_controller_dag.py
[2026-03-15T17:57:21.870+0000] {processor.py:830} INFO - Processing file /home/airflow/.local/lib/python3.11/site-packages/airflow/example_dags/example_trigger_controller_dag.py for tasks to queue
[2026-03-15T17:57:21.872+0000] {logging_mixin.py:188} INFO - [2026-03-15T17:57:21.872+0000] {dagbag.py:540} INFO - Filling up the DagBag from /home/airflow/.local/lib/python3.11/site-packages/airflow/example_dags/example_trigger_controller_dag.py
[2026-03-15T17:57:21.877+0000] {processor.py:840} INFO - DAG(s) 'example_trigger_controller_dag' retrieved from /home/airflow/.local/lib/python3.11/site-packages/airflow/example_dags/example_trigger_controller_dag.py
[2026-03-15T17:57:21.896+0000] {logging_mixin.py:188} INFO - [2026-03-15T17:57:21.896+0000] {dag.py:3047} INFO - Sync 1 DAGs
[2026-03-15T17:57:21.913+0000] {logging_mixin.py:188} INFO - [2026-03-15T17:57:21.913+0000] {dag.py:3834} INFO - Setting next_dagrun for example_trigger_controller_dag to 2021-01-01 00:00:00+00:00, run_after=2021-01-01 00:00:00+00:00
[2026-03-15T17:57:21.930+0000] {processor.py:183} INFO - Processing /home/airflow/.local/lib/python3.11/site-packages/airflow/example_dags/example_trigger_controller_dag.py took 0.064 seconds
[2026-03-15T17:58:32.442+0000] {processor.py:161} INFO - Started process (PID=1597) to work on /home/airflow/.local/lib/python3.11/site-packages/airflow/example_dags/example_trigger_controller_dag.py
[2026-03-15T17:58:32.443+0000] {processor.py:830} INFO - Processing file /home/airflow/.local/lib/python3.11/site-packages/airflow/example_dags/example_trigger_controller_dag.py for tasks to queue
[2026-03-15T17:58:32.445+0000] {logging_mixin.py:188} INFO - [2026-03-15T17:58:32.444+0000] {dagbag.py:540} INFO - Filling up the DagBag from /home/airflow/.local/lib/python3.11/site-packages/airflow/example_dags/example_trigger_controller_dag.py
[2026-03-15T17:58:32.448+0000] {processor.py:840} INFO - DAG(s) 'example_trigger_controller_dag' retrieved from /home/airflow/.local/lib/python3.11/site-packages/airflow/example_dags/example_trigger_controller_dag.py
[2026-03-15T17:58:32.464+0000] {logging_mixin.py:188} INFO - [2026-03-15T17:58:32.463+0000] {dag.py:3047} INFO - Sync 1 DAGs
[2026-03-15T17:58:32.478+0000] {logging_mixin.py:188} INFO - [2026-03-15T17:58:32.478+0000] {dag.py:3834} INFO - Setting next_dagrun for example_trigger_controller_dag to 2021-01-01 00:00:00+00:00, run_after=2021-01-01 00:00:00+00:00
[2026-03-15T17:57:43.336+0000] {processor.py:183} INFO - Processing /home/airflow/.local/lib/python3.11/site-packages/airflow/example_dags/example_trigger_controller_dag.py took 0.053 seconds
[2026-03-15T17:58:35.615+0000] {processor.py:161} INFO - Started process (PID=1640) to work on /home/airflow/.local/lib/python3.11/site-packages/airflow/example_dags/example_trigger_controller_dag.py
[2026-03-15T17:58:35.616+0000] {processor.py:830} INFO - Processing file /home/airflow/.local/lib/python3.11/site-packages/airflow/example_dags/example_trigger_controller_dag.py for tasks to queue
[2026-03-15T17:58:35.618+0000] {logging_mixin.py:188} INFO - [2026-03-15T17:58:35.617+0000] {dagbag.py:540} INFO - Filling up the DagBag from /home/airflow/.local/lib/python3.11/site-packages/airflow/example_dags/example_trigger_controller_dag.py
[2026-03-15T17:58:35.622+0000] {processor.py:840} INFO - DAG(s) 'example_trigger_controller_dag' retrieved from /home/airflow/.local/lib/python3.11/site-packages/airflow/example_dags/example_trigger_controller_dag.py
[2026-03-15T17:58:35.642+0000] {logging_mixin.py:188} INFO - [2026-03-15T17:58:35.642+0000] {dag.py:3047} INFO - Sync 1 DAGs
[2026-03-15T17:58:35.658+0000] {logging_mixin.py:188} INFO - [2026-03-15T17:58:35.657+0000] {dag.py:3834} INFO - Setting next_dagrun for example_trigger_controller_dag to 2021-01-01 00:00:00+00:00, run_after=2021-01-01 00:00:00+00:00
[2026-03-15T17:58:35.674+0000] {processor.py:183} INFO - Processing /home/airflow/.local/lib/python3.11/site-packages/airflow/example_dags/example_trigger_controller_dag.py took 0.062 seconds
[2026-03-15T17:58:21.707+0000] {processor.py:161} INFO - Started process (PID=1777) to work on /home/airflow/.local/lib/python3.11/site-packages/airflow/example_dags/example_trigger_controller_dag.py
[2026-03-15T17:58:21.708+0000] {processor.py:830} INFO - Processing file /home/airflow/.local/lib/python3.11/site-packages/airflow/example_dags/example_trigger_controller_dag.py for tasks to queue
[2026-03-15T17:58:21.710+0000] {logging_mixin.py:188} INFO - [2026-03-15T17:58:21.710+0000] {dagbag.py:540} INFO - Filling up the DagBag from /home/airflow/.local/lib/python3.11/site-packages/airflow/example_dags/example_trigger_controller_dag.py
[2026-03-15T17:58:21.714+0000] {processor.py:840} INFO - DAG(s) 'example_trigger_controller_dag' retrieved from /home/airflow/.local/lib/python3.11/site-packages/airflow/example_dags/example_trigger_controller_dag.py
[2026-03-15T17:58:21.730+0000] {logging_mixin.py:188} INFO - [2026-03-15T17:58:21.730+0000] {dag.py:3047} INFO - Sync 1 DAGs
[2026-03-15T17:58:21.745+0000] {logging_mixin.py:188} INFO - [2026-03-15T17:58:21.745+0000] {dag.py:3834} INFO - Setting next_dagrun for example_trigger_controller_dag to 2021-01-01 00:00:00+00:00, run_after=2021-01-01 00:00:00+00:00
[2026-03-15T17:58:21.757+0000] {processor.py:183} INFO - Processing /home/airflow/.local/lib/python3.11/site-packages/airflow/example_dags/example_trigger_controller_dag.py took 0.052 seconds
[2026-03-15T17:59:25.641+0000] {processor.py:161} INFO - Started process (PID=1822) to work on /home/airflow/.local/lib/python3.11/site-packages/airflow/example_dags/example_trigger_controller_dag.py
[2026-03-15T17:59:25.642+0000] {processor.py:830} INFO - Processing file /home/airflow/.local/lib/python3.11/site-packages/airflow/example_dags/example_trigger_controller_dag.py for tasks to queue
[2026-03-15T17:59:25.643+0000] {logging_mixin.py:188} INFO - [2026-03-15T17:59:25.643+0000] {dagbag.py:540} INFO - Filling up the DagBag from /home/airflow/.local/lib/python3.11/site-packages/airflow/example_dags/example_trigger_controller_dag.py
[2026-03-15T17:59:25.648+0000] {processor.py:840} INFO - DAG(s) 'example_trigger_controller_dag' retrieved from /home/airflow/.local/lib/python3.11/site-packages/airflow/example_dags/example_trigger_controller_dag.py
[2026-03-15T17:59:25.669+0000] {logging_mixin.py:188} INFO - [2026-03-15T17:59:25.668+0000] {dag.py:3047} INFO - Sync 1 DAGs
[2026-03-15T17:59:25.686+0000] {logging_mixin.py:188} INFO - [2026-03-15T17:59:25.686+0000] {dag.py:3834} INFO - Setting next_dagrun for example_trigger_controller_dag to 2021-01-01 00:00:00+00:00, run_after=2021-01-01 00:00:00+00:00
[2026-03-15T17:59:25.701+0000] {processor.py:183} INFO - Processing /home/airflow/.local/lib/python3.11/site-packages/airflow/example_dags/example_trigger_controller_dag.py took 0.063 seconds
[2026-03-15T17:59:56.023+0000] {processor.py:161} INFO - Started process (PID=2019) to work on /home/airflow/.local/lib/python3.11/site-packages/airflow/example_dags/example_trigger_controller_dag.py
[2026-03-15T17:59:56.024+0000] {processor.py:830} INFO - Processing file /home/airflow/.local/lib/python3.11/site-packages/airflow/example_dags/example_trigger_controller_dag.py for tasks to queue
[2026-03-15T17:59:56.026+0000] {logging_mixin.py:188} INFO - [2026-03-15T17:59:56.026+0000] {dagbag.py:540} INFO - Filling up the DagBag from /home/airflow/.local/lib/python3.11/site-packages/airflow/example_dags/example_trigger_controller_dag.py
[2026-03-15T17:59:56.030+0000] {processor.py:840} INFO - DAG(s) 'example_trigger_controller_dag' retrieved from /home/airflow/.local/lib/python3.11/site-packages/airflow/example_dags/example_trigger_controller_dag.py
[2026-03-15T17:59:56.046+0000] {logging_mixin.py:188} INFO - [2026-03-15T17:59:56.046+0000] {dag.py:3047} INFO - Sync 1 DAGs
[2026-03-15T17:59:56.060+0000] {logging_mixin.py:188} INFO - [2026-03-15T17:59:56.060+0000] {dag.py:3834} INFO - Setting next_dagrun for example_trigger_controller_dag to 2021-01-01 00:00:00+00:00, run_after=2021-01-01 00:00:00+00:00
[2026-03-15T17:59:56.077+0000] {processor.py:183} INFO - Processing /home/airflow/.local/lib/python3.11/site-packages/airflow/example_dags/example_trigger_controller_dag.py took 0.056 seconds
[2026-03-15T18:00:06.950+0000] {processor.py:161} INFO - Started process (PID=2045) to work on /home/airflow/.local/lib/python3.11/site-packages/airflow/example_dags/example_trigger_controller_dag.py
[2026-03-15T18:00:06.951+0000] {processor.py:830} INFO - Processing file /home/airflow/.local/lib/python3.11/site-packages/airflow/example_dags/example_trigger_controller_dag.py for tasks to queue
[2026-03-15T18:00:06.952+0000] {logging_mixin.py:188} INFO - [2026-03-15T18:00:06.952+0000] {dagbag.py:540} INFO - Filling up the DagBag from /home/airflow/.local/lib/python3.11/site-packages/airflow/example_dags/example_trigger_controller_dag.py
[2026-03-15T18:00:06.956+0000] {processor.py:840} INFO - DAG(s) 'example_trigger_controller_dag' retrieved from /home/airflow/.local/lib/python3.11/site-packages/airflow/example_dags/example_trigger_controller_dag.py
[2026-03-15T18:00:06.972+0000] {logging_mixin.py:188} INFO - [2026-03-15T18:00:06.972+0000] {dag.py:3047} INFO - Sync 1 DAGs
[2026-03-15T18:00:06.986+0000] {logging_mixin.py:188} INFO - [2026-03-15T18:00:06.986+0000] {dag.py:3834} INFO - Setting next_dagrun for example_trigger_controller_dag to 2021-01-01 00:00:00+00:00, run_after=2021-01-01 00:00:00+00:00
[2026-03-15T18:00:06.999+0000] {processor.py:183} INFO - Processing /home/airflow/.local/lib/python3.11/site-packages/airflow/example_dags/example_trigger_controller_dag.py took 0.052 seconds
[2026-03-15T18:00:11.927+0000] {processor.py:161} INFO - Started process (PID=2086) to work on /home/airflow/.local/lib/python3.11/site-packages/airflow/example_dags/example_trigger_controller_dag.py
[2026-03-15T18:00:11.928+0000] {processor.py:830} INFO - Processing file /home/airflow/.local/lib/python3.11/site-packages/airflow/example_dags/example_trigger_controller_dag.py for tasks to queue
[2026-03-15T18:00:11.930+0000] {logging_mixin.py:188} INFO - [2026-03-15T18:00:11.930+0000] {dagbag.py:540} INFO - Filling up the DagBag from /home/airflow/.local/lib/python3.11/site-packages/airflow/example_dags/example_trigger_controller_dag.py
[2026-03-15T18:00:11.934+0000] {processor.py:840} INFO - DAG(s) 'example_trigger_controller_dag' retrieved from /home/airflow/.local/lib/python3.11/site-packages/airflow/example_dags/example_trigger_controller_dag.py
[2026-03-15T18:00:11.951+0000] {logging_mixin.py:188} INFO - [2026-03-15T18:00:11.951+0000] {dag.py:3047} INFO - Sync 1 DAGs
[2026-03-15T18:00:11.966+0000] {logging_mixin.py:188} INFO - [2026-03-15T18:00:11.965+0000] {dag.py:3834} INFO - Setting next_dagrun for example_trigger_controller_dag to 2021-01-01 00:00:00+00:00, run_after=2021-01-01 00:00:00+00:00
[2026-03-15T18:00:11.977+0000] {processor.py:183} INFO - Processing /home/airflow/.local/lib/python3.11/site-packages/airflow/example_dags/example_trigger_controller_dag.py took 0.053 seconds
[2026-03-15T18:00:42.322+0000] {processor.py:161} INFO - Started process (PID=2133) to work on /home/airflow/.local/lib/python3.11/site-packages/airflow/example_dags/example_trigger_controller_dag.py
[2026-03-15T18:00:42.323+0000] {processor.py:830} INFO - Processing file /home/airflow/.local/lib/python3.11/site-packages/airflow/example_dags/example_trigger_controller_dag.py for tasks to queue
[2026-03-15T18:00:42.324+0000] {logging_mixin.py:188} INFO - [2026-03-15T18:00:42.324+0000] {dagbag.py:540} INFO - Filling up the DagBag from /home/airflow/.local/lib/python3.11/site-packages/airflow/example_dags/example_trigger_controller_dag.py
[2026-03-15T18:00:42.329+0000] {processor.py:840} INFO - DAG(s) 'example_trigger_controller_dag' retrieved from /home/airflow/.local/lib/python3.11/site-packages/airflow/example_dags/example_trigger_controller_dag.py
[2026-03-15T18:00:42.344+0000] {logging_mixin.py:188} INFO - [2026-03-15T18:00:42.344+0000] {dag.py:3047} INFO - Sync 1 DAGs
[2026-03-15T18:00:42.359+0000] {logging_mixin.py:188} INFO - [2026-03-15T18:00:42.358+0000] {dag.py:3834} INFO - Setting next_dagrun for example_trigger_controller_dag to 2021-01-01 00:00:00+00:00, run_after=2021-01-01 00:00:00+00:00
[2026-03-15T18:00:42.371+0000] {processor.py:183} INFO - Processing /home/airflow/.local/lib/python3.11/site-packages/airflow/example_dags/example_trigger_controller_dag.py took 0.052 seconds
[2026-03-15T18:00:43.470+0000] {processor.py:161} INFO - Started process (PID=2158) to work on /home/airflow/.local/lib/python3.11/site-packages/airflow/example_dags/example_trigger_controller_dag.py
[2026-03-15T18:00:43.471+0000] {processor.py:830} INFO - Processing file /home/airflow/.local/lib/python3.11/site-packages/airflow/example_dags/example_trigger_controller_dag.py for tasks to queue
[2026-03-15T18:00:43.473+0000] {logging_mixin.py:188} INFO - [2026-03-15T18:00:43.473+0000] {dagbag.py:540} INFO - Filling up the DagBag from /home/airflow/.local/lib/python3.11/site-packages/airflow/example_dags/example_trigger_controller_dag.py
[2026-03-15T18:00:43.480+0000] {processor.py:840} INFO - DAG(s) 'example_trigger_controller_dag' retrieved from /home/airflow/.local/lib/python3.11/site-packages/airflow/example_dags/example_trigger_controller_dag.py
[2026-03-15T18:00:43.497+0000] {logging_mixin.py:188} INFO - [2026-03-15T18:00:43.497+0000] {dag.py:3047} INFO - Sync 1 DAGs
[2026-03-15T18:00:43.512+0000] {logging_mixin.py:188} INFO - [2026-03-15T18:00:43.512+0000] {dag.py:3834} INFO - Setting next_dagrun for example_trigger_controller_dag to 2021-01-01 00:00:00+00:00, run_after=2021-01-01 00:00:00+00:00
[2026-03-15T18:00:43.526+0000] {processor.py:183} INFO - Processing /home/airflow/.local/lib/python3.11/site-packages/airflow/example_dags/example_trigger_controller_dag.py took 0.060 seconds
[2026-03-15T18:01:13.294+0000] {processor.py:161} INFO - Started process (PID=2204) to work on /home/airflow/.local/lib/python3.11/site-packages/airflow/example_dags/example_trigger_controller_dag.py
[2026-03-15T18:01:13.295+0000] {processor.py:830} INFO - Processing file /home/airflow/.local/lib/python3.11/site-packages/airflow/example_dags/example_trigger_controller_dag.py for tasks to queue
[2026-03-15T18:01:13.298+0000] {logging_mixin.py:188} INFO - [2026-03-15T18:01:13.297+0000] {dagbag.py:540} INFO - Filling up the DagBag from /home/airflow/.local/lib/python3.11/site-packages/airflow/example_dags/example_trigger_controller_dag.py
[2026-03-15T18:01:13.302+0000] {processor.py:840} INFO - DAG(s) 'example_trigger_controller_dag' retrieved from /home/airflow/.local/lib/python3.11/site-packages/airflow/example_dags/example_trigger_controller_dag.py
[2026-03-15T18:01:13.319+0000] {logging_mixin.py:188} INFO - [2026-03-15T18:01:13.318+0000] {dag.py:3047} INFO - Sync 1 DAGs
[2026-03-15T18:01:13.333+0000] {logging_mixin.py:188} INFO - [2026-03-15T18:01:13.333+0000] {dag.py:3834} INFO - Setting next_dagrun for example_trigger_controller_dag to 2021-01-01 00:00:00+00:00, run_after=2021-01-01 00:00:00+00:00
[2026-03-15T18:01:13.346+0000] {processor.py:183} INFO - Processing /home/airflow/.local/lib/python3.11/site-packages/airflow/example_dags/example_trigger_controller_dag.py took 0.054 seconds
[2026-03-15T18:01:43.832+0000] {processor.py:161} INFO - Started process (PID=2254) to work on /home/airflow/.local/lib/python3.11/site-packages/airflow/example_dags/example_trigger_controller_dag.py
[2026-03-15T18:01:43.833+0000] {processor.py:830} INFO - Processing file /home/airflow/.local/lib/python3.11/site-packages/airflow/example_dags/example_trigger_controller_dag.py for tasks to queue
[2026-03-15T18:01:43.834+0000] {logging_mixin.py:188} INFO - [2026-03-15T18:01:43.834+0000] {dagbag.py:540} INFO - Filling up the DagBag from /home/airflow/.local/lib/python3.11/site-packages/airflow/example_dags/example_trigger_controller_dag.py
[2026-03-15T18:01:43.838+0000] {processor.py:840} INFO - DAG(s) 'example_trigger_controller_dag' retrieved from /home/airflow/.local/lib/python3.11/site-packages/airflow/example_dags/example_trigger_controller_dag.py
[2026-03-15T18:01:43.854+0000] {logging_mixin.py:188} INFO - [2026-03-15T18:01:43.853+0000] {dag.py:3047} INFO - Sync 1 DAGs
[2026-03-15T18:01:43.868+0000] {logging_mixin.py:188} INFO - [2026-03-15T18:01:43.868+0000] {dag.py:3834} INFO - Setting next_dagrun for example_trigger_controller_dag to 2021-01-01 00:00:00+00:00, run_after=2021-01-01 00:00:00+00:00
[2026-03-15T18:01:43.882+0000] {processor.py:183} INFO - Processing /home/airflow/.local/lib/python3.11/site-packages/airflow/example_dags/example_trigger_controller_dag.py took 0.053 seconds
[2026-03-15T18:01:47.191+0000] {processor.py:161} INFO - Started process (PID=2304) to work on /home/airflow/.local/lib/python3.11/site-packages/airflow/example_dags/example_trigger_controller_dag.py
[2026-03-15T18:01:47.192+0000] {processor.py:830} INFO - Processing file /home/airflow/.local/lib/python3.11/site-packages/airflow/example_dags/example_trigger_controller_dag.py for tasks to queue
[2026-03-15T18:01:47.194+0000] {logging_mixin.py:188} INFO - [2026-03-15T18:01:47.193+0000] {dagbag.py:540} INFO - Filling up the DagBag from /home/airflow/.local/lib/python3.11/site-packages/airflow/example_dags/example_trigger_controller_dag.py
[2026-03-15T18:01:47.198+0000] {processor.py:840} INFO - DAG(s) 'example_trigger_controller_dag' retrieved from /home/airflow/.local/lib/python3.11/site-packages/airflow/example_dags/example_trigger_controller_dag.py
[2026-03-15T18:01:47.215+0000] {logging_mixin.py:188} INFO - [2026-03-15T18:01:47.215+0000] {dag.py:3047} INFO - Sync 1 DAGs
[2026-03-15T18:01:47.231+0000] {logging_mixin.py:188} INFO - [2026-03-15T18:01:47.231+0000] {dag.py:3834} INFO - Setting next_dagrun for example_trigger_controller_dag to 2021-01-01 00:00:00+00:00, run_after=2021-01-01 00:00:00+00:00
[2026-03-15T18:01:47.245+0000] {processor.py:183} INFO - Processing /home/airflow/.local/lib/python3.11/site-packages/airflow/example_dags/example_trigger_controller_dag.py took 0.056 seconds
[2026-03-15T18:02:13.442+0000] {processor.py:161} INFO - Started process (PID=2356) to work on /home/airflow/.local/lib/python3.11/site-packages/airflow/example_dags/example_trigger_controller_dag.py
[2026-03-15T18:02:13.443+0000] {processor.py:830} INFO - Processing file /home/airflow/.local/lib/python3.11/site-packages/airflow/example_dags/example_trigger_controller_dag.py for tasks to queue
[2026-03-15T18:02:13.444+0000] {logging_mixin.py:188} INFO - [2026-03-15T18:02:13.444+0000] {dagbag.py:540} INFO - Filling up the DagBag from /home/airflow/.local/lib/python3.11/site-packages/airflow/example_dags/example_trigger_controller_dag.py
[2026-03-15T18:02:13.449+0000] {processor.py:840} INFO - DAG(s) 'example_trigger_controller_dag' retrieved from /home/airflow/.local/lib/python3.11/site-packages/airflow/example_dags/example_trigger_controller_dag.py
[2026-03-15T18:02:13.465+0000] {logging_mixin.py:188} INFO - [2026-03-15T18:02:13.465+0000] {dag.py:3047} INFO - Sync 1 DAGs
[2026-03-15T18:02:13.480+0000] {logging_mixin.py:188} INFO - [2026-03-15T18:02:13.480+0000] {dag.py:3834} INFO - Setting next_dagrun for example_trigger_controller_dag to 2021-01-01 00:00:00+00:00, run_after=2021-01-01 00:00:00+00:00
[2026-03-15T18:02:13.494+0000] {processor.py:183} INFO - Processing /home/airflow/.local/lib/python3.11/site-packages/airflow/example_dags/example_trigger_controller_dag.py took 0.055 seconds
[2026-03-15T18:02:44.520+0000] {processor.py:161} INFO - Started process (PID=2406) to work on /home/airflow/.local/lib/python3.11/site-packages/airflow/example_dags/example_trigger_controller_dag.py
[2026-03-15T18:02:44.521+0000] {processor.py:830} INFO - Processing file /home/airflow/.local/lib/python3.11/site-packages/airflow/example_dags/example_trigger_controller_dag.py for tasks to queue
[2026-03-15T18:02:44.523+0000] {logging_mixin.py:188} INFO - [2026-03-15T18:02:44.523+0000] {dagbag.py:540} INFO - Filling up the DagBag from /home/airflow/.local/lib/python3.11/site-packages/airflow/example_dags/example_trigger_controller_dag.py
[2026-03-15T18:02:44.527+0000] {processor.py:840} INFO - DAG(s) 'example_trigger_controller_dag' retrieved from /home/airflow/.local/lib/python3.11/site-packages/airflow/example_dags/example_trigger_controller_dag.py
[2026-03-15T18:02:44.548+0000] {logging_mixin.py:188} INFO - [2026-03-15T18:02:44.548+0000] {dag.py:3047} INFO - Sync 1 DAGs
[2026-03-15T18:02:44.563+0000] {logging_mixin.py:188} INFO - [2026-03-15T18:02:44.563+0000] {dag.py:3834} INFO - Setting next_dagrun for example_trigger_controller_dag to 2021-01-01 00:00:00+00:00, run_after=2021-01-01 00:00:00+00:00
[2026-03-15T18:02:44.577+0000] {processor.py:183} INFO - Processing /home/airflow/.local/lib/python3.11/site-packages/airflow/example_dags/example_trigger_controller_dag.py took 0.060 seconds
[2026-03-15T18:03:15.123+0000] {processor.py:161} INFO - Started process (PID=2460) to work on /home/airflow/.local/lib/python3.11/site-packages/airflow/example_dags/example_trigger_controller_dag.py
[2026-03-15T18:03:15.124+0000] {processor.py:830} INFO - Processing file /home/airflow/.local/lib/python3.11/site-packages/airflow/example_dags/example_trigger_controller_dag.py for tasks to queue
[2026-03-15T18:03:15.126+0000] {logging_mixin.py:188} INFO - [2026-03-15T18:03:15.126+0000] {dagbag.py:540} INFO - Filling up the DagBag from /home/airflow/.local/lib/python3.11/site-packages/airflow/example_dags/example_trigger_controller_dag.py
[2026-03-15T18:03:15.132+0000] {processor.py:840} INFO - DAG(s) 'example_trigger_controller_dag' retrieved from /home/airflow/.local/lib/python3.11/site-packages/airflow/example_dags/example_trigger_controller_dag.py
[2026-03-15T18:03:15.148+0000] {logging_mixin.py:188} INFO - [2026-03-15T18:03:15.148+0000] {dag.py:3047} INFO - Sync 1 DAGs
[2026-03-15T18:03:15.163+0000] {logging_mixin.py:188} INFO - [2026-03-15T18:03:15.163+0000] {dag.py:3834} INFO - Setting next_dagrun for example_trigger_controller_dag to 2021-01-01 00:00:00+00:00, run_after=2021-01-01 00:00:00+00:00
[2026-03-15T18:03:15.176+0000] {processor.py:183} INFO - Processing /home/airflow/.local/lib/python3.11/site-packages/airflow/example_dags/example_trigger_controller_dag.py took 0.056 seconds
[2026-03-15T18:03:17.508+0000] {processor.py:161} INFO - Started process (PID=2508) to work on /home/airflow/.local/lib/python3.11/site-packages/airflow/example_dags/example_trigger_controller_dag.py
[2026-03-15T18:03:17.511+0000] {processor.py:830} INFO - Processing file /home/airflow/.local/lib/python3.11/site-packages/airflow/example_dags/example_trigger_controller_dag.py for tasks to queue
[2026-03-15T18:03:17.514+0000] {logging_mixin.py:188} INFO - [2026-03-15T18:03:17.514+0000] {dagbag.py:540} INFO - Filling up the DagBag from /home/airflow/.local/lib/python3.11/site-packages/airflow/example_dags/example_trigger_controller_dag.py
[2026-03-15T18:03:17.519+0000] {processor.py:840} INFO - DAG(s) 'example_trigger_controller_dag' retrieved from /home/airflow/.local/lib/python3.11/site-packages/airflow/example_dags/example_trigger_controller_dag.py
[2026-03-15T18:03:17.535+0000] {logging_mixin.py:188} INFO - [2026-03-15T18:03:17.535+0000] {dag.py:3047} INFO - Sync 1 DAGs
[2026-03-15T18:03:17.549+0000] {logging_mixin.py:188} INFO - [2026-03-15T18:03:17.549+0000] {dag.py:3834} INFO - Setting next_dagrun for example_trigger_controller_dag to 2021-01-01 00:00:00+00:00, run_after=2021-01-01 00:00:00+00:00
[2026-03-15T18:03:17.561+0000] {processor.py:183} INFO - Processing /home/airflow/.local/lib/python3.11/site-packages/airflow/example_dags/example_trigger_controller_dag.py took 0.056 seconds
[2026-03-15T18:03:22.498+0000] {processor.py:161} INFO - Started process (PID=2552) to work on /home/airflow/.local/lib/python3.11/site-packages/airflow/example_dags/example_trigger_controller_dag.py
[2026-03-15T18:03:22.499+0000] {processor.py:830} INFO - Processing file /home/airflow/.local/lib/python3.11/site-packages/airflow/example_dags/example_trigger_controller_dag.py for tasks to queue
[2026-03-15T18:03:22.500+0000] {logging_mixin.py:188} INFO - [2026-03-15T18:03:22.500+0000] {dagbag.py:540} INFO - Filling up the DagBag from /home/airflow/.local/lib/python3.11/site-packages/airflow/example_dags/example_trigger_controller_dag.py
[2026-03-15T18:03:22.504+0000] {processor.py:840} INFO - DAG(s) 'example_trigger_controller_dag' retrieved from /home/airflow/.local/lib/python3.11/site-packages/airflow/example_dags/example_trigger_controller_dag.py
[2026-03-15T18:03:22.521+0000] {logging_mixin.py:188} INFO - [2026-03-15T18:03:22.520+0000] {dag.py:3047} INFO - Sync 1 DAGs
[2026-03-15T18:03:22.535+0000] {logging_mixin.py:188} INFO - [2026-03-15T18:03:22.535+0000] {dag.py:3834} INFO - Setting next_dagrun for example_trigger_controller_dag to 2021-01-01 00:00:00+00:00, run_after=2021-01-01 00:00:00+00:00
[2026-03-15T18:03:22.546+0000] {processor.py:183} INFO - Processing /home/airflow/.local/lib/python3.11/site-packages/airflow/example_dags/example_trigger_controller_dag.py took 0.051 seconds
[2026-03-15T18:03:43.778+0000] {processor.py:161} INFO - Started process (PID=2603) to work on /home/airflow/.local/lib/python3.11/site-packages/airflow/example_dags/example_trigger_controller_dag.py
[2026-03-15T18:03:43.779+0000] {processor.py:830} INFO - Processing file /home/airflow/.local/lib/python3.11/site-packages/airflow/example_dags/example_trigger_controller_dag.py for tasks to queue
[2026-03-15T18:03:43.781+0000] {logging_mixin.py:188} INFO - [2026-03-15T18:03:43.780+0000] {dagbag.py:540} INFO - Filling up the DagBag from /home/airflow/.local/lib/python3.11/site-packages/airflow/example_dags/example_trigger_controller_dag.py
[2026-03-15T18:03:43.785+0000] {processor.py:840} INFO - DAG(s) 'example_trigger_controller_dag' retrieved from /home/airflow/.local/lib/python3.11/site-packages/airflow/example_dags/example_trigger_controller_dag.py
[2026-03-15T18:03:43.800+0000] {logging_mixin.py:188} INFO - [2026-03-15T18:03:43.800+0000] {dag.py:3047} INFO - Sync 1 DAGs
[2026-03-15T18:03:43.814+0000] {logging_mixin.py:188} INFO - [2026-03-15T18:03:43.814+0000] {dag.py:3834} INFO - Setting next_dagrun for example_trigger_controller_dag to 2021-01-01 00:00:00+00:00, run_after=2021-01-01 00:00:00+00:00
[2026-03-15T18:03:43.827+0000] {processor.py:183} INFO - Processing /home/airflow/.local/lib/python3.11/site-packages/airflow/example_dags/example_trigger_controller_dag.py took 0.052 seconds
[2026-03-15T18:04:13.923+0000] {processor.py:161} INFO - Started process (PID=2654) to work on /home/airflow/.local/lib/python3.11/site-packages/airflow/example_dags/example_trigger_controller_dag.py
[2026-03-15T18:04:13.924+0000] {processor.py:830} INFO - Processing file /home/airflow/.local/lib/python3.11/site-packages/airflow/example_dags/example_trigger_controller_dag.py for tasks to queue
[2026-03-15T18:04:13.926+0000] {logging_mixin.py:188} INFO - [2026-03-15T18:04:13.926+0000] {dagbag.py:540} INFO - Filling up the DagBag from /home/airflow/.local/lib/python3.11/site-packages/airflow/example_dags/example_trigger_controller_dag.py
[2026-03-15T18:04:13.930+0000] {processor.py:840} INFO - DAG(s) 'example_trigger_controller_dag' retrieved from /home/airflow/.local/lib/python3.11/site-packages/airflow/example_dags/example_trigger_controller_dag.py
[2026-03-15T18:04:13.945+0000] {logging_mixin.py:188} INFO - [2026-03-15T18:04:13.944+0000] {dag.py:3047} INFO - Sync 1 DAGs
[2026-03-15T18:04:13.960+0000] {logging_mixin.py:188} INFO - [2026-03-15T18:04:13.959+0000] {dag.py:3834} INFO - Setting next_dagrun for example_trigger_controller_dag to 2021-01-01 00:00:00+00:00, run_after=2021-01-01 00:00:00+00:00
[2026-03-15T18:04:13.971+0000] {processor.py:183} INFO - Processing /home/airflow/.local/lib/python3.11/site-packages/airflow/example_dags/example_trigger_controller_dag.py took 0.051 seconds
[2026-03-15T18:04:17.527+0000] {processor.py:161} INFO - Started process (PID=2699) to work on /home/airflow/.local/lib/python3.11/site-packages/airflow/example_dags/example_trigger_controller_dag.py
[2026-03-15T18:04:17.527+0000] {processor.py:830} INFO - Processing file /home/airflow/.local/lib/python3.11/site-packages/airflow/example_dags/example_trigger_controller_dag.py for tasks to queue
[2026-03-15T18:04:17.529+0000] {logging_mixin.py:188} INFO - [2026-03-15T18:04:17.529+0000] {dagbag.py:540} INFO - Filling up the DagBag from /home/airflow/.local/lib/python3.11/site-packages/airflow/example_dags/example_trigger_controller_dag.py
[2026-03-15T18:04:17.533+0000] {processor.py:840} INFO - DAG(s) 'example_trigger_controller_dag' retrieved from /home/airflow/.local/lib/python3.11/site-packages/airflow/example_dags/example_trigger_controller_dag.py
[2026-03-15T18:04:17.548+0000] {logging_mixin.py:188} INFO - [2026-03-15T18:04:17.548+0000] {dag.py:3047} INFO - Sync 1 DAGs
[2026-03-15T18:04:17.561+0000] {logging_mixin.py:188} INFO - [2026-03-15T18:04:17.561+0000] {dag.py:3834} INFO - Setting next_dagrun for example_trigger_controller_dag to 2021-01-01 00:00:00+00:00, run_after=2021-01-01 00:00:00+00:00
[2026-03-15T18:04:17.572+0000] {processor.py:183} INFO - Processing /home/airflow/.local/lib/python3.11/site-packages/airflow/example_dags/example_trigger_controller_dag.py took 0.048 seconds
[2026-03-15T18:04:22.458+0000] {processor.py:161} INFO - Started process (PID=2743) to work on /home/airflow/.local/lib/python3.11/site-packages/airflow/example_dags/example_trigger_controller_dag.py
[2026-03-15T18:04:22.459+0000] {processor.py:830} INFO - Processing file /home/airflow/.local/lib/python3.11/site-packages/airflow/example_dags/example_trigger_controller_dag.py for tasks to queue
[2026-03-15T18:04:22.461+0000] {logging_mixin.py:188} INFO - [2026-03-15T18:04:22.461+0000] {dagbag.py:540} INFO - Filling up the DagBag from /home/airflow/.local/lib/python3.11/site-packages/airflow/example_dags/example_trigger_controller_dag.py
[2026-03-15T18:04:22.465+0000] {processor.py:840} INFO - DAG(s) 'example_trigger_controller_dag' retrieved from /home/airflow/.local/lib/python3.11/site-packages/airflow/example_dags/example_trigger_controller_dag.py
[2026-03-15T18:04:22.482+0000] {logging_mixin.py:188} INFO - [2026-03-15T18:04:22.481+0000] {dag.py:3047} INFO - Sync 1 DAGs
[2026-03-15T18:04:22.496+0000] {logging_mixin.py:188} INFO - [2026-03-15T18:04:22.496+0000] {dag.py:3834} INFO - Setting next_dagrun for example_trigger_controller_dag to 2021-01-01 00:00:00+00:00, run_after=2021-01-01 00:00:00+00:00
[2026-03-15T18:04:22.508+0000] {processor.py:183} INFO - Processing /home/airflow/.local/lib/python3.11/site-packages/airflow/example_dags/example_trigger_controller_dag.py took 0.052 seconds
[2026-03-15T18:05:16.462+0000] {processor.py:161} INFO - Started process (PID=2787) to work on /home/airflow/.local/lib/python3.11/site-packages/airflow/example_dags/example_trigger_controller_dag.py
[2026-03-15T18:05:16.463+0000] {processor.py:830} INFO - Processing file /home/airflow/.local/lib/python3.11/site-packages/airflow/example_dags/example_trigger_controller_dag.py for tasks to queue
[2026-03-15T18:05:16.465+0000] {logging_mixin.py:188} INFO - [2026-03-15T18:05:16.464+0000] {dagbag.py:540} INFO - Filling up the DagBag from /home/airflow/.local/lib/python3.11/site-packages/airflow/example_dags/example_trigger_controller_dag.py
[2026-03-15T18:05:16.469+0000] {processor.py:840} INFO - DAG(s) 'example_trigger_controller_dag' retrieved from /home/airflow/.local/lib/python3.11/site-packages/airflow/example_dags/example_trigger_controller_dag.py
[2026-03-15T18:05:16.485+0000] {logging_mixin.py:188} INFO - [2026-03-15T18:05:16.485+0000] {dag.py:3047} INFO - Sync 1 DAGs
[2026-03-15T18:05:16.500+0000] {logging_mixin.py:188} INFO - [2026-03-15T18:05:16.500+0000] {dag.py:3834} INFO - Setting next_dagrun for example_trigger_controller_dag to 2021-01-01 00:00:00+00:00, run_after=2021-01-01 00:00:00+00:00
[2026-03-15T18:04:27.350+0000] {processor.py:183} INFO - Processing /home/airflow/.local/lib/python3.11/site-packages/airflow/example_dags/example_trigger_controller_dag.py took 0.054 seconds
[2026-03-15T18:04:58.115+0000] {processor.py:161} INFO - Started process (PID=2834) to work on /home/airflow/.local/lib/python3.11/site-packages/airflow/example_dags/example_trigger_controller_dag.py
[2026-03-15T18:04:58.116+0000] {processor.py:830} INFO - Processing file /home/airflow/.local/lib/python3.11/site-packages/airflow/example_dags/example_trigger_controller_dag.py for tasks to queue
[2026-03-15T18:04:58.118+0000] {logging_mixin.py:188} INFO - [2026-03-15T18:04:58.118+0000] {dagbag.py:540} INFO - Filling up the DagBag from /home/airflow/.local/lib/python3.11/site-packages/airflow/example_dags/example_trigger_controller_dag.py
[2026-03-15T18:04:58.122+0000] {processor.py:840} INFO - DAG(s) 'example_trigger_controller_dag' retrieved from /home/airflow/.local/lib/python3.11/site-packages/airflow/example_dags/example_trigger_controller_dag.py
[2026-03-15T18:04:58.137+0000] {logging_mixin.py:188} INFO - [2026-03-15T18:04:58.137+0000] {dag.py:3047} INFO - Sync 1 DAGs
[2026-03-15T18:04:58.151+0000] {logging_mixin.py:188} INFO - [2026-03-15T18:04:58.151+0000] {dag.py:3834} INFO - Setting next_dagrun for example_trigger_controller_dag to 2021-01-01 00:00:00+00:00, run_after=2021-01-01 00:00:00+00:00
[2026-03-15T18:04:58.163+0000] {processor.py:183} INFO - Processing /home/airflow/.local/lib/python3.11/site-packages/airflow/example_dags/example_trigger_controller_dag.py took 0.050 seconds
[2026-03-15T18:05:13.600+0000] {processor.py:161} INFO - Started process (PID=2888) to work on /home/airflow/.local/lib/python3.11/site-packages/airflow/example_dags/example_trigger_controller_dag.py
[2026-03-15T18:05:13.601+0000] {processor.py:830} INFO - Processing file /home/airflow/.local/lib/python3.11/site-packages/airflow/example_dags/example_trigger_controller_dag.py for tasks to queue
[2026-03-15T18:05:13.603+0000] {logging_mixin.py:188} INFO - [2026-03-15T18:05:13.602+0000] {dagbag.py:540} INFO - Filling up the DagBag from /home/airflow/.local/lib/python3.11/site-packages/airflow/example_dags/example_trigger_controller_dag.py
[2026-03-15T18:05:13.607+0000] {processor.py:840} INFO - DAG(s) 'example_trigger_controller_dag' retrieved from /home/airflow/.local/lib/python3.11/site-packages/airflow/example_dags/example_trigger_controller_dag.py
[2026-03-15T18:05:13.626+0000] {logging_mixin.py:188} INFO - [2026-03-15T18:05:13.626+0000] {dag.py:3047} INFO - Sync 1 DAGs
[2026-03-15T18:05:13.645+0000] {logging_mixin.py:188} INFO - [2026-03-15T18:05:13.645+0000] {dag.py:3834} INFO - Setting next_dagrun for example_trigger_controller_dag to 2021-01-01 00:00:00+00:00, run_after=2021-01-01 00:00:00+00:00
[2026-03-15T18:05:13.664+0000] {processor.py:183} INFO - Processing /home/airflow/.local/lib/python3.11/site-packages/airflow/example_dags/example_trigger_controller_dag.py took 0.067 seconds
[2026-03-15T18:05:43.401+0000] {processor.py:161} INFO - Started process (PID=2942) to work on /home/airflow/.local/lib/python3.11/site-packages/airflow/example_dags/example_trigger_controller_dag.py
[2026-03-15T18:05:43.402+0000] {processor.py:830} INFO - Processing file /home/airflow/.local/lib/python3.11/site-packages/airflow/example_dags/example_trigger_controller_dag.py for tasks to queue
[2026-03-15T18:05:43.403+0000] {logging_mixin.py:188} INFO - [2026-03-15T18:05:43.403+0000] {dagbag.py:540} INFO - Filling up the DagBag from /home/airflow/.local/lib/python3.11/site-packages/airflow/example_dags/example_trigger_controller_dag.py
[2026-03-15T18:05:43.407+0000] {processor.py:840} INFO - DAG(s) 'example_trigger_controller_dag' retrieved from /home/airflow/.local/lib/python3.11/site-packages/airflow/example_dags/example_trigger_controller_dag.py
[2026-03-15T18:05:43.424+0000] {logging_mixin.py:188} INFO - [2026-03-15T18:05:43.423+0000] {dag.py:3047} INFO - Sync 1 DAGs
[2026-03-15T18:05:43.440+0000] {logging_mixin.py:188} INFO - [2026-03-15T18:05:43.439+0000] {dag.py:3834} INFO - Setting next_dagrun for example_trigger_controller_dag to 2021-01-01 00:00:00+00:00, run_after=2021-01-01 00:00:00+00:00
[2026-03-15T18:05:43.455+0000] {processor.py:183} INFO - Processing /home/airflow/.local/lib/python3.11/site-packages/airflow/example_dags/example_trigger_controller_dag.py took 0.058 seconds
[2026-03-15T18:06:14.058+0000] {processor.py:161} INFO - Started process (PID=2992) to work on /home/airflow/.local/lib/python3.11/site-packages/airflow/example_dags/example_trigger_controller_dag.py
[2026-03-15T18:06:14.058+0000] {processor.py:830} INFO - Processing file /home/airflow/.local/lib/python3.11/site-packages/airflow/example_dags/example_trigger_controller_dag.py for tasks to queue
[2026-03-15T18:06:14.060+0000] {logging_mixin.py:188} INFO - [2026-03-15T18:06:14.060+0000] {dagbag.py:540} INFO - Filling up the DagBag from /home/airflow/.local/lib/python3.11/site-packages/airflow/example_dags/example_trigger_controller_dag.py
[2026-03-15T18:06:14.064+0000] {processor.py:840} INFO - DAG(s) 'example_trigger_controller_dag' retrieved from /home/airflow/.local/lib/python3.11/site-packages/airflow/example_dags/example_trigger_controller_dag.py
[2026-03-15T18:06:14.079+0000] {logging_mixin.py:188} INFO - [2026-03-15T18:06:14.079+0000] {dag.py:3047} INFO - Sync 1 DAGs
[2026-03-15T18:06:14.096+0000] {logging_mixin.py:188} INFO - [2026-03-15T18:06:14.096+0000] {dag.py:3834} INFO - Setting next_dagrun for example_trigger_controller_dag to 2021-01-01 00:00:00+00:00, run_after=2021-01-01 00:00:00+00:00
[2026-03-15T18:06:14.111+0000] {processor.py:183} INFO - Processing /home/airflow/.local/lib/python3.11/site-packages/airflow/example_dags/example_trigger_controller_dag.py took 0.055 seconds
[2026-03-15T18:06:17.848+0000] {processor.py:161} INFO - Started process (PID=3042) to work on /home/airflow/.local/lib/python3.11/site-packages/airflow/example_dags/example_trigger_controller_dag.py
[2026-03-15T18:06:17.849+0000] {processor.py:830} INFO - Processing file /home/airflow/.local/lib/python3.11/site-packages/airflow/example_dags/example_trigger_controller_dag.py for tasks to queue
[2026-03-15T18:06:17.851+0000] {logging_mixin.py:188} INFO - [2026-03-15T18:06:17.851+0000] {dagbag.py:540} INFO - Filling up the DagBag from /home/airflow/.local/lib/python3.11/site-packages/airflow/example_dags/example_trigger_controller_dag.py
[2026-03-15T18:06:17.855+0000] {processor.py:840} INFO - DAG(s) 'example_trigger_controller_dag' retrieved from /home/airflow/.local/lib/python3.11/site-packages/airflow/example_dags/example_trigger_controller_dag.py
[2026-03-15T18:06:17.871+0000] {logging_mixin.py:188} INFO - [2026-03-15T18:06:17.871+0000] {dag.py:3047} INFO - Sync 1 DAGs
[2026-03-15T18:06:17.887+0000] {logging_mixin.py:188} INFO - [2026-03-15T18:06:17.887+0000] {dag.py:3834} INFO - Setting next_dagrun for example_trigger_controller_dag to 2021-01-01 00:00:00+00:00, run_after=2021-01-01 00:00:00+00:00
[2026-03-15T18:06:17.904+0000] {processor.py:183} INFO - Processing /home/airflow/.local/lib/python3.11/site-packages/airflow/example_dags/example_trigger_controller_dag.py took 0.059 seconds
[2026-03-15T18:06:22.896+0000] {processor.py:161} INFO - Started process (PID=3092) to work on /home/airflow/.local/lib/python3.11/site-packages/airflow/example_dags/example_trigger_controller_dag.py
[2026-03-15T18:06:22.897+0000] {processor.py:830} INFO - Processing file /home/airflow/.local/lib/python3.11/site-packages/airflow/example_dags/example_trigger_controller_dag.py for tasks to queue
[2026-03-15T18:06:22.899+0000] {logging_mixin.py:188} INFO - [2026-03-15T18:06:22.899+0000] {dagbag.py:540} INFO - Filling up the DagBag from /home/airflow/.local/lib/python3.11/site-packages/airflow/example_dags/example_trigger_controller_dag.py
[2026-03-15T18:06:22.904+0000] {processor.py:840} INFO - DAG(s) 'example_trigger_controller_dag' retrieved from /home/airflow/.local/lib/python3.11/site-packages/airflow/example_dags/example_trigger_controller_dag.py
[2026-03-15T18:06:22.921+0000] {logging_mixin.py:188} INFO - [2026-03-15T18:06:22.921+0000] {dag.py:3047} INFO - Sync 1 DAGs
[2026-03-15T18:06:22.936+0000] {logging_mixin.py:188} INFO - [2026-03-15T18:06:22.936+0000] {dag.py:3834} INFO - Setting next_dagrun for example_trigger_controller_dag to 2021-01-01 00:00:00+00:00, run_after=2021-01-01 00:00:00+00:00
[2026-03-15T18:06:22.951+0000] {processor.py:183} INFO - Processing /home/airflow/.local/lib/python3.11/site-packages/airflow/example_dags/example_trigger_controller_dag.py took 0.057 seconds
[2026-03-15T18:06:27.652+0000] {processor.py:161} INFO - Started process (PID=3140) to work on /home/airflow/.local/lib/python3.11/site-packages/airflow/example_dags/example_trigger_controller_dag.py
[2026-03-15T18:06:27.653+0000] {processor.py:830} INFO - Processing file /home/airflow/.local/lib/python3.11/site-packages/airflow/example_dags/example_trigger_controller_dag.py for tasks to queue
[2026-03-15T18:06:27.654+0000] {logging_mixin.py:188} INFO - [2026-03-15T18:06:27.654+0000] {dagbag.py:540} INFO - Filling up the DagBag from /home/airflow/.local/lib/python3.11/site-packages/airflow/example_dags/example_trigger_controller_dag.py
[2026-03-15T18:06:27.659+0000] {processor.py:840} INFO - DAG(s) 'example_trigger_controller_dag' retrieved from /home/airflow/.local/lib/python3.11/site-packages/airflow/example_dags/example_trigger_controller_dag.py
[2026-03-15T18:06:27.677+0000] {logging_mixin.py:188} INFO - [2026-03-15T18:06:27.677+0000] {dag.py:3047} INFO - Sync 1 DAGs
[2026-03-15T18:06:27.694+0000] {logging_mixin.py:188} INFO - [2026-03-15T18:06:27.694+0000] {dag.py:3834} INFO - Setting next_dagrun for example_trigger_controller_dag to 2021-01-01 00:00:00+00:00, run_after=2021-01-01 00:00:00+00:00
[2026-03-15T18:06:27.709+0000] {processor.py:183} INFO - Processing /home/airflow/.local/lib/python3.11/site-packages/airflow/example_dags/example_trigger_controller_dag.py took 0.060 seconds
[2026-03-15T18:06:57.766+0000] {processor.py:161} INFO - Started process (PID=3189) to work on /home/airflow/.local/lib/python3.11/site-packages/airflow/example_dags/example_trigger_controller_dag.py
[2026-03-15T18:06:57.767+0000] {processor.py:830} INFO - Processing file /home/airflow/.local/lib/python3.11/site-packages/airflow/example_dags/example_trigger_controller_dag.py for tasks to queue
[2026-03-15T18:06:57.769+0000] {logging_mixin.py:188} INFO - [2026-03-15T18:06:57.769+0000] {dagbag.py:540} INFO - Filling up the DagBag from /home/airflow/.local/lib/python3.11/site-packages/airflow/example_dags/example_trigger_controller_dag.py
[2026-03-15T18:06:57.774+0000] {processor.py:840} INFO - DAG(s) 'example_trigger_controller_dag' retrieved from /home/airflow/.local/lib/python3.11/site-packages/airflow/example_dags/example_trigger_controller_dag.py
[2026-03-15T18:06:57.791+0000] {logging_mixin.py:188} INFO - [2026-03-15T18:06:57.790+0000] {dag.py:3047} INFO - Sync 1 DAGs
[2026-03-15T18:06:57.805+0000] {logging_mixin.py:188} INFO - [2026-03-15T18:06:57.805+0000] {dag.py:3834} INFO - Setting next_dagrun for example_trigger_controller_dag to 2021-01-01 00:00:00+00:00, run_after=2021-01-01 00:00:00+00:00
[2026-03-15T18:06:57.819+0000] {processor.py:183} INFO - Processing /home/airflow/.local/lib/python3.11/site-packages/airflow/example_dags/example_trigger_controller_dag.py took 0.059 seconds
[2026-03-15T18:07:02.765+0000] {processor.py:161} INFO - Started process (PID=3246) to work on /home/airflow/.local/lib/python3.11/site-packages/airflow/example_dags/example_trigger_controller_dag.py
[2026-03-15T18:07:02.766+0000] {processor.py:830} INFO - Processing file /home/airflow/.local/lib/python3.11/site-packages/airflow/example_dags/example_trigger_controller_dag.py for tasks to queue
[2026-03-15T18:07:02.768+0000] {logging_mixin.py:188} INFO - [2026-03-15T18:07:02.768+0000] {dagbag.py:540} INFO - Filling up the DagBag from /home/airflow/.local/lib/python3.11/site-packages/airflow/example_dags/example_trigger_controller_dag.py
[2026-03-15T18:07:02.772+0000] {processor.py:840} INFO - DAG(s) 'example_trigger_controller_dag' retrieved from /home/airflow/.local/lib/python3.11/site-packages/airflow/example_dags/example_trigger_controller_dag.py
[2026-03-15T18:07:02.787+0000] {logging_mixin.py:188} INFO - [2026-03-15T18:07:02.787+0000] {dag.py:3047} INFO - Sync 1 DAGs
[2026-03-15T18:07:02.801+0000] {logging_mixin.py:188} INFO - [2026-03-15T18:07:02.800+0000] {dag.py:3834} INFO - Setting next_dagrun for example_trigger_controller_dag to 2021-01-01 00:00:00+00:00, run_after=2021-01-01 00:00:00+00:00
[2026-03-15T18:07:02.814+0000] {processor.py:183} INFO - Processing /home/airflow/.local/lib/python3.11/site-packages/airflow/example_dags/example_trigger_controller_dag.py took 0.051 seconds
[2026-03-15T18:07:33.218+0000] {processor.py:161} INFO - Started process (PID=3300) to work on /home/airflow/.local/lib/python3.11/site-packages/airflow/example_dags/example_trigger_controller_dag.py
[2026-03-15T18:07:33.219+0000] {processor.py:830} INFO - Processing file /home/airflow/.local/lib/python3.11/site-packages/airflow/example_dags/example_trigger_controller_dag.py for tasks to queue
[2026-03-15T18:07:33.221+0000] {logging_mixin.py:188} INFO - [2026-03-15T18:07:33.221+0000] {dagbag.py:540} INFO - Filling up the DagBag from /home/airflow/.local/lib/python3.11/site-packages/airflow/example_dags/example_trigger_controller_dag.py
[2026-03-15T18:07:33.226+0000] {processor.py:840} INFO - DAG(s) 'example_trigger_controller_dag' retrieved from /home/airflow/.local/lib/python3.11/site-packages/airflow/example_dags/example_trigger_controller_dag.py
[2026-03-15T18:07:33.242+0000] {logging_mixin.py:188} INFO - [2026-03-15T18:07:33.242+0000] {dag.py:3047} INFO - Sync 1 DAGs
[2026-03-15T18:07:33.255+0000] {logging_mixin.py:188} INFO - [2026-03-15T18:07:33.255+0000] {dag.py:3834} INFO - Setting next_dagrun for example_trigger_controller_dag to 2021-01-01 00:00:00+00:00, run_after=2021-01-01 00:00:00+00:00
[2026-03-15T18:07:33.268+0000] {processor.py:183} INFO - Processing /home/airflow/.local/lib/python3.11/site-packages/airflow/example_dags/example_trigger_controller_dag.py took 0.053 seconds
[2026-03-15T18:08:03.365+0000] {processor.py:161} INFO - Started process (PID=3354) to work on /home/airflow/.local/lib/python3.11/site-packages/airflow/example_dags/example_trigger_controller_dag.py
[2026-03-15T18:08:03.366+0000] {processor.py:830} INFO - Processing file /home/airflow/.local/lib/python3.11/site-packages/airflow/example_dags/example_trigger_controller_dag.py for tasks to queue
[2026-03-15T18:08:03.368+0000] {logging_mixin.py:188} INFO - [2026-03-15T18:08:03.368+0000] {dagbag.py:540} INFO - Filling up the DagBag from /home/airflow/.local/lib/python3.11/site-packages/airflow/example_dags/example_trigger_controller_dag.py
[2026-03-15T18:08:03.373+0000] {processor.py:840} INFO - DAG(s) 'example_trigger_controller_dag' retrieved from /home/airflow/.local/lib/python3.11/site-packages/airflow/example_dags/example_trigger_controller_dag.py
[2026-03-15T18:08:03.390+0000] {logging_mixin.py:188} INFO - [2026-03-15T18:08:03.389+0000] {dag.py:3047} INFO - Sync 1 DAGs
[2026-03-15T18:08:03.406+0000] {logging_mixin.py:188} INFO - [2026-03-15T18:08:03.406+0000] {dag.py:3834} INFO - Setting next_dagrun for example_trigger_controller_dag to 2021-01-01 00:00:00+00:00, run_after=2021-01-01 00:00:00+00:00
[2026-03-15T18:08:03.421+0000] {processor.py:183} INFO - Processing /home/airflow/.local/lib/python3.11/site-packages/airflow/example_dags/example_trigger_controller_dag.py took 0.059 seconds
[2026-03-15T18:08:07.927+0000] {processor.py:161} INFO - Started process (PID=3404) to work on /home/airflow/.local/lib/python3.11/site-packages/airflow/example_dags/example_trigger_controller_dag.py
[2026-03-15T18:08:07.928+0000] {processor.py:830} INFO - Processing file /home/airflow/.local/lib/python3.11/site-packages/airflow/example_dags/example_trigger_controller_dag.py for tasks to queue
[2026-03-15T18:08:07.930+0000] {logging_mixin.py:188} INFO - [2026-03-15T18:08:07.930+0000] {dagbag.py:540} INFO - Filling up the DagBag from /home/airflow/.local/lib/python3.11/site-packages/airflow/example_dags/example_trigger_controller_dag.py
[2026-03-15T18:08:07.934+0000] {processor.py:840} INFO - DAG(s) 'example_trigger_controller_dag' retrieved from /home/airflow/.local/lib/python3.11/site-packages/airflow/example_dags/example_trigger_controller_dag.py
[2026-03-15T18:08:07.951+0000] {logging_mixin.py:188} INFO - [2026-03-15T18:08:07.951+0000] {dag.py:3047} INFO - Sync 1 DAGs
[2026-03-15T18:08:07.966+0000] {logging_mixin.py:188} INFO - [2026-03-15T18:08:07.966+0000] {dag.py:3834} INFO - Setting next_dagrun for example_trigger_controller_dag to 2021-01-01 00:00:00+00:00, run_after=2021-01-01 00:00:00+00:00
[2026-03-15T18:08:07.981+0000] {processor.py:183} INFO - Processing /home/airflow/.local/lib/python3.11/site-packages/airflow/example_dags/example_trigger_controller_dag.py took 0.057 seconds
[2026-03-15T18:08:13.669+0000] {processor.py:161} INFO - Started process (PID=3454) to work on /home/airflow/.local/lib/python3.11/site-packages/airflow/example_dags/example_trigger_controller_dag.py
[2026-03-15T18:08:13.670+0000] {processor.py:830} INFO - Processing file /home/airflow/.local/lib/python3.11/site-packages/airflow/example_dags/example_trigger_controller_dag.py for tasks to queue
[2026-03-15T18:08:13.673+0000] {logging_mixin.py:188} INFO - [2026-03-15T18:08:13.672+0000] {dagbag.py:540} INFO - Filling up the DagBag from /home/airflow/.local/lib/python3.11/site-packages/airflow/example_dags/example_trigger_controller_dag.py
[2026-03-15T18:08:13.678+0000] {processor.py:840} INFO - DAG(s) 'example_trigger_controller_dag' retrieved from /home/airflow/.local/lib/python3.11/site-packages/airflow/example_dags/example_trigger_controller_dag.py
[2026-03-15T18:08:13.696+0000] {logging_mixin.py:188} INFO - [2026-03-15T18:08:13.695+0000] {dag.py:3047} INFO - Sync 1 DAGs
[2026-03-15T18:08:13.710+0000] {logging_mixin.py:188} INFO - [2026-03-15T18:08:13.710+0000] {dag.py:3834} INFO - Setting next_dagrun for example_trigger_controller_dag to 2021-01-01 00:00:00+00:00, run_after=2021-01-01 00:00:00+00:00
[2026-03-15T18:08:13.727+0000] {processor.py:183} INFO - Processing /home/airflow/.local/lib/python3.11/site-packages/airflow/example_dags/example_trigger_controller_dag.py took 0.062 seconds
[2026-03-15T18:08:43.765+0000] {processor.py:161} INFO - Started process (PID=3510) to work on /home/airflow/.local/lib/python3.11/site-packages/airflow/example_dags/example_trigger_controller_dag.py
[2026-03-15T18:08:43.766+0000] {processor.py:830} INFO - Processing file /home/airflow/.local/lib/python3.11/site-packages/airflow/example_dags/example_trigger_controller_dag.py for tasks to queue
[2026-03-15T18:08:43.768+0000] {logging_mixin.py:188} INFO - [2026-03-15T18:08:43.768+0000] {dagbag.py:540} INFO - Filling up the DagBag from /home/airflow/.local/lib/python3.11/site-packages/airflow/example_dags/example_trigger_controller_dag.py
[2026-03-15T18:08:43.773+0000] {processor.py:840} INFO - DAG(s) 'example_trigger_controller_dag' retrieved from /home/airflow/.local/lib/python3.11/site-packages/airflow/example_dags/example_trigger_controller_dag.py
[2026-03-15T18:08:43.791+0000] {logging_mixin.py:188} INFO - [2026-03-15T18:08:43.791+0000] {dag.py:3047} INFO - Sync 1 DAGs
[2026-03-15T18:08:43.807+0000] {logging_mixin.py:188} INFO - [2026-03-15T18:08:43.807+0000] {dag.py:3834} INFO - Setting next_dagrun for example_trigger_controller_dag to 2021-01-01 00:00:00+00:00, run_after=2021-01-01 00:00:00+00:00
[2026-03-15T18:08:43.824+0000] {processor.py:183} INFO - Processing /home/airflow/.local/lib/python3.11/site-packages/airflow/example_dags/example_trigger_controller_dag.py took 0.063 seconds
[2026-03-15T18:09:13.489+0000] {processor.py:161} INFO - Started process (PID=3566) to work on /home/airflow/.local/lib/python3.11/site-packages/airflow/example_dags/example_trigger_controller_dag.py
[2026-03-15T18:09:13.490+0000] {processor.py:830} INFO - Processing file /home/airflow/.local/lib/python3.11/site-packages/airflow/example_dags/example_trigger_controller_dag.py for tasks to queue
[2026-03-15T18:09:13.491+0000] {logging_mixin.py:188} INFO - [2026-03-15T18:09:13.491+0000] {dagbag.py:540} INFO - Filling up the DagBag from /home/airflow/.local/lib/python3.11/site-packages/airflow/example_dags/example_trigger_controller_dag.py
[2026-03-15T18:09:13.496+0000] {processor.py:840} INFO - DAG(s) 'example_trigger_controller_dag' retrieved from /home/airflow/.local/lib/python3.11/site-packages/airflow/example_dags/example_trigger_controller_dag.py
[2026-03-15T18:09:13.511+0000] {logging_mixin.py:188} INFO - [2026-03-15T18:09:13.511+0000] {dag.py:3047} INFO - Sync 1 DAGs
[2026-03-15T18:09:13.525+0000] {logging_mixin.py:188} INFO - [2026-03-15T18:09:13.524+0000] {dag.py:3834} INFO - Setting next_dagrun for example_trigger_controller_dag to 2021-01-01 00:00:00+00:00, run_after=2021-01-01 00:00:00+00:00
[2026-03-15T18:09:13.544+0000] {processor.py:183} INFO - Processing /home/airflow/.local/lib/python3.11/site-packages/airflow/example_dags/example_trigger_controller_dag.py took 0.059 seconds
[2026-03-15T18:09:17.868+0000] {processor.py:161} INFO - Started process (PID=3611) to work on /home/airflow/.local/lib/python3.11/site-packages/airflow/example_dags/example_trigger_controller_dag.py
[2026-03-15T18:09:17.870+0000] {processor.py:830} INFO - Processing file /home/airflow/.local/lib/python3.11/site-packages/airflow/example_dags/example_trigger_controller_dag.py for tasks to queue
[2026-03-15T18:09:17.872+0000] {logging_mixin.py:188} INFO - [2026-03-15T18:09:17.871+0000] {dagbag.py:540} INFO - Filling up the DagBag from /home/airflow/.local/lib/python3.11/site-packages/airflow/example_dags/example_trigger_controller_dag.py
[2026-03-15T18:09:17.877+0000] {processor.py:840} INFO - DAG(s) 'example_trigger_controller_dag' retrieved from /home/airflow/.local/lib/python3.11/site-packages/airflow/example_dags/example_trigger_controller_dag.py
[2026-03-15T18:09:17.894+0000] {logging_mixin.py:188} INFO - [2026-03-15T18:09:17.894+0000] {dag.py:3047} INFO - Sync 1 DAGs
[2026-03-15T18:09:17.909+0000] {logging_mixin.py:188} INFO - [2026-03-15T18:09:17.908+0000] {dag.py:3834} INFO - Setting next_dagrun for example_trigger_controller_dag to 2021-01-01 00:00:00+00:00, run_after=2021-01-01 00:00:00+00:00
[2026-03-15T18:09:17.925+0000] {processor.py:183} INFO - Processing /home/airflow/.local/lib/python3.11/site-packages/airflow/example_dags/example_trigger_controller_dag.py took 0.059 seconds
[2026-03-15T18:10:22.037+0000] {processor.py:161} INFO - Started process (PID=3659) to work on /home/airflow/.local/lib/python3.11/site-packages/airflow/example_dags/example_trigger_controller_dag.py
[2026-03-15T18:10:22.038+0000] {processor.py:830} INFO - Processing file /home/airflow/.local/lib/python3.11/site-packages/airflow/example_dags/example_trigger_controller_dag.py for tasks to queue
[2026-03-15T18:09:32.878+0000] {logging_mixin.py:188} INFO - [2026-03-15T18:09:32.878+0000] {dagbag.py:540} INFO - Filling up the DagBag from /home/airflow/.local/lib/python3.11/site-packages/airflow/example_dags/example_trigger_controller_dag.py
[2026-03-15T18:09:32.882+0000] {processor.py:840} INFO - DAG(s) 'example_trigger_controller_dag' retrieved from /home/airflow/.local/lib/python3.11/site-packages/airflow/example_dags/example_trigger_controller_dag.py
[2026-03-15T18:09:32.901+0000] {logging_mixin.py:188} INFO - [2026-03-15T18:09:32.901+0000] {dag.py:3047} INFO - Sync 1 DAGs
[2026-03-15T18:09:32.917+0000] {logging_mixin.py:188} INFO - [2026-03-15T18:09:32.917+0000] {dag.py:3834} INFO - Setting next_dagrun for example_trigger_controller_dag to 2021-01-01 00:00:00+00:00, run_after=2021-01-01 00:00:00+00:00
[2026-03-15T18:09:32.933+0000] {processor.py:183} INFO - Processing /home/airflow/.local/lib/python3.11/site-packages/airflow/example_dags/example_trigger_controller_dag.py took 0.063 seconds
[2026-03-15T18:10:03.217+0000] {processor.py:161} INFO - Started process (PID=3707) to work on /home/airflow/.local/lib/python3.11/site-packages/airflow/example_dags/example_trigger_controller_dag.py
[2026-03-15T18:10:03.218+0000] {processor.py:830} INFO - Processing file /home/airflow/.local/lib/python3.11/site-packages/airflow/example_dags/example_trigger_controller_dag.py for tasks to queue
[2026-03-15T18:10:03.220+0000] {logging_mixin.py:188} INFO - [2026-03-15T18:10:03.220+0000] {dagbag.py:540} INFO - Filling up the DagBag from /home/airflow/.local/lib/python3.11/site-packages/airflow/example_dags/example_trigger_controller_dag.py
[2026-03-15T18:10:03.225+0000] {processor.py:840} INFO - DAG(s) 'example_trigger_controller_dag' retrieved from /home/airflow/.local/lib/python3.11/site-packages/airflow/example_dags/example_trigger_controller_dag.py
[2026-03-15T18:10:03.242+0000] {logging_mixin.py:188} INFO - [2026-03-15T18:10:03.242+0000] {dag.py:3047} INFO - Sync 1 DAGs
[2026-03-15T18:10:03.258+0000] {logging_mixin.py:188} INFO - [2026-03-15T18:10:03.258+0000] {dag.py:3834} INFO - Setting next_dagrun for example_trigger_controller_dag to 2021-01-01 00:00:00+00:00, run_after=2021-01-01 00:00:00+00:00
[2026-03-15T18:10:03.274+0000] {processor.py:183} INFO - Processing /home/airflow/.local/lib/python3.11/site-packages/airflow/example_dags/example_trigger_controller_dag.py took 0.060 seconds
[2026-03-15T18:10:57.755+0000] {processor.py:161} INFO - Started process (PID=3757) to work on /home/airflow/.local/lib/python3.11/site-packages/airflow/example_dags/example_trigger_controller_dag.py
[2026-03-15T18:10:57.756+0000] {processor.py:830} INFO - Processing file /home/airflow/.local/lib/python3.11/site-packages/airflow/example_dags/example_trigger_controller_dag.py for tasks to queue
[2026-03-15T18:10:57.758+0000] {logging_mixin.py:188} INFO - [2026-03-15T18:10:57.758+0000] {dagbag.py:540} INFO - Filling up the DagBag from /home/airflow/.local/lib/python3.11/site-packages/airflow/example_dags/example_trigger_controller_dag.py
[2026-03-15T18:10:57.762+0000] {processor.py:840} INFO - DAG(s) 'example_trigger_controller_dag' retrieved from /home/airflow/.local/lib/python3.11/site-packages/airflow/example_dags/example_trigger_controller_dag.py
[2026-03-15T18:10:57.778+0000] {logging_mixin.py:188} INFO - [2026-03-15T18:10:57.778+0000] {dag.py:3047} INFO - Sync 1 DAGs
[2026-03-15T18:10:57.792+0000] {logging_mixin.py:188} INFO - [2026-03-15T18:10:57.792+0000] {dag.py:3834} INFO - Setting next_dagrun for example_trigger_controller_dag to 2021-01-01 00:00:00+00:00, run_after=2021-01-01 00:00:00+00:00
[2026-03-15T18:10:57.806+0000] {processor.py:183} INFO - Processing /home/airflow/.local/lib/python3.11/site-packages/airflow/example_dags/example_trigger_controller_dag.py took 0.054 seconds
[2026-03-15T18:11:28.161+0000] {processor.py:161} INFO - Started process (PID=3813) to work on /home/airflow/.local/lib/python3.11/site-packages/airflow/example_dags/example_trigger_controller_dag.py
[2026-03-15T18:11:28.162+0000] {processor.py:830} INFO - Processing file /home/airflow/.local/lib/python3.11/site-packages/airflow/example_dags/example_trigger_controller_dag.py for tasks to queue
[2026-03-15T18:11:28.163+0000] {logging_mixin.py:188} INFO - [2026-03-15T18:11:28.163+0000] {dagbag.py:540} INFO - Filling up the DagBag from /home/airflow/.local/lib/python3.11/site-packages/airflow/example_dags/example_trigger_controller_dag.py
[2026-03-15T18:11:28.168+0000] {processor.py:840} INFO - DAG(s) 'example_trigger_controller_dag' retrieved from /home/airflow/.local/lib/python3.11/site-packages/airflow/example_dags/example_trigger_controller_dag.py
[2026-03-15T18:11:28.184+0000] {logging_mixin.py:188} INFO - [2026-03-15T18:11:28.183+0000] {dag.py:3047} INFO - Sync 1 DAGs
[2026-03-15T18:11:28.200+0000] {logging_mixin.py:188} INFO - [2026-03-15T18:11:28.199+0000] {dag.py:3834} INFO - Setting next_dagrun for example_trigger_controller_dag to 2021-01-01 00:00:00+00:00, run_after=2021-01-01 00:00:00+00:00
[2026-03-15T18:11:28.213+0000] {processor.py:183} INFO - Processing /home/airflow/.local/lib/python3.11/site-packages/airflow/example_dags/example_trigger_controller_dag.py took 0.054 seconds
[2026-03-15T18:11:28.762+0000] {processor.py:161} INFO - Started process (PID=46) to work on /home/airflow/.local/lib/python3.11/site-packages/airflow/example_dags/example_trigger_controller_dag.py
[2026-03-15T18:11:28.764+0000] {processor.py:830} INFO - Processing file /home/airflow/.local/lib/python3.11/site-packages/airflow/example_dags/example_trigger_controller_dag.py for tasks to queue
[2026-03-15T18:11:28.767+0000] {logging_mixin.py:188} INFO - [2026-03-15T18:11:28.767+0000] {dagbag.py:540} INFO - Filling up the DagBag from /home/airflow/.local/lib/python3.11/site-packages/airflow/example_dags/example_trigger_controller_dag.py
[2026-03-15T18:11:28.779+0000] {processor.py:840} INFO - DAG(s) 'example_trigger_controller_dag' retrieved from /home/airflow/.local/lib/python3.11/site-packages/airflow/example_dags/example_trigger_controller_dag.py
[2026-03-15T18:11:28.800+0000] {logging_mixin.py:188} INFO - [2026-03-15T18:11:28.799+0000] {dag.py:3047} INFO - Sync 1 DAGs
[2026-03-15T18:11:28.841+0000] {logging_mixin.py:188} INFO - [2026-03-15T18:11:28.840+0000] {dag.py:3834} INFO - Setting next_dagrun for example_trigger_controller_dag to 2021-01-01 00:00:00+00:00, run_after=2021-01-01 00:00:00+00:00
[2026-03-15T18:11:28.866+0000] {processor.py:183} INFO - Processing /home/airflow/.local/lib/python3.11/site-packages/airflow/example_dags/example_trigger_controller_dag.py took 0.109 seconds
[2026-03-15T18:11:38.487+0000] {processor.py:161} INFO - Started process (PID=96) to work on /home/airflow/.local/lib/python3.11/site-packages/airflow/example_dags/example_trigger_controller_dag.py
[2026-03-15T18:11:38.488+0000] {processor.py:830} INFO - Processing file /home/airflow/.local/lib/python3.11/site-packages/airflow/example_dags/example_trigger_controller_dag.py for tasks to queue
[2026-03-15T18:11:38.490+0000] {logging_mixin.py:188} INFO - [2026-03-15T18:11:38.490+0000] {dagbag.py:540} INFO - Filling up the DagBag from /home/airflow/.local/lib/python3.11/site-packages/airflow/example_dags/example_trigger_controller_dag.py
[2026-03-15T18:11:38.494+0000] {processor.py:840} INFO - DAG(s) 'example_trigger_controller_dag' retrieved from /home/airflow/.local/lib/python3.11/site-packages/airflow/example_dags/example_trigger_controller_dag.py
[2026-03-15T18:11:38.504+0000] {logging_mixin.py:188} INFO - [2026-03-15T18:11:38.504+0000] {dag.py:3047} INFO - Sync 1 DAGs
[2026-03-15T18:11:38.520+0000] {logging_mixin.py:188} INFO - [2026-03-15T18:11:38.520+0000] {dag.py:3834} INFO - Setting next_dagrun for example_trigger_controller_dag to 2021-01-01 00:00:00+00:00, run_after=2021-01-01 00:00:00+00:00
[2026-03-15T18:11:38.538+0000] {processor.py:183} INFO - Processing /home/airflow/.local/lib/python3.11/site-packages/airflow/example_dags/example_trigger_controller_dag.py took 0.054 seconds
[2026-03-15T18:12:09.079+0000] {processor.py:161} INFO - Started process (PID=152) to work on /home/airflow/.local/lib/python3.11/site-packages/airflow/example_dags/example_trigger_controller_dag.py
[2026-03-15T18:12:09.080+0000] {processor.py:830} INFO - Processing file /home/airflow/.local/lib/python3.11/site-packages/airflow/example_dags/example_trigger_controller_dag.py for tasks to queue
[2026-03-15T18:12:09.082+0000] {logging_mixin.py:188} INFO - [2026-03-15T18:12:09.082+0000] {dagbag.py:540} INFO - Filling up the DagBag from /home/airflow/.local/lib/python3.11/site-packages/airflow/example_dags/example_trigger_controller_dag.py
[2026-03-15T18:12:09.087+0000] {processor.py:840} INFO - DAG(s) 'example_trigger_controller_dag' retrieved from /home/airflow/.local/lib/python3.11/site-packages/airflow/example_dags/example_trigger_controller_dag.py
[2026-03-15T18:12:09.166+0000] {logging_mixin.py:188} INFO - [2026-03-15T18:12:09.166+0000] {dag.py:3047} INFO - Sync 1 DAGs
[2026-03-15T18:12:09.182+0000] {logging_mixin.py:188} INFO - [2026-03-15T18:12:09.182+0000] {dag.py:3834} INFO - Setting next_dagrun for example_trigger_controller_dag to 2021-01-01 00:00:00+00:00, run_after=2021-01-01 00:00:00+00:00
[2026-03-15T18:12:09.209+0000] {processor.py:183} INFO - Processing /home/airflow/.local/lib/python3.11/site-packages/airflow/example_dags/example_trigger_controller_dag.py took 0.132 seconds
[2026-03-15T18:12:17.055+0000] {processor.py:161} INFO - Started process (PID=209) to work on /home/airflow/.local/lib/python3.11/site-packages/airflow/example_dags/example_trigger_controller_dag.py
[2026-03-15T18:12:17.056+0000] {processor.py:830} INFO - Processing file /home/airflow/.local/lib/python3.11/site-packages/airflow/example_dags/example_trigger_controller_dag.py for tasks to queue
[2026-03-15T18:12:17.058+0000] {logging_mixin.py:188} INFO - [2026-03-15T18:12:17.058+0000] {dagbag.py:540} INFO - Filling up the DagBag from /home/airflow/.local/lib/python3.11/site-packages/airflow/example_dags/example_trigger_controller_dag.py
[2026-03-15T18:12:17.063+0000] {processor.py:840} INFO - DAG(s) 'example_trigger_controller_dag' retrieved from /home/airflow/.local/lib/python3.11/site-packages/airflow/example_dags/example_trigger_controller_dag.py
[2026-03-15T18:12:17.073+0000] {logging_mixin.py:188} INFO - [2026-03-15T18:12:17.072+0000] {dag.py:3047} INFO - Sync 1 DAGs
[2026-03-15T18:12:17.090+0000] {logging_mixin.py:188} INFO - [2026-03-15T18:12:17.090+0000] {dag.py:3834} INFO - Setting next_dagrun for example_trigger_controller_dag to 2021-01-01 00:00:00+00:00, run_after=2021-01-01 00:00:00+00:00
[2026-03-15T18:12:17.104+0000] {processor.py:183} INFO - Processing /home/airflow/.local/lib/python3.11/site-packages/airflow/example_dags/example_trigger_controller_dag.py took 0.052 seconds
[2026-03-15T18:12:23.312+0000] {processor.py:161} INFO - Started process (PID=257) to work on /home/airflow/.local/lib/python3.11/site-packages/airflow/example_dags/example_trigger_controller_dag.py
[2026-03-15T18:12:23.315+0000] {processor.py:830} INFO - Processing file /home/airflow/.local/lib/python3.11/site-packages/airflow/example_dags/example_trigger_controller_dag.py for tasks to queue
[2026-03-15T18:12:23.317+0000] {logging_mixin.py:188} INFO - [2026-03-15T18:12:23.316+0000] {dagbag.py:540} INFO - Filling up the DagBag from /home/airflow/.local/lib/python3.11/site-packages/airflow/example_dags/example_trigger_controller_dag.py
[2026-03-15T18:12:23.321+0000] {processor.py:840} INFO - DAG(s) 'example_trigger_controller_dag' retrieved from /home/airflow/.local/lib/python3.11/site-packages/airflow/example_dags/example_trigger_controller_dag.py
[2026-03-15T18:12:23.331+0000] {logging_mixin.py:188} INFO - [2026-03-15T18:12:23.331+0000] {dag.py:3047} INFO - Sync 1 DAGs
[2026-03-15T18:12:23.348+0000] {logging_mixin.py:188} INFO - [2026-03-15T18:12:23.348+0000] {dag.py:3834} INFO - Setting next_dagrun for example_trigger_controller_dag to 2021-01-01 00:00:00+00:00, run_after=2021-01-01 00:00:00+00:00
[2026-03-15T18:12:23.363+0000] {processor.py:183} INFO - Processing /home/airflow/.local/lib/python3.11/site-packages/airflow/example_dags/example_trigger_controller_dag.py took 0.054 seconds
[2026-03-15T18:12:28.231+0000] {processor.py:161} INFO - Started process (PID=297) to work on /home/airflow/.local/lib/python3.11/site-packages/airflow/example_dags/example_trigger_controller_dag.py
[2026-03-15T18:12:28.232+0000] {processor.py:830} INFO - Processing file /home/airflow/.local/lib/python3.11/site-packages/airflow/example_dags/example_trigger_controller_dag.py for tasks to queue
[2026-03-15T18:12:28.234+0000] {logging_mixin.py:188} INFO - [2026-03-15T18:12:28.233+0000] {dagbag.py:540} INFO - Filling up the DagBag from /home/airflow/.local/lib/python3.11/site-packages/airflow/example_dags/example_trigger_controller_dag.py
[2026-03-15T18:12:28.237+0000] {processor.py:840} INFO - DAG(s) 'example_trigger_controller_dag' retrieved from /home/airflow/.local/lib/python3.11/site-packages/airflow/example_dags/example_trigger_controller_dag.py
[2026-03-15T18:12:28.248+0000] {logging_mixin.py:188} INFO - [2026-03-15T18:12:28.248+0000] {dag.py:3047} INFO - Sync 1 DAGs
[2026-03-15T18:12:28.267+0000] {logging_mixin.py:188} INFO - [2026-03-15T18:12:28.267+0000] {dag.py:3834} INFO - Setting next_dagrun for example_trigger_controller_dag to 2021-01-01 00:00:00+00:00, run_after=2021-01-01 00:00:00+00:00
[2026-03-15T18:12:28.283+0000] {processor.py:183} INFO - Processing /home/airflow/.local/lib/python3.11/site-packages/airflow/example_dags/example_trigger_controller_dag.py took 0.055 seconds
[2026-03-15T18:12:33.162+0000] {processor.py:161} INFO - Started process (PID=337) to work on /home/airflow/.local/lib/python3.11/site-packages/airflow/example_dags/example_trigger_controller_dag.py
[2026-03-15T18:12:33.163+0000] {processor.py:830} INFO - Processing file /home/airflow/.local/lib/python3.11/site-packages/airflow/example_dags/example_trigger_controller_dag.py for tasks to queue
[2026-03-15T18:12:33.165+0000] {logging_mixin.py:188} INFO - [2026-03-15T18:12:33.165+0000] {dagbag.py:540} INFO - Filling up the DagBag from /home/airflow/.local/lib/python3.11/site-packages/airflow/example_dags/example_trigger_controller_dag.py
[2026-03-15T18:12:33.169+0000] {processor.py:840} INFO - DAG(s) 'example_trigger_controller_dag' retrieved from /home/airflow/.local/lib/python3.11/site-packages/airflow/example_dags/example_trigger_controller_dag.py
[2026-03-15T18:12:33.180+0000] {logging_mixin.py:188} INFO - [2026-03-15T18:12:33.180+0000] {dag.py:3047} INFO - Sync 1 DAGs
[2026-03-15T18:12:33.202+0000] {logging_mixin.py:188} INFO - [2026-03-15T18:12:33.202+0000] {dag.py:3834} INFO - Setting next_dagrun for example_trigger_controller_dag to 2021-01-01 00:00:00+00:00, run_after=2021-01-01 00:00:00+00:00
[2026-03-15T18:12:33.216+0000] {processor.py:183} INFO - Processing /home/airflow/.local/lib/python3.11/site-packages/airflow/example_dags/example_trigger_controller_dag.py took 0.057 seconds
[2026-03-15T18:13:27.286+0000] {processor.py:161} INFO - Started process (PID=375) to work on /home/airflow/.local/lib/python3.11/site-packages/airflow/example_dags/example_trigger_controller_dag.py
[2026-03-15T18:13:27.287+0000] {processor.py:830} INFO - Processing file /home/airflow/.local/lib/python3.11/site-packages/airflow/example_dags/example_trigger_controller_dag.py for tasks to queue
[2026-03-15T18:13:27.289+0000] {logging_mixin.py:188} INFO - [2026-03-15T18:13:27.289+0000] {dagbag.py:540} INFO - Filling up the DagBag from /home/airflow/.local/lib/python3.11/site-packages/airflow/example_dags/example_trigger_controller_dag.py
[2026-03-15T18:13:27.294+0000] {processor.py:840} INFO - DAG(s) 'example_trigger_controller_dag' retrieved from /home/airflow/.local/lib/python3.11/site-packages/airflow/example_dags/example_trigger_controller_dag.py
[2026-03-15T18:13:27.311+0000] {logging_mixin.py:188} INFO - [2026-03-15T18:13:27.311+0000] {dag.py:3047} INFO - Sync 1 DAGs
[2026-03-15T18:13:27.327+0000] {logging_mixin.py:188} INFO - [2026-03-15T18:13:27.326+0000] {dag.py:3834} INFO - Setting next_dagrun for example_trigger_controller_dag to 2021-01-01 00:00:00+00:00, run_after=2021-01-01 00:00:00+00:00
[2026-03-15T18:13:27.341+0000] {processor.py:183} INFO - Processing /home/airflow/.local/lib/python3.11/site-packages/airflow/example_dags/example_trigger_controller_dag.py took 0.058 seconds
[2026-03-15T18:13:17.211+0000] {processor.py:161} INFO - Started process (PID=468) to work on /home/airflow/.local/lib/python3.11/site-packages/airflow/example_dags/example_trigger_controller_dag.py
[2026-03-15T18:13:17.215+0000] {processor.py:830} INFO - Processing file /home/airflow/.local/lib/python3.11/site-packages/airflow/example_dags/example_trigger_controller_dag.py for tasks to queue
[2026-03-15T18:13:17.217+0000] {logging_mixin.py:188} INFO - [2026-03-15T18:13:17.216+0000] {dagbag.py:540} INFO - Filling up the DagBag from /home/airflow/.local/lib/python3.11/site-packages/airflow/example_dags/example_trigger_controller_dag.py
[2026-03-15T18:13:17.222+0000] {processor.py:840} INFO - DAG(s) 'example_trigger_controller_dag' retrieved from /home/airflow/.local/lib/python3.11/site-packages/airflow/example_dags/example_trigger_controller_dag.py
[2026-03-15T18:13:17.239+0000] {logging_mixin.py:188} INFO - [2026-03-15T18:13:17.238+0000] {dag.py:3047} INFO - Sync 1 DAGs
[2026-03-15T18:13:17.254+0000] {logging_mixin.py:188} INFO - [2026-03-15T18:13:17.254+0000] {dag.py:3834} INFO - Setting next_dagrun for example_trigger_controller_dag to 2021-01-01 00:00:00+00:00, run_after=2021-01-01 00:00:00+00:00
[2026-03-15T18:13:17.269+0000] {processor.py:183} INFO - Processing /home/airflow/.local/lib/python3.11/site-packages/airflow/example_dags/example_trigger_controller_dag.py took 0.061 seconds
[2026-03-15T18:13:23.511+0000] {processor.py:161} INFO - Started process (PID=513) to work on /home/airflow/.local/lib/python3.11/site-packages/airflow/example_dags/example_trigger_controller_dag.py
[2026-03-15T18:13:23.512+0000] {processor.py:830} INFO - Processing file /home/airflow/.local/lib/python3.11/site-packages/airflow/example_dags/example_trigger_controller_dag.py for tasks to queue
[2026-03-15T18:13:23.514+0000] {logging_mixin.py:188} INFO - [2026-03-15T18:13:23.514+0000] {dagbag.py:540} INFO - Filling up the DagBag from /home/airflow/.local/lib/python3.11/site-packages/airflow/example_dags/example_trigger_controller_dag.py
[2026-03-15T18:13:23.518+0000] {processor.py:840} INFO - DAG(s) 'example_trigger_controller_dag' retrieved from /home/airflow/.local/lib/python3.11/site-packages/airflow/example_dags/example_trigger_controller_dag.py
[2026-03-15T18:13:23.535+0000] {logging_mixin.py:188} INFO - [2026-03-15T18:13:23.535+0000] {dag.py:3047} INFO - Sync 1 DAGs
[2026-03-15T18:13:23.553+0000] {logging_mixin.py:188} INFO - [2026-03-15T18:13:23.553+0000] {dag.py:3834} INFO - Setting next_dagrun for example_trigger_controller_dag to 2021-01-01 00:00:00+00:00, run_after=2021-01-01 00:00:00+00:00
[2026-03-15T18:13:23.568+0000] {processor.py:183} INFO - Processing /home/airflow/.local/lib/python3.11/site-packages/airflow/example_dags/example_trigger_controller_dag.py took 0.060 seconds
[2026-03-15T18:13:28.403+0000] {processor.py:161} INFO - Started process (PID=553) to work on /home/airflow/.local/lib/python3.11/site-packages/airflow/example_dags/example_trigger_controller_dag.py
[2026-03-15T18:13:28.404+0000] {processor.py:830} INFO - Processing file /home/airflow/.local/lib/python3.11/site-packages/airflow/example_dags/example_trigger_controller_dag.py for tasks to queue
[2026-03-15T18:13:28.406+0000] {logging_mixin.py:188} INFO - [2026-03-15T18:13:28.406+0000] {dagbag.py:540} INFO - Filling up the DagBag from /home/airflow/.local/lib/python3.11/site-packages/airflow/example_dags/example_trigger_controller_dag.py
[2026-03-15T18:13:28.410+0000] {processor.py:840} INFO - DAG(s) 'example_trigger_controller_dag' retrieved from /home/airflow/.local/lib/python3.11/site-packages/airflow/example_dags/example_trigger_controller_dag.py
[2026-03-15T18:13:28.430+0000] {logging_mixin.py:188} INFO - [2026-03-15T18:13:28.430+0000] {dag.py:3047} INFO - Sync 1 DAGs
[2026-03-15T18:13:28.447+0000] {logging_mixin.py:188} INFO - [2026-03-15T18:13:28.446+0000] {dag.py:3834} INFO - Setting next_dagrun for example_trigger_controller_dag to 2021-01-01 00:00:00+00:00, run_after=2021-01-01 00:00:00+00:00
[2026-03-15T18:13:28.463+0000] {processor.py:183} INFO - Processing /home/airflow/.local/lib/python3.11/site-packages/airflow/example_dags/example_trigger_controller_dag.py took 0.062 seconds
[2026-03-15T18:13:33.332+0000] {processor.py:161} INFO - Started process (PID=591) to work on /home/airflow/.local/lib/python3.11/site-packages/airflow/example_dags/example_trigger_controller_dag.py
[2026-03-15T18:13:33.333+0000] {processor.py:830} INFO - Processing file /home/airflow/.local/lib/python3.11/site-packages/airflow/example_dags/example_trigger_controller_dag.py for tasks to queue
[2026-03-15T18:13:33.335+0000] {logging_mixin.py:188} INFO - [2026-03-15T18:13:33.335+0000] {dagbag.py:540} INFO - Filling up the DagBag from /home/airflow/.local/lib/python3.11/site-packages/airflow/example_dags/example_trigger_controller_dag.py
[2026-03-15T18:13:33.340+0000] {processor.py:840} INFO - DAG(s) 'example_trigger_controller_dag' retrieved from /home/airflow/.local/lib/python3.11/site-packages/airflow/example_dags/example_trigger_controller_dag.py
[2026-03-15T18:13:33.355+0000] {logging_mixin.py:188} INFO - [2026-03-15T18:13:33.355+0000] {dag.py:3047} INFO - Sync 1 DAGs
[2026-03-15T18:13:33.370+0000] {logging_mixin.py:188} INFO - [2026-03-15T18:13:33.369+0000] {dag.py:3834} INFO - Setting next_dagrun for example_trigger_controller_dag to 2021-01-01 00:00:00+00:00, run_after=2021-01-01 00:00:00+00:00
[2026-03-15T18:13:33.384+0000] {processor.py:183} INFO - Processing /home/airflow/.local/lib/python3.11/site-packages/airflow/example_dags/example_trigger_controller_dag.py took 0.054 seconds
[2026-03-15T18:14:03.394+0000] {processor.py:161} INFO - Started process (PID=638) to work on /home/airflow/.local/lib/python3.11/site-packages/airflow/example_dags/example_trigger_controller_dag.py
[2026-03-15T18:14:03.399+0000] {processor.py:830} INFO - Processing file /home/airflow/.local/lib/python3.11/site-packages/airflow/example_dags/example_trigger_controller_dag.py for tasks to queue
[2026-03-15T18:14:03.401+0000] {logging_mixin.py:188} INFO - [2026-03-15T18:14:03.400+0000] {dagbag.py:540} INFO - Filling up the DagBag from /home/airflow/.local/lib/python3.11/site-packages/airflow/example_dags/example_trigger_controller_dag.py
[2026-03-15T18:14:03.405+0000] {processor.py:840} INFO - DAG(s) 'example_trigger_controller_dag' retrieved from /home/airflow/.local/lib/python3.11/site-packages/airflow/example_dags/example_trigger_controller_dag.py
[2026-03-15T18:14:03.421+0000] {logging_mixin.py:188} INFO - [2026-03-15T18:14:03.421+0000] {dag.py:3047} INFO - Sync 1 DAGs
[2026-03-15T18:14:03.436+0000] {logging_mixin.py:188} INFO - [2026-03-15T18:14:03.436+0000] {dag.py:3834} INFO - Setting next_dagrun for example_trigger_controller_dag to 2021-01-01 00:00:00+00:00, run_after=2021-01-01 00:00:00+00:00
[2026-03-15T18:14:03.450+0000] {processor.py:183} INFO - Processing /home/airflow/.local/lib/python3.11/site-packages/airflow/example_dags/example_trigger_controller_dag.py took 0.061 seconds
[2026-03-15T18:14:08.475+0000] {processor.py:161} INFO - Started process (PID=685) to work on /home/airflow/.local/lib/python3.11/site-packages/airflow/example_dags/example_trigger_controller_dag.py
[2026-03-15T18:14:08.475+0000] {processor.py:830} INFO - Processing file /home/airflow/.local/lib/python3.11/site-packages/airflow/example_dags/example_trigger_controller_dag.py for tasks to queue
[2026-03-15T18:14:08.477+0000] {logging_mixin.py:188} INFO - [2026-03-15T18:14:08.477+0000] {dagbag.py:540} INFO - Filling up the DagBag from /home/airflow/.local/lib/python3.11/site-packages/airflow/example_dags/example_trigger_controller_dag.py
[2026-03-15T18:14:08.481+0000] {processor.py:840} INFO - DAG(s) 'example_trigger_controller_dag' retrieved from /home/airflow/.local/lib/python3.11/site-packages/airflow/example_dags/example_trigger_controller_dag.py
[2026-03-15T18:14:08.497+0000] {logging_mixin.py:188} INFO - [2026-03-15T18:14:08.497+0000] {dag.py:3047} INFO - Sync 1 DAGs
[2026-03-15T18:14:08.512+0000] {logging_mixin.py:188} INFO - [2026-03-15T18:14:08.511+0000] {dag.py:3834} INFO - Setting next_dagrun for example_trigger_controller_dag to 2021-01-01 00:00:00+00:00, run_after=2021-01-01 00:00:00+00:00
[2026-03-15T18:14:08.525+0000] {processor.py:183} INFO - Processing /home/airflow/.local/lib/python3.11/site-packages/airflow/example_dags/example_trigger_controller_dag.py took 0.054 seconds
[2026-03-15T18:14:23.791+0000] {processor.py:161} INFO - Started process (PID=738) to work on /home/airflow/.local/lib/python3.11/site-packages/airflow/example_dags/example_trigger_controller_dag.py
[2026-03-15T18:14:23.792+0000] {processor.py:830} INFO - Processing file /home/airflow/.local/lib/python3.11/site-packages/airflow/example_dags/example_trigger_controller_dag.py for tasks to queue
[2026-03-15T18:14:23.794+0000] {logging_mixin.py:188} INFO - [2026-03-15T18:14:23.793+0000] {dagbag.py:540} INFO - Filling up the DagBag from /home/airflow/.local/lib/python3.11/site-packages/airflow/example_dags/example_trigger_controller_dag.py
[2026-03-15T18:14:23.798+0000] {processor.py:840} INFO - DAG(s) 'example_trigger_controller_dag' retrieved from /home/airflow/.local/lib/python3.11/site-packages/airflow/example_dags/example_trigger_controller_dag.py
[2026-03-15T18:14:23.819+0000] {logging_mixin.py:188} INFO - [2026-03-15T18:14:23.819+0000] {dag.py:3047} INFO - Sync 1 DAGs
[2026-03-15T18:14:23.835+0000] {logging_mixin.py:188} INFO - [2026-03-15T18:14:23.835+0000] {dag.py:3834} INFO - Setting next_dagrun for example_trigger_controller_dag to 2021-01-01 00:00:00+00:00, run_after=2021-01-01 00:00:00+00:00
[2026-03-15T18:14:23.850+0000] {processor.py:183} INFO - Processing /home/airflow/.local/lib/python3.11/site-packages/airflow/example_dags/example_trigger_controller_dag.py took 0.062 seconds
[2026-03-15T18:14:28.528+0000] {processor.py:161} INFO - Started process (PID=785) to work on /home/airflow/.local/lib/python3.11/site-packages/airflow/example_dags/example_trigger_controller_dag.py
[2026-03-15T18:14:28.529+0000] {processor.py:830} INFO - Processing file /home/airflow/.local/lib/python3.11/site-packages/airflow/example_dags/example_trigger_controller_dag.py for tasks to queue
[2026-03-15T18:14:28.531+0000] {logging_mixin.py:188} INFO - [2026-03-15T18:14:28.531+0000] {dagbag.py:540} INFO - Filling up the DagBag from /home/airflow/.local/lib/python3.11/site-packages/airflow/example_dags/example_trigger_controller_dag.py
[2026-03-15T18:14:28.535+0000] {processor.py:840} INFO - DAG(s) 'example_trigger_controller_dag' retrieved from /home/airflow/.local/lib/python3.11/site-packages/airflow/example_dags/example_trigger_controller_dag.py
[2026-03-15T18:14:28.553+0000] {logging_mixin.py:188} INFO - [2026-03-15T18:14:28.553+0000] {dag.py:3047} INFO - Sync 1 DAGs
[2026-03-15T18:14:28.570+0000] {logging_mixin.py:188} INFO - [2026-03-15T18:14:28.570+0000] {dag.py:3834} INFO - Setting next_dagrun for example_trigger_controller_dag to 2021-01-01 00:00:00+00:00, run_after=2021-01-01 00:00:00+00:00
[2026-03-15T18:14:28.589+0000] {processor.py:183} INFO - Processing /home/airflow/.local/lib/python3.11/site-packages/airflow/example_dags/example_trigger_controller_dag.py took 0.063 seconds
[2026-03-15T18:14:46.987+0000] {processor.py:161} INFO - Started process (PID=833) to work on /home/airflow/.local/lib/python3.11/site-packages/airflow/example_dags/example_trigger_controller_dag.py
[2026-03-15T18:14:46.988+0000] {processor.py:830} INFO - Processing file /home/airflow/.local/lib/python3.11/site-packages/airflow/example_dags/example_trigger_controller_dag.py for tasks to queue
[2026-03-15T18:14:46.989+0000] {logging_mixin.py:188} INFO - [2026-03-15T18:14:46.989+0000] {dagbag.py:540} INFO - Filling up the DagBag from /home/airflow/.local/lib/python3.11/site-packages/airflow/example_dags/example_trigger_controller_dag.py
[2026-03-15T18:14:46.994+0000] {processor.py:840} INFO - DAG(s) 'example_trigger_controller_dag' retrieved from /home/airflow/.local/lib/python3.11/site-packages/airflow/example_dags/example_trigger_controller_dag.py
[2026-03-15T18:14:47.010+0000] {logging_mixin.py:188} INFO - [2026-03-15T18:14:47.010+0000] {dag.py:3047} INFO - Sync 1 DAGs
[2026-03-15T18:14:47.025+0000] {logging_mixin.py:188} INFO - [2026-03-15T18:14:47.025+0000] {dag.py:3834} INFO - Setting next_dagrun for example_trigger_controller_dag to 2021-01-01 00:00:00+00:00, run_after=2021-01-01 00:00:00+00:00
[2026-03-15T18:14:47.038+0000] {processor.py:183} INFO - Processing /home/airflow/.local/lib/python3.11/site-packages/airflow/example_dags/example_trigger_controller_dag.py took 0.054 seconds
[2026-03-15T18:19:51.634+0000] {processor.py:161} INFO - Started process (PID=58) to work on /home/airflow/.local/lib/python3.11/site-packages/airflow/example_dags/example_trigger_controller_dag.py
[2026-03-15T18:19:51.636+0000] {processor.py:830} INFO - Processing file /home/airflow/.local/lib/python3.11/site-packages/airflow/example_dags/example_trigger_controller_dag.py for tasks to queue
[2026-03-15T18:19:51.639+0000] {logging_mixin.py:188} INFO - [2026-03-15T18:19:51.639+0000] {dagbag.py:540} INFO - Filling up the DagBag from /home/airflow/.local/lib/python3.11/site-packages/airflow/example_dags/example_trigger_controller_dag.py
[2026-03-15T18:19:51.648+0000] {processor.py:840} INFO - DAG(s) 'example_trigger_controller_dag' retrieved from /home/airflow/.local/lib/python3.11/site-packages/airflow/example_dags/example_trigger_controller_dag.py
[2026-03-15T18:19:51.663+0000] {logging_mixin.py:188} INFO - [2026-03-15T18:19:51.663+0000] {dag.py:3047} INFO - Sync 1 DAGs
[2026-03-15T18:19:51.692+0000] {logging_mixin.py:188} INFO - [2026-03-15T18:19:51.692+0000] {dag.py:3834} INFO - Setting next_dagrun for example_trigger_controller_dag to 2021-01-01 00:00:00+00:00, run_after=2021-01-01 00:00:00+00:00
[2026-03-15T18:19:51.714+0000] {processor.py:183} INFO - Processing /home/airflow/.local/lib/python3.11/site-packages/airflow/example_dags/example_trigger_controller_dag.py took 0.084 seconds
[2026-03-15T18:19:59.371+0000] {processor.py:161} INFO - Started process (PID=114) to work on /home/airflow/.local/lib/python3.11/site-packages/airflow/example_dags/example_trigger_controller_dag.py
[2026-03-15T18:19:59.372+0000] {processor.py:830} INFO - Processing file /home/airflow/.local/lib/python3.11/site-packages/airflow/example_dags/example_trigger_controller_dag.py for tasks to queue
[2026-03-15T18:19:59.374+0000] {logging_mixin.py:188} INFO - [2026-03-15T18:19:59.373+0000] {dagbag.py:540} INFO - Filling up the DagBag from /home/airflow/.local/lib/python3.11/site-packages/airflow/example_dags/example_trigger_controller_dag.py
[2026-03-15T18:19:59.379+0000] {processor.py:840} INFO - DAG(s) 'example_trigger_controller_dag' retrieved from /home/airflow/.local/lib/python3.11/site-packages/airflow/example_dags/example_trigger_controller_dag.py
[2026-03-15T18:19:59.388+0000] {logging_mixin.py:188} INFO - [2026-03-15T18:19:59.388+0000] {dag.py:3047} INFO - Sync 1 DAGs
[2026-03-15T18:19:59.405+0000] {logging_mixin.py:188} INFO - [2026-03-15T18:19:59.404+0000] {dag.py:3834} INFO - Setting next_dagrun for example_trigger_controller_dag to 2021-01-01 00:00:00+00:00, run_after=2021-01-01 00:00:00+00:00
[2026-03-15T18:19:59.418+0000] {processor.py:183} INFO - Processing /home/airflow/.local/lib/python3.11/site-packages/airflow/example_dags/example_trigger_controller_dag.py took 0.051 seconds
[2026-03-15T18:20:17.218+0000] {processor.py:161} INFO - Started process (PID=163) to work on /home/airflow/.local/lib/python3.11/site-packages/airflow/example_dags/example_trigger_controller_dag.py
[2026-03-15T18:20:17.219+0000] {processor.py:830} INFO - Processing file /home/airflow/.local/lib/python3.11/site-packages/airflow/example_dags/example_trigger_controller_dag.py for tasks to queue
[2026-03-15T18:20:17.221+0000] {logging_mixin.py:188} INFO - [2026-03-15T18:20:17.220+0000] {dagbag.py:540} INFO - Filling up the DagBag from /home/airflow/.local/lib/python3.11/site-packages/airflow/example_dags/example_trigger_controller_dag.py
[2026-03-15T18:20:17.225+0000] {processor.py:840} INFO - DAG(s) 'example_trigger_controller_dag' retrieved from /home/airflow/.local/lib/python3.11/site-packages/airflow/example_dags/example_trigger_controller_dag.py
[2026-03-15T18:20:17.293+0000] {logging_mixin.py:188} INFO - [2026-03-15T18:20:17.293+0000] {dag.py:3047} INFO - Sync 1 DAGs
[2026-03-15T18:20:17.306+0000] {logging_mixin.py:188} INFO - [2026-03-15T18:20:17.306+0000] {dag.py:3834} INFO - Setting next_dagrun for example_trigger_controller_dag to 2021-01-01 00:00:00+00:00, run_after=2021-01-01 00:00:00+00:00
[2026-03-15T18:20:17.318+0000] {processor.py:183} INFO - Processing /home/airflow/.local/lib/python3.11/site-packages/airflow/example_dags/example_trigger_controller_dag.py took 0.103 seconds
[2026-03-15T18:20:24.236+0000] {processor.py:161} INFO - Started process (PID=209) to work on /home/airflow/.local/lib/python3.11/site-packages/airflow/example_dags/example_trigger_controller_dag.py
[2026-03-15T18:20:24.237+0000] {processor.py:830} INFO - Processing file /home/airflow/.local/lib/python3.11/site-packages/airflow/example_dags/example_trigger_controller_dag.py for tasks to queue
[2026-03-15T18:20:24.239+0000] {logging_mixin.py:188} INFO - [2026-03-15T18:20:24.239+0000] {dagbag.py:540} INFO - Filling up the DagBag from /home/airflow/.local/lib/python3.11/site-packages/airflow/example_dags/example_trigger_controller_dag.py
[2026-03-15T18:20:24.244+0000] {processor.py:840} INFO - DAG(s) 'example_trigger_controller_dag' retrieved from /home/airflow/.local/lib/python3.11/site-packages/airflow/example_dags/example_trigger_controller_dag.py
[2026-03-15T18:20:24.254+0000] {logging_mixin.py:188} INFO - [2026-03-15T18:20:24.254+0000] {dag.py:3047} INFO - Sync 1 DAGs
[2026-03-15T18:20:24.270+0000] {logging_mixin.py:188} INFO - [2026-03-15T18:20:24.270+0000] {dag.py:3834} INFO - Setting next_dagrun for example_trigger_controller_dag to 2021-01-01 00:00:00+00:00, run_after=2021-01-01 00:00:00+00:00
[2026-03-15T18:20:24.287+0000] {processor.py:183} INFO - Processing /home/airflow/.local/lib/python3.11/site-packages/airflow/example_dags/example_trigger_controller_dag.py took 0.053 seconds
[2026-03-15T18:20:54.569+0000] {processor.py:161} INFO - Started process (PID=259) to work on /home/airflow/.local/lib/python3.11/site-packages/airflow/example_dags/example_trigger_controller_dag.py
[2026-03-15T18:20:54.570+0000] {processor.py:830} INFO - Processing file /home/airflow/.local/lib/python3.11/site-packages/airflow/example_dags/example_trigger_controller_dag.py for tasks to queue
[2026-03-15T18:20:54.572+0000] {logging_mixin.py:188} INFO - [2026-03-15T18:20:54.572+0000] {dagbag.py:540} INFO - Filling up the DagBag from /home/airflow/.local/lib/python3.11/site-packages/airflow/example_dags/example_trigger_controller_dag.py
[2026-03-15T18:20:54.576+0000] {processor.py:840} INFO - DAG(s) 'example_trigger_controller_dag' retrieved from /home/airflow/.local/lib/python3.11/site-packages/airflow/example_dags/example_trigger_controller_dag.py
[2026-03-15T18:20:54.590+0000] {logging_mixin.py:188} INFO - [2026-03-15T18:20:54.590+0000] {dag.py:3047} INFO - Sync 1 DAGs
[2026-03-15T18:20:54.606+0000] {logging_mixin.py:188} INFO - [2026-03-15T18:20:54.606+0000] {dag.py:3834} INFO - Setting next_dagrun for example_trigger_controller_dag to 2021-01-01 00:00:00+00:00, run_after=2021-01-01 00:00:00+00:00
[2026-03-15T18:20:54.619+0000] {processor.py:183} INFO - Processing /home/airflow/.local/lib/python3.11/site-packages/airflow/example_dags/example_trigger_controller_dag.py took 0.052 seconds
[2026-03-15T18:21:24.706+0000] {processor.py:161} INFO - Started process (PID=309) to work on /home/airflow/.local/lib/python3.11/site-packages/airflow/example_dags/example_trigger_controller_dag.py
[2026-03-15T18:21:24.706+0000] {processor.py:830} INFO - Processing file /home/airflow/.local/lib/python3.11/site-packages/airflow/example_dags/example_trigger_controller_dag.py for tasks to queue
[2026-03-15T18:21:24.708+0000] {logging_mixin.py:188} INFO - [2026-03-15T18:21:24.708+0000] {dagbag.py:540} INFO - Filling up the DagBag from /home/airflow/.local/lib/python3.11/site-packages/airflow/example_dags/example_trigger_controller_dag.py
[2026-03-15T18:21:24.712+0000] {processor.py:840} INFO - DAG(s) 'example_trigger_controller_dag' retrieved from /home/airflow/.local/lib/python3.11/site-packages/airflow/example_dags/example_trigger_controller_dag.py
[2026-03-15T18:21:24.727+0000] {logging_mixin.py:188} INFO - [2026-03-15T18:21:24.727+0000] {dag.py:3047} INFO - Sync 1 DAGs
[2026-03-15T18:21:24.741+0000] {logging_mixin.py:188} INFO - [2026-03-15T18:21:24.741+0000] {dag.py:3834} INFO - Setting next_dagrun for example_trigger_controller_dag to 2021-01-01 00:00:00+00:00, run_after=2021-01-01 00:00:00+00:00
[2026-03-15T18:21:24.756+0000] {processor.py:183} INFO - Processing /home/airflow/.local/lib/python3.11/site-packages/airflow/example_dags/example_trigger_controller_dag.py took 0.053 seconds
[2026-03-15T18:21:29.368+0000] {processor.py:161} INFO - Started process (PID=362) to work on /home/airflow/.local/lib/python3.11/site-packages/airflow/example_dags/example_trigger_controller_dag.py
[2026-03-15T18:21:29.369+0000] {processor.py:830} INFO - Processing file /home/airflow/.local/lib/python3.11/site-packages/airflow/example_dags/example_trigger_controller_dag.py for tasks to queue
[2026-03-15T18:21:29.371+0000] {logging_mixin.py:188} INFO - [2026-03-15T18:21:29.370+0000] {dagbag.py:540} INFO - Filling up the DagBag from /home/airflow/.local/lib/python3.11/site-packages/airflow/example_dags/example_trigger_controller_dag.py
[2026-03-15T18:21:29.375+0000] {processor.py:840} INFO - DAG(s) 'example_trigger_controller_dag' retrieved from /home/airflow/.local/lib/python3.11/site-packages/airflow/example_dags/example_trigger_controller_dag.py
[2026-03-15T18:21:29.392+0000] {logging_mixin.py:188} INFO - [2026-03-15T18:21:29.392+0000] {dag.py:3047} INFO - Sync 1 DAGs
[2026-03-15T18:21:29.410+0000] {logging_mixin.py:188} INFO - [2026-03-15T18:21:29.409+0000] {dag.py:3834} INFO - Setting next_dagrun for example_trigger_controller_dag to 2021-01-01 00:00:00+00:00, run_after=2021-01-01 00:00:00+00:00
[2026-03-15T18:21:29.427+0000] {processor.py:183} INFO - Processing /home/airflow/.local/lib/python3.11/site-packages/airflow/example_dags/example_trigger_controller_dag.py took 0.062 seconds
[2026-03-15T18:21:46.944+0000] {processor.py:161} INFO - Started process (PID=408) to work on /home/airflow/.local/lib/python3.11/site-packages/airflow/example_dags/example_trigger_controller_dag.py
[2026-03-15T18:21:46.945+0000] {processor.py:830} INFO - Processing file /home/airflow/.local/lib/python3.11/site-packages/airflow/example_dags/example_trigger_controller_dag.py for tasks to queue
[2026-03-15T18:21:46.947+0000] {logging_mixin.py:188} INFO - [2026-03-15T18:21:46.946+0000] {dagbag.py:540} INFO - Filling up the DagBag from /home/airflow/.local/lib/python3.11/site-packages/airflow/example_dags/example_trigger_controller_dag.py
[2026-03-15T18:21:46.952+0000] {processor.py:840} INFO - DAG(s) 'example_trigger_controller_dag' retrieved from /home/airflow/.local/lib/python3.11/site-packages/airflow/example_dags/example_trigger_controller_dag.py
[2026-03-15T18:21:46.968+0000] {logging_mixin.py:188} INFO - [2026-03-15T18:21:46.967+0000] {dag.py:3047} INFO - Sync 1 DAGs
[2026-03-15T18:21:46.985+0000] {logging_mixin.py:188} INFO - [2026-03-15T18:21:46.985+0000] {dag.py:3834} INFO - Setting next_dagrun for example_trigger_controller_dag to 2021-01-01 00:00:00+00:00, run_after=2021-01-01 00:00:00+00:00
[2026-03-15T18:21:46.998+0000] {processor.py:183} INFO - Processing /home/airflow/.local/lib/python3.11/site-packages/airflow/example_dags/example_trigger_controller_dag.py took 0.057 seconds
[2026-03-15T18:21:49.192+0000] {processor.py:161} INFO - Started process (PID=452) to work on /home/airflow/.local/lib/python3.11/site-packages/airflow/example_dags/example_trigger_controller_dag.py
[2026-03-15T18:21:49.193+0000] {processor.py:830} INFO - Processing file /home/airflow/.local/lib/python3.11/site-packages/airflow/example_dags/example_trigger_controller_dag.py for tasks to queue
[2026-03-15T18:21:49.196+0000] {logging_mixin.py:188} INFO - [2026-03-15T18:21:49.195+0000] {dagbag.py:540} INFO - Filling up the DagBag from /home/airflow/.local/lib/python3.11/site-packages/airflow/example_dags/example_trigger_controller_dag.py
[2026-03-15T18:21:49.200+0000] {processor.py:840} INFO - DAG(s) 'example_trigger_controller_dag' retrieved from /home/airflow/.local/lib/python3.11/site-packages/airflow/example_dags/example_trigger_controller_dag.py
[2026-03-15T18:21:49.217+0000] {logging_mixin.py:188} INFO - [2026-03-15T18:21:49.217+0000] {dag.py:3047} INFO - Sync 1 DAGs
[2026-03-15T18:21:49.232+0000] {logging_mixin.py:188} INFO - [2026-03-15T18:21:49.232+0000] {dag.py:3834} INFO - Setting next_dagrun for example_trigger_controller_dag to 2021-01-01 00:00:00+00:00, run_after=2021-01-01 00:00:00+00:00
[2026-03-15T18:21:49.245+0000] {processor.py:183} INFO - Processing /home/airflow/.local/lib/python3.11/site-packages/airflow/example_dags/example_trigger_controller_dag.py took 0.056 seconds
[2026-03-15T18:22:43.275+0000] {processor.py:161} INFO - Started process (PID=494) to work on /home/airflow/.local/lib/python3.11/site-packages/airflow/example_dags/example_trigger_controller_dag.py
[2026-03-15T18:22:43.276+0000] {processor.py:830} INFO - Processing file /home/airflow/.local/lib/python3.11/site-packages/airflow/example_dags/example_trigger_controller_dag.py for tasks to queue
[2026-03-15T18:22:43.278+0000] {logging_mixin.py:188} INFO - [2026-03-15T18:22:43.277+0000] {dagbag.py:540} INFO - Filling up the DagBag from /home/airflow/.local/lib/python3.11/site-packages/airflow/example_dags/example_trigger_controller_dag.py
[2026-03-15T18:22:43.282+0000] {processor.py:840} INFO - DAG(s) 'example_trigger_controller_dag' retrieved from /home/airflow/.local/lib/python3.11/site-packages/airflow/example_dags/example_trigger_controller_dag.py
[2026-03-15T18:22:43.300+0000] {logging_mixin.py:188} INFO - [2026-03-15T18:22:43.299+0000] {dag.py:3047} INFO - Sync 1 DAGs
[2026-03-15T18:22:43.316+0000] {logging_mixin.py:188} INFO - [2026-03-15T18:22:43.316+0000] {dag.py:3834} INFO - Setting next_dagrun for example_trigger_controller_dag to 2021-01-01 00:00:00+00:00, run_after=2021-01-01 00:00:00+00:00
[2026-03-15T18:22:43.331+0000] {processor.py:183} INFO - Processing /home/airflow/.local/lib/python3.11/site-packages/airflow/example_dags/example_trigger_controller_dag.py took 0.059 seconds
[2026-03-15T18:22:48.196+0000] {processor.py:161} INFO - Started process (PID=540) to work on /home/airflow/.local/lib/python3.11/site-packages/airflow/example_dags/example_trigger_controller_dag.py
[2026-03-15T18:22:48.197+0000] {processor.py:830} INFO - Processing file /home/airflow/.local/lib/python3.11/site-packages/airflow/example_dags/example_trigger_controller_dag.py for tasks to queue
[2026-03-15T18:22:48.199+0000] {logging_mixin.py:188} INFO - [2026-03-15T18:22:48.199+0000] {dagbag.py:540} INFO - Filling up the DagBag from /home/airflow/.local/lib/python3.11/site-packages/airflow/example_dags/example_trigger_controller_dag.py
[2026-03-15T18:22:48.205+0000] {processor.py:840} INFO - DAG(s) 'example_trigger_controller_dag' retrieved from /home/airflow/.local/lib/python3.11/site-packages/airflow/example_dags/example_trigger_controller_dag.py
[2026-03-15T18:22:48.221+0000] {logging_mixin.py:188} INFO - [2026-03-15T18:22:48.221+0000] {dag.py:3047} INFO - Sync 1 DAGs
[2026-03-15T18:22:48.237+0000] {logging_mixin.py:188} INFO - [2026-03-15T18:22:48.237+0000] {dag.py:3834} INFO - Setting next_dagrun for example_trigger_controller_dag to 2021-01-01 00:00:00+00:00, run_after=2021-01-01 00:00:00+00:00
[2026-03-15T18:22:48.251+0000] {processor.py:183} INFO - Processing /home/airflow/.local/lib/python3.11/site-packages/airflow/example_dags/example_trigger_controller_dag.py took 0.057 seconds
[2026-03-15T18:24:08.306+0000] {processor.py:161} INFO - Started process (PID=682) to work on /home/airflow/.local/lib/python3.11/site-packages/airflow/example_dags/example_trigger_controller_dag.py
[2026-03-15T18:24:08.307+0000] {processor.py:830} INFO - Processing file /home/airflow/.local/lib/python3.11/site-packages/airflow/example_dags/example_trigger_controller_dag.py for tasks to queue
[2026-03-15T18:24:08.309+0000] {logging_mixin.py:188} INFO - [2026-03-15T18:24:08.308+0000] {dagbag.py:540} INFO - Filling up the DagBag from /home/airflow/.local/lib/python3.11/site-packages/airflow/example_dags/example_trigger_controller_dag.py
[2026-03-15T18:24:08.313+0000] {processor.py:840} INFO - DAG(s) 'example_trigger_controller_dag' retrieved from /home/airflow/.local/lib/python3.11/site-packages/airflow/example_dags/example_trigger_controller_dag.py
[2026-03-15T18:24:08.329+0000] {logging_mixin.py:188} INFO - [2026-03-15T18:24:08.329+0000] {dag.py:3047} INFO - Sync 1 DAGs
[2026-03-15T18:24:08.345+0000] {logging_mixin.py:188} INFO - [2026-03-15T18:24:08.345+0000] {dag.py:3834} INFO - Setting next_dagrun for example_trigger_controller_dag to 2021-01-01 00:00:00+00:00, run_after=2021-01-01 00:00:00+00:00
[2026-03-15T18:24:08.360+0000] {processor.py:183} INFO - Processing /home/airflow/.local/lib/python3.11/site-packages/airflow/example_dags/example_trigger_controller_dag.py took 0.057 seconds
[2026-03-15T18:24:34.659+0000] {processor.py:161} INFO - Started process (PID=888) to work on /home/airflow/.local/lib/python3.11/site-packages/airflow/example_dags/example_trigger_controller_dag.py
[2026-03-15T18:24:34.661+0000] {processor.py:830} INFO - Processing file /home/airflow/.local/lib/python3.11/site-packages/airflow/example_dags/example_trigger_controller_dag.py for tasks to queue
[2026-03-15T18:24:34.663+0000] {logging_mixin.py:188} INFO - [2026-03-15T18:24:34.662+0000] {dagbag.py:540} INFO - Filling up the DagBag from /home/airflow/.local/lib/python3.11/site-packages/airflow/example_dags/example_trigger_controller_dag.py
[2026-03-15T18:24:34.667+0000] {processor.py:840} INFO - DAG(s) 'example_trigger_controller_dag' retrieved from /home/airflow/.local/lib/python3.11/site-packages/airflow/example_dags/example_trigger_controller_dag.py
[2026-03-15T18:24:34.683+0000] {logging_mixin.py:188} INFO - [2026-03-15T18:24:34.683+0000] {dag.py:3047} INFO - Sync 1 DAGs
[2026-03-15T18:24:34.699+0000] {logging_mixin.py:188} INFO - [2026-03-15T18:24:34.699+0000] {dag.py:3834} INFO - Setting next_dagrun for example_trigger_controller_dag to 2021-01-01 00:00:00+00:00, run_after=2021-01-01 00:00:00+00:00
[2026-03-15T18:24:34.726+0000] {processor.py:183} INFO - Processing /home/airflow/.local/lib/python3.11/site-packages/airflow/example_dags/example_trigger_controller_dag.py took 0.069 seconds
[2026-03-15T18:25:04.830+0000] {processor.py:161} INFO - Started process (PID=941) to work on /home/airflow/.local/lib/python3.11/site-packages/airflow/example_dags/example_trigger_controller_dag.py
[2026-03-15T18:25:04.831+0000] {processor.py:830} INFO - Processing file /home/airflow/.local/lib/python3.11/site-packages/airflow/example_dags/example_trigger_controller_dag.py for tasks to queue
[2026-03-15T18:25:04.833+0000] {logging_mixin.py:188} INFO - [2026-03-15T18:25:04.833+0000] {dagbag.py:540} INFO - Filling up the DagBag from /home/airflow/.local/lib/python3.11/site-packages/airflow/example_dags/example_trigger_controller_dag.py
[2026-03-15T18:25:04.838+0000] {processor.py:840} INFO - DAG(s) 'example_trigger_controller_dag' retrieved from /home/airflow/.local/lib/python3.11/site-packages/airflow/example_dags/example_trigger_controller_dag.py
[2026-03-15T18:25:04.850+0000] {logging_mixin.py:188} INFO - [2026-03-15T18:25:04.850+0000] {dag.py:3047} INFO - Sync 1 DAGs
[2026-03-15T18:25:04.869+0000] {logging_mixin.py:188} INFO - [2026-03-15T18:25:04.869+0000] {dag.py:3834} INFO - Setting next_dagrun for example_trigger_controller_dag to 2021-01-01 00:00:00+00:00, run_after=2021-01-01 00:00:00+00:00
[2026-03-15T18:25:04.893+0000] {processor.py:183} INFO - Processing /home/airflow/.local/lib/python3.11/site-packages/airflow/example_dags/example_trigger_controller_dag.py took 0.066 seconds
[2026-03-15T18:25:15.007+0000] {processor.py:161} INFO - Started process (PID=991) to work on /home/airflow/.local/lib/python3.11/site-packages/airflow/example_dags/example_trigger_controller_dag.py
[2026-03-15T18:25:15.008+0000] {processor.py:830} INFO - Processing file /home/airflow/.local/lib/python3.11/site-packages/airflow/example_dags/example_trigger_controller_dag.py for tasks to queue
[2026-03-15T18:25:15.009+0000] {logging_mixin.py:188} INFO - [2026-03-15T18:25:15.009+0000] {dagbag.py:540} INFO - Filling up the DagBag from /home/airflow/.local/lib/python3.11/site-packages/airflow/example_dags/example_trigger_controller_dag.py
[2026-03-15T18:25:15.013+0000] {processor.py:840} INFO - DAG(s) 'example_trigger_controller_dag' retrieved from /home/airflow/.local/lib/python3.11/site-packages/airflow/example_dags/example_trigger_controller_dag.py
[2026-03-15T18:25:15.079+0000] {logging_mixin.py:188} INFO - [2026-03-15T18:25:15.079+0000] {dag.py:3047} INFO - Sync 1 DAGs
[2026-03-15T18:25:15.090+0000] {logging_mixin.py:188} INFO - [2026-03-15T18:25:15.089+0000] {dag.py:3834} INFO - Setting next_dagrun for example_trigger_controller_dag to 2021-01-01 00:00:00+00:00, run_after=2021-01-01 00:00:00+00:00
[2026-03-15T18:25:15.102+0000] {processor.py:183} INFO - Processing /home/airflow/.local/lib/python3.11/site-packages/airflow/example_dags/example_trigger_controller_dag.py took 0.099 seconds
[2026-03-15T18:25:19.691+0000] {processor.py:161} INFO - Started process (PID=1039) to work on /home/airflow/.local/lib/python3.11/site-packages/airflow/example_dags/example_trigger_controller_dag.py
[2026-03-15T18:25:19.692+0000] {processor.py:830} INFO - Processing file /home/airflow/.local/lib/python3.11/site-packages/airflow/example_dags/example_trigger_controller_dag.py for tasks to queue
[2026-03-15T18:25:19.694+0000] {logging_mixin.py:188} INFO - [2026-03-15T18:25:19.693+0000] {dagbag.py:540} INFO - Filling up the DagBag from /home/airflow/.local/lib/python3.11/site-packages/airflow/example_dags/example_trigger_controller_dag.py
[2026-03-15T18:25:19.697+0000] {processor.py:840} INFO - DAG(s) 'example_trigger_controller_dag' retrieved from /home/airflow/.local/lib/python3.11/site-packages/airflow/example_dags/example_trigger_controller_dag.py
[2026-03-15T18:25:19.708+0000] {logging_mixin.py:188} INFO - [2026-03-15T18:25:19.707+0000] {dag.py:3047} INFO - Sync 1 DAGs
[2026-03-15T18:25:19.723+0000] {logging_mixin.py:188} INFO - [2026-03-15T18:25:19.723+0000] {dag.py:3834} INFO - Setting next_dagrun for example_trigger_controller_dag to 2021-01-01 00:00:00+00:00, run_after=2021-01-01 00:00:00+00:00
[2026-03-15T18:25:19.735+0000] {processor.py:183} INFO - Processing /home/airflow/.local/lib/python3.11/site-packages/airflow/example_dags/example_trigger_controller_dag.py took 0.047 seconds
[2026-03-15T18:25:24.710+0000] {processor.py:161} INFO - Started process (PID=1085) to work on /home/airflow/.local/lib/python3.11/site-packages/airflow/example_dags/example_trigger_controller_dag.py
[2026-03-15T18:25:24.711+0000] {processor.py:830} INFO - Processing file /home/airflow/.local/lib/python3.11/site-packages/airflow/example_dags/example_trigger_controller_dag.py for tasks to queue
[2026-03-15T18:25:24.712+0000] {logging_mixin.py:188} INFO - [2026-03-15T18:25:24.712+0000] {dagbag.py:540} INFO - Filling up the DagBag from /home/airflow/.local/lib/python3.11/site-packages/airflow/example_dags/example_trigger_controller_dag.py
[2026-03-15T18:25:24.716+0000] {processor.py:840} INFO - DAG(s) 'example_trigger_controller_dag' retrieved from /home/airflow/.local/lib/python3.11/site-packages/airflow/example_dags/example_trigger_controller_dag.py
[2026-03-15T18:25:24.726+0000] {logging_mixin.py:188} INFO - [2026-03-15T18:25:24.725+0000] {dag.py:3047} INFO - Sync 1 DAGs
[2026-03-15T18:25:24.741+0000] {logging_mixin.py:188} INFO - [2026-03-15T18:25:24.740+0000] {dag.py:3834} INFO - Setting next_dagrun for example_trigger_controller_dag to 2021-01-01 00:00:00+00:00, run_after=2021-01-01 00:00:00+00:00
[2026-03-15T18:25:24.753+0000] {processor.py:183} INFO - Processing /home/airflow/.local/lib/python3.11/site-packages/airflow/example_dags/example_trigger_controller_dag.py took 0.046 seconds
[2026-03-15T18:25:54.958+0000] {processor.py:161} INFO - Started process (PID=1137) to work on /home/airflow/.local/lib/python3.11/site-packages/airflow/example_dags/example_trigger_controller_dag.py
[2026-03-15T18:25:54.959+0000] {processor.py:830} INFO - Processing file /home/airflow/.local/lib/python3.11/site-packages/airflow/example_dags/example_trigger_controller_dag.py for tasks to queue
[2026-03-15T18:25:54.961+0000] {logging_mixin.py:188} INFO - [2026-03-15T18:25:54.960+0000] {dagbag.py:540} INFO - Filling up the DagBag from /home/airflow/.local/lib/python3.11/site-packages/airflow/example_dags/example_trigger_controller_dag.py
[2026-03-15T18:25:54.965+0000] {processor.py:840} INFO - DAG(s) 'example_trigger_controller_dag' retrieved from /home/airflow/.local/lib/python3.11/site-packages/airflow/example_dags/example_trigger_controller_dag.py
[2026-03-15T18:25:54.979+0000] {logging_mixin.py:188} INFO - [2026-03-15T18:25:54.979+0000] {dag.py:3047} INFO - Sync 1 DAGs
[2026-03-15T18:25:54.992+0000] {logging_mixin.py:188} INFO - [2026-03-15T18:25:54.992+0000] {dag.py:3834} INFO - Setting next_dagrun for example_trigger_controller_dag to 2021-01-01 00:00:00+00:00, run_after=2021-01-01 00:00:00+00:00
[2026-03-15T18:25:55.004+0000] {processor.py:183} INFO - Processing /home/airflow/.local/lib/python3.11/site-packages/airflow/example_dags/example_trigger_controller_dag.py took 0.049 seconds
[2026-03-15T18:26:17.265+0000] {processor.py:161} INFO - Started process (PID=1191) to work on /home/airflow/.local/lib/python3.11/site-packages/airflow/example_dags/example_trigger_controller_dag.py
[2026-03-15T18:26:17.266+0000] {processor.py:830} INFO - Processing file /home/airflow/.local/lib/python3.11/site-packages/airflow/example_dags/example_trigger_controller_dag.py for tasks to queue
[2026-03-15T18:26:17.268+0000] {logging_mixin.py:188} INFO - [2026-03-15T18:26:17.267+0000] {dagbag.py:540} INFO - Filling up the DagBag from /home/airflow/.local/lib/python3.11/site-packages/airflow/example_dags/example_trigger_controller_dag.py
[2026-03-15T18:26:17.272+0000] {processor.py:840} INFO - DAG(s) 'example_trigger_controller_dag' retrieved from /home/airflow/.local/lib/python3.11/site-packages/airflow/example_dags/example_trigger_controller_dag.py
[2026-03-15T18:26:17.289+0000] {logging_mixin.py:188} INFO - [2026-03-15T18:26:17.289+0000] {dag.py:3047} INFO - Sync 1 DAGs
[2026-03-15T18:26:17.305+0000] {logging_mixin.py:188} INFO - [2026-03-15T18:26:17.305+0000] {dag.py:3834} INFO - Setting next_dagrun for example_trigger_controller_dag to 2021-01-01 00:00:00+00:00, run_after=2021-01-01 00:00:00+00:00
[2026-03-15T18:26:17.325+0000] {processor.py:183} INFO - Processing /home/airflow/.local/lib/python3.11/site-packages/airflow/example_dags/example_trigger_controller_dag.py took 0.063 seconds
[2026-03-15T18:26:19.830+0000] {processor.py:161} INFO - Started process (PID=1241) to work on /home/airflow/.local/lib/python3.11/site-packages/airflow/example_dags/example_trigger_controller_dag.py
[2026-03-15T18:26:19.831+0000] {processor.py:830} INFO - Processing file /home/airflow/.local/lib/python3.11/site-packages/airflow/example_dags/example_trigger_controller_dag.py for tasks to queue
[2026-03-15T18:26:19.832+0000] {logging_mixin.py:188} INFO - [2026-03-15T18:26:19.832+0000] {dagbag.py:540} INFO - Filling up the DagBag from /home/airflow/.local/lib/python3.11/site-packages/airflow/example_dags/example_trigger_controller_dag.py
[2026-03-15T18:26:19.837+0000] {processor.py:840} INFO - DAG(s) 'example_trigger_controller_dag' retrieved from /home/airflow/.local/lib/python3.11/site-packages/airflow/example_dags/example_trigger_controller_dag.py
[2026-03-15T18:26:19.850+0000] {logging_mixin.py:188} INFO - [2026-03-15T18:26:19.850+0000] {dag.py:3047} INFO - Sync 1 DAGs
[2026-03-15T18:26:19.864+0000] {logging_mixin.py:188} INFO - [2026-03-15T18:26:19.864+0000] {dag.py:3834} INFO - Setting next_dagrun for example_trigger_controller_dag to 2021-01-01 00:00:00+00:00, run_after=2021-01-01 00:00:00+00:00
[2026-03-15T18:26:19.877+0000] {processor.py:183} INFO - Processing /home/airflow/.local/lib/python3.11/site-packages/airflow/example_dags/example_trigger_controller_dag.py took 0.050 seconds
[2026-03-15T18:26:35.037+0000] {processor.py:161} INFO - Started process (PID=1293) to work on /home/airflow/.local/lib/python3.11/site-packages/airflow/example_dags/example_trigger_controller_dag.py
[2026-03-15T18:26:35.038+0000] {processor.py:830} INFO - Processing file /home/airflow/.local/lib/python3.11/site-packages/airflow/example_dags/example_trigger_controller_dag.py for tasks to queue
[2026-03-15T18:26:35.040+0000] {logging_mixin.py:188} INFO - [2026-03-15T18:26:35.040+0000] {dagbag.py:540} INFO - Filling up the DagBag from /home/airflow/.local/lib/python3.11/site-packages/airflow/example_dags/example_trigger_controller_dag.py
[2026-03-15T18:26:35.044+0000] {processor.py:840} INFO - DAG(s) 'example_trigger_controller_dag' retrieved from /home/airflow/.local/lib/python3.11/site-packages/airflow/example_dags/example_trigger_controller_dag.py
[2026-03-15T18:26:35.060+0000] {logging_mixin.py:188} INFO - [2026-03-15T18:26:35.059+0000] {dag.py:3047} INFO - Sync 1 DAGs
[2026-03-15T18:26:35.074+0000] {logging_mixin.py:188} INFO - [2026-03-15T18:26:35.073+0000] {dag.py:3834} INFO - Setting next_dagrun for example_trigger_controller_dag to 2021-01-01 00:00:00+00:00, run_after=2021-01-01 00:00:00+00:00
[2026-03-15T18:26:35.091+0000] {processor.py:183} INFO - Processing /home/airflow/.local/lib/python3.11/site-packages/airflow/example_dags/example_trigger_controller_dag.py took 0.056 seconds
[2026-03-15T18:27:29.409+0000] {processor.py:161} INFO - Started process (PID=1339) to work on /home/airflow/.local/lib/python3.11/site-packages/airflow/example_dags/example_trigger_controller_dag.py
[2026-03-15T18:27:29.410+0000] {processor.py:830} INFO - Processing file /home/airflow/.local/lib/python3.11/site-packages/airflow/example_dags/example_trigger_controller_dag.py for tasks to queue
[2026-03-15T18:27:29.412+0000] {logging_mixin.py:188} INFO - [2026-03-15T18:27:29.412+0000] {dagbag.py:540} INFO - Filling up the DagBag from /home/airflow/.local/lib/python3.11/site-packages/airflow/example_dags/example_trigger_controller_dag.py
[2026-03-15T18:27:29.416+0000] {processor.py:840} INFO - DAG(s) 'example_trigger_controller_dag' retrieved from /home/airflow/.local/lib/python3.11/site-packages/airflow/example_dags/example_trigger_controller_dag.py
[2026-03-15T18:27:29.432+0000] {logging_mixin.py:188} INFO - [2026-03-15T18:27:29.431+0000] {dag.py:3047} INFO - Sync 1 DAGs
[2026-03-15T18:27:29.446+0000] {logging_mixin.py:188} INFO - [2026-03-15T18:27:29.446+0000] {dag.py:3834} INFO - Setting next_dagrun for example_trigger_controller_dag to 2021-01-01 00:00:00+00:00, run_after=2021-01-01 00:00:00+00:00
[2026-03-15T18:27:29.459+0000] {processor.py:183} INFO - Processing /home/airflow/.local/lib/python3.11/site-packages/airflow/example_dags/example_trigger_controller_dag.py took 0.053 seconds
[2026-03-15T18:27:40.058+0000] {processor.py:161} INFO - Started process (PID=1403) to work on /home/airflow/.local/lib/python3.11/site-packages/airflow/example_dags/example_trigger_controller_dag.py
[2026-03-15T18:27:40.060+0000] {processor.py:830} INFO - Processing file /home/airflow/.local/lib/python3.11/site-packages/airflow/example_dags/example_trigger_controller_dag.py for tasks to queue
[2026-03-15T18:27:40.062+0000] {logging_mixin.py:188} INFO - [2026-03-15T18:27:40.062+0000] {dagbag.py:540} INFO - Filling up the DagBag from /home/airflow/.local/lib/python3.11/site-packages/airflow/example_dags/example_trigger_controller_dag.py
[2026-03-15T18:27:40.066+0000] {processor.py:840} INFO - DAG(s) 'example_trigger_controller_dag' retrieved from /home/airflow/.local/lib/python3.11/site-packages/airflow/example_dags/example_trigger_controller_dag.py
[2026-03-15T18:27:40.081+0000] {logging_mixin.py:188} INFO - [2026-03-15T18:27:40.081+0000] {dag.py:3047} INFO - Sync 1 DAGs
[2026-03-15T18:27:40.096+0000] {logging_mixin.py:188} INFO - [2026-03-15T18:27:40.095+0000] {dag.py:3834} INFO - Setting next_dagrun for example_trigger_controller_dag to 2021-01-01 00:00:00+00:00, run_after=2021-01-01 00:00:00+00:00
[2026-03-15T18:27:40.110+0000] {processor.py:183} INFO - Processing /home/airflow/.local/lib/python3.11/site-packages/airflow/example_dags/example_trigger_controller_dag.py took 0.055 seconds
[2026-03-15T18:28:11.008+0000] {processor.py:161} INFO - Started process (PID=1455) to work on /home/airflow/.local/lib/python3.11/site-packages/airflow/example_dags/example_trigger_controller_dag.py
[2026-03-15T18:28:11.011+0000] {processor.py:830} INFO - Processing file /home/airflow/.local/lib/python3.11/site-packages/airflow/example_dags/example_trigger_controller_dag.py for tasks to queue
[2026-03-15T18:28:11.020+0000] {logging_mixin.py:188} INFO - [2026-03-15T18:28:11.018+0000] {dagbag.py:540} INFO - Filling up the DagBag from /home/airflow/.local/lib/python3.11/site-packages/airflow/example_dags/example_trigger_controller_dag.py
[2026-03-15T18:28:11.030+0000] {processor.py:840} INFO - DAG(s) 'example_trigger_controller_dag' retrieved from /home/airflow/.local/lib/python3.11/site-packages/airflow/example_dags/example_trigger_controller_dag.py
[2026-03-15T18:28:11.076+0000] {logging_mixin.py:188} INFO - [2026-03-15T18:28:11.075+0000] {dag.py:3047} INFO - Sync 1 DAGs
[2026-03-15T18:28:11.121+0000] {logging_mixin.py:188} INFO - [2026-03-15T18:28:11.121+0000] {dag.py:3834} INFO - Setting next_dagrun for example_trigger_controller_dag to 2021-01-01 00:00:00+00:00, run_after=2021-01-01 00:00:00+00:00
[2026-03-15T18:28:11.182+0000] {processor.py:183} INFO - Processing /home/airflow/.local/lib/python3.11/site-packages/airflow/example_dags/example_trigger_controller_dag.py took 0.180 seconds
[2026-03-15T18:28:41.718+0000] {processor.py:161} INFO - Started process (PID=1507) to work on /home/airflow/.local/lib/python3.11/site-packages/airflow/example_dags/example_trigger_controller_dag.py
[2026-03-15T18:28:41.719+0000] {processor.py:830} INFO - Processing file /home/airflow/.local/lib/python3.11/site-packages/airflow/example_dags/example_trigger_controller_dag.py for tasks to queue
[2026-03-15T18:28:41.721+0000] {logging_mixin.py:188} INFO - [2026-03-15T18:28:41.721+0000] {dagbag.py:540} INFO - Filling up the DagBag from /home/airflow/.local/lib/python3.11/site-packages/airflow/example_dags/example_trigger_controller_dag.py
[2026-03-15T18:28:41.725+0000] {processor.py:840} INFO - DAG(s) 'example_trigger_controller_dag' retrieved from /home/airflow/.local/lib/python3.11/site-packages/airflow/example_dags/example_trigger_controller_dag.py
[2026-03-15T18:28:41.740+0000] {logging_mixin.py:188} INFO - [2026-03-15T18:28:41.740+0000] {dag.py:3047} INFO - Sync 1 DAGs
[2026-03-15T18:28:41.753+0000] {logging_mixin.py:188} INFO - [2026-03-15T18:28:41.753+0000] {dag.py:3834} INFO - Setting next_dagrun for example_trigger_controller_dag to 2021-01-01 00:00:00+00:00, run_after=2021-01-01 00:00:00+00:00
[2026-03-15T18:28:41.779+0000] {processor.py:183} INFO - Processing /home/airflow/.local/lib/python3.11/site-packages/airflow/example_dags/example_trigger_controller_dag.py took 0.063 seconds
[2026-03-15T18:28:44.988+0000] {processor.py:161} INFO - Started process (PID=1555) to work on /home/airflow/.local/lib/python3.11/site-packages/airflow/example_dags/example_trigger_controller_dag.py
[2026-03-15T18:28:44.989+0000] {processor.py:830} INFO - Processing file /home/airflow/.local/lib/python3.11/site-packages/airflow/example_dags/example_trigger_controller_dag.py for tasks to queue
[2026-03-15T18:28:44.991+0000] {logging_mixin.py:188} INFO - [2026-03-15T18:28:44.991+0000] {dagbag.py:540} INFO - Filling up the DagBag from /home/airflow/.local/lib/python3.11/site-packages/airflow/example_dags/example_trigger_controller_dag.py
[2026-03-15T18:28:44.996+0000] {processor.py:840} INFO - DAG(s) 'example_trigger_controller_dag' retrieved from /home/airflow/.local/lib/python3.11/site-packages/airflow/example_dags/example_trigger_controller_dag.py
[2026-03-15T18:28:45.011+0000] {logging_mixin.py:188} INFO - [2026-03-15T18:28:45.010+0000] {dag.py:3047} INFO - Sync 1 DAGs
[2026-03-15T18:28:45.024+0000] {logging_mixin.py:188} INFO - [2026-03-15T18:28:45.024+0000] {dag.py:3834} INFO - Setting next_dagrun for example_trigger_controller_dag to 2021-01-01 00:00:00+00:00, run_after=2021-01-01 00:00:00+00:00
[2026-03-15T18:28:45.038+0000] {processor.py:183} INFO - Processing /home/airflow/.local/lib/python3.11/site-packages/airflow/example_dags/example_trigger_controller_dag.py took 0.054 seconds
[2026-03-15T18:29:15.475+0000] {processor.py:161} INFO - Started process (PID=1607) to work on /home/airflow/.local/lib/python3.11/site-packages/airflow/example_dags/example_trigger_controller_dag.py
[2026-03-15T18:29:15.476+0000] {processor.py:830} INFO - Processing file /home/airflow/.local/lib/python3.11/site-packages/airflow/example_dags/example_trigger_controller_dag.py for tasks to queue
[2026-03-15T18:29:15.478+0000] {logging_mixin.py:188} INFO - [2026-03-15T18:29:15.478+0000] {dagbag.py:540} INFO - Filling up the DagBag from /home/airflow/.local/lib/python3.11/site-packages/airflow/example_dags/example_trigger_controller_dag.py
[2026-03-15T18:29:15.485+0000] {processor.py:840} INFO - DAG(s) 'example_trigger_controller_dag' retrieved from /home/airflow/.local/lib/python3.11/site-packages/airflow/example_dags/example_trigger_controller_dag.py
[2026-03-15T18:29:15.504+0000] {logging_mixin.py:188} INFO - [2026-03-15T18:29:15.504+0000] {dag.py:3047} INFO - Sync 1 DAGs
[2026-03-15T18:29:15.521+0000] {logging_mixin.py:188} INFO - [2026-03-15T18:29:15.521+0000] {dag.py:3834} INFO - Setting next_dagrun for example_trigger_controller_dag to 2021-01-01 00:00:00+00:00, run_after=2021-01-01 00:00:00+00:00
[2026-03-15T18:29:15.537+0000] {processor.py:183} INFO - Processing /home/airflow/.local/lib/python3.11/site-packages/airflow/example_dags/example_trigger_controller_dag.py took 0.065 seconds
[2026-03-15T18:29:17.091+0000] {processor.py:161} INFO - Started process (PID=1638) to work on /home/airflow/.local/lib/python3.11/site-packages/airflow/example_dags/example_trigger_controller_dag.py
[2026-03-15T18:29:17.092+0000] {processor.py:830} INFO - Processing file /home/airflow/.local/lib/python3.11/site-packages/airflow/example_dags/example_trigger_controller_dag.py for tasks to queue
[2026-03-15T18:29:17.093+0000] {logging_mixin.py:188} INFO - [2026-03-15T18:29:17.093+0000] {dagbag.py:540} INFO - Filling up the DagBag from /home/airflow/.local/lib/python3.11/site-packages/airflow/example_dags/example_trigger_controller_dag.py
[2026-03-15T18:29:17.097+0000] {processor.py:840} INFO - DAG(s) 'example_trigger_controller_dag' retrieved from /home/airflow/.local/lib/python3.11/site-packages/airflow/example_dags/example_trigger_controller_dag.py
[2026-03-15T18:29:17.114+0000] {logging_mixin.py:188} INFO - [2026-03-15T18:29:17.114+0000] {dag.py:3047} INFO - Sync 1 DAGs
[2026-03-15T18:29:17.129+0000] {logging_mixin.py:188} INFO - [2026-03-15T18:29:17.129+0000] {dag.py:3834} INFO - Setting next_dagrun for example_trigger_controller_dag to 2021-01-01 00:00:00+00:00, run_after=2021-01-01 00:00:00+00:00
[2026-03-15T18:29:17.143+0000] {processor.py:183} INFO - Processing /home/airflow/.local/lib/python3.11/site-packages/airflow/example_dags/example_trigger_controller_dag.py took 0.055 seconds
[2026-03-15T18:29:19.960+0000] {processor.py:161} INFO - Started process (PID=1678) to work on /home/airflow/.local/lib/python3.11/site-packages/airflow/example_dags/example_trigger_controller_dag.py
[2026-03-15T18:29:19.961+0000] {processor.py:830} INFO - Processing file /home/airflow/.local/lib/python3.11/site-packages/airflow/example_dags/example_trigger_controller_dag.py for tasks to queue
[2026-03-15T18:29:19.962+0000] {logging_mixin.py:188} INFO - [2026-03-15T18:29:19.962+0000] {dagbag.py:540} INFO - Filling up the DagBag from /home/airflow/.local/lib/python3.11/site-packages/airflow/example_dags/example_trigger_controller_dag.py
[2026-03-15T18:29:19.966+0000] {processor.py:840} INFO - DAG(s) 'example_trigger_controller_dag' retrieved from /home/airflow/.local/lib/python3.11/site-packages/airflow/example_dags/example_trigger_controller_dag.py
[2026-03-15T18:29:19.982+0000] {logging_mixin.py:188} INFO - [2026-03-15T18:29:19.982+0000] {dag.py:3047} INFO - Sync 1 DAGs
[2026-03-15T18:29:19.996+0000] {logging_mixin.py:188} INFO - [2026-03-15T18:29:19.996+0000] {dag.py:3834} INFO - Setting next_dagrun for example_trigger_controller_dag to 2021-01-01 00:00:00+00:00, run_after=2021-01-01 00:00:00+00:00
[2026-03-15T18:29:20.010+0000] {processor.py:183} INFO - Processing /home/airflow/.local/lib/python3.11/site-packages/airflow/example_dags/example_trigger_controller_dag.py took 0.053 seconds
[2026-03-15T18:29:50.122+0000] {processor.py:161} INFO - Started process (PID=1725) to work on /home/airflow/.local/lib/python3.11/site-packages/airflow/example_dags/example_trigger_controller_dag.py
[2026-03-15T18:29:50.123+0000] {processor.py:830} INFO - Processing file /home/airflow/.local/lib/python3.11/site-packages/airflow/example_dags/example_trigger_controller_dag.py for tasks to queue
[2026-03-15T18:29:50.124+0000] {logging_mixin.py:188} INFO - [2026-03-15T18:29:50.124+0000] {dagbag.py:540} INFO - Filling up the DagBag from /home/airflow/.local/lib/python3.11/site-packages/airflow/example_dags/example_trigger_controller_dag.py
[2026-03-15T18:29:50.128+0000] {processor.py:840} INFO - DAG(s) 'example_trigger_controller_dag' retrieved from /home/airflow/.local/lib/python3.11/site-packages/airflow/example_dags/example_trigger_controller_dag.py
[2026-03-15T18:29:50.141+0000] {logging_mixin.py:188} INFO - [2026-03-15T18:29:50.141+0000] {dag.py:3047} INFO - Sync 1 DAGs
[2026-03-15T18:29:50.154+0000] {logging_mixin.py:188} INFO - [2026-03-15T18:29:50.154+0000] {dag.py:3834} INFO - Setting next_dagrun for example_trigger_controller_dag to 2021-01-01 00:00:00+00:00, run_after=2021-01-01 00:00:00+00:00
[2026-03-15T18:29:50.167+0000] {processor.py:183} INFO - Processing /home/airflow/.local/lib/python3.11/site-packages/airflow/example_dags/example_trigger_controller_dag.py took 0.047 seconds
[2026-03-15T18:29:55.377+0000] {processor.py:161} INFO - Started process (PID=1772) to work on /home/airflow/.local/lib/python3.11/site-packages/airflow/example_dags/example_trigger_controller_dag.py
[2026-03-15T18:29:55.378+0000] {processor.py:830} INFO - Processing file /home/airflow/.local/lib/python3.11/site-packages/airflow/example_dags/example_trigger_controller_dag.py for tasks to queue
[2026-03-15T18:29:55.381+0000] {logging_mixin.py:188} INFO - [2026-03-15T18:29:55.380+0000] {dagbag.py:540} INFO - Filling up the DagBag from /home/airflow/.local/lib/python3.11/site-packages/airflow/example_dags/example_trigger_controller_dag.py
[2026-03-15T18:29:55.386+0000] {processor.py:840} INFO - DAG(s) 'example_trigger_controller_dag' retrieved from /home/airflow/.local/lib/python3.11/site-packages/airflow/example_dags/example_trigger_controller_dag.py
[2026-03-15T18:29:55.405+0000] {logging_mixin.py:188} INFO - [2026-03-15T18:29:55.405+0000] {dag.py:3047} INFO - Sync 1 DAGs
[2026-03-15T18:29:55.424+0000] {logging_mixin.py:188} INFO - [2026-03-15T18:29:55.423+0000] {dag.py:3834} INFO - Setting next_dagrun for example_trigger_controller_dag to 2021-01-01 00:00:00+00:00, run_after=2021-01-01 00:00:00+00:00
[2026-03-15T18:29:55.441+0000] {processor.py:183} INFO - Processing /home/airflow/.local/lib/python3.11/site-packages/airflow/example_dags/example_trigger_controller_dag.py took 0.067 seconds
[2026-03-15T18:31:04.513+0000] {processor.py:161} INFO - Started process (PID=58) to work on /home/airflow/.local/lib/python3.11/site-packages/airflow/example_dags/example_trigger_controller_dag.py
[2026-03-15T18:31:04.514+0000] {processor.py:830} INFO - Processing file /home/airflow/.local/lib/python3.11/site-packages/airflow/example_dags/example_trigger_controller_dag.py for tasks to queue
[2026-03-15T18:31:04.517+0000] {logging_mixin.py:188} INFO - [2026-03-15T18:31:04.517+0000] {dagbag.py:540} INFO - Filling up the DagBag from /home/airflow/.local/lib/python3.11/site-packages/airflow/example_dags/example_trigger_controller_dag.py
[2026-03-15T18:31:04.524+0000] {processor.py:840} INFO - DAG(s) 'example_trigger_controller_dag' retrieved from /home/airflow/.local/lib/python3.11/site-packages/airflow/example_dags/example_trigger_controller_dag.py
[2026-03-15T18:31:04.535+0000] {logging_mixin.py:188} INFO - [2026-03-15T18:31:04.535+0000] {dag.py:3047} INFO - Sync 1 DAGs
[2026-03-15T18:31:04.558+0000] {logging_mixin.py:188} INFO - [2026-03-15T18:31:04.557+0000] {dag.py:3834} INFO - Setting next_dagrun for example_trigger_controller_dag to 2021-01-01 00:00:00+00:00, run_after=2021-01-01 00:00:00+00:00
[2026-03-15T18:31:04.581+0000] {processor.py:183} INFO - Processing /home/airflow/.local/lib/python3.11/site-packages/airflow/example_dags/example_trigger_controller_dag.py took 0.072 seconds
[2026-03-15T18:32:07.032+0000] {processor.py:161} INFO - Started process (PID=58) to work on /home/airflow/.local/lib/python3.11/site-packages/airflow/example_dags/example_trigger_controller_dag.py
[2026-03-15T18:32:07.033+0000] {processor.py:830} INFO - Processing file /home/airflow/.local/lib/python3.11/site-packages/airflow/example_dags/example_trigger_controller_dag.py for tasks to queue
[2026-03-15T18:32:07.036+0000] {logging_mixin.py:188} INFO - [2026-03-15T18:32:07.036+0000] {dagbag.py:540} INFO - Filling up the DagBag from /home/airflow/.local/lib/python3.11/site-packages/airflow/example_dags/example_trigger_controller_dag.py
[2026-03-15T18:32:07.044+0000] {processor.py:840} INFO - DAG(s) 'example_trigger_controller_dag' retrieved from /home/airflow/.local/lib/python3.11/site-packages/airflow/example_dags/example_trigger_controller_dag.py
[2026-03-15T18:32:07.059+0000] {logging_mixin.py:188} INFO - [2026-03-15T18:32:07.058+0000] {dag.py:3047} INFO - Sync 1 DAGs
[2026-03-15T18:32:07.080+0000] {logging_mixin.py:188} INFO - [2026-03-15T18:32:07.080+0000] {dag.py:3834} INFO - Setting next_dagrun for example_trigger_controller_dag to 2021-01-01 00:00:00+00:00, run_after=2021-01-01 00:00:00+00:00
[2026-03-15T18:32:07.096+0000] {processor.py:183} INFO - Processing /home/airflow/.local/lib/python3.11/site-packages/airflow/example_dags/example_trigger_controller_dag.py took 0.068 seconds
[2026-03-15T18:32:15.813+0000] {processor.py:161} INFO - Started process (PID=114) to work on /home/airflow/.local/lib/python3.11/site-packages/airflow/example_dags/example_trigger_controller_dag.py
[2026-03-15T18:32:15.814+0000] {processor.py:830} INFO - Processing file /home/airflow/.local/lib/python3.11/site-packages/airflow/example_dags/example_trigger_controller_dag.py for tasks to queue
[2026-03-15T18:32:15.816+0000] {logging_mixin.py:188} INFO - [2026-03-15T18:32:15.815+0000] {dagbag.py:540} INFO - Filling up the DagBag from /home/airflow/.local/lib/python3.11/site-packages/airflow/example_dags/example_trigger_controller_dag.py
[2026-03-15T18:32:15.822+0000] {processor.py:840} INFO - DAG(s) 'example_trigger_controller_dag' retrieved from /home/airflow/.local/lib/python3.11/site-packages/airflow/example_dags/example_trigger_controller_dag.py
[2026-03-15T18:32:15.832+0000] {logging_mixin.py:188} INFO - [2026-03-15T18:32:15.832+0000] {dag.py:3047} INFO - Sync 1 DAGs
[2026-03-15T18:32:15.850+0000] {logging_mixin.py:188} INFO - [2026-03-15T18:32:15.849+0000] {dag.py:3834} INFO - Setting next_dagrun for example_trigger_controller_dag to 2021-01-01 00:00:00+00:00, run_after=2021-01-01 00:00:00+00:00
[2026-03-15T18:32:15.869+0000] {processor.py:183} INFO - Processing /home/airflow/.local/lib/python3.11/site-packages/airflow/example_dags/example_trigger_controller_dag.py took 0.059 seconds
[2026-03-15T18:33:09.870+0000] {processor.py:161} INFO - Started process (PID=164) to work on /home/airflow/.local/lib/python3.11/site-packages/airflow/example_dags/example_trigger_controller_dag.py
[2026-03-15T18:33:09.871+0000] {processor.py:830} INFO - Processing file /home/airflow/.local/lib/python3.11/site-packages/airflow/example_dags/example_trigger_controller_dag.py for tasks to queue
[2026-03-15T18:33:09.873+0000] {logging_mixin.py:188} INFO - [2026-03-15T18:33:09.873+0000] {dagbag.py:540} INFO - Filling up the DagBag from /home/airflow/.local/lib/python3.11/site-packages/airflow/example_dags/example_trigger_controller_dag.py
[2026-03-15T18:33:09.877+0000] {processor.py:840} INFO - DAG(s) 'example_trigger_controller_dag' retrieved from /home/airflow/.local/lib/python3.11/site-packages/airflow/example_dags/example_trigger_controller_dag.py
[2026-03-15T18:33:09.945+0000] {logging_mixin.py:188} INFO - [2026-03-15T18:33:09.944+0000] {dag.py:3047} INFO - Sync 1 DAGs
[2026-03-15T18:33:09.960+0000] {logging_mixin.py:188} INFO - [2026-03-15T18:33:09.960+0000] {dag.py:3834} INFO - Setting next_dagrun for example_trigger_controller_dag to 2021-01-01 00:00:00+00:00, run_after=2021-01-01 00:00:00+00:00
[2026-03-15T18:33:09.975+0000] {processor.py:183} INFO - Processing /home/airflow/.local/lib/python3.11/site-packages/airflow/example_dags/example_trigger_controller_dag.py took 0.108 seconds
[2026-03-15T18:33:17.177+0000] {processor.py:161} INFO - Started process (PID=224) to work on /home/airflow/.local/lib/python3.11/site-packages/airflow/example_dags/example_trigger_controller_dag.py
[2026-03-15T18:33:17.178+0000] {processor.py:830} INFO - Processing file /home/airflow/.local/lib/python3.11/site-packages/airflow/example_dags/example_trigger_controller_dag.py for tasks to queue
[2026-03-15T18:33:17.180+0000] {logging_mixin.py:188} INFO - [2026-03-15T18:33:17.179+0000] {dagbag.py:540} INFO - Filling up the DagBag from /home/airflow/.local/lib/python3.11/site-packages/airflow/example_dags/example_trigger_controller_dag.py
[2026-03-15T18:33:17.184+0000] {processor.py:840} INFO - DAG(s) 'example_trigger_controller_dag' retrieved from /home/airflow/.local/lib/python3.11/site-packages/airflow/example_dags/example_trigger_controller_dag.py
[2026-03-15T18:33:17.196+0000] {logging_mixin.py:188} INFO - [2026-03-15T18:33:17.196+0000] {dag.py:3047} INFO - Sync 1 DAGs
[2026-03-15T18:33:17.212+0000] {logging_mixin.py:188} INFO - [2026-03-15T18:33:17.212+0000] {dag.py:3834} INFO - Setting next_dagrun for example_trigger_controller_dag to 2021-01-01 00:00:00+00:00, run_after=2021-01-01 00:00:00+00:00
[2026-03-15T18:33:17.226+0000] {processor.py:183} INFO - Processing /home/airflow/.local/lib/python3.11/site-packages/airflow/example_dags/example_trigger_controller_dag.py took 0.051 seconds
[2026-03-15T18:33:47.369+0000] {processor.py:161} INFO - Started process (PID=280) to work on /home/airflow/.local/lib/python3.11/site-packages/airflow/example_dags/example_trigger_controller_dag.py
[2026-03-15T18:33:47.370+0000] {processor.py:830} INFO - Processing file /home/airflow/.local/lib/python3.11/site-packages/airflow/example_dags/example_trigger_controller_dag.py for tasks to queue
[2026-03-15T18:33:47.371+0000] {logging_mixin.py:188} INFO - [2026-03-15T18:33:47.371+0000] {dagbag.py:540} INFO - Filling up the DagBag from /home/airflow/.local/lib/python3.11/site-packages/airflow/example_dags/example_trigger_controller_dag.py
[2026-03-15T18:33:47.375+0000] {processor.py:840} INFO - DAG(s) 'example_trigger_controller_dag' retrieved from /home/airflow/.local/lib/python3.11/site-packages/airflow/example_dags/example_trigger_controller_dag.py
[2026-03-15T18:33:47.393+0000] {logging_mixin.py:188} INFO - [2026-03-15T18:33:47.393+0000] {dag.py:3047} INFO - Sync 1 DAGs
[2026-03-15T18:33:47.407+0000] {logging_mixin.py:188} INFO - [2026-03-15T18:33:47.407+0000] {dag.py:3834} INFO - Setting next_dagrun for example_trigger_controller_dag to 2021-01-01 00:00:00+00:00, run_after=2021-01-01 00:00:00+00:00
[2026-03-15T18:33:47.421+0000] {processor.py:183} INFO - Processing /home/airflow/.local/lib/python3.11/site-packages/airflow/example_dags/example_trigger_controller_dag.py took 0.056 seconds
[2026-03-15T18:34:43.251+0000] {processor.py:161} INFO - Started process (PID=46) to work on /home/airflow/.local/lib/python3.11/site-packages/airflow/example_dags/example_trigger_controller_dag.py
[2026-03-15T18:34:43.252+0000] {processor.py:830} INFO - Processing file /home/airflow/.local/lib/python3.11/site-packages/airflow/example_dags/example_trigger_controller_dag.py for tasks to queue
[2026-03-15T18:34:43.256+0000] {logging_mixin.py:188} INFO - [2026-03-15T18:34:43.255+0000] {dagbag.py:540} INFO - Filling up the DagBag from /home/airflow/.local/lib/python3.11/site-packages/airflow/example_dags/example_trigger_controller_dag.py
[2026-03-15T18:34:43.262+0000] {processor.py:840} INFO - DAG(s) 'example_trigger_controller_dag' retrieved from /home/airflow/.local/lib/python3.11/site-packages/airflow/example_dags/example_trigger_controller_dag.py
[2026-03-15T18:34:43.275+0000] {logging_mixin.py:188} INFO - [2026-03-15T18:34:43.274+0000] {dag.py:3047} INFO - Sync 1 DAGs
[2026-03-15T18:34:43.305+0000] {logging_mixin.py:188} INFO - [2026-03-15T18:34:43.304+0000] {dag.py:3834} INFO - Setting next_dagrun for example_trigger_controller_dag to 2021-01-01 00:00:00+00:00, run_after=2021-01-01 00:00:00+00:00
[2026-03-15T18:34:43.325+0000] {processor.py:183} INFO - Processing /home/airflow/.local/lib/python3.11/site-packages/airflow/example_dags/example_trigger_controller_dag.py took 0.077 seconds
[2026-03-15T18:34:47.630+0000] {processor.py:161} INFO - Started process (PID=96) to work on /home/airflow/.local/lib/python3.11/site-packages/airflow/example_dags/example_trigger_controller_dag.py
[2026-03-15T18:34:47.631+0000] {processor.py:830} INFO - Processing file /home/airflow/.local/lib/python3.11/site-packages/airflow/example_dags/example_trigger_controller_dag.py for tasks to queue
[2026-03-15T18:34:47.633+0000] {logging_mixin.py:188} INFO - [2026-03-15T18:34:47.632+0000] {dagbag.py:540} INFO - Filling up the DagBag from /home/airflow/.local/lib/python3.11/site-packages/airflow/example_dags/example_trigger_controller_dag.py
[2026-03-15T18:34:47.637+0000] {processor.py:840} INFO - DAG(s) 'example_trigger_controller_dag' retrieved from /home/airflow/.local/lib/python3.11/site-packages/airflow/example_dags/example_trigger_controller_dag.py
[2026-03-15T18:34:47.646+0000] {logging_mixin.py:188} INFO - [2026-03-15T18:34:47.646+0000] {dag.py:3047} INFO - Sync 1 DAGs
[2026-03-15T18:34:47.662+0000] {logging_mixin.py:188} INFO - [2026-03-15T18:34:47.662+0000] {dag.py:3834} INFO - Setting next_dagrun for example_trigger_controller_dag to 2021-01-01 00:00:00+00:00, run_after=2021-01-01 00:00:00+00:00
[2026-03-15T18:34:47.676+0000] {processor.py:183} INFO - Processing /home/airflow/.local/lib/python3.11/site-packages/airflow/example_dags/example_trigger_controller_dag.py took 0.049 seconds
[2026-03-15T18:35:18.151+0000] {processor.py:161} INFO - Started process (PID=152) to work on /home/airflow/.local/lib/python3.11/site-packages/airflow/example_dags/example_trigger_controller_dag.py
[2026-03-15T18:35:18.152+0000] {processor.py:830} INFO - Processing file /home/airflow/.local/lib/python3.11/site-packages/airflow/example_dags/example_trigger_controller_dag.py for tasks to queue
[2026-03-15T18:35:18.154+0000] {logging_mixin.py:188} INFO - [2026-03-15T18:35:18.153+0000] {dagbag.py:540} INFO - Filling up the DagBag from /home/airflow/.local/lib/python3.11/site-packages/airflow/example_dags/example_trigger_controller_dag.py
[2026-03-15T18:35:18.158+0000] {processor.py:840} INFO - DAG(s) 'example_trigger_controller_dag' retrieved from /home/airflow/.local/lib/python3.11/site-packages/airflow/example_dags/example_trigger_controller_dag.py
[2026-03-15T18:35:18.231+0000] {logging_mixin.py:188} INFO - [2026-03-15T18:35:18.231+0000] {dag.py:3047} INFO - Sync 1 DAGs
[2026-03-15T18:35:18.245+0000] {logging_mixin.py:188} INFO - [2026-03-15T18:35:18.245+0000] {dag.py:3834} INFO - Setting next_dagrun for example_trigger_controller_dag to 2021-01-01 00:00:00+00:00, run_after=2021-01-01 00:00:00+00:00
[2026-03-15T18:35:18.259+0000] {processor.py:183} INFO - Processing /home/airflow/.local/lib/python3.11/site-packages/airflow/example_dags/example_trigger_controller_dag.py took 0.111 seconds
[2026-03-15T18:39:27.429+0000] {processor.py:161} INFO - Started process (PID=58) to work on /home/airflow/.local/lib/python3.11/site-packages/airflow/example_dags/example_trigger_controller_dag.py
[2026-03-15T18:39:27.430+0000] {processor.py:830} INFO - Processing file /home/airflow/.local/lib/python3.11/site-packages/airflow/example_dags/example_trigger_controller_dag.py for tasks to queue
[2026-03-15T18:39:27.433+0000] {logging_mixin.py:188} INFO - [2026-03-15T18:39:27.433+0000] {dagbag.py:540} INFO - Filling up the DagBag from /home/airflow/.local/lib/python3.11/site-packages/airflow/example_dags/example_trigger_controller_dag.py
[2026-03-15T18:39:27.441+0000] {processor.py:840} INFO - DAG(s) 'example_trigger_controller_dag' retrieved from /home/airflow/.local/lib/python3.11/site-packages/airflow/example_dags/example_trigger_controller_dag.py
[2026-03-15T18:39:27.452+0000] {logging_mixin.py:188} INFO - [2026-03-15T18:39:27.452+0000] {dag.py:3047} INFO - Sync 1 DAGs
[2026-03-15T18:39:27.472+0000] {logging_mixin.py:188} INFO - [2026-03-15T18:39:27.472+0000] {dag.py:3834} INFO - Setting next_dagrun for example_trigger_controller_dag to 2021-01-01 00:00:00+00:00, run_after=2021-01-01 00:00:00+00:00
[2026-03-15T18:40:16.663+0000] {processor.py:183} INFO - Processing /home/airflow/.local/lib/python3.11/site-packages/airflow/example_dags/example_trigger_controller_dag.py took 0.067 seconds
[2026-03-15T18:39:57.977+0000] {processor.py:161} INFO - Started process (PID=121) to work on /home/airflow/.local/lib/python3.11/site-packages/airflow/example_dags/example_trigger_controller_dag.py
[2026-03-15T18:39:57.979+0000] {processor.py:830} INFO - Processing file /home/airflow/.local/lib/python3.11/site-packages/airflow/example_dags/example_trigger_controller_dag.py for tasks to queue
[2026-03-15T18:39:57.981+0000] {logging_mixin.py:188} INFO - [2026-03-15T18:39:57.980+0000] {dagbag.py:540} INFO - Filling up the DagBag from /home/airflow/.local/lib/python3.11/site-packages/airflow/example_dags/example_trigger_controller_dag.py
[2026-03-15T18:39:57.985+0000] {processor.py:840} INFO - DAG(s) 'example_trigger_controller_dag' retrieved from /home/airflow/.local/lib/python3.11/site-packages/airflow/example_dags/example_trigger_controller_dag.py
[2026-03-15T18:39:58.057+0000] {logging_mixin.py:188} INFO - [2026-03-15T18:39:58.057+0000] {dag.py:3047} INFO - Sync 1 DAGs
[2026-03-15T18:39:58.069+0000] {logging_mixin.py:188} INFO - [2026-03-15T18:39:58.069+0000] {dag.py:3834} INFO - Setting next_dagrun for example_trigger_controller_dag to 2021-01-01 00:00:00+00:00, run_after=2021-01-01 00:00:00+00:00
[2026-03-15T18:39:58.096+0000] {processor.py:183} INFO - Processing /home/airflow/.local/lib/python3.11/site-packages/airflow/example_dags/example_trigger_controller_dag.py took 0.122 seconds
[2026-03-15T18:41:16.911+0000] {processor.py:161} INFO - Started process (PID=172) to work on /home/airflow/.local/lib/python3.11/site-packages/airflow/example_dags/example_trigger_controller_dag.py
[2026-03-15T18:41:16.912+0000] {processor.py:830} INFO - Processing file /home/airflow/.local/lib/python3.11/site-packages/airflow/example_dags/example_trigger_controller_dag.py for tasks to queue
[2026-03-15T18:41:16.914+0000] {logging_mixin.py:188} INFO - [2026-03-15T18:41:16.913+0000] {dagbag.py:540} INFO - Filling up the DagBag from /home/airflow/.local/lib/python3.11/site-packages/airflow/example_dags/example_trigger_controller_dag.py
[2026-03-15T18:41:16.918+0000] {processor.py:840} INFO - DAG(s) 'example_trigger_controller_dag' retrieved from /home/airflow/.local/lib/python3.11/site-packages/airflow/example_dags/example_trigger_controller_dag.py
[2026-03-15T18:41:16.934+0000] {logging_mixin.py:188} INFO - [2026-03-15T18:41:16.934+0000] {dag.py:3047} INFO - Sync 1 DAGs
[2026-03-15T18:41:16.950+0000] {logging_mixin.py:188} INFO - [2026-03-15T18:41:16.949+0000] {dag.py:3834} INFO - Setting next_dagrun for example_trigger_controller_dag to 2021-01-01 00:00:00+00:00, run_after=2021-01-01 00:00:00+00:00
[2026-03-15T18:41:16.964+0000] {processor.py:183} INFO - Processing /home/airflow/.local/lib/python3.11/site-packages/airflow/example_dags/example_trigger_controller_dag.py took 0.056 seconds
[2026-03-15T18:41:47.229+0000] {processor.py:161} INFO - Started process (PID=439) to work on /home/airflow/.local/lib/python3.11/site-packages/airflow/example_dags/example_trigger_controller_dag.py
[2026-03-15T18:41:47.230+0000] {processor.py:830} INFO - Processing file /home/airflow/.local/lib/python3.11/site-packages/airflow/example_dags/example_trigger_controller_dag.py for tasks to queue
[2026-03-15T18:41:47.232+0000] {logging_mixin.py:188} INFO - [2026-03-15T18:41:47.232+0000] {dagbag.py:540} INFO - Filling up the DagBag from /home/airflow/.local/lib/python3.11/site-packages/airflow/example_dags/example_trigger_controller_dag.py
[2026-03-15T18:41:47.236+0000] {processor.py:840} INFO - DAG(s) 'example_trigger_controller_dag' retrieved from /home/airflow/.local/lib/python3.11/site-packages/airflow/example_dags/example_trigger_controller_dag.py
[2026-03-15T18:41:47.252+0000] {logging_mixin.py:188} INFO - [2026-03-15T18:41:47.252+0000] {dag.py:3047} INFO - Sync 1 DAGs
[2026-03-15T18:41:47.266+0000] {logging_mixin.py:188} INFO - [2026-03-15T18:41:47.266+0000] {dag.py:3834} INFO - Setting next_dagrun for example_trigger_controller_dag to 2021-01-01 00:00:00+00:00, run_after=2021-01-01 00:00:00+00:00
[2026-03-15T18:41:47.280+0000] {processor.py:183} INFO - Processing /home/airflow/.local/lib/python3.11/site-packages/airflow/example_dags/example_trigger_controller_dag.py took 0.053 seconds
[2026-03-15T18:43:07.076+0000] {processor.py:161} INFO - Started process (PID=495) to work on /home/airflow/.local/lib/python3.11/site-packages/airflow/example_dags/example_trigger_controller_dag.py
[2026-03-15T18:43:07.077+0000] {processor.py:830} INFO - Processing file /home/airflow/.local/lib/python3.11/site-packages/airflow/example_dags/example_trigger_controller_dag.py for tasks to queue
[2026-03-15T18:43:07.079+0000] {logging_mixin.py:188} INFO - [2026-03-15T18:43:07.079+0000] {dagbag.py:540} INFO - Filling up the DagBag from /home/airflow/.local/lib/python3.11/site-packages/airflow/example_dags/example_trigger_controller_dag.py
[2026-03-15T18:43:07.084+0000] {processor.py:840} INFO - DAG(s) 'example_trigger_controller_dag' retrieved from /home/airflow/.local/lib/python3.11/site-packages/airflow/example_dags/example_trigger_controller_dag.py
[2026-03-15T18:43:07.102+0000] {logging_mixin.py:188} INFO - [2026-03-15T18:43:07.102+0000] {dag.py:3047} INFO - Sync 1 DAGs
[2026-03-15T18:43:07.121+0000] {logging_mixin.py:188} INFO - [2026-03-15T18:43:07.121+0000] {dag.py:3834} INFO - Setting next_dagrun for example_trigger_controller_dag to 2021-01-01 00:00:00+00:00, run_after=2021-01-01 00:00:00+00:00
[2026-03-15T18:43:07.137+0000] {processor.py:183} INFO - Processing /home/airflow/.local/lib/python3.11/site-packages/airflow/example_dags/example_trigger_controller_dag.py took 0.063 seconds
[2026-03-15T18:42:28.257+0000] {processor.py:161} INFO - Started process (PID=536) to work on /home/airflow/.local/lib/python3.11/site-packages/airflow/example_dags/example_trigger_controller_dag.py
[2026-03-15T18:42:28.258+0000] {processor.py:830} INFO - Processing file /home/airflow/.local/lib/python3.11/site-packages/airflow/example_dags/example_trigger_controller_dag.py for tasks to queue
[2026-03-15T18:42:28.259+0000] {logging_mixin.py:188} INFO - [2026-03-15T18:42:28.259+0000] {dagbag.py:540} INFO - Filling up the DagBag from /home/airflow/.local/lib/python3.11/site-packages/airflow/example_dags/example_trigger_controller_dag.py
[2026-03-15T18:42:28.263+0000] {processor.py:840} INFO - DAG(s) 'example_trigger_controller_dag' retrieved from /home/airflow/.local/lib/python3.11/site-packages/airflow/example_dags/example_trigger_controller_dag.py
[2026-03-15T18:42:28.278+0000] {logging_mixin.py:188} INFO - [2026-03-15T18:42:28.278+0000] {dag.py:3047} INFO - Sync 1 DAGs
[2026-03-15T18:42:28.296+0000] {logging_mixin.py:188} INFO - [2026-03-15T18:42:28.296+0000] {dag.py:3834} INFO - Setting next_dagrun for example_trigger_controller_dag to 2021-01-01 00:00:00+00:00, run_after=2021-01-01 00:00:00+00:00
[2026-03-15T18:42:28.310+0000] {processor.py:183} INFO - Processing /home/airflow/.local/lib/python3.11/site-packages/airflow/example_dags/example_trigger_controller_dag.py took 0.056 seconds
[2026-03-15T18:42:58.349+0000] {processor.py:161} INFO - Started process (PID=584) to work on /home/airflow/.local/lib/python3.11/site-packages/airflow/example_dags/example_trigger_controller_dag.py
[2026-03-15T18:42:58.350+0000] {processor.py:830} INFO - Processing file /home/airflow/.local/lib/python3.11/site-packages/airflow/example_dags/example_trigger_controller_dag.py for tasks to queue
[2026-03-15T18:42:58.352+0000] {logging_mixin.py:188} INFO - [2026-03-15T18:42:58.352+0000] {dagbag.py:540} INFO - Filling up the DagBag from /home/airflow/.local/lib/python3.11/site-packages/airflow/example_dags/example_trigger_controller_dag.py
[2026-03-15T18:42:58.356+0000] {processor.py:840} INFO - DAG(s) 'example_trigger_controller_dag' retrieved from /home/airflow/.local/lib/python3.11/site-packages/airflow/example_dags/example_trigger_controller_dag.py
[2026-03-15T18:42:58.373+0000] {logging_mixin.py:188} INFO - [2026-03-15T18:42:58.373+0000] {dag.py:3047} INFO - Sync 1 DAGs
[2026-03-15T18:42:58.388+0000] {logging_mixin.py:188} INFO - [2026-03-15T18:42:58.388+0000] {dag.py:3834} INFO - Setting next_dagrun for example_trigger_controller_dag to 2021-01-01 00:00:00+00:00, run_after=2021-01-01 00:00:00+00:00
[2026-03-15T18:42:58.400+0000] {processor.py:183} INFO - Processing /home/airflow/.local/lib/python3.11/site-packages/airflow/example_dags/example_trigger_controller_dag.py took 0.054 seconds
[2026-03-15T18:43:28.694+0000] {processor.py:161} INFO - Started process (PID=634) to work on /home/airflow/.local/lib/python3.11/site-packages/airflow/example_dags/example_trigger_controller_dag.py
[2026-03-15T18:43:28.695+0000] {processor.py:830} INFO - Processing file /home/airflow/.local/lib/python3.11/site-packages/airflow/example_dags/example_trigger_controller_dag.py for tasks to queue
[2026-03-15T18:43:28.697+0000] {logging_mixin.py:188} INFO - [2026-03-15T18:43:28.697+0000] {dagbag.py:540} INFO - Filling up the DagBag from /home/airflow/.local/lib/python3.11/site-packages/airflow/example_dags/example_trigger_controller_dag.py
[2026-03-15T18:43:28.702+0000] {processor.py:840} INFO - DAG(s) 'example_trigger_controller_dag' retrieved from /home/airflow/.local/lib/python3.11/site-packages/airflow/example_dags/example_trigger_controller_dag.py
[2026-03-15T18:43:28.725+0000] {logging_mixin.py:188} INFO - [2026-03-15T18:43:28.725+0000] {dag.py:3047} INFO - Sync 1 DAGs
[2026-03-15T18:43:28.744+0000] {logging_mixin.py:188} INFO - [2026-03-15T18:43:28.743+0000] {dag.py:3834} INFO - Setting next_dagrun for example_trigger_controller_dag to 2021-01-01 00:00:00+00:00, run_after=2021-01-01 00:00:00+00:00
[2026-03-15T18:43:28.764+0000] {processor.py:183} INFO - Processing /home/airflow/.local/lib/python3.11/site-packages/airflow/example_dags/example_trigger_controller_dag.py took 0.073 seconds
[2026-03-15T18:43:33.235+0000] {processor.py:161} INFO - Started process (PID=690) to work on /home/airflow/.local/lib/python3.11/site-packages/airflow/example_dags/example_trigger_controller_dag.py
[2026-03-15T18:43:33.236+0000] {processor.py:830} INFO - Processing file /home/airflow/.local/lib/python3.11/site-packages/airflow/example_dags/example_trigger_controller_dag.py for tasks to queue
[2026-03-15T18:43:33.238+0000] {logging_mixin.py:188} INFO - [2026-03-15T18:43:33.238+0000] {dagbag.py:540} INFO - Filling up the DagBag from /home/airflow/.local/lib/python3.11/site-packages/airflow/example_dags/example_trigger_controller_dag.py
[2026-03-15T18:43:33.242+0000] {processor.py:840} INFO - DAG(s) 'example_trigger_controller_dag' retrieved from /home/airflow/.local/lib/python3.11/site-packages/airflow/example_dags/example_trigger_controller_dag.py
[2026-03-15T18:43:33.258+0000] {logging_mixin.py:188} INFO - [2026-03-15T18:43:33.258+0000] {dag.py:3047} INFO - Sync 1 DAGs
[2026-03-15T18:43:33.272+0000] {logging_mixin.py:188} INFO - [2026-03-15T18:43:33.272+0000] {dag.py:3834} INFO - Setting next_dagrun for example_trigger_controller_dag to 2021-01-01 00:00:00+00:00, run_after=2021-01-01 00:00:00+00:00
[2026-03-15T18:43:33.286+0000] {processor.py:183} INFO - Processing /home/airflow/.local/lib/python3.11/site-packages/airflow/example_dags/example_trigger_controller_dag.py took 0.054 seconds
[2026-03-15T18:44:03.640+0000] {processor.py:161} INFO - Started process (PID=743) to work on /home/airflow/.local/lib/python3.11/site-packages/airflow/example_dags/example_trigger_controller_dag.py
[2026-03-15T18:44:03.641+0000] {processor.py:830} INFO - Processing file /home/airflow/.local/lib/python3.11/site-packages/airflow/example_dags/example_trigger_controller_dag.py for tasks to queue
[2026-03-15T18:44:03.643+0000] {logging_mixin.py:188} INFO - [2026-03-15T18:44:03.642+0000] {dagbag.py:540} INFO - Filling up the DagBag from /home/airflow/.local/lib/python3.11/site-packages/airflow/example_dags/example_trigger_controller_dag.py
[2026-03-15T18:44:03.647+0000] {processor.py:840} INFO - DAG(s) 'example_trigger_controller_dag' retrieved from /home/airflow/.local/lib/python3.11/site-packages/airflow/example_dags/example_trigger_controller_dag.py
[2026-03-15T18:44:03.661+0000] {logging_mixin.py:188} INFO - [2026-03-15T18:44:03.660+0000] {dag.py:3047} INFO - Sync 1 DAGs
[2026-03-15T18:44:03.675+0000] {logging_mixin.py:188} INFO - [2026-03-15T18:44:03.674+0000] {dag.py:3834} INFO - Setting next_dagrun for example_trigger_controller_dag to 2021-01-01 00:00:00+00:00, run_after=2021-01-01 00:00:00+00:00
[2026-03-15T18:44:03.687+0000] {processor.py:183} INFO - Processing /home/airflow/.local/lib/python3.11/site-packages/airflow/example_dags/example_trigger_controller_dag.py took 0.050 seconds
[2026-03-15T18:44:33.853+0000] {processor.py:161} INFO - Started process (PID=796) to work on /home/airflow/.local/lib/python3.11/site-packages/airflow/example_dags/example_trigger_controller_dag.py
[2026-03-15T18:44:33.854+0000] {processor.py:830} INFO - Processing file /home/airflow/.local/lib/python3.11/site-packages/airflow/example_dags/example_trigger_controller_dag.py for tasks to queue
[2026-03-15T18:44:33.856+0000] {logging_mixin.py:188} INFO - [2026-03-15T18:44:33.856+0000] {dagbag.py:540} INFO - Filling up the DagBag from /home/airflow/.local/lib/python3.11/site-packages/airflow/example_dags/example_trigger_controller_dag.py
[2026-03-15T18:44:33.860+0000] {processor.py:840} INFO - DAG(s) 'example_trigger_controller_dag' retrieved from /home/airflow/.local/lib/python3.11/site-packages/airflow/example_dags/example_trigger_controller_dag.py
[2026-03-15T18:44:33.877+0000] {logging_mixin.py:188} INFO - [2026-03-15T18:44:33.877+0000] {dag.py:3047} INFO - Sync 1 DAGs
[2026-03-15T18:44:33.895+0000] {logging_mixin.py:188} INFO - [2026-03-15T18:44:33.895+0000] {dag.py:3834} INFO - Setting next_dagrun for example_trigger_controller_dag to 2021-01-01 00:00:00+00:00, run_after=2021-01-01 00:00:00+00:00
[2026-03-15T18:44:33.910+0000] {processor.py:183} INFO - Processing /home/airflow/.local/lib/python3.11/site-packages/airflow/example_dags/example_trigger_controller_dag.py took 0.061 seconds
[2026-03-15T18:44:47.430+0000] {processor.py:161} INFO - Started process (PID=846) to work on /home/airflow/.local/lib/python3.11/site-packages/airflow/example_dags/example_trigger_controller_dag.py
[2026-03-15T18:44:47.431+0000] {processor.py:830} INFO - Processing file /home/airflow/.local/lib/python3.11/site-packages/airflow/example_dags/example_trigger_controller_dag.py for tasks to queue
[2026-03-15T18:44:47.433+0000] {logging_mixin.py:188} INFO - [2026-03-15T18:44:47.433+0000] {dagbag.py:540} INFO - Filling up the DagBag from /home/airflow/.local/lib/python3.11/site-packages/airflow/example_dags/example_trigger_controller_dag.py
[2026-03-15T18:44:47.437+0000] {processor.py:840} INFO - DAG(s) 'example_trigger_controller_dag' retrieved from /home/airflow/.local/lib/python3.11/site-packages/airflow/example_dags/example_trigger_controller_dag.py
[2026-03-15T18:44:47.454+0000] {logging_mixin.py:188} INFO - [2026-03-15T18:44:47.454+0000] {dag.py:3047} INFO - Sync 1 DAGs
[2026-03-15T18:44:47.470+0000] {logging_mixin.py:188} INFO - [2026-03-15T18:44:47.470+0000] {dag.py:3834} INFO - Setting next_dagrun for example_trigger_controller_dag to 2021-01-01 00:00:00+00:00, run_after=2021-01-01 00:00:00+00:00
[2026-03-15T18:44:47.486+0000] {processor.py:183} INFO - Processing /home/airflow/.local/lib/python3.11/site-packages/airflow/example_dags/example_trigger_controller_dag.py took 0.059 seconds
