[2026-03-15T17:05:01.686+0000] {processor.py:161} INFO - Started process (PID=113) to work on /home/airflow/.local/lib/python3.11/site-packages/airflow/example_dags/example_dynamic_task_mapping_with_no_taskflow_operators.py
[2026-03-15T17:05:01.688+0000] {processor.py:830} INFO - Processing file /home/airflow/.local/lib/python3.11/site-packages/airflow/example_dags/example_dynamic_task_mapping_with_no_taskflow_operators.py for tasks to queue
[2026-03-15T17:05:01.690+0000] {logging_mixin.py:188} INFO - [2026-03-15T17:05:01.690+0000] {dagbag.py:540} INFO - Filling up the DagBag from /home/airflow/.local/lib/python3.11/site-packages/airflow/example_dags/example_dynamic_task_mapping_with_no_taskflow_operators.py
[2026-03-15T17:05:01.699+0000] {processor.py:840} INFO - DAG(s) 'example_dynamic_task_mapping_with_no_taskflow_operators' retrieved from /home/airflow/.local/lib/python3.11/site-packages/airflow/example_dags/example_dynamic_task_mapping_with_no_taskflow_operators.py
[2026-03-15T17:05:01.715+0000] {logging_mixin.py:188} INFO - [2026-03-15T17:05:01.715+0000] {dag.py:3047} INFO - Sync 1 DAGs
[2026-03-15T17:05:01.740+0000] {logging_mixin.py:188} INFO - [2026-03-15T17:05:01.740+0000] {dag.py:3834} INFO - Setting next_dagrun for example_dynamic_task_mapping_with_no_taskflow_operators to 2026-03-14 00:00:00+00:00, run_after=2026-03-15 00:00:00+00:00
[2026-03-15T17:05:01.758+0000] {processor.py:183} INFO - Processing /home/airflow/.local/lib/python3.11/site-packages/airflow/example_dags/example_dynamic_task_mapping_with_no_taskflow_operators.py took 0.075 seconds
[2026-03-15T17:05:34.286+0000] {processor.py:161} INFO - Started process (PID=169) to work on /home/airflow/.local/lib/python3.11/site-packages/airflow/example_dags/example_dynamic_task_mapping_with_no_taskflow_operators.py
[2026-03-15T17:05:34.287+0000] {processor.py:830} INFO - Processing file /home/airflow/.local/lib/python3.11/site-packages/airflow/example_dags/example_dynamic_task_mapping_with_no_taskflow_operators.py for tasks to queue
[2026-03-15T17:05:34.288+0000] {logging_mixin.py:188} INFO - [2026-03-15T17:05:34.288+0000] {dagbag.py:540} INFO - Filling up the DagBag from /home/airflow/.local/lib/python3.11/site-packages/airflow/example_dags/example_dynamic_task_mapping_with_no_taskflow_operators.py
[2026-03-15T17:05:34.293+0000] {processor.py:840} INFO - DAG(s) 'example_dynamic_task_mapping_with_no_taskflow_operators' retrieved from /home/airflow/.local/lib/python3.11/site-packages/airflow/example_dags/example_dynamic_task_mapping_with_no_taskflow_operators.py
[2026-03-15T17:05:34.355+0000] {logging_mixin.py:188} INFO - [2026-03-15T17:05:34.355+0000] {dag.py:3047} INFO - Sync 1 DAGs
[2026-03-15T17:05:34.367+0000] {logging_mixin.py:188} INFO - [2026-03-15T17:05:34.367+0000] {dag.py:3834} INFO - Setting next_dagrun for example_dynamic_task_mapping_with_no_taskflow_operators to 2026-03-14 00:00:00+00:00, run_after=2026-03-15 00:00:00+00:00
[2026-03-15T17:05:34.382+0000] {processor.py:183} INFO - Processing /home/airflow/.local/lib/python3.11/site-packages/airflow/example_dags/example_dynamic_task_mapping_with_no_taskflow_operators.py took 0.100 seconds
[2026-03-15T17:05:44.548+0000] {processor.py:161} INFO - Started process (PID=214) to work on /home/airflow/.local/lib/python3.11/site-packages/airflow/example_dags/example_dynamic_task_mapping_with_no_taskflow_operators.py
[2026-03-15T17:05:44.549+0000] {processor.py:830} INFO - Processing file /home/airflow/.local/lib/python3.11/site-packages/airflow/example_dags/example_dynamic_task_mapping_with_no_taskflow_operators.py for tasks to queue
[2026-03-15T17:05:44.550+0000] {logging_mixin.py:188} INFO - [2026-03-15T17:05:44.550+0000] {dagbag.py:540} INFO - Filling up the DagBag from /home/airflow/.local/lib/python3.11/site-packages/airflow/example_dags/example_dynamic_task_mapping_with_no_taskflow_operators.py
[2026-03-15T17:05:44.556+0000] {processor.py:840} INFO - DAG(s) 'example_dynamic_task_mapping_with_no_taskflow_operators' retrieved from /home/airflow/.local/lib/python3.11/site-packages/airflow/example_dags/example_dynamic_task_mapping_with_no_taskflow_operators.py
[2026-03-15T17:05:44.567+0000] {logging_mixin.py:188} INFO - [2026-03-15T17:05:44.566+0000] {dag.py:3047} INFO - Sync 1 DAGs
[2026-03-15T17:05:44.583+0000] {logging_mixin.py:188} INFO - [2026-03-15T17:05:44.583+0000] {dag.py:3834} INFO - Setting next_dagrun for example_dynamic_task_mapping_with_no_taskflow_operators to 2026-03-14 00:00:00+00:00, run_after=2026-03-15 00:00:00+00:00
[2026-03-15T17:05:44.597+0000] {processor.py:183} INFO - Processing /home/airflow/.local/lib/python3.11/site-packages/airflow/example_dags/example_dynamic_task_mapping_with_no_taskflow_operators.py took 0.052 seconds
[2026-03-15T17:06:15.646+0000] {processor.py:161} INFO - Started process (PID=281) to work on /home/airflow/.local/lib/python3.11/site-packages/airflow/example_dags/example_dynamic_task_mapping_with_no_taskflow_operators.py
[2026-03-15T17:06:15.646+0000] {processor.py:830} INFO - Processing file /home/airflow/.local/lib/python3.11/site-packages/airflow/example_dags/example_dynamic_task_mapping_with_no_taskflow_operators.py for tasks to queue
[2026-03-15T17:06:15.648+0000] {logging_mixin.py:188} INFO - [2026-03-15T17:06:15.648+0000] {dagbag.py:540} INFO - Filling up the DagBag from /home/airflow/.local/lib/python3.11/site-packages/airflow/example_dags/example_dynamic_task_mapping_with_no_taskflow_operators.py
[2026-03-15T17:06:15.654+0000] {processor.py:840} INFO - DAG(s) 'example_dynamic_task_mapping_with_no_taskflow_operators' retrieved from /home/airflow/.local/lib/python3.11/site-packages/airflow/example_dags/example_dynamic_task_mapping_with_no_taskflow_operators.py
[2026-03-15T17:06:15.674+0000] {logging_mixin.py:188} INFO - [2026-03-15T17:06:15.674+0000] {dag.py:3047} INFO - Sync 1 DAGs
[2026-03-15T17:06:15.691+0000] {logging_mixin.py:188} INFO - [2026-03-15T17:06:15.691+0000] {dag.py:3834} INFO - Setting next_dagrun for example_dynamic_task_mapping_with_no_taskflow_operators to 2026-03-14 00:00:00+00:00, run_after=2026-03-15 00:00:00+00:00
[2026-03-15T17:06:15.707+0000] {processor.py:183} INFO - Processing /home/airflow/.local/lib/python3.11/site-packages/airflow/example_dags/example_dynamic_task_mapping_with_no_taskflow_operators.py took 0.065 seconds
[2026-03-15T17:06:20.643+0000] {processor.py:161} INFO - Started process (PID=327) to work on /home/airflow/.local/lib/python3.11/site-packages/airflow/example_dags/example_dynamic_task_mapping_with_no_taskflow_operators.py
[2026-03-15T17:06:20.644+0000] {processor.py:830} INFO - Processing file /home/airflow/.local/lib/python3.11/site-packages/airflow/example_dags/example_dynamic_task_mapping_with_no_taskflow_operators.py for tasks to queue
[2026-03-15T17:06:20.646+0000] {logging_mixin.py:188} INFO - [2026-03-15T17:06:20.646+0000] {dagbag.py:540} INFO - Filling up the DagBag from /home/airflow/.local/lib/python3.11/site-packages/airflow/example_dags/example_dynamic_task_mapping_with_no_taskflow_operators.py
[2026-03-15T17:06:20.652+0000] {processor.py:840} INFO - DAG(s) 'example_dynamic_task_mapping_with_no_taskflow_operators' retrieved from /home/airflow/.local/lib/python3.11/site-packages/airflow/example_dags/example_dynamic_task_mapping_with_no_taskflow_operators.py
[2026-03-15T17:06:20.668+0000] {logging_mixin.py:188} INFO - [2026-03-15T17:06:20.668+0000] {dag.py:3047} INFO - Sync 1 DAGs
[2026-03-15T17:06:20.685+0000] {logging_mixin.py:188} INFO - [2026-03-15T17:06:20.685+0000] {dag.py:3834} INFO - Setting next_dagrun for example_dynamic_task_mapping_with_no_taskflow_operators to 2026-03-14 00:00:00+00:00, run_after=2026-03-15 00:00:00+00:00
[2026-03-15T17:06:20.699+0000] {processor.py:183} INFO - Processing /home/airflow/.local/lib/python3.11/site-packages/airflow/example_dags/example_dynamic_task_mapping_with_no_taskflow_operators.py took 0.059 seconds
[2026-03-15T17:06:31.019+0000] {processor.py:161} INFO - Started process (PID=373) to work on /home/airflow/.local/lib/python3.11/site-packages/airflow/example_dags/example_dynamic_task_mapping_with_no_taskflow_operators.py
[2026-03-15T17:06:31.020+0000] {processor.py:830} INFO - Processing file /home/airflow/.local/lib/python3.11/site-packages/airflow/example_dags/example_dynamic_task_mapping_with_no_taskflow_operators.py for tasks to queue
[2026-03-15T17:06:31.021+0000] {logging_mixin.py:188} INFO - [2026-03-15T17:06:31.021+0000] {dagbag.py:540} INFO - Filling up the DagBag from /home/airflow/.local/lib/python3.11/site-packages/airflow/example_dags/example_dynamic_task_mapping_with_no_taskflow_operators.py
[2026-03-15T17:06:31.026+0000] {processor.py:840} INFO - DAG(s) 'example_dynamic_task_mapping_with_no_taskflow_operators' retrieved from /home/airflow/.local/lib/python3.11/site-packages/airflow/example_dags/example_dynamic_task_mapping_with_no_taskflow_operators.py
[2026-03-15T17:06:31.040+0000] {logging_mixin.py:188} INFO - [2026-03-15T17:06:31.040+0000] {dag.py:3047} INFO - Sync 1 DAGs
[2026-03-15T17:06:31.055+0000] {logging_mixin.py:188} INFO - [2026-03-15T17:06:31.055+0000] {dag.py:3834} INFO - Setting next_dagrun for example_dynamic_task_mapping_with_no_taskflow_operators to 2026-03-14 00:00:00+00:00, run_after=2026-03-15 00:00:00+00:00
[2026-03-15T17:06:31.067+0000] {processor.py:183} INFO - Processing /home/airflow/.local/lib/python3.11/site-packages/airflow/example_dags/example_dynamic_task_mapping_with_no_taskflow_operators.py took 0.051 seconds
[2026-03-15T17:07:35.587+0000] {processor.py:161} INFO - Started process (PID=429) to work on /home/airflow/.local/lib/python3.11/site-packages/airflow/example_dags/example_dynamic_task_mapping_with_no_taskflow_operators.py
[2026-03-15T17:07:35.588+0000] {processor.py:830} INFO - Processing file /home/airflow/.local/lib/python3.11/site-packages/airflow/example_dags/example_dynamic_task_mapping_with_no_taskflow_operators.py for tasks to queue
[2026-03-15T17:07:35.590+0000] {logging_mixin.py:188} INFO - [2026-03-15T17:07:35.590+0000] {dagbag.py:540} INFO - Filling up the DagBag from /home/airflow/.local/lib/python3.11/site-packages/airflow/example_dags/example_dynamic_task_mapping_with_no_taskflow_operators.py
[2026-03-15T17:07:35.596+0000] {processor.py:840} INFO - DAG(s) 'example_dynamic_task_mapping_with_no_taskflow_operators' retrieved from /home/airflow/.local/lib/python3.11/site-packages/airflow/example_dags/example_dynamic_task_mapping_with_no_taskflow_operators.py
[2026-03-15T17:07:35.611+0000] {logging_mixin.py:188} INFO - [2026-03-15T17:07:35.611+0000] {dag.py:3047} INFO - Sync 1 DAGs
[2026-03-15T17:07:35.628+0000] {logging_mixin.py:188} INFO - [2026-03-15T17:07:35.627+0000] {dag.py:3834} INFO - Setting next_dagrun for example_dynamic_task_mapping_with_no_taskflow_operators to 2026-03-14 00:00:00+00:00, run_after=2026-03-15 00:00:00+00:00
[2026-03-15T17:07:35.641+0000] {processor.py:183} INFO - Processing /home/airflow/.local/lib/python3.11/site-packages/airflow/example_dags/example_dynamic_task_mapping_with_no_taskflow_operators.py took 0.057 seconds
[2026-03-15T17:07:20.660+0000] {processor.py:161} INFO - Started process (PID=485) to work on /home/airflow/.local/lib/python3.11/site-packages/airflow/example_dags/example_dynamic_task_mapping_with_no_taskflow_operators.py
[2026-03-15T17:07:20.661+0000] {processor.py:830} INFO - Processing file /home/airflow/.local/lib/python3.11/site-packages/airflow/example_dags/example_dynamic_task_mapping_with_no_taskflow_operators.py for tasks to queue
[2026-03-15T17:07:20.663+0000] {logging_mixin.py:188} INFO - [2026-03-15T17:07:20.662+0000] {dagbag.py:540} INFO - Filling up the DagBag from /home/airflow/.local/lib/python3.11/site-packages/airflow/example_dags/example_dynamic_task_mapping_with_no_taskflow_operators.py
[2026-03-15T17:07:20.668+0000] {processor.py:840} INFO - DAG(s) 'example_dynamic_task_mapping_with_no_taskflow_operators' retrieved from /home/airflow/.local/lib/python3.11/site-packages/airflow/example_dags/example_dynamic_task_mapping_with_no_taskflow_operators.py
[2026-03-15T17:07:20.682+0000] {logging_mixin.py:188} INFO - [2026-03-15T17:07:20.682+0000] {dag.py:3047} INFO - Sync 1 DAGs
[2026-03-15T17:07:20.695+0000] {logging_mixin.py:188} INFO - [2026-03-15T17:07:20.695+0000] {dag.py:3834} INFO - Setting next_dagrun for example_dynamic_task_mapping_with_no_taskflow_operators to 2026-03-14 00:00:00+00:00, run_after=2026-03-15 00:00:00+00:00
[2026-03-15T17:07:20.707+0000] {processor.py:183} INFO - Processing /home/airflow/.local/lib/python3.11/site-packages/airflow/example_dags/example_dynamic_task_mapping_with_no_taskflow_operators.py took 0.050 seconds
[2026-03-15T17:07:26.049+0000] {processor.py:161} INFO - Started process (PID=531) to work on /home/airflow/.local/lib/python3.11/site-packages/airflow/example_dags/example_dynamic_task_mapping_with_no_taskflow_operators.py
[2026-03-15T17:07:26.050+0000] {processor.py:830} INFO - Processing file /home/airflow/.local/lib/python3.11/site-packages/airflow/example_dags/example_dynamic_task_mapping_with_no_taskflow_operators.py for tasks to queue
[2026-03-15T17:07:26.052+0000] {logging_mixin.py:188} INFO - [2026-03-15T17:07:26.051+0000] {dagbag.py:540} INFO - Filling up the DagBag from /home/airflow/.local/lib/python3.11/site-packages/airflow/example_dags/example_dynamic_task_mapping_with_no_taskflow_operators.py
[2026-03-15T17:07:26.057+0000] {processor.py:840} INFO - DAG(s) 'example_dynamic_task_mapping_with_no_taskflow_operators' retrieved from /home/airflow/.local/lib/python3.11/site-packages/airflow/example_dags/example_dynamic_task_mapping_with_no_taskflow_operators.py
[2026-03-15T17:07:26.071+0000] {logging_mixin.py:188} INFO - [2026-03-15T17:07:26.071+0000] {dag.py:3047} INFO - Sync 1 DAGs
[2026-03-15T17:07:26.088+0000] {logging_mixin.py:188} INFO - [2026-03-15T17:07:26.088+0000] {dag.py:3834} INFO - Setting next_dagrun for example_dynamic_task_mapping_with_no_taskflow_operators to 2026-03-14 00:00:00+00:00, run_after=2026-03-15 00:00:00+00:00
[2026-03-15T17:07:26.113+0000] {processor.py:183} INFO - Processing /home/airflow/.local/lib/python3.11/site-packages/airflow/example_dags/example_dynamic_task_mapping_with_no_taskflow_operators.py took 0.067 seconds
[2026-03-15T17:08:20.704+0000] {processor.py:161} INFO - Started process (PID=577) to work on /home/airflow/.local/lib/python3.11/site-packages/airflow/example_dags/example_dynamic_task_mapping_with_no_taskflow_operators.py
[2026-03-15T17:08:20.705+0000] {processor.py:830} INFO - Processing file /home/airflow/.local/lib/python3.11/site-packages/airflow/example_dags/example_dynamic_task_mapping_with_no_taskflow_operators.py for tasks to queue
[2026-03-15T17:08:20.707+0000] {logging_mixin.py:188} INFO - [2026-03-15T17:08:20.706+0000] {dagbag.py:540} INFO - Filling up the DagBag from /home/airflow/.local/lib/python3.11/site-packages/airflow/example_dags/example_dynamic_task_mapping_with_no_taskflow_operators.py
[2026-03-15T17:08:20.712+0000] {processor.py:840} INFO - DAG(s) 'example_dynamic_task_mapping_with_no_taskflow_operators' retrieved from /home/airflow/.local/lib/python3.11/site-packages/airflow/example_dags/example_dynamic_task_mapping_with_no_taskflow_operators.py
[2026-03-15T17:08:20.727+0000] {logging_mixin.py:188} INFO - [2026-03-15T17:08:20.727+0000] {dag.py:3047} INFO - Sync 1 DAGs
[2026-03-15T17:08:20.742+0000] {logging_mixin.py:188} INFO - [2026-03-15T17:08:20.742+0000] {dag.py:3834} INFO - Setting next_dagrun for example_dynamic_task_mapping_with_no_taskflow_operators to 2026-03-14 00:00:00+00:00, run_after=2026-03-15 00:00:00+00:00
[2026-03-15T17:08:20.756+0000] {processor.py:183} INFO - Processing /home/airflow/.local/lib/python3.11/site-packages/airflow/example_dags/example_dynamic_task_mapping_with_no_taskflow_operators.py took 0.055 seconds
[2026-03-15T17:14:19.972+0000] {processor.py:161} INFO - Started process (PID=104) to work on /home/airflow/.local/lib/python3.11/site-packages/airflow/example_dags/example_dynamic_task_mapping_with_no_taskflow_operators.py
[2026-03-15T17:14:19.973+0000] {processor.py:830} INFO - Processing file /home/airflow/.local/lib/python3.11/site-packages/airflow/example_dags/example_dynamic_task_mapping_with_no_taskflow_operators.py for tasks to queue
[2026-03-15T17:14:19.975+0000] {logging_mixin.py:188} INFO - [2026-03-15T17:14:19.975+0000] {dagbag.py:540} INFO - Filling up the DagBag from /home/airflow/.local/lib/python3.11/site-packages/airflow/example_dags/example_dynamic_task_mapping_with_no_taskflow_operators.py
[2026-03-15T17:14:19.982+0000] {processor.py:840} INFO - DAG(s) 'example_dynamic_task_mapping_with_no_taskflow_operators' retrieved from /home/airflow/.local/lib/python3.11/site-packages/airflow/example_dags/example_dynamic_task_mapping_with_no_taskflow_operators.py
[2026-03-15T17:14:20.000+0000] {logging_mixin.py:188} INFO - [2026-03-15T17:14:19.999+0000] {dag.py:3047} INFO - Sync 1 DAGs
[2026-03-15T17:14:20.024+0000] {logging_mixin.py:188} INFO - [2026-03-15T17:14:20.024+0000] {dag.py:3834} INFO - Setting next_dagrun for example_dynamic_task_mapping_with_no_taskflow_operators to 2026-03-14 00:00:00+00:00, run_after=2026-03-15 00:00:00+00:00
[2026-03-15T17:14:20.045+0000] {processor.py:183} INFO - Processing /home/airflow/.local/lib/python3.11/site-packages/airflow/example_dags/example_dynamic_task_mapping_with_no_taskflow_operators.py took 0.077 seconds
[2026-03-15T17:14:50.488+0000] {processor.py:161} INFO - Started process (PID=155) to work on /home/airflow/.local/lib/python3.11/site-packages/airflow/example_dags/example_dynamic_task_mapping_with_no_taskflow_operators.py
[2026-03-15T17:14:50.489+0000] {processor.py:830} INFO - Processing file /home/airflow/.local/lib/python3.11/site-packages/airflow/example_dags/example_dynamic_task_mapping_with_no_taskflow_operators.py for tasks to queue
[2026-03-15T17:14:50.491+0000] {logging_mixin.py:188} INFO - [2026-03-15T17:14:50.490+0000] {dagbag.py:540} INFO - Filling up the DagBag from /home/airflow/.local/lib/python3.11/site-packages/airflow/example_dags/example_dynamic_task_mapping_with_no_taskflow_operators.py
[2026-03-15T17:14:50.496+0000] {processor.py:840} INFO - DAG(s) 'example_dynamic_task_mapping_with_no_taskflow_operators' retrieved from /home/airflow/.local/lib/python3.11/site-packages/airflow/example_dags/example_dynamic_task_mapping_with_no_taskflow_operators.py
[2026-03-15T17:14:50.512+0000] {logging_mixin.py:188} INFO - [2026-03-15T17:14:50.512+0000] {dag.py:3047} INFO - Sync 1 DAGs
[2026-03-15T17:14:50.531+0000] {logging_mixin.py:188} INFO - [2026-03-15T17:14:50.530+0000] {dag.py:3834} INFO - Setting next_dagrun for example_dynamic_task_mapping_with_no_taskflow_operators to 2026-03-14 00:00:00+00:00, run_after=2026-03-15 00:00:00+00:00
[2026-03-15T17:14:50.547+0000] {processor.py:183} INFO - Processing /home/airflow/.local/lib/python3.11/site-packages/airflow/example_dags/example_dynamic_task_mapping_with_no_taskflow_operators.py took 0.061 seconds
[2026-03-15T17:15:07.527+0000] {processor.py:161} INFO - Started process (PID=205) to work on /home/airflow/.local/lib/python3.11/site-packages/airflow/example_dags/example_dynamic_task_mapping_with_no_taskflow_operators.py
[2026-03-15T17:15:07.528+0000] {processor.py:830} INFO - Processing file /home/airflow/.local/lib/python3.11/site-packages/airflow/example_dags/example_dynamic_task_mapping_with_no_taskflow_operators.py for tasks to queue
[2026-03-15T17:15:07.531+0000] {logging_mixin.py:188} INFO - [2026-03-15T17:15:07.530+0000] {dagbag.py:540} INFO - Filling up the DagBag from /home/airflow/.local/lib/python3.11/site-packages/airflow/example_dags/example_dynamic_task_mapping_with_no_taskflow_operators.py
[2026-03-15T17:15:07.537+0000] {processor.py:840} INFO - DAG(s) 'example_dynamic_task_mapping_with_no_taskflow_operators' retrieved from /home/airflow/.local/lib/python3.11/site-packages/airflow/example_dags/example_dynamic_task_mapping_with_no_taskflow_operators.py
[2026-03-15T17:15:07.554+0000] {logging_mixin.py:188} INFO - [2026-03-15T17:15:07.554+0000] {dag.py:3047} INFO - Sync 1 DAGs
[2026-03-15T17:15:07.572+0000] {logging_mixin.py:188} INFO - [2026-03-15T17:15:07.571+0000] {dag.py:3834} INFO - Setting next_dagrun for example_dynamic_task_mapping_with_no_taskflow_operators to 2026-03-14 00:00:00+00:00, run_after=2026-03-15 00:00:00+00:00
[2026-03-15T17:15:07.585+0000] {processor.py:183} INFO - Processing /home/airflow/.local/lib/python3.11/site-packages/airflow/example_dags/example_dynamic_task_mapping_with_no_taskflow_operators.py took 0.062 seconds
[2026-03-15T17:15:37.283+0000] {processor.py:161} INFO - Started process (PID=258) to work on /home/airflow/.local/lib/python3.11/site-packages/airflow/example_dags/example_dynamic_task_mapping_with_no_taskflow_operators.py
[2026-03-15T17:15:37.284+0000] {processor.py:830} INFO - Processing file /home/airflow/.local/lib/python3.11/site-packages/airflow/example_dags/example_dynamic_task_mapping_with_no_taskflow_operators.py for tasks to queue
[2026-03-15T17:15:37.286+0000] {logging_mixin.py:188} INFO - [2026-03-15T17:15:37.286+0000] {dagbag.py:540} INFO - Filling up the DagBag from /home/airflow/.local/lib/python3.11/site-packages/airflow/example_dags/example_dynamic_task_mapping_with_no_taskflow_operators.py
[2026-03-15T17:15:37.292+0000] {processor.py:840} INFO - DAG(s) 'example_dynamic_task_mapping_with_no_taskflow_operators' retrieved from /home/airflow/.local/lib/python3.11/site-packages/airflow/example_dags/example_dynamic_task_mapping_with_no_taskflow_operators.py
[2026-03-15T17:15:37.309+0000] {logging_mixin.py:188} INFO - [2026-03-15T17:15:37.309+0000] {dag.py:3047} INFO - Sync 1 DAGs
[2026-03-15T17:15:37.330+0000] {logging_mixin.py:188} INFO - [2026-03-15T17:15:37.329+0000] {dag.py:3834} INFO - Setting next_dagrun for example_dynamic_task_mapping_with_no_taskflow_operators to 2026-03-14 00:00:00+00:00, run_after=2026-03-15 00:00:00+00:00
[2026-03-15T17:15:37.354+0000] {processor.py:183} INFO - Processing /home/airflow/.local/lib/python3.11/site-packages/airflow/example_dags/example_dynamic_task_mapping_with_no_taskflow_operators.py took 0.074 seconds
[2026-03-15T17:16:07.749+0000] {processor.py:161} INFO - Started process (PID=308) to work on /home/airflow/.local/lib/python3.11/site-packages/airflow/example_dags/example_dynamic_task_mapping_with_no_taskflow_operators.py
[2026-03-15T17:16:07.750+0000] {processor.py:830} INFO - Processing file /home/airflow/.local/lib/python3.11/site-packages/airflow/example_dags/example_dynamic_task_mapping_with_no_taskflow_operators.py for tasks to queue
[2026-03-15T17:16:07.752+0000] {logging_mixin.py:188} INFO - [2026-03-15T17:16:07.752+0000] {dagbag.py:540} INFO - Filling up the DagBag from /home/airflow/.local/lib/python3.11/site-packages/airflow/example_dags/example_dynamic_task_mapping_with_no_taskflow_operators.py
[2026-03-15T17:16:07.758+0000] {processor.py:840} INFO - DAG(s) 'example_dynamic_task_mapping_with_no_taskflow_operators' retrieved from /home/airflow/.local/lib/python3.11/site-packages/airflow/example_dags/example_dynamic_task_mapping_with_no_taskflow_operators.py
[2026-03-15T17:16:07.773+0000] {logging_mixin.py:188} INFO - [2026-03-15T17:16:07.773+0000] {dag.py:3047} INFO - Sync 1 DAGs
[2026-03-15T17:16:07.789+0000] {logging_mixin.py:188} INFO - [2026-03-15T17:16:07.789+0000] {dag.py:3834} INFO - Setting next_dagrun for example_dynamic_task_mapping_with_no_taskflow_operators to 2026-03-14 00:00:00+00:00, run_after=2026-03-15 00:00:00+00:00
[2026-03-15T17:16:07.807+0000] {processor.py:183} INFO - Processing /home/airflow/.local/lib/python3.11/site-packages/airflow/example_dags/example_dynamic_task_mapping_with_no_taskflow_operators.py took 0.060 seconds
[2026-03-15T17:16:37.329+0000] {processor.py:161} INFO - Started process (PID=367) to work on /home/airflow/.local/lib/python3.11/site-packages/airflow/example_dags/example_dynamic_task_mapping_with_no_taskflow_operators.py
[2026-03-15T17:16:37.330+0000] {processor.py:830} INFO - Processing file /home/airflow/.local/lib/python3.11/site-packages/airflow/example_dags/example_dynamic_task_mapping_with_no_taskflow_operators.py for tasks to queue
[2026-03-15T17:16:37.332+0000] {logging_mixin.py:188} INFO - [2026-03-15T17:16:37.331+0000] {dagbag.py:540} INFO - Filling up the DagBag from /home/airflow/.local/lib/python3.11/site-packages/airflow/example_dags/example_dynamic_task_mapping_with_no_taskflow_operators.py
[2026-03-15T17:16:37.337+0000] {processor.py:840} INFO - DAG(s) 'example_dynamic_task_mapping_with_no_taskflow_operators' retrieved from /home/airflow/.local/lib/python3.11/site-packages/airflow/example_dags/example_dynamic_task_mapping_with_no_taskflow_operators.py
[2026-03-15T17:16:37.352+0000] {logging_mixin.py:188} INFO - [2026-03-15T17:16:37.352+0000] {dag.py:3047} INFO - Sync 1 DAGs
[2026-03-15T17:16:37.367+0000] {logging_mixin.py:188} INFO - [2026-03-15T17:16:37.367+0000] {dag.py:3834} INFO - Setting next_dagrun for example_dynamic_task_mapping_with_no_taskflow_operators to 2026-03-14 00:00:00+00:00, run_after=2026-03-15 00:00:00+00:00
[2026-03-15T17:16:37.383+0000] {processor.py:183} INFO - Processing /home/airflow/.local/lib/python3.11/site-packages/airflow/example_dags/example_dynamic_task_mapping_with_no_taskflow_operators.py took 0.056 seconds
[2026-03-15T17:16:41.376+0000] {processor.py:161} INFO - Started process (PID=417) to work on /home/airflow/.local/lib/python3.11/site-packages/airflow/example_dags/example_dynamic_task_mapping_with_no_taskflow_operators.py
[2026-03-15T17:16:41.377+0000] {processor.py:830} INFO - Processing file /home/airflow/.local/lib/python3.11/site-packages/airflow/example_dags/example_dynamic_task_mapping_with_no_taskflow_operators.py for tasks to queue
[2026-03-15T17:16:41.379+0000] {logging_mixin.py:188} INFO - [2026-03-15T17:16:41.378+0000] {dagbag.py:540} INFO - Filling up the DagBag from /home/airflow/.local/lib/python3.11/site-packages/airflow/example_dags/example_dynamic_task_mapping_with_no_taskflow_operators.py
[2026-03-15T17:16:41.384+0000] {processor.py:840} INFO - DAG(s) 'example_dynamic_task_mapping_with_no_taskflow_operators' retrieved from /home/airflow/.local/lib/python3.11/site-packages/airflow/example_dags/example_dynamic_task_mapping_with_no_taskflow_operators.py
[2026-03-15T17:16:41.401+0000] {logging_mixin.py:188} INFO - [2026-03-15T17:16:41.401+0000] {dag.py:3047} INFO - Sync 1 DAGs
[2026-03-15T17:16:41.417+0000] {logging_mixin.py:188} INFO - [2026-03-15T17:16:41.417+0000] {dag.py:3834} INFO - Setting next_dagrun for example_dynamic_task_mapping_with_no_taskflow_operators to 2026-03-14 00:00:00+00:00, run_after=2026-03-15 00:00:00+00:00
[2026-03-15T17:16:41.433+0000] {processor.py:183} INFO - Processing /home/airflow/.local/lib/python3.11/site-packages/airflow/example_dags/example_dynamic_task_mapping_with_no_taskflow_operators.py took 0.060 seconds
[2026-03-15T17:17:11.837+0000] {processor.py:161} INFO - Started process (PID=473) to work on /home/airflow/.local/lib/python3.11/site-packages/airflow/example_dags/example_dynamic_task_mapping_with_no_taskflow_operators.py
[2026-03-15T17:17:11.838+0000] {processor.py:830} INFO - Processing file /home/airflow/.local/lib/python3.11/site-packages/airflow/example_dags/example_dynamic_task_mapping_with_no_taskflow_operators.py for tasks to queue
[2026-03-15T17:17:11.841+0000] {logging_mixin.py:188} INFO - [2026-03-15T17:17:11.840+0000] {dagbag.py:540} INFO - Filling up the DagBag from /home/airflow/.local/lib/python3.11/site-packages/airflow/example_dags/example_dynamic_task_mapping_with_no_taskflow_operators.py
[2026-03-15T17:17:11.848+0000] {processor.py:840} INFO - DAG(s) 'example_dynamic_task_mapping_with_no_taskflow_operators' retrieved from /home/airflow/.local/lib/python3.11/site-packages/airflow/example_dags/example_dynamic_task_mapping_with_no_taskflow_operators.py
[2026-03-15T17:17:11.865+0000] {logging_mixin.py:188} INFO - [2026-03-15T17:17:11.865+0000] {dag.py:3047} INFO - Sync 1 DAGs
[2026-03-15T17:17:11.881+0000] {logging_mixin.py:188} INFO - [2026-03-15T17:17:11.881+0000] {dag.py:3834} INFO - Setting next_dagrun for example_dynamic_task_mapping_with_no_taskflow_operators to 2026-03-14 00:00:00+00:00, run_after=2026-03-15 00:00:00+00:00
[2026-03-15T17:17:11.896+0000] {processor.py:183} INFO - Processing /home/airflow/.local/lib/python3.11/site-packages/airflow/example_dags/example_dynamic_task_mapping_with_no_taskflow_operators.py took 0.063 seconds
[2026-03-15T17:17:16.667+0000] {processor.py:161} INFO - Started process (PID=523) to work on /home/airflow/.local/lib/python3.11/site-packages/airflow/example_dags/example_dynamic_task_mapping_with_no_taskflow_operators.py
[2026-03-15T17:17:16.670+0000] {processor.py:830} INFO - Processing file /home/airflow/.local/lib/python3.11/site-packages/airflow/example_dags/example_dynamic_task_mapping_with_no_taskflow_operators.py for tasks to queue
[2026-03-15T17:17:16.676+0000] {logging_mixin.py:188} INFO - [2026-03-15T17:17:16.676+0000] {dagbag.py:540} INFO - Filling up the DagBag from /home/airflow/.local/lib/python3.11/site-packages/airflow/example_dags/example_dynamic_task_mapping_with_no_taskflow_operators.py
[2026-03-15T17:17:16.698+0000] {processor.py:840} INFO - DAG(s) 'example_dynamic_task_mapping_with_no_taskflow_operators' retrieved from /home/airflow/.local/lib/python3.11/site-packages/airflow/example_dags/example_dynamic_task_mapping_with_no_taskflow_operators.py
[2026-03-15T17:17:16.738+0000] {logging_mixin.py:188} INFO - [2026-03-15T17:17:16.737+0000] {dag.py:3047} INFO - Sync 1 DAGs
[2026-03-15T17:17:16.766+0000] {logging_mixin.py:188} INFO - [2026-03-15T17:17:16.766+0000] {dag.py:3834} INFO - Setting next_dagrun for example_dynamic_task_mapping_with_no_taskflow_operators to 2026-03-14 00:00:00+00:00, run_after=2026-03-15 00:00:00+00:00
[2026-03-15T17:17:16.796+0000] {processor.py:183} INFO - Processing /home/airflow/.local/lib/python3.11/site-packages/airflow/example_dags/example_dynamic_task_mapping_with_no_taskflow_operators.py took 0.133 seconds
[2026-03-15T17:17:37.401+0000] {processor.py:161} INFO - Started process (PID=579) to work on /home/airflow/.local/lib/python3.11/site-packages/airflow/example_dags/example_dynamic_task_mapping_with_no_taskflow_operators.py
[2026-03-15T17:17:37.402+0000] {processor.py:830} INFO - Processing file /home/airflow/.local/lib/python3.11/site-packages/airflow/example_dags/example_dynamic_task_mapping_with_no_taskflow_operators.py for tasks to queue
[2026-03-15T17:17:37.404+0000] {logging_mixin.py:188} INFO - [2026-03-15T17:17:37.403+0000] {dagbag.py:540} INFO - Filling up the DagBag from /home/airflow/.local/lib/python3.11/site-packages/airflow/example_dags/example_dynamic_task_mapping_with_no_taskflow_operators.py
[2026-03-15T17:17:37.409+0000] {processor.py:840} INFO - DAG(s) 'example_dynamic_task_mapping_with_no_taskflow_operators' retrieved from /home/airflow/.local/lib/python3.11/site-packages/airflow/example_dags/example_dynamic_task_mapping_with_no_taskflow_operators.py
[2026-03-15T17:17:37.424+0000] {logging_mixin.py:188} INFO - [2026-03-15T17:17:37.424+0000] {dag.py:3047} INFO - Sync 1 DAGs
[2026-03-15T17:17:37.442+0000] {logging_mixin.py:188} INFO - [2026-03-15T17:17:37.441+0000] {dag.py:3834} INFO - Setting next_dagrun for example_dynamic_task_mapping_with_no_taskflow_operators to 2026-03-14 00:00:00+00:00, run_after=2026-03-15 00:00:00+00:00
[2026-03-15T17:17:37.454+0000] {processor.py:183} INFO - Processing /home/airflow/.local/lib/python3.11/site-packages/airflow/example_dags/example_dynamic_task_mapping_with_no_taskflow_operators.py took 0.056 seconds
[2026-03-15T17:18:07.366+0000] {processor.py:161} INFO - Started process (PID=633) to work on /home/airflow/.local/lib/python3.11/site-packages/airflow/example_dags/example_dynamic_task_mapping_with_no_taskflow_operators.py
[2026-03-15T17:18:07.367+0000] {processor.py:830} INFO - Processing file /home/airflow/.local/lib/python3.11/site-packages/airflow/example_dags/example_dynamic_task_mapping_with_no_taskflow_operators.py for tasks to queue
[2026-03-15T17:18:07.370+0000] {logging_mixin.py:188} INFO - [2026-03-15T17:18:07.370+0000] {dagbag.py:540} INFO - Filling up the DagBag from /home/airflow/.local/lib/python3.11/site-packages/airflow/example_dags/example_dynamic_task_mapping_with_no_taskflow_operators.py
[2026-03-15T17:18:07.377+0000] {processor.py:840} INFO - DAG(s) 'example_dynamic_task_mapping_with_no_taskflow_operators' retrieved from /home/airflow/.local/lib/python3.11/site-packages/airflow/example_dags/example_dynamic_task_mapping_with_no_taskflow_operators.py
[2026-03-15T17:18:07.398+0000] {logging_mixin.py:188} INFO - [2026-03-15T17:18:07.398+0000] {dag.py:3047} INFO - Sync 1 DAGs
[2026-03-15T17:18:07.417+0000] {logging_mixin.py:188} INFO - [2026-03-15T17:18:07.417+0000] {dag.py:3834} INFO - Setting next_dagrun for example_dynamic_task_mapping_with_no_taskflow_operators to 2026-03-14 00:00:00+00:00, run_after=2026-03-15 00:00:00+00:00
[2026-03-15T17:18:07.641+0000] {processor.py:183} INFO - Processing /home/airflow/.local/lib/python3.11/site-packages/airflow/example_dags/example_dynamic_task_mapping_with_no_taskflow_operators.py took 0.278 seconds
[2026-03-15T17:18:41.907+0000] {processor.py:161} INFO - Started process (PID=687) to work on /home/airflow/.local/lib/python3.11/site-packages/airflow/example_dags/example_dynamic_task_mapping_with_no_taskflow_operators.py
[2026-03-15T17:18:41.908+0000] {processor.py:830} INFO - Processing file /home/airflow/.local/lib/python3.11/site-packages/airflow/example_dags/example_dynamic_task_mapping_with_no_taskflow_operators.py for tasks to queue
[2026-03-15T17:18:41.909+0000] {logging_mixin.py:188} INFO - [2026-03-15T17:18:41.909+0000] {dagbag.py:540} INFO - Filling up the DagBag from /home/airflow/.local/lib/python3.11/site-packages/airflow/example_dags/example_dynamic_task_mapping_with_no_taskflow_operators.py
[2026-03-15T17:18:41.915+0000] {processor.py:840} INFO - DAG(s) 'example_dynamic_task_mapping_with_no_taskflow_operators' retrieved from /home/airflow/.local/lib/python3.11/site-packages/airflow/example_dags/example_dynamic_task_mapping_with_no_taskflow_operators.py
[2026-03-15T17:18:41.928+0000] {logging_mixin.py:188} INFO - [2026-03-15T17:18:41.928+0000] {dag.py:3047} INFO - Sync 1 DAGs
[2026-03-15T17:18:41.946+0000] {logging_mixin.py:188} INFO - [2026-03-15T17:18:41.945+0000] {dag.py:3834} INFO - Setting next_dagrun for example_dynamic_task_mapping_with_no_taskflow_operators to 2026-03-14 00:00:00+00:00, run_after=2026-03-15 00:00:00+00:00
[2026-03-15T17:18:42.327+0000] {processor.py:183} INFO - Processing /home/airflow/.local/lib/python3.11/site-packages/airflow/example_dags/example_dynamic_task_mapping_with_no_taskflow_operators.py took 0.708 seconds
[2026-03-15T17:19:07.188+0000] {processor.py:161} INFO - Started process (PID=743) to work on /home/airflow/.local/lib/python3.11/site-packages/airflow/example_dags/example_dynamic_task_mapping_with_no_taskflow_operators.py
[2026-03-15T17:19:07.189+0000] {processor.py:830} INFO - Processing file /home/airflow/.local/lib/python3.11/site-packages/airflow/example_dags/example_dynamic_task_mapping_with_no_taskflow_operators.py for tasks to queue
[2026-03-15T17:19:07.190+0000] {logging_mixin.py:188} INFO - [2026-03-15T17:19:07.190+0000] {dagbag.py:540} INFO - Filling up the DagBag from /home/airflow/.local/lib/python3.11/site-packages/airflow/example_dags/example_dynamic_task_mapping_with_no_taskflow_operators.py
[2026-03-15T17:19:07.196+0000] {processor.py:840} INFO - DAG(s) 'example_dynamic_task_mapping_with_no_taskflow_operators' retrieved from /home/airflow/.local/lib/python3.11/site-packages/airflow/example_dags/example_dynamic_task_mapping_with_no_taskflow_operators.py
[2026-03-15T17:19:07.207+0000] {logging_mixin.py:188} INFO - [2026-03-15T17:19:07.207+0000] {dag.py:3047} INFO - Sync 1 DAGs
[2026-03-15T17:19:07.225+0000] {logging_mixin.py:188} INFO - [2026-03-15T17:19:07.225+0000] {dag.py:3834} INFO - Setting next_dagrun for example_dynamic_task_mapping_with_no_taskflow_operators to 2026-03-14 00:00:00+00:00, run_after=2026-03-15 00:00:00+00:00
[2026-03-15T17:19:07.241+0000] {processor.py:183} INFO - Processing /home/airflow/.local/lib/python3.11/site-packages/airflow/example_dags/example_dynamic_task_mapping_with_no_taskflow_operators.py took 0.057 seconds
[2026-03-15T17:19:10.314+0000] {processor.py:161} INFO - Started process (PID=789) to work on /home/airflow/.local/lib/python3.11/site-packages/airflow/example_dags/example_dynamic_task_mapping_with_no_taskflow_operators.py
[2026-03-15T17:19:10.315+0000] {processor.py:830} INFO - Processing file /home/airflow/.local/lib/python3.11/site-packages/airflow/example_dags/example_dynamic_task_mapping_with_no_taskflow_operators.py for tasks to queue
[2026-03-15T17:19:10.317+0000] {logging_mixin.py:188} INFO - [2026-03-15T17:19:10.317+0000] {dagbag.py:540} INFO - Filling up the DagBag from /home/airflow/.local/lib/python3.11/site-packages/airflow/example_dags/example_dynamic_task_mapping_with_no_taskflow_operators.py
[2026-03-15T17:19:10.323+0000] {processor.py:840} INFO - DAG(s) 'example_dynamic_task_mapping_with_no_taskflow_operators' retrieved from /home/airflow/.local/lib/python3.11/site-packages/airflow/example_dags/example_dynamic_task_mapping_with_no_taskflow_operators.py
[2026-03-15T17:19:10.334+0000] {logging_mixin.py:188} INFO - [2026-03-15T17:19:10.334+0000] {dag.py:3047} INFO - Sync 1 DAGs
[2026-03-15T17:19:10.352+0000] {logging_mixin.py:188} INFO - [2026-03-15T17:19:10.352+0000] {dag.py:3834} INFO - Setting next_dagrun for example_dynamic_task_mapping_with_no_taskflow_operators to 2026-03-14 00:00:00+00:00, run_after=2026-03-15 00:00:00+00:00
[2026-03-15T17:19:10.367+0000] {processor.py:183} INFO - Processing /home/airflow/.local/lib/python3.11/site-packages/airflow/example_dags/example_dynamic_task_mapping_with_no_taskflow_operators.py took 0.055 seconds
[2026-03-15T17:19:15.535+0000] {processor.py:161} INFO - Started process (PID=834) to work on /home/airflow/.local/lib/python3.11/site-packages/airflow/example_dags/example_dynamic_task_mapping_with_no_taskflow_operators.py
[2026-03-15T17:19:15.537+0000] {processor.py:830} INFO - Processing file /home/airflow/.local/lib/python3.11/site-packages/airflow/example_dags/example_dynamic_task_mapping_with_no_taskflow_operators.py for tasks to queue
[2026-03-15T17:19:15.541+0000] {logging_mixin.py:188} INFO - [2026-03-15T17:19:15.541+0000] {dagbag.py:540} INFO - Filling up the DagBag from /home/airflow/.local/lib/python3.11/site-packages/airflow/example_dags/example_dynamic_task_mapping_with_no_taskflow_operators.py
[2026-03-15T17:19:15.550+0000] {processor.py:840} INFO - DAG(s) 'example_dynamic_task_mapping_with_no_taskflow_operators' retrieved from /home/airflow/.local/lib/python3.11/site-packages/airflow/example_dags/example_dynamic_task_mapping_with_no_taskflow_operators.py
[2026-03-15T17:19:15.560+0000] {logging_mixin.py:188} INFO - [2026-03-15T17:19:15.560+0000] {dag.py:3047} INFO - Sync 1 DAGs
[2026-03-15T17:19:15.577+0000] {logging_mixin.py:188} INFO - [2026-03-15T17:19:15.577+0000] {dag.py:3834} INFO - Setting next_dagrun for example_dynamic_task_mapping_with_no_taskflow_operators to 2026-03-14 00:00:00+00:00, run_after=2026-03-15 00:00:00+00:00
[2026-03-15T17:19:15.594+0000] {processor.py:183} INFO - Processing /home/airflow/.local/lib/python3.11/site-packages/airflow/example_dags/example_dynamic_task_mapping_with_no_taskflow_operators.py took 0.061 seconds
[2026-03-15T17:19:20.428+0000] {processor.py:161} INFO - Started process (PID=884) to work on /home/airflow/.local/lib/python3.11/site-packages/airflow/example_dags/example_dynamic_task_mapping_with_no_taskflow_operators.py
[2026-03-15T17:19:20.429+0000] {processor.py:830} INFO - Processing file /home/airflow/.local/lib/python3.11/site-packages/airflow/example_dags/example_dynamic_task_mapping_with_no_taskflow_operators.py for tasks to queue
[2026-03-15T17:19:20.431+0000] {logging_mixin.py:188} INFO - [2026-03-15T17:19:20.431+0000] {dagbag.py:540} INFO - Filling up the DagBag from /home/airflow/.local/lib/python3.11/site-packages/airflow/example_dags/example_dynamic_task_mapping_with_no_taskflow_operators.py
[2026-03-15T17:19:20.436+0000] {processor.py:840} INFO - DAG(s) 'example_dynamic_task_mapping_with_no_taskflow_operators' retrieved from /home/airflow/.local/lib/python3.11/site-packages/airflow/example_dags/example_dynamic_task_mapping_with_no_taskflow_operators.py
[2026-03-15T17:19:20.448+0000] {logging_mixin.py:188} INFO - [2026-03-15T17:19:20.448+0000] {dag.py:3047} INFO - Sync 1 DAGs
[2026-03-15T17:19:20.464+0000] {logging_mixin.py:188} INFO - [2026-03-15T17:19:20.464+0000] {dag.py:3834} INFO - Setting next_dagrun for example_dynamic_task_mapping_with_no_taskflow_operators to 2026-03-14 00:00:00+00:00, run_after=2026-03-15 00:00:00+00:00
[2026-03-15T17:19:20.477+0000] {processor.py:183} INFO - Processing /home/airflow/.local/lib/python3.11/site-packages/airflow/example_dags/example_dynamic_task_mapping_with_no_taskflow_operators.py took 0.052 seconds
[2026-03-15T17:19:52.310+0000] {processor.py:161} INFO - Started process (PID=114) to work on /home/airflow/.local/lib/python3.11/site-packages/airflow/example_dags/example_dynamic_task_mapping_with_no_taskflow_operators.py
[2026-03-15T17:19:52.311+0000] {processor.py:830} INFO - Processing file /home/airflow/.local/lib/python3.11/site-packages/airflow/example_dags/example_dynamic_task_mapping_with_no_taskflow_operators.py for tasks to queue
[2026-03-15T17:19:52.313+0000] {logging_mixin.py:188} INFO - [2026-03-15T17:19:52.313+0000] {dagbag.py:540} INFO - Filling up the DagBag from /home/airflow/.local/lib/python3.11/site-packages/airflow/example_dags/example_dynamic_task_mapping_with_no_taskflow_operators.py
[2026-03-15T17:19:52.320+0000] {processor.py:840} INFO - DAG(s) 'example_dynamic_task_mapping_with_no_taskflow_operators' retrieved from /home/airflow/.local/lib/python3.11/site-packages/airflow/example_dags/example_dynamic_task_mapping_with_no_taskflow_operators.py
[2026-03-15T17:19:52.330+0000] {logging_mixin.py:188} INFO - [2026-03-15T17:19:52.330+0000] {dag.py:3047} INFO - Sync 1 DAGs
[2026-03-15T17:19:52.348+0000] {logging_mixin.py:188} INFO - [2026-03-15T17:19:52.348+0000] {dag.py:3834} INFO - Setting next_dagrun for example_dynamic_task_mapping_with_no_taskflow_operators to 2026-03-14 00:00:00+00:00, run_after=2026-03-15 00:00:00+00:00
[2026-03-15T17:19:52.363+0000] {processor.py:183} INFO - Processing /home/airflow/.local/lib/python3.11/site-packages/airflow/example_dags/example_dynamic_task_mapping_with_no_taskflow_operators.py took 0.055 seconds
[2026-03-15T17:19:55.740+0000] {processor.py:161} INFO - Started process (PID=164) to work on /home/airflow/.local/lib/python3.11/site-packages/airflow/example_dags/example_dynamic_task_mapping_with_no_taskflow_operators.py
[2026-03-15T17:19:55.741+0000] {processor.py:830} INFO - Processing file /home/airflow/.local/lib/python3.11/site-packages/airflow/example_dags/example_dynamic_task_mapping_with_no_taskflow_operators.py for tasks to queue
[2026-03-15T17:19:55.742+0000] {logging_mixin.py:188} INFO - [2026-03-15T17:19:55.742+0000] {dagbag.py:540} INFO - Filling up the DagBag from /home/airflow/.local/lib/python3.11/site-packages/airflow/example_dags/example_dynamic_task_mapping_with_no_taskflow_operators.py
[2026-03-15T17:19:55.748+0000] {processor.py:840} INFO - DAG(s) 'example_dynamic_task_mapping_with_no_taskflow_operators' retrieved from /home/airflow/.local/lib/python3.11/site-packages/airflow/example_dags/example_dynamic_task_mapping_with_no_taskflow_operators.py
[2026-03-15T17:19:55.760+0000] {logging_mixin.py:188} INFO - [2026-03-15T17:19:55.760+0000] {dag.py:3047} INFO - Sync 1 DAGs
[2026-03-15T17:19:55.779+0000] {logging_mixin.py:188} INFO - [2026-03-15T17:19:55.779+0000] {dag.py:3834} INFO - Setting next_dagrun for example_dynamic_task_mapping_with_no_taskflow_operators to 2026-03-14 00:00:00+00:00, run_after=2026-03-15 00:00:00+00:00
[2026-03-15T17:19:55.793+0000] {processor.py:183} INFO - Processing /home/airflow/.local/lib/python3.11/site-packages/airflow/example_dags/example_dynamic_task_mapping_with_no_taskflow_operators.py took 0.057 seconds
[2026-03-15T17:20:07.883+0000] {processor.py:161} INFO - Started process (PID=212) to work on /home/airflow/.local/lib/python3.11/site-packages/airflow/example_dags/example_dynamic_task_mapping_with_no_taskflow_operators.py
[2026-03-15T17:20:07.884+0000] {processor.py:830} INFO - Processing file /home/airflow/.local/lib/python3.11/site-packages/airflow/example_dags/example_dynamic_task_mapping_with_no_taskflow_operators.py for tasks to queue
[2026-03-15T17:20:07.886+0000] {logging_mixin.py:188} INFO - [2026-03-15T17:20:07.886+0000] {dagbag.py:540} INFO - Filling up the DagBag from /home/airflow/.local/lib/python3.11/site-packages/airflow/example_dags/example_dynamic_task_mapping_with_no_taskflow_operators.py
[2026-03-15T17:20:07.891+0000] {processor.py:840} INFO - DAG(s) 'example_dynamic_task_mapping_with_no_taskflow_operators' retrieved from /home/airflow/.local/lib/python3.11/site-packages/airflow/example_dags/example_dynamic_task_mapping_with_no_taskflow_operators.py
[2026-03-15T17:20:07.963+0000] {logging_mixin.py:188} INFO - [2026-03-15T17:20:07.963+0000] {dag.py:3047} INFO - Sync 1 DAGs
[2026-03-15T17:20:07.976+0000] {logging_mixin.py:188} INFO - [2026-03-15T17:20:07.976+0000] {dag.py:3834} INFO - Setting next_dagrun for example_dynamic_task_mapping_with_no_taskflow_operators to 2026-03-14 00:00:00+00:00, run_after=2026-03-15 00:00:00+00:00
[2026-03-15T17:20:07.989+0000] {processor.py:183} INFO - Processing /home/airflow/.local/lib/python3.11/site-packages/airflow/example_dags/example_dynamic_task_mapping_with_no_taskflow_operators.py took 0.108 seconds
[2026-03-15T17:20:38.532+0000] {processor.py:161} INFO - Started process (PID=267) to work on /home/airflow/.local/lib/python3.11/site-packages/airflow/example_dags/example_dynamic_task_mapping_with_no_taskflow_operators.py
[2026-03-15T17:20:38.533+0000] {processor.py:830} INFO - Processing file /home/airflow/.local/lib/python3.11/site-packages/airflow/example_dags/example_dynamic_task_mapping_with_no_taskflow_operators.py for tasks to queue
[2026-03-15T17:20:38.535+0000] {logging_mixin.py:188} INFO - [2026-03-15T17:20:38.535+0000] {dagbag.py:540} INFO - Filling up the DagBag from /home/airflow/.local/lib/python3.11/site-packages/airflow/example_dags/example_dynamic_task_mapping_with_no_taskflow_operators.py
[2026-03-15T17:20:38.541+0000] {processor.py:840} INFO - DAG(s) 'example_dynamic_task_mapping_with_no_taskflow_operators' retrieved from /home/airflow/.local/lib/python3.11/site-packages/airflow/example_dags/example_dynamic_task_mapping_with_no_taskflow_operators.py
[2026-03-15T17:20:38.556+0000] {logging_mixin.py:188} INFO - [2026-03-15T17:20:38.556+0000] {dag.py:3047} INFO - Sync 1 DAGs
[2026-03-15T17:20:38.572+0000] {logging_mixin.py:188} INFO - [2026-03-15T17:20:38.572+0000] {dag.py:3834} INFO - Setting next_dagrun for example_dynamic_task_mapping_with_no_taskflow_operators to 2026-03-14 00:00:00+00:00, run_after=2026-03-15 00:00:00+00:00
[2026-03-15T17:20:38.585+0000] {processor.py:183} INFO - Processing /home/airflow/.local/lib/python3.11/site-packages/airflow/example_dags/example_dynamic_task_mapping_with_no_taskflow_operators.py took 0.056 seconds
[2026-03-15T17:20:41.072+0000] {processor.py:161} INFO - Started process (PID=317) to work on /home/airflow/.local/lib/python3.11/site-packages/airflow/example_dags/example_dynamic_task_mapping_with_no_taskflow_operators.py
[2026-03-15T17:20:41.073+0000] {processor.py:830} INFO - Processing file /home/airflow/.local/lib/python3.11/site-packages/airflow/example_dags/example_dynamic_task_mapping_with_no_taskflow_operators.py for tasks to queue
[2026-03-15T17:20:41.074+0000] {logging_mixin.py:188} INFO - [2026-03-15T17:20:41.074+0000] {dagbag.py:540} INFO - Filling up the DagBag from /home/airflow/.local/lib/python3.11/site-packages/airflow/example_dags/example_dynamic_task_mapping_with_no_taskflow_operators.py
[2026-03-15T17:20:41.080+0000] {processor.py:840} INFO - DAG(s) 'example_dynamic_task_mapping_with_no_taskflow_operators' retrieved from /home/airflow/.local/lib/python3.11/site-packages/airflow/example_dags/example_dynamic_task_mapping_with_no_taskflow_operators.py
[2026-03-15T17:20:41.095+0000] {logging_mixin.py:188} INFO - [2026-03-15T17:20:41.095+0000] {dag.py:3047} INFO - Sync 1 DAGs
[2026-03-15T17:20:41.116+0000] {logging_mixin.py:188} INFO - [2026-03-15T17:20:41.116+0000] {dag.py:3834} INFO - Setting next_dagrun for example_dynamic_task_mapping_with_no_taskflow_operators to 2026-03-14 00:00:00+00:00, run_after=2026-03-15 00:00:00+00:00
[2026-03-15T17:20:41.128+0000] {processor.py:183} INFO - Processing /home/airflow/.local/lib/python3.11/site-packages/airflow/example_dags/example_dynamic_task_mapping_with_no_taskflow_operators.py took 0.060 seconds
[2026-03-15T17:21:11.642+0000] {processor.py:161} INFO - Started process (PID=371) to work on /home/airflow/.local/lib/python3.11/site-packages/airflow/example_dags/example_dynamic_task_mapping_with_no_taskflow_operators.py
[2026-03-15T17:21:11.643+0000] {processor.py:830} INFO - Processing file /home/airflow/.local/lib/python3.11/site-packages/airflow/example_dags/example_dynamic_task_mapping_with_no_taskflow_operators.py for tasks to queue
[2026-03-15T17:21:11.645+0000] {logging_mixin.py:188} INFO - [2026-03-15T17:21:11.644+0000] {dagbag.py:540} INFO - Filling up the DagBag from /home/airflow/.local/lib/python3.11/site-packages/airflow/example_dags/example_dynamic_task_mapping_with_no_taskflow_operators.py
[2026-03-15T17:21:11.650+0000] {processor.py:840} INFO - DAG(s) 'example_dynamic_task_mapping_with_no_taskflow_operators' retrieved from /home/airflow/.local/lib/python3.11/site-packages/airflow/example_dags/example_dynamic_task_mapping_with_no_taskflow_operators.py
[2026-03-15T17:21:11.671+0000] {logging_mixin.py:188} INFO - [2026-03-15T17:21:11.671+0000] {dag.py:3047} INFO - Sync 1 DAGs
[2026-03-15T17:21:11.688+0000] {logging_mixin.py:188} INFO - [2026-03-15T17:21:11.688+0000] {dag.py:3834} INFO - Setting next_dagrun for example_dynamic_task_mapping_with_no_taskflow_operators to 2026-03-14 00:00:00+00:00, run_after=2026-03-15 00:00:00+00:00
[2026-03-15T17:21:11.702+0000] {processor.py:183} INFO - Processing /home/airflow/.local/lib/python3.11/site-packages/airflow/example_dags/example_dynamic_task_mapping_with_no_taskflow_operators.py took 0.063 seconds
[2026-03-15T17:21:15.929+0000] {processor.py:161} INFO - Started process (PID=419) to work on /home/airflow/.local/lib/python3.11/site-packages/airflow/example_dags/example_dynamic_task_mapping_with_no_taskflow_operators.py
[2026-03-15T17:21:15.930+0000] {processor.py:830} INFO - Processing file /home/airflow/.local/lib/python3.11/site-packages/airflow/example_dags/example_dynamic_task_mapping_with_no_taskflow_operators.py for tasks to queue
[2026-03-15T17:21:15.932+0000] {logging_mixin.py:188} INFO - [2026-03-15T17:21:15.931+0000] {dagbag.py:540} INFO - Filling up the DagBag from /home/airflow/.local/lib/python3.11/site-packages/airflow/example_dags/example_dynamic_task_mapping_with_no_taskflow_operators.py
[2026-03-15T17:21:15.937+0000] {processor.py:840} INFO - DAG(s) 'example_dynamic_task_mapping_with_no_taskflow_operators' retrieved from /home/airflow/.local/lib/python3.11/site-packages/airflow/example_dags/example_dynamic_task_mapping_with_no_taskflow_operators.py
[2026-03-15T17:21:15.954+0000] {logging_mixin.py:188} INFO - [2026-03-15T17:21:15.954+0000] {dag.py:3047} INFO - Sync 1 DAGs
[2026-03-15T17:21:15.968+0000] {logging_mixin.py:188} INFO - [2026-03-15T17:21:15.968+0000] {dag.py:3834} INFO - Setting next_dagrun for example_dynamic_task_mapping_with_no_taskflow_operators to 2026-03-14 00:00:00+00:00, run_after=2026-03-15 00:00:00+00:00
[2026-03-15T17:21:15.983+0000] {processor.py:183} INFO - Processing /home/airflow/.local/lib/python3.11/site-packages/airflow/example_dags/example_dynamic_task_mapping_with_no_taskflow_operators.py took 0.057 seconds
[2026-03-15T17:21:37.287+0000] {processor.py:161} INFO - Started process (PID=474) to work on /home/airflow/.local/lib/python3.11/site-packages/airflow/example_dags/example_dynamic_task_mapping_with_no_taskflow_operators.py
[2026-03-15T17:21:37.287+0000] {processor.py:830} INFO - Processing file /home/airflow/.local/lib/python3.11/site-packages/airflow/example_dags/example_dynamic_task_mapping_with_no_taskflow_operators.py for tasks to queue
[2026-03-15T17:21:37.289+0000] {logging_mixin.py:188} INFO - [2026-03-15T17:21:37.289+0000] {dagbag.py:540} INFO - Filling up the DagBag from /home/airflow/.local/lib/python3.11/site-packages/airflow/example_dags/example_dynamic_task_mapping_with_no_taskflow_operators.py
[2026-03-15T17:21:37.295+0000] {processor.py:840} INFO - DAG(s) 'example_dynamic_task_mapping_with_no_taskflow_operators' retrieved from /home/airflow/.local/lib/python3.11/site-packages/airflow/example_dags/example_dynamic_task_mapping_with_no_taskflow_operators.py
[2026-03-15T17:21:37.310+0000] {logging_mixin.py:188} INFO - [2026-03-15T17:21:37.309+0000] {dag.py:3047} INFO - Sync 1 DAGs
[2026-03-15T17:21:37.326+0000] {logging_mixin.py:188} INFO - [2026-03-15T17:21:37.325+0000] {dag.py:3834} INFO - Setting next_dagrun for example_dynamic_task_mapping_with_no_taskflow_operators to 2026-03-14 00:00:00+00:00, run_after=2026-03-15 00:00:00+00:00
[2026-03-15T17:21:37.345+0000] {processor.py:183} INFO - Processing /home/airflow/.local/lib/python3.11/site-packages/airflow/example_dags/example_dynamic_task_mapping_with_no_taskflow_operators.py took 0.061 seconds
[2026-03-15T17:22:07.565+0000] {processor.py:161} INFO - Started process (PID=528) to work on /home/airflow/.local/lib/python3.11/site-packages/airflow/example_dags/example_dynamic_task_mapping_with_no_taskflow_operators.py
[2026-03-15T17:22:07.566+0000] {processor.py:830} INFO - Processing file /home/airflow/.local/lib/python3.11/site-packages/airflow/example_dags/example_dynamic_task_mapping_with_no_taskflow_operators.py for tasks to queue
[2026-03-15T17:22:07.568+0000] {logging_mixin.py:188} INFO - [2026-03-15T17:22:07.568+0000] {dagbag.py:540} INFO - Filling up the DagBag from /home/airflow/.local/lib/python3.11/site-packages/airflow/example_dags/example_dynamic_task_mapping_with_no_taskflow_operators.py
[2026-03-15T17:22:07.573+0000] {processor.py:840} INFO - DAG(s) 'example_dynamic_task_mapping_with_no_taskflow_operators' retrieved from /home/airflow/.local/lib/python3.11/site-packages/airflow/example_dags/example_dynamic_task_mapping_with_no_taskflow_operators.py
[2026-03-15T17:22:07.588+0000] {logging_mixin.py:188} INFO - [2026-03-15T17:22:07.588+0000] {dag.py:3047} INFO - Sync 1 DAGs
[2026-03-15T17:22:07.603+0000] {logging_mixin.py:188} INFO - [2026-03-15T17:22:07.603+0000] {dag.py:3834} INFO - Setting next_dagrun for example_dynamic_task_mapping_with_no_taskflow_operators to 2026-03-14 00:00:00+00:00, run_after=2026-03-15 00:00:00+00:00
[2026-03-15T17:22:07.617+0000] {processor.py:183} INFO - Processing /home/airflow/.local/lib/python3.11/site-packages/airflow/example_dags/example_dynamic_task_mapping_with_no_taskflow_operators.py took 0.054 seconds
[2026-03-15T17:22:10.987+0000] {processor.py:161} INFO - Started process (PID=578) to work on /home/airflow/.local/lib/python3.11/site-packages/airflow/example_dags/example_dynamic_task_mapping_with_no_taskflow_operators.py
[2026-03-15T17:22:10.988+0000] {processor.py:830} INFO - Processing file /home/airflow/.local/lib/python3.11/site-packages/airflow/example_dags/example_dynamic_task_mapping_with_no_taskflow_operators.py for tasks to queue
[2026-03-15T17:22:10.991+0000] {logging_mixin.py:188} INFO - [2026-03-15T17:22:10.990+0000] {dagbag.py:540} INFO - Filling up the DagBag from /home/airflow/.local/lib/python3.11/site-packages/airflow/example_dags/example_dynamic_task_mapping_with_no_taskflow_operators.py
[2026-03-15T17:22:11.000+0000] {processor.py:840} INFO - DAG(s) 'example_dynamic_task_mapping_with_no_taskflow_operators' retrieved from /home/airflow/.local/lib/python3.11/site-packages/airflow/example_dags/example_dynamic_task_mapping_with_no_taskflow_operators.py
[2026-03-15T17:22:11.016+0000] {logging_mixin.py:188} INFO - [2026-03-15T17:22:11.016+0000] {dag.py:3047} INFO - Sync 1 DAGs
[2026-03-15T17:22:11.032+0000] {logging_mixin.py:188} INFO - [2026-03-15T17:22:11.031+0000] {dag.py:3834} INFO - Setting next_dagrun for example_dynamic_task_mapping_with_no_taskflow_operators to 2026-03-14 00:00:00+00:00, run_after=2026-03-15 00:00:00+00:00
[2026-03-15T17:22:11.045+0000] {processor.py:183} INFO - Processing /home/airflow/.local/lib/python3.11/site-packages/airflow/example_dags/example_dynamic_task_mapping_with_no_taskflow_operators.py took 0.060 seconds
[2026-03-15T17:22:41.377+0000] {processor.py:161} INFO - Started process (PID=631) to work on /home/airflow/.local/lib/python3.11/site-packages/airflow/example_dags/example_dynamic_task_mapping_with_no_taskflow_operators.py
[2026-03-15T17:22:41.378+0000] {processor.py:830} INFO - Processing file /home/airflow/.local/lib/python3.11/site-packages/airflow/example_dags/example_dynamic_task_mapping_with_no_taskflow_operators.py for tasks to queue
[2026-03-15T17:22:41.380+0000] {logging_mixin.py:188} INFO - [2026-03-15T17:22:41.380+0000] {dagbag.py:540} INFO - Filling up the DagBag from /home/airflow/.local/lib/python3.11/site-packages/airflow/example_dags/example_dynamic_task_mapping_with_no_taskflow_operators.py
[2026-03-15T17:22:41.387+0000] {processor.py:840} INFO - DAG(s) 'example_dynamic_task_mapping_with_no_taskflow_operators' retrieved from /home/airflow/.local/lib/python3.11/site-packages/airflow/example_dags/example_dynamic_task_mapping_with_no_taskflow_operators.py
[2026-03-15T17:22:41.404+0000] {logging_mixin.py:188} INFO - [2026-03-15T17:22:41.404+0000] {dag.py:3047} INFO - Sync 1 DAGs
[2026-03-15T17:22:41.421+0000] {logging_mixin.py:188} INFO - [2026-03-15T17:22:41.421+0000] {dag.py:3834} INFO - Setting next_dagrun for example_dynamic_task_mapping_with_no_taskflow_operators to 2026-03-14 00:00:00+00:00, run_after=2026-03-15 00:00:00+00:00
[2026-03-15T17:22:41.435+0000] {processor.py:183} INFO - Processing /home/airflow/.local/lib/python3.11/site-packages/airflow/example_dags/example_dynamic_task_mapping_with_no_taskflow_operators.py took 0.063 seconds
[2026-03-15T17:23:11.820+0000] {processor.py:161} INFO - Started process (PID=685) to work on /home/airflow/.local/lib/python3.11/site-packages/airflow/example_dags/example_dynamic_task_mapping_with_no_taskflow_operators.py
[2026-03-15T17:23:11.820+0000] {processor.py:830} INFO - Processing file /home/airflow/.local/lib/python3.11/site-packages/airflow/example_dags/example_dynamic_task_mapping_with_no_taskflow_operators.py for tasks to queue
[2026-03-15T17:23:11.822+0000] {logging_mixin.py:188} INFO - [2026-03-15T17:23:11.822+0000] {dagbag.py:540} INFO - Filling up the DagBag from /home/airflow/.local/lib/python3.11/site-packages/airflow/example_dags/example_dynamic_task_mapping_with_no_taskflow_operators.py
[2026-03-15T17:23:11.827+0000] {processor.py:840} INFO - DAG(s) 'example_dynamic_task_mapping_with_no_taskflow_operators' retrieved from /home/airflow/.local/lib/python3.11/site-packages/airflow/example_dags/example_dynamic_task_mapping_with_no_taskflow_operators.py
[2026-03-15T17:23:11.842+0000] {logging_mixin.py:188} INFO - [2026-03-15T17:23:11.842+0000] {dag.py:3047} INFO - Sync 1 DAGs
[2026-03-15T17:23:11.859+0000] {logging_mixin.py:188} INFO - [2026-03-15T17:23:11.859+0000] {dag.py:3834} INFO - Setting next_dagrun for example_dynamic_task_mapping_with_no_taskflow_operators to 2026-03-14 00:00:00+00:00, run_after=2026-03-15 00:00:00+00:00
[2026-03-15T17:23:11.872+0000] {processor.py:183} INFO - Processing /home/airflow/.local/lib/python3.11/site-packages/airflow/example_dags/example_dynamic_task_mapping_with_no_taskflow_operators.py took 0.055 seconds
[2026-03-15T17:23:15.973+0000] {processor.py:161} INFO - Started process (PID=735) to work on /home/airflow/.local/lib/python3.11/site-packages/airflow/example_dags/example_dynamic_task_mapping_with_no_taskflow_operators.py
[2026-03-15T17:23:15.974+0000] {processor.py:830} INFO - Processing file /home/airflow/.local/lib/python3.11/site-packages/airflow/example_dags/example_dynamic_task_mapping_with_no_taskflow_operators.py for tasks to queue
[2026-03-15T17:23:15.976+0000] {logging_mixin.py:188} INFO - [2026-03-15T17:23:15.976+0000] {dagbag.py:540} INFO - Filling up the DagBag from /home/airflow/.local/lib/python3.11/site-packages/airflow/example_dags/example_dynamic_task_mapping_with_no_taskflow_operators.py
[2026-03-15T17:23:15.980+0000] {processor.py:840} INFO - DAG(s) 'example_dynamic_task_mapping_with_no_taskflow_operators' retrieved from /home/airflow/.local/lib/python3.11/site-packages/airflow/example_dags/example_dynamic_task_mapping_with_no_taskflow_operators.py
[2026-03-15T17:23:15.995+0000] {logging_mixin.py:188} INFO - [2026-03-15T17:23:15.994+0000] {dag.py:3047} INFO - Sync 1 DAGs
[2026-03-15T17:23:16.009+0000] {logging_mixin.py:188} INFO - [2026-03-15T17:23:16.008+0000] {dag.py:3834} INFO - Setting next_dagrun for example_dynamic_task_mapping_with_no_taskflow_operators to 2026-03-14 00:00:00+00:00, run_after=2026-03-15 00:00:00+00:00
[2026-03-15T17:23:16.022+0000] {processor.py:183} INFO - Processing /home/airflow/.local/lib/python3.11/site-packages/airflow/example_dags/example_dynamic_task_mapping_with_no_taskflow_operators.py took 0.051 seconds
[2026-03-15T17:23:21.428+0000] {processor.py:161} INFO - Started process (PID=782) to work on /home/airflow/.local/lib/python3.11/site-packages/airflow/example_dags/example_dynamic_task_mapping_with_no_taskflow_operators.py
[2026-03-15T17:23:21.429+0000] {processor.py:830} INFO - Processing file /home/airflow/.local/lib/python3.11/site-packages/airflow/example_dags/example_dynamic_task_mapping_with_no_taskflow_operators.py for tasks to queue
[2026-03-15T17:23:21.431+0000] {logging_mixin.py:188} INFO - [2026-03-15T17:23:21.431+0000] {dagbag.py:540} INFO - Filling up the DagBag from /home/airflow/.local/lib/python3.11/site-packages/airflow/example_dags/example_dynamic_task_mapping_with_no_taskflow_operators.py
[2026-03-15T17:23:21.437+0000] {processor.py:840} INFO - DAG(s) 'example_dynamic_task_mapping_with_no_taskflow_operators' retrieved from /home/airflow/.local/lib/python3.11/site-packages/airflow/example_dags/example_dynamic_task_mapping_with_no_taskflow_operators.py
[2026-03-15T17:23:21.452+0000] {logging_mixin.py:188} INFO - [2026-03-15T17:23:21.451+0000] {dag.py:3047} INFO - Sync 1 DAGs
[2026-03-15T17:23:21.467+0000] {logging_mixin.py:188} INFO - [2026-03-15T17:23:21.467+0000] {dag.py:3834} INFO - Setting next_dagrun for example_dynamic_task_mapping_with_no_taskflow_operators to 2026-03-14 00:00:00+00:00, run_after=2026-03-15 00:00:00+00:00
[2026-03-15T17:23:21.482+0000] {processor.py:183} INFO - Processing /home/airflow/.local/lib/python3.11/site-packages/airflow/example_dags/example_dynamic_task_mapping_with_no_taskflow_operators.py took 0.056 seconds
[2026-03-15T17:23:51.641+0000] {processor.py:161} INFO - Started process (PID=835) to work on /home/airflow/.local/lib/python3.11/site-packages/airflow/example_dags/example_dynamic_task_mapping_with_no_taskflow_operators.py
[2026-03-15T17:23:51.642+0000] {processor.py:830} INFO - Processing file /home/airflow/.local/lib/python3.11/site-packages/airflow/example_dags/example_dynamic_task_mapping_with_no_taskflow_operators.py for tasks to queue
[2026-03-15T17:23:51.644+0000] {logging_mixin.py:188} INFO - [2026-03-15T17:23:51.644+0000] {dagbag.py:540} INFO - Filling up the DagBag from /home/airflow/.local/lib/python3.11/site-packages/airflow/example_dags/example_dynamic_task_mapping_with_no_taskflow_operators.py
[2026-03-15T17:23:51.649+0000] {processor.py:840} INFO - DAG(s) 'example_dynamic_task_mapping_with_no_taskflow_operators' retrieved from /home/airflow/.local/lib/python3.11/site-packages/airflow/example_dags/example_dynamic_task_mapping_with_no_taskflow_operators.py
[2026-03-15T17:23:51.664+0000] {logging_mixin.py:188} INFO - [2026-03-15T17:23:51.663+0000] {dag.py:3047} INFO - Sync 1 DAGs
[2026-03-15T17:23:51.679+0000] {logging_mixin.py:188} INFO - [2026-03-15T17:23:51.679+0000] {dag.py:3834} INFO - Setting next_dagrun for example_dynamic_task_mapping_with_no_taskflow_operators to 2026-03-14 00:00:00+00:00, run_after=2026-03-15 00:00:00+00:00
[2026-03-15T17:23:51.693+0000] {processor.py:183} INFO - Processing /home/airflow/.local/lib/python3.11/site-packages/airflow/example_dags/example_dynamic_task_mapping_with_no_taskflow_operators.py took 0.054 seconds
[2026-03-15T17:23:56.210+0000] {processor.py:161} INFO - Started process (PID=891) to work on /home/airflow/.local/lib/python3.11/site-packages/airflow/example_dags/example_dynamic_task_mapping_with_no_taskflow_operators.py
[2026-03-15T17:23:56.211+0000] {processor.py:830} INFO - Processing file /home/airflow/.local/lib/python3.11/site-packages/airflow/example_dags/example_dynamic_task_mapping_with_no_taskflow_operators.py for tasks to queue
[2026-03-15T17:23:56.212+0000] {logging_mixin.py:188} INFO - [2026-03-15T17:23:56.212+0000] {dagbag.py:540} INFO - Filling up the DagBag from /home/airflow/.local/lib/python3.11/site-packages/airflow/example_dags/example_dynamic_task_mapping_with_no_taskflow_operators.py
[2026-03-15T17:23:56.218+0000] {processor.py:840} INFO - DAG(s) 'example_dynamic_task_mapping_with_no_taskflow_operators' retrieved from /home/airflow/.local/lib/python3.11/site-packages/airflow/example_dags/example_dynamic_task_mapping_with_no_taskflow_operators.py
[2026-03-15T17:23:56.234+0000] {logging_mixin.py:188} INFO - [2026-03-15T17:23:56.233+0000] {dag.py:3047} INFO - Sync 1 DAGs
[2026-03-15T17:23:56.249+0000] {logging_mixin.py:188} INFO - [2026-03-15T17:23:56.249+0000] {dag.py:3834} INFO - Setting next_dagrun for example_dynamic_task_mapping_with_no_taskflow_operators to 2026-03-14 00:00:00+00:00, run_after=2026-03-15 00:00:00+00:00
[2026-03-15T17:23:56.263+0000] {processor.py:183} INFO - Processing /home/airflow/.local/lib/python3.11/site-packages/airflow/example_dags/example_dynamic_task_mapping_with_no_taskflow_operators.py took 0.057 seconds
[2026-03-15T17:24:26.557+0000] {processor.py:161} INFO - Started process (PID=943) to work on /home/airflow/.local/lib/python3.11/site-packages/airflow/example_dags/example_dynamic_task_mapping_with_no_taskflow_operators.py
[2026-03-15T17:24:26.559+0000] {processor.py:830} INFO - Processing file /home/airflow/.local/lib/python3.11/site-packages/airflow/example_dags/example_dynamic_task_mapping_with_no_taskflow_operators.py for tasks to queue
[2026-03-15T17:24:26.560+0000] {logging_mixin.py:188} INFO - [2026-03-15T17:24:26.560+0000] {dagbag.py:540} INFO - Filling up the DagBag from /home/airflow/.local/lib/python3.11/site-packages/airflow/example_dags/example_dynamic_task_mapping_with_no_taskflow_operators.py
[2026-03-15T17:24:26.566+0000] {processor.py:840} INFO - DAG(s) 'example_dynamic_task_mapping_with_no_taskflow_operators' retrieved from /home/airflow/.local/lib/python3.11/site-packages/airflow/example_dags/example_dynamic_task_mapping_with_no_taskflow_operators.py
[2026-03-15T17:24:26.582+0000] {logging_mixin.py:188} INFO - [2026-03-15T17:24:26.581+0000] {dag.py:3047} INFO - Sync 1 DAGs
[2026-03-15T17:24:26.596+0000] {logging_mixin.py:188} INFO - [2026-03-15T17:24:26.596+0000] {dag.py:3834} INFO - Setting next_dagrun for example_dynamic_task_mapping_with_no_taskflow_operators to 2026-03-14 00:00:00+00:00, run_after=2026-03-15 00:00:00+00:00
[2026-03-15T17:24:26.611+0000] {processor.py:183} INFO - Processing /home/airflow/.local/lib/python3.11/site-packages/airflow/example_dags/example_dynamic_task_mapping_with_no_taskflow_operators.py took 0.056 seconds
[2026-03-15T17:24:31.335+0000] {processor.py:161} INFO - Started process (PID=993) to work on /home/airflow/.local/lib/python3.11/site-packages/airflow/example_dags/example_dynamic_task_mapping_with_no_taskflow_operators.py
[2026-03-15T17:24:31.337+0000] {processor.py:830} INFO - Processing file /home/airflow/.local/lib/python3.11/site-packages/airflow/example_dags/example_dynamic_task_mapping_with_no_taskflow_operators.py for tasks to queue
[2026-03-15T17:24:31.341+0000] {logging_mixin.py:188} INFO - [2026-03-15T17:24:31.340+0000] {dagbag.py:540} INFO - Filling up the DagBag from /home/airflow/.local/lib/python3.11/site-packages/airflow/example_dags/example_dynamic_task_mapping_with_no_taskflow_operators.py
[2026-03-15T17:24:31.346+0000] {processor.py:840} INFO - DAG(s) 'example_dynamic_task_mapping_with_no_taskflow_operators' retrieved from /home/airflow/.local/lib/python3.11/site-packages/airflow/example_dags/example_dynamic_task_mapping_with_no_taskflow_operators.py
[2026-03-15T17:24:31.361+0000] {logging_mixin.py:188} INFO - [2026-03-15T17:24:31.361+0000] {dag.py:3047} INFO - Sync 1 DAGs
[2026-03-15T17:24:31.375+0000] {logging_mixin.py:188} INFO - [2026-03-15T17:24:31.375+0000] {dag.py:3834} INFO - Setting next_dagrun for example_dynamic_task_mapping_with_no_taskflow_operators to 2026-03-14 00:00:00+00:00, run_after=2026-03-15 00:00:00+00:00
[2026-03-15T17:24:31.388+0000] {processor.py:183} INFO - Processing /home/airflow/.local/lib/python3.11/site-packages/airflow/example_dags/example_dynamic_task_mapping_with_no_taskflow_operators.py took 0.057 seconds
[2026-03-15T17:25:20.289+0000] {processor.py:161} INFO - Started process (PID=113) to work on /home/airflow/.local/lib/python3.11/site-packages/airflow/example_dags/example_dynamic_task_mapping_with_no_taskflow_operators.py
[2026-03-15T17:25:20.290+0000] {processor.py:830} INFO - Processing file /home/airflow/.local/lib/python3.11/site-packages/airflow/example_dags/example_dynamic_task_mapping_with_no_taskflow_operators.py for tasks to queue
[2026-03-15T17:25:20.292+0000] {logging_mixin.py:188} INFO - [2026-03-15T17:25:20.292+0000] {dagbag.py:540} INFO - Filling up the DagBag from /home/airflow/.local/lib/python3.11/site-packages/airflow/example_dags/example_dynamic_task_mapping_with_no_taskflow_operators.py
[2026-03-15T17:25:20.300+0000] {processor.py:840} INFO - DAG(s) 'example_dynamic_task_mapping_with_no_taskflow_operators' retrieved from /home/airflow/.local/lib/python3.11/site-packages/airflow/example_dags/example_dynamic_task_mapping_with_no_taskflow_operators.py
[2026-03-15T17:25:20.315+0000] {logging_mixin.py:188} INFO - [2026-03-15T17:25:20.314+0000] {dag.py:3047} INFO - Sync 1 DAGs
[2026-03-15T17:25:20.338+0000] {logging_mixin.py:188} INFO - [2026-03-15T17:25:20.338+0000] {dag.py:3834} INFO - Setting next_dagrun for example_dynamic_task_mapping_with_no_taskflow_operators to 2026-03-14 00:00:00+00:00, run_after=2026-03-15 00:00:00+00:00
[2026-03-15T17:25:20.358+0000] {processor.py:183} INFO - Processing /home/airflow/.local/lib/python3.11/site-packages/airflow/example_dags/example_dynamic_task_mapping_with_no_taskflow_operators.py took 0.073 seconds
[2026-03-15T17:25:37.862+0000] {processor.py:161} INFO - Started process (PID=161) to work on /home/airflow/.local/lib/python3.11/site-packages/airflow/example_dags/example_dynamic_task_mapping_with_no_taskflow_operators.py
[2026-03-15T17:25:37.862+0000] {processor.py:830} INFO - Processing file /home/airflow/.local/lib/python3.11/site-packages/airflow/example_dags/example_dynamic_task_mapping_with_no_taskflow_operators.py for tasks to queue
[2026-03-15T17:25:37.864+0000] {logging_mixin.py:188} INFO - [2026-03-15T17:25:37.864+0000] {dagbag.py:540} INFO - Filling up the DagBag from /home/airflow/.local/lib/python3.11/site-packages/airflow/example_dags/example_dynamic_task_mapping_with_no_taskflow_operators.py
[2026-03-15T17:25:37.869+0000] {processor.py:840} INFO - DAG(s) 'example_dynamic_task_mapping_with_no_taskflow_operators' retrieved from /home/airflow/.local/lib/python3.11/site-packages/airflow/example_dags/example_dynamic_task_mapping_with_no_taskflow_operators.py
[2026-03-15T17:25:37.939+0000] {logging_mixin.py:188} INFO - [2026-03-15T17:25:37.939+0000] {dag.py:3047} INFO - Sync 1 DAGs
[2026-03-15T17:25:37.951+0000] {logging_mixin.py:188} INFO - [2026-03-15T17:25:37.951+0000] {dag.py:3834} INFO - Setting next_dagrun for example_dynamic_task_mapping_with_no_taskflow_operators to 2026-03-14 00:00:00+00:00, run_after=2026-03-15 00:00:00+00:00
[2026-03-15T17:25:37.965+0000] {processor.py:183} INFO - Processing /home/airflow/.local/lib/python3.11/site-packages/airflow/example_dags/example_dynamic_task_mapping_with_no_taskflow_operators.py took 0.106 seconds
[2026-03-15T17:25:41.083+0000] {processor.py:161} INFO - Started process (PID=207) to work on /home/airflow/.local/lib/python3.11/site-packages/airflow/example_dags/example_dynamic_task_mapping_with_no_taskflow_operators.py
[2026-03-15T17:25:41.084+0000] {processor.py:830} INFO - Processing file /home/airflow/.local/lib/python3.11/site-packages/airflow/example_dags/example_dynamic_task_mapping_with_no_taskflow_operators.py for tasks to queue
[2026-03-15T17:25:41.086+0000] {logging_mixin.py:188} INFO - [2026-03-15T17:25:41.085+0000] {dagbag.py:540} INFO - Filling up the DagBag from /home/airflow/.local/lib/python3.11/site-packages/airflow/example_dags/example_dynamic_task_mapping_with_no_taskflow_operators.py
[2026-03-15T17:25:41.091+0000] {processor.py:840} INFO - DAG(s) 'example_dynamic_task_mapping_with_no_taskflow_operators' retrieved from /home/airflow/.local/lib/python3.11/site-packages/airflow/example_dags/example_dynamic_task_mapping_with_no_taskflow_operators.py
[2026-03-15T17:25:41.102+0000] {logging_mixin.py:188} INFO - [2026-03-15T17:25:41.101+0000] {dag.py:3047} INFO - Sync 1 DAGs
[2026-03-15T17:25:41.119+0000] {logging_mixin.py:188} INFO - [2026-03-15T17:25:41.119+0000] {dag.py:3834} INFO - Setting next_dagrun for example_dynamic_task_mapping_with_no_taskflow_operators to 2026-03-14 00:00:00+00:00, run_after=2026-03-15 00:00:00+00:00
[2026-03-15T17:25:41.133+0000] {processor.py:183} INFO - Processing /home/airflow/.local/lib/python3.11/site-packages/airflow/example_dags/example_dynamic_task_mapping_with_no_taskflow_operators.py took 0.053 seconds
[2026-03-15T17:25:46.296+0000] {processor.py:161} INFO - Started process (PID=250) to work on /home/airflow/.local/lib/python3.11/site-packages/airflow/example_dags/example_dynamic_task_mapping_with_no_taskflow_operators.py
[2026-03-15T17:25:46.297+0000] {processor.py:830} INFO - Processing file /home/airflow/.local/lib/python3.11/site-packages/airflow/example_dags/example_dynamic_task_mapping_with_no_taskflow_operators.py for tasks to queue
[2026-03-15T17:25:46.299+0000] {logging_mixin.py:188} INFO - [2026-03-15T17:25:46.298+0000] {dagbag.py:540} INFO - Filling up the DagBag from /home/airflow/.local/lib/python3.11/site-packages/airflow/example_dags/example_dynamic_task_mapping_with_no_taskflow_operators.py
[2026-03-15T17:25:46.304+0000] {processor.py:840} INFO - DAG(s) 'example_dynamic_task_mapping_with_no_taskflow_operators' retrieved from /home/airflow/.local/lib/python3.11/site-packages/airflow/example_dags/example_dynamic_task_mapping_with_no_taskflow_operators.py
[2026-03-15T17:25:46.314+0000] {logging_mixin.py:188} INFO - [2026-03-15T17:25:46.314+0000] {dag.py:3047} INFO - Sync 1 DAGs
[2026-03-15T17:25:46.332+0000] {logging_mixin.py:188} INFO - [2026-03-15T17:25:46.331+0000] {dag.py:3834} INFO - Setting next_dagrun for example_dynamic_task_mapping_with_no_taskflow_operators to 2026-03-14 00:00:00+00:00, run_after=2026-03-15 00:00:00+00:00
[2026-03-15T17:25:46.345+0000] {processor.py:183} INFO - Processing /home/airflow/.local/lib/python3.11/site-packages/airflow/example_dags/example_dynamic_task_mapping_with_no_taskflow_operators.py took 0.052 seconds
[2026-03-15T17:25:51.382+0000] {processor.py:161} INFO - Started process (PID=301) to work on /home/airflow/.local/lib/python3.11/site-packages/airflow/example_dags/example_dynamic_task_mapping_with_no_taskflow_operators.py
[2026-03-15T17:25:51.383+0000] {processor.py:830} INFO - Processing file /home/airflow/.local/lib/python3.11/site-packages/airflow/example_dags/example_dynamic_task_mapping_with_no_taskflow_operators.py for tasks to queue
[2026-03-15T17:25:51.385+0000] {logging_mixin.py:188} INFO - [2026-03-15T17:25:51.385+0000] {dagbag.py:540} INFO - Filling up the DagBag from /home/airflow/.local/lib/python3.11/site-packages/airflow/example_dags/example_dynamic_task_mapping_with_no_taskflow_operators.py
[2026-03-15T17:25:51.390+0000] {processor.py:840} INFO - DAG(s) 'example_dynamic_task_mapping_with_no_taskflow_operators' retrieved from /home/airflow/.local/lib/python3.11/site-packages/airflow/example_dags/example_dynamic_task_mapping_with_no_taskflow_operators.py
[2026-03-15T17:25:51.400+0000] {logging_mixin.py:188} INFO - [2026-03-15T17:25:51.399+0000] {dag.py:3047} INFO - Sync 1 DAGs
[2026-03-15T17:25:51.415+0000] {logging_mixin.py:188} INFO - [2026-03-15T17:25:51.415+0000] {dag.py:3834} INFO - Setting next_dagrun for example_dynamic_task_mapping_with_no_taskflow_operators to 2026-03-14 00:00:00+00:00, run_after=2026-03-15 00:00:00+00:00
[2026-03-15T17:25:51.428+0000] {processor.py:183} INFO - Processing /home/airflow/.local/lib/python3.11/site-packages/airflow/example_dags/example_dynamic_task_mapping_with_no_taskflow_operators.py took 0.048 seconds
[2026-03-15T17:26:21.609+0000] {processor.py:161} INFO - Started process (PID=352) to work on /home/airflow/.local/lib/python3.11/site-packages/airflow/example_dags/example_dynamic_task_mapping_with_no_taskflow_operators.py
[2026-03-15T17:26:21.610+0000] {processor.py:830} INFO - Processing file /home/airflow/.local/lib/python3.11/site-packages/airflow/example_dags/example_dynamic_task_mapping_with_no_taskflow_operators.py for tasks to queue
[2026-03-15T17:26:21.613+0000] {logging_mixin.py:188} INFO - [2026-03-15T17:26:21.612+0000] {dagbag.py:540} INFO - Filling up the DagBag from /home/airflow/.local/lib/python3.11/site-packages/airflow/example_dags/example_dynamic_task_mapping_with_no_taskflow_operators.py
[2026-03-15T17:26:21.619+0000] {processor.py:840} INFO - DAG(s) 'example_dynamic_task_mapping_with_no_taskflow_operators' retrieved from /home/airflow/.local/lib/python3.11/site-packages/airflow/example_dags/example_dynamic_task_mapping_with_no_taskflow_operators.py
[2026-03-15T17:26:21.636+0000] {logging_mixin.py:188} INFO - [2026-03-15T17:26:21.635+0000] {dag.py:3047} INFO - Sync 1 DAGs
[2026-03-15T17:26:21.652+0000] {logging_mixin.py:188} INFO - [2026-03-15T17:26:21.652+0000] {dag.py:3834} INFO - Setting next_dagrun for example_dynamic_task_mapping_with_no_taskflow_operators to 2026-03-14 00:00:00+00:00, run_after=2026-03-15 00:00:00+00:00
[2026-03-15T17:26:21.666+0000] {processor.py:183} INFO - Processing /home/airflow/.local/lib/python3.11/site-packages/airflow/example_dags/example_dynamic_task_mapping_with_no_taskflow_operators.py took 0.060 seconds
[2026-03-15T17:26:52.099+0000] {processor.py:161} INFO - Started process (PID=403) to work on /home/airflow/.local/lib/python3.11/site-packages/airflow/example_dags/example_dynamic_task_mapping_with_no_taskflow_operators.py
[2026-03-15T17:26:52.102+0000] {processor.py:830} INFO - Processing file /home/airflow/.local/lib/python3.11/site-packages/airflow/example_dags/example_dynamic_task_mapping_with_no_taskflow_operators.py for tasks to queue
[2026-03-15T17:26:52.107+0000] {logging_mixin.py:188} INFO - [2026-03-15T17:26:52.107+0000] {dagbag.py:540} INFO - Filling up the DagBag from /home/airflow/.local/lib/python3.11/site-packages/airflow/example_dags/example_dynamic_task_mapping_with_no_taskflow_operators.py
[2026-03-15T17:26:52.117+0000] {processor.py:840} INFO - DAG(s) 'example_dynamic_task_mapping_with_no_taskflow_operators' retrieved from /home/airflow/.local/lib/python3.11/site-packages/airflow/example_dags/example_dynamic_task_mapping_with_no_taskflow_operators.py
[2026-03-15T17:26:52.174+0000] {logging_mixin.py:188} INFO - [2026-03-15T17:26:52.173+0000] {dag.py:3047} INFO - Sync 1 DAGs
[2026-03-15T17:26:52.212+0000] {logging_mixin.py:188} INFO - [2026-03-15T17:26:52.212+0000] {dag.py:3834} INFO - Setting next_dagrun for example_dynamic_task_mapping_with_no_taskflow_operators to 2026-03-14 00:00:00+00:00, run_after=2026-03-15 00:00:00+00:00
[2026-03-15T17:26:52.251+0000] {processor.py:183} INFO - Processing /home/airflow/.local/lib/python3.11/site-packages/airflow/example_dags/example_dynamic_task_mapping_with_no_taskflow_operators.py took 0.156 seconds
[2026-03-15T17:26:56.971+0000] {processor.py:161} INFO - Started process (PID=453) to work on /home/airflow/.local/lib/python3.11/site-packages/airflow/example_dags/example_dynamic_task_mapping_with_no_taskflow_operators.py
[2026-03-15T17:26:56.973+0000] {processor.py:830} INFO - Processing file /home/airflow/.local/lib/python3.11/site-packages/airflow/example_dags/example_dynamic_task_mapping_with_no_taskflow_operators.py for tasks to queue
[2026-03-15T17:26:56.976+0000] {logging_mixin.py:188} INFO - [2026-03-15T17:26:56.975+0000] {dagbag.py:540} INFO - Filling up the DagBag from /home/airflow/.local/lib/python3.11/site-packages/airflow/example_dags/example_dynamic_task_mapping_with_no_taskflow_operators.py
[2026-03-15T17:26:56.984+0000] {processor.py:840} INFO - DAG(s) 'example_dynamic_task_mapping_with_no_taskflow_operators' retrieved from /home/airflow/.local/lib/python3.11/site-packages/airflow/example_dags/example_dynamic_task_mapping_with_no_taskflow_operators.py
[2026-03-15T17:26:57.000+0000] {logging_mixin.py:188} INFO - [2026-03-15T17:26:56.999+0000] {dag.py:3047} INFO - Sync 1 DAGs
[2026-03-15T17:26:57.017+0000] {logging_mixin.py:188} INFO - [2026-03-15T17:26:57.016+0000] {dag.py:3834} INFO - Setting next_dagrun for example_dynamic_task_mapping_with_no_taskflow_operators to 2026-03-14 00:00:00+00:00, run_after=2026-03-15 00:00:00+00:00
[2026-03-15T17:26:57.031+0000] {processor.py:183} INFO - Processing /home/airflow/.local/lib/python3.11/site-packages/airflow/example_dags/example_dynamic_task_mapping_with_no_taskflow_operators.py took 0.064 seconds
[2026-03-15T17:27:07.261+0000] {processor.py:161} INFO - Started process (PID=503) to work on /home/airflow/.local/lib/python3.11/site-packages/airflow/example_dags/example_dynamic_task_mapping_with_no_taskflow_operators.py
[2026-03-15T17:27:07.262+0000] {processor.py:830} INFO - Processing file /home/airflow/.local/lib/python3.11/site-packages/airflow/example_dags/example_dynamic_task_mapping_with_no_taskflow_operators.py for tasks to queue
[2026-03-15T17:27:07.263+0000] {logging_mixin.py:188} INFO - [2026-03-15T17:27:07.263+0000] {dagbag.py:540} INFO - Filling up the DagBag from /home/airflow/.local/lib/python3.11/site-packages/airflow/example_dags/example_dynamic_task_mapping_with_no_taskflow_operators.py
[2026-03-15T17:27:07.269+0000] {processor.py:840} INFO - DAG(s) 'example_dynamic_task_mapping_with_no_taskflow_operators' retrieved from /home/airflow/.local/lib/python3.11/site-packages/airflow/example_dags/example_dynamic_task_mapping_with_no_taskflow_operators.py
[2026-03-15T17:27:07.285+0000] {logging_mixin.py:188} INFO - [2026-03-15T17:27:07.285+0000] {dag.py:3047} INFO - Sync 1 DAGs
[2026-03-15T17:27:07.300+0000] {logging_mixin.py:188} INFO - [2026-03-15T17:27:07.299+0000] {dag.py:3834} INFO - Setting next_dagrun for example_dynamic_task_mapping_with_no_taskflow_operators to 2026-03-14 00:00:00+00:00, run_after=2026-03-15 00:00:00+00:00
[2026-03-15T17:27:07.313+0000] {processor.py:183} INFO - Processing /home/airflow/.local/lib/python3.11/site-packages/airflow/example_dags/example_dynamic_task_mapping_with_no_taskflow_operators.py took 0.055 seconds
[2026-03-15T17:27:11.580+0000] {processor.py:161} INFO - Started process (PID=552) to work on /home/airflow/.local/lib/python3.11/site-packages/airflow/example_dags/example_dynamic_task_mapping_with_no_taskflow_operators.py
[2026-03-15T17:27:11.581+0000] {processor.py:830} INFO - Processing file /home/airflow/.local/lib/python3.11/site-packages/airflow/example_dags/example_dynamic_task_mapping_with_no_taskflow_operators.py for tasks to queue
[2026-03-15T17:27:11.583+0000] {logging_mixin.py:188} INFO - [2026-03-15T17:27:11.583+0000] {dagbag.py:540} INFO - Filling up the DagBag from /home/airflow/.local/lib/python3.11/site-packages/airflow/example_dags/example_dynamic_task_mapping_with_no_taskflow_operators.py
[2026-03-15T17:27:11.588+0000] {processor.py:840} INFO - DAG(s) 'example_dynamic_task_mapping_with_no_taskflow_operators' retrieved from /home/airflow/.local/lib/python3.11/site-packages/airflow/example_dags/example_dynamic_task_mapping_with_no_taskflow_operators.py
[2026-03-15T17:27:11.605+0000] {logging_mixin.py:188} INFO - [2026-03-15T17:27:11.605+0000] {dag.py:3047} INFO - Sync 1 DAGs
[2026-03-15T17:27:11.623+0000] {logging_mixin.py:188} INFO - [2026-03-15T17:27:11.622+0000] {dag.py:3834} INFO - Setting next_dagrun for example_dynamic_task_mapping_with_no_taskflow_operators to 2026-03-14 00:00:00+00:00, run_after=2026-03-15 00:00:00+00:00
[2026-03-15T17:27:11.637+0000] {processor.py:183} INFO - Processing /home/airflow/.local/lib/python3.11/site-packages/airflow/example_dags/example_dynamic_task_mapping_with_no_taskflow_operators.py took 0.059 seconds
[2026-03-15T17:28:01.542+0000] {processor.py:161} INFO - Started process (PID=114) to work on /home/airflow/.local/lib/python3.11/site-packages/airflow/example_dags/example_dynamic_task_mapping_with_no_taskflow_operators.py
[2026-03-15T17:28:01.543+0000] {processor.py:830} INFO - Processing file /home/airflow/.local/lib/python3.11/site-packages/airflow/example_dags/example_dynamic_task_mapping_with_no_taskflow_operators.py for tasks to queue
[2026-03-15T17:28:01.545+0000] {logging_mixin.py:188} INFO - [2026-03-15T17:28:01.545+0000] {dagbag.py:540} INFO - Filling up the DagBag from /home/airflow/.local/lib/python3.11/site-packages/airflow/example_dags/example_dynamic_task_mapping_with_no_taskflow_operators.py
[2026-03-15T17:28:01.552+0000] {processor.py:840} INFO - DAG(s) 'example_dynamic_task_mapping_with_no_taskflow_operators' retrieved from /home/airflow/.local/lib/python3.11/site-packages/airflow/example_dags/example_dynamic_task_mapping_with_no_taskflow_operators.py
[2026-03-15T17:28:01.632+0000] {logging_mixin.py:188} INFO - [2026-03-15T17:28:01.632+0000] {override.py:1769} INFO - Created Permission View: can edit on DAG:example_dynamic_task_mapping_with_no_taskflow_operators
[2026-03-15T17:28:01.641+0000] {logging_mixin.py:188} INFO - [2026-03-15T17:28:01.641+0000] {override.py:1769} INFO - Created Permission View: can read on DAG:example_dynamic_task_mapping_with_no_taskflow_operators
[2026-03-15T17:28:01.648+0000] {logging_mixin.py:188} INFO - [2026-03-15T17:28:01.648+0000] {override.py:1769} INFO - Created Permission View: can delete on DAG:example_dynamic_task_mapping_with_no_taskflow_operators
[2026-03-15T17:28:01.649+0000] {logging_mixin.py:188} INFO - [2026-03-15T17:28:01.649+0000] {dag.py:3047} INFO - Sync 1 DAGs
[2026-03-15T17:28:01.657+0000] {logging_mixin.py:188} INFO - [2026-03-15T17:28:01.657+0000] {dag.py:3069} INFO - Creating ORM DAG for example_dynamic_task_mapping_with_no_taskflow_operators
[2026-03-15T17:28:01.666+0000] {logging_mixin.py:188} INFO - [2026-03-15T17:28:01.666+0000] {dag.py:3834} INFO - Setting next_dagrun for example_dynamic_task_mapping_with_no_taskflow_operators to 2026-03-14 00:00:00+00:00, run_after=2026-03-15 00:00:00+00:00
[2026-03-15T17:28:01.679+0000] {processor.py:183} INFO - Processing /home/airflow/.local/lib/python3.11/site-packages/airflow/example_dags/example_dynamic_task_mapping_with_no_taskflow_operators.py took 0.140 seconds
[2026-03-15T17:28:32.160+0000] {processor.py:161} INFO - Started process (PID=168) to work on /home/airflow/.local/lib/python3.11/site-packages/airflow/example_dags/example_dynamic_task_mapping_with_no_taskflow_operators.py
[2026-03-15T17:28:32.161+0000] {processor.py:830} INFO - Processing file /home/airflow/.local/lib/python3.11/site-packages/airflow/example_dags/example_dynamic_task_mapping_with_no_taskflow_operators.py for tasks to queue
[2026-03-15T17:28:32.163+0000] {logging_mixin.py:188} INFO - [2026-03-15T17:28:32.162+0000] {dagbag.py:540} INFO - Filling up the DagBag from /home/airflow/.local/lib/python3.11/site-packages/airflow/example_dags/example_dynamic_task_mapping_with_no_taskflow_operators.py
[2026-03-15T17:28:32.168+0000] {processor.py:840} INFO - DAG(s) 'example_dynamic_task_mapping_with_no_taskflow_operators' retrieved from /home/airflow/.local/lib/python3.11/site-packages/airflow/example_dags/example_dynamic_task_mapping_with_no_taskflow_operators.py
[2026-03-15T17:28:32.184+0000] {logging_mixin.py:188} INFO - [2026-03-15T17:28:32.183+0000] {dag.py:3047} INFO - Sync 1 DAGs
[2026-03-15T17:28:32.201+0000] {logging_mixin.py:188} INFO - [2026-03-15T17:28:32.201+0000] {dag.py:3834} INFO - Setting next_dagrun for example_dynamic_task_mapping_with_no_taskflow_operators to 2026-03-14 00:00:00+00:00, run_after=2026-03-15 00:00:00+00:00
[2026-03-15T17:28:32.216+0000] {processor.py:183} INFO - Processing /home/airflow/.local/lib/python3.11/site-packages/airflow/example_dags/example_dynamic_task_mapping_with_no_taskflow_operators.py took 0.059 seconds
[2026-03-15T17:28:34.400+0000] {processor.py:161} INFO - Started process (PID=211) to work on /home/airflow/.local/lib/python3.11/site-packages/airflow/example_dags/example_dynamic_task_mapping_with_no_taskflow_operators.py
[2026-03-15T17:28:34.401+0000] {processor.py:830} INFO - Processing file /home/airflow/.local/lib/python3.11/site-packages/airflow/example_dags/example_dynamic_task_mapping_with_no_taskflow_operators.py for tasks to queue
[2026-03-15T17:28:34.403+0000] {logging_mixin.py:188} INFO - [2026-03-15T17:28:34.403+0000] {dagbag.py:540} INFO - Filling up the DagBag from /home/airflow/.local/lib/python3.11/site-packages/airflow/example_dags/example_dynamic_task_mapping_with_no_taskflow_operators.py
[2026-03-15T17:28:34.408+0000] {processor.py:840} INFO - DAG(s) 'example_dynamic_task_mapping_with_no_taskflow_operators' retrieved from /home/airflow/.local/lib/python3.11/site-packages/airflow/example_dags/example_dynamic_task_mapping_with_no_taskflow_operators.py
[2026-03-15T17:28:34.423+0000] {logging_mixin.py:188} INFO - [2026-03-15T17:28:34.423+0000] {dag.py:3047} INFO - Sync 1 DAGs
[2026-03-15T17:28:34.440+0000] {logging_mixin.py:188} INFO - [2026-03-15T17:28:34.439+0000] {dag.py:3834} INFO - Setting next_dagrun for example_dynamic_task_mapping_with_no_taskflow_operators to 2026-03-14 00:00:00+00:00, run_after=2026-03-15 00:00:00+00:00
[2026-03-15T17:28:34.454+0000] {processor.py:183} INFO - Processing /home/airflow/.local/lib/python3.11/site-packages/airflow/example_dags/example_dynamic_task_mapping_with_no_taskflow_operators.py took 0.056 seconds
[2026-03-15T17:28:38.621+0000] {processor.py:161} INFO - Started process (PID=253) to work on /home/airflow/.local/lib/python3.11/site-packages/airflow/example_dags/example_dynamic_task_mapping_with_no_taskflow_operators.py
[2026-03-15T17:28:38.622+0000] {processor.py:830} INFO - Processing file /home/airflow/.local/lib/python3.11/site-packages/airflow/example_dags/example_dynamic_task_mapping_with_no_taskflow_operators.py for tasks to queue
[2026-03-15T17:28:38.624+0000] {logging_mixin.py:188} INFO - [2026-03-15T17:28:38.624+0000] {dagbag.py:540} INFO - Filling up the DagBag from /home/airflow/.local/lib/python3.11/site-packages/airflow/example_dags/example_dynamic_task_mapping_with_no_taskflow_operators.py
[2026-03-15T17:28:38.630+0000] {processor.py:840} INFO - DAG(s) 'example_dynamic_task_mapping_with_no_taskflow_operators' retrieved from /home/airflow/.local/lib/python3.11/site-packages/airflow/example_dags/example_dynamic_task_mapping_with_no_taskflow_operators.py
[2026-03-15T17:28:38.645+0000] {logging_mixin.py:188} INFO - [2026-03-15T17:28:38.645+0000] {dag.py:3047} INFO - Sync 1 DAGs
[2026-03-15T17:28:38.662+0000] {logging_mixin.py:188} INFO - [2026-03-15T17:28:38.661+0000] {dag.py:3834} INFO - Setting next_dagrun for example_dynamic_task_mapping_with_no_taskflow_operators to 2026-03-14 00:00:00+00:00, run_after=2026-03-15 00:00:00+00:00
[2026-03-15T17:28:38.677+0000] {processor.py:183} INFO - Processing /home/airflow/.local/lib/python3.11/site-packages/airflow/example_dags/example_dynamic_task_mapping_with_no_taskflow_operators.py took 0.059 seconds
[2026-03-15T17:29:09.405+0000] {processor.py:161} INFO - Started process (PID=312) to work on /home/airflow/.local/lib/python3.11/site-packages/airflow/example_dags/example_dynamic_task_mapping_with_no_taskflow_operators.py
[2026-03-15T17:29:09.407+0000] {processor.py:830} INFO - Processing file /home/airflow/.local/lib/python3.11/site-packages/airflow/example_dags/example_dynamic_task_mapping_with_no_taskflow_operators.py for tasks to queue
[2026-03-15T17:29:09.409+0000] {logging_mixin.py:188} INFO - [2026-03-15T17:29:09.409+0000] {dagbag.py:540} INFO - Filling up the DagBag from /home/airflow/.local/lib/python3.11/site-packages/airflow/example_dags/example_dynamic_task_mapping_with_no_taskflow_operators.py
[2026-03-15T17:29:09.425+0000] {processor.py:840} INFO - DAG(s) 'example_dynamic_task_mapping_with_no_taskflow_operators' retrieved from /home/airflow/.local/lib/python3.11/site-packages/airflow/example_dags/example_dynamic_task_mapping_with_no_taskflow_operators.py
[2026-03-15T17:29:09.454+0000] {logging_mixin.py:188} INFO - [2026-03-15T17:29:09.454+0000] {dag.py:3047} INFO - Sync 1 DAGs
[2026-03-15T17:29:09.478+0000] {logging_mixin.py:188} INFO - [2026-03-15T17:29:09.478+0000] {dag.py:3834} INFO - Setting next_dagrun for example_dynamic_task_mapping_with_no_taskflow_operators to 2026-03-14 00:00:00+00:00, run_after=2026-03-15 00:00:00+00:00
[2026-03-15T17:29:09.494+0000] {processor.py:183} INFO - Processing /home/airflow/.local/lib/python3.11/site-packages/airflow/example_dags/example_dynamic_task_mapping_with_no_taskflow_operators.py took 0.093 seconds
[2026-03-15T17:29:39.717+0000] {processor.py:161} INFO - Started process (PID=363) to work on /home/airflow/.local/lib/python3.11/site-packages/airflow/example_dags/example_dynamic_task_mapping_with_no_taskflow_operators.py
[2026-03-15T17:29:39.719+0000] {processor.py:830} INFO - Processing file /home/airflow/.local/lib/python3.11/site-packages/airflow/example_dags/example_dynamic_task_mapping_with_no_taskflow_operators.py for tasks to queue
[2026-03-15T17:29:39.722+0000] {logging_mixin.py:188} INFO - [2026-03-15T17:29:39.721+0000] {dagbag.py:540} INFO - Filling up the DagBag from /home/airflow/.local/lib/python3.11/site-packages/airflow/example_dags/example_dynamic_task_mapping_with_no_taskflow_operators.py
[2026-03-15T17:29:39.727+0000] {processor.py:840} INFO - DAG(s) 'example_dynamic_task_mapping_with_no_taskflow_operators' retrieved from /home/airflow/.local/lib/python3.11/site-packages/airflow/example_dags/example_dynamic_task_mapping_with_no_taskflow_operators.py
[2026-03-15T17:29:39.746+0000] {logging_mixin.py:188} INFO - [2026-03-15T17:29:39.746+0000] {dag.py:3047} INFO - Sync 1 DAGs
[2026-03-15T17:29:39.765+0000] {logging_mixin.py:188} INFO - [2026-03-15T17:29:39.765+0000] {dag.py:3834} INFO - Setting next_dagrun for example_dynamic_task_mapping_with_no_taskflow_operators to 2026-03-14 00:00:00+00:00, run_after=2026-03-15 00:00:00+00:00
[2026-03-15T17:29:39.784+0000] {processor.py:183} INFO - Processing /home/airflow/.local/lib/python3.11/site-packages/airflow/example_dags/example_dynamic_task_mapping_with_no_taskflow_operators.py took 0.070 seconds
[2026-03-15T17:30:10.750+0000] {processor.py:161} INFO - Started process (PID=415) to work on /home/airflow/.local/lib/python3.11/site-packages/airflow/example_dags/example_dynamic_task_mapping_with_no_taskflow_operators.py
[2026-03-15T17:30:10.751+0000] {processor.py:830} INFO - Processing file /home/airflow/.local/lib/python3.11/site-packages/airflow/example_dags/example_dynamic_task_mapping_with_no_taskflow_operators.py for tasks to queue
[2026-03-15T17:30:10.753+0000] {logging_mixin.py:188} INFO - [2026-03-15T17:30:10.753+0000] {dagbag.py:540} INFO - Filling up the DagBag from /home/airflow/.local/lib/python3.11/site-packages/airflow/example_dags/example_dynamic_task_mapping_with_no_taskflow_operators.py
[2026-03-15T17:30:10.759+0000] {processor.py:840} INFO - DAG(s) 'example_dynamic_task_mapping_with_no_taskflow_operators' retrieved from /home/airflow/.local/lib/python3.11/site-packages/airflow/example_dags/example_dynamic_task_mapping_with_no_taskflow_operators.py
[2026-03-15T17:30:10.773+0000] {logging_mixin.py:188} INFO - [2026-03-15T17:30:10.773+0000] {dag.py:3047} INFO - Sync 1 DAGs
[2026-03-15T17:30:10.787+0000] {logging_mixin.py:188} INFO - [2026-03-15T17:30:10.787+0000] {dag.py:3834} INFO - Setting next_dagrun for example_dynamic_task_mapping_with_no_taskflow_operators to 2026-03-14 00:00:00+00:00, run_after=2026-03-15 00:00:00+00:00
[2026-03-15T17:30:10.801+0000] {processor.py:183} INFO - Processing /home/airflow/.local/lib/python3.11/site-packages/airflow/example_dags/example_dynamic_task_mapping_with_no_taskflow_operators.py took 0.054 seconds
[2026-03-15T17:30:35.062+0000] {processor.py:161} INFO - Started process (PID=476) to work on /home/airflow/.local/lib/python3.11/site-packages/airflow/example_dags/example_dynamic_task_mapping_with_no_taskflow_operators.py
[2026-03-15T17:30:35.064+0000] {processor.py:830} INFO - Processing file /home/airflow/.local/lib/python3.11/site-packages/airflow/example_dags/example_dynamic_task_mapping_with_no_taskflow_operators.py for tasks to queue
[2026-03-15T17:30:35.066+0000] {logging_mixin.py:188} INFO - [2026-03-15T17:30:35.065+0000] {dagbag.py:540} INFO - Filling up the DagBag from /home/airflow/.local/lib/python3.11/site-packages/airflow/example_dags/example_dynamic_task_mapping_with_no_taskflow_operators.py
[2026-03-15T17:30:35.073+0000] {processor.py:840} INFO - DAG(s) 'example_dynamic_task_mapping_with_no_taskflow_operators' retrieved from /home/airflow/.local/lib/python3.11/site-packages/airflow/example_dags/example_dynamic_task_mapping_with_no_taskflow_operators.py
[2026-03-15T17:30:35.098+0000] {logging_mixin.py:188} INFO - [2026-03-15T17:30:35.097+0000] {dag.py:3047} INFO - Sync 1 DAGs
[2026-03-15T17:30:35.125+0000] {logging_mixin.py:188} INFO - [2026-03-15T17:30:35.124+0000] {dag.py:3834} INFO - Setting next_dagrun for example_dynamic_task_mapping_with_no_taskflow_operators to 2026-03-14 00:00:00+00:00, run_after=2026-03-15 00:00:00+00:00
[2026-03-15T17:30:35.149+0000] {processor.py:183} INFO - Processing /home/airflow/.local/lib/python3.11/site-packages/airflow/example_dags/example_dynamic_task_mapping_with_no_taskflow_operators.py took 0.092 seconds
[2026-03-15T17:30:38.606+0000] {processor.py:161} INFO - Started process (PID=524) to work on /home/airflow/.local/lib/python3.11/site-packages/airflow/example_dags/example_dynamic_task_mapping_with_no_taskflow_operators.py
[2026-03-15T17:30:38.607+0000] {processor.py:830} INFO - Processing file /home/airflow/.local/lib/python3.11/site-packages/airflow/example_dags/example_dynamic_task_mapping_with_no_taskflow_operators.py for tasks to queue
[2026-03-15T17:30:38.609+0000] {logging_mixin.py:188} INFO - [2026-03-15T17:30:38.609+0000] {dagbag.py:540} INFO - Filling up the DagBag from /home/airflow/.local/lib/python3.11/site-packages/airflow/example_dags/example_dynamic_task_mapping_with_no_taskflow_operators.py
[2026-03-15T17:30:38.614+0000] {processor.py:840} INFO - DAG(s) 'example_dynamic_task_mapping_with_no_taskflow_operators' retrieved from /home/airflow/.local/lib/python3.11/site-packages/airflow/example_dags/example_dynamic_task_mapping_with_no_taskflow_operators.py
[2026-03-15T17:30:38.630+0000] {logging_mixin.py:188} INFO - [2026-03-15T17:30:38.630+0000] {dag.py:3047} INFO - Sync 1 DAGs
[2026-03-15T17:30:38.659+0000] {logging_mixin.py:188} INFO - [2026-03-15T17:30:38.658+0000] {dag.py:3834} INFO - Setting next_dagrun for example_dynamic_task_mapping_with_no_taskflow_operators to 2026-03-14 00:00:00+00:00, run_after=2026-03-15 00:00:00+00:00
[2026-03-15T17:30:38.688+0000] {processor.py:183} INFO - Processing /home/airflow/.local/lib/python3.11/site-packages/airflow/example_dags/example_dynamic_task_mapping_with_no_taskflow_operators.py took 0.085 seconds
[2026-03-15T17:31:09.648+0000] {processor.py:161} INFO - Started process (PID=585) to work on /home/airflow/.local/lib/python3.11/site-packages/airflow/example_dags/example_dynamic_task_mapping_with_no_taskflow_operators.py
[2026-03-15T17:31:09.649+0000] {processor.py:830} INFO - Processing file /home/airflow/.local/lib/python3.11/site-packages/airflow/example_dags/example_dynamic_task_mapping_with_no_taskflow_operators.py for tasks to queue
[2026-03-15T17:31:09.651+0000] {logging_mixin.py:188} INFO - [2026-03-15T17:31:09.650+0000] {dagbag.py:540} INFO - Filling up the DagBag from /home/airflow/.local/lib/python3.11/site-packages/airflow/example_dags/example_dynamic_task_mapping_with_no_taskflow_operators.py
[2026-03-15T17:31:09.656+0000] {processor.py:840} INFO - DAG(s) 'example_dynamic_task_mapping_with_no_taskflow_operators' retrieved from /home/airflow/.local/lib/python3.11/site-packages/airflow/example_dags/example_dynamic_task_mapping_with_no_taskflow_operators.py
[2026-03-15T17:31:09.676+0000] {logging_mixin.py:188} INFO - [2026-03-15T17:31:09.676+0000] {dag.py:3047} INFO - Sync 1 DAGs
[2026-03-15T17:31:09.697+0000] {logging_mixin.py:188} INFO - [2026-03-15T17:31:09.697+0000] {dag.py:3834} INFO - Setting next_dagrun for example_dynamic_task_mapping_with_no_taskflow_operators to 2026-03-14 00:00:00+00:00, run_after=2026-03-15 00:00:00+00:00
[2026-03-15T17:31:09.714+0000] {processor.py:183} INFO - Processing /home/airflow/.local/lib/python3.11/site-packages/airflow/example_dags/example_dynamic_task_mapping_with_no_taskflow_operators.py took 0.069 seconds
[2026-03-15T17:31:40.015+0000] {processor.py:161} INFO - Started process (PID=637) to work on /home/airflow/.local/lib/python3.11/site-packages/airflow/example_dags/example_dynamic_task_mapping_with_no_taskflow_operators.py
[2026-03-15T17:31:40.016+0000] {processor.py:830} INFO - Processing file /home/airflow/.local/lib/python3.11/site-packages/airflow/example_dags/example_dynamic_task_mapping_with_no_taskflow_operators.py for tasks to queue
[2026-03-15T17:31:40.018+0000] {logging_mixin.py:188} INFO - [2026-03-15T17:31:40.018+0000] {dagbag.py:540} INFO - Filling up the DagBag from /home/airflow/.local/lib/python3.11/site-packages/airflow/example_dags/example_dynamic_task_mapping_with_no_taskflow_operators.py
[2026-03-15T17:31:40.024+0000] {processor.py:840} INFO - DAG(s) 'example_dynamic_task_mapping_with_no_taskflow_operators' retrieved from /home/airflow/.local/lib/python3.11/site-packages/airflow/example_dags/example_dynamic_task_mapping_with_no_taskflow_operators.py
[2026-03-15T17:31:40.042+0000] {logging_mixin.py:188} INFO - [2026-03-15T17:31:40.042+0000] {dag.py:3047} INFO - Sync 1 DAGs
[2026-03-15T17:31:40.057+0000] {logging_mixin.py:188} INFO - [2026-03-15T17:31:40.057+0000] {dag.py:3834} INFO - Setting next_dagrun for example_dynamic_task_mapping_with_no_taskflow_operators to 2026-03-14 00:00:00+00:00, run_after=2026-03-15 00:00:00+00:00
[2026-03-15T17:31:40.071+0000] {processor.py:183} INFO - Processing /home/airflow/.local/lib/python3.11/site-packages/airflow/example_dags/example_dynamic_task_mapping_with_no_taskflow_operators.py took 0.059 seconds
[2026-03-15T17:31:44.588+0000] {processor.py:161} INFO - Started process (PID=687) to work on /home/airflow/.local/lib/python3.11/site-packages/airflow/example_dags/example_dynamic_task_mapping_with_no_taskflow_operators.py
[2026-03-15T17:31:44.589+0000] {processor.py:830} INFO - Processing file /home/airflow/.local/lib/python3.11/site-packages/airflow/example_dags/example_dynamic_task_mapping_with_no_taskflow_operators.py for tasks to queue
[2026-03-15T17:31:44.592+0000] {logging_mixin.py:188} INFO - [2026-03-15T17:31:44.591+0000] {dagbag.py:540} INFO - Filling up the DagBag from /home/airflow/.local/lib/python3.11/site-packages/airflow/example_dags/example_dynamic_task_mapping_with_no_taskflow_operators.py
[2026-03-15T17:31:44.597+0000] {processor.py:840} INFO - DAG(s) 'example_dynamic_task_mapping_with_no_taskflow_operators' retrieved from /home/airflow/.local/lib/python3.11/site-packages/airflow/example_dags/example_dynamic_task_mapping_with_no_taskflow_operators.py
[2026-03-15T17:31:44.614+0000] {logging_mixin.py:188} INFO - [2026-03-15T17:31:44.614+0000] {dag.py:3047} INFO - Sync 1 DAGs
[2026-03-15T17:31:44.629+0000] {logging_mixin.py:188} INFO - [2026-03-15T17:31:44.629+0000] {dag.py:3834} INFO - Setting next_dagrun for example_dynamic_task_mapping_with_no_taskflow_operators to 2026-03-14 00:00:00+00:00, run_after=2026-03-15 00:00:00+00:00
[2026-03-15T17:31:44.645+0000] {processor.py:183} INFO - Processing /home/airflow/.local/lib/python3.11/site-packages/airflow/example_dags/example_dynamic_task_mapping_with_no_taskflow_operators.py took 0.060 seconds
[2026-03-15T17:32:15.730+0000] {processor.py:161} INFO - Started process (PID=744) to work on /home/airflow/.local/lib/python3.11/site-packages/airflow/example_dags/example_dynamic_task_mapping_with_no_taskflow_operators.py
[2026-03-15T17:32:15.732+0000] {processor.py:830} INFO - Processing file /home/airflow/.local/lib/python3.11/site-packages/airflow/example_dags/example_dynamic_task_mapping_with_no_taskflow_operators.py for tasks to queue
[2026-03-15T17:32:15.734+0000] {logging_mixin.py:188} INFO - [2026-03-15T17:32:15.734+0000] {dagbag.py:540} INFO - Filling up the DagBag from /home/airflow/.local/lib/python3.11/site-packages/airflow/example_dags/example_dynamic_task_mapping_with_no_taskflow_operators.py
[2026-03-15T17:32:15.739+0000] {processor.py:840} INFO - DAG(s) 'example_dynamic_task_mapping_with_no_taskflow_operators' retrieved from /home/airflow/.local/lib/python3.11/site-packages/airflow/example_dags/example_dynamic_task_mapping_with_no_taskflow_operators.py
[2026-03-15T17:32:15.756+0000] {logging_mixin.py:188} INFO - [2026-03-15T17:32:15.755+0000] {dag.py:3047} INFO - Sync 1 DAGs
[2026-03-15T17:32:15.777+0000] {logging_mixin.py:188} INFO - [2026-03-15T17:32:15.777+0000] {dag.py:3834} INFO - Setting next_dagrun for example_dynamic_task_mapping_with_no_taskflow_operators to 2026-03-14 00:00:00+00:00, run_after=2026-03-15 00:00:00+00:00
[2026-03-15T17:32:15.800+0000] {processor.py:183} INFO - Processing /home/airflow/.local/lib/python3.11/site-packages/airflow/example_dags/example_dynamic_task_mapping_with_no_taskflow_operators.py took 0.073 seconds
[2026-03-15T17:32:46.136+0000] {processor.py:161} INFO - Started process (PID=797) to work on /home/airflow/.local/lib/python3.11/site-packages/airflow/example_dags/example_dynamic_task_mapping_with_no_taskflow_operators.py
[2026-03-15T17:32:46.137+0000] {processor.py:830} INFO - Processing file /home/airflow/.local/lib/python3.11/site-packages/airflow/example_dags/example_dynamic_task_mapping_with_no_taskflow_operators.py for tasks to queue
[2026-03-15T17:32:46.139+0000] {logging_mixin.py:188} INFO - [2026-03-15T17:32:46.139+0000] {dagbag.py:540} INFO - Filling up the DagBag from /home/airflow/.local/lib/python3.11/site-packages/airflow/example_dags/example_dynamic_task_mapping_with_no_taskflow_operators.py
[2026-03-15T17:32:46.144+0000] {processor.py:840} INFO - DAG(s) 'example_dynamic_task_mapping_with_no_taskflow_operators' retrieved from /home/airflow/.local/lib/python3.11/site-packages/airflow/example_dags/example_dynamic_task_mapping_with_no_taskflow_operators.py
[2026-03-15T17:32:46.160+0000] {logging_mixin.py:188} INFO - [2026-03-15T17:32:46.160+0000] {dag.py:3047} INFO - Sync 1 DAGs
[2026-03-15T17:32:46.174+0000] {logging_mixin.py:188} INFO - [2026-03-15T17:32:46.174+0000] {dag.py:3834} INFO - Setting next_dagrun for example_dynamic_task_mapping_with_no_taskflow_operators to 2026-03-14 00:00:00+00:00, run_after=2026-03-15 00:00:00+00:00
[2026-03-15T17:32:46.188+0000] {processor.py:183} INFO - Processing /home/airflow/.local/lib/python3.11/site-packages/airflow/example_dags/example_dynamic_task_mapping_with_no_taskflow_operators.py took 0.055 seconds
[2026-03-15T17:32:59.700+0000] {processor.py:161} INFO - Started process (PID=853) to work on /home/airflow/.local/lib/python3.11/site-packages/airflow/example_dags/example_dynamic_task_mapping_with_no_taskflow_operators.py
[2026-03-15T17:32:59.701+0000] {processor.py:830} INFO - Processing file /home/airflow/.local/lib/python3.11/site-packages/airflow/example_dags/example_dynamic_task_mapping_with_no_taskflow_operators.py for tasks to queue
[2026-03-15T17:32:59.703+0000] {logging_mixin.py:188} INFO - [2026-03-15T17:32:59.703+0000] {dagbag.py:540} INFO - Filling up the DagBag from /home/airflow/.local/lib/python3.11/site-packages/airflow/example_dags/example_dynamic_task_mapping_with_no_taskflow_operators.py
[2026-03-15T17:32:59.708+0000] {processor.py:840} INFO - DAG(s) 'example_dynamic_task_mapping_with_no_taskflow_operators' retrieved from /home/airflow/.local/lib/python3.11/site-packages/airflow/example_dags/example_dynamic_task_mapping_with_no_taskflow_operators.py
[2026-03-15T17:32:59.723+0000] {logging_mixin.py:188} INFO - [2026-03-15T17:32:59.723+0000] {dag.py:3047} INFO - Sync 1 DAGs
[2026-03-15T17:32:59.739+0000] {logging_mixin.py:188} INFO - [2026-03-15T17:32:59.739+0000] {dag.py:3834} INFO - Setting next_dagrun for example_dynamic_task_mapping_with_no_taskflow_operators to 2026-03-14 00:00:00+00:00, run_after=2026-03-15 00:00:00+00:00
[2026-03-15T17:32:59.753+0000] {processor.py:183} INFO - Processing /home/airflow/.local/lib/python3.11/site-packages/airflow/example_dags/example_dynamic_task_mapping_with_no_taskflow_operators.py took 0.056 seconds
[2026-03-15T17:33:15.002+0000] {processor.py:161} INFO - Started process (PID=900) to work on /home/airflow/.local/lib/python3.11/site-packages/airflow/example_dags/example_dynamic_task_mapping_with_no_taskflow_operators.py
[2026-03-15T17:33:15.003+0000] {processor.py:830} INFO - Processing file /home/airflow/.local/lib/python3.11/site-packages/airflow/example_dags/example_dynamic_task_mapping_with_no_taskflow_operators.py for tasks to queue
[2026-03-15T17:33:15.005+0000] {logging_mixin.py:188} INFO - [2026-03-15T17:33:15.004+0000] {dagbag.py:540} INFO - Filling up the DagBag from /home/airflow/.local/lib/python3.11/site-packages/airflow/example_dags/example_dynamic_task_mapping_with_no_taskflow_operators.py
[2026-03-15T17:33:15.010+0000] {processor.py:840} INFO - DAG(s) 'example_dynamic_task_mapping_with_no_taskflow_operators' retrieved from /home/airflow/.local/lib/python3.11/site-packages/airflow/example_dags/example_dynamic_task_mapping_with_no_taskflow_operators.py
[2026-03-15T17:33:15.025+0000] {logging_mixin.py:188} INFO - [2026-03-15T17:33:15.025+0000] {dag.py:3047} INFO - Sync 1 DAGs
[2026-03-15T17:33:15.043+0000] {logging_mixin.py:188} INFO - [2026-03-15T17:33:15.042+0000] {dag.py:3834} INFO - Setting next_dagrun for example_dynamic_task_mapping_with_no_taskflow_operators to 2026-03-14 00:00:00+00:00, run_after=2026-03-15 00:00:00+00:00
[2026-03-15T17:33:15.063+0000] {processor.py:183} INFO - Processing /home/airflow/.local/lib/python3.11/site-packages/airflow/example_dags/example_dynamic_task_mapping_with_no_taskflow_operators.py took 0.064 seconds
[2026-03-15T17:33:45.426+0000] {processor.py:161} INFO - Started process (PID=957) to work on /home/airflow/.local/lib/python3.11/site-packages/airflow/example_dags/example_dynamic_task_mapping_with_no_taskflow_operators.py
[2026-03-15T17:33:45.427+0000] {processor.py:830} INFO - Processing file /home/airflow/.local/lib/python3.11/site-packages/airflow/example_dags/example_dynamic_task_mapping_with_no_taskflow_operators.py for tasks to queue
[2026-03-15T17:33:45.430+0000] {logging_mixin.py:188} INFO - [2026-03-15T17:33:45.429+0000] {dagbag.py:540} INFO - Filling up the DagBag from /home/airflow/.local/lib/python3.11/site-packages/airflow/example_dags/example_dynamic_task_mapping_with_no_taskflow_operators.py
[2026-03-15T17:33:45.435+0000] {processor.py:840} INFO - DAG(s) 'example_dynamic_task_mapping_with_no_taskflow_operators' retrieved from /home/airflow/.local/lib/python3.11/site-packages/airflow/example_dags/example_dynamic_task_mapping_with_no_taskflow_operators.py
[2026-03-15T17:33:45.451+0000] {logging_mixin.py:188} INFO - [2026-03-15T17:33:45.450+0000] {dag.py:3047} INFO - Sync 1 DAGs
[2026-03-15T17:33:45.465+0000] {logging_mixin.py:188} INFO - [2026-03-15T17:33:45.465+0000] {dag.py:3834} INFO - Setting next_dagrun for example_dynamic_task_mapping_with_no_taskflow_operators to 2026-03-14 00:00:00+00:00, run_after=2026-03-15 00:00:00+00:00
[2026-03-15T17:33:45.479+0000] {processor.py:183} INFO - Processing /home/airflow/.local/lib/python3.11/site-packages/airflow/example_dags/example_dynamic_task_mapping_with_no_taskflow_operators.py took 0.056 seconds
[2026-03-15T17:33:50.048+0000] {processor.py:161} INFO - Started process (PID=1007) to work on /home/airflow/.local/lib/python3.11/site-packages/airflow/example_dags/example_dynamic_task_mapping_with_no_taskflow_operators.py
[2026-03-15T17:33:50.049+0000] {processor.py:830} INFO - Processing file /home/airflow/.local/lib/python3.11/site-packages/airflow/example_dags/example_dynamic_task_mapping_with_no_taskflow_operators.py for tasks to queue
[2026-03-15T17:33:50.051+0000] {logging_mixin.py:188} INFO - [2026-03-15T17:33:50.051+0000] {dagbag.py:540} INFO - Filling up the DagBag from /home/airflow/.local/lib/python3.11/site-packages/airflow/example_dags/example_dynamic_task_mapping_with_no_taskflow_operators.py
[2026-03-15T17:33:50.056+0000] {processor.py:840} INFO - DAG(s) 'example_dynamic_task_mapping_with_no_taskflow_operators' retrieved from /home/airflow/.local/lib/python3.11/site-packages/airflow/example_dags/example_dynamic_task_mapping_with_no_taskflow_operators.py
[2026-03-15T17:33:50.071+0000] {logging_mixin.py:188} INFO - [2026-03-15T17:33:50.071+0000] {dag.py:3047} INFO - Sync 1 DAGs
[2026-03-15T17:33:50.086+0000] {logging_mixin.py:188} INFO - [2026-03-15T17:33:50.086+0000] {dag.py:3834} INFO - Setting next_dagrun for example_dynamic_task_mapping_with_no_taskflow_operators to 2026-03-14 00:00:00+00:00, run_after=2026-03-15 00:00:00+00:00
[2026-03-15T17:33:50.101+0000] {processor.py:183} INFO - Processing /home/airflow/.local/lib/python3.11/site-packages/airflow/example_dags/example_dynamic_task_mapping_with_no_taskflow_operators.py took 0.055 seconds
[2026-03-15T17:34:08.579+0000] {processor.py:161} INFO - Started process (PID=1063) to work on /home/airflow/.local/lib/python3.11/site-packages/airflow/example_dags/example_dynamic_task_mapping_with_no_taskflow_operators.py
[2026-03-15T17:34:08.580+0000] {processor.py:830} INFO - Processing file /home/airflow/.local/lib/python3.11/site-packages/airflow/example_dags/example_dynamic_task_mapping_with_no_taskflow_operators.py for tasks to queue
[2026-03-15T17:34:08.581+0000] {logging_mixin.py:188} INFO - [2026-03-15T17:34:08.581+0000] {dagbag.py:540} INFO - Filling up the DagBag from /home/airflow/.local/lib/python3.11/site-packages/airflow/example_dags/example_dynamic_task_mapping_with_no_taskflow_operators.py
[2026-03-15T17:34:08.589+0000] {processor.py:840} INFO - DAG(s) 'example_dynamic_task_mapping_with_no_taskflow_operators' retrieved from /home/airflow/.local/lib/python3.11/site-packages/airflow/example_dags/example_dynamic_task_mapping_with_no_taskflow_operators.py
[2026-03-15T17:34:08.605+0000] {logging_mixin.py:188} INFO - [2026-03-15T17:34:08.605+0000] {dag.py:3047} INFO - Sync 1 DAGs
[2026-03-15T17:34:08.620+0000] {logging_mixin.py:188} INFO - [2026-03-15T17:34:08.620+0000] {dag.py:3834} INFO - Setting next_dagrun for example_dynamic_task_mapping_with_no_taskflow_operators to 2026-03-14 00:00:00+00:00, run_after=2026-03-15 00:00:00+00:00
[2026-03-15T17:34:08.632+0000] {processor.py:183} INFO - Processing /home/airflow/.local/lib/python3.11/site-packages/airflow/example_dags/example_dynamic_task_mapping_with_no_taskflow_operators.py took 0.057 seconds
[2026-03-15T17:34:14.671+0000] {processor.py:161} INFO - Started process (PID=1106) to work on /home/airflow/.local/lib/python3.11/site-packages/airflow/example_dags/example_dynamic_task_mapping_with_no_taskflow_operators.py
[2026-03-15T17:34:14.673+0000] {processor.py:830} INFO - Processing file /home/airflow/.local/lib/python3.11/site-packages/airflow/example_dags/example_dynamic_task_mapping_with_no_taskflow_operators.py for tasks to queue
[2026-03-15T17:34:14.674+0000] {logging_mixin.py:188} INFO - [2026-03-15T17:34:14.674+0000] {dagbag.py:540} INFO - Filling up the DagBag from /home/airflow/.local/lib/python3.11/site-packages/airflow/example_dags/example_dynamic_task_mapping_with_no_taskflow_operators.py
[2026-03-15T17:34:14.680+0000] {processor.py:840} INFO - DAG(s) 'example_dynamic_task_mapping_with_no_taskflow_operators' retrieved from /home/airflow/.local/lib/python3.11/site-packages/airflow/example_dags/example_dynamic_task_mapping_with_no_taskflow_operators.py
[2026-03-15T17:34:14.696+0000] {logging_mixin.py:188} INFO - [2026-03-15T17:34:14.696+0000] {dag.py:3047} INFO - Sync 1 DAGs
[2026-03-15T17:34:14.711+0000] {logging_mixin.py:188} INFO - [2026-03-15T17:34:14.711+0000] {dag.py:3834} INFO - Setting next_dagrun for example_dynamic_task_mapping_with_no_taskflow_operators to 2026-03-14 00:00:00+00:00, run_after=2026-03-15 00:00:00+00:00
[2026-03-15T17:34:14.724+0000] {processor.py:183} INFO - Processing /home/airflow/.local/lib/python3.11/site-packages/airflow/example_dags/example_dynamic_task_mapping_with_no_taskflow_operators.py took 0.056 seconds
[2026-03-15T17:34:19.653+0000] {processor.py:161} INFO - Started process (PID=1147) to work on /home/airflow/.local/lib/python3.11/site-packages/airflow/example_dags/example_dynamic_task_mapping_with_no_taskflow_operators.py
[2026-03-15T17:34:19.655+0000] {processor.py:830} INFO - Processing file /home/airflow/.local/lib/python3.11/site-packages/airflow/example_dags/example_dynamic_task_mapping_with_no_taskflow_operators.py for tasks to queue
[2026-03-15T17:34:19.656+0000] {logging_mixin.py:188} INFO - [2026-03-15T17:34:19.656+0000] {dagbag.py:540} INFO - Filling up the DagBag from /home/airflow/.local/lib/python3.11/site-packages/airflow/example_dags/example_dynamic_task_mapping_with_no_taskflow_operators.py
[2026-03-15T17:34:19.662+0000] {processor.py:840} INFO - DAG(s) 'example_dynamic_task_mapping_with_no_taskflow_operators' retrieved from /home/airflow/.local/lib/python3.11/site-packages/airflow/example_dags/example_dynamic_task_mapping_with_no_taskflow_operators.py
[2026-03-15T17:34:19.678+0000] {logging_mixin.py:188} INFO - [2026-03-15T17:34:19.678+0000] {dag.py:3047} INFO - Sync 1 DAGs
[2026-03-15T17:34:19.696+0000] {logging_mixin.py:188} INFO - [2026-03-15T17:34:19.696+0000] {dag.py:3834} INFO - Setting next_dagrun for example_dynamic_task_mapping_with_no_taskflow_operators to 2026-03-14 00:00:00+00:00, run_after=2026-03-15 00:00:00+00:00
[2026-03-15T17:34:19.714+0000] {processor.py:183} INFO - Processing /home/airflow/.local/lib/python3.11/site-packages/airflow/example_dags/example_dynamic_task_mapping_with_no_taskflow_operators.py took 0.064 seconds
[2026-03-15T17:34:24.603+0000] {processor.py:161} INFO - Started process (PID=1186) to work on /home/airflow/.local/lib/python3.11/site-packages/airflow/example_dags/example_dynamic_task_mapping_with_no_taskflow_operators.py
[2026-03-15T17:34:24.604+0000] {processor.py:830} INFO - Processing file /home/airflow/.local/lib/python3.11/site-packages/airflow/example_dags/example_dynamic_task_mapping_with_no_taskflow_operators.py for tasks to queue
[2026-03-15T17:34:24.605+0000] {logging_mixin.py:188} INFO - [2026-03-15T17:34:24.605+0000] {dagbag.py:540} INFO - Filling up the DagBag from /home/airflow/.local/lib/python3.11/site-packages/airflow/example_dags/example_dynamic_task_mapping_with_no_taskflow_operators.py
[2026-03-15T17:34:24.612+0000] {processor.py:840} INFO - DAG(s) 'example_dynamic_task_mapping_with_no_taskflow_operators' retrieved from /home/airflow/.local/lib/python3.11/site-packages/airflow/example_dags/example_dynamic_task_mapping_with_no_taskflow_operators.py
[2026-03-15T17:34:24.631+0000] {logging_mixin.py:188} INFO - [2026-03-15T17:34:24.631+0000] {dag.py:3047} INFO - Sync 1 DAGs
[2026-03-15T17:34:24.649+0000] {logging_mixin.py:188} INFO - [2026-03-15T17:34:24.649+0000] {dag.py:3834} INFO - Setting next_dagrun for example_dynamic_task_mapping_with_no_taskflow_operators to 2026-03-14 00:00:00+00:00, run_after=2026-03-15 00:00:00+00:00
[2026-03-15T17:34:24.666+0000] {processor.py:183} INFO - Processing /home/airflow/.local/lib/python3.11/site-packages/airflow/example_dags/example_dynamic_task_mapping_with_no_taskflow_operators.py took 0.066 seconds
[2026-03-15T17:34:39.348+0000] {processor.py:161} INFO - Started process (PID=1233) to work on /home/airflow/.local/lib/python3.11/site-packages/airflow/example_dags/example_dynamic_task_mapping_with_no_taskflow_operators.py
[2026-03-15T17:34:39.349+0000] {processor.py:830} INFO - Processing file /home/airflow/.local/lib/python3.11/site-packages/airflow/example_dags/example_dynamic_task_mapping_with_no_taskflow_operators.py for tasks to queue
[2026-03-15T17:34:39.351+0000] {logging_mixin.py:188} INFO - [2026-03-15T17:34:39.351+0000] {dagbag.py:540} INFO - Filling up the DagBag from /home/airflow/.local/lib/python3.11/site-packages/airflow/example_dags/example_dynamic_task_mapping_with_no_taskflow_operators.py
[2026-03-15T17:34:39.356+0000] {processor.py:840} INFO - DAG(s) 'example_dynamic_task_mapping_with_no_taskflow_operators' retrieved from /home/airflow/.local/lib/python3.11/site-packages/airflow/example_dags/example_dynamic_task_mapping_with_no_taskflow_operators.py
[2026-03-15T17:34:39.371+0000] {logging_mixin.py:188} INFO - [2026-03-15T17:34:39.371+0000] {dag.py:3047} INFO - Sync 1 DAGs
[2026-03-15T17:34:39.386+0000] {logging_mixin.py:188} INFO - [2026-03-15T17:34:39.386+0000] {dag.py:3834} INFO - Setting next_dagrun for example_dynamic_task_mapping_with_no_taskflow_operators to 2026-03-14 00:00:00+00:00, run_after=2026-03-15 00:00:00+00:00
[2026-03-15T17:34:39.400+0000] {processor.py:183} INFO - Processing /home/airflow/.local/lib/python3.11/site-packages/airflow/example_dags/example_dynamic_task_mapping_with_no_taskflow_operators.py took 0.055 seconds
[2026-03-15T17:34:44.414+0000] {processor.py:161} INFO - Started process (PID=1273) to work on /home/airflow/.local/lib/python3.11/site-packages/airflow/example_dags/example_dynamic_task_mapping_with_no_taskflow_operators.py
[2026-03-15T17:34:44.417+0000] {processor.py:830} INFO - Processing file /home/airflow/.local/lib/python3.11/site-packages/airflow/example_dags/example_dynamic_task_mapping_with_no_taskflow_operators.py for tasks to queue
[2026-03-15T17:34:44.420+0000] {logging_mixin.py:188} INFO - [2026-03-15T17:34:44.420+0000] {dagbag.py:540} INFO - Filling up the DagBag from /home/airflow/.local/lib/python3.11/site-packages/airflow/example_dags/example_dynamic_task_mapping_with_no_taskflow_operators.py
[2026-03-15T17:34:44.431+0000] {processor.py:840} INFO - DAG(s) 'example_dynamic_task_mapping_with_no_taskflow_operators' retrieved from /home/airflow/.local/lib/python3.11/site-packages/airflow/example_dags/example_dynamic_task_mapping_with_no_taskflow_operators.py
[2026-03-15T17:34:44.453+0000] {logging_mixin.py:188} INFO - [2026-03-15T17:34:44.452+0000] {dag.py:3047} INFO - Sync 1 DAGs
[2026-03-15T17:34:44.471+0000] {logging_mixin.py:188} INFO - [2026-03-15T17:34:44.471+0000] {dag.py:3834} INFO - Setting next_dagrun for example_dynamic_task_mapping_with_no_taskflow_operators to 2026-03-14 00:00:00+00:00, run_after=2026-03-15 00:00:00+00:00
[2026-03-15T17:34:44.489+0000] {processor.py:183} INFO - Processing /home/airflow/.local/lib/python3.11/site-packages/airflow/example_dags/example_dynamic_task_mapping_with_no_taskflow_operators.py took 0.079 seconds
[2026-03-15T17:34:49.514+0000] {processor.py:161} INFO - Started process (PID=1313) to work on /home/airflow/.local/lib/python3.11/site-packages/airflow/example_dags/example_dynamic_task_mapping_with_no_taskflow_operators.py
[2026-03-15T17:34:49.515+0000] {processor.py:830} INFO - Processing file /home/airflow/.local/lib/python3.11/site-packages/airflow/example_dags/example_dynamic_task_mapping_with_no_taskflow_operators.py for tasks to queue
[2026-03-15T17:34:49.516+0000] {logging_mixin.py:188} INFO - [2026-03-15T17:34:49.516+0000] {dagbag.py:540} INFO - Filling up the DagBag from /home/airflow/.local/lib/python3.11/site-packages/airflow/example_dags/example_dynamic_task_mapping_with_no_taskflow_operators.py
[2026-03-15T17:34:49.522+0000] {processor.py:840} INFO - DAG(s) 'example_dynamic_task_mapping_with_no_taskflow_operators' retrieved from /home/airflow/.local/lib/python3.11/site-packages/airflow/example_dags/example_dynamic_task_mapping_with_no_taskflow_operators.py
[2026-03-15T17:34:49.536+0000] {logging_mixin.py:188} INFO - [2026-03-15T17:34:49.536+0000] {dag.py:3047} INFO - Sync 1 DAGs
[2026-03-15T17:34:49.551+0000] {logging_mixin.py:188} INFO - [2026-03-15T17:34:49.550+0000] {dag.py:3834} INFO - Setting next_dagrun for example_dynamic_task_mapping_with_no_taskflow_operators to 2026-03-14 00:00:00+00:00, run_after=2026-03-15 00:00:00+00:00
[2026-03-15T17:34:49.563+0000] {processor.py:183} INFO - Processing /home/airflow/.local/lib/python3.11/site-packages/airflow/example_dags/example_dynamic_task_mapping_with_no_taskflow_operators.py took 0.052 seconds
[2026-03-15T17:34:54.668+0000] {processor.py:161} INFO - Started process (PID=1353) to work on /home/airflow/.local/lib/python3.11/site-packages/airflow/example_dags/example_dynamic_task_mapping_with_no_taskflow_operators.py
[2026-03-15T17:34:54.669+0000] {processor.py:830} INFO - Processing file /home/airflow/.local/lib/python3.11/site-packages/airflow/example_dags/example_dynamic_task_mapping_with_no_taskflow_operators.py for tasks to queue
[2026-03-15T17:34:54.670+0000] {logging_mixin.py:188} INFO - [2026-03-15T17:34:54.670+0000] {dagbag.py:540} INFO - Filling up the DagBag from /home/airflow/.local/lib/python3.11/site-packages/airflow/example_dags/example_dynamic_task_mapping_with_no_taskflow_operators.py
[2026-03-15T17:34:54.676+0000] {processor.py:840} INFO - DAG(s) 'example_dynamic_task_mapping_with_no_taskflow_operators' retrieved from /home/airflow/.local/lib/python3.11/site-packages/airflow/example_dags/example_dynamic_task_mapping_with_no_taskflow_operators.py
[2026-03-15T17:34:54.690+0000] {logging_mixin.py:188} INFO - [2026-03-15T17:34:54.690+0000] {dag.py:3047} INFO - Sync 1 DAGs
[2026-03-15T17:34:54.706+0000] {logging_mixin.py:188} INFO - [2026-03-15T17:34:54.706+0000] {dag.py:3834} INFO - Setting next_dagrun for example_dynamic_task_mapping_with_no_taskflow_operators to 2026-03-14 00:00:00+00:00, run_after=2026-03-15 00:00:00+00:00
[2026-03-15T17:34:54.719+0000] {processor.py:183} INFO - Processing /home/airflow/.local/lib/python3.11/site-packages/airflow/example_dags/example_dynamic_task_mapping_with_no_taskflow_operators.py took 0.054 seconds
[2026-03-15T17:34:59.482+0000] {processor.py:161} INFO - Started process (PID=1399) to work on /home/airflow/.local/lib/python3.11/site-packages/airflow/example_dags/example_dynamic_task_mapping_with_no_taskflow_operators.py
[2026-03-15T17:34:59.483+0000] {processor.py:830} INFO - Processing file /home/airflow/.local/lib/python3.11/site-packages/airflow/example_dags/example_dynamic_task_mapping_with_no_taskflow_operators.py for tasks to queue
[2026-03-15T17:34:59.484+0000] {logging_mixin.py:188} INFO - [2026-03-15T17:34:59.484+0000] {dagbag.py:540} INFO - Filling up the DagBag from /home/airflow/.local/lib/python3.11/site-packages/airflow/example_dags/example_dynamic_task_mapping_with_no_taskflow_operators.py
[2026-03-15T17:34:59.490+0000] {processor.py:840} INFO - DAG(s) 'example_dynamic_task_mapping_with_no_taskflow_operators' retrieved from /home/airflow/.local/lib/python3.11/site-packages/airflow/example_dags/example_dynamic_task_mapping_with_no_taskflow_operators.py
[2026-03-15T17:34:59.505+0000] {logging_mixin.py:188} INFO - [2026-03-15T17:34:59.504+0000] {dag.py:3047} INFO - Sync 1 DAGs
[2026-03-15T17:34:59.519+0000] {logging_mixin.py:188} INFO - [2026-03-15T17:34:59.519+0000] {dag.py:3834} INFO - Setting next_dagrun for example_dynamic_task_mapping_with_no_taskflow_operators to 2026-03-14 00:00:00+00:00, run_after=2026-03-15 00:00:00+00:00
[2026-03-15T17:34:59.535+0000] {processor.py:183} INFO - Processing /home/airflow/.local/lib/python3.11/site-packages/airflow/example_dags/example_dynamic_task_mapping_with_no_taskflow_operators.py took 0.056 seconds
[2026-03-15T17:35:57.776+0000] {processor.py:161} INFO - Started process (PID=1436) to work on /home/airflow/.local/lib/python3.11/site-packages/airflow/example_dags/example_dynamic_task_mapping_with_no_taskflow_operators.py
[2026-03-15T17:35:57.777+0000] {processor.py:830} INFO - Processing file /home/airflow/.local/lib/python3.11/site-packages/airflow/example_dags/example_dynamic_task_mapping_with_no_taskflow_operators.py for tasks to queue
[2026-03-15T17:35:57.779+0000] {logging_mixin.py:188} INFO - [2026-03-15T17:35:57.779+0000] {dagbag.py:540} INFO - Filling up the DagBag from /home/airflow/.local/lib/python3.11/site-packages/airflow/example_dags/example_dynamic_task_mapping_with_no_taskflow_operators.py
[2026-03-15T17:35:57.784+0000] {processor.py:840} INFO - DAG(s) 'example_dynamic_task_mapping_with_no_taskflow_operators' retrieved from /home/airflow/.local/lib/python3.11/site-packages/airflow/example_dags/example_dynamic_task_mapping_with_no_taskflow_operators.py
[2026-03-15T17:35:57.799+0000] {logging_mixin.py:188} INFO - [2026-03-15T17:35:57.799+0000] {dag.py:3047} INFO - Sync 1 DAGs
[2026-03-15T17:35:57.813+0000] {logging_mixin.py:188} INFO - [2026-03-15T17:35:57.813+0000] {dag.py:3834} INFO - Setting next_dagrun for example_dynamic_task_mapping_with_no_taskflow_operators to 2026-03-14 00:00:00+00:00, run_after=2026-03-15 00:00:00+00:00
[2026-03-15T17:35:57.828+0000] {processor.py:183} INFO - Processing /home/airflow/.local/lib/python3.11/site-packages/airflow/example_dags/example_dynamic_task_mapping_with_no_taskflow_operators.py took 0.055 seconds
[2026-03-15T17:35:49.983+0000] {processor.py:161} INFO - Started process (PID=1526) to work on /home/airflow/.local/lib/python3.11/site-packages/airflow/example_dags/example_dynamic_task_mapping_with_no_taskflow_operators.py
[2026-03-15T17:35:49.984+0000] {processor.py:830} INFO - Processing file /home/airflow/.local/lib/python3.11/site-packages/airflow/example_dags/example_dynamic_task_mapping_with_no_taskflow_operators.py for tasks to queue
[2026-03-15T17:35:49.987+0000] {logging_mixin.py:188} INFO - [2026-03-15T17:35:49.986+0000] {dagbag.py:540} INFO - Filling up the DagBag from /home/airflow/.local/lib/python3.11/site-packages/airflow/example_dags/example_dynamic_task_mapping_with_no_taskflow_operators.py
[2026-03-15T17:35:49.992+0000] {processor.py:840} INFO - DAG(s) 'example_dynamic_task_mapping_with_no_taskflow_operators' retrieved from /home/airflow/.local/lib/python3.11/site-packages/airflow/example_dags/example_dynamic_task_mapping_with_no_taskflow_operators.py
[2026-03-15T17:35:50.009+0000] {logging_mixin.py:188} INFO - [2026-03-15T17:35:50.009+0000] {dag.py:3047} INFO - Sync 1 DAGs
[2026-03-15T17:35:50.025+0000] {logging_mixin.py:188} INFO - [2026-03-15T17:35:50.025+0000] {dag.py:3834} INFO - Setting next_dagrun for example_dynamic_task_mapping_with_no_taskflow_operators to 2026-03-14 00:00:00+00:00, run_after=2026-03-15 00:00:00+00:00
[2026-03-15T17:35:50.040+0000] {processor.py:183} INFO - Processing /home/airflow/.local/lib/python3.11/site-packages/airflow/example_dags/example_dynamic_task_mapping_with_no_taskflow_operators.py took 0.060 seconds
[2026-03-15T17:35:54.988+0000] {processor.py:161} INFO - Started process (PID=1564) to work on /home/airflow/.local/lib/python3.11/site-packages/airflow/example_dags/example_dynamic_task_mapping_with_no_taskflow_operators.py
[2026-03-15T17:35:54.989+0000] {processor.py:830} INFO - Processing file /home/airflow/.local/lib/python3.11/site-packages/airflow/example_dags/example_dynamic_task_mapping_with_no_taskflow_operators.py for tasks to queue
[2026-03-15T17:35:54.991+0000] {logging_mixin.py:188} INFO - [2026-03-15T17:35:54.990+0000] {dagbag.py:540} INFO - Filling up the DagBag from /home/airflow/.local/lib/python3.11/site-packages/airflow/example_dags/example_dynamic_task_mapping_with_no_taskflow_operators.py
[2026-03-15T17:35:54.997+0000] {processor.py:840} INFO - DAG(s) 'example_dynamic_task_mapping_with_no_taskflow_operators' retrieved from /home/airflow/.local/lib/python3.11/site-packages/airflow/example_dags/example_dynamic_task_mapping_with_no_taskflow_operators.py
[2026-03-15T17:35:55.014+0000] {logging_mixin.py:188} INFO - [2026-03-15T17:35:55.014+0000] {dag.py:3047} INFO - Sync 1 DAGs
[2026-03-15T17:35:55.032+0000] {logging_mixin.py:188} INFO - [2026-03-15T17:35:55.032+0000] {dag.py:3834} INFO - Setting next_dagrun for example_dynamic_task_mapping_with_no_taskflow_operators to 2026-03-14 00:00:00+00:00, run_after=2026-03-15 00:00:00+00:00
[2026-03-15T17:35:55.050+0000] {processor.py:183} INFO - Processing /home/airflow/.local/lib/python3.11/site-packages/airflow/example_dags/example_dynamic_task_mapping_with_no_taskflow_operators.py took 0.064 seconds
[2026-03-15T17:36:08.827+0000] {processor.py:161} INFO - Started process (PID=1608) to work on /home/airflow/.local/lib/python3.11/site-packages/airflow/example_dags/example_dynamic_task_mapping_with_no_taskflow_operators.py
[2026-03-15T17:36:08.828+0000] {processor.py:830} INFO - Processing file /home/airflow/.local/lib/python3.11/site-packages/airflow/example_dags/example_dynamic_task_mapping_with_no_taskflow_operators.py for tasks to queue
[2026-03-15T17:36:08.830+0000] {logging_mixin.py:188} INFO - [2026-03-15T17:36:08.829+0000] {dagbag.py:540} INFO - Filling up the DagBag from /home/airflow/.local/lib/python3.11/site-packages/airflow/example_dags/example_dynamic_task_mapping_with_no_taskflow_operators.py
[2026-03-15T17:36:08.836+0000] {processor.py:840} INFO - DAG(s) 'example_dynamic_task_mapping_with_no_taskflow_operators' retrieved from /home/airflow/.local/lib/python3.11/site-packages/airflow/example_dags/example_dynamic_task_mapping_with_no_taskflow_operators.py
[2026-03-15T17:36:08.851+0000] {logging_mixin.py:188} INFO - [2026-03-15T17:36:08.851+0000] {dag.py:3047} INFO - Sync 1 DAGs
[2026-03-15T17:36:08.868+0000] {logging_mixin.py:188} INFO - [2026-03-15T17:36:08.867+0000] {dag.py:3834} INFO - Setting next_dagrun for example_dynamic_task_mapping_with_no_taskflow_operators to 2026-03-14 00:00:00+00:00, run_after=2026-03-15 00:00:00+00:00
[2026-03-15T17:36:08.883+0000] {processor.py:183} INFO - Processing /home/airflow/.local/lib/python3.11/site-packages/airflow/example_dags/example_dynamic_task_mapping_with_no_taskflow_operators.py took 0.059 seconds
[2026-03-15T17:36:14.970+0000] {processor.py:161} INFO - Started process (PID=1648) to work on /home/airflow/.local/lib/python3.11/site-packages/airflow/example_dags/example_dynamic_task_mapping_with_no_taskflow_operators.py
[2026-03-15T17:36:14.971+0000] {processor.py:830} INFO - Processing file /home/airflow/.local/lib/python3.11/site-packages/airflow/example_dags/example_dynamic_task_mapping_with_no_taskflow_operators.py for tasks to queue
[2026-03-15T17:36:14.973+0000] {logging_mixin.py:188} INFO - [2026-03-15T17:36:14.973+0000] {dagbag.py:540} INFO - Filling up the DagBag from /home/airflow/.local/lib/python3.11/site-packages/airflow/example_dags/example_dynamic_task_mapping_with_no_taskflow_operators.py
[2026-03-15T17:36:14.980+0000] {processor.py:840} INFO - DAG(s) 'example_dynamic_task_mapping_with_no_taskflow_operators' retrieved from /home/airflow/.local/lib/python3.11/site-packages/airflow/example_dags/example_dynamic_task_mapping_with_no_taskflow_operators.py
[2026-03-15T17:36:15.005+0000] {logging_mixin.py:188} INFO - [2026-03-15T17:36:15.004+0000] {dag.py:3047} INFO - Sync 1 DAGs
[2026-03-15T17:36:15.025+0000] {logging_mixin.py:188} INFO - [2026-03-15T17:36:15.025+0000] {dag.py:3834} INFO - Setting next_dagrun for example_dynamic_task_mapping_with_no_taskflow_operators to 2026-03-14 00:00:00+00:00, run_after=2026-03-15 00:00:00+00:00
[2026-03-15T17:36:15.044+0000] {processor.py:183} INFO - Processing /home/airflow/.local/lib/python3.11/site-packages/airflow/example_dags/example_dynamic_task_mapping_with_no_taskflow_operators.py took 0.079 seconds
[2026-03-15T17:36:45.271+0000] {processor.py:161} INFO - Started process (PID=1692) to work on /home/airflow/.local/lib/python3.11/site-packages/airflow/example_dags/example_dynamic_task_mapping_with_no_taskflow_operators.py
[2026-03-15T17:36:45.272+0000] {processor.py:830} INFO - Processing file /home/airflow/.local/lib/python3.11/site-packages/airflow/example_dags/example_dynamic_task_mapping_with_no_taskflow_operators.py for tasks to queue
[2026-03-15T17:36:45.275+0000] {logging_mixin.py:188} INFO - [2026-03-15T17:36:45.274+0000] {dagbag.py:540} INFO - Filling up the DagBag from /home/airflow/.local/lib/python3.11/site-packages/airflow/example_dags/example_dynamic_task_mapping_with_no_taskflow_operators.py
[2026-03-15T17:36:45.284+0000] {processor.py:840} INFO - DAG(s) 'example_dynamic_task_mapping_with_no_taskflow_operators' retrieved from /home/airflow/.local/lib/python3.11/site-packages/airflow/example_dags/example_dynamic_task_mapping_with_no_taskflow_operators.py
[2026-03-15T17:36:45.303+0000] {logging_mixin.py:188} INFO - [2026-03-15T17:36:45.302+0000] {dag.py:3047} INFO - Sync 1 DAGs
[2026-03-15T17:36:45.322+0000] {logging_mixin.py:188} INFO - [2026-03-15T17:36:45.321+0000] {dag.py:3834} INFO - Setting next_dagrun for example_dynamic_task_mapping_with_no_taskflow_operators to 2026-03-14 00:00:00+00:00, run_after=2026-03-15 00:00:00+00:00
[2026-03-15T17:36:45.340+0000] {processor.py:183} INFO - Processing /home/airflow/.local/lib/python3.11/site-packages/airflow/example_dags/example_dynamic_task_mapping_with_no_taskflow_operators.py took 0.073 seconds
[2026-03-15T17:37:16.326+0000] {processor.py:161} INFO - Started process (PID=1740) to work on /home/airflow/.local/lib/python3.11/site-packages/airflow/example_dags/example_dynamic_task_mapping_with_no_taskflow_operators.py
[2026-03-15T17:37:16.327+0000] {processor.py:830} INFO - Processing file /home/airflow/.local/lib/python3.11/site-packages/airflow/example_dags/example_dynamic_task_mapping_with_no_taskflow_operators.py for tasks to queue
[2026-03-15T17:37:16.328+0000] {logging_mixin.py:188} INFO - [2026-03-15T17:37:16.328+0000] {dagbag.py:540} INFO - Filling up the DagBag from /home/airflow/.local/lib/python3.11/site-packages/airflow/example_dags/example_dynamic_task_mapping_with_no_taskflow_operators.py
[2026-03-15T17:37:16.334+0000] {processor.py:840} INFO - DAG(s) 'example_dynamic_task_mapping_with_no_taskflow_operators' retrieved from /home/airflow/.local/lib/python3.11/site-packages/airflow/example_dags/example_dynamic_task_mapping_with_no_taskflow_operators.py
[2026-03-15T17:37:16.350+0000] {logging_mixin.py:188} INFO - [2026-03-15T17:37:16.350+0000] {dag.py:3047} INFO - Sync 1 DAGs
[2026-03-15T17:37:16.364+0000] {logging_mixin.py:188} INFO - [2026-03-15T17:37:16.364+0000] {dag.py:3834} INFO - Setting next_dagrun for example_dynamic_task_mapping_with_no_taskflow_operators to 2026-03-14 00:00:00+00:00, run_after=2026-03-15 00:00:00+00:00
[2026-03-15T17:37:16.377+0000] {processor.py:183} INFO - Processing /home/airflow/.local/lib/python3.11/site-packages/airflow/example_dags/example_dynamic_task_mapping_with_no_taskflow_operators.py took 0.055 seconds
[2026-03-15T17:37:20.564+0000] {processor.py:161} INFO - Started process (PID=1790) to work on /home/airflow/.local/lib/python3.11/site-packages/airflow/example_dags/example_dynamic_task_mapping_with_no_taskflow_operators.py
[2026-03-15T17:37:20.564+0000] {processor.py:830} INFO - Processing file /home/airflow/.local/lib/python3.11/site-packages/airflow/example_dags/example_dynamic_task_mapping_with_no_taskflow_operators.py for tasks to queue
[2026-03-15T17:37:20.566+0000] {logging_mixin.py:188} INFO - [2026-03-15T17:37:20.566+0000] {dagbag.py:540} INFO - Filling up the DagBag from /home/airflow/.local/lib/python3.11/site-packages/airflow/example_dags/example_dynamic_task_mapping_with_no_taskflow_operators.py
[2026-03-15T17:37:20.571+0000] {processor.py:840} INFO - DAG(s) 'example_dynamic_task_mapping_with_no_taskflow_operators' retrieved from /home/airflow/.local/lib/python3.11/site-packages/airflow/example_dags/example_dynamic_task_mapping_with_no_taskflow_operators.py
[2026-03-15T17:37:20.586+0000] {logging_mixin.py:188} INFO - [2026-03-15T17:37:20.585+0000] {dag.py:3047} INFO - Sync 1 DAGs
[2026-03-15T17:37:20.599+0000] {logging_mixin.py:188} INFO - [2026-03-15T17:37:20.599+0000] {dag.py:3834} INFO - Setting next_dagrun for example_dynamic_task_mapping_with_no_taskflow_operators to 2026-03-14 00:00:00+00:00, run_after=2026-03-15 00:00:00+00:00
[2026-03-15T17:37:20.614+0000] {processor.py:183} INFO - Processing /home/airflow/.local/lib/python3.11/site-packages/airflow/example_dags/example_dynamic_task_mapping_with_no_taskflow_operators.py took 0.053 seconds
[2026-03-15T17:37:39.158+0000] {processor.py:161} INFO - Started process (PID=1845) to work on /home/airflow/.local/lib/python3.11/site-packages/airflow/example_dags/example_dynamic_task_mapping_with_no_taskflow_operators.py
[2026-03-15T17:37:39.159+0000] {processor.py:830} INFO - Processing file /home/airflow/.local/lib/python3.11/site-packages/airflow/example_dags/example_dynamic_task_mapping_with_no_taskflow_operators.py for tasks to queue
[2026-03-15T17:37:39.160+0000] {logging_mixin.py:188} INFO - [2026-03-15T17:37:39.160+0000] {dagbag.py:540} INFO - Filling up the DagBag from /home/airflow/.local/lib/python3.11/site-packages/airflow/example_dags/example_dynamic_task_mapping_with_no_taskflow_operators.py
[2026-03-15T17:37:39.166+0000] {processor.py:840} INFO - DAG(s) 'example_dynamic_task_mapping_with_no_taskflow_operators' retrieved from /home/airflow/.local/lib/python3.11/site-packages/airflow/example_dags/example_dynamic_task_mapping_with_no_taskflow_operators.py
[2026-03-15T17:37:39.180+0000] {logging_mixin.py:188} INFO - [2026-03-15T17:37:39.180+0000] {dag.py:3047} INFO - Sync 1 DAGs
[2026-03-15T17:37:39.195+0000] {logging_mixin.py:188} INFO - [2026-03-15T17:37:39.195+0000] {dag.py:3834} INFO - Setting next_dagrun for example_dynamic_task_mapping_with_no_taskflow_operators to 2026-03-14 00:00:00+00:00, run_after=2026-03-15 00:00:00+00:00
[2026-03-15T17:37:39.208+0000] {processor.py:183} INFO - Processing /home/airflow/.local/lib/python3.11/site-packages/airflow/example_dags/example_dynamic_task_mapping_with_no_taskflow_operators.py took 0.054 seconds
[2026-03-15T17:37:45.648+0000] {processor.py:161} INFO - Started process (PID=1884) to work on /home/airflow/.local/lib/python3.11/site-packages/airflow/example_dags/example_dynamic_task_mapping_with_no_taskflow_operators.py
[2026-03-15T17:37:45.650+0000] {processor.py:830} INFO - Processing file /home/airflow/.local/lib/python3.11/site-packages/airflow/example_dags/example_dynamic_task_mapping_with_no_taskflow_operators.py for tasks to queue
[2026-03-15T17:37:45.652+0000] {logging_mixin.py:188} INFO - [2026-03-15T17:37:45.651+0000] {dagbag.py:540} INFO - Filling up the DagBag from /home/airflow/.local/lib/python3.11/site-packages/airflow/example_dags/example_dynamic_task_mapping_with_no_taskflow_operators.py
[2026-03-15T17:37:45.657+0000] {processor.py:840} INFO - DAG(s) 'example_dynamic_task_mapping_with_no_taskflow_operators' retrieved from /home/airflow/.local/lib/python3.11/site-packages/airflow/example_dags/example_dynamic_task_mapping_with_no_taskflow_operators.py
[2026-03-15T17:37:45.674+0000] {logging_mixin.py:188} INFO - [2026-03-15T17:37:45.674+0000] {dag.py:3047} INFO - Sync 1 DAGs
[2026-03-15T17:37:45.691+0000] {logging_mixin.py:188} INFO - [2026-03-15T17:37:45.690+0000] {dag.py:3834} INFO - Setting next_dagrun for example_dynamic_task_mapping_with_no_taskflow_operators to 2026-03-14 00:00:00+00:00, run_after=2026-03-15 00:00:00+00:00
[2026-03-15T17:37:45.706+0000] {processor.py:183} INFO - Processing /home/airflow/.local/lib/python3.11/site-packages/airflow/example_dags/example_dynamic_task_mapping_with_no_taskflow_operators.py took 0.061 seconds
[2026-03-15T17:38:57.960+0000] {processor.py:161} INFO - Started process (PID=1929) to work on /home/airflow/.local/lib/python3.11/site-packages/airflow/example_dags/example_dynamic_task_mapping_with_no_taskflow_operators.py
[2026-03-15T17:38:57.961+0000] {processor.py:830} INFO - Processing file /home/airflow/.local/lib/python3.11/site-packages/airflow/example_dags/example_dynamic_task_mapping_with_no_taskflow_operators.py for tasks to queue
[2026-03-15T17:38:57.963+0000] {logging_mixin.py:188} INFO - [2026-03-15T17:38:57.962+0000] {dagbag.py:540} INFO - Filling up the DagBag from /home/airflow/.local/lib/python3.11/site-packages/airflow/example_dags/example_dynamic_task_mapping_with_no_taskflow_operators.py
[2026-03-15T17:38:57.968+0000] {processor.py:840} INFO - DAG(s) 'example_dynamic_task_mapping_with_no_taskflow_operators' retrieved from /home/airflow/.local/lib/python3.11/site-packages/airflow/example_dags/example_dynamic_task_mapping_with_no_taskflow_operators.py
[2026-03-15T17:38:57.983+0000] {logging_mixin.py:188} INFO - [2026-03-15T17:38:57.982+0000] {dag.py:3047} INFO - Sync 1 DAGs
[2026-03-15T17:38:57.997+0000] {logging_mixin.py:188} INFO - [2026-03-15T17:38:57.997+0000] {dag.py:3834} INFO - Setting next_dagrun for example_dynamic_task_mapping_with_no_taskflow_operators to 2026-03-14 00:00:00+00:00, run_after=2026-03-15 00:00:00+00:00
[2026-03-15T17:38:58.009+0000] {processor.py:183} INFO - Processing /home/airflow/.local/lib/python3.11/site-packages/airflow/example_dags/example_dynamic_task_mapping_with_no_taskflow_operators.py took 0.052 seconds
[2026-03-15T17:38:45.466+0000] {processor.py:161} INFO - Started process (PID=2019) to work on /home/airflow/.local/lib/python3.11/site-packages/airflow/example_dags/example_dynamic_task_mapping_with_no_taskflow_operators.py
[2026-03-15T17:38:45.467+0000] {processor.py:830} INFO - Processing file /home/airflow/.local/lib/python3.11/site-packages/airflow/example_dags/example_dynamic_task_mapping_with_no_taskflow_operators.py for tasks to queue
[2026-03-15T17:38:45.469+0000] {logging_mixin.py:188} INFO - [2026-03-15T17:38:45.469+0000] {dagbag.py:540} INFO - Filling up the DagBag from /home/airflow/.local/lib/python3.11/site-packages/airflow/example_dags/example_dynamic_task_mapping_with_no_taskflow_operators.py
[2026-03-15T17:38:45.475+0000] {processor.py:840} INFO - DAG(s) 'example_dynamic_task_mapping_with_no_taskflow_operators' retrieved from /home/airflow/.local/lib/python3.11/site-packages/airflow/example_dags/example_dynamic_task_mapping_with_no_taskflow_operators.py
[2026-03-15T17:38:45.493+0000] {logging_mixin.py:188} INFO - [2026-03-15T17:38:45.492+0000] {dag.py:3047} INFO - Sync 1 DAGs
[2026-03-15T17:38:45.514+0000] {logging_mixin.py:188} INFO - [2026-03-15T17:38:45.513+0000] {dag.py:3834} INFO - Setting next_dagrun for example_dynamic_task_mapping_with_no_taskflow_operators to 2026-03-14 00:00:00+00:00, run_after=2026-03-15 00:00:00+00:00
[2026-03-15T17:38:45.530+0000] {processor.py:183} INFO - Processing /home/airflow/.local/lib/python3.11/site-packages/airflow/example_dags/example_dynamic_task_mapping_with_no_taskflow_operators.py took 0.066 seconds
[2026-03-15T17:39:09.324+0000] {processor.py:161} INFO - Started process (PID=2069) to work on /home/airflow/.local/lib/python3.11/site-packages/airflow/example_dags/example_dynamic_task_mapping_with_no_taskflow_operators.py
[2026-03-15T17:39:09.325+0000] {processor.py:830} INFO - Processing file /home/airflow/.local/lib/python3.11/site-packages/airflow/example_dags/example_dynamic_task_mapping_with_no_taskflow_operators.py for tasks to queue
[2026-03-15T17:39:09.326+0000] {logging_mixin.py:188} INFO - [2026-03-15T17:39:09.326+0000] {dagbag.py:540} INFO - Filling up the DagBag from /home/airflow/.local/lib/python3.11/site-packages/airflow/example_dags/example_dynamic_task_mapping_with_no_taskflow_operators.py
[2026-03-15T17:39:09.333+0000] {processor.py:840} INFO - DAG(s) 'example_dynamic_task_mapping_with_no_taskflow_operators' retrieved from /home/airflow/.local/lib/python3.11/site-packages/airflow/example_dags/example_dynamic_task_mapping_with_no_taskflow_operators.py
[2026-03-15T17:39:09.348+0000] {logging_mixin.py:188} INFO - [2026-03-15T17:39:09.348+0000] {dag.py:3047} INFO - Sync 1 DAGs
[2026-03-15T17:39:09.363+0000] {logging_mixin.py:188} INFO - [2026-03-15T17:39:09.362+0000] {dag.py:3834} INFO - Setting next_dagrun for example_dynamic_task_mapping_with_no_taskflow_operators to 2026-03-14 00:00:00+00:00, run_after=2026-03-15 00:00:00+00:00
[2026-03-15T17:39:09.379+0000] {processor.py:183} INFO - Processing /home/airflow/.local/lib/python3.11/site-packages/airflow/example_dags/example_dynamic_task_mapping_with_no_taskflow_operators.py took 0.058 seconds
[2026-03-15T17:39:15.817+0000] {processor.py:161} INFO - Started process (PID=2116) to work on /home/airflow/.local/lib/python3.11/site-packages/airflow/example_dags/example_dynamic_task_mapping_with_no_taskflow_operators.py
[2026-03-15T17:39:15.819+0000] {processor.py:830} INFO - Processing file /home/airflow/.local/lib/python3.11/site-packages/airflow/example_dags/example_dynamic_task_mapping_with_no_taskflow_operators.py for tasks to queue
[2026-03-15T17:39:15.821+0000] {logging_mixin.py:188} INFO - [2026-03-15T17:39:15.821+0000] {dagbag.py:540} INFO - Filling up the DagBag from /home/airflow/.local/lib/python3.11/site-packages/airflow/example_dags/example_dynamic_task_mapping_with_no_taskflow_operators.py
[2026-03-15T17:39:15.829+0000] {processor.py:840} INFO - DAG(s) 'example_dynamic_task_mapping_with_no_taskflow_operators' retrieved from /home/airflow/.local/lib/python3.11/site-packages/airflow/example_dags/example_dynamic_task_mapping_with_no_taskflow_operators.py
[2026-03-15T17:39:15.845+0000] {logging_mixin.py:188} INFO - [2026-03-15T17:39:15.845+0000] {dag.py:3047} INFO - Sync 1 DAGs
[2026-03-15T17:39:15.861+0000] {logging_mixin.py:188} INFO - [2026-03-15T17:39:15.860+0000] {dag.py:3834} INFO - Setting next_dagrun for example_dynamic_task_mapping_with_no_taskflow_operators to 2026-03-14 00:00:00+00:00, run_after=2026-03-15 00:00:00+00:00
[2026-03-15T17:39:15.876+0000] {processor.py:183} INFO - Processing /home/airflow/.local/lib/python3.11/site-packages/airflow/example_dags/example_dynamic_task_mapping_with_no_taskflow_operators.py took 0.062 seconds
[2026-03-15T17:40:14.428+0000] {processor.py:161} INFO - Started process (PID=87) to work on /home/airflow/.local/lib/python3.11/site-packages/airflow/example_dags/example_dynamic_task_mapping_with_no_taskflow_operators.py
[2026-03-15T17:40:14.430+0000] {processor.py:830} INFO - Processing file /home/airflow/.local/lib/python3.11/site-packages/airflow/example_dags/example_dynamic_task_mapping_with_no_taskflow_operators.py for tasks to queue
[2026-03-15T17:40:14.432+0000] {logging_mixin.py:188} INFO - [2026-03-15T17:40:14.432+0000] {dagbag.py:540} INFO - Filling up the DagBag from /home/airflow/.local/lib/python3.11/site-packages/airflow/example_dags/example_dynamic_task_mapping_with_no_taskflow_operators.py
[2026-03-15T17:40:14.442+0000] {processor.py:840} INFO - DAG(s) 'example_dynamic_task_mapping_with_no_taskflow_operators' retrieved from /home/airflow/.local/lib/python3.11/site-packages/airflow/example_dags/example_dynamic_task_mapping_with_no_taskflow_operators.py
[2026-03-15T17:40:14.459+0000] {logging_mixin.py:188} INFO - [2026-03-15T17:40:14.459+0000] {dag.py:3047} INFO - Sync 1 DAGs
[2026-03-15T17:40:14.487+0000] {logging_mixin.py:188} INFO - [2026-03-15T17:40:14.487+0000] {dag.py:3834} INFO - Setting next_dagrun for example_dynamic_task_mapping_with_no_taskflow_operators to 2026-03-14 00:00:00+00:00, run_after=2026-03-15 00:00:00+00:00
[2026-03-15T17:40:14.519+0000] {processor.py:183} INFO - Processing /home/airflow/.local/lib/python3.11/site-packages/airflow/example_dags/example_dynamic_task_mapping_with_no_taskflow_operators.py took 0.095 seconds
[2026-03-15T17:40:21.031+0000] {processor.py:161} INFO - Started process (PID=142) to work on /home/airflow/.local/lib/python3.11/site-packages/airflow/example_dags/example_dynamic_task_mapping_with_no_taskflow_operators.py
[2026-03-15T17:40:21.033+0000] {processor.py:830} INFO - Processing file /home/airflow/.local/lib/python3.11/site-packages/airflow/example_dags/example_dynamic_task_mapping_with_no_taskflow_operators.py for tasks to queue
[2026-03-15T17:40:21.036+0000] {logging_mixin.py:188} INFO - [2026-03-15T17:40:21.035+0000] {dagbag.py:540} INFO - Filling up the DagBag from /home/airflow/.local/lib/python3.11/site-packages/airflow/example_dags/example_dynamic_task_mapping_with_no_taskflow_operators.py
[2026-03-15T17:40:21.041+0000] {processor.py:840} INFO - DAG(s) 'example_dynamic_task_mapping_with_no_taskflow_operators' retrieved from /home/airflow/.local/lib/python3.11/site-packages/airflow/example_dags/example_dynamic_task_mapping_with_no_taskflow_operators.py
[2026-03-15T17:40:21.052+0000] {logging_mixin.py:188} INFO - [2026-03-15T17:40:21.052+0000] {dag.py:3047} INFO - Sync 1 DAGs
[2026-03-15T17:40:21.068+0000] {logging_mixin.py:188} INFO - [2026-03-15T17:40:21.067+0000] {dag.py:3834} INFO - Setting next_dagrun for example_dynamic_task_mapping_with_no_taskflow_operators to 2026-03-14 00:00:00+00:00, run_after=2026-03-15 00:00:00+00:00
[2026-03-15T17:40:21.084+0000] {processor.py:183} INFO - Processing /home/airflow/.local/lib/python3.11/site-packages/airflow/example_dags/example_dynamic_task_mapping_with_no_taskflow_operators.py took 0.055 seconds
[2026-03-15T17:40:52.583+0000] {processor.py:161} INFO - Started process (PID=197) to work on /home/airflow/.local/lib/python3.11/site-packages/airflow/example_dags/example_dynamic_task_mapping_with_no_taskflow_operators.py
[2026-03-15T17:40:52.584+0000] {processor.py:830} INFO - Processing file /home/airflow/.local/lib/python3.11/site-packages/airflow/example_dags/example_dynamic_task_mapping_with_no_taskflow_operators.py for tasks to queue
[2026-03-15T17:40:52.585+0000] {logging_mixin.py:188} INFO - [2026-03-15T17:40:52.585+0000] {dagbag.py:540} INFO - Filling up the DagBag from /home/airflow/.local/lib/python3.11/site-packages/airflow/example_dags/example_dynamic_task_mapping_with_no_taskflow_operators.py
[2026-03-15T17:40:52.590+0000] {processor.py:840} INFO - DAG(s) 'example_dynamic_task_mapping_with_no_taskflow_operators' retrieved from /home/airflow/.local/lib/python3.11/site-packages/airflow/example_dags/example_dynamic_task_mapping_with_no_taskflow_operators.py
[2026-03-15T17:40:52.659+0000] {logging_mixin.py:188} INFO - [2026-03-15T17:40:52.659+0000] {dag.py:3047} INFO - Sync 1 DAGs
[2026-03-15T17:40:52.672+0000] {logging_mixin.py:188} INFO - [2026-03-15T17:40:52.672+0000] {dag.py:3834} INFO - Setting next_dagrun for example_dynamic_task_mapping_with_no_taskflow_operators to 2026-03-14 00:00:00+00:00, run_after=2026-03-15 00:00:00+00:00
[2026-03-15T17:40:52.686+0000] {processor.py:183} INFO - Processing /home/airflow/.local/lib/python3.11/site-packages/airflow/example_dags/example_dynamic_task_mapping_with_no_taskflow_operators.py took 0.106 seconds
[2026-03-15T17:41:09.418+0000] {processor.py:161} INFO - Started process (PID=247) to work on /home/airflow/.local/lib/python3.11/site-packages/airflow/example_dags/example_dynamic_task_mapping_with_no_taskflow_operators.py
[2026-03-15T17:41:09.419+0000] {processor.py:830} INFO - Processing file /home/airflow/.local/lib/python3.11/site-packages/airflow/example_dags/example_dynamic_task_mapping_with_no_taskflow_operators.py for tasks to queue
[2026-03-15T17:41:09.421+0000] {logging_mixin.py:188} INFO - [2026-03-15T17:41:09.421+0000] {dagbag.py:540} INFO - Filling up the DagBag from /home/airflow/.local/lib/python3.11/site-packages/airflow/example_dags/example_dynamic_task_mapping_with_no_taskflow_operators.py
[2026-03-15T17:41:09.427+0000] {processor.py:840} INFO - DAG(s) 'example_dynamic_task_mapping_with_no_taskflow_operators' retrieved from /home/airflow/.local/lib/python3.11/site-packages/airflow/example_dags/example_dynamic_task_mapping_with_no_taskflow_operators.py
[2026-03-15T17:41:09.436+0000] {logging_mixin.py:188} INFO - [2026-03-15T17:41:09.436+0000] {dag.py:3047} INFO - Sync 1 DAGs
[2026-03-15T17:41:09.451+0000] {logging_mixin.py:188} INFO - [2026-03-15T17:41:09.451+0000] {dag.py:3834} INFO - Setting next_dagrun for example_dynamic_task_mapping_with_no_taskflow_operators to 2026-03-14 00:00:00+00:00, run_after=2026-03-15 00:00:00+00:00
[2026-03-15T17:41:09.465+0000] {processor.py:183} INFO - Processing /home/airflow/.local/lib/python3.11/site-packages/airflow/example_dags/example_dynamic_task_mapping_with_no_taskflow_operators.py took 0.049 seconds
[2026-03-15T17:41:15.683+0000] {processor.py:161} INFO - Started process (PID=292) to work on /home/airflow/.local/lib/python3.11/site-packages/airflow/example_dags/example_dynamic_task_mapping_with_no_taskflow_operators.py
[2026-03-15T17:41:15.684+0000] {processor.py:830} INFO - Processing file /home/airflow/.local/lib/python3.11/site-packages/airflow/example_dags/example_dynamic_task_mapping_with_no_taskflow_operators.py for tasks to queue
[2026-03-15T17:41:15.686+0000] {logging_mixin.py:188} INFO - [2026-03-15T17:41:15.686+0000] {dagbag.py:540} INFO - Filling up the DagBag from /home/airflow/.local/lib/python3.11/site-packages/airflow/example_dags/example_dynamic_task_mapping_with_no_taskflow_operators.py
[2026-03-15T17:41:15.692+0000] {processor.py:840} INFO - DAG(s) 'example_dynamic_task_mapping_with_no_taskflow_operators' retrieved from /home/airflow/.local/lib/python3.11/site-packages/airflow/example_dags/example_dynamic_task_mapping_with_no_taskflow_operators.py
[2026-03-15T17:41:15.703+0000] {logging_mixin.py:188} INFO - [2026-03-15T17:41:15.702+0000] {dag.py:3047} INFO - Sync 1 DAGs
[2026-03-15T17:41:15.720+0000] {logging_mixin.py:188} INFO - [2026-03-15T17:41:15.720+0000] {dag.py:3834} INFO - Setting next_dagrun for example_dynamic_task_mapping_with_no_taskflow_operators to 2026-03-14 00:00:00+00:00, run_after=2026-03-15 00:00:00+00:00
[2026-03-15T17:41:15.736+0000] {processor.py:183} INFO - Processing /home/airflow/.local/lib/python3.11/site-packages/airflow/example_dags/example_dynamic_task_mapping_with_no_taskflow_operators.py took 0.056 seconds
[2026-03-15T17:41:20.413+0000] {processor.py:161} INFO - Started process (PID=340) to work on /home/airflow/.local/lib/python3.11/site-packages/airflow/example_dags/example_dynamic_task_mapping_with_no_taskflow_operators.py
[2026-03-15T17:41:20.414+0000] {processor.py:830} INFO - Processing file /home/airflow/.local/lib/python3.11/site-packages/airflow/example_dags/example_dynamic_task_mapping_with_no_taskflow_operators.py for tasks to queue
[2026-03-15T17:41:20.416+0000] {logging_mixin.py:188} INFO - [2026-03-15T17:41:20.416+0000] {dagbag.py:540} INFO - Filling up the DagBag from /home/airflow/.local/lib/python3.11/site-packages/airflow/example_dags/example_dynamic_task_mapping_with_no_taskflow_operators.py
[2026-03-15T17:41:20.423+0000] {processor.py:840} INFO - DAG(s) 'example_dynamic_task_mapping_with_no_taskflow_operators' retrieved from /home/airflow/.local/lib/python3.11/site-packages/airflow/example_dags/example_dynamic_task_mapping_with_no_taskflow_operators.py
[2026-03-15T17:41:20.433+0000] {logging_mixin.py:188} INFO - [2026-03-15T17:41:20.433+0000] {dag.py:3047} INFO - Sync 1 DAGs
[2026-03-15T17:41:20.451+0000] {logging_mixin.py:188} INFO - [2026-03-15T17:41:20.451+0000] {dag.py:3834} INFO - Setting next_dagrun for example_dynamic_task_mapping_with_no_taskflow_operators to 2026-03-14 00:00:00+00:00, run_after=2026-03-15 00:00:00+00:00
[2026-03-15T17:41:20.467+0000] {processor.py:183} INFO - Processing /home/airflow/.local/lib/python3.11/site-packages/airflow/example_dags/example_dynamic_task_mapping_with_no_taskflow_operators.py took 0.057 seconds
[2026-03-15T17:41:51.301+0000] {processor.py:161} INFO - Started process (PID=386) to work on /home/airflow/.local/lib/python3.11/site-packages/airflow/example_dags/example_dynamic_task_mapping_with_no_taskflow_operators.py
[2026-03-15T17:41:51.302+0000] {processor.py:830} INFO - Processing file /home/airflow/.local/lib/python3.11/site-packages/airflow/example_dags/example_dynamic_task_mapping_with_no_taskflow_operators.py for tasks to queue
[2026-03-15T17:41:51.303+0000] {logging_mixin.py:188} INFO - [2026-03-15T17:41:51.303+0000] {dagbag.py:540} INFO - Filling up the DagBag from /home/airflow/.local/lib/python3.11/site-packages/airflow/example_dags/example_dynamic_task_mapping_with_no_taskflow_operators.py
[2026-03-15T17:41:51.310+0000] {processor.py:840} INFO - DAG(s) 'example_dynamic_task_mapping_with_no_taskflow_operators' retrieved from /home/airflow/.local/lib/python3.11/site-packages/airflow/example_dags/example_dynamic_task_mapping_with_no_taskflow_operators.py
[2026-03-15T17:41:51.325+0000] {logging_mixin.py:188} INFO - [2026-03-15T17:41:51.325+0000] {dag.py:3047} INFO - Sync 1 DAGs
[2026-03-15T17:41:51.340+0000] {logging_mixin.py:188} INFO - [2026-03-15T17:41:51.340+0000] {dag.py:3834} INFO - Setting next_dagrun for example_dynamic_task_mapping_with_no_taskflow_operators to 2026-03-14 00:00:00+00:00, run_after=2026-03-15 00:00:00+00:00
[2026-03-15T17:41:51.359+0000] {processor.py:183} INFO - Processing /home/airflow/.local/lib/python3.11/site-packages/airflow/example_dags/example_dynamic_task_mapping_with_no_taskflow_operators.py took 0.061 seconds
[2026-03-15T17:42:15.167+0000] {processor.py:161} INFO - Started process (PID=436) to work on /home/airflow/.local/lib/python3.11/site-packages/airflow/example_dags/example_dynamic_task_mapping_with_no_taskflow_operators.py
[2026-03-15T17:42:15.168+0000] {processor.py:830} INFO - Processing file /home/airflow/.local/lib/python3.11/site-packages/airflow/example_dags/example_dynamic_task_mapping_with_no_taskflow_operators.py for tasks to queue
[2026-03-15T17:42:15.169+0000] {logging_mixin.py:188} INFO - [2026-03-15T17:42:15.169+0000] {dagbag.py:540} INFO - Filling up the DagBag from /home/airflow/.local/lib/python3.11/site-packages/airflow/example_dags/example_dynamic_task_mapping_with_no_taskflow_operators.py
[2026-03-15T17:42:15.175+0000] {processor.py:840} INFO - DAG(s) 'example_dynamic_task_mapping_with_no_taskflow_operators' retrieved from /home/airflow/.local/lib/python3.11/site-packages/airflow/example_dags/example_dynamic_task_mapping_with_no_taskflow_operators.py
[2026-03-15T17:42:15.190+0000] {logging_mixin.py:188} INFO - [2026-03-15T17:42:15.190+0000] {dag.py:3047} INFO - Sync 1 DAGs
[2026-03-15T17:42:15.204+0000] {logging_mixin.py:188} INFO - [2026-03-15T17:42:15.204+0000] {dag.py:3834} INFO - Setting next_dagrun for example_dynamic_task_mapping_with_no_taskflow_operators to 2026-03-14 00:00:00+00:00, run_after=2026-03-15 00:00:00+00:00
[2026-03-15T17:42:15.218+0000] {processor.py:183} INFO - Processing /home/airflow/.local/lib/python3.11/site-packages/airflow/example_dags/example_dynamic_task_mapping_with_no_taskflow_operators.py took 0.054 seconds
[2026-03-15T17:42:45.241+0000] {processor.py:161} INFO - Started process (PID=487) to work on /home/airflow/.local/lib/python3.11/site-packages/airflow/example_dags/example_dynamic_task_mapping_with_no_taskflow_operators.py
[2026-03-15T17:42:45.242+0000] {processor.py:830} INFO - Processing file /home/airflow/.local/lib/python3.11/site-packages/airflow/example_dags/example_dynamic_task_mapping_with_no_taskflow_operators.py for tasks to queue
[2026-03-15T17:42:45.243+0000] {logging_mixin.py:188} INFO - [2026-03-15T17:42:45.243+0000] {dagbag.py:540} INFO - Filling up the DagBag from /home/airflow/.local/lib/python3.11/site-packages/airflow/example_dags/example_dynamic_task_mapping_with_no_taskflow_operators.py
[2026-03-15T17:42:45.249+0000] {processor.py:840} INFO - DAG(s) 'example_dynamic_task_mapping_with_no_taskflow_operators' retrieved from /home/airflow/.local/lib/python3.11/site-packages/airflow/example_dags/example_dynamic_task_mapping_with_no_taskflow_operators.py
[2026-03-15T17:42:45.264+0000] {logging_mixin.py:188} INFO - [2026-03-15T17:42:45.264+0000] {dag.py:3047} INFO - Sync 1 DAGs
[2026-03-15T17:42:45.279+0000] {logging_mixin.py:188} INFO - [2026-03-15T17:42:45.279+0000] {dag.py:3834} INFO - Setting next_dagrun for example_dynamic_task_mapping_with_no_taskflow_operators to 2026-03-14 00:00:00+00:00, run_after=2026-03-15 00:00:00+00:00
[2026-03-15T17:42:45.293+0000] {processor.py:183} INFO - Processing /home/airflow/.local/lib/python3.11/site-packages/airflow/example_dags/example_dynamic_task_mapping_with_no_taskflow_operators.py took 0.054 seconds
[2026-03-15T17:43:15.630+0000] {processor.py:161} INFO - Started process (PID=539) to work on /home/airflow/.local/lib/python3.11/site-packages/airflow/example_dags/example_dynamic_task_mapping_with_no_taskflow_operators.py
[2026-03-15T17:43:15.631+0000] {processor.py:830} INFO - Processing file /home/airflow/.local/lib/python3.11/site-packages/airflow/example_dags/example_dynamic_task_mapping_with_no_taskflow_operators.py for tasks to queue
[2026-03-15T17:43:15.633+0000] {logging_mixin.py:188} INFO - [2026-03-15T17:43:15.633+0000] {dagbag.py:540} INFO - Filling up the DagBag from /home/airflow/.local/lib/python3.11/site-packages/airflow/example_dags/example_dynamic_task_mapping_with_no_taskflow_operators.py
[2026-03-15T17:43:15.638+0000] {processor.py:840} INFO - DAG(s) 'example_dynamic_task_mapping_with_no_taskflow_operators' retrieved from /home/airflow/.local/lib/python3.11/site-packages/airflow/example_dags/example_dynamic_task_mapping_with_no_taskflow_operators.py
[2026-03-15T17:43:15.654+0000] {logging_mixin.py:188} INFO - [2026-03-15T17:43:15.654+0000] {dag.py:3047} INFO - Sync 1 DAGs
[2026-03-15T17:43:15.670+0000] {logging_mixin.py:188} INFO - [2026-03-15T17:43:15.670+0000] {dag.py:3834} INFO - Setting next_dagrun for example_dynamic_task_mapping_with_no_taskflow_operators to 2026-03-14 00:00:00+00:00, run_after=2026-03-15 00:00:00+00:00
[2026-03-15T17:43:15.684+0000] {processor.py:183} INFO - Processing /home/airflow/.local/lib/python3.11/site-packages/airflow/example_dags/example_dynamic_task_mapping_with_no_taskflow_operators.py took 0.056 seconds
[2026-03-15T17:43:20.222+0000] {processor.py:161} INFO - Started process (PID=596) to work on /home/airflow/.local/lib/python3.11/site-packages/airflow/example_dags/example_dynamic_task_mapping_with_no_taskflow_operators.py
[2026-03-15T17:43:20.223+0000] {processor.py:830} INFO - Processing file /home/airflow/.local/lib/python3.11/site-packages/airflow/example_dags/example_dynamic_task_mapping_with_no_taskflow_operators.py for tasks to queue
[2026-03-15T17:43:20.226+0000] {logging_mixin.py:188} INFO - [2026-03-15T17:43:20.226+0000] {dagbag.py:540} INFO - Filling up the DagBag from /home/airflow/.local/lib/python3.11/site-packages/airflow/example_dags/example_dynamic_task_mapping_with_no_taskflow_operators.py
[2026-03-15T17:43:20.232+0000] {processor.py:840} INFO - DAG(s) 'example_dynamic_task_mapping_with_no_taskflow_operators' retrieved from /home/airflow/.local/lib/python3.11/site-packages/airflow/example_dags/example_dynamic_task_mapping_with_no_taskflow_operators.py
[2026-03-15T17:43:20.247+0000] {logging_mixin.py:188} INFO - [2026-03-15T17:43:20.247+0000] {dag.py:3047} INFO - Sync 1 DAGs
[2026-03-15T17:43:20.262+0000] {logging_mixin.py:188} INFO - [2026-03-15T17:43:20.262+0000] {dag.py:3834} INFO - Setting next_dagrun for example_dynamic_task_mapping_with_no_taskflow_operators to 2026-03-14 00:00:00+00:00, run_after=2026-03-15 00:00:00+00:00
[2026-03-15T17:43:20.277+0000] {processor.py:183} INFO - Processing /home/airflow/.local/lib/python3.11/site-packages/airflow/example_dags/example_dynamic_task_mapping_with_no_taskflow_operators.py took 0.057 seconds
[2026-03-15T17:43:50.444+0000] {processor.py:161} INFO - Started process (PID=650) to work on /home/airflow/.local/lib/python3.11/site-packages/airflow/example_dags/example_dynamic_task_mapping_with_no_taskflow_operators.py
[2026-03-15T17:43:50.445+0000] {processor.py:830} INFO - Processing file /home/airflow/.local/lib/python3.11/site-packages/airflow/example_dags/example_dynamic_task_mapping_with_no_taskflow_operators.py for tasks to queue
[2026-03-15T17:43:50.447+0000] {logging_mixin.py:188} INFO - [2026-03-15T17:43:50.447+0000] {dagbag.py:540} INFO - Filling up the DagBag from /home/airflow/.local/lib/python3.11/site-packages/airflow/example_dags/example_dynamic_task_mapping_with_no_taskflow_operators.py
[2026-03-15T17:43:50.453+0000] {processor.py:840} INFO - DAG(s) 'example_dynamic_task_mapping_with_no_taskflow_operators' retrieved from /home/airflow/.local/lib/python3.11/site-packages/airflow/example_dags/example_dynamic_task_mapping_with_no_taskflow_operators.py
[2026-03-15T17:43:50.468+0000] {logging_mixin.py:188} INFO - [2026-03-15T17:43:50.468+0000] {dag.py:3047} INFO - Sync 1 DAGs
[2026-03-15T17:43:50.482+0000] {logging_mixin.py:188} INFO - [2026-03-15T17:43:50.482+0000] {dag.py:3834} INFO - Setting next_dagrun for example_dynamic_task_mapping_with_no_taskflow_operators to 2026-03-14 00:00:00+00:00, run_after=2026-03-15 00:00:00+00:00
[2026-03-15T17:43:50.495+0000] {processor.py:183} INFO - Processing /home/airflow/.local/lib/python3.11/site-packages/airflow/example_dags/example_dynamic_task_mapping_with_no_taskflow_operators.py took 0.054 seconds
[2026-03-15T17:44:15.278+0000] {processor.py:161} INFO - Started process (PID=700) to work on /home/airflow/.local/lib/python3.11/site-packages/airflow/example_dags/example_dynamic_task_mapping_with_no_taskflow_operators.py
[2026-03-15T17:44:15.279+0000] {processor.py:830} INFO - Processing file /home/airflow/.local/lib/python3.11/site-packages/airflow/example_dags/example_dynamic_task_mapping_with_no_taskflow_operators.py for tasks to queue
[2026-03-15T17:44:15.281+0000] {logging_mixin.py:188} INFO - [2026-03-15T17:44:15.280+0000] {dagbag.py:540} INFO - Filling up the DagBag from /home/airflow/.local/lib/python3.11/site-packages/airflow/example_dags/example_dynamic_task_mapping_with_no_taskflow_operators.py
[2026-03-15T17:44:15.286+0000] {processor.py:840} INFO - DAG(s) 'example_dynamic_task_mapping_with_no_taskflow_operators' retrieved from /home/airflow/.local/lib/python3.11/site-packages/airflow/example_dags/example_dynamic_task_mapping_with_no_taskflow_operators.py
[2026-03-15T17:44:15.301+0000] {logging_mixin.py:188} INFO - [2026-03-15T17:44:15.301+0000] {dag.py:3047} INFO - Sync 1 DAGs
[2026-03-15T17:44:15.315+0000] {logging_mixin.py:188} INFO - [2026-03-15T17:44:15.315+0000] {dag.py:3834} INFO - Setting next_dagrun for example_dynamic_task_mapping_with_no_taskflow_operators to 2026-03-14 00:00:00+00:00, run_after=2026-03-15 00:00:00+00:00
[2026-03-15T17:44:15.327+0000] {processor.py:183} INFO - Processing /home/airflow/.local/lib/python3.11/site-packages/airflow/example_dags/example_dynamic_task_mapping_with_no_taskflow_operators.py took 0.052 seconds
[2026-03-15T17:44:45.786+0000] {processor.py:161} INFO - Started process (PID=756) to work on /home/airflow/.local/lib/python3.11/site-packages/airflow/example_dags/example_dynamic_task_mapping_with_no_taskflow_operators.py
[2026-03-15T17:44:45.787+0000] {processor.py:830} INFO - Processing file /home/airflow/.local/lib/python3.11/site-packages/airflow/example_dags/example_dynamic_task_mapping_with_no_taskflow_operators.py for tasks to queue
[2026-03-15T17:44:45.789+0000] {logging_mixin.py:188} INFO - [2026-03-15T17:44:45.789+0000] {dagbag.py:540} INFO - Filling up the DagBag from /home/airflow/.local/lib/python3.11/site-packages/airflow/example_dags/example_dynamic_task_mapping_with_no_taskflow_operators.py
[2026-03-15T17:44:45.800+0000] {processor.py:840} INFO - DAG(s) 'example_dynamic_task_mapping_with_no_taskflow_operators' retrieved from /home/airflow/.local/lib/python3.11/site-packages/airflow/example_dags/example_dynamic_task_mapping_with_no_taskflow_operators.py
[2026-03-15T17:44:45.816+0000] {logging_mixin.py:188} INFO - [2026-03-15T17:44:45.815+0000] {dag.py:3047} INFO - Sync 1 DAGs
[2026-03-15T17:44:45.830+0000] {logging_mixin.py:188} INFO - [2026-03-15T17:44:45.830+0000] {dag.py:3834} INFO - Setting next_dagrun for example_dynamic_task_mapping_with_no_taskflow_operators to 2026-03-14 00:00:00+00:00, run_after=2026-03-15 00:00:00+00:00
[2026-03-15T17:44:45.843+0000] {processor.py:183} INFO - Processing /home/airflow/.local/lib/python3.11/site-packages/airflow/example_dags/example_dynamic_task_mapping_with_no_taskflow_operators.py took 0.059 seconds
[2026-03-15T17:44:50.300+0000] {processor.py:161} INFO - Started process (PID=812) to work on /home/airflow/.local/lib/python3.11/site-packages/airflow/example_dags/example_dynamic_task_mapping_with_no_taskflow_operators.py
[2026-03-15T17:44:50.301+0000] {processor.py:830} INFO - Processing file /home/airflow/.local/lib/python3.11/site-packages/airflow/example_dags/example_dynamic_task_mapping_with_no_taskflow_operators.py for tasks to queue
[2026-03-15T17:44:50.303+0000] {logging_mixin.py:188} INFO - [2026-03-15T17:44:50.303+0000] {dagbag.py:540} INFO - Filling up the DagBag from /home/airflow/.local/lib/python3.11/site-packages/airflow/example_dags/example_dynamic_task_mapping_with_no_taskflow_operators.py
[2026-03-15T17:44:50.309+0000] {processor.py:840} INFO - DAG(s) 'example_dynamic_task_mapping_with_no_taskflow_operators' retrieved from /home/airflow/.local/lib/python3.11/site-packages/airflow/example_dags/example_dynamic_task_mapping_with_no_taskflow_operators.py
[2026-03-15T17:44:50.329+0000] {logging_mixin.py:188} INFO - [2026-03-15T17:44:50.328+0000] {dag.py:3047} INFO - Sync 1 DAGs
[2026-03-15T17:44:50.345+0000] {logging_mixin.py:188} INFO - [2026-03-15T17:44:50.345+0000] {dag.py:3834} INFO - Setting next_dagrun for example_dynamic_task_mapping_with_no_taskflow_operators to 2026-03-14 00:00:00+00:00, run_after=2026-03-15 00:00:00+00:00
[2026-03-15T17:44:50.361+0000] {processor.py:183} INFO - Processing /home/airflow/.local/lib/python3.11/site-packages/airflow/example_dags/example_dynamic_task_mapping_with_no_taskflow_operators.py took 0.065 seconds
[2026-03-15T17:45:20.607+0000] {processor.py:161} INFO - Started process (PID=865) to work on /home/airflow/.local/lib/python3.11/site-packages/airflow/example_dags/example_dynamic_task_mapping_with_no_taskflow_operators.py
[2026-03-15T17:45:20.608+0000] {processor.py:830} INFO - Processing file /home/airflow/.local/lib/python3.11/site-packages/airflow/example_dags/example_dynamic_task_mapping_with_no_taskflow_operators.py for tasks to queue
[2026-03-15T17:45:20.609+0000] {logging_mixin.py:188} INFO - [2026-03-15T17:45:20.609+0000] {dagbag.py:540} INFO - Filling up the DagBag from /home/airflow/.local/lib/python3.11/site-packages/airflow/example_dags/example_dynamic_task_mapping_with_no_taskflow_operators.py
[2026-03-15T17:45:20.615+0000] {processor.py:840} INFO - DAG(s) 'example_dynamic_task_mapping_with_no_taskflow_operators' retrieved from /home/airflow/.local/lib/python3.11/site-packages/airflow/example_dags/example_dynamic_task_mapping_with_no_taskflow_operators.py
[2026-03-15T17:45:20.631+0000] {logging_mixin.py:188} INFO - [2026-03-15T17:45:20.630+0000] {dag.py:3047} INFO - Sync 1 DAGs
[2026-03-15T17:45:20.647+0000] {logging_mixin.py:188} INFO - [2026-03-15T17:45:20.647+0000] {dag.py:3834} INFO - Setting next_dagrun for example_dynamic_task_mapping_with_no_taskflow_operators to 2026-03-14 00:00:00+00:00, run_after=2026-03-15 00:00:00+00:00
[2026-03-15T17:45:20.660+0000] {processor.py:183} INFO - Processing /home/airflow/.local/lib/python3.11/site-packages/airflow/example_dags/example_dynamic_task_mapping_with_no_taskflow_operators.py took 0.056 seconds
[2026-03-15T17:45:25.303+0000] {processor.py:161} INFO - Started process (PID=915) to work on /home/airflow/.local/lib/python3.11/site-packages/airflow/example_dags/example_dynamic_task_mapping_with_no_taskflow_operators.py
[2026-03-15T17:45:25.304+0000] {processor.py:830} INFO - Processing file /home/airflow/.local/lib/python3.11/site-packages/airflow/example_dags/example_dynamic_task_mapping_with_no_taskflow_operators.py for tasks to queue
[2026-03-15T17:45:25.306+0000] {logging_mixin.py:188} INFO - [2026-03-15T17:45:25.305+0000] {dagbag.py:540} INFO - Filling up the DagBag from /home/airflow/.local/lib/python3.11/site-packages/airflow/example_dags/example_dynamic_task_mapping_with_no_taskflow_operators.py
[2026-03-15T17:45:25.311+0000] {processor.py:840} INFO - DAG(s) 'example_dynamic_task_mapping_with_no_taskflow_operators' retrieved from /home/airflow/.local/lib/python3.11/site-packages/airflow/example_dags/example_dynamic_task_mapping_with_no_taskflow_operators.py
[2026-03-15T17:45:25.326+0000] {logging_mixin.py:188} INFO - [2026-03-15T17:45:25.326+0000] {dag.py:3047} INFO - Sync 1 DAGs
[2026-03-15T17:45:25.341+0000] {logging_mixin.py:188} INFO - [2026-03-15T17:45:25.341+0000] {dag.py:3834} INFO - Setting next_dagrun for example_dynamic_task_mapping_with_no_taskflow_operators to 2026-03-14 00:00:00+00:00, run_after=2026-03-15 00:00:00+00:00
[2026-03-15T17:45:25.354+0000] {processor.py:183} INFO - Processing /home/airflow/.local/lib/python3.11/site-packages/airflow/example_dags/example_dynamic_task_mapping_with_no_taskflow_operators.py took 0.054 seconds
[2026-03-15T17:45:55.613+0000] {processor.py:161} INFO - Started process (PID=967) to work on /home/airflow/.local/lib/python3.11/site-packages/airflow/example_dags/example_dynamic_task_mapping_with_no_taskflow_operators.py
[2026-03-15T17:45:55.614+0000] {processor.py:830} INFO - Processing file /home/airflow/.local/lib/python3.11/site-packages/airflow/example_dags/example_dynamic_task_mapping_with_no_taskflow_operators.py for tasks to queue
[2026-03-15T17:45:55.616+0000] {logging_mixin.py:188} INFO - [2026-03-15T17:45:55.616+0000] {dagbag.py:540} INFO - Filling up the DagBag from /home/airflow/.local/lib/python3.11/site-packages/airflow/example_dags/example_dynamic_task_mapping_with_no_taskflow_operators.py
[2026-03-15T17:45:55.622+0000] {processor.py:840} INFO - DAG(s) 'example_dynamic_task_mapping_with_no_taskflow_operators' retrieved from /home/airflow/.local/lib/python3.11/site-packages/airflow/example_dags/example_dynamic_task_mapping_with_no_taskflow_operators.py
[2026-03-15T17:45:55.638+0000] {logging_mixin.py:188} INFO - [2026-03-15T17:45:55.637+0000] {dag.py:3047} INFO - Sync 1 DAGs
[2026-03-15T17:45:55.653+0000] {logging_mixin.py:188} INFO - [2026-03-15T17:45:55.653+0000] {dag.py:3834} INFO - Setting next_dagrun for example_dynamic_task_mapping_with_no_taskflow_operators to 2026-03-14 00:00:00+00:00, run_after=2026-03-15 00:00:00+00:00
[2026-03-15T17:45:55.672+0000] {processor.py:183} INFO - Processing /home/airflow/.local/lib/python3.11/site-packages/airflow/example_dags/example_dynamic_task_mapping_with_no_taskflow_operators.py took 0.062 seconds
[2026-03-15T17:46:15.087+0000] {processor.py:161} INFO - Started process (PID=1017) to work on /home/airflow/.local/lib/python3.11/site-packages/airflow/example_dags/example_dynamic_task_mapping_with_no_taskflow_operators.py
[2026-03-15T17:46:15.087+0000] {processor.py:830} INFO - Processing file /home/airflow/.local/lib/python3.11/site-packages/airflow/example_dags/example_dynamic_task_mapping_with_no_taskflow_operators.py for tasks to queue
[2026-03-15T17:46:15.089+0000] {logging_mixin.py:188} INFO - [2026-03-15T17:46:15.089+0000] {dagbag.py:540} INFO - Filling up the DagBag from /home/airflow/.local/lib/python3.11/site-packages/airflow/example_dags/example_dynamic_task_mapping_with_no_taskflow_operators.py
[2026-03-15T17:46:15.094+0000] {processor.py:840} INFO - DAG(s) 'example_dynamic_task_mapping_with_no_taskflow_operators' retrieved from /home/airflow/.local/lib/python3.11/site-packages/airflow/example_dags/example_dynamic_task_mapping_with_no_taskflow_operators.py
[2026-03-15T17:46:15.109+0000] {logging_mixin.py:188} INFO - [2026-03-15T17:46:15.109+0000] {dag.py:3047} INFO - Sync 1 DAGs
[2026-03-15T17:46:15.125+0000] {logging_mixin.py:188} INFO - [2026-03-15T17:46:15.124+0000] {dag.py:3834} INFO - Setting next_dagrun for example_dynamic_task_mapping_with_no_taskflow_operators to 2026-03-14 00:00:00+00:00, run_after=2026-03-15 00:00:00+00:00
[2026-03-15T17:46:15.138+0000] {processor.py:183} INFO - Processing /home/airflow/.local/lib/python3.11/site-packages/airflow/example_dags/example_dynamic_task_mapping_with_no_taskflow_operators.py took 0.054 seconds
[2026-03-15T17:46:20.127+0000] {processor.py:161} INFO - Started process (PID=1067) to work on /home/airflow/.local/lib/python3.11/site-packages/airflow/example_dags/example_dynamic_task_mapping_with_no_taskflow_operators.py
[2026-03-15T17:46:20.128+0000] {processor.py:830} INFO - Processing file /home/airflow/.local/lib/python3.11/site-packages/airflow/example_dags/example_dynamic_task_mapping_with_no_taskflow_operators.py for tasks to queue
[2026-03-15T17:46:20.130+0000] {logging_mixin.py:188} INFO - [2026-03-15T17:46:20.130+0000] {dagbag.py:540} INFO - Filling up the DagBag from /home/airflow/.local/lib/python3.11/site-packages/airflow/example_dags/example_dynamic_task_mapping_with_no_taskflow_operators.py
[2026-03-15T17:46:20.135+0000] {processor.py:840} INFO - DAG(s) 'example_dynamic_task_mapping_with_no_taskflow_operators' retrieved from /home/airflow/.local/lib/python3.11/site-packages/airflow/example_dags/example_dynamic_task_mapping_with_no_taskflow_operators.py
[2026-03-15T17:46:20.150+0000] {logging_mixin.py:188} INFO - [2026-03-15T17:46:20.150+0000] {dag.py:3047} INFO - Sync 1 DAGs
[2026-03-15T17:46:20.165+0000] {logging_mixin.py:188} INFO - [2026-03-15T17:46:20.165+0000] {dag.py:3834} INFO - Setting next_dagrun for example_dynamic_task_mapping_with_no_taskflow_operators to 2026-03-14 00:00:00+00:00, run_after=2026-03-15 00:00:00+00:00
[2026-03-15T17:46:20.180+0000] {processor.py:183} INFO - Processing /home/airflow/.local/lib/python3.11/site-packages/airflow/example_dags/example_dynamic_task_mapping_with_no_taskflow_operators.py took 0.056 seconds
[2026-03-15T17:46:25.020+0000] {processor.py:161} INFO - Started process (PID=1108) to work on /home/airflow/.local/lib/python3.11/site-packages/airflow/example_dags/example_dynamic_task_mapping_with_no_taskflow_operators.py
[2026-03-15T17:46:25.021+0000] {processor.py:830} INFO - Processing file /home/airflow/.local/lib/python3.11/site-packages/airflow/example_dags/example_dynamic_task_mapping_with_no_taskflow_operators.py for tasks to queue
[2026-03-15T17:46:25.023+0000] {logging_mixin.py:188} INFO - [2026-03-15T17:46:25.023+0000] {dagbag.py:540} INFO - Filling up the DagBag from /home/airflow/.local/lib/python3.11/site-packages/airflow/example_dags/example_dynamic_task_mapping_with_no_taskflow_operators.py
[2026-03-15T17:46:25.028+0000] {processor.py:840} INFO - DAG(s) 'example_dynamic_task_mapping_with_no_taskflow_operators' retrieved from /home/airflow/.local/lib/python3.11/site-packages/airflow/example_dags/example_dynamic_task_mapping_with_no_taskflow_operators.py
[2026-03-15T17:46:25.044+0000] {logging_mixin.py:188} INFO - [2026-03-15T17:46:25.044+0000] {dag.py:3047} INFO - Sync 1 DAGs
[2026-03-15T17:46:25.059+0000] {logging_mixin.py:188} INFO - [2026-03-15T17:46:25.059+0000] {dag.py:3834} INFO - Setting next_dagrun for example_dynamic_task_mapping_with_no_taskflow_operators to 2026-03-14 00:00:00+00:00, run_after=2026-03-15 00:00:00+00:00
[2026-03-15T17:46:25.073+0000] {processor.py:183} INFO - Processing /home/airflow/.local/lib/python3.11/site-packages/airflow/example_dags/example_dynamic_task_mapping_with_no_taskflow_operators.py took 0.056 seconds
[2026-03-15T17:46:55.453+0000] {processor.py:161} INFO - Started process (PID=1162) to work on /home/airflow/.local/lib/python3.11/site-packages/airflow/example_dags/example_dynamic_task_mapping_with_no_taskflow_operators.py
[2026-03-15T17:46:55.454+0000] {processor.py:830} INFO - Processing file /home/airflow/.local/lib/python3.11/site-packages/airflow/example_dags/example_dynamic_task_mapping_with_no_taskflow_operators.py for tasks to queue
[2026-03-15T17:46:55.455+0000] {logging_mixin.py:188} INFO - [2026-03-15T17:46:55.455+0000] {dagbag.py:540} INFO - Filling up the DagBag from /home/airflow/.local/lib/python3.11/site-packages/airflow/example_dags/example_dynamic_task_mapping_with_no_taskflow_operators.py
[2026-03-15T17:46:55.461+0000] {processor.py:840} INFO - DAG(s) 'example_dynamic_task_mapping_with_no_taskflow_operators' retrieved from /home/airflow/.local/lib/python3.11/site-packages/airflow/example_dags/example_dynamic_task_mapping_with_no_taskflow_operators.py
[2026-03-15T17:46:55.478+0000] {logging_mixin.py:188} INFO - [2026-03-15T17:46:55.478+0000] {dag.py:3047} INFO - Sync 1 DAGs
[2026-03-15T17:46:55.494+0000] {logging_mixin.py:188} INFO - [2026-03-15T17:46:55.494+0000] {dag.py:3834} INFO - Setting next_dagrun for example_dynamic_task_mapping_with_no_taskflow_operators to 2026-03-14 00:00:00+00:00, run_after=2026-03-15 00:00:00+00:00
[2026-03-15T17:46:55.509+0000] {processor.py:183} INFO - Processing /home/airflow/.local/lib/python3.11/site-packages/airflow/example_dags/example_dynamic_task_mapping_with_no_taskflow_operators.py took 0.059 seconds
[2026-03-15T17:47:15.149+0000] {processor.py:161} INFO - Started process (PID=1209) to work on /home/airflow/.local/lib/python3.11/site-packages/airflow/example_dags/example_dynamic_task_mapping_with_no_taskflow_operators.py
[2026-03-15T17:47:15.150+0000] {processor.py:830} INFO - Processing file /home/airflow/.local/lib/python3.11/site-packages/airflow/example_dags/example_dynamic_task_mapping_with_no_taskflow_operators.py for tasks to queue
[2026-03-15T17:47:15.152+0000] {logging_mixin.py:188} INFO - [2026-03-15T17:47:15.152+0000] {dagbag.py:540} INFO - Filling up the DagBag from /home/airflow/.local/lib/python3.11/site-packages/airflow/example_dags/example_dynamic_task_mapping_with_no_taskflow_operators.py
[2026-03-15T17:47:15.157+0000] {processor.py:840} INFO - DAG(s) 'example_dynamic_task_mapping_with_no_taskflow_operators' retrieved from /home/airflow/.local/lib/python3.11/site-packages/airflow/example_dags/example_dynamic_task_mapping_with_no_taskflow_operators.py
[2026-03-15T17:47:15.174+0000] {logging_mixin.py:188} INFO - [2026-03-15T17:47:15.173+0000] {dag.py:3047} INFO - Sync 1 DAGs
[2026-03-15T17:47:15.190+0000] {logging_mixin.py:188} INFO - [2026-03-15T17:47:15.190+0000] {dag.py:3834} INFO - Setting next_dagrun for example_dynamic_task_mapping_with_no_taskflow_operators to 2026-03-14 00:00:00+00:00, run_after=2026-03-15 00:00:00+00:00
[2026-03-15T17:47:15.204+0000] {processor.py:183} INFO - Processing /home/airflow/.local/lib/python3.11/site-packages/airflow/example_dags/example_dynamic_task_mapping_with_no_taskflow_operators.py took 0.058 seconds
[2026-03-15T17:47:20.312+0000] {processor.py:161} INFO - Started process (PID=1255) to work on /home/airflow/.local/lib/python3.11/site-packages/airflow/example_dags/example_dynamic_task_mapping_with_no_taskflow_operators.py
[2026-03-15T17:47:20.314+0000] {processor.py:830} INFO - Processing file /home/airflow/.local/lib/python3.11/site-packages/airflow/example_dags/example_dynamic_task_mapping_with_no_taskflow_operators.py for tasks to queue
[2026-03-15T17:47:20.316+0000] {logging_mixin.py:188} INFO - [2026-03-15T17:47:20.316+0000] {dagbag.py:540} INFO - Filling up the DagBag from /home/airflow/.local/lib/python3.11/site-packages/airflow/example_dags/example_dynamic_task_mapping_with_no_taskflow_operators.py
[2026-03-15T17:47:20.322+0000] {processor.py:840} INFO - DAG(s) 'example_dynamic_task_mapping_with_no_taskflow_operators' retrieved from /home/airflow/.local/lib/python3.11/site-packages/airflow/example_dags/example_dynamic_task_mapping_with_no_taskflow_operators.py
[2026-03-15T17:47:20.340+0000] {logging_mixin.py:188} INFO - [2026-03-15T17:47:20.339+0000] {dag.py:3047} INFO - Sync 1 DAGs
[2026-03-15T17:47:20.360+0000] {logging_mixin.py:188} INFO - [2026-03-15T17:47:20.360+0000] {dag.py:3834} INFO - Setting next_dagrun for example_dynamic_task_mapping_with_no_taskflow_operators to 2026-03-14 00:00:00+00:00, run_after=2026-03-15 00:00:00+00:00
[2026-03-15T17:47:20.375+0000] {processor.py:183} INFO - Processing /home/airflow/.local/lib/python3.11/site-packages/airflow/example_dags/example_dynamic_task_mapping_with_no_taskflow_operators.py took 0.066 seconds
[2026-03-15T17:47:25.936+0000] {processor.py:161} INFO - Started process (PID=1297) to work on /home/airflow/.local/lib/python3.11/site-packages/airflow/example_dags/example_dynamic_task_mapping_with_no_taskflow_operators.py
[2026-03-15T17:47:25.937+0000] {processor.py:830} INFO - Processing file /home/airflow/.local/lib/python3.11/site-packages/airflow/example_dags/example_dynamic_task_mapping_with_no_taskflow_operators.py for tasks to queue
[2026-03-15T17:47:25.939+0000] {logging_mixin.py:188} INFO - [2026-03-15T17:47:25.938+0000] {dagbag.py:540} INFO - Filling up the DagBag from /home/airflow/.local/lib/python3.11/site-packages/airflow/example_dags/example_dynamic_task_mapping_with_no_taskflow_operators.py
[2026-03-15T17:47:25.945+0000] {processor.py:840} INFO - DAG(s) 'example_dynamic_task_mapping_with_no_taskflow_operators' retrieved from /home/airflow/.local/lib/python3.11/site-packages/airflow/example_dags/example_dynamic_task_mapping_with_no_taskflow_operators.py
[2026-03-15T17:47:25.961+0000] {logging_mixin.py:188} INFO - [2026-03-15T17:47:25.961+0000] {dag.py:3047} INFO - Sync 1 DAGs
[2026-03-15T17:47:25.978+0000] {logging_mixin.py:188} INFO - [2026-03-15T17:47:25.978+0000] {dag.py:3834} INFO - Setting next_dagrun for example_dynamic_task_mapping_with_no_taskflow_operators to 2026-03-14 00:00:00+00:00, run_after=2026-03-15 00:00:00+00:00
[2026-03-15T17:47:25.992+0000] {processor.py:183} INFO - Processing /home/airflow/.local/lib/python3.11/site-packages/airflow/example_dags/example_dynamic_task_mapping_with_no_taskflow_operators.py took 0.059 seconds
[2026-03-15T17:47:30.457+0000] {processor.py:161} INFO - Started process (PID=1340) to work on /home/airflow/.local/lib/python3.11/site-packages/airflow/example_dags/example_dynamic_task_mapping_with_no_taskflow_operators.py
[2026-03-15T17:47:30.458+0000] {processor.py:830} INFO - Processing file /home/airflow/.local/lib/python3.11/site-packages/airflow/example_dags/example_dynamic_task_mapping_with_no_taskflow_operators.py for tasks to queue
[2026-03-15T17:47:30.460+0000] {logging_mixin.py:188} INFO - [2026-03-15T17:47:30.459+0000] {dagbag.py:540} INFO - Filling up the DagBag from /home/airflow/.local/lib/python3.11/site-packages/airflow/example_dags/example_dynamic_task_mapping_with_no_taskflow_operators.py
[2026-03-15T17:47:30.465+0000] {processor.py:840} INFO - DAG(s) 'example_dynamic_task_mapping_with_no_taskflow_operators' retrieved from /home/airflow/.local/lib/python3.11/site-packages/airflow/example_dags/example_dynamic_task_mapping_with_no_taskflow_operators.py
[2026-03-15T17:47:30.481+0000] {logging_mixin.py:188} INFO - [2026-03-15T17:47:30.480+0000] {dag.py:3047} INFO - Sync 1 DAGs
[2026-03-15T17:47:30.496+0000] {logging_mixin.py:188} INFO - [2026-03-15T17:47:30.495+0000] {dag.py:3834} INFO - Setting next_dagrun for example_dynamic_task_mapping_with_no_taskflow_operators to 2026-03-14 00:00:00+00:00, run_after=2026-03-15 00:00:00+00:00
[2026-03-15T17:47:30.512+0000] {processor.py:183} INFO - Processing /home/airflow/.local/lib/python3.11/site-packages/airflow/example_dags/example_dynamic_task_mapping_with_no_taskflow_operators.py took 0.058 seconds
[2026-03-15T17:47:44.804+0000] {processor.py:161} INFO - Started process (PID=1381) to work on /home/airflow/.local/lib/python3.11/site-packages/airflow/example_dags/example_dynamic_task_mapping_with_no_taskflow_operators.py
[2026-03-15T17:47:44.805+0000] {processor.py:830} INFO - Processing file /home/airflow/.local/lib/python3.11/site-packages/airflow/example_dags/example_dynamic_task_mapping_with_no_taskflow_operators.py for tasks to queue
[2026-03-15T17:47:44.807+0000] {logging_mixin.py:188} INFO - [2026-03-15T17:47:44.806+0000] {dagbag.py:540} INFO - Filling up the DagBag from /home/airflow/.local/lib/python3.11/site-packages/airflow/example_dags/example_dynamic_task_mapping_with_no_taskflow_operators.py
[2026-03-15T17:47:44.812+0000] {processor.py:840} INFO - DAG(s) 'example_dynamic_task_mapping_with_no_taskflow_operators' retrieved from /home/airflow/.local/lib/python3.11/site-packages/airflow/example_dags/example_dynamic_task_mapping_with_no_taskflow_operators.py
[2026-03-15T17:47:44.827+0000] {logging_mixin.py:188} INFO - [2026-03-15T17:47:44.827+0000] {dag.py:3047} INFO - Sync 1 DAGs
[2026-03-15T17:47:44.843+0000] {logging_mixin.py:188} INFO - [2026-03-15T17:47:44.843+0000] {dag.py:3834} INFO - Setting next_dagrun for example_dynamic_task_mapping_with_no_taskflow_operators to 2026-03-14 00:00:00+00:00, run_after=2026-03-15 00:00:00+00:00
[2026-03-15T17:47:44.858+0000] {processor.py:183} INFO - Processing /home/airflow/.local/lib/python3.11/site-packages/airflow/example_dags/example_dynamic_task_mapping_with_no_taskflow_operators.py took 0.056 seconds
[2026-03-15T17:48:14.987+0000] {processor.py:161} INFO - Started process (PID=1423) to work on /home/airflow/.local/lib/python3.11/site-packages/airflow/example_dags/example_dynamic_task_mapping_with_no_taskflow_operators.py
[2026-03-15T17:48:14.988+0000] {processor.py:830} INFO - Processing file /home/airflow/.local/lib/python3.11/site-packages/airflow/example_dags/example_dynamic_task_mapping_with_no_taskflow_operators.py for tasks to queue
[2026-03-15T17:48:14.990+0000] {logging_mixin.py:188} INFO - [2026-03-15T17:48:14.989+0000] {dagbag.py:540} INFO - Filling up the DagBag from /home/airflow/.local/lib/python3.11/site-packages/airflow/example_dags/example_dynamic_task_mapping_with_no_taskflow_operators.py
[2026-03-15T17:48:14.995+0000] {processor.py:840} INFO - DAG(s) 'example_dynamic_task_mapping_with_no_taskflow_operators' retrieved from /home/airflow/.local/lib/python3.11/site-packages/airflow/example_dags/example_dynamic_task_mapping_with_no_taskflow_operators.py
[2026-03-15T17:48:15.011+0000] {logging_mixin.py:188} INFO - [2026-03-15T17:48:15.010+0000] {dag.py:3047} INFO - Sync 1 DAGs
[2026-03-15T17:48:15.027+0000] {logging_mixin.py:188} INFO - [2026-03-15T17:48:15.026+0000] {dag.py:3834} INFO - Setting next_dagrun for example_dynamic_task_mapping_with_no_taskflow_operators to 2026-03-14 00:00:00+00:00, run_after=2026-03-15 00:00:00+00:00
[2026-03-15T17:48:15.040+0000] {processor.py:183} INFO - Processing /home/airflow/.local/lib/python3.11/site-packages/airflow/example_dags/example_dynamic_task_mapping_with_no_taskflow_operators.py took 0.056 seconds
[2026-03-15T17:48:44.922+0000] {processor.py:161} INFO - Started process (PID=1482) to work on /home/airflow/.local/lib/python3.11/site-packages/airflow/example_dags/example_dynamic_task_mapping_with_no_taskflow_operators.py
[2026-03-15T17:48:44.923+0000] {processor.py:830} INFO - Processing file /home/airflow/.local/lib/python3.11/site-packages/airflow/example_dags/example_dynamic_task_mapping_with_no_taskflow_operators.py for tasks to queue
[2026-03-15T17:48:44.925+0000] {logging_mixin.py:188} INFO - [2026-03-15T17:48:44.925+0000] {dagbag.py:540} INFO - Filling up the DagBag from /home/airflow/.local/lib/python3.11/site-packages/airflow/example_dags/example_dynamic_task_mapping_with_no_taskflow_operators.py
[2026-03-15T17:48:44.931+0000] {processor.py:840} INFO - DAG(s) 'example_dynamic_task_mapping_with_no_taskflow_operators' retrieved from /home/airflow/.local/lib/python3.11/site-packages/airflow/example_dags/example_dynamic_task_mapping_with_no_taskflow_operators.py
[2026-03-15T17:48:44.949+0000] {logging_mixin.py:188} INFO - [2026-03-15T17:48:44.949+0000] {dag.py:3047} INFO - Sync 1 DAGs
[2026-03-15T17:48:44.967+0000] {logging_mixin.py:188} INFO - [2026-03-15T17:48:44.967+0000] {dag.py:3834} INFO - Setting next_dagrun for example_dynamic_task_mapping_with_no_taskflow_operators to 2026-03-14 00:00:00+00:00, run_after=2026-03-15 00:00:00+00:00
[2026-03-15T17:48:44.984+0000] {processor.py:183} INFO - Processing /home/airflow/.local/lib/python3.11/site-packages/airflow/example_dags/example_dynamic_task_mapping_with_no_taskflow_operators.py took 0.064 seconds
[2026-03-15T17:49:15.551+0000] {processor.py:161} INFO - Started process (PID=1538) to work on /home/airflow/.local/lib/python3.11/site-packages/airflow/example_dags/example_dynamic_task_mapping_with_no_taskflow_operators.py
[2026-03-15T17:49:15.552+0000] {processor.py:830} INFO - Processing file /home/airflow/.local/lib/python3.11/site-packages/airflow/example_dags/example_dynamic_task_mapping_with_no_taskflow_operators.py for tasks to queue
[2026-03-15T17:49:15.554+0000] {logging_mixin.py:188} INFO - [2026-03-15T17:49:15.554+0000] {dagbag.py:540} INFO - Filling up the DagBag from /home/airflow/.local/lib/python3.11/site-packages/airflow/example_dags/example_dynamic_task_mapping_with_no_taskflow_operators.py
[2026-03-15T17:49:15.560+0000] {processor.py:840} INFO - DAG(s) 'example_dynamic_task_mapping_with_no_taskflow_operators' retrieved from /home/airflow/.local/lib/python3.11/site-packages/airflow/example_dags/example_dynamic_task_mapping_with_no_taskflow_operators.py
[2026-03-15T17:49:15.575+0000] {logging_mixin.py:188} INFO - [2026-03-15T17:49:15.575+0000] {dag.py:3047} INFO - Sync 1 DAGs
[2026-03-15T17:49:15.591+0000] {logging_mixin.py:188} INFO - [2026-03-15T17:49:15.591+0000] {dag.py:3834} INFO - Setting next_dagrun for example_dynamic_task_mapping_with_no_taskflow_operators to 2026-03-14 00:00:00+00:00, run_after=2026-03-15 00:00:00+00:00
[2026-03-15T17:49:15.604+0000] {processor.py:183} INFO - Processing /home/airflow/.local/lib/python3.11/site-packages/airflow/example_dags/example_dynamic_task_mapping_with_no_taskflow_operators.py took 0.056 seconds
[2026-03-15T17:49:59.730+0000] {processor.py:161} INFO - Started process (PID=87) to work on /home/airflow/.local/lib/python3.11/site-packages/airflow/example_dags/example_dynamic_task_mapping_with_no_taskflow_operators.py
[2026-03-15T17:49:59.732+0000] {processor.py:830} INFO - Processing file /home/airflow/.local/lib/python3.11/site-packages/airflow/example_dags/example_dynamic_task_mapping_with_no_taskflow_operators.py for tasks to queue
[2026-03-15T17:49:59.734+0000] {logging_mixin.py:188} INFO - [2026-03-15T17:49:59.734+0000] {dagbag.py:540} INFO - Filling up the DagBag from /home/airflow/.local/lib/python3.11/site-packages/airflow/example_dags/example_dynamic_task_mapping_with_no_taskflow_operators.py
[2026-03-15T17:49:59.741+0000] {processor.py:840} INFO - DAG(s) 'example_dynamic_task_mapping_with_no_taskflow_operators' retrieved from /home/airflow/.local/lib/python3.11/site-packages/airflow/example_dags/example_dynamic_task_mapping_with_no_taskflow_operators.py
[2026-03-15T17:49:59.755+0000] {logging_mixin.py:188} INFO - [2026-03-15T17:49:59.754+0000] {dag.py:3047} INFO - Sync 1 DAGs
[2026-03-15T17:49:59.771+0000] {logging_mixin.py:188} INFO - [2026-03-15T17:49:59.771+0000] {dag.py:3834} INFO - Setting next_dagrun for example_dynamic_task_mapping_with_no_taskflow_operators to 2026-03-14 00:00:00+00:00, run_after=2026-03-15 00:00:00+00:00
[2026-03-15T17:49:59.788+0000] {processor.py:183} INFO - Processing /home/airflow/.local/lib/python3.11/site-packages/airflow/example_dags/example_dynamic_task_mapping_with_no_taskflow_operators.py took 0.060 seconds
[2026-03-15T17:50:16.007+0000] {processor.py:161} INFO - Started process (PID=141) to work on /home/airflow/.local/lib/python3.11/site-packages/airflow/example_dags/example_dynamic_task_mapping_with_no_taskflow_operators.py
[2026-03-15T17:50:16.008+0000] {processor.py:830} INFO - Processing file /home/airflow/.local/lib/python3.11/site-packages/airflow/example_dags/example_dynamic_task_mapping_with_no_taskflow_operators.py for tasks to queue
[2026-03-15T17:50:16.009+0000] {logging_mixin.py:188} INFO - [2026-03-15T17:50:16.009+0000] {dagbag.py:540} INFO - Filling up the DagBag from /home/airflow/.local/lib/python3.11/site-packages/airflow/example_dags/example_dynamic_task_mapping_with_no_taskflow_operators.py
[2026-03-15T17:50:16.015+0000] {processor.py:840} INFO - DAG(s) 'example_dynamic_task_mapping_with_no_taskflow_operators' retrieved from /home/airflow/.local/lib/python3.11/site-packages/airflow/example_dags/example_dynamic_task_mapping_with_no_taskflow_operators.py
[2026-03-15T17:50:16.085+0000] {logging_mixin.py:188} INFO - [2026-03-15T17:50:16.085+0000] {dag.py:3047} INFO - Sync 1 DAGs
[2026-03-15T17:50:16.097+0000] {logging_mixin.py:188} INFO - [2026-03-15T17:50:16.097+0000] {dag.py:3834} INFO - Setting next_dagrun for example_dynamic_task_mapping_with_no_taskflow_operators to 2026-03-14 00:00:00+00:00, run_after=2026-03-15 00:00:00+00:00
[2026-03-15T17:50:16.111+0000] {processor.py:183} INFO - Processing /home/airflow/.local/lib/python3.11/site-packages/airflow/example_dags/example_dynamic_task_mapping_with_no_taskflow_operators.py took 0.108 seconds
[2026-03-15T17:50:20.525+0000] {processor.py:161} INFO - Started process (PID=186) to work on /home/airflow/.local/lib/python3.11/site-packages/airflow/example_dags/example_dynamic_task_mapping_with_no_taskflow_operators.py
[2026-03-15T17:50:20.526+0000] {processor.py:830} INFO - Processing file /home/airflow/.local/lib/python3.11/site-packages/airflow/example_dags/example_dynamic_task_mapping_with_no_taskflow_operators.py for tasks to queue
[2026-03-15T17:50:20.528+0000] {logging_mixin.py:188} INFO - [2026-03-15T17:50:20.528+0000] {dagbag.py:540} INFO - Filling up the DagBag from /home/airflow/.local/lib/python3.11/site-packages/airflow/example_dags/example_dynamic_task_mapping_with_no_taskflow_operators.py
[2026-03-15T17:50:20.534+0000] {processor.py:840} INFO - DAG(s) 'example_dynamic_task_mapping_with_no_taskflow_operators' retrieved from /home/airflow/.local/lib/python3.11/site-packages/airflow/example_dags/example_dynamic_task_mapping_with_no_taskflow_operators.py
[2026-03-15T17:50:20.543+0000] {logging_mixin.py:188} INFO - [2026-03-15T17:50:20.543+0000] {dag.py:3047} INFO - Sync 1 DAGs
[2026-03-15T17:50:20.559+0000] {logging_mixin.py:188} INFO - [2026-03-15T17:50:20.559+0000] {dag.py:3834} INFO - Setting next_dagrun for example_dynamic_task_mapping_with_no_taskflow_operators to 2026-03-14 00:00:00+00:00, run_after=2026-03-15 00:00:00+00:00
[2026-03-15T17:50:20.574+0000] {processor.py:183} INFO - Processing /home/airflow/.local/lib/python3.11/site-packages/airflow/example_dags/example_dynamic_task_mapping_with_no_taskflow_operators.py took 0.052 seconds
[2026-03-15T17:50:25.599+0000] {processor.py:161} INFO - Started process (PID=228) to work on /home/airflow/.local/lib/python3.11/site-packages/airflow/example_dags/example_dynamic_task_mapping_with_no_taskflow_operators.py
[2026-03-15T17:50:25.600+0000] {processor.py:830} INFO - Processing file /home/airflow/.local/lib/python3.11/site-packages/airflow/example_dags/example_dynamic_task_mapping_with_no_taskflow_operators.py for tasks to queue
[2026-03-15T17:50:25.601+0000] {logging_mixin.py:188} INFO - [2026-03-15T17:50:25.601+0000] {dagbag.py:540} INFO - Filling up the DagBag from /home/airflow/.local/lib/python3.11/site-packages/airflow/example_dags/example_dynamic_task_mapping_with_no_taskflow_operators.py
[2026-03-15T17:50:25.607+0000] {processor.py:840} INFO - DAG(s) 'example_dynamic_task_mapping_with_no_taskflow_operators' retrieved from /home/airflow/.local/lib/python3.11/site-packages/airflow/example_dags/example_dynamic_task_mapping_with_no_taskflow_operators.py
[2026-03-15T17:50:25.617+0000] {logging_mixin.py:188} INFO - [2026-03-15T17:50:25.617+0000] {dag.py:3047} INFO - Sync 1 DAGs
[2026-03-15T17:50:25.634+0000] {logging_mixin.py:188} INFO - [2026-03-15T17:50:25.634+0000] {dag.py:3834} INFO - Setting next_dagrun for example_dynamic_task_mapping_with_no_taskflow_operators to 2026-03-14 00:00:00+00:00, run_after=2026-03-15 00:00:00+00:00
[2026-03-15T17:50:25.648+0000] {processor.py:183} INFO - Processing /home/airflow/.local/lib/python3.11/site-packages/airflow/example_dags/example_dynamic_task_mapping_with_no_taskflow_operators.py took 0.052 seconds
[2026-03-15T17:50:30.939+0000] {processor.py:161} INFO - Started process (PID=278) to work on /home/airflow/.local/lib/python3.11/site-packages/airflow/example_dags/example_dynamic_task_mapping_with_no_taskflow_operators.py
[2026-03-15T17:50:30.940+0000] {processor.py:830} INFO - Processing file /home/airflow/.local/lib/python3.11/site-packages/airflow/example_dags/example_dynamic_task_mapping_with_no_taskflow_operators.py for tasks to queue
[2026-03-15T17:50:30.942+0000] {logging_mixin.py:188} INFO - [2026-03-15T17:50:30.941+0000] {dagbag.py:540} INFO - Filling up the DagBag from /home/airflow/.local/lib/python3.11/site-packages/airflow/example_dags/example_dynamic_task_mapping_with_no_taskflow_operators.py
[2026-03-15T17:50:30.947+0000] {processor.py:840} INFO - DAG(s) 'example_dynamic_task_mapping_with_no_taskflow_operators' retrieved from /home/airflow/.local/lib/python3.11/site-packages/airflow/example_dags/example_dynamic_task_mapping_with_no_taskflow_operators.py
[2026-03-15T17:50:30.962+0000] {logging_mixin.py:188} INFO - [2026-03-15T17:50:30.961+0000] {dag.py:3047} INFO - Sync 1 DAGs
[2026-03-15T17:50:30.980+0000] {logging_mixin.py:188} INFO - [2026-03-15T17:50:30.980+0000] {dag.py:3834} INFO - Setting next_dagrun for example_dynamic_task_mapping_with_no_taskflow_operators to 2026-03-14 00:00:00+00:00, run_after=2026-03-15 00:00:00+00:00
[2026-03-15T17:50:30.998+0000] {processor.py:183} INFO - Processing /home/airflow/.local/lib/python3.11/site-packages/airflow/example_dags/example_dynamic_task_mapping_with_no_taskflow_operators.py took 0.061 seconds
[2026-03-15T17:51:01.269+0000] {processor.py:161} INFO - Started process (PID=328) to work on /home/airflow/.local/lib/python3.11/site-packages/airflow/example_dags/example_dynamic_task_mapping_with_no_taskflow_operators.py
[2026-03-15T17:51:01.270+0000] {processor.py:830} INFO - Processing file /home/airflow/.local/lib/python3.11/site-packages/airflow/example_dags/example_dynamic_task_mapping_with_no_taskflow_operators.py for tasks to queue
[2026-03-15T17:51:01.271+0000] {logging_mixin.py:188} INFO - [2026-03-15T17:51:01.271+0000] {dagbag.py:540} INFO - Filling up the DagBag from /home/airflow/.local/lib/python3.11/site-packages/airflow/example_dags/example_dynamic_task_mapping_with_no_taskflow_operators.py
[2026-03-15T17:51:01.277+0000] {processor.py:840} INFO - DAG(s) 'example_dynamic_task_mapping_with_no_taskflow_operators' retrieved from /home/airflow/.local/lib/python3.11/site-packages/airflow/example_dags/example_dynamic_task_mapping_with_no_taskflow_operators.py
[2026-03-15T17:51:01.291+0000] {logging_mixin.py:188} INFO - [2026-03-15T17:51:01.291+0000] {dag.py:3047} INFO - Sync 1 DAGs
[2026-03-15T17:51:01.306+0000] {logging_mixin.py:188} INFO - [2026-03-15T17:51:01.306+0000] {dag.py:3834} INFO - Setting next_dagrun for example_dynamic_task_mapping_with_no_taskflow_operators to 2026-03-14 00:00:00+00:00, run_after=2026-03-15 00:00:00+00:00
[2026-03-15T17:51:01.320+0000] {processor.py:183} INFO - Processing /home/airflow/.local/lib/python3.11/site-packages/airflow/example_dags/example_dynamic_task_mapping_with_no_taskflow_operators.py took 0.054 seconds
[2026-03-15T17:51:31.666+0000] {processor.py:161} INFO - Started process (PID=379) to work on /home/airflow/.local/lib/python3.11/site-packages/airflow/example_dags/example_dynamic_task_mapping_with_no_taskflow_operators.py
[2026-03-15T17:51:31.667+0000] {processor.py:830} INFO - Processing file /home/airflow/.local/lib/python3.11/site-packages/airflow/example_dags/example_dynamic_task_mapping_with_no_taskflow_operators.py for tasks to queue
[2026-03-15T17:51:31.670+0000] {logging_mixin.py:188} INFO - [2026-03-15T17:51:31.669+0000] {dagbag.py:540} INFO - Filling up the DagBag from /home/airflow/.local/lib/python3.11/site-packages/airflow/example_dags/example_dynamic_task_mapping_with_no_taskflow_operators.py
[2026-03-15T17:51:31.677+0000] {processor.py:840} INFO - DAG(s) 'example_dynamic_task_mapping_with_no_taskflow_operators' retrieved from /home/airflow/.local/lib/python3.11/site-packages/airflow/example_dags/example_dynamic_task_mapping_with_no_taskflow_operators.py
[2026-03-15T17:51:31.695+0000] {logging_mixin.py:188} INFO - [2026-03-15T17:51:31.695+0000] {dag.py:3047} INFO - Sync 1 DAGs
[2026-03-15T17:51:31.713+0000] {logging_mixin.py:188} INFO - [2026-03-15T17:51:31.713+0000] {dag.py:3834} INFO - Setting next_dagrun for example_dynamic_task_mapping_with_no_taskflow_operators to 2026-03-14 00:00:00+00:00, run_after=2026-03-15 00:00:00+00:00
[2026-03-15T17:51:31.729+0000] {processor.py:183} INFO - Processing /home/airflow/.local/lib/python3.11/site-packages/airflow/example_dags/example_dynamic_task_mapping_with_no_taskflow_operators.py took 0.066 seconds
[2026-03-15T17:51:36.408+0000] {processor.py:161} INFO - Started process (PID=432) to work on /home/airflow/.local/lib/python3.11/site-packages/airflow/example_dags/example_dynamic_task_mapping_with_no_taskflow_operators.py
[2026-03-15T17:51:36.409+0000] {processor.py:830} INFO - Processing file /home/airflow/.local/lib/python3.11/site-packages/airflow/example_dags/example_dynamic_task_mapping_with_no_taskflow_operators.py for tasks to queue
[2026-03-15T17:51:36.412+0000] {logging_mixin.py:188} INFO - [2026-03-15T17:51:36.411+0000] {dagbag.py:540} INFO - Filling up the DagBag from /home/airflow/.local/lib/python3.11/site-packages/airflow/example_dags/example_dynamic_task_mapping_with_no_taskflow_operators.py
[2026-03-15T17:51:36.419+0000] {processor.py:840} INFO - DAG(s) 'example_dynamic_task_mapping_with_no_taskflow_operators' retrieved from /home/airflow/.local/lib/python3.11/site-packages/airflow/example_dags/example_dynamic_task_mapping_with_no_taskflow_operators.py
[2026-03-15T17:51:36.440+0000] {logging_mixin.py:188} INFO - [2026-03-15T17:51:36.440+0000] {dag.py:3047} INFO - Sync 1 DAGs
[2026-03-15T17:51:36.460+0000] {logging_mixin.py:188} INFO - [2026-03-15T17:51:36.459+0000] {dag.py:3834} INFO - Setting next_dagrun for example_dynamic_task_mapping_with_no_taskflow_operators to 2026-03-14 00:00:00+00:00, run_after=2026-03-15 00:00:00+00:00
[2026-03-15T17:51:36.478+0000] {processor.py:183} INFO - Processing /home/airflow/.local/lib/python3.11/site-packages/airflow/example_dags/example_dynamic_task_mapping_with_no_taskflow_operators.py took 0.074 seconds
[2026-03-15T17:51:41.133+0000] {processor.py:161} INFO - Started process (PID=482) to work on /home/airflow/.local/lib/python3.11/site-packages/airflow/example_dags/example_dynamic_task_mapping_with_no_taskflow_operators.py
[2026-03-15T17:51:41.133+0000] {processor.py:830} INFO - Processing file /home/airflow/.local/lib/python3.11/site-packages/airflow/example_dags/example_dynamic_task_mapping_with_no_taskflow_operators.py for tasks to queue
[2026-03-15T17:51:41.135+0000] {logging_mixin.py:188} INFO - [2026-03-15T17:51:41.135+0000] {dagbag.py:540} INFO - Filling up the DagBag from /home/airflow/.local/lib/python3.11/site-packages/airflow/example_dags/example_dynamic_task_mapping_with_no_taskflow_operators.py
[2026-03-15T17:51:41.142+0000] {processor.py:840} INFO - DAG(s) 'example_dynamic_task_mapping_with_no_taskflow_operators' retrieved from /home/airflow/.local/lib/python3.11/site-packages/airflow/example_dags/example_dynamic_task_mapping_with_no_taskflow_operators.py
[2026-03-15T17:51:41.160+0000] {logging_mixin.py:188} INFO - [2026-03-15T17:51:41.160+0000] {dag.py:3047} INFO - Sync 1 DAGs
[2026-03-15T17:51:41.177+0000] {logging_mixin.py:188} INFO - [2026-03-15T17:51:41.177+0000] {dag.py:3834} INFO - Setting next_dagrun for example_dynamic_task_mapping_with_no_taskflow_operators to 2026-03-14 00:00:00+00:00, run_after=2026-03-15 00:00:00+00:00
[2026-03-15T17:51:41.191+0000] {processor.py:183} INFO - Processing /home/airflow/.local/lib/python3.11/site-packages/airflow/example_dags/example_dynamic_task_mapping_with_no_taskflow_operators.py took 0.061 seconds
[2026-03-15T17:52:11.424+0000] {processor.py:161} INFO - Started process (PID=536) to work on /home/airflow/.local/lib/python3.11/site-packages/airflow/example_dags/example_dynamic_task_mapping_with_no_taskflow_operators.py
[2026-03-15T17:52:11.425+0000] {processor.py:830} INFO - Processing file /home/airflow/.local/lib/python3.11/site-packages/airflow/example_dags/example_dynamic_task_mapping_with_no_taskflow_operators.py for tasks to queue
[2026-03-15T17:52:11.427+0000] {logging_mixin.py:188} INFO - [2026-03-15T17:52:11.427+0000] {dagbag.py:540} INFO - Filling up the DagBag from /home/airflow/.local/lib/python3.11/site-packages/airflow/example_dags/example_dynamic_task_mapping_with_no_taskflow_operators.py
[2026-03-15T17:52:11.433+0000] {processor.py:840} INFO - DAG(s) 'example_dynamic_task_mapping_with_no_taskflow_operators' retrieved from /home/airflow/.local/lib/python3.11/site-packages/airflow/example_dags/example_dynamic_task_mapping_with_no_taskflow_operators.py
[2026-03-15T17:52:11.448+0000] {logging_mixin.py:188} INFO - [2026-03-15T17:52:11.448+0000] {dag.py:3047} INFO - Sync 1 DAGs
[2026-03-15T17:52:11.467+0000] {logging_mixin.py:188} INFO - [2026-03-15T17:52:11.467+0000] {dag.py:3834} INFO - Setting next_dagrun for example_dynamic_task_mapping_with_no_taskflow_operators to 2026-03-14 00:00:00+00:00, run_after=2026-03-15 00:00:00+00:00
[2026-03-15T17:52:11.482+0000] {processor.py:183} INFO - Processing /home/airflow/.local/lib/python3.11/site-packages/airflow/example_dags/example_dynamic_task_mapping_with_no_taskflow_operators.py took 0.060 seconds
[2026-03-15T17:52:14.967+0000] {processor.py:161} INFO - Started process (PID=586) to work on /home/airflow/.local/lib/python3.11/site-packages/airflow/example_dags/example_dynamic_task_mapping_with_no_taskflow_operators.py
[2026-03-15T17:52:14.968+0000] {processor.py:830} INFO - Processing file /home/airflow/.local/lib/python3.11/site-packages/airflow/example_dags/example_dynamic_task_mapping_with_no_taskflow_operators.py for tasks to queue
[2026-03-15T17:52:14.970+0000] {logging_mixin.py:188} INFO - [2026-03-15T17:52:14.970+0000] {dagbag.py:540} INFO - Filling up the DagBag from /home/airflow/.local/lib/python3.11/site-packages/airflow/example_dags/example_dynamic_task_mapping_with_no_taskflow_operators.py
[2026-03-15T17:52:14.976+0000] {processor.py:840} INFO - DAG(s) 'example_dynamic_task_mapping_with_no_taskflow_operators' retrieved from /home/airflow/.local/lib/python3.11/site-packages/airflow/example_dags/example_dynamic_task_mapping_with_no_taskflow_operators.py
[2026-03-15T17:52:14.992+0000] {logging_mixin.py:188} INFO - [2026-03-15T17:52:14.992+0000] {dag.py:3047} INFO - Sync 1 DAGs
[2026-03-15T17:52:15.009+0000] {logging_mixin.py:188} INFO - [2026-03-15T17:52:15.009+0000] {dag.py:3834} INFO - Setting next_dagrun for example_dynamic_task_mapping_with_no_taskflow_operators to 2026-03-14 00:00:00+00:00, run_after=2026-03-15 00:00:00+00:00
[2026-03-15T17:52:15.023+0000] {processor.py:183} INFO - Processing /home/airflow/.local/lib/python3.11/site-packages/airflow/example_dags/example_dynamic_task_mapping_with_no_taskflow_operators.py took 0.059 seconds
[2026-03-15T17:52:20.772+0000] {processor.py:161} INFO - Started process (PID=628) to work on /home/airflow/.local/lib/python3.11/site-packages/airflow/example_dags/example_dynamic_task_mapping_with_no_taskflow_operators.py
[2026-03-15T17:52:20.773+0000] {processor.py:830} INFO - Processing file /home/airflow/.local/lib/python3.11/site-packages/airflow/example_dags/example_dynamic_task_mapping_with_no_taskflow_operators.py for tasks to queue
[2026-03-15T17:52:20.776+0000] {logging_mixin.py:188} INFO - [2026-03-15T17:52:20.776+0000] {dagbag.py:540} INFO - Filling up the DagBag from /home/airflow/.local/lib/python3.11/site-packages/airflow/example_dags/example_dynamic_task_mapping_with_no_taskflow_operators.py
[2026-03-15T17:52:20.782+0000] {processor.py:840} INFO - DAG(s) 'example_dynamic_task_mapping_with_no_taskflow_operators' retrieved from /home/airflow/.local/lib/python3.11/site-packages/airflow/example_dags/example_dynamic_task_mapping_with_no_taskflow_operators.py
[2026-03-15T17:52:20.799+0000] {logging_mixin.py:188} INFO - [2026-03-15T17:52:20.799+0000] {dag.py:3047} INFO - Sync 1 DAGs
[2026-03-15T17:52:20.815+0000] {logging_mixin.py:188} INFO - [2026-03-15T17:52:20.815+0000] {dag.py:3834} INFO - Setting next_dagrun for example_dynamic_task_mapping_with_no_taskflow_operators to 2026-03-14 00:00:00+00:00, run_after=2026-03-15 00:00:00+00:00
[2026-03-15T17:52:20.830+0000] {processor.py:183} INFO - Processing /home/airflow/.local/lib/python3.11/site-packages/airflow/example_dags/example_dynamic_task_mapping_with_no_taskflow_operators.py took 0.062 seconds
[2026-03-15T17:52:25.546+0000] {processor.py:161} INFO - Started process (PID=668) to work on /home/airflow/.local/lib/python3.11/site-packages/airflow/example_dags/example_dynamic_task_mapping_with_no_taskflow_operators.py
[2026-03-15T17:52:25.547+0000] {processor.py:830} INFO - Processing file /home/airflow/.local/lib/python3.11/site-packages/airflow/example_dags/example_dynamic_task_mapping_with_no_taskflow_operators.py for tasks to queue
[2026-03-15T17:52:25.549+0000] {logging_mixin.py:188} INFO - [2026-03-15T17:52:25.549+0000] {dagbag.py:540} INFO - Filling up the DagBag from /home/airflow/.local/lib/python3.11/site-packages/airflow/example_dags/example_dynamic_task_mapping_with_no_taskflow_operators.py
[2026-03-15T17:52:25.555+0000] {processor.py:840} INFO - DAG(s) 'example_dynamic_task_mapping_with_no_taskflow_operators' retrieved from /home/airflow/.local/lib/python3.11/site-packages/airflow/example_dags/example_dynamic_task_mapping_with_no_taskflow_operators.py
[2026-03-15T17:52:25.571+0000] {logging_mixin.py:188} INFO - [2026-03-15T17:52:25.571+0000] {dag.py:3047} INFO - Sync 1 DAGs
[2026-03-15T17:52:25.588+0000] {logging_mixin.py:188} INFO - [2026-03-15T17:52:25.588+0000] {dag.py:3834} INFO - Setting next_dagrun for example_dynamic_task_mapping_with_no_taskflow_operators to 2026-03-14 00:00:00+00:00, run_after=2026-03-15 00:00:00+00:00
[2026-03-15T17:52:25.603+0000] {processor.py:183} INFO - Processing /home/airflow/.local/lib/python3.11/site-packages/airflow/example_dags/example_dynamic_task_mapping_with_no_taskflow_operators.py took 0.060 seconds
[2026-03-15T17:52:44.214+0000] {processor.py:161} INFO - Started process (PID=712) to work on /home/airflow/.local/lib/python3.11/site-packages/airflow/example_dags/example_dynamic_task_mapping_with_no_taskflow_operators.py
[2026-03-15T17:52:44.217+0000] {processor.py:830} INFO - Processing file /home/airflow/.local/lib/python3.11/site-packages/airflow/example_dags/example_dynamic_task_mapping_with_no_taskflow_operators.py for tasks to queue
[2026-03-15T17:52:44.219+0000] {logging_mixin.py:188} INFO - [2026-03-15T17:52:44.219+0000] {dagbag.py:540} INFO - Filling up the DagBag from /home/airflow/.local/lib/python3.11/site-packages/airflow/example_dags/example_dynamic_task_mapping_with_no_taskflow_operators.py
[2026-03-15T17:52:44.228+0000] {processor.py:840} INFO - DAG(s) 'example_dynamic_task_mapping_with_no_taskflow_operators' retrieved from /home/airflow/.local/lib/python3.11/site-packages/airflow/example_dags/example_dynamic_task_mapping_with_no_taskflow_operators.py
[2026-03-15T17:52:44.242+0000] {logging_mixin.py:188} INFO - [2026-03-15T17:52:44.242+0000] {dag.py:3047} INFO - Sync 1 DAGs
[2026-03-15T17:52:44.258+0000] {logging_mixin.py:188} INFO - [2026-03-15T17:52:44.258+0000] {dag.py:3834} INFO - Setting next_dagrun for example_dynamic_task_mapping_with_no_taskflow_operators to 2026-03-14 00:00:00+00:00, run_after=2026-03-15 00:00:00+00:00
[2026-03-15T17:52:44.274+0000] {processor.py:183} INFO - Processing /home/airflow/.local/lib/python3.11/site-packages/airflow/example_dags/example_dynamic_task_mapping_with_no_taskflow_operators.py took 0.063 seconds
[2026-03-15T17:53:16.265+0000] {processor.py:161} INFO - Started process (PID=776) to work on /home/airflow/.local/lib/python3.11/site-packages/airflow/example_dags/example_dynamic_task_mapping_with_no_taskflow_operators.py
[2026-03-15T17:53:16.266+0000] {processor.py:830} INFO - Processing file /home/airflow/.local/lib/python3.11/site-packages/airflow/example_dags/example_dynamic_task_mapping_with_no_taskflow_operators.py for tasks to queue
[2026-03-15T17:53:16.268+0000] {logging_mixin.py:188} INFO - [2026-03-15T17:53:16.268+0000] {dagbag.py:540} INFO - Filling up the DagBag from /home/airflow/.local/lib/python3.11/site-packages/airflow/example_dags/example_dynamic_task_mapping_with_no_taskflow_operators.py
[2026-03-15T17:53:16.274+0000] {processor.py:840} INFO - DAG(s) 'example_dynamic_task_mapping_with_no_taskflow_operators' retrieved from /home/airflow/.local/lib/python3.11/site-packages/airflow/example_dags/example_dynamic_task_mapping_with_no_taskflow_operators.py
[2026-03-15T17:53:16.290+0000] {logging_mixin.py:188} INFO - [2026-03-15T17:53:16.290+0000] {dag.py:3047} INFO - Sync 1 DAGs
[2026-03-15T17:53:16.305+0000] {logging_mixin.py:188} INFO - [2026-03-15T17:53:16.305+0000] {dag.py:3834} INFO - Setting next_dagrun for example_dynamic_task_mapping_with_no_taskflow_operators to 2026-03-14 00:00:00+00:00, run_after=2026-03-15 00:00:00+00:00
[2026-03-15T17:53:16.320+0000] {processor.py:183} INFO - Processing /home/airflow/.local/lib/python3.11/site-packages/airflow/example_dags/example_dynamic_task_mapping_with_no_taskflow_operators.py took 0.058 seconds
[2026-03-15T17:53:47.195+0000] {processor.py:161} INFO - Started process (PID=826) to work on /home/airflow/.local/lib/python3.11/site-packages/airflow/example_dags/example_dynamic_task_mapping_with_no_taskflow_operators.py
[2026-03-15T17:53:47.196+0000] {processor.py:830} INFO - Processing file /home/airflow/.local/lib/python3.11/site-packages/airflow/example_dags/example_dynamic_task_mapping_with_no_taskflow_operators.py for tasks to queue
[2026-03-15T17:53:47.198+0000] {logging_mixin.py:188} INFO - [2026-03-15T17:53:47.198+0000] {dagbag.py:540} INFO - Filling up the DagBag from /home/airflow/.local/lib/python3.11/site-packages/airflow/example_dags/example_dynamic_task_mapping_with_no_taskflow_operators.py
[2026-03-15T17:53:47.208+0000] {processor.py:840} INFO - DAG(s) 'example_dynamic_task_mapping_with_no_taskflow_operators' retrieved from /home/airflow/.local/lib/python3.11/site-packages/airflow/example_dags/example_dynamic_task_mapping_with_no_taskflow_operators.py
[2026-03-15T17:53:47.226+0000] {logging_mixin.py:188} INFO - [2026-03-15T17:53:47.226+0000] {dag.py:3047} INFO - Sync 1 DAGs
[2026-03-15T17:53:47.241+0000] {logging_mixin.py:188} INFO - [2026-03-15T17:53:47.241+0000] {dag.py:3834} INFO - Setting next_dagrun for example_dynamic_task_mapping_with_no_taskflow_operators to 2026-03-14 00:00:00+00:00, run_after=2026-03-15 00:00:00+00:00
[2026-03-15T17:53:47.257+0000] {processor.py:183} INFO - Processing /home/airflow/.local/lib/python3.11/site-packages/airflow/example_dags/example_dynamic_task_mapping_with_no_taskflow_operators.py took 0.065 seconds
[2026-03-15T17:54:17.560+0000] {processor.py:161} INFO - Started process (PID=884) to work on /home/airflow/.local/lib/python3.11/site-packages/airflow/example_dags/example_dynamic_task_mapping_with_no_taskflow_operators.py
[2026-03-15T17:54:17.561+0000] {processor.py:830} INFO - Processing file /home/airflow/.local/lib/python3.11/site-packages/airflow/example_dags/example_dynamic_task_mapping_with_no_taskflow_operators.py for tasks to queue
[2026-03-15T17:54:17.562+0000] {logging_mixin.py:188} INFO - [2026-03-15T17:54:17.562+0000] {dagbag.py:540} INFO - Filling up the DagBag from /home/airflow/.local/lib/python3.11/site-packages/airflow/example_dags/example_dynamic_task_mapping_with_no_taskflow_operators.py
[2026-03-15T17:54:17.568+0000] {processor.py:840} INFO - DAG(s) 'example_dynamic_task_mapping_with_no_taskflow_operators' retrieved from /home/airflow/.local/lib/python3.11/site-packages/airflow/example_dags/example_dynamic_task_mapping_with_no_taskflow_operators.py
[2026-03-15T17:54:17.583+0000] {logging_mixin.py:188} INFO - [2026-03-15T17:54:17.583+0000] {dag.py:3047} INFO - Sync 1 DAGs
[2026-03-15T17:54:17.598+0000] {logging_mixin.py:188} INFO - [2026-03-15T17:54:17.597+0000] {dag.py:3834} INFO - Setting next_dagrun for example_dynamic_task_mapping_with_no_taskflow_operators to 2026-03-14 00:00:00+00:00, run_after=2026-03-15 00:00:00+00:00
[2026-03-15T17:54:17.611+0000] {processor.py:183} INFO - Processing /home/airflow/.local/lib/python3.11/site-packages/airflow/example_dags/example_dynamic_task_mapping_with_no_taskflow_operators.py took 0.055 seconds
[2026-03-15T17:54:22.862+0000] {processor.py:161} INFO - Started process (PID=929) to work on /home/airflow/.local/lib/python3.11/site-packages/airflow/example_dags/example_dynamic_task_mapping_with_no_taskflow_operators.py
[2026-03-15T17:54:22.863+0000] {processor.py:830} INFO - Processing file /home/airflow/.local/lib/python3.11/site-packages/airflow/example_dags/example_dynamic_task_mapping_with_no_taskflow_operators.py for tasks to queue
[2026-03-15T17:54:22.865+0000] {logging_mixin.py:188} INFO - [2026-03-15T17:54:22.864+0000] {dagbag.py:540} INFO - Filling up the DagBag from /home/airflow/.local/lib/python3.11/site-packages/airflow/example_dags/example_dynamic_task_mapping_with_no_taskflow_operators.py
[2026-03-15T17:54:22.870+0000] {processor.py:840} INFO - DAG(s) 'example_dynamic_task_mapping_with_no_taskflow_operators' retrieved from /home/airflow/.local/lib/python3.11/site-packages/airflow/example_dags/example_dynamic_task_mapping_with_no_taskflow_operators.py
[2026-03-15T17:54:22.888+0000] {logging_mixin.py:188} INFO - [2026-03-15T17:54:22.888+0000] {dag.py:3047} INFO - Sync 1 DAGs
[2026-03-15T17:54:22.905+0000] {logging_mixin.py:188} INFO - [2026-03-15T17:54:22.905+0000] {dag.py:3834} INFO - Setting next_dagrun for example_dynamic_task_mapping_with_no_taskflow_operators to 2026-03-14 00:00:00+00:00, run_after=2026-03-15 00:00:00+00:00
[2026-03-15T17:54:22.919+0000] {processor.py:183} INFO - Processing /home/airflow/.local/lib/python3.11/site-packages/airflow/example_dags/example_dynamic_task_mapping_with_no_taskflow_operators.py took 0.059 seconds
[2026-03-15T17:54:53.129+0000] {processor.py:161} INFO - Started process (PID=978) to work on /home/airflow/.local/lib/python3.11/site-packages/airflow/example_dags/example_dynamic_task_mapping_with_no_taskflow_operators.py
[2026-03-15T17:54:53.130+0000] {processor.py:830} INFO - Processing file /home/airflow/.local/lib/python3.11/site-packages/airflow/example_dags/example_dynamic_task_mapping_with_no_taskflow_operators.py for tasks to queue
[2026-03-15T17:54:53.132+0000] {logging_mixin.py:188} INFO - [2026-03-15T17:54:53.132+0000] {dagbag.py:540} INFO - Filling up the DagBag from /home/airflow/.local/lib/python3.11/site-packages/airflow/example_dags/example_dynamic_task_mapping_with_no_taskflow_operators.py
[2026-03-15T17:54:53.139+0000] {processor.py:840} INFO - DAG(s) 'example_dynamic_task_mapping_with_no_taskflow_operators' retrieved from /home/airflow/.local/lib/python3.11/site-packages/airflow/example_dags/example_dynamic_task_mapping_with_no_taskflow_operators.py
[2026-03-15T17:54:53.156+0000] {logging_mixin.py:188} INFO - [2026-03-15T17:54:53.156+0000] {dag.py:3047} INFO - Sync 1 DAGs
[2026-03-15T17:54:53.171+0000] {logging_mixin.py:188} INFO - [2026-03-15T17:54:53.171+0000] {dag.py:3834} INFO - Setting next_dagrun for example_dynamic_task_mapping_with_no_taskflow_operators to 2026-03-14 00:00:00+00:00, run_after=2026-03-15 00:00:00+00:00
[2026-03-15T17:54:53.188+0000] {processor.py:183} INFO - Processing /home/airflow/.local/lib/python3.11/site-packages/airflow/example_dags/example_dynamic_task_mapping_with_no_taskflow_operators.py took 0.062 seconds
[2026-03-15T17:54:58.361+0000] {processor.py:161} INFO - Started process (PID=1028) to work on /home/airflow/.local/lib/python3.11/site-packages/airflow/example_dags/example_dynamic_task_mapping_with_no_taskflow_operators.py
[2026-03-15T17:54:58.362+0000] {processor.py:830} INFO - Processing file /home/airflow/.local/lib/python3.11/site-packages/airflow/example_dags/example_dynamic_task_mapping_with_no_taskflow_operators.py for tasks to queue
[2026-03-15T17:54:58.365+0000] {logging_mixin.py:188} INFO - [2026-03-15T17:54:58.364+0000] {dagbag.py:540} INFO - Filling up the DagBag from /home/airflow/.local/lib/python3.11/site-packages/airflow/example_dags/example_dynamic_task_mapping_with_no_taskflow_operators.py
[2026-03-15T17:54:58.371+0000] {processor.py:840} INFO - DAG(s) 'example_dynamic_task_mapping_with_no_taskflow_operators' retrieved from /home/airflow/.local/lib/python3.11/site-packages/airflow/example_dags/example_dynamic_task_mapping_with_no_taskflow_operators.py
[2026-03-15T17:54:58.392+0000] {logging_mixin.py:188} INFO - [2026-03-15T17:54:58.392+0000] {dag.py:3047} INFO - Sync 1 DAGs
[2026-03-15T17:54:58.411+0000] {logging_mixin.py:188} INFO - [2026-03-15T17:54:58.410+0000] {dag.py:3834} INFO - Setting next_dagrun for example_dynamic_task_mapping_with_no_taskflow_operators to 2026-03-14 00:00:00+00:00, run_after=2026-03-15 00:00:00+00:00
[2026-03-15T17:54:58.434+0000] {processor.py:183} INFO - Processing /home/airflow/.local/lib/python3.11/site-packages/airflow/example_dags/example_dynamic_task_mapping_with_no_taskflow_operators.py took 0.076 seconds
[2026-03-15T17:55:03.032+0000] {processor.py:161} INFO - Started process (PID=1082) to work on /home/airflow/.local/lib/python3.11/site-packages/airflow/example_dags/example_dynamic_task_mapping_with_no_taskflow_operators.py
[2026-03-15T17:55:03.033+0000] {processor.py:830} INFO - Processing file /home/airflow/.local/lib/python3.11/site-packages/airflow/example_dags/example_dynamic_task_mapping_with_no_taskflow_operators.py for tasks to queue
[2026-03-15T17:55:03.035+0000] {logging_mixin.py:188} INFO - [2026-03-15T17:55:03.035+0000] {dagbag.py:540} INFO - Filling up the DagBag from /home/airflow/.local/lib/python3.11/site-packages/airflow/example_dags/example_dynamic_task_mapping_with_no_taskflow_operators.py
[2026-03-15T17:55:03.043+0000] {processor.py:840} INFO - DAG(s) 'example_dynamic_task_mapping_with_no_taskflow_operators' retrieved from /home/airflow/.local/lib/python3.11/site-packages/airflow/example_dags/example_dynamic_task_mapping_with_no_taskflow_operators.py
[2026-03-15T17:55:03.060+0000] {logging_mixin.py:188} INFO - [2026-03-15T17:55:03.060+0000] {dag.py:3047} INFO - Sync 1 DAGs
[2026-03-15T17:55:03.079+0000] {logging_mixin.py:188} INFO - [2026-03-15T17:55:03.079+0000] {dag.py:3834} INFO - Setting next_dagrun for example_dynamic_task_mapping_with_no_taskflow_operators to 2026-03-14 00:00:00+00:00, run_after=2026-03-15 00:00:00+00:00
[2026-03-15T17:55:03.095+0000] {processor.py:183} INFO - Processing /home/airflow/.local/lib/python3.11/site-packages/airflow/example_dags/example_dynamic_task_mapping_with_no_taskflow_operators.py took 0.066 seconds
[2026-03-15T17:55:15.378+0000] {processor.py:161} INFO - Started process (PID=1128) to work on /home/airflow/.local/lib/python3.11/site-packages/airflow/example_dags/example_dynamic_task_mapping_with_no_taskflow_operators.py
[2026-03-15T17:55:15.380+0000] {processor.py:830} INFO - Processing file /home/airflow/.local/lib/python3.11/site-packages/airflow/example_dags/example_dynamic_task_mapping_with_no_taskflow_operators.py for tasks to queue
[2026-03-15T17:55:15.382+0000] {logging_mixin.py:188} INFO - [2026-03-15T17:55:15.382+0000] {dagbag.py:540} INFO - Filling up the DagBag from /home/airflow/.local/lib/python3.11/site-packages/airflow/example_dags/example_dynamic_task_mapping_with_no_taskflow_operators.py
[2026-03-15T17:55:15.392+0000] {processor.py:840} INFO - DAG(s) 'example_dynamic_task_mapping_with_no_taskflow_operators' retrieved from /home/airflow/.local/lib/python3.11/site-packages/airflow/example_dags/example_dynamic_task_mapping_with_no_taskflow_operators.py
[2026-03-15T17:55:15.415+0000] {logging_mixin.py:188} INFO - [2026-03-15T17:55:15.414+0000] {dag.py:3047} INFO - Sync 1 DAGs
[2026-03-15T17:55:15.438+0000] {logging_mixin.py:188} INFO - [2026-03-15T17:55:15.438+0000] {dag.py:3834} INFO - Setting next_dagrun for example_dynamic_task_mapping_with_no_taskflow_operators to 2026-03-14 00:00:00+00:00, run_after=2026-03-15 00:00:00+00:00
[2026-03-15T17:55:15.455+0000] {processor.py:183} INFO - Processing /home/airflow/.local/lib/python3.11/site-packages/airflow/example_dags/example_dynamic_task_mapping_with_no_taskflow_operators.py took 0.080 seconds
[2026-03-15T17:55:17.989+0000] {processor.py:161} INFO - Started process (PID=1172) to work on /home/airflow/.local/lib/python3.11/site-packages/airflow/example_dags/example_dynamic_task_mapping_with_no_taskflow_operators.py
[2026-03-15T17:55:17.990+0000] {processor.py:830} INFO - Processing file /home/airflow/.local/lib/python3.11/site-packages/airflow/example_dags/example_dynamic_task_mapping_with_no_taskflow_operators.py for tasks to queue
[2026-03-15T17:55:17.992+0000] {logging_mixin.py:188} INFO - [2026-03-15T17:55:17.992+0000] {dagbag.py:540} INFO - Filling up the DagBag from /home/airflow/.local/lib/python3.11/site-packages/airflow/example_dags/example_dynamic_task_mapping_with_no_taskflow_operators.py
[2026-03-15T17:55:17.998+0000] {processor.py:840} INFO - DAG(s) 'example_dynamic_task_mapping_with_no_taskflow_operators' retrieved from /home/airflow/.local/lib/python3.11/site-packages/airflow/example_dags/example_dynamic_task_mapping_with_no_taskflow_operators.py
[2026-03-15T17:55:18.015+0000] {logging_mixin.py:188} INFO - [2026-03-15T17:55:18.015+0000] {dag.py:3047} INFO - Sync 1 DAGs
[2026-03-15T17:55:18.031+0000] {logging_mixin.py:188} INFO - [2026-03-15T17:55:18.031+0000] {dag.py:3834} INFO - Setting next_dagrun for example_dynamic_task_mapping_with_no_taskflow_operators to 2026-03-14 00:00:00+00:00, run_after=2026-03-15 00:00:00+00:00
[2026-03-15T17:55:18.045+0000] {processor.py:183} INFO - Processing /home/airflow/.local/lib/python3.11/site-packages/airflow/example_dags/example_dynamic_task_mapping_with_no_taskflow_operators.py took 0.059 seconds
[2026-03-15T17:55:48.652+0000] {processor.py:161} INFO - Started process (PID=1220) to work on /home/airflow/.local/lib/python3.11/site-packages/airflow/example_dags/example_dynamic_task_mapping_with_no_taskflow_operators.py
[2026-03-15T17:55:48.653+0000] {processor.py:830} INFO - Processing file /home/airflow/.local/lib/python3.11/site-packages/airflow/example_dags/example_dynamic_task_mapping_with_no_taskflow_operators.py for tasks to queue
[2026-03-15T17:55:48.655+0000] {logging_mixin.py:188} INFO - [2026-03-15T17:55:48.655+0000] {dagbag.py:540} INFO - Filling up the DagBag from /home/airflow/.local/lib/python3.11/site-packages/airflow/example_dags/example_dynamic_task_mapping_with_no_taskflow_operators.py
[2026-03-15T17:55:48.661+0000] {processor.py:840} INFO - DAG(s) 'example_dynamic_task_mapping_with_no_taskflow_operators' retrieved from /home/airflow/.local/lib/python3.11/site-packages/airflow/example_dags/example_dynamic_task_mapping_with_no_taskflow_operators.py
[2026-03-15T17:55:48.678+0000] {logging_mixin.py:188} INFO - [2026-03-15T17:55:48.678+0000] {dag.py:3047} INFO - Sync 1 DAGs
[2026-03-15T17:55:48.696+0000] {logging_mixin.py:188} INFO - [2026-03-15T17:55:48.696+0000] {dag.py:3834} INFO - Setting next_dagrun for example_dynamic_task_mapping_with_no_taskflow_operators to 2026-03-14 00:00:00+00:00, run_after=2026-03-15 00:00:00+00:00
[2026-03-15T17:55:48.712+0000] {processor.py:183} INFO - Processing /home/airflow/.local/lib/python3.11/site-packages/airflow/example_dags/example_dynamic_task_mapping_with_no_taskflow_operators.py took 0.063 seconds
[2026-03-15T17:55:53.359+0000] {processor.py:161} INFO - Started process (PID=1268) to work on /home/airflow/.local/lib/python3.11/site-packages/airflow/example_dags/example_dynamic_task_mapping_with_no_taskflow_operators.py
[2026-03-15T17:55:53.359+0000] {processor.py:830} INFO - Processing file /home/airflow/.local/lib/python3.11/site-packages/airflow/example_dags/example_dynamic_task_mapping_with_no_taskflow_operators.py for tasks to queue
[2026-03-15T17:55:53.361+0000] {logging_mixin.py:188} INFO - [2026-03-15T17:55:53.361+0000] {dagbag.py:540} INFO - Filling up the DagBag from /home/airflow/.local/lib/python3.11/site-packages/airflow/example_dags/example_dynamic_task_mapping_with_no_taskflow_operators.py
[2026-03-15T17:55:53.367+0000] {processor.py:840} INFO - DAG(s) 'example_dynamic_task_mapping_with_no_taskflow_operators' retrieved from /home/airflow/.local/lib/python3.11/site-packages/airflow/example_dags/example_dynamic_task_mapping_with_no_taskflow_operators.py
[2026-03-15T17:55:53.382+0000] {logging_mixin.py:188} INFO - [2026-03-15T17:55:53.382+0000] {dag.py:3047} INFO - Sync 1 DAGs
[2026-03-15T17:55:53.398+0000] {logging_mixin.py:188} INFO - [2026-03-15T17:55:53.398+0000] {dag.py:3834} INFO - Setting next_dagrun for example_dynamic_task_mapping_with_no_taskflow_operators to 2026-03-14 00:00:00+00:00, run_after=2026-03-15 00:00:00+00:00
[2026-03-15T17:55:53.412+0000] {processor.py:183} INFO - Processing /home/airflow/.local/lib/python3.11/site-packages/airflow/example_dags/example_dynamic_task_mapping_with_no_taskflow_operators.py took 0.056 seconds
[2026-03-15T17:55:58.005+0000] {processor.py:161} INFO - Started process (PID=1316) to work on /home/airflow/.local/lib/python3.11/site-packages/airflow/example_dags/example_dynamic_task_mapping_with_no_taskflow_operators.py
[2026-03-15T17:55:58.006+0000] {processor.py:830} INFO - Processing file /home/airflow/.local/lib/python3.11/site-packages/airflow/example_dags/example_dynamic_task_mapping_with_no_taskflow_operators.py for tasks to queue
[2026-03-15T17:55:58.008+0000] {logging_mixin.py:188} INFO - [2026-03-15T17:55:58.008+0000] {dagbag.py:540} INFO - Filling up the DagBag from /home/airflow/.local/lib/python3.11/site-packages/airflow/example_dags/example_dynamic_task_mapping_with_no_taskflow_operators.py
[2026-03-15T17:55:58.014+0000] {processor.py:840} INFO - DAG(s) 'example_dynamic_task_mapping_with_no_taskflow_operators' retrieved from /home/airflow/.local/lib/python3.11/site-packages/airflow/example_dags/example_dynamic_task_mapping_with_no_taskflow_operators.py
[2026-03-15T17:55:58.031+0000] {logging_mixin.py:188} INFO - [2026-03-15T17:55:58.031+0000] {dag.py:3047} INFO - Sync 1 DAGs
[2026-03-15T17:55:58.047+0000] {logging_mixin.py:188} INFO - [2026-03-15T17:55:58.047+0000] {dag.py:3834} INFO - Setting next_dagrun for example_dynamic_task_mapping_with_no_taskflow_operators to 2026-03-14 00:00:00+00:00, run_after=2026-03-15 00:00:00+00:00
[2026-03-15T17:55:58.061+0000] {processor.py:183} INFO - Processing /home/airflow/.local/lib/python3.11/site-packages/airflow/example_dags/example_dynamic_task_mapping_with_no_taskflow_operators.py took 0.059 seconds
[2026-03-15T17:56:28.102+0000] {processor.py:161} INFO - Started process (PID=1366) to work on /home/airflow/.local/lib/python3.11/site-packages/airflow/example_dags/example_dynamic_task_mapping_with_no_taskflow_operators.py
[2026-03-15T17:56:28.103+0000] {processor.py:830} INFO - Processing file /home/airflow/.local/lib/python3.11/site-packages/airflow/example_dags/example_dynamic_task_mapping_with_no_taskflow_operators.py for tasks to queue
[2026-03-15T17:56:28.105+0000] {logging_mixin.py:188} INFO - [2026-03-15T17:56:28.104+0000] {dagbag.py:540} INFO - Filling up the DagBag from /home/airflow/.local/lib/python3.11/site-packages/airflow/example_dags/example_dynamic_task_mapping_with_no_taskflow_operators.py
[2026-03-15T17:56:28.111+0000] {processor.py:840} INFO - DAG(s) 'example_dynamic_task_mapping_with_no_taskflow_operators' retrieved from /home/airflow/.local/lib/python3.11/site-packages/airflow/example_dags/example_dynamic_task_mapping_with_no_taskflow_operators.py
[2026-03-15T17:56:28.126+0000] {logging_mixin.py:188} INFO - [2026-03-15T17:56:28.126+0000] {dag.py:3047} INFO - Sync 1 DAGs
[2026-03-15T17:56:28.144+0000] {logging_mixin.py:188} INFO - [2026-03-15T17:56:28.144+0000] {dag.py:3834} INFO - Setting next_dagrun for example_dynamic_task_mapping_with_no_taskflow_operators to 2026-03-14 00:00:00+00:00, run_after=2026-03-15 00:00:00+00:00
[2026-03-15T17:56:28.158+0000] {processor.py:183} INFO - Processing /home/airflow/.local/lib/python3.11/site-packages/airflow/example_dags/example_dynamic_task_mapping_with_no_taskflow_operators.py took 0.060 seconds
[2026-03-15T17:56:44.959+0000] {processor.py:161} INFO - Started process (PID=1422) to work on /home/airflow/.local/lib/python3.11/site-packages/airflow/example_dags/example_dynamic_task_mapping_with_no_taskflow_operators.py
[2026-03-15T17:56:44.961+0000] {processor.py:830} INFO - Processing file /home/airflow/.local/lib/python3.11/site-packages/airflow/example_dags/example_dynamic_task_mapping_with_no_taskflow_operators.py for tasks to queue
[2026-03-15T17:56:44.963+0000] {logging_mixin.py:188} INFO - [2026-03-15T17:56:44.963+0000] {dagbag.py:540} INFO - Filling up the DagBag from /home/airflow/.local/lib/python3.11/site-packages/airflow/example_dags/example_dynamic_task_mapping_with_no_taskflow_operators.py
[2026-03-15T17:56:44.972+0000] {processor.py:840} INFO - DAG(s) 'example_dynamic_task_mapping_with_no_taskflow_operators' retrieved from /home/airflow/.local/lib/python3.11/site-packages/airflow/example_dags/example_dynamic_task_mapping_with_no_taskflow_operators.py
[2026-03-15T17:56:44.991+0000] {logging_mixin.py:188} INFO - [2026-03-15T17:56:44.991+0000] {dag.py:3047} INFO - Sync 1 DAGs
[2026-03-15T17:56:45.009+0000] {logging_mixin.py:188} INFO - [2026-03-15T17:56:45.009+0000] {dag.py:3834} INFO - Setting next_dagrun for example_dynamic_task_mapping_with_no_taskflow_operators to 2026-03-14 00:00:00+00:00, run_after=2026-03-15 00:00:00+00:00
[2026-03-15T17:56:45.022+0000] {processor.py:183} INFO - Processing /home/airflow/.local/lib/python3.11/site-packages/airflow/example_dags/example_dynamic_task_mapping_with_no_taskflow_operators.py took 0.066 seconds
[2026-03-15T17:56:48.133+0000] {processor.py:161} INFO - Started process (PID=1470) to work on /home/airflow/.local/lib/python3.11/site-packages/airflow/example_dags/example_dynamic_task_mapping_with_no_taskflow_operators.py
[2026-03-15T17:56:48.134+0000] {processor.py:830} INFO - Processing file /home/airflow/.local/lib/python3.11/site-packages/airflow/example_dags/example_dynamic_task_mapping_with_no_taskflow_operators.py for tasks to queue
[2026-03-15T17:56:48.136+0000] {logging_mixin.py:188} INFO - [2026-03-15T17:56:48.136+0000] {dagbag.py:540} INFO - Filling up the DagBag from /home/airflow/.local/lib/python3.11/site-packages/airflow/example_dags/example_dynamic_task_mapping_with_no_taskflow_operators.py
[2026-03-15T17:56:48.142+0000] {processor.py:840} INFO - DAG(s) 'example_dynamic_task_mapping_with_no_taskflow_operators' retrieved from /home/airflow/.local/lib/python3.11/site-packages/airflow/example_dags/example_dynamic_task_mapping_with_no_taskflow_operators.py
[2026-03-15T17:56:48.158+0000] {logging_mixin.py:188} INFO - [2026-03-15T17:56:48.158+0000] {dag.py:3047} INFO - Sync 1 DAGs
[2026-03-15T17:56:48.173+0000] {logging_mixin.py:188} INFO - [2026-03-15T17:56:48.173+0000] {dag.py:3834} INFO - Setting next_dagrun for example_dynamic_task_mapping_with_no_taskflow_operators to 2026-03-14 00:00:00+00:00, run_after=2026-03-15 00:00:00+00:00
[2026-03-15T17:56:48.188+0000] {processor.py:183} INFO - Processing /home/airflow/.local/lib/python3.11/site-packages/airflow/example_dags/example_dynamic_task_mapping_with_no_taskflow_operators.py took 0.058 seconds
[2026-03-15T17:57:18.784+0000] {processor.py:161} INFO - Started process (PID=1524) to work on /home/airflow/.local/lib/python3.11/site-packages/airflow/example_dags/example_dynamic_task_mapping_with_no_taskflow_operators.py
[2026-03-15T17:57:18.785+0000] {processor.py:830} INFO - Processing file /home/airflow/.local/lib/python3.11/site-packages/airflow/example_dags/example_dynamic_task_mapping_with_no_taskflow_operators.py for tasks to queue
[2026-03-15T17:57:18.787+0000] {logging_mixin.py:188} INFO - [2026-03-15T17:57:18.786+0000] {dagbag.py:540} INFO - Filling up the DagBag from /home/airflow/.local/lib/python3.11/site-packages/airflow/example_dags/example_dynamic_task_mapping_with_no_taskflow_operators.py
[2026-03-15T17:57:18.793+0000] {processor.py:840} INFO - DAG(s) 'example_dynamic_task_mapping_with_no_taskflow_operators' retrieved from /home/airflow/.local/lib/python3.11/site-packages/airflow/example_dags/example_dynamic_task_mapping_with_no_taskflow_operators.py
[2026-03-15T17:57:18.809+0000] {logging_mixin.py:188} INFO - [2026-03-15T17:57:18.809+0000] {dag.py:3047} INFO - Sync 1 DAGs
[2026-03-15T17:57:18.826+0000] {logging_mixin.py:188} INFO - [2026-03-15T17:57:18.826+0000] {dag.py:3834} INFO - Setting next_dagrun for example_dynamic_task_mapping_with_no_taskflow_operators to 2026-03-14 00:00:00+00:00, run_after=2026-03-15 00:00:00+00:00
[2026-03-15T17:57:18.841+0000] {processor.py:183} INFO - Processing /home/airflow/.local/lib/python3.11/site-packages/airflow/example_dags/example_dynamic_task_mapping_with_no_taskflow_operators.py took 0.060 seconds
[2026-03-15T17:57:23.340+0000] {processor.py:161} INFO - Started process (PID=1574) to work on /home/airflow/.local/lib/python3.11/site-packages/airflow/example_dags/example_dynamic_task_mapping_with_no_taskflow_operators.py
[2026-03-15T17:57:23.341+0000] {processor.py:830} INFO - Processing file /home/airflow/.local/lib/python3.11/site-packages/airflow/example_dags/example_dynamic_task_mapping_with_no_taskflow_operators.py for tasks to queue
[2026-03-15T17:57:23.343+0000] {logging_mixin.py:188} INFO - [2026-03-15T17:57:23.343+0000] {dagbag.py:540} INFO - Filling up the DagBag from /home/airflow/.local/lib/python3.11/site-packages/airflow/example_dags/example_dynamic_task_mapping_with_no_taskflow_operators.py
[2026-03-15T17:57:23.349+0000] {processor.py:840} INFO - DAG(s) 'example_dynamic_task_mapping_with_no_taskflow_operators' retrieved from /home/airflow/.local/lib/python3.11/site-packages/airflow/example_dags/example_dynamic_task_mapping_with_no_taskflow_operators.py
[2026-03-15T17:57:23.366+0000] {logging_mixin.py:188} INFO - [2026-03-15T17:57:23.366+0000] {dag.py:3047} INFO - Sync 1 DAGs
[2026-03-15T17:57:23.383+0000] {logging_mixin.py:188} INFO - [2026-03-15T17:57:23.383+0000] {dag.py:3834} INFO - Setting next_dagrun for example_dynamic_task_mapping_with_no_taskflow_operators to 2026-03-14 00:00:00+00:00, run_after=2026-03-15 00:00:00+00:00
[2026-03-15T17:57:23.398+0000] {processor.py:183} INFO - Processing /home/airflow/.local/lib/python3.11/site-packages/airflow/example_dags/example_dynamic_task_mapping_with_no_taskflow_operators.py took 0.061 seconds
[2026-03-15T17:57:44.610+0000] {processor.py:161} INFO - Started process (PID=1626) to work on /home/airflow/.local/lib/python3.11/site-packages/airflow/example_dags/example_dynamic_task_mapping_with_no_taskflow_operators.py
[2026-03-15T17:57:44.611+0000] {processor.py:830} INFO - Processing file /home/airflow/.local/lib/python3.11/site-packages/airflow/example_dags/example_dynamic_task_mapping_with_no_taskflow_operators.py for tasks to queue
[2026-03-15T17:57:44.612+0000] {logging_mixin.py:188} INFO - [2026-03-15T17:57:44.612+0000] {dagbag.py:540} INFO - Filling up the DagBag from /home/airflow/.local/lib/python3.11/site-packages/airflow/example_dags/example_dynamic_task_mapping_with_no_taskflow_operators.py
[2026-03-15T17:57:44.618+0000] {processor.py:840} INFO - DAG(s) 'example_dynamic_task_mapping_with_no_taskflow_operators' retrieved from /home/airflow/.local/lib/python3.11/site-packages/airflow/example_dags/example_dynamic_task_mapping_with_no_taskflow_operators.py
[2026-03-15T17:57:44.634+0000] {logging_mixin.py:188} INFO - [2026-03-15T17:57:44.634+0000] {dag.py:3047} INFO - Sync 1 DAGs
[2026-03-15T17:57:44.650+0000] {logging_mixin.py:188} INFO - [2026-03-15T17:57:44.650+0000] {dag.py:3834} INFO - Setting next_dagrun for example_dynamic_task_mapping_with_no_taskflow_operators to 2026-03-14 00:00:00+00:00, run_after=2026-03-15 00:00:00+00:00
[2026-03-15T17:57:44.665+0000] {processor.py:183} INFO - Processing /home/airflow/.local/lib/python3.11/site-packages/airflow/example_dags/example_dynamic_task_mapping_with_no_taskflow_operators.py took 0.058 seconds
[2026-03-15T17:57:47.781+0000] {processor.py:161} INFO - Started process (PID=1669) to work on /home/airflow/.local/lib/python3.11/site-packages/airflow/example_dags/example_dynamic_task_mapping_with_no_taskflow_operators.py
[2026-03-15T17:57:47.782+0000] {processor.py:830} INFO - Processing file /home/airflow/.local/lib/python3.11/site-packages/airflow/example_dags/example_dynamic_task_mapping_with_no_taskflow_operators.py for tasks to queue
[2026-03-15T17:57:47.784+0000] {logging_mixin.py:188} INFO - [2026-03-15T17:57:47.784+0000] {dagbag.py:540} INFO - Filling up the DagBag from /home/airflow/.local/lib/python3.11/site-packages/airflow/example_dags/example_dynamic_task_mapping_with_no_taskflow_operators.py
[2026-03-15T17:57:47.790+0000] {processor.py:840} INFO - DAG(s) 'example_dynamic_task_mapping_with_no_taskflow_operators' retrieved from /home/airflow/.local/lib/python3.11/site-packages/airflow/example_dags/example_dynamic_task_mapping_with_no_taskflow_operators.py
[2026-03-15T17:57:47.807+0000] {logging_mixin.py:188} INFO - [2026-03-15T17:57:47.806+0000] {dag.py:3047} INFO - Sync 1 DAGs
[2026-03-15T17:57:47.823+0000] {logging_mixin.py:188} INFO - [2026-03-15T17:57:47.822+0000] {dag.py:3834} INFO - Setting next_dagrun for example_dynamic_task_mapping_with_no_taskflow_operators to 2026-03-14 00:00:00+00:00, run_after=2026-03-15 00:00:00+00:00
[2026-03-15T17:57:47.835+0000] {processor.py:183} INFO - Processing /home/airflow/.local/lib/python3.11/site-packages/airflow/example_dags/example_dynamic_task_mapping_with_no_taskflow_operators.py took 0.057 seconds
[2026-03-15T17:58:12.893+0000] {processor.py:161} INFO - Started process (PID=1720) to work on /home/airflow/.local/lib/python3.11/site-packages/airflow/example_dags/example_dynamic_task_mapping_with_no_taskflow_operators.py
[2026-03-15T17:58:12.894+0000] {processor.py:830} INFO - Processing file /home/airflow/.local/lib/python3.11/site-packages/airflow/example_dags/example_dynamic_task_mapping_with_no_taskflow_operators.py for tasks to queue
[2026-03-15T17:58:12.896+0000] {logging_mixin.py:188} INFO - [2026-03-15T17:58:12.895+0000] {dagbag.py:540} INFO - Filling up the DagBag from /home/airflow/.local/lib/python3.11/site-packages/airflow/example_dags/example_dynamic_task_mapping_with_no_taskflow_operators.py
[2026-03-15T17:58:12.901+0000] {processor.py:840} INFO - DAG(s) 'example_dynamic_task_mapping_with_no_taskflow_operators' retrieved from /home/airflow/.local/lib/python3.11/site-packages/airflow/example_dags/example_dynamic_task_mapping_with_no_taskflow_operators.py
[2026-03-15T17:58:12.916+0000] {logging_mixin.py:188} INFO - [2026-03-15T17:58:12.916+0000] {dag.py:3047} INFO - Sync 1 DAGs
[2026-03-15T17:58:12.931+0000] {logging_mixin.py:188} INFO - [2026-03-15T17:58:12.931+0000] {dag.py:3834} INFO - Setting next_dagrun for example_dynamic_task_mapping_with_no_taskflow_operators to 2026-03-14 00:00:00+00:00, run_after=2026-03-15 00:00:00+00:00
[2026-03-15T17:58:12.944+0000] {processor.py:183} INFO - Processing /home/airflow/.local/lib/python3.11/site-packages/airflow/example_dags/example_dynamic_task_mapping_with_no_taskflow_operators.py took 0.054 seconds
[2026-03-15T17:58:17.888+0000] {processor.py:161} INFO - Started process (PID=1765) to work on /home/airflow/.local/lib/python3.11/site-packages/airflow/example_dags/example_dynamic_task_mapping_with_no_taskflow_operators.py
[2026-03-15T17:58:17.889+0000] {processor.py:830} INFO - Processing file /home/airflow/.local/lib/python3.11/site-packages/airflow/example_dags/example_dynamic_task_mapping_with_no_taskflow_operators.py for tasks to queue
[2026-03-15T17:58:17.891+0000] {logging_mixin.py:188} INFO - [2026-03-15T17:58:17.890+0000] {dagbag.py:540} INFO - Filling up the DagBag from /home/airflow/.local/lib/python3.11/site-packages/airflow/example_dags/example_dynamic_task_mapping_with_no_taskflow_operators.py
[2026-03-15T17:58:17.897+0000] {processor.py:840} INFO - DAG(s) 'example_dynamic_task_mapping_with_no_taskflow_operators' retrieved from /home/airflow/.local/lib/python3.11/site-packages/airflow/example_dags/example_dynamic_task_mapping_with_no_taskflow_operators.py
[2026-03-15T17:58:17.913+0000] {logging_mixin.py:188} INFO - [2026-03-15T17:58:17.912+0000] {dag.py:3047} INFO - Sync 1 DAGs
[2026-03-15T17:58:17.928+0000] {logging_mixin.py:188} INFO - [2026-03-15T17:58:17.928+0000] {dag.py:3834} INFO - Setting next_dagrun for example_dynamic_task_mapping_with_no_taskflow_operators to 2026-03-14 00:00:00+00:00, run_after=2026-03-15 00:00:00+00:00
[2026-03-15T17:58:17.940+0000] {processor.py:183} INFO - Processing /home/airflow/.local/lib/python3.11/site-packages/airflow/example_dags/example_dynamic_task_mapping_with_no_taskflow_operators.py took 0.055 seconds
[2026-03-15T17:58:23.101+0000] {processor.py:161} INFO - Started process (PID=1806) to work on /home/airflow/.local/lib/python3.11/site-packages/airflow/example_dags/example_dynamic_task_mapping_with_no_taskflow_operators.py
[2026-03-15T17:58:23.102+0000] {processor.py:830} INFO - Processing file /home/airflow/.local/lib/python3.11/site-packages/airflow/example_dags/example_dynamic_task_mapping_with_no_taskflow_operators.py for tasks to queue
[2026-03-15T17:58:23.104+0000] {logging_mixin.py:188} INFO - [2026-03-15T17:58:23.103+0000] {dagbag.py:540} INFO - Filling up the DagBag from /home/airflow/.local/lib/python3.11/site-packages/airflow/example_dags/example_dynamic_task_mapping_with_no_taskflow_operators.py
[2026-03-15T17:58:23.110+0000] {processor.py:840} INFO - DAG(s) 'example_dynamic_task_mapping_with_no_taskflow_operators' retrieved from /home/airflow/.local/lib/python3.11/site-packages/airflow/example_dags/example_dynamic_task_mapping_with_no_taskflow_operators.py
[2026-03-15T17:58:23.125+0000] {logging_mixin.py:188} INFO - [2026-03-15T17:58:23.125+0000] {dag.py:3047} INFO - Sync 1 DAGs
[2026-03-15T17:58:23.140+0000] {logging_mixin.py:188} INFO - [2026-03-15T17:58:23.140+0000] {dag.py:3834} INFO - Setting next_dagrun for example_dynamic_task_mapping_with_no_taskflow_operators to 2026-03-14 00:00:00+00:00, run_after=2026-03-15 00:00:00+00:00
[2026-03-15T17:58:23.152+0000] {processor.py:183} INFO - Processing /home/airflow/.local/lib/python3.11/site-packages/airflow/example_dags/example_dynamic_task_mapping_with_no_taskflow_operators.py took 0.054 seconds
[2026-03-15T17:58:37.883+0000] {processor.py:161} INFO - Started process (PID=1851) to work on /home/airflow/.local/lib/python3.11/site-packages/airflow/example_dags/example_dynamic_task_mapping_with_no_taskflow_operators.py
[2026-03-15T17:58:37.884+0000] {processor.py:830} INFO - Processing file /home/airflow/.local/lib/python3.11/site-packages/airflow/example_dags/example_dynamic_task_mapping_with_no_taskflow_operators.py for tasks to queue
[2026-03-15T17:58:37.886+0000] {logging_mixin.py:188} INFO - [2026-03-15T17:58:37.886+0000] {dagbag.py:540} INFO - Filling up the DagBag from /home/airflow/.local/lib/python3.11/site-packages/airflow/example_dags/example_dynamic_task_mapping_with_no_taskflow_operators.py
[2026-03-15T17:58:37.892+0000] {processor.py:840} INFO - DAG(s) 'example_dynamic_task_mapping_with_no_taskflow_operators' retrieved from /home/airflow/.local/lib/python3.11/site-packages/airflow/example_dags/example_dynamic_task_mapping_with_no_taskflow_operators.py
[2026-03-15T17:58:37.908+0000] {logging_mixin.py:188} INFO - [2026-03-15T17:58:37.908+0000] {dag.py:3047} INFO - Sync 1 DAGs
[2026-03-15T17:58:37.923+0000] {logging_mixin.py:188} INFO - [2026-03-15T17:58:37.923+0000] {dag.py:3834} INFO - Setting next_dagrun for example_dynamic_task_mapping_with_no_taskflow_operators to 2026-03-14 00:00:00+00:00, run_after=2026-03-15 00:00:00+00:00
[2026-03-15T17:58:37.937+0000] {processor.py:183} INFO - Processing /home/airflow/.local/lib/python3.11/site-packages/airflow/example_dags/example_dynamic_task_mapping_with_no_taskflow_operators.py took 0.057 seconds
[2026-03-15T17:58:42.787+0000] {processor.py:161} INFO - Started process (PID=1888) to work on /home/airflow/.local/lib/python3.11/site-packages/airflow/example_dags/example_dynamic_task_mapping_with_no_taskflow_operators.py
[2026-03-15T17:58:42.788+0000] {processor.py:830} INFO - Processing file /home/airflow/.local/lib/python3.11/site-packages/airflow/example_dags/example_dynamic_task_mapping_with_no_taskflow_operators.py for tasks to queue
[2026-03-15T17:58:42.790+0000] {logging_mixin.py:188} INFO - [2026-03-15T17:58:42.790+0000] {dagbag.py:540} INFO - Filling up the DagBag from /home/airflow/.local/lib/python3.11/site-packages/airflow/example_dags/example_dynamic_task_mapping_with_no_taskflow_operators.py
[2026-03-15T17:58:42.796+0000] {processor.py:840} INFO - DAG(s) 'example_dynamic_task_mapping_with_no_taskflow_operators' retrieved from /home/airflow/.local/lib/python3.11/site-packages/airflow/example_dags/example_dynamic_task_mapping_with_no_taskflow_operators.py
[2026-03-15T17:58:42.813+0000] {logging_mixin.py:188} INFO - [2026-03-15T17:58:42.813+0000] {dag.py:3047} INFO - Sync 1 DAGs
[2026-03-15T17:58:42.827+0000] {logging_mixin.py:188} INFO - [2026-03-15T17:58:42.827+0000] {dag.py:3834} INFO - Setting next_dagrun for example_dynamic_task_mapping_with_no_taskflow_operators to 2026-03-14 00:00:00+00:00, run_after=2026-03-15 00:00:00+00:00
[2026-03-15T17:58:42.840+0000] {processor.py:183} INFO - Processing /home/airflow/.local/lib/python3.11/site-packages/airflow/example_dags/example_dynamic_task_mapping_with_no_taskflow_operators.py took 0.056 seconds
[2026-03-15T17:58:44.969+0000] {processor.py:161} INFO - Started process (PID=1925) to work on /home/airflow/.local/lib/python3.11/site-packages/airflow/example_dags/example_dynamic_task_mapping_with_no_taskflow_operators.py
[2026-03-15T17:58:44.970+0000] {processor.py:830} INFO - Processing file /home/airflow/.local/lib/python3.11/site-packages/airflow/example_dags/example_dynamic_task_mapping_with_no_taskflow_operators.py for tasks to queue
[2026-03-15T17:58:44.972+0000] {logging_mixin.py:188} INFO - [2026-03-15T17:58:44.971+0000] {dagbag.py:540} INFO - Filling up the DagBag from /home/airflow/.local/lib/python3.11/site-packages/airflow/example_dags/example_dynamic_task_mapping_with_no_taskflow_operators.py
[2026-03-15T17:58:44.979+0000] {processor.py:840} INFO - DAG(s) 'example_dynamic_task_mapping_with_no_taskflow_operators' retrieved from /home/airflow/.local/lib/python3.11/site-packages/airflow/example_dags/example_dynamic_task_mapping_with_no_taskflow_operators.py
[2026-03-15T17:58:44.998+0000] {logging_mixin.py:188} INFO - [2026-03-15T17:58:44.998+0000] {dag.py:3047} INFO - Sync 1 DAGs
[2026-03-15T17:58:45.016+0000] {logging_mixin.py:188} INFO - [2026-03-15T17:58:45.015+0000] {dag.py:3834} INFO - Setting next_dagrun for example_dynamic_task_mapping_with_no_taskflow_operators to 2026-03-14 00:00:00+00:00, run_after=2026-03-15 00:00:00+00:00
[2026-03-15T17:58:45.030+0000] {processor.py:183} INFO - Processing /home/airflow/.local/lib/python3.11/site-packages/airflow/example_dags/example_dynamic_task_mapping_with_no_taskflow_operators.py took 0.064 seconds
[2026-03-15T17:59:15.857+0000] {processor.py:161} INFO - Started process (PID=1965) to work on /home/airflow/.local/lib/python3.11/site-packages/airflow/example_dags/example_dynamic_task_mapping_with_no_taskflow_operators.py
[2026-03-15T17:59:15.858+0000] {processor.py:830} INFO - Processing file /home/airflow/.local/lib/python3.11/site-packages/airflow/example_dags/example_dynamic_task_mapping_with_no_taskflow_operators.py for tasks to queue
[2026-03-15T17:59:15.860+0000] {logging_mixin.py:188} INFO - [2026-03-15T17:59:15.860+0000] {dagbag.py:540} INFO - Filling up the DagBag from /home/airflow/.local/lib/python3.11/site-packages/airflow/example_dags/example_dynamic_task_mapping_with_no_taskflow_operators.py
[2026-03-15T17:59:15.865+0000] {processor.py:840} INFO - DAG(s) 'example_dynamic_task_mapping_with_no_taskflow_operators' retrieved from /home/airflow/.local/lib/python3.11/site-packages/airflow/example_dags/example_dynamic_task_mapping_with_no_taskflow_operators.py
[2026-03-15T17:59:15.881+0000] {logging_mixin.py:188} INFO - [2026-03-15T17:59:15.881+0000] {dag.py:3047} INFO - Sync 1 DAGs
[2026-03-15T17:59:15.897+0000] {logging_mixin.py:188} INFO - [2026-03-15T17:59:15.897+0000] {dag.py:3834} INFO - Setting next_dagrun for example_dynamic_task_mapping_with_no_taskflow_operators to 2026-03-14 00:00:00+00:00, run_after=2026-03-15 00:00:00+00:00
[2026-03-15T17:59:15.910+0000] {processor.py:183} INFO - Processing /home/airflow/.local/lib/python3.11/site-packages/airflow/example_dags/example_dynamic_task_mapping_with_no_taskflow_operators.py took 0.057 seconds
[2026-03-15T18:00:35.902+0000] {processor.py:161} INFO - Started process (PID=2012) to work on /home/airflow/.local/lib/python3.11/site-packages/airflow/example_dags/example_dynamic_task_mapping_with_no_taskflow_operators.py
[2026-03-15T18:00:35.903+0000] {processor.py:830} INFO - Processing file /home/airflow/.local/lib/python3.11/site-packages/airflow/example_dags/example_dynamic_task_mapping_with_no_taskflow_operators.py for tasks to queue
[2026-03-15T18:00:35.905+0000] {logging_mixin.py:188} INFO - [2026-03-15T18:00:35.905+0000] {dagbag.py:540} INFO - Filling up the DagBag from /home/airflow/.local/lib/python3.11/site-packages/airflow/example_dags/example_dynamic_task_mapping_with_no_taskflow_operators.py
[2026-03-15T18:00:35.912+0000] {processor.py:840} INFO - DAG(s) 'example_dynamic_task_mapping_with_no_taskflow_operators' retrieved from /home/airflow/.local/lib/python3.11/site-packages/airflow/example_dags/example_dynamic_task_mapping_with_no_taskflow_operators.py
[2026-03-15T18:00:35.931+0000] {logging_mixin.py:188} INFO - [2026-03-15T18:00:35.931+0000] {dag.py:3047} INFO - Sync 1 DAGs
[2026-03-15T18:00:35.945+0000] {logging_mixin.py:188} INFO - [2026-03-15T18:00:35.945+0000] {dag.py:3834} INFO - Setting next_dagrun for example_dynamic_task_mapping_with_no_taskflow_operators to 2026-03-14 00:00:00+00:00, run_after=2026-03-15 00:00:00+00:00
[2026-03-15T18:00:35.958+0000] {processor.py:183} INFO - Processing /home/airflow/.local/lib/python3.11/site-packages/airflow/example_dags/example_dynamic_task_mapping_with_no_taskflow_operators.py took 0.059 seconds
[2026-03-15T18:00:44.605+0000] {processor.py:161} INFO - Started process (PID=2183) to work on /home/airflow/.local/lib/python3.11/site-packages/airflow/example_dags/example_dynamic_task_mapping_with_no_taskflow_operators.py
[2026-03-15T18:00:44.606+0000] {processor.py:830} INFO - Processing file /home/airflow/.local/lib/python3.11/site-packages/airflow/example_dags/example_dynamic_task_mapping_with_no_taskflow_operators.py for tasks to queue
[2026-03-15T18:00:44.608+0000] {logging_mixin.py:188} INFO - [2026-03-15T18:00:44.608+0000] {dagbag.py:540} INFO - Filling up the DagBag from /home/airflow/.local/lib/python3.11/site-packages/airflow/example_dags/example_dynamic_task_mapping_with_no_taskflow_operators.py
[2026-03-15T18:00:44.614+0000] {processor.py:840} INFO - DAG(s) 'example_dynamic_task_mapping_with_no_taskflow_operators' retrieved from /home/airflow/.local/lib/python3.11/site-packages/airflow/example_dags/example_dynamic_task_mapping_with_no_taskflow_operators.py
[2026-03-15T18:00:44.629+0000] {logging_mixin.py:188} INFO - [2026-03-15T18:00:44.629+0000] {dag.py:3047} INFO - Sync 1 DAGs
[2026-03-15T18:00:44.644+0000] {logging_mixin.py:188} INFO - [2026-03-15T18:00:44.644+0000] {dag.py:3834} INFO - Setting next_dagrun for example_dynamic_task_mapping_with_no_taskflow_operators to 2026-03-14 00:00:00+00:00, run_after=2026-03-15 00:00:00+00:00
[2026-03-15T18:00:44.656+0000] {processor.py:183} INFO - Processing /home/airflow/.local/lib/python3.11/site-packages/airflow/example_dags/example_dynamic_task_mapping_with_no_taskflow_operators.py took 0.053 seconds
[2026-03-15T18:01:14.673+0000] {processor.py:161} INFO - Started process (PID=2233) to work on /home/airflow/.local/lib/python3.11/site-packages/airflow/example_dags/example_dynamic_task_mapping_with_no_taskflow_operators.py
[2026-03-15T18:01:14.674+0000] {processor.py:830} INFO - Processing file /home/airflow/.local/lib/python3.11/site-packages/airflow/example_dags/example_dynamic_task_mapping_with_no_taskflow_operators.py for tasks to queue
[2026-03-15T18:01:14.676+0000] {logging_mixin.py:188} INFO - [2026-03-15T18:01:14.676+0000] {dagbag.py:540} INFO - Filling up the DagBag from /home/airflow/.local/lib/python3.11/site-packages/airflow/example_dags/example_dynamic_task_mapping_with_no_taskflow_operators.py
[2026-03-15T18:01:14.682+0000] {processor.py:840} INFO - DAG(s) 'example_dynamic_task_mapping_with_no_taskflow_operators' retrieved from /home/airflow/.local/lib/python3.11/site-packages/airflow/example_dags/example_dynamic_task_mapping_with_no_taskflow_operators.py
[2026-03-15T18:01:14.697+0000] {logging_mixin.py:188} INFO - [2026-03-15T18:01:14.697+0000] {dag.py:3047} INFO - Sync 1 DAGs
[2026-03-15T18:01:14.713+0000] {logging_mixin.py:188} INFO - [2026-03-15T18:01:14.713+0000] {dag.py:3834} INFO - Setting next_dagrun for example_dynamic_task_mapping_with_no_taskflow_operators to 2026-03-14 00:00:00+00:00, run_after=2026-03-15 00:00:00+00:00
[2026-03-15T18:01:14.725+0000] {processor.py:183} INFO - Processing /home/airflow/.local/lib/python3.11/site-packages/airflow/example_dags/example_dynamic_task_mapping_with_no_taskflow_operators.py took 0.055 seconds
[2026-03-15T18:01:45.050+0000] {processor.py:161} INFO - Started process (PID=2283) to work on /home/airflow/.local/lib/python3.11/site-packages/airflow/example_dags/example_dynamic_task_mapping_with_no_taskflow_operators.py
[2026-03-15T18:01:45.051+0000] {processor.py:830} INFO - Processing file /home/airflow/.local/lib/python3.11/site-packages/airflow/example_dags/example_dynamic_task_mapping_with_no_taskflow_operators.py for tasks to queue
[2026-03-15T18:01:45.053+0000] {logging_mixin.py:188} INFO - [2026-03-15T18:01:45.053+0000] {dagbag.py:540} INFO - Filling up the DagBag from /home/airflow/.local/lib/python3.11/site-packages/airflow/example_dags/example_dynamic_task_mapping_with_no_taskflow_operators.py
[2026-03-15T18:01:45.059+0000] {processor.py:840} INFO - DAG(s) 'example_dynamic_task_mapping_with_no_taskflow_operators' retrieved from /home/airflow/.local/lib/python3.11/site-packages/airflow/example_dags/example_dynamic_task_mapping_with_no_taskflow_operators.py
[2026-03-15T18:01:45.074+0000] {logging_mixin.py:188} INFO - [2026-03-15T18:01:45.074+0000] {dag.py:3047} INFO - Sync 1 DAGs
[2026-03-15T18:01:45.089+0000] {logging_mixin.py:188} INFO - [2026-03-15T18:01:45.089+0000] {dag.py:3834} INFO - Setting next_dagrun for example_dynamic_task_mapping_with_no_taskflow_operators to 2026-03-14 00:00:00+00:00, run_after=2026-03-15 00:00:00+00:00
[2026-03-15T18:01:45.101+0000] {processor.py:183} INFO - Processing /home/airflow/.local/lib/python3.11/site-packages/airflow/example_dags/example_dynamic_task_mapping_with_no_taskflow_operators.py took 0.054 seconds
[2026-03-15T18:01:48.626+0000] {processor.py:161} INFO - Started process (PID=2333) to work on /home/airflow/.local/lib/python3.11/site-packages/airflow/example_dags/example_dynamic_task_mapping_with_no_taskflow_operators.py
[2026-03-15T18:01:48.627+0000] {processor.py:830} INFO - Processing file /home/airflow/.local/lib/python3.11/site-packages/airflow/example_dags/example_dynamic_task_mapping_with_no_taskflow_operators.py for tasks to queue
[2026-03-15T18:01:48.629+0000] {logging_mixin.py:188} INFO - [2026-03-15T18:01:48.628+0000] {dagbag.py:540} INFO - Filling up the DagBag from /home/airflow/.local/lib/python3.11/site-packages/airflow/example_dags/example_dynamic_task_mapping_with_no_taskflow_operators.py
[2026-03-15T18:01:48.635+0000] {processor.py:840} INFO - DAG(s) 'example_dynamic_task_mapping_with_no_taskflow_operators' retrieved from /home/airflow/.local/lib/python3.11/site-packages/airflow/example_dags/example_dynamic_task_mapping_with_no_taskflow_operators.py
[2026-03-15T18:01:48.651+0000] {logging_mixin.py:188} INFO - [2026-03-15T18:01:48.651+0000] {dag.py:3047} INFO - Sync 1 DAGs
[2026-03-15T18:01:48.668+0000] {logging_mixin.py:188} INFO - [2026-03-15T18:01:48.667+0000] {dag.py:3834} INFO - Setting next_dagrun for example_dynamic_task_mapping_with_no_taskflow_operators to 2026-03-14 00:00:00+00:00, run_after=2026-03-15 00:00:00+00:00
[2026-03-15T18:01:48.680+0000] {processor.py:183} INFO - Processing /home/airflow/.local/lib/python3.11/site-packages/airflow/example_dags/example_dynamic_task_mapping_with_no_taskflow_operators.py took 0.057 seconds
[2026-03-15T18:02:14.763+0000] {processor.py:161} INFO - Started process (PID=2385) to work on /home/airflow/.local/lib/python3.11/site-packages/airflow/example_dags/example_dynamic_task_mapping_with_no_taskflow_operators.py
[2026-03-15T18:02:14.764+0000] {processor.py:830} INFO - Processing file /home/airflow/.local/lib/python3.11/site-packages/airflow/example_dags/example_dynamic_task_mapping_with_no_taskflow_operators.py for tasks to queue
[2026-03-15T18:02:14.766+0000] {logging_mixin.py:188} INFO - [2026-03-15T18:02:14.766+0000] {dagbag.py:540} INFO - Filling up the DagBag from /home/airflow/.local/lib/python3.11/site-packages/airflow/example_dags/example_dynamic_task_mapping_with_no_taskflow_operators.py
[2026-03-15T18:02:14.772+0000] {processor.py:840} INFO - DAG(s) 'example_dynamic_task_mapping_with_no_taskflow_operators' retrieved from /home/airflow/.local/lib/python3.11/site-packages/airflow/example_dags/example_dynamic_task_mapping_with_no_taskflow_operators.py
[2026-03-15T18:02:14.787+0000] {logging_mixin.py:188} INFO - [2026-03-15T18:02:14.787+0000] {dag.py:3047} INFO - Sync 1 DAGs
[2026-03-15T18:02:14.802+0000] {logging_mixin.py:188} INFO - [2026-03-15T18:02:14.801+0000] {dag.py:3834} INFO - Setting next_dagrun for example_dynamic_task_mapping_with_no_taskflow_operators to 2026-03-14 00:00:00+00:00, run_after=2026-03-15 00:00:00+00:00
[2026-03-15T18:02:14.814+0000] {processor.py:183} INFO - Processing /home/airflow/.local/lib/python3.11/site-packages/airflow/example_dags/example_dynamic_task_mapping_with_no_taskflow_operators.py took 0.053 seconds
[2026-03-15T18:02:46.170+0000] {processor.py:161} INFO - Started process (PID=2435) to work on /home/airflow/.local/lib/python3.11/site-packages/airflow/example_dags/example_dynamic_task_mapping_with_no_taskflow_operators.py
[2026-03-15T18:02:46.171+0000] {processor.py:830} INFO - Processing file /home/airflow/.local/lib/python3.11/site-packages/airflow/example_dags/example_dynamic_task_mapping_with_no_taskflow_operators.py for tasks to queue
[2026-03-15T18:02:46.173+0000] {logging_mixin.py:188} INFO - [2026-03-15T18:02:46.173+0000] {dagbag.py:540} INFO - Filling up the DagBag from /home/airflow/.local/lib/python3.11/site-packages/airflow/example_dags/example_dynamic_task_mapping_with_no_taskflow_operators.py
[2026-03-15T18:02:46.179+0000] {processor.py:840} INFO - DAG(s) 'example_dynamic_task_mapping_with_no_taskflow_operators' retrieved from /home/airflow/.local/lib/python3.11/site-packages/airflow/example_dags/example_dynamic_task_mapping_with_no_taskflow_operators.py
[2026-03-15T18:02:46.196+0000] {logging_mixin.py:188} INFO - [2026-03-15T18:02:46.196+0000] {dag.py:3047} INFO - Sync 1 DAGs
[2026-03-15T18:02:46.217+0000] {logging_mixin.py:188} INFO - [2026-03-15T18:02:46.217+0000] {dag.py:3834} INFO - Setting next_dagrun for example_dynamic_task_mapping_with_no_taskflow_operators to 2026-03-14 00:00:00+00:00, run_after=2026-03-15 00:00:00+00:00
[2026-03-15T18:02:46.229+0000] {processor.py:183} INFO - Processing /home/airflow/.local/lib/python3.11/site-packages/airflow/example_dags/example_dynamic_task_mapping_with_no_taskflow_operators.py took 0.061 seconds
[2026-03-15T18:03:16.643+0000] {processor.py:161} INFO - Started process (PID=2489) to work on /home/airflow/.local/lib/python3.11/site-packages/airflow/example_dags/example_dynamic_task_mapping_with_no_taskflow_operators.py
[2026-03-15T18:03:16.644+0000] {processor.py:830} INFO - Processing file /home/airflow/.local/lib/python3.11/site-packages/airflow/example_dags/example_dynamic_task_mapping_with_no_taskflow_operators.py for tasks to queue
[2026-03-15T18:03:16.646+0000] {logging_mixin.py:188} INFO - [2026-03-15T18:03:16.646+0000] {dagbag.py:540} INFO - Filling up the DagBag from /home/airflow/.local/lib/python3.11/site-packages/airflow/example_dags/example_dynamic_task_mapping_with_no_taskflow_operators.py
[2026-03-15T18:03:16.652+0000] {processor.py:840} INFO - DAG(s) 'example_dynamic_task_mapping_with_no_taskflow_operators' retrieved from /home/airflow/.local/lib/python3.11/site-packages/airflow/example_dags/example_dynamic_task_mapping_with_no_taskflow_operators.py
[2026-03-15T18:03:16.667+0000] {logging_mixin.py:188} INFO - [2026-03-15T18:03:16.667+0000] {dag.py:3047} INFO - Sync 1 DAGs
[2026-03-15T18:03:16.682+0000] {logging_mixin.py:188} INFO - [2026-03-15T18:03:16.682+0000] {dag.py:3834} INFO - Setting next_dagrun for example_dynamic_task_mapping_with_no_taskflow_operators to 2026-03-14 00:00:00+00:00, run_after=2026-03-15 00:00:00+00:00
[2026-03-15T18:03:16.696+0000] {processor.py:183} INFO - Processing /home/airflow/.local/lib/python3.11/site-packages/airflow/example_dags/example_dynamic_task_mapping_with_no_taskflow_operators.py took 0.055 seconds
[2026-03-15T18:03:18.829+0000] {processor.py:161} INFO - Started process (PID=2537) to work on /home/airflow/.local/lib/python3.11/site-packages/airflow/example_dags/example_dynamic_task_mapping_with_no_taskflow_operators.py
[2026-03-15T18:03:18.830+0000] {processor.py:830} INFO - Processing file /home/airflow/.local/lib/python3.11/site-packages/airflow/example_dags/example_dynamic_task_mapping_with_no_taskflow_operators.py for tasks to queue
[2026-03-15T18:03:18.832+0000] {logging_mixin.py:188} INFO - [2026-03-15T18:03:18.832+0000] {dagbag.py:540} INFO - Filling up the DagBag from /home/airflow/.local/lib/python3.11/site-packages/airflow/example_dags/example_dynamic_task_mapping_with_no_taskflow_operators.py
[2026-03-15T18:03:18.837+0000] {processor.py:840} INFO - DAG(s) 'example_dynamic_task_mapping_with_no_taskflow_operators' retrieved from /home/airflow/.local/lib/python3.11/site-packages/airflow/example_dags/example_dynamic_task_mapping_with_no_taskflow_operators.py
[2026-03-15T18:03:18.852+0000] {logging_mixin.py:188} INFO - [2026-03-15T18:03:18.852+0000] {dag.py:3047} INFO - Sync 1 DAGs
[2026-03-15T18:03:18.867+0000] {logging_mixin.py:188} INFO - [2026-03-15T18:03:18.867+0000] {dag.py:3834} INFO - Setting next_dagrun for example_dynamic_task_mapping_with_no_taskflow_operators to 2026-03-14 00:00:00+00:00, run_after=2026-03-15 00:00:00+00:00
[2026-03-15T18:03:18.879+0000] {processor.py:183} INFO - Processing /home/airflow/.local/lib/python3.11/site-packages/airflow/example_dags/example_dynamic_task_mapping_with_no_taskflow_operators.py took 0.053 seconds
[2026-03-15T18:03:23.888+0000] {processor.py:161} INFO - Started process (PID=2581) to work on /home/airflow/.local/lib/python3.11/site-packages/airflow/example_dags/example_dynamic_task_mapping_with_no_taskflow_operators.py
[2026-03-15T18:03:23.889+0000] {processor.py:830} INFO - Processing file /home/airflow/.local/lib/python3.11/site-packages/airflow/example_dags/example_dynamic_task_mapping_with_no_taskflow_operators.py for tasks to queue
[2026-03-15T18:03:23.891+0000] {logging_mixin.py:188} INFO - [2026-03-15T18:03:23.890+0000] {dagbag.py:540} INFO - Filling up the DagBag from /home/airflow/.local/lib/python3.11/site-packages/airflow/example_dags/example_dynamic_task_mapping_with_no_taskflow_operators.py
[2026-03-15T18:03:23.897+0000] {processor.py:840} INFO - DAG(s) 'example_dynamic_task_mapping_with_no_taskflow_operators' retrieved from /home/airflow/.local/lib/python3.11/site-packages/airflow/example_dags/example_dynamic_task_mapping_with_no_taskflow_operators.py
[2026-03-15T18:03:23.912+0000] {logging_mixin.py:188} INFO - [2026-03-15T18:03:23.911+0000] {dag.py:3047} INFO - Sync 1 DAGs
[2026-03-15T18:03:23.929+0000] {logging_mixin.py:188} INFO - [2026-03-15T18:03:23.929+0000] {dag.py:3834} INFO - Setting next_dagrun for example_dynamic_task_mapping_with_no_taskflow_operators to 2026-03-14 00:00:00+00:00, run_after=2026-03-15 00:00:00+00:00
[2026-03-15T18:03:23.942+0000] {processor.py:183} INFO - Processing /home/airflow/.local/lib/python3.11/site-packages/airflow/example_dags/example_dynamic_task_mapping_with_no_taskflow_operators.py took 0.057 seconds
[2026-03-15T18:03:45.208+0000] {processor.py:161} INFO - Started process (PID=2632) to work on /home/airflow/.local/lib/python3.11/site-packages/airflow/example_dags/example_dynamic_task_mapping_with_no_taskflow_operators.py
[2026-03-15T18:03:45.209+0000] {processor.py:830} INFO - Processing file /home/airflow/.local/lib/python3.11/site-packages/airflow/example_dags/example_dynamic_task_mapping_with_no_taskflow_operators.py for tasks to queue
[2026-03-15T18:03:45.211+0000] {logging_mixin.py:188} INFO - [2026-03-15T18:03:45.211+0000] {dagbag.py:540} INFO - Filling up the DagBag from /home/airflow/.local/lib/python3.11/site-packages/airflow/example_dags/example_dynamic_task_mapping_with_no_taskflow_operators.py
[2026-03-15T18:03:45.217+0000] {processor.py:840} INFO - DAG(s) 'example_dynamic_task_mapping_with_no_taskflow_operators' retrieved from /home/airflow/.local/lib/python3.11/site-packages/airflow/example_dags/example_dynamic_task_mapping_with_no_taskflow_operators.py
[2026-03-15T18:03:45.234+0000] {logging_mixin.py:188} INFO - [2026-03-15T18:03:45.234+0000] {dag.py:3047} INFO - Sync 1 DAGs
[2026-03-15T18:03:45.250+0000] {logging_mixin.py:188} INFO - [2026-03-15T18:03:45.250+0000] {dag.py:3834} INFO - Setting next_dagrun for example_dynamic_task_mapping_with_no_taskflow_operators to 2026-03-14 00:00:00+00:00, run_after=2026-03-15 00:00:00+00:00
[2026-03-15T18:03:45.263+0000] {processor.py:183} INFO - Processing /home/airflow/.local/lib/python3.11/site-packages/airflow/example_dags/example_dynamic_task_mapping_with_no_taskflow_operators.py took 0.058 seconds
[2026-03-15T18:04:15.415+0000] {processor.py:161} INFO - Started process (PID=2683) to work on /home/airflow/.local/lib/python3.11/site-packages/airflow/example_dags/example_dynamic_task_mapping_with_no_taskflow_operators.py
[2026-03-15T18:04:15.416+0000] {processor.py:830} INFO - Processing file /home/airflow/.local/lib/python3.11/site-packages/airflow/example_dags/example_dynamic_task_mapping_with_no_taskflow_operators.py for tasks to queue
[2026-03-15T18:04:15.418+0000] {logging_mixin.py:188} INFO - [2026-03-15T18:04:15.418+0000] {dagbag.py:540} INFO - Filling up the DagBag from /home/airflow/.local/lib/python3.11/site-packages/airflow/example_dags/example_dynamic_task_mapping_with_no_taskflow_operators.py
[2026-03-15T18:04:15.424+0000] {processor.py:840} INFO - DAG(s) 'example_dynamic_task_mapping_with_no_taskflow_operators' retrieved from /home/airflow/.local/lib/python3.11/site-packages/airflow/example_dags/example_dynamic_task_mapping_with_no_taskflow_operators.py
[2026-03-15T18:04:15.439+0000] {logging_mixin.py:188} INFO - [2026-03-15T18:04:15.439+0000] {dag.py:3047} INFO - Sync 1 DAGs
[2026-03-15T18:04:15.454+0000] {logging_mixin.py:188} INFO - [2026-03-15T18:04:15.454+0000] {dag.py:3834} INFO - Setting next_dagrun for example_dynamic_task_mapping_with_no_taskflow_operators to 2026-03-14 00:00:00+00:00, run_after=2026-03-15 00:00:00+00:00
[2026-03-15T18:04:15.467+0000] {processor.py:183} INFO - Processing /home/airflow/.local/lib/python3.11/site-packages/airflow/example_dags/example_dynamic_task_mapping_with_no_taskflow_operators.py took 0.054 seconds
[2026-03-15T18:04:18.772+0000] {processor.py:161} INFO - Started process (PID=2728) to work on /home/airflow/.local/lib/python3.11/site-packages/airflow/example_dags/example_dynamic_task_mapping_with_no_taskflow_operators.py
[2026-03-15T18:04:18.773+0000] {processor.py:830} INFO - Processing file /home/airflow/.local/lib/python3.11/site-packages/airflow/example_dags/example_dynamic_task_mapping_with_no_taskflow_operators.py for tasks to queue
[2026-03-15T18:04:18.774+0000] {logging_mixin.py:188} INFO - [2026-03-15T18:04:18.774+0000] {dagbag.py:540} INFO - Filling up the DagBag from /home/airflow/.local/lib/python3.11/site-packages/airflow/example_dags/example_dynamic_task_mapping_with_no_taskflow_operators.py
[2026-03-15T18:04:18.780+0000] {processor.py:840} INFO - DAG(s) 'example_dynamic_task_mapping_with_no_taskflow_operators' retrieved from /home/airflow/.local/lib/python3.11/site-packages/airflow/example_dags/example_dynamic_task_mapping_with_no_taskflow_operators.py
[2026-03-15T18:04:18.795+0000] {logging_mixin.py:188} INFO - [2026-03-15T18:04:18.795+0000] {dag.py:3047} INFO - Sync 1 DAGs
[2026-03-15T18:04:18.810+0000] {logging_mixin.py:188} INFO - [2026-03-15T18:04:18.810+0000] {dag.py:3834} INFO - Setting next_dagrun for example_dynamic_task_mapping_with_no_taskflow_operators to 2026-03-14 00:00:00+00:00, run_after=2026-03-15 00:00:00+00:00
[2026-03-15T18:04:18.826+0000] {processor.py:183} INFO - Processing /home/airflow/.local/lib/python3.11/site-packages/airflow/example_dags/example_dynamic_task_mapping_with_no_taskflow_operators.py took 0.057 seconds
[2026-03-15T18:04:23.723+0000] {processor.py:161} INFO - Started process (PID=2772) to work on /home/airflow/.local/lib/python3.11/site-packages/airflow/example_dags/example_dynamic_task_mapping_with_no_taskflow_operators.py
[2026-03-15T18:04:23.724+0000] {processor.py:830} INFO - Processing file /home/airflow/.local/lib/python3.11/site-packages/airflow/example_dags/example_dynamic_task_mapping_with_no_taskflow_operators.py for tasks to queue
[2026-03-15T18:04:23.726+0000] {logging_mixin.py:188} INFO - [2026-03-15T18:04:23.726+0000] {dagbag.py:540} INFO - Filling up the DagBag from /home/airflow/.local/lib/python3.11/site-packages/airflow/example_dags/example_dynamic_task_mapping_with_no_taskflow_operators.py
[2026-03-15T18:04:23.733+0000] {processor.py:840} INFO - DAG(s) 'example_dynamic_task_mapping_with_no_taskflow_operators' retrieved from /home/airflow/.local/lib/python3.11/site-packages/airflow/example_dags/example_dynamic_task_mapping_with_no_taskflow_operators.py
[2026-03-15T18:04:23.749+0000] {logging_mixin.py:188} INFO - [2026-03-15T18:04:23.749+0000] {dag.py:3047} INFO - Sync 1 DAGs
[2026-03-15T18:04:23.765+0000] {logging_mixin.py:188} INFO - [2026-03-15T18:04:23.764+0000] {dag.py:3834} INFO - Setting next_dagrun for example_dynamic_task_mapping_with_no_taskflow_operators to 2026-03-14 00:00:00+00:00, run_after=2026-03-15 00:00:00+00:00
[2026-03-15T18:04:23.777+0000] {processor.py:183} INFO - Processing /home/airflow/.local/lib/python3.11/site-packages/airflow/example_dags/example_dynamic_task_mapping_with_no_taskflow_operators.py took 0.056 seconds
[2026-03-15T18:04:28.588+0000] {processor.py:161} INFO - Started process (PID=2816) to work on /home/airflow/.local/lib/python3.11/site-packages/airflow/example_dags/example_dynamic_task_mapping_with_no_taskflow_operators.py
[2026-03-15T18:04:28.589+0000] {processor.py:830} INFO - Processing file /home/airflow/.local/lib/python3.11/site-packages/airflow/example_dags/example_dynamic_task_mapping_with_no_taskflow_operators.py for tasks to queue
[2026-03-15T18:04:28.591+0000] {logging_mixin.py:188} INFO - [2026-03-15T18:04:28.591+0000] {dagbag.py:540} INFO - Filling up the DagBag from /home/airflow/.local/lib/python3.11/site-packages/airflow/example_dags/example_dynamic_task_mapping_with_no_taskflow_operators.py
[2026-03-15T18:04:28.596+0000] {processor.py:840} INFO - DAG(s) 'example_dynamic_task_mapping_with_no_taskflow_operators' retrieved from /home/airflow/.local/lib/python3.11/site-packages/airflow/example_dags/example_dynamic_task_mapping_with_no_taskflow_operators.py
[2026-03-15T18:04:28.612+0000] {logging_mixin.py:188} INFO - [2026-03-15T18:04:28.612+0000] {dag.py:3047} INFO - Sync 1 DAGs
[2026-03-15T18:04:28.628+0000] {logging_mixin.py:188} INFO - [2026-03-15T18:04:28.628+0000] {dag.py:3834} INFO - Setting next_dagrun for example_dynamic_task_mapping_with_no_taskflow_operators to 2026-03-14 00:00:00+00:00, run_after=2026-03-15 00:00:00+00:00
[2026-03-15T18:04:28.641+0000] {processor.py:183} INFO - Processing /home/airflow/.local/lib/python3.11/site-packages/airflow/example_dags/example_dynamic_task_mapping_with_no_taskflow_operators.py took 0.056 seconds
[2026-03-15T18:04:59.411+0000] {processor.py:161} INFO - Started process (PID=2863) to work on /home/airflow/.local/lib/python3.11/site-packages/airflow/example_dags/example_dynamic_task_mapping_with_no_taskflow_operators.py
[2026-03-15T18:04:59.413+0000] {processor.py:830} INFO - Processing file /home/airflow/.local/lib/python3.11/site-packages/airflow/example_dags/example_dynamic_task_mapping_with_no_taskflow_operators.py for tasks to queue
[2026-03-15T18:04:59.415+0000] {logging_mixin.py:188} INFO - [2026-03-15T18:04:59.415+0000] {dagbag.py:540} INFO - Filling up the DagBag from /home/airflow/.local/lib/python3.11/site-packages/airflow/example_dags/example_dynamic_task_mapping_with_no_taskflow_operators.py
[2026-03-15T18:04:59.421+0000] {processor.py:840} INFO - DAG(s) 'example_dynamic_task_mapping_with_no_taskflow_operators' retrieved from /home/airflow/.local/lib/python3.11/site-packages/airflow/example_dags/example_dynamic_task_mapping_with_no_taskflow_operators.py
[2026-03-15T18:04:59.438+0000] {logging_mixin.py:188} INFO - [2026-03-15T18:04:59.438+0000] {dag.py:3047} INFO - Sync 1 DAGs
[2026-03-15T18:04:59.453+0000] {logging_mixin.py:188} INFO - [2026-03-15T18:04:59.453+0000] {dag.py:3834} INFO - Setting next_dagrun for example_dynamic_task_mapping_with_no_taskflow_operators to 2026-03-14 00:00:00+00:00, run_after=2026-03-15 00:00:00+00:00
[2026-03-15T18:04:59.468+0000] {processor.py:183} INFO - Processing /home/airflow/.local/lib/python3.11/site-packages/airflow/example_dags/example_dynamic_task_mapping_with_no_taskflow_operators.py took 0.061 seconds
[2026-03-15T18:05:15.118+0000] {processor.py:161} INFO - Started process (PID=2917) to work on /home/airflow/.local/lib/python3.11/site-packages/airflow/example_dags/example_dynamic_task_mapping_with_no_taskflow_operators.py
[2026-03-15T18:05:15.119+0000] {processor.py:830} INFO - Processing file /home/airflow/.local/lib/python3.11/site-packages/airflow/example_dags/example_dynamic_task_mapping_with_no_taskflow_operators.py for tasks to queue
[2026-03-15T18:05:15.121+0000] {logging_mixin.py:188} INFO - [2026-03-15T18:05:15.120+0000] {dagbag.py:540} INFO - Filling up the DagBag from /home/airflow/.local/lib/python3.11/site-packages/airflow/example_dags/example_dynamic_task_mapping_with_no_taskflow_operators.py
[2026-03-15T18:05:15.126+0000] {processor.py:840} INFO - DAG(s) 'example_dynamic_task_mapping_with_no_taskflow_operators' retrieved from /home/airflow/.local/lib/python3.11/site-packages/airflow/example_dags/example_dynamic_task_mapping_with_no_taskflow_operators.py
[2026-03-15T18:05:15.143+0000] {logging_mixin.py:188} INFO - [2026-03-15T18:05:15.143+0000] {dag.py:3047} INFO - Sync 1 DAGs
[2026-03-15T18:05:15.160+0000] {logging_mixin.py:188} INFO - [2026-03-15T18:05:15.160+0000] {dag.py:3834} INFO - Setting next_dagrun for example_dynamic_task_mapping_with_no_taskflow_operators to 2026-03-14 00:00:00+00:00, run_after=2026-03-15 00:00:00+00:00
[2026-03-15T18:05:15.178+0000] {processor.py:183} INFO - Processing /home/airflow/.local/lib/python3.11/site-packages/airflow/example_dags/example_dynamic_task_mapping_with_no_taskflow_operators.py took 0.063 seconds
[2026-03-15T18:05:44.852+0000] {processor.py:161} INFO - Started process (PID=2971) to work on /home/airflow/.local/lib/python3.11/site-packages/airflow/example_dags/example_dynamic_task_mapping_with_no_taskflow_operators.py
[2026-03-15T18:05:44.853+0000] {processor.py:830} INFO - Processing file /home/airflow/.local/lib/python3.11/site-packages/airflow/example_dags/example_dynamic_task_mapping_with_no_taskflow_operators.py for tasks to queue
[2026-03-15T18:05:44.855+0000] {logging_mixin.py:188} INFO - [2026-03-15T18:05:44.855+0000] {dagbag.py:540} INFO - Filling up the DagBag from /home/airflow/.local/lib/python3.11/site-packages/airflow/example_dags/example_dynamic_task_mapping_with_no_taskflow_operators.py
[2026-03-15T18:05:44.861+0000] {processor.py:840} INFO - DAG(s) 'example_dynamic_task_mapping_with_no_taskflow_operators' retrieved from /home/airflow/.local/lib/python3.11/site-packages/airflow/example_dags/example_dynamic_task_mapping_with_no_taskflow_operators.py
[2026-03-15T18:05:44.878+0000] {logging_mixin.py:188} INFO - [2026-03-15T18:05:44.878+0000] {dag.py:3047} INFO - Sync 1 DAGs
[2026-03-15T18:05:44.895+0000] {logging_mixin.py:188} INFO - [2026-03-15T18:05:44.895+0000] {dag.py:3834} INFO - Setting next_dagrun for example_dynamic_task_mapping_with_no_taskflow_operators to 2026-03-14 00:00:00+00:00, run_after=2026-03-15 00:00:00+00:00
[2026-03-15T18:05:44.910+0000] {processor.py:183} INFO - Processing /home/airflow/.local/lib/python3.11/site-packages/airflow/example_dags/example_dynamic_task_mapping_with_no_taskflow_operators.py took 0.061 seconds
[2026-03-15T18:06:15.614+0000] {processor.py:161} INFO - Started process (PID=3021) to work on /home/airflow/.local/lib/python3.11/site-packages/airflow/example_dags/example_dynamic_task_mapping_with_no_taskflow_operators.py
[2026-03-15T18:06:15.615+0000] {processor.py:830} INFO - Processing file /home/airflow/.local/lib/python3.11/site-packages/airflow/example_dags/example_dynamic_task_mapping_with_no_taskflow_operators.py for tasks to queue
[2026-03-15T18:06:15.617+0000] {logging_mixin.py:188} INFO - [2026-03-15T18:06:15.617+0000] {dagbag.py:540} INFO - Filling up the DagBag from /home/airflow/.local/lib/python3.11/site-packages/airflow/example_dags/example_dynamic_task_mapping_with_no_taskflow_operators.py
[2026-03-15T18:06:15.622+0000] {processor.py:840} INFO - DAG(s) 'example_dynamic_task_mapping_with_no_taskflow_operators' retrieved from /home/airflow/.local/lib/python3.11/site-packages/airflow/example_dags/example_dynamic_task_mapping_with_no_taskflow_operators.py
[2026-03-15T18:06:15.639+0000] {logging_mixin.py:188} INFO - [2026-03-15T18:06:15.639+0000] {dag.py:3047} INFO - Sync 1 DAGs
[2026-03-15T18:06:15.655+0000] {logging_mixin.py:188} INFO - [2026-03-15T18:06:15.655+0000] {dag.py:3834} INFO - Setting next_dagrun for example_dynamic_task_mapping_with_no_taskflow_operators to 2026-03-14 00:00:00+00:00, run_after=2026-03-15 00:00:00+00:00
[2026-03-15T18:06:15.673+0000] {processor.py:183} INFO - Processing /home/airflow/.local/lib/python3.11/site-packages/airflow/example_dags/example_dynamic_task_mapping_with_no_taskflow_operators.py took 0.063 seconds
[2026-03-15T18:06:19.409+0000] {processor.py:161} INFO - Started process (PID=3071) to work on /home/airflow/.local/lib/python3.11/site-packages/airflow/example_dags/example_dynamic_task_mapping_with_no_taskflow_operators.py
[2026-03-15T18:06:19.410+0000] {processor.py:830} INFO - Processing file /home/airflow/.local/lib/python3.11/site-packages/airflow/example_dags/example_dynamic_task_mapping_with_no_taskflow_operators.py for tasks to queue
[2026-03-15T18:06:19.412+0000] {logging_mixin.py:188} INFO - [2026-03-15T18:06:19.412+0000] {dagbag.py:540} INFO - Filling up the DagBag from /home/airflow/.local/lib/python3.11/site-packages/airflow/example_dags/example_dynamic_task_mapping_with_no_taskflow_operators.py
[2026-03-15T18:06:19.421+0000] {processor.py:840} INFO - DAG(s) 'example_dynamic_task_mapping_with_no_taskflow_operators' retrieved from /home/airflow/.local/lib/python3.11/site-packages/airflow/example_dags/example_dynamic_task_mapping_with_no_taskflow_operators.py
[2026-03-15T18:06:19.440+0000] {logging_mixin.py:188} INFO - [2026-03-15T18:06:19.439+0000] {dag.py:3047} INFO - Sync 1 DAGs
[2026-03-15T18:06:19.460+0000] {logging_mixin.py:188} INFO - [2026-03-15T18:06:19.460+0000] {dag.py:3834} INFO - Setting next_dagrun for example_dynamic_task_mapping_with_no_taskflow_operators to 2026-03-14 00:00:00+00:00, run_after=2026-03-15 00:00:00+00:00
[2026-03-15T18:06:19.484+0000] {processor.py:183} INFO - Processing /home/airflow/.local/lib/python3.11/site-packages/airflow/example_dags/example_dynamic_task_mapping_with_no_taskflow_operators.py took 0.078 seconds
[2026-03-15T18:06:24.464+0000] {processor.py:161} INFO - Started process (PID=3121) to work on /home/airflow/.local/lib/python3.11/site-packages/airflow/example_dags/example_dynamic_task_mapping_with_no_taskflow_operators.py
[2026-03-15T18:06:24.465+0000] {processor.py:830} INFO - Processing file /home/airflow/.local/lib/python3.11/site-packages/airflow/example_dags/example_dynamic_task_mapping_with_no_taskflow_operators.py for tasks to queue
[2026-03-15T18:06:24.467+0000] {logging_mixin.py:188} INFO - [2026-03-15T18:06:24.467+0000] {dagbag.py:540} INFO - Filling up the DagBag from /home/airflow/.local/lib/python3.11/site-packages/airflow/example_dags/example_dynamic_task_mapping_with_no_taskflow_operators.py
[2026-03-15T18:06:24.473+0000] {processor.py:840} INFO - DAG(s) 'example_dynamic_task_mapping_with_no_taskflow_operators' retrieved from /home/airflow/.local/lib/python3.11/site-packages/airflow/example_dags/example_dynamic_task_mapping_with_no_taskflow_operators.py
[2026-03-15T18:06:24.488+0000] {logging_mixin.py:188} INFO - [2026-03-15T18:06:24.488+0000] {dag.py:3047} INFO - Sync 1 DAGs
[2026-03-15T18:06:24.505+0000] {logging_mixin.py:188} INFO - [2026-03-15T18:06:24.505+0000] {dag.py:3834} INFO - Setting next_dagrun for example_dynamic_task_mapping_with_no_taskflow_operators to 2026-03-14 00:00:00+00:00, run_after=2026-03-15 00:00:00+00:00
[2026-03-15T18:06:24.521+0000] {processor.py:183} INFO - Processing /home/airflow/.local/lib/python3.11/site-packages/airflow/example_dags/example_dynamic_task_mapping_with_no_taskflow_operators.py took 0.060 seconds
[2026-03-15T18:06:29.063+0000] {processor.py:161} INFO - Started process (PID=3169) to work on /home/airflow/.local/lib/python3.11/site-packages/airflow/example_dags/example_dynamic_task_mapping_with_no_taskflow_operators.py
[2026-03-15T18:06:29.064+0000] {processor.py:830} INFO - Processing file /home/airflow/.local/lib/python3.11/site-packages/airflow/example_dags/example_dynamic_task_mapping_with_no_taskflow_operators.py for tasks to queue
[2026-03-15T18:06:29.066+0000] {logging_mixin.py:188} INFO - [2026-03-15T18:06:29.066+0000] {dagbag.py:540} INFO - Filling up the DagBag from /home/airflow/.local/lib/python3.11/site-packages/airflow/example_dags/example_dynamic_task_mapping_with_no_taskflow_operators.py
[2026-03-15T18:06:29.072+0000] {processor.py:840} INFO - DAG(s) 'example_dynamic_task_mapping_with_no_taskflow_operators' retrieved from /home/airflow/.local/lib/python3.11/site-packages/airflow/example_dags/example_dynamic_task_mapping_with_no_taskflow_operators.py
[2026-03-15T18:06:29.089+0000] {logging_mixin.py:188} INFO - [2026-03-15T18:06:29.088+0000] {dag.py:3047} INFO - Sync 1 DAGs
[2026-03-15T18:06:29.106+0000] {logging_mixin.py:188} INFO - [2026-03-15T18:06:29.105+0000] {dag.py:3834} INFO - Setting next_dagrun for example_dynamic_task_mapping_with_no_taskflow_operators to 2026-03-14 00:00:00+00:00, run_after=2026-03-15 00:00:00+00:00
[2026-03-15T18:06:29.124+0000] {processor.py:183} INFO - Processing /home/airflow/.local/lib/python3.11/site-packages/airflow/example_dags/example_dynamic_task_mapping_with_no_taskflow_operators.py took 0.063 seconds
[2026-03-15T18:06:59.424+0000] {processor.py:161} INFO - Started process (PID=3219) to work on /home/airflow/.local/lib/python3.11/site-packages/airflow/example_dags/example_dynamic_task_mapping_with_no_taskflow_operators.py
[2026-03-15T18:06:59.425+0000] {processor.py:830} INFO - Processing file /home/airflow/.local/lib/python3.11/site-packages/airflow/example_dags/example_dynamic_task_mapping_with_no_taskflow_operators.py for tasks to queue
[2026-03-15T18:06:59.427+0000] {logging_mixin.py:188} INFO - [2026-03-15T18:06:59.427+0000] {dagbag.py:540} INFO - Filling up the DagBag from /home/airflow/.local/lib/python3.11/site-packages/airflow/example_dags/example_dynamic_task_mapping_with_no_taskflow_operators.py
[2026-03-15T18:06:59.432+0000] {processor.py:840} INFO - DAG(s) 'example_dynamic_task_mapping_with_no_taskflow_operators' retrieved from /home/airflow/.local/lib/python3.11/site-packages/airflow/example_dags/example_dynamic_task_mapping_with_no_taskflow_operators.py
[2026-03-15T18:06:59.449+0000] {logging_mixin.py:188} INFO - [2026-03-15T18:06:59.448+0000] {dag.py:3047} INFO - Sync 1 DAGs
[2026-03-15T18:06:59.465+0000] {logging_mixin.py:188} INFO - [2026-03-15T18:06:59.465+0000] {dag.py:3834} INFO - Setting next_dagrun for example_dynamic_task_mapping_with_no_taskflow_operators to 2026-03-14 00:00:00+00:00, run_after=2026-03-15 00:00:00+00:00
[2026-03-15T18:06:59.482+0000] {processor.py:183} INFO - Processing /home/airflow/.local/lib/python3.11/site-packages/airflow/example_dags/example_dynamic_task_mapping_with_no_taskflow_operators.py took 0.061 seconds
[2026-03-15T18:07:04.109+0000] {processor.py:161} INFO - Started process (PID=3275) to work on /home/airflow/.local/lib/python3.11/site-packages/airflow/example_dags/example_dynamic_task_mapping_with_no_taskflow_operators.py
[2026-03-15T18:07:04.110+0000] {processor.py:830} INFO - Processing file /home/airflow/.local/lib/python3.11/site-packages/airflow/example_dags/example_dynamic_task_mapping_with_no_taskflow_operators.py for tasks to queue
[2026-03-15T18:07:04.112+0000] {logging_mixin.py:188} INFO - [2026-03-15T18:07:04.112+0000] {dagbag.py:540} INFO - Filling up the DagBag from /home/airflow/.local/lib/python3.11/site-packages/airflow/example_dags/example_dynamic_task_mapping_with_no_taskflow_operators.py
[2026-03-15T18:07:04.117+0000] {processor.py:840} INFO - DAG(s) 'example_dynamic_task_mapping_with_no_taskflow_operators' retrieved from /home/airflow/.local/lib/python3.11/site-packages/airflow/example_dags/example_dynamic_task_mapping_with_no_taskflow_operators.py
[2026-03-15T18:07:04.133+0000] {logging_mixin.py:188} INFO - [2026-03-15T18:07:04.133+0000] {dag.py:3047} INFO - Sync 1 DAGs
[2026-03-15T18:07:04.149+0000] {logging_mixin.py:188} INFO - [2026-03-15T18:07:04.149+0000] {dag.py:3834} INFO - Setting next_dagrun for example_dynamic_task_mapping_with_no_taskflow_operators to 2026-03-14 00:00:00+00:00, run_after=2026-03-15 00:00:00+00:00
[2026-03-15T18:07:04.165+0000] {processor.py:183} INFO - Processing /home/airflow/.local/lib/python3.11/site-packages/airflow/example_dags/example_dynamic_task_mapping_with_no_taskflow_operators.py took 0.058 seconds
[2026-03-15T18:07:34.696+0000] {processor.py:161} INFO - Started process (PID=3329) to work on /home/airflow/.local/lib/python3.11/site-packages/airflow/example_dags/example_dynamic_task_mapping_with_no_taskflow_operators.py
[2026-03-15T18:07:34.697+0000] {processor.py:830} INFO - Processing file /home/airflow/.local/lib/python3.11/site-packages/airflow/example_dags/example_dynamic_task_mapping_with_no_taskflow_operators.py for tasks to queue
[2026-03-15T18:07:34.699+0000] {logging_mixin.py:188} INFO - [2026-03-15T18:07:34.699+0000] {dagbag.py:540} INFO - Filling up the DagBag from /home/airflow/.local/lib/python3.11/site-packages/airflow/example_dags/example_dynamic_task_mapping_with_no_taskflow_operators.py
[2026-03-15T18:07:34.705+0000] {processor.py:840} INFO - DAG(s) 'example_dynamic_task_mapping_with_no_taskflow_operators' retrieved from /home/airflow/.local/lib/python3.11/site-packages/airflow/example_dags/example_dynamic_task_mapping_with_no_taskflow_operators.py
[2026-03-15T18:07:34.720+0000] {logging_mixin.py:188} INFO - [2026-03-15T18:07:34.720+0000] {dag.py:3047} INFO - Sync 1 DAGs
[2026-03-15T18:07:34.735+0000] {logging_mixin.py:188} INFO - [2026-03-15T18:07:34.735+0000] {dag.py:3834} INFO - Setting next_dagrun for example_dynamic_task_mapping_with_no_taskflow_operators to 2026-03-14 00:00:00+00:00, run_after=2026-03-15 00:00:00+00:00
[2026-03-15T18:07:34.749+0000] {processor.py:183} INFO - Processing /home/airflow/.local/lib/python3.11/site-packages/airflow/example_dags/example_dynamic_task_mapping_with_no_taskflow_operators.py took 0.056 seconds
[2026-03-15T18:08:04.946+0000] {processor.py:161} INFO - Started process (PID=3383) to work on /home/airflow/.local/lib/python3.11/site-packages/airflow/example_dags/example_dynamic_task_mapping_with_no_taskflow_operators.py
[2026-03-15T18:08:04.948+0000] {processor.py:830} INFO - Processing file /home/airflow/.local/lib/python3.11/site-packages/airflow/example_dags/example_dynamic_task_mapping_with_no_taskflow_operators.py for tasks to queue
[2026-03-15T18:08:04.950+0000] {logging_mixin.py:188} INFO - [2026-03-15T18:08:04.949+0000] {dagbag.py:540} INFO - Filling up the DagBag from /home/airflow/.local/lib/python3.11/site-packages/airflow/example_dags/example_dynamic_task_mapping_with_no_taskflow_operators.py
[2026-03-15T18:08:04.955+0000] {processor.py:840} INFO - DAG(s) 'example_dynamic_task_mapping_with_no_taskflow_operators' retrieved from /home/airflow/.local/lib/python3.11/site-packages/airflow/example_dags/example_dynamic_task_mapping_with_no_taskflow_operators.py
[2026-03-15T18:08:04.972+0000] {logging_mixin.py:188} INFO - [2026-03-15T18:08:04.972+0000] {dag.py:3047} INFO - Sync 1 DAGs
[2026-03-15T18:08:04.988+0000] {logging_mixin.py:188} INFO - [2026-03-15T18:08:04.988+0000] {dag.py:3834} INFO - Setting next_dagrun for example_dynamic_task_mapping_with_no_taskflow_operators to 2026-03-14 00:00:00+00:00, run_after=2026-03-15 00:00:00+00:00
[2026-03-15T18:08:05.003+0000] {processor.py:183} INFO - Processing /home/airflow/.local/lib/python3.11/site-packages/airflow/example_dags/example_dynamic_task_mapping_with_no_taskflow_operators.py took 0.059 seconds
[2026-03-15T18:08:09.372+0000] {processor.py:161} INFO - Started process (PID=3433) to work on /home/airflow/.local/lib/python3.11/site-packages/airflow/example_dags/example_dynamic_task_mapping_with_no_taskflow_operators.py
[2026-03-15T18:08:09.377+0000] {processor.py:830} INFO - Processing file /home/airflow/.local/lib/python3.11/site-packages/airflow/example_dags/example_dynamic_task_mapping_with_no_taskflow_operators.py for tasks to queue
[2026-03-15T18:08:09.378+0000] {logging_mixin.py:188} INFO - [2026-03-15T18:08:09.378+0000] {dagbag.py:540} INFO - Filling up the DagBag from /home/airflow/.local/lib/python3.11/site-packages/airflow/example_dags/example_dynamic_task_mapping_with_no_taskflow_operators.py
[2026-03-15T18:08:09.384+0000] {processor.py:840} INFO - DAG(s) 'example_dynamic_task_mapping_with_no_taskflow_operators' retrieved from /home/airflow/.local/lib/python3.11/site-packages/airflow/example_dags/example_dynamic_task_mapping_with_no_taskflow_operators.py
[2026-03-15T18:08:09.399+0000] {logging_mixin.py:188} INFO - [2026-03-15T18:08:09.399+0000] {dag.py:3047} INFO - Sync 1 DAGs
[2026-03-15T18:08:09.415+0000] {logging_mixin.py:188} INFO - [2026-03-15T18:08:09.414+0000] {dag.py:3834} INFO - Setting next_dagrun for example_dynamic_task_mapping_with_no_taskflow_operators to 2026-03-14 00:00:00+00:00, run_after=2026-03-15 00:00:00+00:00
[2026-03-15T18:08:09.428+0000] {processor.py:183} INFO - Processing /home/airflow/.local/lib/python3.11/site-packages/airflow/example_dags/example_dynamic_task_mapping_with_no_taskflow_operators.py took 0.059 seconds
[2026-03-15T18:08:15.205+0000] {processor.py:161} INFO - Started process (PID=3483) to work on /home/airflow/.local/lib/python3.11/site-packages/airflow/example_dags/example_dynamic_task_mapping_with_no_taskflow_operators.py
[2026-03-15T18:08:15.206+0000] {processor.py:830} INFO - Processing file /home/airflow/.local/lib/python3.11/site-packages/airflow/example_dags/example_dynamic_task_mapping_with_no_taskflow_operators.py for tasks to queue
[2026-03-15T18:08:15.209+0000] {logging_mixin.py:188} INFO - [2026-03-15T18:08:15.208+0000] {dagbag.py:540} INFO - Filling up the DagBag from /home/airflow/.local/lib/python3.11/site-packages/airflow/example_dags/example_dynamic_task_mapping_with_no_taskflow_operators.py
[2026-03-15T18:08:15.215+0000] {processor.py:840} INFO - DAG(s) 'example_dynamic_task_mapping_with_no_taskflow_operators' retrieved from /home/airflow/.local/lib/python3.11/site-packages/airflow/example_dags/example_dynamic_task_mapping_with_no_taskflow_operators.py
[2026-03-15T18:08:15.231+0000] {logging_mixin.py:188} INFO - [2026-03-15T18:08:15.231+0000] {dag.py:3047} INFO - Sync 1 DAGs
[2026-03-15T18:08:15.248+0000] {logging_mixin.py:188} INFO - [2026-03-15T18:08:15.247+0000] {dag.py:3834} INFO - Setting next_dagrun for example_dynamic_task_mapping_with_no_taskflow_operators to 2026-03-14 00:00:00+00:00, run_after=2026-03-15 00:00:00+00:00
[2026-03-15T18:08:15.263+0000] {processor.py:183} INFO - Processing /home/airflow/.local/lib/python3.11/site-packages/airflow/example_dags/example_dynamic_task_mapping_with_no_taskflow_operators.py took 0.061 seconds
[2026-03-15T18:08:45.056+0000] {processor.py:161} INFO - Started process (PID=3539) to work on /home/airflow/.local/lib/python3.11/site-packages/airflow/example_dags/example_dynamic_task_mapping_with_no_taskflow_operators.py
[2026-03-15T18:08:45.057+0000] {processor.py:830} INFO - Processing file /home/airflow/.local/lib/python3.11/site-packages/airflow/example_dags/example_dynamic_task_mapping_with_no_taskflow_operators.py for tasks to queue
[2026-03-15T18:08:45.059+0000] {logging_mixin.py:188} INFO - [2026-03-15T18:08:45.058+0000] {dagbag.py:540} INFO - Filling up the DagBag from /home/airflow/.local/lib/python3.11/site-packages/airflow/example_dags/example_dynamic_task_mapping_with_no_taskflow_operators.py
[2026-03-15T18:08:45.065+0000] {processor.py:840} INFO - DAG(s) 'example_dynamic_task_mapping_with_no_taskflow_operators' retrieved from /home/airflow/.local/lib/python3.11/site-packages/airflow/example_dags/example_dynamic_task_mapping_with_no_taskflow_operators.py
[2026-03-15T18:08:45.082+0000] {logging_mixin.py:188} INFO - [2026-03-15T18:08:45.081+0000] {dag.py:3047} INFO - Sync 1 DAGs
[2026-03-15T18:08:45.098+0000] {logging_mixin.py:188} INFO - [2026-03-15T18:08:45.098+0000] {dag.py:3834} INFO - Setting next_dagrun for example_dynamic_task_mapping_with_no_taskflow_operators to 2026-03-14 00:00:00+00:00, run_after=2026-03-15 00:00:00+00:00
[2026-03-15T18:08:45.114+0000] {processor.py:183} INFO - Processing /home/airflow/.local/lib/python3.11/site-packages/airflow/example_dags/example_dynamic_task_mapping_with_no_taskflow_operators.py took 0.061 seconds
[2026-03-15T18:09:14.959+0000] {processor.py:161} INFO - Started process (PID=3595) to work on /home/airflow/.local/lib/python3.11/site-packages/airflow/example_dags/example_dynamic_task_mapping_with_no_taskflow_operators.py
[2026-03-15T18:09:14.960+0000] {processor.py:830} INFO - Processing file /home/airflow/.local/lib/python3.11/site-packages/airflow/example_dags/example_dynamic_task_mapping_with_no_taskflow_operators.py for tasks to queue
[2026-03-15T18:09:14.962+0000] {logging_mixin.py:188} INFO - [2026-03-15T18:09:14.961+0000] {dagbag.py:540} INFO - Filling up the DagBag from /home/airflow/.local/lib/python3.11/site-packages/airflow/example_dags/example_dynamic_task_mapping_with_no_taskflow_operators.py
[2026-03-15T18:09:14.967+0000] {processor.py:840} INFO - DAG(s) 'example_dynamic_task_mapping_with_no_taskflow_operators' retrieved from /home/airflow/.local/lib/python3.11/site-packages/airflow/example_dags/example_dynamic_task_mapping_with_no_taskflow_operators.py
[2026-03-15T18:09:14.982+0000] {logging_mixin.py:188} INFO - [2026-03-15T18:09:14.982+0000] {dag.py:3047} INFO - Sync 1 DAGs
[2026-03-15T18:09:14.999+0000] {logging_mixin.py:188} INFO - [2026-03-15T18:09:14.998+0000] {dag.py:3834} INFO - Setting next_dagrun for example_dynamic_task_mapping_with_no_taskflow_operators to 2026-03-14 00:00:00+00:00, run_after=2026-03-15 00:00:00+00:00
[2026-03-15T18:09:15.021+0000] {processor.py:183} INFO - Processing /home/airflow/.local/lib/python3.11/site-packages/airflow/example_dags/example_dynamic_task_mapping_with_no_taskflow_operators.py took 0.065 seconds
[2026-03-15T18:09:19.168+0000] {processor.py:161} INFO - Started process (PID=3640) to work on /home/airflow/.local/lib/python3.11/site-packages/airflow/example_dags/example_dynamic_task_mapping_with_no_taskflow_operators.py
[2026-03-15T18:09:19.169+0000] {processor.py:830} INFO - Processing file /home/airflow/.local/lib/python3.11/site-packages/airflow/example_dags/example_dynamic_task_mapping_with_no_taskflow_operators.py for tasks to queue
[2026-03-15T18:09:19.171+0000] {logging_mixin.py:188} INFO - [2026-03-15T18:09:19.171+0000] {dagbag.py:540} INFO - Filling up the DagBag from /home/airflow/.local/lib/python3.11/site-packages/airflow/example_dags/example_dynamic_task_mapping_with_no_taskflow_operators.py
[2026-03-15T18:09:19.178+0000] {processor.py:840} INFO - DAG(s) 'example_dynamic_task_mapping_with_no_taskflow_operators' retrieved from /home/airflow/.local/lib/python3.11/site-packages/airflow/example_dags/example_dynamic_task_mapping_with_no_taskflow_operators.py
[2026-03-15T18:09:19.194+0000] {logging_mixin.py:188} INFO - [2026-03-15T18:09:19.194+0000] {dag.py:3047} INFO - Sync 1 DAGs
[2026-03-15T18:09:19.213+0000] {logging_mixin.py:188} INFO - [2026-03-15T18:09:19.213+0000] {dag.py:3834} INFO - Setting next_dagrun for example_dynamic_task_mapping_with_no_taskflow_operators to 2026-03-14 00:00:00+00:00, run_after=2026-03-15 00:00:00+00:00
[2026-03-15T18:09:19.231+0000] {processor.py:183} INFO - Processing /home/airflow/.local/lib/python3.11/site-packages/airflow/example_dags/example_dynamic_task_mapping_with_no_taskflow_operators.py took 0.066 seconds
[2026-03-15T18:09:34.416+0000] {processor.py:161} INFO - Started process (PID=3688) to work on /home/airflow/.local/lib/python3.11/site-packages/airflow/example_dags/example_dynamic_task_mapping_with_no_taskflow_operators.py
[2026-03-15T18:09:34.417+0000] {processor.py:830} INFO - Processing file /home/airflow/.local/lib/python3.11/site-packages/airflow/example_dags/example_dynamic_task_mapping_with_no_taskflow_operators.py for tasks to queue
[2026-03-15T18:09:34.419+0000] {logging_mixin.py:188} INFO - [2026-03-15T18:09:34.418+0000] {dagbag.py:540} INFO - Filling up the DagBag from /home/airflow/.local/lib/python3.11/site-packages/airflow/example_dags/example_dynamic_task_mapping_with_no_taskflow_operators.py
[2026-03-15T18:09:34.426+0000] {processor.py:840} INFO - DAG(s) 'example_dynamic_task_mapping_with_no_taskflow_operators' retrieved from /home/airflow/.local/lib/python3.11/site-packages/airflow/example_dags/example_dynamic_task_mapping_with_no_taskflow_operators.py
[2026-03-15T18:09:34.445+0000] {logging_mixin.py:188} INFO - [2026-03-15T18:09:34.445+0000] {dag.py:3047} INFO - Sync 1 DAGs
[2026-03-15T18:09:34.463+0000] {logging_mixin.py:188} INFO - [2026-03-15T18:09:34.462+0000] {dag.py:3834} INFO - Setting next_dagrun for example_dynamic_task_mapping_with_no_taskflow_operators to 2026-03-14 00:00:00+00:00, run_after=2026-03-15 00:00:00+00:00
[2026-03-15T18:09:34.478+0000] {processor.py:183} INFO - Processing /home/airflow/.local/lib/python3.11/site-packages/airflow/example_dags/example_dynamic_task_mapping_with_no_taskflow_operators.py took 0.065 seconds
[2026-03-15T18:10:04.748+0000] {processor.py:161} INFO - Started process (PID=3736) to work on /home/airflow/.local/lib/python3.11/site-packages/airflow/example_dags/example_dynamic_task_mapping_with_no_taskflow_operators.py
[2026-03-15T18:10:04.749+0000] {processor.py:830} INFO - Processing file /home/airflow/.local/lib/python3.11/site-packages/airflow/example_dags/example_dynamic_task_mapping_with_no_taskflow_operators.py for tasks to queue
[2026-03-15T18:10:04.750+0000] {logging_mixin.py:188} INFO - [2026-03-15T18:10:04.750+0000] {dagbag.py:540} INFO - Filling up the DagBag from /home/airflow/.local/lib/python3.11/site-packages/airflow/example_dags/example_dynamic_task_mapping_with_no_taskflow_operators.py
[2026-03-15T18:10:04.756+0000] {processor.py:840} INFO - DAG(s) 'example_dynamic_task_mapping_with_no_taskflow_operators' retrieved from /home/airflow/.local/lib/python3.11/site-packages/airflow/example_dags/example_dynamic_task_mapping_with_no_taskflow_operators.py
[2026-03-15T18:10:04.771+0000] {logging_mixin.py:188} INFO - [2026-03-15T18:10:04.771+0000] {dag.py:3047} INFO - Sync 1 DAGs
[2026-03-15T18:10:04.788+0000] {logging_mixin.py:188} INFO - [2026-03-15T18:10:04.788+0000] {dag.py:3834} INFO - Setting next_dagrun for example_dynamic_task_mapping_with_no_taskflow_operators to 2026-03-14 00:00:00+00:00, run_after=2026-03-15 00:00:00+00:00
[2026-03-15T18:10:04.801+0000] {processor.py:183} INFO - Processing /home/airflow/.local/lib/python3.11/site-packages/airflow/example_dags/example_dynamic_task_mapping_with_no_taskflow_operators.py took 0.056 seconds
[2026-03-15T18:10:59.076+0000] {processor.py:161} INFO - Started process (PID=3786) to work on /home/airflow/.local/lib/python3.11/site-packages/airflow/example_dags/example_dynamic_task_mapping_with_no_taskflow_operators.py
[2026-03-15T18:10:59.077+0000] {processor.py:830} INFO - Processing file /home/airflow/.local/lib/python3.11/site-packages/airflow/example_dags/example_dynamic_task_mapping_with_no_taskflow_operators.py for tasks to queue
[2026-03-15T18:10:59.082+0000] {logging_mixin.py:188} INFO - [2026-03-15T18:10:59.081+0000] {dagbag.py:540} INFO - Filling up the DagBag from /home/airflow/.local/lib/python3.11/site-packages/airflow/example_dags/example_dynamic_task_mapping_with_no_taskflow_operators.py
[2026-03-15T18:10:59.088+0000] {processor.py:840} INFO - DAG(s) 'example_dynamic_task_mapping_with_no_taskflow_operators' retrieved from /home/airflow/.local/lib/python3.11/site-packages/airflow/example_dags/example_dynamic_task_mapping_with_no_taskflow_operators.py
[2026-03-15T18:10:59.104+0000] {logging_mixin.py:188} INFO - [2026-03-15T18:10:59.104+0000] {dag.py:3047} INFO - Sync 1 DAGs
[2026-03-15T18:10:59.119+0000] {logging_mixin.py:188} INFO - [2026-03-15T18:10:59.119+0000] {dag.py:3834} INFO - Setting next_dagrun for example_dynamic_task_mapping_with_no_taskflow_operators to 2026-03-14 00:00:00+00:00, run_after=2026-03-15 00:00:00+00:00
[2026-03-15T18:10:59.132+0000] {processor.py:183} INFO - Processing /home/airflow/.local/lib/python3.11/site-packages/airflow/example_dags/example_dynamic_task_mapping_with_no_taskflow_operators.py took 0.058 seconds
[2026-03-15T18:11:29.608+0000] {processor.py:161} INFO - Started process (PID=3842) to work on /home/airflow/.local/lib/python3.11/site-packages/airflow/example_dags/example_dynamic_task_mapping_with_no_taskflow_operators.py
[2026-03-15T18:11:29.610+0000] {processor.py:830} INFO - Processing file /home/airflow/.local/lib/python3.11/site-packages/airflow/example_dags/example_dynamic_task_mapping_with_no_taskflow_operators.py for tasks to queue
[2026-03-15T18:11:29.613+0000] {logging_mixin.py:188} INFO - [2026-03-15T18:11:29.612+0000] {dagbag.py:540} INFO - Filling up the DagBag from /home/airflow/.local/lib/python3.11/site-packages/airflow/example_dags/example_dynamic_task_mapping_with_no_taskflow_operators.py
[2026-03-15T18:11:29.618+0000] {processor.py:840} INFO - DAG(s) 'example_dynamic_task_mapping_with_no_taskflow_operators' retrieved from /home/airflow/.local/lib/python3.11/site-packages/airflow/example_dags/example_dynamic_task_mapping_with_no_taskflow_operators.py
[2026-03-15T18:11:29.633+0000] {logging_mixin.py:188} INFO - [2026-03-15T18:11:29.633+0000] {dag.py:3047} INFO - Sync 1 DAGs
[2026-03-15T18:11:29.650+0000] {logging_mixin.py:188} INFO - [2026-03-15T18:11:29.649+0000] {dag.py:3834} INFO - Setting next_dagrun for example_dynamic_task_mapping_with_no_taskflow_operators to 2026-03-14 00:00:00+00:00, run_after=2026-03-15 00:00:00+00:00
[2026-03-15T18:11:29.664+0000] {processor.py:183} INFO - Processing /home/airflow/.local/lib/python3.11/site-packages/airflow/example_dags/example_dynamic_task_mapping_with_no_taskflow_operators.py took 0.058 seconds
[2026-03-15T18:11:31.022+0000] {processor.py:161} INFO - Started process (PID=75) to work on /home/airflow/.local/lib/python3.11/site-packages/airflow/example_dags/example_dynamic_task_mapping_with_no_taskflow_operators.py
[2026-03-15T18:11:31.025+0000] {processor.py:830} INFO - Processing file /home/airflow/.local/lib/python3.11/site-packages/airflow/example_dags/example_dynamic_task_mapping_with_no_taskflow_operators.py for tasks to queue
[2026-03-15T18:11:31.029+0000] {logging_mixin.py:188} INFO - [2026-03-15T18:11:31.028+0000] {dagbag.py:540} INFO - Filling up the DagBag from /home/airflow/.local/lib/python3.11/site-packages/airflow/example_dags/example_dynamic_task_mapping_with_no_taskflow_operators.py
[2026-03-15T18:11:31.043+0000] {processor.py:840} INFO - DAG(s) 'example_dynamic_task_mapping_with_no_taskflow_operators' retrieved from /home/airflow/.local/lib/python3.11/site-packages/airflow/example_dags/example_dynamic_task_mapping_with_no_taskflow_operators.py
[2026-03-15T18:11:31.059+0000] {logging_mixin.py:188} INFO - [2026-03-15T18:11:31.058+0000] {dag.py:3047} INFO - Sync 1 DAGs
[2026-03-15T18:11:31.092+0000] {logging_mixin.py:188} INFO - [2026-03-15T18:11:31.092+0000] {dag.py:3834} INFO - Setting next_dagrun for example_dynamic_task_mapping_with_no_taskflow_operators to 2026-03-14 00:00:00+00:00, run_after=2026-03-15 00:00:00+00:00
[2026-03-15T18:11:31.119+0000] {processor.py:183} INFO - Processing /home/airflow/.local/lib/python3.11/site-packages/airflow/example_dags/example_dynamic_task_mapping_with_no_taskflow_operators.py took 0.106 seconds
[2026-03-15T18:11:39.841+0000] {processor.py:161} INFO - Started process (PID=125) to work on /home/airflow/.local/lib/python3.11/site-packages/airflow/example_dags/example_dynamic_task_mapping_with_no_taskflow_operators.py
[2026-03-15T18:11:39.842+0000] {processor.py:830} INFO - Processing file /home/airflow/.local/lib/python3.11/site-packages/airflow/example_dags/example_dynamic_task_mapping_with_no_taskflow_operators.py for tasks to queue
[2026-03-15T18:11:39.844+0000] {logging_mixin.py:188} INFO - [2026-03-15T18:11:39.844+0000] {dagbag.py:540} INFO - Filling up the DagBag from /home/airflow/.local/lib/python3.11/site-packages/airflow/example_dags/example_dynamic_task_mapping_with_no_taskflow_operators.py
[2026-03-15T18:11:39.850+0000] {processor.py:840} INFO - DAG(s) 'example_dynamic_task_mapping_with_no_taskflow_operators' retrieved from /home/airflow/.local/lib/python3.11/site-packages/airflow/example_dags/example_dynamic_task_mapping_with_no_taskflow_operators.py
[2026-03-15T18:11:39.860+0000] {logging_mixin.py:188} INFO - [2026-03-15T18:11:39.860+0000] {dag.py:3047} INFO - Sync 1 DAGs
[2026-03-15T18:11:39.877+0000] {logging_mixin.py:188} INFO - [2026-03-15T18:11:39.877+0000] {dag.py:3834} INFO - Setting next_dagrun for example_dynamic_task_mapping_with_no_taskflow_operators to 2026-03-14 00:00:00+00:00, run_after=2026-03-15 00:00:00+00:00
[2026-03-15T18:11:39.891+0000] {processor.py:183} INFO - Processing /home/airflow/.local/lib/python3.11/site-packages/airflow/example_dags/example_dynamic_task_mapping_with_no_taskflow_operators.py took 0.053 seconds
[2026-03-15T18:12:11.520+0000] {processor.py:161} INFO - Started process (PID=181) to work on /home/airflow/.local/lib/python3.11/site-packages/airflow/example_dags/example_dynamic_task_mapping_with_no_taskflow_operators.py
[2026-03-15T18:12:11.524+0000] {processor.py:830} INFO - Processing file /home/airflow/.local/lib/python3.11/site-packages/airflow/example_dags/example_dynamic_task_mapping_with_no_taskflow_operators.py for tasks to queue
[2026-03-15T18:12:11.526+0000] {logging_mixin.py:188} INFO - [2026-03-15T18:12:11.526+0000] {dagbag.py:540} INFO - Filling up the DagBag from /home/airflow/.local/lib/python3.11/site-packages/airflow/example_dags/example_dynamic_task_mapping_with_no_taskflow_operators.py
[2026-03-15T18:12:11.531+0000] {processor.py:840} INFO - DAG(s) 'example_dynamic_task_mapping_with_no_taskflow_operators' retrieved from /home/airflow/.local/lib/python3.11/site-packages/airflow/example_dags/example_dynamic_task_mapping_with_no_taskflow_operators.py
[2026-03-15T18:12:11.598+0000] {logging_mixin.py:188} INFO - [2026-03-15T18:12:11.598+0000] {dag.py:3047} INFO - Sync 1 DAGs
[2026-03-15T18:12:11.611+0000] {logging_mixin.py:188} INFO - [2026-03-15T18:12:11.611+0000] {dag.py:3834} INFO - Setting next_dagrun for example_dynamic_task_mapping_with_no_taskflow_operators to 2026-03-14 00:00:00+00:00, run_after=2026-03-15 00:00:00+00:00
[2026-03-15T18:12:11.626+0000] {processor.py:183} INFO - Processing /home/airflow/.local/lib/python3.11/site-packages/airflow/example_dags/example_dynamic_task_mapping_with_no_taskflow_operators.py took 0.109 seconds
[2026-03-15T18:12:18.472+0000] {processor.py:161} INFO - Started process (PID=238) to work on /home/airflow/.local/lib/python3.11/site-packages/airflow/example_dags/example_dynamic_task_mapping_with_no_taskflow_operators.py
[2026-03-15T18:12:18.473+0000] {processor.py:830} INFO - Processing file /home/airflow/.local/lib/python3.11/site-packages/airflow/example_dags/example_dynamic_task_mapping_with_no_taskflow_operators.py for tasks to queue
[2026-03-15T18:12:18.475+0000] {logging_mixin.py:188} INFO - [2026-03-15T18:12:18.475+0000] {dagbag.py:540} INFO - Filling up the DagBag from /home/airflow/.local/lib/python3.11/site-packages/airflow/example_dags/example_dynamic_task_mapping_with_no_taskflow_operators.py
[2026-03-15T18:12:18.481+0000] {processor.py:840} INFO - DAG(s) 'example_dynamic_task_mapping_with_no_taskflow_operators' retrieved from /home/airflow/.local/lib/python3.11/site-packages/airflow/example_dags/example_dynamic_task_mapping_with_no_taskflow_operators.py
[2026-03-15T18:12:18.492+0000] {logging_mixin.py:188} INFO - [2026-03-15T18:12:18.491+0000] {dag.py:3047} INFO - Sync 1 DAGs
[2026-03-15T18:12:18.514+0000] {logging_mixin.py:188} INFO - [2026-03-15T18:12:18.514+0000] {dag.py:3834} INFO - Setting next_dagrun for example_dynamic_task_mapping_with_no_taskflow_operators to 2026-03-14 00:00:00+00:00, run_after=2026-03-15 00:00:00+00:00
[2026-03-15T18:12:18.531+0000] {processor.py:183} INFO - Processing /home/airflow/.local/lib/python3.11/site-packages/airflow/example_dags/example_dynamic_task_mapping_with_no_taskflow_operators.py took 0.062 seconds
[2026-03-15T18:12:24.238+0000] {processor.py:161} INFO - Started process (PID=280) to work on /home/airflow/.local/lib/python3.11/site-packages/airflow/example_dags/example_dynamic_task_mapping_with_no_taskflow_operators.py
[2026-03-15T18:12:24.239+0000] {processor.py:830} INFO - Processing file /home/airflow/.local/lib/python3.11/site-packages/airflow/example_dags/example_dynamic_task_mapping_with_no_taskflow_operators.py for tasks to queue
[2026-03-15T18:12:24.241+0000] {logging_mixin.py:188} INFO - [2026-03-15T18:12:24.241+0000] {dagbag.py:540} INFO - Filling up the DagBag from /home/airflow/.local/lib/python3.11/site-packages/airflow/example_dags/example_dynamic_task_mapping_with_no_taskflow_operators.py
[2026-03-15T18:12:24.246+0000] {processor.py:840} INFO - DAG(s) 'example_dynamic_task_mapping_with_no_taskflow_operators' retrieved from /home/airflow/.local/lib/python3.11/site-packages/airflow/example_dags/example_dynamic_task_mapping_with_no_taskflow_operators.py
[2026-03-15T18:12:24.256+0000] {logging_mixin.py:188} INFO - [2026-03-15T18:12:24.256+0000] {dag.py:3047} INFO - Sync 1 DAGs
[2026-03-15T18:12:24.271+0000] {logging_mixin.py:188} INFO - [2026-03-15T18:12:24.271+0000] {dag.py:3834} INFO - Setting next_dagrun for example_dynamic_task_mapping_with_no_taskflow_operators to 2026-03-14 00:00:00+00:00, run_after=2026-03-15 00:00:00+00:00
[2026-03-15T18:12:24.286+0000] {processor.py:183} INFO - Processing /home/airflow/.local/lib/python3.11/site-packages/airflow/example_dags/example_dynamic_task_mapping_with_no_taskflow_operators.py took 0.050 seconds
[2026-03-15T18:12:29.463+0000] {processor.py:161} INFO - Started process (PID=320) to work on /home/airflow/.local/lib/python3.11/site-packages/airflow/example_dags/example_dynamic_task_mapping_with_no_taskflow_operators.py
[2026-03-15T18:12:29.464+0000] {processor.py:830} INFO - Processing file /home/airflow/.local/lib/python3.11/site-packages/airflow/example_dags/example_dynamic_task_mapping_with_no_taskflow_operators.py for tasks to queue
[2026-03-15T18:12:29.467+0000] {logging_mixin.py:188} INFO - [2026-03-15T18:12:29.466+0000] {dagbag.py:540} INFO - Filling up the DagBag from /home/airflow/.local/lib/python3.11/site-packages/airflow/example_dags/example_dynamic_task_mapping_with_no_taskflow_operators.py
[2026-03-15T18:12:29.474+0000] {processor.py:840} INFO - DAG(s) 'example_dynamic_task_mapping_with_no_taskflow_operators' retrieved from /home/airflow/.local/lib/python3.11/site-packages/airflow/example_dags/example_dynamic_task_mapping_with_no_taskflow_operators.py
[2026-03-15T18:12:29.485+0000] {logging_mixin.py:188} INFO - [2026-03-15T18:12:29.485+0000] {dag.py:3047} INFO - Sync 1 DAGs
[2026-03-15T18:12:29.505+0000] {logging_mixin.py:188} INFO - [2026-03-15T18:12:29.505+0000] {dag.py:3834} INFO - Setting next_dagrun for example_dynamic_task_mapping_with_no_taskflow_operators to 2026-03-14 00:00:00+00:00, run_after=2026-03-15 00:00:00+00:00
[2026-03-15T18:12:29.520+0000] {processor.py:183} INFO - Processing /home/airflow/.local/lib/python3.11/site-packages/airflow/example_dags/example_dynamic_task_mapping_with_no_taskflow_operators.py took 0.062 seconds
[2026-03-15T18:12:34.202+0000] {processor.py:161} INFO - Started process (PID=360) to work on /home/airflow/.local/lib/python3.11/site-packages/airflow/example_dags/example_dynamic_task_mapping_with_no_taskflow_operators.py
[2026-03-15T18:12:34.203+0000] {processor.py:830} INFO - Processing file /home/airflow/.local/lib/python3.11/site-packages/airflow/example_dags/example_dynamic_task_mapping_with_no_taskflow_operators.py for tasks to queue
[2026-03-15T18:12:34.205+0000] {logging_mixin.py:188} INFO - [2026-03-15T18:12:34.205+0000] {dagbag.py:540} INFO - Filling up the DagBag from /home/airflow/.local/lib/python3.11/site-packages/airflow/example_dags/example_dynamic_task_mapping_with_no_taskflow_operators.py
[2026-03-15T18:12:34.211+0000] {processor.py:840} INFO - DAG(s) 'example_dynamic_task_mapping_with_no_taskflow_operators' retrieved from /home/airflow/.local/lib/python3.11/site-packages/airflow/example_dags/example_dynamic_task_mapping_with_no_taskflow_operators.py
[2026-03-15T18:12:34.221+0000] {logging_mixin.py:188} INFO - [2026-03-15T18:12:34.220+0000] {dag.py:3047} INFO - Sync 1 DAGs
[2026-03-15T18:12:34.243+0000] {logging_mixin.py:188} INFO - [2026-03-15T18:12:34.243+0000] {dag.py:3834} INFO - Setting next_dagrun for example_dynamic_task_mapping_with_no_taskflow_operators to 2026-03-14 00:00:00+00:00, run_after=2026-03-15 00:00:00+00:00
[2026-03-15T18:12:34.261+0000] {processor.py:183} INFO - Processing /home/airflow/.local/lib/python3.11/site-packages/airflow/example_dags/example_dynamic_task_mapping_with_no_taskflow_operators.py took 0.062 seconds
[2026-03-15T18:12:39.210+0000] {processor.py:161} INFO - Started process (PID=398) to work on /home/airflow/.local/lib/python3.11/site-packages/airflow/example_dags/example_dynamic_task_mapping_with_no_taskflow_operators.py
[2026-03-15T18:12:39.212+0000] {processor.py:830} INFO - Processing file /home/airflow/.local/lib/python3.11/site-packages/airflow/example_dags/example_dynamic_task_mapping_with_no_taskflow_operators.py for tasks to queue
[2026-03-15T18:12:39.215+0000] {logging_mixin.py:188} INFO - [2026-03-15T18:12:39.215+0000] {dagbag.py:540} INFO - Filling up the DagBag from /home/airflow/.local/lib/python3.11/site-packages/airflow/example_dags/example_dynamic_task_mapping_with_no_taskflow_operators.py
[2026-03-15T18:12:39.222+0000] {processor.py:840} INFO - DAG(s) 'example_dynamic_task_mapping_with_no_taskflow_operators' retrieved from /home/airflow/.local/lib/python3.11/site-packages/airflow/example_dags/example_dynamic_task_mapping_with_no_taskflow_operators.py
[2026-03-15T18:12:39.236+0000] {logging_mixin.py:188} INFO - [2026-03-15T18:12:39.235+0000] {dag.py:3047} INFO - Sync 1 DAGs
[2026-03-15T18:12:39.260+0000] {logging_mixin.py:188} INFO - [2026-03-15T18:12:39.260+0000] {dag.py:3834} INFO - Setting next_dagrun for example_dynamic_task_mapping_with_no_taskflow_operators to 2026-03-14 00:00:00+00:00, run_after=2026-03-15 00:00:00+00:00
[2026-03-15T18:12:39.282+0000] {processor.py:183} INFO - Processing /home/airflow/.local/lib/python3.11/site-packages/airflow/example_dags/example_dynamic_task_mapping_with_no_taskflow_operators.py took 0.075 seconds
[2026-03-15T18:12:47.932+0000] {processor.py:161} INFO - Started process (PID=441) to work on /home/airflow/.local/lib/python3.11/site-packages/airflow/example_dags/example_dynamic_task_mapping_with_no_taskflow_operators.py
[2026-03-15T18:12:47.933+0000] {processor.py:830} INFO - Processing file /home/airflow/.local/lib/python3.11/site-packages/airflow/example_dags/example_dynamic_task_mapping_with_no_taskflow_operators.py for tasks to queue
[2026-03-15T18:12:47.935+0000] {logging_mixin.py:188} INFO - [2026-03-15T18:12:47.935+0000] {dagbag.py:540} INFO - Filling up the DagBag from /home/airflow/.local/lib/python3.11/site-packages/airflow/example_dags/example_dynamic_task_mapping_with_no_taskflow_operators.py
[2026-03-15T18:12:47.941+0000] {processor.py:840} INFO - DAG(s) 'example_dynamic_task_mapping_with_no_taskflow_operators' retrieved from /home/airflow/.local/lib/python3.11/site-packages/airflow/example_dags/example_dynamic_task_mapping_with_no_taskflow_operators.py
[2026-03-15T18:12:47.957+0000] {logging_mixin.py:188} INFO - [2026-03-15T18:12:47.957+0000] {dag.py:3047} INFO - Sync 1 DAGs
[2026-03-15T18:13:37.139+0000] {logging_mixin.py:188} INFO - [2026-03-15T18:13:37.139+0000] {dag.py:3834} INFO - Setting next_dagrun for example_dynamic_task_mapping_with_no_taskflow_operators to 2026-03-14 00:00:00+00:00, run_after=2026-03-15 00:00:00+00:00
[2026-03-15T18:13:37.154+0000] {processor.py:183} INFO - Processing /home/airflow/.local/lib/python3.11/site-packages/airflow/example_dags/example_dynamic_task_mapping_with_no_taskflow_operators.py took 0.059 seconds
[2026-03-15T18:13:24.654+0000] {processor.py:161} INFO - Started process (PID=535) to work on /home/airflow/.local/lib/python3.11/site-packages/airflow/example_dags/example_dynamic_task_mapping_with_no_taskflow_operators.py
[2026-03-15T18:13:24.656+0000] {processor.py:830} INFO - Processing file /home/airflow/.local/lib/python3.11/site-packages/airflow/example_dags/example_dynamic_task_mapping_with_no_taskflow_operators.py for tasks to queue
[2026-03-15T18:13:24.658+0000] {logging_mixin.py:188} INFO - [2026-03-15T18:13:24.658+0000] {dagbag.py:540} INFO - Filling up the DagBag from /home/airflow/.local/lib/python3.11/site-packages/airflow/example_dags/example_dynamic_task_mapping_with_no_taskflow_operators.py
[2026-03-15T18:13:24.665+0000] {processor.py:840} INFO - DAG(s) 'example_dynamic_task_mapping_with_no_taskflow_operators' retrieved from /home/airflow/.local/lib/python3.11/site-packages/airflow/example_dags/example_dynamic_task_mapping_with_no_taskflow_operators.py
[2026-03-15T18:13:24.681+0000] {logging_mixin.py:188} INFO - [2026-03-15T18:13:24.681+0000] {dag.py:3047} INFO - Sync 1 DAGs
[2026-03-15T18:13:24.696+0000] {logging_mixin.py:188} INFO - [2026-03-15T18:13:24.696+0000] {dag.py:3834} INFO - Setting next_dagrun for example_dynamic_task_mapping_with_no_taskflow_operators to 2026-03-14 00:00:00+00:00, run_after=2026-03-15 00:00:00+00:00
[2026-03-15T18:13:24.710+0000] {processor.py:183} INFO - Processing /home/airflow/.local/lib/python3.11/site-packages/airflow/example_dags/example_dynamic_task_mapping_with_no_taskflow_operators.py took 0.058 seconds
[2026-03-15T18:13:29.573+0000] {processor.py:161} INFO - Started process (PID=575) to work on /home/airflow/.local/lib/python3.11/site-packages/airflow/example_dags/example_dynamic_task_mapping_with_no_taskflow_operators.py
[2026-03-15T18:13:29.574+0000] {processor.py:830} INFO - Processing file /home/airflow/.local/lib/python3.11/site-packages/airflow/example_dags/example_dynamic_task_mapping_with_no_taskflow_operators.py for tasks to queue
[2026-03-15T18:13:29.576+0000] {logging_mixin.py:188} INFO - [2026-03-15T18:13:29.575+0000] {dagbag.py:540} INFO - Filling up the DagBag from /home/airflow/.local/lib/python3.11/site-packages/airflow/example_dags/example_dynamic_task_mapping_with_no_taskflow_operators.py
[2026-03-15T18:13:29.581+0000] {processor.py:840} INFO - DAG(s) 'example_dynamic_task_mapping_with_no_taskflow_operators' retrieved from /home/airflow/.local/lib/python3.11/site-packages/airflow/example_dags/example_dynamic_task_mapping_with_no_taskflow_operators.py
[2026-03-15T18:13:29.596+0000] {logging_mixin.py:188} INFO - [2026-03-15T18:13:29.596+0000] {dag.py:3047} INFO - Sync 1 DAGs
[2026-03-15T18:13:29.611+0000] {logging_mixin.py:188} INFO - [2026-03-15T18:13:29.611+0000] {dag.py:3834} INFO - Setting next_dagrun for example_dynamic_task_mapping_with_no_taskflow_operators to 2026-03-14 00:00:00+00:00, run_after=2026-03-15 00:00:00+00:00
[2026-03-15T18:13:29.626+0000] {processor.py:183} INFO - Processing /home/airflow/.local/lib/python3.11/site-packages/airflow/example_dags/example_dynamic_task_mapping_with_no_taskflow_operators.py took 0.056 seconds
[2026-03-15T18:13:34.317+0000] {processor.py:161} INFO - Started process (PID=613) to work on /home/airflow/.local/lib/python3.11/site-packages/airflow/example_dags/example_dynamic_task_mapping_with_no_taskflow_operators.py
[2026-03-15T18:13:34.318+0000] {processor.py:830} INFO - Processing file /home/airflow/.local/lib/python3.11/site-packages/airflow/example_dags/example_dynamic_task_mapping_with_no_taskflow_operators.py for tasks to queue
[2026-03-15T18:13:34.320+0000] {logging_mixin.py:188} INFO - [2026-03-15T18:13:34.319+0000] {dagbag.py:540} INFO - Filling up the DagBag from /home/airflow/.local/lib/python3.11/site-packages/airflow/example_dags/example_dynamic_task_mapping_with_no_taskflow_operators.py
[2026-03-15T18:13:34.325+0000] {processor.py:840} INFO - DAG(s) 'example_dynamic_task_mapping_with_no_taskflow_operators' retrieved from /home/airflow/.local/lib/python3.11/site-packages/airflow/example_dags/example_dynamic_task_mapping_with_no_taskflow_operators.py
[2026-03-15T18:13:34.342+0000] {logging_mixin.py:188} INFO - [2026-03-15T18:13:34.342+0000] {dag.py:3047} INFO - Sync 1 DAGs
[2026-03-15T18:13:34.363+0000] {logging_mixin.py:188} INFO - [2026-03-15T18:13:34.362+0000] {dag.py:3834} INFO - Setting next_dagrun for example_dynamic_task_mapping_with_no_taskflow_operators to 2026-03-14 00:00:00+00:00, run_after=2026-03-15 00:00:00+00:00
[2026-03-15T18:13:34.381+0000] {processor.py:183} INFO - Processing /home/airflow/.local/lib/python3.11/site-packages/airflow/example_dags/example_dynamic_task_mapping_with_no_taskflow_operators.py took 0.067 seconds
[2026-03-15T18:14:04.741+0000] {processor.py:161} INFO - Started process (PID=667) to work on /home/airflow/.local/lib/python3.11/site-packages/airflow/example_dags/example_dynamic_task_mapping_with_no_taskflow_operators.py
[2026-03-15T18:14:04.742+0000] {processor.py:830} INFO - Processing file /home/airflow/.local/lib/python3.11/site-packages/airflow/example_dags/example_dynamic_task_mapping_with_no_taskflow_operators.py for tasks to queue
[2026-03-15T18:14:04.744+0000] {logging_mixin.py:188} INFO - [2026-03-15T18:14:04.743+0000] {dagbag.py:540} INFO - Filling up the DagBag from /home/airflow/.local/lib/python3.11/site-packages/airflow/example_dags/example_dynamic_task_mapping_with_no_taskflow_operators.py
[2026-03-15T18:14:04.749+0000] {processor.py:840} INFO - DAG(s) 'example_dynamic_task_mapping_with_no_taskflow_operators' retrieved from /home/airflow/.local/lib/python3.11/site-packages/airflow/example_dags/example_dynamic_task_mapping_with_no_taskflow_operators.py
[2026-03-15T18:14:04.764+0000] {logging_mixin.py:188} INFO - [2026-03-15T18:14:04.764+0000] {dag.py:3047} INFO - Sync 1 DAGs
[2026-03-15T18:14:04.781+0000] {logging_mixin.py:188} INFO - [2026-03-15T18:14:04.780+0000] {dag.py:3834} INFO - Setting next_dagrun for example_dynamic_task_mapping_with_no_taskflow_operators to 2026-03-14 00:00:00+00:00, run_after=2026-03-15 00:00:00+00:00
[2026-03-15T18:14:04.794+0000] {processor.py:183} INFO - Processing /home/airflow/.local/lib/python3.11/site-packages/airflow/example_dags/example_dynamic_task_mapping_with_no_taskflow_operators.py took 0.055 seconds
[2026-03-15T18:14:09.757+0000] {processor.py:161} INFO - Started process (PID=714) to work on /home/airflow/.local/lib/python3.11/site-packages/airflow/example_dags/example_dynamic_task_mapping_with_no_taskflow_operators.py
[2026-03-15T18:14:09.758+0000] {processor.py:830} INFO - Processing file /home/airflow/.local/lib/python3.11/site-packages/airflow/example_dags/example_dynamic_task_mapping_with_no_taskflow_operators.py for tasks to queue
[2026-03-15T18:14:09.760+0000] {logging_mixin.py:188} INFO - [2026-03-15T18:14:09.760+0000] {dagbag.py:540} INFO - Filling up the DagBag from /home/airflow/.local/lib/python3.11/site-packages/airflow/example_dags/example_dynamic_task_mapping_with_no_taskflow_operators.py
[2026-03-15T18:14:09.765+0000] {processor.py:840} INFO - DAG(s) 'example_dynamic_task_mapping_with_no_taskflow_operators' retrieved from /home/airflow/.local/lib/python3.11/site-packages/airflow/example_dags/example_dynamic_task_mapping_with_no_taskflow_operators.py
[2026-03-15T18:14:09.780+0000] {logging_mixin.py:188} INFO - [2026-03-15T18:14:09.780+0000] {dag.py:3047} INFO - Sync 1 DAGs
[2026-03-15T18:14:09.796+0000] {logging_mixin.py:188} INFO - [2026-03-15T18:14:09.796+0000] {dag.py:3834} INFO - Setting next_dagrun for example_dynamic_task_mapping_with_no_taskflow_operators to 2026-03-14 00:00:00+00:00, run_after=2026-03-15 00:00:00+00:00
[2026-03-15T18:14:09.810+0000] {processor.py:183} INFO - Processing /home/airflow/.local/lib/python3.11/site-packages/airflow/example_dags/example_dynamic_task_mapping_with_no_taskflow_operators.py took 0.055 seconds
[2026-03-15T18:14:25.366+0000] {processor.py:161} INFO - Started process (PID=767) to work on /home/airflow/.local/lib/python3.11/site-packages/airflow/example_dags/example_dynamic_task_mapping_with_no_taskflow_operators.py
[2026-03-15T18:14:25.368+0000] {processor.py:830} INFO - Processing file /home/airflow/.local/lib/python3.11/site-packages/airflow/example_dags/example_dynamic_task_mapping_with_no_taskflow_operators.py for tasks to queue
[2026-03-15T18:14:25.370+0000] {logging_mixin.py:188} INFO - [2026-03-15T18:14:25.370+0000] {dagbag.py:540} INFO - Filling up the DagBag from /home/airflow/.local/lib/python3.11/site-packages/airflow/example_dags/example_dynamic_task_mapping_with_no_taskflow_operators.py
[2026-03-15T18:14:25.381+0000] {processor.py:840} INFO - DAG(s) 'example_dynamic_task_mapping_with_no_taskflow_operators' retrieved from /home/airflow/.local/lib/python3.11/site-packages/airflow/example_dags/example_dynamic_task_mapping_with_no_taskflow_operators.py
[2026-03-15T18:14:25.406+0000] {logging_mixin.py:188} INFO - [2026-03-15T18:14:25.406+0000] {dag.py:3047} INFO - Sync 1 DAGs
[2026-03-15T18:14:25.428+0000] {logging_mixin.py:188} INFO - [2026-03-15T18:14:25.428+0000] {dag.py:3834} INFO - Setting next_dagrun for example_dynamic_task_mapping_with_no_taskflow_operators to 2026-03-14 00:00:00+00:00, run_after=2026-03-15 00:00:00+00:00
[2026-03-15T18:14:25.455+0000] {processor.py:183} INFO - Processing /home/airflow/.local/lib/python3.11/site-packages/airflow/example_dags/example_dynamic_task_mapping_with_no_taskflow_operators.py took 0.093 seconds
[2026-03-15T18:14:30.064+0000] {processor.py:161} INFO - Started process (PID=814) to work on /home/airflow/.local/lib/python3.11/site-packages/airflow/example_dags/example_dynamic_task_mapping_with_no_taskflow_operators.py
[2026-03-15T18:14:30.064+0000] {processor.py:830} INFO - Processing file /home/airflow/.local/lib/python3.11/site-packages/airflow/example_dags/example_dynamic_task_mapping_with_no_taskflow_operators.py for tasks to queue
[2026-03-15T18:14:30.066+0000] {logging_mixin.py:188} INFO - [2026-03-15T18:14:30.066+0000] {dagbag.py:540} INFO - Filling up the DagBag from /home/airflow/.local/lib/python3.11/site-packages/airflow/example_dags/example_dynamic_task_mapping_with_no_taskflow_operators.py
[2026-03-15T18:14:30.072+0000] {processor.py:840} INFO - DAG(s) 'example_dynamic_task_mapping_with_no_taskflow_operators' retrieved from /home/airflow/.local/lib/python3.11/site-packages/airflow/example_dags/example_dynamic_task_mapping_with_no_taskflow_operators.py
[2026-03-15T18:14:30.089+0000] {logging_mixin.py:188} INFO - [2026-03-15T18:14:30.088+0000] {dag.py:3047} INFO - Sync 1 DAGs
[2026-03-15T18:14:30.106+0000] {logging_mixin.py:188} INFO - [2026-03-15T18:14:30.106+0000] {dag.py:3834} INFO - Setting next_dagrun for example_dynamic_task_mapping_with_no_taskflow_operators to 2026-03-14 00:00:00+00:00, run_after=2026-03-15 00:00:00+00:00
[2026-03-15T18:14:30.120+0000] {processor.py:183} INFO - Processing /home/airflow/.local/lib/python3.11/site-packages/airflow/example_dags/example_dynamic_task_mapping_with_no_taskflow_operators.py took 0.059 seconds
[2026-03-15T18:14:48.554+0000] {processor.py:161} INFO - Started process (PID=868) to work on /home/airflow/.local/lib/python3.11/site-packages/airflow/example_dags/example_dynamic_task_mapping_with_no_taskflow_operators.py
[2026-03-15T18:14:48.555+0000] {processor.py:830} INFO - Processing file /home/airflow/.local/lib/python3.11/site-packages/airflow/example_dags/example_dynamic_task_mapping_with_no_taskflow_operators.py for tasks to queue
[2026-03-15T18:14:48.558+0000] {logging_mixin.py:188} INFO - [2026-03-15T18:14:48.558+0000] {dagbag.py:540} INFO - Filling up the DagBag from /home/airflow/.local/lib/python3.11/site-packages/airflow/example_dags/example_dynamic_task_mapping_with_no_taskflow_operators.py
[2026-03-15T18:14:48.565+0000] {processor.py:840} INFO - DAG(s) 'example_dynamic_task_mapping_with_no_taskflow_operators' retrieved from /home/airflow/.local/lib/python3.11/site-packages/airflow/example_dags/example_dynamic_task_mapping_with_no_taskflow_operators.py
[2026-03-15T18:14:48.582+0000] {logging_mixin.py:188} INFO - [2026-03-15T18:14:48.582+0000] {dag.py:3047} INFO - Sync 1 DAGs
[2026-03-15T18:14:48.601+0000] {logging_mixin.py:188} INFO - [2026-03-15T18:14:48.600+0000] {dag.py:3834} INFO - Setting next_dagrun for example_dynamic_task_mapping_with_no_taskflow_operators to 2026-03-14 00:00:00+00:00, run_after=2026-03-15 00:00:00+00:00
[2026-03-15T18:14:48.618+0000] {processor.py:183} INFO - Processing /home/airflow/.local/lib/python3.11/site-packages/airflow/example_dags/example_dynamic_task_mapping_with_no_taskflow_operators.py took 0.068 seconds
[2026-03-15T18:19:53.668+0000] {processor.py:161} INFO - Started process (PID=87) to work on /home/airflow/.local/lib/python3.11/site-packages/airflow/example_dags/example_dynamic_task_mapping_with_no_taskflow_operators.py
[2026-03-15T18:19:53.671+0000] {processor.py:830} INFO - Processing file /home/airflow/.local/lib/python3.11/site-packages/airflow/example_dags/example_dynamic_task_mapping_with_no_taskflow_operators.py for tasks to queue
[2026-03-15T18:19:53.675+0000] {logging_mixin.py:188} INFO - [2026-03-15T18:19:53.674+0000] {dagbag.py:540} INFO - Filling up the DagBag from /home/airflow/.local/lib/python3.11/site-packages/airflow/example_dags/example_dynamic_task_mapping_with_no_taskflow_operators.py
[2026-03-15T18:19:53.688+0000] {processor.py:840} INFO - DAG(s) 'example_dynamic_task_mapping_with_no_taskflow_operators' retrieved from /home/airflow/.local/lib/python3.11/site-packages/airflow/example_dags/example_dynamic_task_mapping_with_no_taskflow_operators.py
[2026-03-15T18:19:53.709+0000] {logging_mixin.py:188} INFO - [2026-03-15T18:19:53.708+0000] {dag.py:3047} INFO - Sync 1 DAGs
[2026-03-15T18:20:42.936+0000] {logging_mixin.py:188} INFO - [2026-03-15T18:20:42.936+0000] {dag.py:3834} INFO - Setting next_dagrun for example_dynamic_task_mapping_with_no_taskflow_operators to 2026-03-14 00:00:00+00:00, run_after=2026-03-15 00:00:00+00:00
[2026-03-15T18:20:42.962+0000] {processor.py:183} INFO - Processing /home/airflow/.local/lib/python3.11/site-packages/airflow/example_dags/example_dynamic_task_mapping_with_no_taskflow_operators.py took 0.110 seconds
[2026-03-15T18:20:25.534+0000] {processor.py:161} INFO - Started process (PID=241) to work on /home/airflow/.local/lib/python3.11/site-packages/airflow/example_dags/example_dynamic_task_mapping_with_no_taskflow_operators.py
[2026-03-15T18:20:25.535+0000] {processor.py:830} INFO - Processing file /home/airflow/.local/lib/python3.11/site-packages/airflow/example_dags/example_dynamic_task_mapping_with_no_taskflow_operators.py for tasks to queue
[2026-03-15T18:20:25.537+0000] {logging_mixin.py:188} INFO - [2026-03-15T18:20:25.537+0000] {dagbag.py:540} INFO - Filling up the DagBag from /home/airflow/.local/lib/python3.11/site-packages/airflow/example_dags/example_dynamic_task_mapping_with_no_taskflow_operators.py
[2026-03-15T18:20:25.543+0000] {processor.py:840} INFO - DAG(s) 'example_dynamic_task_mapping_with_no_taskflow_operators' retrieved from /home/airflow/.local/lib/python3.11/site-packages/airflow/example_dags/example_dynamic_task_mapping_with_no_taskflow_operators.py
[2026-03-15T18:20:25.628+0000] {logging_mixin.py:188} INFO - [2026-03-15T18:20:25.628+0000] {dag.py:3047} INFO - Sync 1 DAGs
[2026-03-15T18:20:25.644+0000] {logging_mixin.py:188} INFO - [2026-03-15T18:20:25.644+0000] {dag.py:3834} INFO - Setting next_dagrun for example_dynamic_task_mapping_with_no_taskflow_operators to 2026-03-14 00:00:00+00:00, run_after=2026-03-15 00:00:00+00:00
[2026-03-15T18:20:25.658+0000] {processor.py:183} INFO - Processing /home/airflow/.local/lib/python3.11/site-packages/airflow/example_dags/example_dynamic_task_mapping_with_no_taskflow_operators.py took 0.128 seconds
[2026-03-15T18:20:55.684+0000] {processor.py:161} INFO - Started process (PID=291) to work on /home/airflow/.local/lib/python3.11/site-packages/airflow/example_dags/example_dynamic_task_mapping_with_no_taskflow_operators.py
[2026-03-15T18:20:55.685+0000] {processor.py:830} INFO - Processing file /home/airflow/.local/lib/python3.11/site-packages/airflow/example_dags/example_dynamic_task_mapping_with_no_taskflow_operators.py for tasks to queue
[2026-03-15T18:20:55.687+0000] {logging_mixin.py:188} INFO - [2026-03-15T18:20:55.687+0000] {dagbag.py:540} INFO - Filling up the DagBag from /home/airflow/.local/lib/python3.11/site-packages/airflow/example_dags/example_dynamic_task_mapping_with_no_taskflow_operators.py
[2026-03-15T18:20:55.692+0000] {processor.py:840} INFO - DAG(s) 'example_dynamic_task_mapping_with_no_taskflow_operators' retrieved from /home/airflow/.local/lib/python3.11/site-packages/airflow/example_dags/example_dynamic_task_mapping_with_no_taskflow_operators.py
[2026-03-15T18:20:55.707+0000] {logging_mixin.py:188} INFO - [2026-03-15T18:20:55.706+0000] {dag.py:3047} INFO - Sync 1 DAGs
[2026-03-15T18:20:55.722+0000] {logging_mixin.py:188} INFO - [2026-03-15T18:20:55.722+0000] {dag.py:3834} INFO - Setting next_dagrun for example_dynamic_task_mapping_with_no_taskflow_operators to 2026-03-14 00:00:00+00:00, run_after=2026-03-15 00:00:00+00:00
[2026-03-15T18:20:55.736+0000] {processor.py:183} INFO - Processing /home/airflow/.local/lib/python3.11/site-packages/airflow/example_dags/example_dynamic_task_mapping_with_no_taskflow_operators.py took 0.055 seconds
[2026-03-15T18:21:26.179+0000] {processor.py:161} INFO - Started process (PID=341) to work on /home/airflow/.local/lib/python3.11/site-packages/airflow/example_dags/example_dynamic_task_mapping_with_no_taskflow_operators.py
[2026-03-15T18:21:26.180+0000] {processor.py:830} INFO - Processing file /home/airflow/.local/lib/python3.11/site-packages/airflow/example_dags/example_dynamic_task_mapping_with_no_taskflow_operators.py for tasks to queue
[2026-03-15T18:21:26.181+0000] {logging_mixin.py:188} INFO - [2026-03-15T18:21:26.181+0000] {dagbag.py:540} INFO - Filling up the DagBag from /home/airflow/.local/lib/python3.11/site-packages/airflow/example_dags/example_dynamic_task_mapping_with_no_taskflow_operators.py
[2026-03-15T18:21:26.187+0000] {processor.py:840} INFO - DAG(s) 'example_dynamic_task_mapping_with_no_taskflow_operators' retrieved from /home/airflow/.local/lib/python3.11/site-packages/airflow/example_dags/example_dynamic_task_mapping_with_no_taskflow_operators.py
[2026-03-15T18:21:26.203+0000] {logging_mixin.py:188} INFO - [2026-03-15T18:21:26.203+0000] {dag.py:3047} INFO - Sync 1 DAGs
[2026-03-15T18:21:26.220+0000] {logging_mixin.py:188} INFO - [2026-03-15T18:21:26.219+0000] {dag.py:3834} INFO - Setting next_dagrun for example_dynamic_task_mapping_with_no_taskflow_operators to 2026-03-14 00:00:00+00:00, run_after=2026-03-15 00:00:00+00:00
[2026-03-15T18:21:26.234+0000] {processor.py:183} INFO - Processing /home/airflow/.local/lib/python3.11/site-packages/airflow/example_dags/example_dynamic_task_mapping_with_no_taskflow_operators.py took 0.058 seconds
[2026-03-15T18:21:30.884+0000] {processor.py:161} INFO - Started process (PID=391) to work on /home/airflow/.local/lib/python3.11/site-packages/airflow/example_dags/example_dynamic_task_mapping_with_no_taskflow_operators.py
[2026-03-15T18:21:30.885+0000] {processor.py:830} INFO - Processing file /home/airflow/.local/lib/python3.11/site-packages/airflow/example_dags/example_dynamic_task_mapping_with_no_taskflow_operators.py for tasks to queue
[2026-03-15T18:21:30.887+0000] {logging_mixin.py:188} INFO - [2026-03-15T18:21:30.887+0000] {dagbag.py:540} INFO - Filling up the DagBag from /home/airflow/.local/lib/python3.11/site-packages/airflow/example_dags/example_dynamic_task_mapping_with_no_taskflow_operators.py
[2026-03-15T18:21:30.893+0000] {processor.py:840} INFO - DAG(s) 'example_dynamic_task_mapping_with_no_taskflow_operators' retrieved from /home/airflow/.local/lib/python3.11/site-packages/airflow/example_dags/example_dynamic_task_mapping_with_no_taskflow_operators.py
[2026-03-15T18:21:30.912+0000] {logging_mixin.py:188} INFO - [2026-03-15T18:21:30.912+0000] {dag.py:3047} INFO - Sync 1 DAGs
[2026-03-15T18:21:30.931+0000] {logging_mixin.py:188} INFO - [2026-03-15T18:21:30.930+0000] {dag.py:3834} INFO - Setting next_dagrun for example_dynamic_task_mapping_with_no_taskflow_operators to 2026-03-14 00:00:00+00:00, run_after=2026-03-15 00:00:00+00:00
[2026-03-15T18:21:30.947+0000] {processor.py:183} INFO - Processing /home/airflow/.local/lib/python3.11/site-packages/airflow/example_dags/example_dynamic_task_mapping_with_no_taskflow_operators.py took 0.066 seconds
[2026-03-15T18:21:48.378+0000] {processor.py:161} INFO - Started process (PID=437) to work on /home/airflow/.local/lib/python3.11/site-packages/airflow/example_dags/example_dynamic_task_mapping_with_no_taskflow_operators.py
[2026-03-15T18:21:48.379+0000] {processor.py:830} INFO - Processing file /home/airflow/.local/lib/python3.11/site-packages/airflow/example_dags/example_dynamic_task_mapping_with_no_taskflow_operators.py for tasks to queue
[2026-03-15T18:21:48.381+0000] {logging_mixin.py:188} INFO - [2026-03-15T18:21:48.381+0000] {dagbag.py:540} INFO - Filling up the DagBag from /home/airflow/.local/lib/python3.11/site-packages/airflow/example_dags/example_dynamic_task_mapping_with_no_taskflow_operators.py
[2026-03-15T18:21:48.388+0000] {processor.py:840} INFO - DAG(s) 'example_dynamic_task_mapping_with_no_taskflow_operators' retrieved from /home/airflow/.local/lib/python3.11/site-packages/airflow/example_dags/example_dynamic_task_mapping_with_no_taskflow_operators.py
[2026-03-15T18:21:48.404+0000] {logging_mixin.py:188} INFO - [2026-03-15T18:21:48.404+0000] {dag.py:3047} INFO - Sync 1 DAGs
[2026-03-15T18:21:48.420+0000] {logging_mixin.py:188} INFO - [2026-03-15T18:21:48.419+0000] {dag.py:3834} INFO - Setting next_dagrun for example_dynamic_task_mapping_with_no_taskflow_operators to 2026-03-14 00:00:00+00:00, run_after=2026-03-15 00:00:00+00:00
[2026-03-15T18:21:48.439+0000] {processor.py:183} INFO - Processing /home/airflow/.local/lib/python3.11/site-packages/airflow/example_dags/example_dynamic_task_mapping_with_no_taskflow_operators.py took 0.063 seconds
[2026-03-15T18:21:50.520+0000] {processor.py:161} INFO - Started process (PID=481) to work on /home/airflow/.local/lib/python3.11/site-packages/airflow/example_dags/example_dynamic_task_mapping_with_no_taskflow_operators.py
[2026-03-15T18:21:50.521+0000] {processor.py:830} INFO - Processing file /home/airflow/.local/lib/python3.11/site-packages/airflow/example_dags/example_dynamic_task_mapping_with_no_taskflow_operators.py for tasks to queue
[2026-03-15T18:21:50.523+0000] {logging_mixin.py:188} INFO - [2026-03-15T18:21:50.523+0000] {dagbag.py:540} INFO - Filling up the DagBag from /home/airflow/.local/lib/python3.11/site-packages/airflow/example_dags/example_dynamic_task_mapping_with_no_taskflow_operators.py
[2026-03-15T18:21:50.529+0000] {processor.py:840} INFO - DAG(s) 'example_dynamic_task_mapping_with_no_taskflow_operators' retrieved from /home/airflow/.local/lib/python3.11/site-packages/airflow/example_dags/example_dynamic_task_mapping_with_no_taskflow_operators.py
[2026-03-15T18:21:50.543+0000] {logging_mixin.py:188} INFO - [2026-03-15T18:21:50.543+0000] {dag.py:3047} INFO - Sync 1 DAGs
[2026-03-15T18:21:50.559+0000] {logging_mixin.py:188} INFO - [2026-03-15T18:21:50.559+0000] {dag.py:3834} INFO - Setting next_dagrun for example_dynamic_task_mapping_with_no_taskflow_operators to 2026-03-14 00:00:00+00:00, run_after=2026-03-15 00:00:00+00:00
[2026-03-15T18:21:50.574+0000] {processor.py:183} INFO - Processing /home/airflow/.local/lib/python3.11/site-packages/airflow/example_dags/example_dynamic_task_mapping_with_no_taskflow_operators.py took 0.056 seconds
[2026-03-15T18:21:55.425+0000] {processor.py:161} INFO - Started process (PID=529) to work on /home/airflow/.local/lib/python3.11/site-packages/airflow/example_dags/example_dynamic_task_mapping_with_no_taskflow_operators.py
[2026-03-15T18:21:55.426+0000] {processor.py:830} INFO - Processing file /home/airflow/.local/lib/python3.11/site-packages/airflow/example_dags/example_dynamic_task_mapping_with_no_taskflow_operators.py for tasks to queue
[2026-03-15T18:21:55.429+0000] {logging_mixin.py:188} INFO - [2026-03-15T18:21:55.429+0000] {dagbag.py:540} INFO - Filling up the DagBag from /home/airflow/.local/lib/python3.11/site-packages/airflow/example_dags/example_dynamic_task_mapping_with_no_taskflow_operators.py
[2026-03-15T18:21:55.435+0000] {processor.py:840} INFO - DAG(s) 'example_dynamic_task_mapping_with_no_taskflow_operators' retrieved from /home/airflow/.local/lib/python3.11/site-packages/airflow/example_dags/example_dynamic_task_mapping_with_no_taskflow_operators.py
[2026-03-15T18:21:55.451+0000] {logging_mixin.py:188} INFO - [2026-03-15T18:21:55.450+0000] {dag.py:3047} INFO - Sync 1 DAGs
[2026-03-15T18:21:55.466+0000] {logging_mixin.py:188} INFO - [2026-03-15T18:21:55.466+0000] {dag.py:3834} INFO - Setting next_dagrun for example_dynamic_task_mapping_with_no_taskflow_operators to 2026-03-14 00:00:00+00:00, run_after=2026-03-15 00:00:00+00:00
[2026-03-15T18:21:55.480+0000] {processor.py:183} INFO - Processing /home/airflow/.local/lib/python3.11/site-packages/airflow/example_dags/example_dynamic_task_mapping_with_no_taskflow_operators.py took 0.057 seconds
[2026-03-15T18:22:00.720+0000] {processor.py:161} INFO - Started process (PID=569) to work on /home/airflow/.local/lib/python3.11/site-packages/airflow/example_dags/example_dynamic_task_mapping_with_no_taskflow_operators.py
[2026-03-15T18:22:00.721+0000] {processor.py:830} INFO - Processing file /home/airflow/.local/lib/python3.11/site-packages/airflow/example_dags/example_dynamic_task_mapping_with_no_taskflow_operators.py for tasks to queue
[2026-03-15T18:22:00.723+0000] {logging_mixin.py:188} INFO - [2026-03-15T18:22:00.723+0000] {dagbag.py:540} INFO - Filling up the DagBag from /home/airflow/.local/lib/python3.11/site-packages/airflow/example_dags/example_dynamic_task_mapping_with_no_taskflow_operators.py
[2026-03-15T18:22:00.731+0000] {processor.py:840} INFO - DAG(s) 'example_dynamic_task_mapping_with_no_taskflow_operators' retrieved from /home/airflow/.local/lib/python3.11/site-packages/airflow/example_dags/example_dynamic_task_mapping_with_no_taskflow_operators.py
[2026-03-15T18:22:00.749+0000] {logging_mixin.py:188} INFO - [2026-03-15T18:22:00.748+0000] {dag.py:3047} INFO - Sync 1 DAGs
[2026-03-15T18:22:00.767+0000] {logging_mixin.py:188} INFO - [2026-03-15T18:22:00.767+0000] {dag.py:3834} INFO - Setting next_dagrun for example_dynamic_task_mapping_with_no_taskflow_operators to 2026-03-14 00:00:00+00:00, run_after=2026-03-15 00:00:00+00:00
[2026-03-15T18:22:00.785+0000] {processor.py:183} INFO - Processing /home/airflow/.local/lib/python3.11/site-packages/airflow/example_dags/example_dynamic_task_mapping_with_no_taskflow_operators.py took 0.068 seconds
[2026-03-15T18:22:30.917+0000] {processor.py:161} INFO - Started process (PID=613) to work on /home/airflow/.local/lib/python3.11/site-packages/airflow/example_dags/example_dynamic_task_mapping_with_no_taskflow_operators.py
[2026-03-15T18:22:30.918+0000] {processor.py:830} INFO - Processing file /home/airflow/.local/lib/python3.11/site-packages/airflow/example_dags/example_dynamic_task_mapping_with_no_taskflow_operators.py for tasks to queue
[2026-03-15T18:22:30.920+0000] {logging_mixin.py:188} INFO - [2026-03-15T18:22:30.920+0000] {dagbag.py:540} INFO - Filling up the DagBag from /home/airflow/.local/lib/python3.11/site-packages/airflow/example_dags/example_dynamic_task_mapping_with_no_taskflow_operators.py
[2026-03-15T18:22:30.926+0000] {processor.py:840} INFO - DAG(s) 'example_dynamic_task_mapping_with_no_taskflow_operators' retrieved from /home/airflow/.local/lib/python3.11/site-packages/airflow/example_dags/example_dynamic_task_mapping_with_no_taskflow_operators.py
[2026-03-15T18:22:30.943+0000] {logging_mixin.py:188} INFO - [2026-03-15T18:22:30.943+0000] {dag.py:3047} INFO - Sync 1 DAGs
[2026-03-15T18:22:30.960+0000] {logging_mixin.py:188} INFO - [2026-03-15T18:22:30.960+0000] {dag.py:3834} INFO - Setting next_dagrun for example_dynamic_task_mapping_with_no_taskflow_operators to 2026-03-14 00:00:00+00:00, run_after=2026-03-15 00:00:00+00:00
[2026-03-15T18:22:30.977+0000] {processor.py:183} INFO - Processing /home/airflow/.local/lib/python3.11/site-packages/airflow/example_dags/example_dynamic_task_mapping_with_no_taskflow_operators.py took 0.062 seconds
[2026-03-15T18:23:01.042+0000] {processor.py:161} INFO - Started process (PID=661) to work on /home/airflow/.local/lib/python3.11/site-packages/airflow/example_dags/example_dynamic_task_mapping_with_no_taskflow_operators.py
[2026-03-15T18:23:01.042+0000] {processor.py:830} INFO - Processing file /home/airflow/.local/lib/python3.11/site-packages/airflow/example_dags/example_dynamic_task_mapping_with_no_taskflow_operators.py for tasks to queue
[2026-03-15T18:23:01.044+0000] {logging_mixin.py:188} INFO - [2026-03-15T18:23:01.044+0000] {dagbag.py:540} INFO - Filling up the DagBag from /home/airflow/.local/lib/python3.11/site-packages/airflow/example_dags/example_dynamic_task_mapping_with_no_taskflow_operators.py
[2026-03-15T18:23:01.049+0000] {processor.py:840} INFO - DAG(s) 'example_dynamic_task_mapping_with_no_taskflow_operators' retrieved from /home/airflow/.local/lib/python3.11/site-packages/airflow/example_dags/example_dynamic_task_mapping_with_no_taskflow_operators.py
[2026-03-15T18:23:01.066+0000] {logging_mixin.py:188} INFO - [2026-03-15T18:23:01.065+0000] {dag.py:3047} INFO - Sync 1 DAGs
[2026-03-15T18:23:01.081+0000] {logging_mixin.py:188} INFO - [2026-03-15T18:23:01.081+0000] {dag.py:3834} INFO - Setting next_dagrun for example_dynamic_task_mapping_with_no_taskflow_operators to 2026-03-14 00:00:00+00:00, run_after=2026-03-15 00:00:00+00:00
[2026-03-15T18:23:01.096+0000] {processor.py:183} INFO - Processing /home/airflow/.local/lib/python3.11/site-packages/airflow/example_dags/example_dynamic_task_mapping_with_no_taskflow_operators.py took 0.057 seconds
[2026-03-15T18:23:25.797+0000] {processor.py:161} INFO - Started process (PID=723) to work on /home/airflow/.local/lib/python3.11/site-packages/airflow/example_dags/example_dynamic_task_mapping_with_no_taskflow_operators.py
[2026-03-15T18:23:25.799+0000] {processor.py:830} INFO - Processing file /home/airflow/.local/lib/python3.11/site-packages/airflow/example_dags/example_dynamic_task_mapping_with_no_taskflow_operators.py for tasks to queue
[2026-03-15T18:23:25.802+0000] {logging_mixin.py:188} INFO - [2026-03-15T18:23:25.801+0000] {dagbag.py:540} INFO - Filling up the DagBag from /home/airflow/.local/lib/python3.11/site-packages/airflow/example_dags/example_dynamic_task_mapping_with_no_taskflow_operators.py
[2026-03-15T18:23:25.807+0000] {processor.py:840} INFO - DAG(s) 'example_dynamic_task_mapping_with_no_taskflow_operators' retrieved from /home/airflow/.local/lib/python3.11/site-packages/airflow/example_dags/example_dynamic_task_mapping_with_no_taskflow_operators.py
[2026-03-15T18:23:25.823+0000] {logging_mixin.py:188} INFO - [2026-03-15T18:23:25.823+0000] {dag.py:3047} INFO - Sync 1 DAGs
[2026-03-15T18:23:25.840+0000] {logging_mixin.py:188} INFO - [2026-03-15T18:23:25.840+0000] {dag.py:3834} INFO - Setting next_dagrun for example_dynamic_task_mapping_with_no_taskflow_operators to 2026-03-14 00:00:00+00:00, run_after=2026-03-15 00:00:00+00:00
[2026-03-15T18:23:25.858+0000] {processor.py:183} INFO - Processing /home/airflow/.local/lib/python3.11/site-packages/airflow/example_dags/example_dynamic_task_mapping_with_no_taskflow_operators.py took 0.063 seconds
[2026-03-15T18:23:31.257+0000] {processor.py:161} INFO - Started process (PID=767) to work on /home/airflow/.local/lib/python3.11/site-packages/airflow/example_dags/example_dynamic_task_mapping_with_no_taskflow_operators.py
[2026-03-15T18:23:31.259+0000] {processor.py:830} INFO - Processing file /home/airflow/.local/lib/python3.11/site-packages/airflow/example_dags/example_dynamic_task_mapping_with_no_taskflow_operators.py for tasks to queue
[2026-03-15T18:23:31.261+0000] {logging_mixin.py:188} INFO - [2026-03-15T18:23:31.261+0000] {dagbag.py:540} INFO - Filling up the DagBag from /home/airflow/.local/lib/python3.11/site-packages/airflow/example_dags/example_dynamic_task_mapping_with_no_taskflow_operators.py
[2026-03-15T18:23:31.269+0000] {processor.py:840} INFO - DAG(s) 'example_dynamic_task_mapping_with_no_taskflow_operators' retrieved from /home/airflow/.local/lib/python3.11/site-packages/airflow/example_dags/example_dynamic_task_mapping_with_no_taskflow_operators.py
[2026-03-15T18:23:31.300+0000] {logging_mixin.py:188} INFO - [2026-03-15T18:23:31.300+0000] {dag.py:3047} INFO - Sync 1 DAGs
[2026-03-15T18:23:31.327+0000] {logging_mixin.py:188} INFO - [2026-03-15T18:23:31.326+0000] {dag.py:3834} INFO - Setting next_dagrun for example_dynamic_task_mapping_with_no_taskflow_operators to 2026-03-14 00:00:00+00:00, run_after=2026-03-15 00:00:00+00:00
[2026-03-15T18:23:31.354+0000] {processor.py:183} INFO - Processing /home/airflow/.local/lib/python3.11/site-packages/airflow/example_dags/example_dynamic_task_mapping_with_no_taskflow_operators.py took 0.103 seconds
[2026-03-15T18:24:01.722+0000] {processor.py:161} INFO - Started process (PID=817) to work on /home/airflow/.local/lib/python3.11/site-packages/airflow/example_dags/example_dynamic_task_mapping_with_no_taskflow_operators.py
[2026-03-15T18:24:01.724+0000] {processor.py:830} INFO - Processing file /home/airflow/.local/lib/python3.11/site-packages/airflow/example_dags/example_dynamic_task_mapping_with_no_taskflow_operators.py for tasks to queue
[2026-03-15T18:24:01.730+0000] {logging_mixin.py:188} INFO - [2026-03-15T18:24:01.729+0000] {dagbag.py:540} INFO - Filling up the DagBag from /home/airflow/.local/lib/python3.11/site-packages/airflow/example_dags/example_dynamic_task_mapping_with_no_taskflow_operators.py
[2026-03-15T18:24:01.740+0000] {processor.py:840} INFO - DAG(s) 'example_dynamic_task_mapping_with_no_taskflow_operators' retrieved from /home/airflow/.local/lib/python3.11/site-packages/airflow/example_dags/example_dynamic_task_mapping_with_no_taskflow_operators.py
[2026-03-15T18:24:01.761+0000] {logging_mixin.py:188} INFO - [2026-03-15T18:24:01.761+0000] {dag.py:3047} INFO - Sync 1 DAGs
[2026-03-15T18:24:01.783+0000] {logging_mixin.py:188} INFO - [2026-03-15T18:24:01.783+0000] {dag.py:3834} INFO - Setting next_dagrun for example_dynamic_task_mapping_with_no_taskflow_operators to 2026-03-14 00:00:00+00:00, run_after=2026-03-15 00:00:00+00:00
[2026-03-15T18:24:01.809+0000] {processor.py:183} INFO - Processing /home/airflow/.local/lib/python3.11/site-packages/airflow/example_dags/example_dynamic_task_mapping_with_no_taskflow_operators.py took 0.092 seconds
[2026-03-15T18:24:32.556+0000] {processor.py:161} INFO - Started process (PID=867) to work on /home/airflow/.local/lib/python3.11/site-packages/airflow/example_dags/example_dynamic_task_mapping_with_no_taskflow_operators.py
[2026-03-15T18:24:32.557+0000] {processor.py:830} INFO - Processing file /home/airflow/.local/lib/python3.11/site-packages/airflow/example_dags/example_dynamic_task_mapping_with_no_taskflow_operators.py for tasks to queue
[2026-03-15T18:24:32.558+0000] {logging_mixin.py:188} INFO - [2026-03-15T18:24:32.558+0000] {dagbag.py:540} INFO - Filling up the DagBag from /home/airflow/.local/lib/python3.11/site-packages/airflow/example_dags/example_dynamic_task_mapping_with_no_taskflow_operators.py
[2026-03-15T18:24:32.563+0000] {processor.py:840} INFO - DAG(s) 'example_dynamic_task_mapping_with_no_taskflow_operators' retrieved from /home/airflow/.local/lib/python3.11/site-packages/airflow/example_dags/example_dynamic_task_mapping_with_no_taskflow_operators.py
[2026-03-15T18:24:32.577+0000] {logging_mixin.py:188} INFO - [2026-03-15T18:24:32.577+0000] {dag.py:3047} INFO - Sync 1 DAGs
[2026-03-15T18:24:32.595+0000] {logging_mixin.py:188} INFO - [2026-03-15T18:24:32.595+0000] {dag.py:3834} INFO - Setting next_dagrun for example_dynamic_task_mapping_with_no_taskflow_operators to 2026-03-14 00:00:00+00:00, run_after=2026-03-15 00:00:00+00:00
[2026-03-15T18:24:32.611+0000] {processor.py:183} INFO - Processing /home/airflow/.local/lib/python3.11/site-packages/airflow/example_dags/example_dynamic_task_mapping_with_no_taskflow_operators.py took 0.058 seconds
[2026-03-15T18:24:35.947+0000] {processor.py:161} INFO - Started process (PID=917) to work on /home/airflow/.local/lib/python3.11/site-packages/airflow/example_dags/example_dynamic_task_mapping_with_no_taskflow_operators.py
[2026-03-15T18:24:35.948+0000] {processor.py:830} INFO - Processing file /home/airflow/.local/lib/python3.11/site-packages/airflow/example_dags/example_dynamic_task_mapping_with_no_taskflow_operators.py for tasks to queue
[2026-03-15T18:24:35.950+0000] {logging_mixin.py:188} INFO - [2026-03-15T18:24:35.950+0000] {dagbag.py:540} INFO - Filling up the DagBag from /home/airflow/.local/lib/python3.11/site-packages/airflow/example_dags/example_dynamic_task_mapping_with_no_taskflow_operators.py
[2026-03-15T18:24:35.957+0000] {processor.py:840} INFO - DAG(s) 'example_dynamic_task_mapping_with_no_taskflow_operators' retrieved from /home/airflow/.local/lib/python3.11/site-packages/airflow/example_dags/example_dynamic_task_mapping_with_no_taskflow_operators.py
[2026-03-15T18:24:35.972+0000] {logging_mixin.py:188} INFO - [2026-03-15T18:24:35.972+0000] {dag.py:3047} INFO - Sync 1 DAGs
[2026-03-15T18:24:35.988+0000] {logging_mixin.py:188} INFO - [2026-03-15T18:24:35.988+0000] {dag.py:3834} INFO - Setting next_dagrun for example_dynamic_task_mapping_with_no_taskflow_operators to 2026-03-14 00:00:00+00:00, run_after=2026-03-15 00:00:00+00:00
[2026-03-15T18:24:36.004+0000] {processor.py:183} INFO - Processing /home/airflow/.local/lib/python3.11/site-packages/airflow/example_dags/example_dynamic_task_mapping_with_no_taskflow_operators.py took 0.060 seconds
[2026-03-15T18:25:06.443+0000] {processor.py:161} INFO - Started process (PID=970) to work on /home/airflow/.local/lib/python3.11/site-packages/airflow/example_dags/example_dynamic_task_mapping_with_no_taskflow_operators.py
[2026-03-15T18:25:06.444+0000] {processor.py:830} INFO - Processing file /home/airflow/.local/lib/python3.11/site-packages/airflow/example_dags/example_dynamic_task_mapping_with_no_taskflow_operators.py for tasks to queue
[2026-03-15T18:25:06.446+0000] {logging_mixin.py:188} INFO - [2026-03-15T18:25:06.446+0000] {dagbag.py:540} INFO - Filling up the DagBag from /home/airflow/.local/lib/python3.11/site-packages/airflow/example_dags/example_dynamic_task_mapping_with_no_taskflow_operators.py
[2026-03-15T18:25:06.453+0000] {processor.py:840} INFO - DAG(s) 'example_dynamic_task_mapping_with_no_taskflow_operators' retrieved from /home/airflow/.local/lib/python3.11/site-packages/airflow/example_dags/example_dynamic_task_mapping_with_no_taskflow_operators.py
[2026-03-15T18:25:06.464+0000] {logging_mixin.py:188} INFO - [2026-03-15T18:25:06.464+0000] {dag.py:3047} INFO - Sync 1 DAGs
[2026-03-15T18:25:06.481+0000] {logging_mixin.py:188} INFO - [2026-03-15T18:25:06.481+0000] {dag.py:3834} INFO - Setting next_dagrun for example_dynamic_task_mapping_with_no_taskflow_operators to 2026-03-14 00:00:00+00:00, run_after=2026-03-15 00:00:00+00:00
[2026-03-15T18:25:06.495+0000] {processor.py:183} INFO - Processing /home/airflow/.local/lib/python3.11/site-packages/airflow/example_dags/example_dynamic_task_mapping_with_no_taskflow_operators.py took 0.055 seconds
[2026-03-15T18:25:17.517+0000] {processor.py:161} INFO - Started process (PID=1020) to work on /home/airflow/.local/lib/python3.11/site-packages/airflow/example_dags/example_dynamic_task_mapping_with_no_taskflow_operators.py
[2026-03-15T18:25:17.518+0000] {processor.py:830} INFO - Processing file /home/airflow/.local/lib/python3.11/site-packages/airflow/example_dags/example_dynamic_task_mapping_with_no_taskflow_operators.py for tasks to queue
[2026-03-15T18:25:17.519+0000] {logging_mixin.py:188} INFO - [2026-03-15T18:25:17.519+0000] {dagbag.py:540} INFO - Filling up the DagBag from /home/airflow/.local/lib/python3.11/site-packages/airflow/example_dags/example_dynamic_task_mapping_with_no_taskflow_operators.py
[2026-03-15T18:25:17.525+0000] {processor.py:840} INFO - DAG(s) 'example_dynamic_task_mapping_with_no_taskflow_operators' retrieved from /home/airflow/.local/lib/python3.11/site-packages/airflow/example_dags/example_dynamic_task_mapping_with_no_taskflow_operators.py
[2026-03-15T18:25:17.589+0000] {logging_mixin.py:188} INFO - [2026-03-15T18:25:17.589+0000] {dag.py:3047} INFO - Sync 1 DAGs
[2026-03-15T18:25:17.603+0000] {logging_mixin.py:188} INFO - [2026-03-15T18:25:17.603+0000] {dag.py:3834} INFO - Setting next_dagrun for example_dynamic_task_mapping_with_no_taskflow_operators to 2026-03-14 00:00:00+00:00, run_after=2026-03-15 00:00:00+00:00
[2026-03-15T18:25:17.618+0000] {processor.py:183} INFO - Processing /home/airflow/.local/lib/python3.11/site-packages/airflow/example_dags/example_dynamic_task_mapping_with_no_taskflow_operators.py took 0.103 seconds
[2026-03-15T18:25:20.957+0000] {processor.py:161} INFO - Started process (PID=1066) to work on /home/airflow/.local/lib/python3.11/site-packages/airflow/example_dags/example_dynamic_task_mapping_with_no_taskflow_operators.py
[2026-03-15T18:25:20.958+0000] {processor.py:830} INFO - Processing file /home/airflow/.local/lib/python3.11/site-packages/airflow/example_dags/example_dynamic_task_mapping_with_no_taskflow_operators.py for tasks to queue
[2026-03-15T18:25:20.960+0000] {logging_mixin.py:188} INFO - [2026-03-15T18:25:20.959+0000] {dagbag.py:540} INFO - Filling up the DagBag from /home/airflow/.local/lib/python3.11/site-packages/airflow/example_dags/example_dynamic_task_mapping_with_no_taskflow_operators.py
[2026-03-15T18:25:20.965+0000] {processor.py:840} INFO - DAG(s) 'example_dynamic_task_mapping_with_no_taskflow_operators' retrieved from /home/airflow/.local/lib/python3.11/site-packages/airflow/example_dags/example_dynamic_task_mapping_with_no_taskflow_operators.py
[2026-03-15T18:25:20.976+0000] {logging_mixin.py:188} INFO - [2026-03-15T18:25:20.975+0000] {dag.py:3047} INFO - Sync 1 DAGs
[2026-03-15T18:25:20.992+0000] {logging_mixin.py:188} INFO - [2026-03-15T18:25:20.992+0000] {dag.py:3834} INFO - Setting next_dagrun for example_dynamic_task_mapping_with_no_taskflow_operators to 2026-03-14 00:00:00+00:00, run_after=2026-03-15 00:00:00+00:00
[2026-03-15T18:25:21.009+0000] {processor.py:183} INFO - Processing /home/airflow/.local/lib/python3.11/site-packages/airflow/example_dags/example_dynamic_task_mapping_with_no_taskflow_operators.py took 0.055 seconds
[2026-03-15T18:25:25.798+0000] {processor.py:161} INFO - Started process (PID=1112) to work on /home/airflow/.local/lib/python3.11/site-packages/airflow/example_dags/example_dynamic_task_mapping_with_no_taskflow_operators.py
[2026-03-15T18:25:25.799+0000] {processor.py:830} INFO - Processing file /home/airflow/.local/lib/python3.11/site-packages/airflow/example_dags/example_dynamic_task_mapping_with_no_taskflow_operators.py for tasks to queue
[2026-03-15T18:25:25.803+0000] {logging_mixin.py:188} INFO - [2026-03-15T18:25:25.803+0000] {dagbag.py:540} INFO - Filling up the DagBag from /home/airflow/.local/lib/python3.11/site-packages/airflow/example_dags/example_dynamic_task_mapping_with_no_taskflow_operators.py
[2026-03-15T18:25:25.810+0000] {processor.py:840} INFO - DAG(s) 'example_dynamic_task_mapping_with_no_taskflow_operators' retrieved from /home/airflow/.local/lib/python3.11/site-packages/airflow/example_dags/example_dynamic_task_mapping_with_no_taskflow_operators.py
[2026-03-15T18:25:25.819+0000] {logging_mixin.py:188} INFO - [2026-03-15T18:25:25.819+0000] {dag.py:3047} INFO - Sync 1 DAGs
[2026-03-15T18:25:25.838+0000] {logging_mixin.py:188} INFO - [2026-03-15T18:25:25.838+0000] {dag.py:3834} INFO - Setting next_dagrun for example_dynamic_task_mapping_with_no_taskflow_operators to 2026-03-14 00:00:00+00:00, run_after=2026-03-15 00:00:00+00:00
[2026-03-15T18:25:25.852+0000] {processor.py:183} INFO - Processing /home/airflow/.local/lib/python3.11/site-packages/airflow/example_dags/example_dynamic_task_mapping_with_no_taskflow_operators.py took 0.057 seconds
[2026-03-15T18:25:56.135+0000] {processor.py:161} INFO - Started process (PID=1170) to work on /home/airflow/.local/lib/python3.11/site-packages/airflow/example_dags/example_dynamic_task_mapping_with_no_taskflow_operators.py
[2026-03-15T18:25:56.136+0000] {processor.py:830} INFO - Processing file /home/airflow/.local/lib/python3.11/site-packages/airflow/example_dags/example_dynamic_task_mapping_with_no_taskflow_operators.py for tasks to queue
[2026-03-15T18:25:56.139+0000] {logging_mixin.py:188} INFO - [2026-03-15T18:25:56.138+0000] {dagbag.py:540} INFO - Filling up the DagBag from /home/airflow/.local/lib/python3.11/site-packages/airflow/example_dags/example_dynamic_task_mapping_with_no_taskflow_operators.py
[2026-03-15T18:25:56.145+0000] {processor.py:840} INFO - DAG(s) 'example_dynamic_task_mapping_with_no_taskflow_operators' retrieved from /home/airflow/.local/lib/python3.11/site-packages/airflow/example_dags/example_dynamic_task_mapping_with_no_taskflow_operators.py
[2026-03-15T18:25:56.164+0000] {logging_mixin.py:188} INFO - [2026-03-15T18:25:56.164+0000] {dag.py:3047} INFO - Sync 1 DAGs
[2026-03-15T18:25:56.182+0000] {logging_mixin.py:188} INFO - [2026-03-15T18:25:56.181+0000] {dag.py:3834} INFO - Setting next_dagrun for example_dynamic_task_mapping_with_no_taskflow_operators to 2026-03-14 00:00:00+00:00, run_after=2026-03-15 00:00:00+00:00
[2026-03-15T18:25:56.197+0000] {processor.py:183} INFO - Processing /home/airflow/.local/lib/python3.11/site-packages/airflow/example_dags/example_dynamic_task_mapping_with_no_taskflow_operators.py took 0.066 seconds
[2026-03-15T18:26:18.649+0000] {processor.py:161} INFO - Started process (PID=1220) to work on /home/airflow/.local/lib/python3.11/site-packages/airflow/example_dags/example_dynamic_task_mapping_with_no_taskflow_operators.py
[2026-03-15T18:26:18.650+0000] {processor.py:830} INFO - Processing file /home/airflow/.local/lib/python3.11/site-packages/airflow/example_dags/example_dynamic_task_mapping_with_no_taskflow_operators.py for tasks to queue
[2026-03-15T18:26:18.651+0000] {logging_mixin.py:188} INFO - [2026-03-15T18:26:18.651+0000] {dagbag.py:540} INFO - Filling up the DagBag from /home/airflow/.local/lib/python3.11/site-packages/airflow/example_dags/example_dynamic_task_mapping_with_no_taskflow_operators.py
[2026-03-15T18:26:18.657+0000] {processor.py:840} INFO - DAG(s) 'example_dynamic_task_mapping_with_no_taskflow_operators' retrieved from /home/airflow/.local/lib/python3.11/site-packages/airflow/example_dags/example_dynamic_task_mapping_with_no_taskflow_operators.py
[2026-03-15T18:26:18.674+0000] {logging_mixin.py:188} INFO - [2026-03-15T18:26:18.673+0000] {dag.py:3047} INFO - Sync 1 DAGs
[2026-03-15T18:26:18.690+0000] {logging_mixin.py:188} INFO - [2026-03-15T18:26:18.690+0000] {dag.py:3834} INFO - Setting next_dagrun for example_dynamic_task_mapping_with_no_taskflow_operators to 2026-03-14 00:00:00+00:00, run_after=2026-03-15 00:00:00+00:00
[2026-03-15T18:26:18.704+0000] {processor.py:183} INFO - Processing /home/airflow/.local/lib/python3.11/site-packages/airflow/example_dags/example_dynamic_task_mapping_with_no_taskflow_operators.py took 0.058 seconds
[2026-03-15T18:26:21.168+0000] {processor.py:161} INFO - Started process (PID=1270) to work on /home/airflow/.local/lib/python3.11/site-packages/airflow/example_dags/example_dynamic_task_mapping_with_no_taskflow_operators.py
[2026-03-15T18:26:21.169+0000] {processor.py:830} INFO - Processing file /home/airflow/.local/lib/python3.11/site-packages/airflow/example_dags/example_dynamic_task_mapping_with_no_taskflow_operators.py for tasks to queue
[2026-03-15T18:26:21.171+0000] {logging_mixin.py:188} INFO - [2026-03-15T18:26:21.171+0000] {dagbag.py:540} INFO - Filling up the DagBag from /home/airflow/.local/lib/python3.11/site-packages/airflow/example_dags/example_dynamic_task_mapping_with_no_taskflow_operators.py
[2026-03-15T18:26:21.176+0000] {processor.py:840} INFO - DAG(s) 'example_dynamic_task_mapping_with_no_taskflow_operators' retrieved from /home/airflow/.local/lib/python3.11/site-packages/airflow/example_dags/example_dynamic_task_mapping_with_no_taskflow_operators.py
[2026-03-15T18:26:21.191+0000] {logging_mixin.py:188} INFO - [2026-03-15T18:26:21.191+0000] {dag.py:3047} INFO - Sync 1 DAGs
[2026-03-15T18:26:21.206+0000] {logging_mixin.py:188} INFO - [2026-03-15T18:26:21.206+0000] {dag.py:3834} INFO - Setting next_dagrun for example_dynamic_task_mapping_with_no_taskflow_operators to 2026-03-14 00:00:00+00:00, run_after=2026-03-15 00:00:00+00:00
[2026-03-15T18:26:21.221+0000] {processor.py:183} INFO - Processing /home/airflow/.local/lib/python3.11/site-packages/airflow/example_dags/example_dynamic_task_mapping_with_no_taskflow_operators.py took 0.055 seconds
[2026-03-15T18:26:36.337+0000] {processor.py:161} INFO - Started process (PID=1322) to work on /home/airflow/.local/lib/python3.11/site-packages/airflow/example_dags/example_dynamic_task_mapping_with_no_taskflow_operators.py
[2026-03-15T18:26:36.338+0000] {processor.py:830} INFO - Processing file /home/airflow/.local/lib/python3.11/site-packages/airflow/example_dags/example_dynamic_task_mapping_with_no_taskflow_operators.py for tasks to queue
[2026-03-15T18:26:36.340+0000] {logging_mixin.py:188} INFO - [2026-03-15T18:26:36.340+0000] {dagbag.py:540} INFO - Filling up the DagBag from /home/airflow/.local/lib/python3.11/site-packages/airflow/example_dags/example_dynamic_task_mapping_with_no_taskflow_operators.py
[2026-03-15T18:26:36.345+0000] {processor.py:840} INFO - DAG(s) 'example_dynamic_task_mapping_with_no_taskflow_operators' retrieved from /home/airflow/.local/lib/python3.11/site-packages/airflow/example_dags/example_dynamic_task_mapping_with_no_taskflow_operators.py
[2026-03-15T18:26:36.362+0000] {logging_mixin.py:188} INFO - [2026-03-15T18:26:36.362+0000] {dag.py:3047} INFO - Sync 1 DAGs
[2026-03-15T18:26:36.378+0000] {logging_mixin.py:188} INFO - [2026-03-15T18:26:36.377+0000] {dag.py:3834} INFO - Setting next_dagrun for example_dynamic_task_mapping_with_no_taskflow_operators to 2026-03-14 00:00:00+00:00, run_after=2026-03-15 00:00:00+00:00
[2026-03-15T18:26:36.392+0000] {processor.py:183} INFO - Processing /home/airflow/.local/lib/python3.11/site-packages/airflow/example_dags/example_dynamic_task_mapping_with_no_taskflow_operators.py took 0.059 seconds
[2026-03-15T18:27:30.673+0000] {processor.py:161} INFO - Started process (PID=1368) to work on /home/airflow/.local/lib/python3.11/site-packages/airflow/example_dags/example_dynamic_task_mapping_with_no_taskflow_operators.py
[2026-03-15T18:27:30.674+0000] {processor.py:830} INFO - Processing file /home/airflow/.local/lib/python3.11/site-packages/airflow/example_dags/example_dynamic_task_mapping_with_no_taskflow_operators.py for tasks to queue
[2026-03-15T18:27:30.675+0000] {logging_mixin.py:188} INFO - [2026-03-15T18:27:30.675+0000] {dagbag.py:540} INFO - Filling up the DagBag from /home/airflow/.local/lib/python3.11/site-packages/airflow/example_dags/example_dynamic_task_mapping_with_no_taskflow_operators.py
[2026-03-15T18:27:30.681+0000] {processor.py:840} INFO - DAG(s) 'example_dynamic_task_mapping_with_no_taskflow_operators' retrieved from /home/airflow/.local/lib/python3.11/site-packages/airflow/example_dags/example_dynamic_task_mapping_with_no_taskflow_operators.py
[2026-03-15T18:27:30.695+0000] {logging_mixin.py:188} INFO - [2026-03-15T18:27:30.695+0000] {dag.py:3047} INFO - Sync 1 DAGs
[2026-03-15T18:27:30.710+0000] {logging_mixin.py:188} INFO - [2026-03-15T18:27:30.709+0000] {dag.py:3834} INFO - Setting next_dagrun for example_dynamic_task_mapping_with_no_taskflow_operators to 2026-03-14 00:00:00+00:00, run_after=2026-03-15 00:00:00+00:00
[2026-03-15T18:27:30.723+0000] {processor.py:183} INFO - Processing /home/airflow/.local/lib/python3.11/site-packages/airflow/example_dags/example_dynamic_task_mapping_with_no_taskflow_operators.py took 0.053 seconds
[2026-03-15T18:27:41.573+0000] {processor.py:161} INFO - Started process (PID=1432) to work on /home/airflow/.local/lib/python3.11/site-packages/airflow/example_dags/example_dynamic_task_mapping_with_no_taskflow_operators.py
[2026-03-15T18:27:41.574+0000] {processor.py:830} INFO - Processing file /home/airflow/.local/lib/python3.11/site-packages/airflow/example_dags/example_dynamic_task_mapping_with_no_taskflow_operators.py for tasks to queue
[2026-03-15T18:27:41.576+0000] {logging_mixin.py:188} INFO - [2026-03-15T18:27:41.576+0000] {dagbag.py:540} INFO - Filling up the DagBag from /home/airflow/.local/lib/python3.11/site-packages/airflow/example_dags/example_dynamic_task_mapping_with_no_taskflow_operators.py
[2026-03-15T18:27:41.581+0000] {processor.py:840} INFO - DAG(s) 'example_dynamic_task_mapping_with_no_taskflow_operators' retrieved from /home/airflow/.local/lib/python3.11/site-packages/airflow/example_dags/example_dynamic_task_mapping_with_no_taskflow_operators.py
[2026-03-15T18:27:41.598+0000] {logging_mixin.py:188} INFO - [2026-03-15T18:27:41.598+0000] {dag.py:3047} INFO - Sync 1 DAGs
[2026-03-15T18:27:41.612+0000] {logging_mixin.py:188} INFO - [2026-03-15T18:27:41.612+0000] {dag.py:3834} INFO - Setting next_dagrun for example_dynamic_task_mapping_with_no_taskflow_operators to 2026-03-14 00:00:00+00:00, run_after=2026-03-15 00:00:00+00:00
[2026-03-15T18:27:41.628+0000] {processor.py:183} INFO - Processing /home/airflow/.local/lib/python3.11/site-packages/airflow/example_dags/example_dynamic_task_mapping_with_no_taskflow_operators.py took 0.057 seconds
[2026-03-15T18:28:13.642+0000] {processor.py:161} INFO - Started process (PID=1484) to work on /home/airflow/.local/lib/python3.11/site-packages/airflow/example_dags/example_dynamic_task_mapping_with_no_taskflow_operators.py
[2026-03-15T18:28:13.643+0000] {processor.py:830} INFO - Processing file /home/airflow/.local/lib/python3.11/site-packages/airflow/example_dags/example_dynamic_task_mapping_with_no_taskflow_operators.py for tasks to queue
[2026-03-15T18:28:13.646+0000] {logging_mixin.py:188} INFO - [2026-03-15T18:28:13.645+0000] {dagbag.py:540} INFO - Filling up the DagBag from /home/airflow/.local/lib/python3.11/site-packages/airflow/example_dags/example_dynamic_task_mapping_with_no_taskflow_operators.py
[2026-03-15T18:28:13.654+0000] {processor.py:840} INFO - DAG(s) 'example_dynamic_task_mapping_with_no_taskflow_operators' retrieved from /home/airflow/.local/lib/python3.11/site-packages/airflow/example_dags/example_dynamic_task_mapping_with_no_taskflow_operators.py
[2026-03-15T18:28:13.672+0000] {logging_mixin.py:188} INFO - [2026-03-15T18:28:13.671+0000] {dag.py:3047} INFO - Sync 1 DAGs
[2026-03-15T18:28:13.692+0000] {logging_mixin.py:188} INFO - [2026-03-15T18:28:13.691+0000] {dag.py:3834} INFO - Setting next_dagrun for example_dynamic_task_mapping_with_no_taskflow_operators to 2026-03-14 00:00:00+00:00, run_after=2026-03-15 00:00:00+00:00
[2026-03-15T18:28:13.709+0000] {processor.py:183} INFO - Processing /home/airflow/.local/lib/python3.11/site-packages/airflow/example_dags/example_dynamic_task_mapping_with_no_taskflow_operators.py took 0.070 seconds
[2026-03-15T18:28:44.145+0000] {processor.py:161} INFO - Started process (PID=1536) to work on /home/airflow/.local/lib/python3.11/site-packages/airflow/example_dags/example_dynamic_task_mapping_with_no_taskflow_operators.py
[2026-03-15T18:28:44.146+0000] {processor.py:830} INFO - Processing file /home/airflow/.local/lib/python3.11/site-packages/airflow/example_dags/example_dynamic_task_mapping_with_no_taskflow_operators.py for tasks to queue
[2026-03-15T18:28:44.149+0000] {logging_mixin.py:188} INFO - [2026-03-15T18:28:44.148+0000] {dagbag.py:540} INFO - Filling up the DagBag from /home/airflow/.local/lib/python3.11/site-packages/airflow/example_dags/example_dynamic_task_mapping_with_no_taskflow_operators.py
[2026-03-15T18:28:44.154+0000] {processor.py:840} INFO - DAG(s) 'example_dynamic_task_mapping_with_no_taskflow_operators' retrieved from /home/airflow/.local/lib/python3.11/site-packages/airflow/example_dags/example_dynamic_task_mapping_with_no_taskflow_operators.py
[2026-03-15T18:28:44.169+0000] {logging_mixin.py:188} INFO - [2026-03-15T18:28:44.169+0000] {dag.py:3047} INFO - Sync 1 DAGs
[2026-03-15T18:28:44.184+0000] {logging_mixin.py:188} INFO - [2026-03-15T18:28:44.184+0000] {dag.py:3834} INFO - Setting next_dagrun for example_dynamic_task_mapping_with_no_taskflow_operators to 2026-03-14 00:00:00+00:00, run_after=2026-03-15 00:00:00+00:00
[2026-03-15T18:28:44.199+0000] {processor.py:183} INFO - Processing /home/airflow/.local/lib/python3.11/site-packages/airflow/example_dags/example_dynamic_task_mapping_with_no_taskflow_operators.py took 0.056 seconds
[2026-03-15T18:28:46.289+0000] {processor.py:161} INFO - Started process (PID=1584) to work on /home/airflow/.local/lib/python3.11/site-packages/airflow/example_dags/example_dynamic_task_mapping_with_no_taskflow_operators.py
[2026-03-15T18:28:46.290+0000] {processor.py:830} INFO - Processing file /home/airflow/.local/lib/python3.11/site-packages/airflow/example_dags/example_dynamic_task_mapping_with_no_taskflow_operators.py for tasks to queue
[2026-03-15T18:28:46.292+0000] {logging_mixin.py:188} INFO - [2026-03-15T18:28:46.292+0000] {dagbag.py:540} INFO - Filling up the DagBag from /home/airflow/.local/lib/python3.11/site-packages/airflow/example_dags/example_dynamic_task_mapping_with_no_taskflow_operators.py
[2026-03-15T18:28:46.298+0000] {processor.py:840} INFO - DAG(s) 'example_dynamic_task_mapping_with_no_taskflow_operators' retrieved from /home/airflow/.local/lib/python3.11/site-packages/airflow/example_dags/example_dynamic_task_mapping_with_no_taskflow_operators.py
[2026-03-15T18:28:46.314+0000] {logging_mixin.py:188} INFO - [2026-03-15T18:28:46.313+0000] {dag.py:3047} INFO - Sync 1 DAGs
[2026-03-15T18:28:46.330+0000] {logging_mixin.py:188} INFO - [2026-03-15T18:28:46.330+0000] {dag.py:3834} INFO - Setting next_dagrun for example_dynamic_task_mapping_with_no_taskflow_operators to 2026-03-14 00:00:00+00:00, run_after=2026-03-15 00:00:00+00:00
[2026-03-15T18:28:46.345+0000] {processor.py:183} INFO - Processing /home/airflow/.local/lib/python3.11/site-packages/airflow/example_dags/example_dynamic_task_mapping_with_no_taskflow_operators.py took 0.060 seconds
[2026-03-15T18:29:18.362+0000] {processor.py:161} INFO - Started process (PID=1664) to work on /home/airflow/.local/lib/python3.11/site-packages/airflow/example_dags/example_dynamic_task_mapping_with_no_taskflow_operators.py
[2026-03-15T18:29:18.363+0000] {processor.py:830} INFO - Processing file /home/airflow/.local/lib/python3.11/site-packages/airflow/example_dags/example_dynamic_task_mapping_with_no_taskflow_operators.py for tasks to queue
[2026-03-15T18:29:18.364+0000] {logging_mixin.py:188} INFO - [2026-03-15T18:29:18.364+0000] {dagbag.py:540} INFO - Filling up the DagBag from /home/airflow/.local/lib/python3.11/site-packages/airflow/example_dags/example_dynamic_task_mapping_with_no_taskflow_operators.py
[2026-03-15T18:29:18.371+0000] {processor.py:840} INFO - DAG(s) 'example_dynamic_task_mapping_with_no_taskflow_operators' retrieved from /home/airflow/.local/lib/python3.11/site-packages/airflow/example_dags/example_dynamic_task_mapping_with_no_taskflow_operators.py
[2026-03-15T18:29:18.386+0000] {logging_mixin.py:188} INFO - [2026-03-15T18:29:18.386+0000] {dag.py:3047} INFO - Sync 1 DAGs
[2026-03-15T18:29:18.402+0000] {logging_mixin.py:188} INFO - [2026-03-15T18:29:18.401+0000] {dag.py:3834} INFO - Setting next_dagrun for example_dynamic_task_mapping_with_no_taskflow_operators to 2026-03-14 00:00:00+00:00, run_after=2026-03-15 00:00:00+00:00
[2026-03-15T18:29:18.415+0000] {processor.py:183} INFO - Processing /home/airflow/.local/lib/python3.11/site-packages/airflow/example_dags/example_dynamic_task_mapping_with_no_taskflow_operators.py took 0.055 seconds
[2026-03-15T18:29:21.065+0000] {processor.py:161} INFO - Started process (PID=1704) to work on /home/airflow/.local/lib/python3.11/site-packages/airflow/example_dags/example_dynamic_task_mapping_with_no_taskflow_operators.py
[2026-03-15T18:29:21.065+0000] {processor.py:830} INFO - Processing file /home/airflow/.local/lib/python3.11/site-packages/airflow/example_dags/example_dynamic_task_mapping_with_no_taskflow_operators.py for tasks to queue
[2026-03-15T18:29:21.067+0000] {logging_mixin.py:188} INFO - [2026-03-15T18:29:21.067+0000] {dagbag.py:540} INFO - Filling up the DagBag from /home/airflow/.local/lib/python3.11/site-packages/airflow/example_dags/example_dynamic_task_mapping_with_no_taskflow_operators.py
[2026-03-15T18:29:21.073+0000] {processor.py:840} INFO - DAG(s) 'example_dynamic_task_mapping_with_no_taskflow_operators' retrieved from /home/airflow/.local/lib/python3.11/site-packages/airflow/example_dags/example_dynamic_task_mapping_with_no_taskflow_operators.py
[2026-03-15T18:29:21.089+0000] {logging_mixin.py:188} INFO - [2026-03-15T18:29:21.088+0000] {dag.py:3047} INFO - Sync 1 DAGs
[2026-03-15T18:29:21.104+0000] {logging_mixin.py:188} INFO - [2026-03-15T18:29:21.104+0000] {dag.py:3834} INFO - Setting next_dagrun for example_dynamic_task_mapping_with_no_taskflow_operators to 2026-03-14 00:00:00+00:00, run_after=2026-03-15 00:00:00+00:00
[2026-03-15T18:29:21.117+0000] {processor.py:183} INFO - Processing /home/airflow/.local/lib/python3.11/site-packages/airflow/example_dags/example_dynamic_task_mapping_with_no_taskflow_operators.py took 0.055 seconds
[2026-03-15T18:29:51.457+0000] {processor.py:161} INFO - Started process (PID=1751) to work on /home/airflow/.local/lib/python3.11/site-packages/airflow/example_dags/example_dynamic_task_mapping_with_no_taskflow_operators.py
[2026-03-15T18:29:51.457+0000] {processor.py:830} INFO - Processing file /home/airflow/.local/lib/python3.11/site-packages/airflow/example_dags/example_dynamic_task_mapping_with_no_taskflow_operators.py for tasks to queue
[2026-03-15T18:29:51.459+0000] {logging_mixin.py:188} INFO - [2026-03-15T18:29:51.459+0000] {dagbag.py:540} INFO - Filling up the DagBag from /home/airflow/.local/lib/python3.11/site-packages/airflow/example_dags/example_dynamic_task_mapping_with_no_taskflow_operators.py
[2026-03-15T18:29:51.465+0000] {processor.py:840} INFO - DAG(s) 'example_dynamic_task_mapping_with_no_taskflow_operators' retrieved from /home/airflow/.local/lib/python3.11/site-packages/airflow/example_dags/example_dynamic_task_mapping_with_no_taskflow_operators.py
[2026-03-15T18:29:51.480+0000] {logging_mixin.py:188} INFO - [2026-03-15T18:29:51.479+0000] {dag.py:3047} INFO - Sync 1 DAGs
[2026-03-15T18:29:51.495+0000] {logging_mixin.py:188} INFO - [2026-03-15T18:29:51.495+0000] {dag.py:3834} INFO - Setting next_dagrun for example_dynamic_task_mapping_with_no_taskflow_operators to 2026-03-14 00:00:00+00:00, run_after=2026-03-15 00:00:00+00:00
[2026-03-15T18:29:51.511+0000] {processor.py:183} INFO - Processing /home/airflow/.local/lib/python3.11/site-packages/airflow/example_dags/example_dynamic_task_mapping_with_no_taskflow_operators.py took 0.057 seconds
[2026-03-15T18:29:56.819+0000] {processor.py:161} INFO - Started process (PID=1807) to work on /home/airflow/.local/lib/python3.11/site-packages/airflow/example_dags/example_dynamic_task_mapping_with_no_taskflow_operators.py
[2026-03-15T18:29:56.821+0000] {processor.py:830} INFO - Processing file /home/airflow/.local/lib/python3.11/site-packages/airflow/example_dags/example_dynamic_task_mapping_with_no_taskflow_operators.py for tasks to queue
[2026-03-15T18:29:56.823+0000] {logging_mixin.py:188} INFO - [2026-03-15T18:29:56.822+0000] {dagbag.py:540} INFO - Filling up the DagBag from /home/airflow/.local/lib/python3.11/site-packages/airflow/example_dags/example_dynamic_task_mapping_with_no_taskflow_operators.py
[2026-03-15T18:29:56.829+0000] {processor.py:840} INFO - DAG(s) 'example_dynamic_task_mapping_with_no_taskflow_operators' retrieved from /home/airflow/.local/lib/python3.11/site-packages/airflow/example_dags/example_dynamic_task_mapping_with_no_taskflow_operators.py
[2026-03-15T18:29:56.845+0000] {logging_mixin.py:188} INFO - [2026-03-15T18:29:56.845+0000] {dag.py:3047} INFO - Sync 1 DAGs
[2026-03-15T18:29:56.864+0000] {logging_mixin.py:188} INFO - [2026-03-15T18:29:56.864+0000] {dag.py:3834} INFO - Setting next_dagrun for example_dynamic_task_mapping_with_no_taskflow_operators to 2026-03-14 00:00:00+00:00, run_after=2026-03-15 00:00:00+00:00
[2026-03-15T18:29:56.880+0000] {processor.py:183} INFO - Processing /home/airflow/.local/lib/python3.11/site-packages/airflow/example_dags/example_dynamic_task_mapping_with_no_taskflow_operators.py took 0.065 seconds
[2026-03-15T18:31:06.541+0000] {processor.py:161} INFO - Started process (PID=87) to work on /home/airflow/.local/lib/python3.11/site-packages/airflow/example_dags/example_dynamic_task_mapping_with_no_taskflow_operators.py
[2026-03-15T18:31:06.544+0000] {processor.py:830} INFO - Processing file /home/airflow/.local/lib/python3.11/site-packages/airflow/example_dags/example_dynamic_task_mapping_with_no_taskflow_operators.py for tasks to queue
[2026-03-15T18:31:06.547+0000] {logging_mixin.py:188} INFO - [2026-03-15T18:31:06.546+0000] {dagbag.py:540} INFO - Filling up the DagBag from /home/airflow/.local/lib/python3.11/site-packages/airflow/example_dags/example_dynamic_task_mapping_with_no_taskflow_operators.py
[2026-03-15T18:31:06.557+0000] {processor.py:840} INFO - DAG(s) 'example_dynamic_task_mapping_with_no_taskflow_operators' retrieved from /home/airflow/.local/lib/python3.11/site-packages/airflow/example_dags/example_dynamic_task_mapping_with_no_taskflow_operators.py
[2026-03-15T18:31:06.573+0000] {logging_mixin.py:188} INFO - [2026-03-15T18:31:06.573+0000] {dag.py:3047} INFO - Sync 1 DAGs
[2026-03-15T18:31:06.597+0000] {logging_mixin.py:188} INFO - [2026-03-15T18:31:06.597+0000] {dag.py:3834} INFO - Setting next_dagrun for example_dynamic_task_mapping_with_no_taskflow_operators to 2026-03-14 00:00:00+00:00, run_after=2026-03-15 00:00:00+00:00
[2026-03-15T18:31:06.623+0000] {processor.py:183} INFO - Processing /home/airflow/.local/lib/python3.11/site-packages/airflow/example_dags/example_dynamic_task_mapping_with_no_taskflow_operators.py took 0.086 seconds
[2026-03-15T18:32:09.068+0000] {processor.py:161} INFO - Started process (PID=87) to work on /home/airflow/.local/lib/python3.11/site-packages/airflow/example_dags/example_dynamic_task_mapping_with_no_taskflow_operators.py
[2026-03-15T18:32:09.070+0000] {processor.py:830} INFO - Processing file /home/airflow/.local/lib/python3.11/site-packages/airflow/example_dags/example_dynamic_task_mapping_with_no_taskflow_operators.py for tasks to queue
[2026-03-15T18:32:09.072+0000] {logging_mixin.py:188} INFO - [2026-03-15T18:32:09.072+0000] {dagbag.py:540} INFO - Filling up the DagBag from /home/airflow/.local/lib/python3.11/site-packages/airflow/example_dags/example_dynamic_task_mapping_with_no_taskflow_operators.py
[2026-03-15T18:32:09.083+0000] {processor.py:840} INFO - DAG(s) 'example_dynamic_task_mapping_with_no_taskflow_operators' retrieved from /home/airflow/.local/lib/python3.11/site-packages/airflow/example_dags/example_dynamic_task_mapping_with_no_taskflow_operators.py
[2026-03-15T18:32:09.100+0000] {logging_mixin.py:188} INFO - [2026-03-15T18:32:09.099+0000] {dag.py:3047} INFO - Sync 1 DAGs
[2026-03-15T18:32:09.125+0000] {logging_mixin.py:188} INFO - [2026-03-15T18:32:09.125+0000] {dag.py:3834} INFO - Setting next_dagrun for example_dynamic_task_mapping_with_no_taskflow_operators to 2026-03-14 00:00:00+00:00, run_after=2026-03-15 00:00:00+00:00
[2026-03-15T18:32:09.147+0000] {processor.py:183} INFO - Processing /home/airflow/.local/lib/python3.11/site-packages/airflow/example_dags/example_dynamic_task_mapping_with_no_taskflow_operators.py took 0.083 seconds
[2026-03-15T18:32:17.355+0000] {processor.py:161} INFO - Started process (PID=143) to work on /home/airflow/.local/lib/python3.11/site-packages/airflow/example_dags/example_dynamic_task_mapping_with_no_taskflow_operators.py
[2026-03-15T18:32:17.357+0000] {processor.py:830} INFO - Processing file /home/airflow/.local/lib/python3.11/site-packages/airflow/example_dags/example_dynamic_task_mapping_with_no_taskflow_operators.py for tasks to queue
[2026-03-15T18:32:17.358+0000] {logging_mixin.py:188} INFO - [2026-03-15T18:32:17.358+0000] {dagbag.py:540} INFO - Filling up the DagBag from /home/airflow/.local/lib/python3.11/site-packages/airflow/example_dags/example_dynamic_task_mapping_with_no_taskflow_operators.py
[2026-03-15T18:32:17.364+0000] {processor.py:840} INFO - DAG(s) 'example_dynamic_task_mapping_with_no_taskflow_operators' retrieved from /home/airflow/.local/lib/python3.11/site-packages/airflow/example_dags/example_dynamic_task_mapping_with_no_taskflow_operators.py
[2026-03-15T18:32:17.375+0000] {logging_mixin.py:188} INFO - [2026-03-15T18:32:17.374+0000] {dag.py:3047} INFO - Sync 1 DAGs
[2026-03-15T18:32:17.392+0000] {logging_mixin.py:188} INFO - [2026-03-15T18:32:17.392+0000] {dag.py:3834} INFO - Setting next_dagrun for example_dynamic_task_mapping_with_no_taskflow_operators to 2026-03-14 00:00:00+00:00, run_after=2026-03-15 00:00:00+00:00
[2026-03-15T18:32:17.409+0000] {processor.py:183} INFO - Processing /home/airflow/.local/lib/python3.11/site-packages/airflow/example_dags/example_dynamic_task_mapping_with_no_taskflow_operators.py took 0.057 seconds
[2026-03-15T18:33:11.756+0000] {processor.py:161} INFO - Started process (PID=191) to work on /home/airflow/.local/lib/python3.11/site-packages/airflow/example_dags/example_dynamic_task_mapping_with_no_taskflow_operators.py
[2026-03-15T18:33:11.757+0000] {processor.py:830} INFO - Processing file /home/airflow/.local/lib/python3.11/site-packages/airflow/example_dags/example_dynamic_task_mapping_with_no_taskflow_operators.py for tasks to queue
[2026-03-15T18:33:11.759+0000] {logging_mixin.py:188} INFO - [2026-03-15T18:33:11.759+0000] {dagbag.py:540} INFO - Filling up the DagBag from /home/airflow/.local/lib/python3.11/site-packages/airflow/example_dags/example_dynamic_task_mapping_with_no_taskflow_operators.py
[2026-03-15T18:33:11.765+0000] {processor.py:840} INFO - DAG(s) 'example_dynamic_task_mapping_with_no_taskflow_operators' retrieved from /home/airflow/.local/lib/python3.11/site-packages/airflow/example_dags/example_dynamic_task_mapping_with_no_taskflow_operators.py
[2026-03-15T18:33:11.831+0000] {logging_mixin.py:188} INFO - [2026-03-15T18:33:11.831+0000] {dag.py:3047} INFO - Sync 1 DAGs
[2026-03-15T18:33:11.844+0000] {logging_mixin.py:188} INFO - [2026-03-15T18:33:11.844+0000] {dag.py:3834} INFO - Setting next_dagrun for example_dynamic_task_mapping_with_no_taskflow_operators to 2026-03-14 00:00:00+00:00, run_after=2026-03-15 00:00:00+00:00
[2026-03-15T18:33:11.858+0000] {processor.py:183} INFO - Processing /home/airflow/.local/lib/python3.11/site-packages/airflow/example_dags/example_dynamic_task_mapping_with_no_taskflow_operators.py took 0.105 seconds
[2026-03-15T18:33:18.682+0000] {processor.py:161} INFO - Started process (PID=253) to work on /home/airflow/.local/lib/python3.11/site-packages/airflow/example_dags/example_dynamic_task_mapping_with_no_taskflow_operators.py
[2026-03-15T18:33:18.683+0000] {processor.py:830} INFO - Processing file /home/airflow/.local/lib/python3.11/site-packages/airflow/example_dags/example_dynamic_task_mapping_with_no_taskflow_operators.py for tasks to queue
[2026-03-15T18:33:18.685+0000] {logging_mixin.py:188} INFO - [2026-03-15T18:33:18.685+0000] {dagbag.py:540} INFO - Filling up the DagBag from /home/airflow/.local/lib/python3.11/site-packages/airflow/example_dags/example_dynamic_task_mapping_with_no_taskflow_operators.py
[2026-03-15T18:33:18.693+0000] {processor.py:840} INFO - DAG(s) 'example_dynamic_task_mapping_with_no_taskflow_operators' retrieved from /home/airflow/.local/lib/python3.11/site-packages/airflow/example_dags/example_dynamic_task_mapping_with_no_taskflow_operators.py
[2026-03-15T18:33:18.708+0000] {logging_mixin.py:188} INFO - [2026-03-15T18:33:18.707+0000] {dag.py:3047} INFO - Sync 1 DAGs
[2026-03-15T18:33:18.729+0000] {logging_mixin.py:188} INFO - [2026-03-15T18:33:18.729+0000] {dag.py:3834} INFO - Setting next_dagrun for example_dynamic_task_mapping_with_no_taskflow_operators to 2026-03-14 00:00:00+00:00, run_after=2026-03-15 00:00:00+00:00
[2026-03-15T18:33:18.747+0000] {processor.py:183} INFO - Processing /home/airflow/.local/lib/python3.11/site-packages/airflow/example_dags/example_dynamic_task_mapping_with_no_taskflow_operators.py took 0.068 seconds
[2026-03-15T18:33:48.650+0000] {processor.py:161} INFO - Started process (PID=309) to work on /home/airflow/.local/lib/python3.11/site-packages/airflow/example_dags/example_dynamic_task_mapping_with_no_taskflow_operators.py
[2026-03-15T18:33:48.652+0000] {processor.py:830} INFO - Processing file /home/airflow/.local/lib/python3.11/site-packages/airflow/example_dags/example_dynamic_task_mapping_with_no_taskflow_operators.py for tasks to queue
[2026-03-15T18:33:48.654+0000] {logging_mixin.py:188} INFO - [2026-03-15T18:33:48.654+0000] {dagbag.py:540} INFO - Filling up the DagBag from /home/airflow/.local/lib/python3.11/site-packages/airflow/example_dags/example_dynamic_task_mapping_with_no_taskflow_operators.py
[2026-03-15T18:33:48.660+0000] {processor.py:840} INFO - DAG(s) 'example_dynamic_task_mapping_with_no_taskflow_operators' retrieved from /home/airflow/.local/lib/python3.11/site-packages/airflow/example_dags/example_dynamic_task_mapping_with_no_taskflow_operators.py
[2026-03-15T18:33:48.677+0000] {logging_mixin.py:188} INFO - [2026-03-15T18:33:48.677+0000] {dag.py:3047} INFO - Sync 1 DAGs
[2026-03-15T18:33:48.693+0000] {logging_mixin.py:188} INFO - [2026-03-15T18:33:48.693+0000] {dag.py:3834} INFO - Setting next_dagrun for example_dynamic_task_mapping_with_no_taskflow_operators to 2026-03-14 00:00:00+00:00, run_after=2026-03-15 00:00:00+00:00
[2026-03-15T18:33:48.706+0000] {processor.py:183} INFO - Processing /home/airflow/.local/lib/python3.11/site-packages/airflow/example_dags/example_dynamic_task_mapping_with_no_taskflow_operators.py took 0.059 seconds
[2026-03-15T18:34:44.939+0000] {processor.py:161} INFO - Started process (PID=75) to work on /home/airflow/.local/lib/python3.11/site-packages/airflow/example_dags/example_dynamic_task_mapping_with_no_taskflow_operators.py
[2026-03-15T18:34:44.941+0000] {processor.py:830} INFO - Processing file /home/airflow/.local/lib/python3.11/site-packages/airflow/example_dags/example_dynamic_task_mapping_with_no_taskflow_operators.py for tasks to queue
[2026-03-15T18:34:44.945+0000] {logging_mixin.py:188} INFO - [2026-03-15T18:34:44.944+0000] {dagbag.py:540} INFO - Filling up the DagBag from /home/airflow/.local/lib/python3.11/site-packages/airflow/example_dags/example_dynamic_task_mapping_with_no_taskflow_operators.py
[2026-03-15T18:34:44.955+0000] {processor.py:840} INFO - DAG(s) 'example_dynamic_task_mapping_with_no_taskflow_operators' retrieved from /home/airflow/.local/lib/python3.11/site-packages/airflow/example_dags/example_dynamic_task_mapping_with_no_taskflow_operators.py
[2026-03-15T18:34:44.969+0000] {logging_mixin.py:188} INFO - [2026-03-15T18:34:44.969+0000] {dag.py:3047} INFO - Sync 1 DAGs
[2026-03-15T18:34:44.998+0000] {logging_mixin.py:188} INFO - [2026-03-15T18:34:44.998+0000] {dag.py:3834} INFO - Setting next_dagrun for example_dynamic_task_mapping_with_no_taskflow_operators to 2026-03-14 00:00:00+00:00, run_after=2026-03-15 00:00:00+00:00
[2026-03-15T18:34:45.021+0000] {processor.py:183} INFO - Processing /home/airflow/.local/lib/python3.11/site-packages/airflow/example_dags/example_dynamic_task_mapping_with_no_taskflow_operators.py took 0.088 seconds
[2026-03-15T18:34:48.831+0000] {processor.py:161} INFO - Started process (PID=125) to work on /home/airflow/.local/lib/python3.11/site-packages/airflow/example_dags/example_dynamic_task_mapping_with_no_taskflow_operators.py
[2026-03-15T18:34:48.832+0000] {processor.py:830} INFO - Processing file /home/airflow/.local/lib/python3.11/site-packages/airflow/example_dags/example_dynamic_task_mapping_with_no_taskflow_operators.py for tasks to queue
[2026-03-15T18:34:48.834+0000] {logging_mixin.py:188} INFO - [2026-03-15T18:34:48.833+0000] {dagbag.py:540} INFO - Filling up the DagBag from /home/airflow/.local/lib/python3.11/site-packages/airflow/example_dags/example_dynamic_task_mapping_with_no_taskflow_operators.py
[2026-03-15T18:34:48.840+0000] {processor.py:840} INFO - DAG(s) 'example_dynamic_task_mapping_with_no_taskflow_operators' retrieved from /home/airflow/.local/lib/python3.11/site-packages/airflow/example_dags/example_dynamic_task_mapping_with_no_taskflow_operators.py
[2026-03-15T18:34:48.854+0000] {logging_mixin.py:188} INFO - [2026-03-15T18:34:48.854+0000] {dag.py:3047} INFO - Sync 1 DAGs
[2026-03-15T18:34:48.874+0000] {logging_mixin.py:188} INFO - [2026-03-15T18:34:48.874+0000] {dag.py:3834} INFO - Setting next_dagrun for example_dynamic_task_mapping_with_no_taskflow_operators to 2026-03-14 00:00:00+00:00, run_after=2026-03-15 00:00:00+00:00
[2026-03-15T18:34:48.888+0000] {processor.py:183} INFO - Processing /home/airflow/.local/lib/python3.11/site-packages/airflow/example_dags/example_dynamic_task_mapping_with_no_taskflow_operators.py took 0.060 seconds
[2026-03-15T18:35:20.319+0000] {processor.py:161} INFO - Started process (PID=181) to work on /home/airflow/.local/lib/python3.11/site-packages/airflow/example_dags/example_dynamic_task_mapping_with_no_taskflow_operators.py
[2026-03-15T18:35:20.320+0000] {processor.py:830} INFO - Processing file /home/airflow/.local/lib/python3.11/site-packages/airflow/example_dags/example_dynamic_task_mapping_with_no_taskflow_operators.py for tasks to queue
[2026-03-15T18:35:20.323+0000] {logging_mixin.py:188} INFO - [2026-03-15T18:35:20.322+0000] {dagbag.py:540} INFO - Filling up the DagBag from /home/airflow/.local/lib/python3.11/site-packages/airflow/example_dags/example_dynamic_task_mapping_with_no_taskflow_operators.py
[2026-03-15T18:35:20.330+0000] {processor.py:840} INFO - DAG(s) 'example_dynamic_task_mapping_with_no_taskflow_operators' retrieved from /home/airflow/.local/lib/python3.11/site-packages/airflow/example_dags/example_dynamic_task_mapping_with_no_taskflow_operators.py
[2026-03-15T18:35:20.398+0000] {logging_mixin.py:188} INFO - [2026-03-15T18:35:20.398+0000] {dag.py:3047} INFO - Sync 1 DAGs
[2026-03-15T18:35:20.411+0000] {logging_mixin.py:188} INFO - [2026-03-15T18:35:20.410+0000] {dag.py:3834} INFO - Setting next_dagrun for example_dynamic_task_mapping_with_no_taskflow_operators to 2026-03-14 00:00:00+00:00, run_after=2026-03-15 00:00:00+00:00
[2026-03-15T18:35:20.426+0000] {processor.py:183} INFO - Processing /home/airflow/.local/lib/python3.11/site-packages/airflow/example_dags/example_dynamic_task_mapping_with_no_taskflow_operators.py took 0.110 seconds
[2026-03-15T18:39:29.231+0000] {processor.py:161} INFO - Started process (PID=87) to work on /home/airflow/.local/lib/python3.11/site-packages/airflow/example_dags/example_dynamic_task_mapping_with_no_taskflow_operators.py
[2026-03-15T18:39:29.232+0000] {processor.py:830} INFO - Processing file /home/airflow/.local/lib/python3.11/site-packages/airflow/example_dags/example_dynamic_task_mapping_with_no_taskflow_operators.py for tasks to queue
[2026-03-15T18:39:29.235+0000] {logging_mixin.py:188} INFO - [2026-03-15T18:39:29.234+0000] {dagbag.py:540} INFO - Filling up the DagBag from /home/airflow/.local/lib/python3.11/site-packages/airflow/example_dags/example_dynamic_task_mapping_with_no_taskflow_operators.py
[2026-03-15T18:39:29.244+0000] {processor.py:840} INFO - DAG(s) 'example_dynamic_task_mapping_with_no_taskflow_operators' retrieved from /home/airflow/.local/lib/python3.11/site-packages/airflow/example_dags/example_dynamic_task_mapping_with_no_taskflow_operators.py
[2026-03-15T18:39:29.256+0000] {logging_mixin.py:188} INFO - [2026-03-15T18:39:29.256+0000] {dag.py:3047} INFO - Sync 1 DAGs
[2026-03-15T18:39:29.277+0000] {logging_mixin.py:188} INFO - [2026-03-15T18:39:29.277+0000] {dag.py:3834} INFO - Setting next_dagrun for example_dynamic_task_mapping_with_no_taskflow_operators to 2026-03-14 00:00:00+00:00, run_after=2026-03-15 00:00:00+00:00
[2026-03-15T18:39:29.293+0000] {processor.py:183} INFO - Processing /home/airflow/.local/lib/python3.11/site-packages/airflow/example_dags/example_dynamic_task_mapping_with_no_taskflow_operators.py took 0.066 seconds
[2026-03-15T18:40:00.242+0000] {processor.py:161} INFO - Started process (PID=149) to work on /home/airflow/.local/lib/python3.11/site-packages/airflow/example_dags/example_dynamic_task_mapping_with_no_taskflow_operators.py
[2026-03-15T18:40:00.243+0000] {processor.py:830} INFO - Processing file /home/airflow/.local/lib/python3.11/site-packages/airflow/example_dags/example_dynamic_task_mapping_with_no_taskflow_operators.py for tasks to queue
[2026-03-15T18:40:00.245+0000] {logging_mixin.py:188} INFO - [2026-03-15T18:40:00.245+0000] {dagbag.py:540} INFO - Filling up the DagBag from /home/airflow/.local/lib/python3.11/site-packages/airflow/example_dags/example_dynamic_task_mapping_with_no_taskflow_operators.py
[2026-03-15T18:40:00.250+0000] {processor.py:840} INFO - DAG(s) 'example_dynamic_task_mapping_with_no_taskflow_operators' retrieved from /home/airflow/.local/lib/python3.11/site-packages/airflow/example_dags/example_dynamic_task_mapping_with_no_taskflow_operators.py
[2026-03-15T18:40:00.320+0000] {logging_mixin.py:188} INFO - [2026-03-15T18:40:00.320+0000] {dag.py:3047} INFO - Sync 1 DAGs
[2026-03-15T18:40:00.334+0000] {logging_mixin.py:188} INFO - [2026-03-15T18:40:00.334+0000] {dag.py:3834} INFO - Setting next_dagrun for example_dynamic_task_mapping_with_no_taskflow_operators to 2026-03-14 00:00:00+00:00, run_after=2026-03-15 00:00:00+00:00
[2026-03-15T18:40:00.350+0000] {processor.py:183} INFO - Processing /home/airflow/.local/lib/python3.11/site-packages/airflow/example_dags/example_dynamic_task_mapping_with_no_taskflow_operators.py took 0.110 seconds
[2026-03-15T18:40:29.004+0000] {processor.py:161} INFO - Started process (PID=201) to work on /home/airflow/.local/lib/python3.11/site-packages/airflow/example_dags/example_dynamic_task_mapping_with_no_taskflow_operators.py
[2026-03-15T18:40:29.005+0000] {processor.py:830} INFO - Processing file /home/airflow/.local/lib/python3.11/site-packages/airflow/example_dags/example_dynamic_task_mapping_with_no_taskflow_operators.py for tasks to queue
[2026-03-15T18:40:29.007+0000] {logging_mixin.py:188} INFO - [2026-03-15T18:40:29.007+0000] {dagbag.py:540} INFO - Filling up the DagBag from /home/airflow/.local/lib/python3.11/site-packages/airflow/example_dags/example_dynamic_task_mapping_with_no_taskflow_operators.py
[2026-03-15T18:40:29.012+0000] {processor.py:840} INFO - DAG(s) 'example_dynamic_task_mapping_with_no_taskflow_operators' retrieved from /home/airflow/.local/lib/python3.11/site-packages/airflow/example_dags/example_dynamic_task_mapping_with_no_taskflow_operators.py
[2026-03-15T18:40:29.023+0000] {logging_mixin.py:188} INFO - [2026-03-15T18:40:29.023+0000] {dag.py:3047} INFO - Sync 1 DAGs
[2026-03-15T18:40:29.038+0000] {logging_mixin.py:188} INFO - [2026-03-15T18:40:29.038+0000] {dag.py:3834} INFO - Setting next_dagrun for example_dynamic_task_mapping_with_no_taskflow_operators to 2026-03-14 00:00:00+00:00, run_after=2026-03-15 00:00:00+00:00
[2026-03-15T18:40:29.052+0000] {processor.py:183} INFO - Processing /home/airflow/.local/lib/python3.11/site-packages/airflow/example_dags/example_dynamic_task_mapping_with_no_taskflow_operators.py took 0.051 seconds
[2026-03-15T18:40:34.169+0000] {processor.py:161} INFO - Started process (PID=251) to work on /home/airflow/.local/lib/python3.11/site-packages/airflow/example_dags/example_dynamic_task_mapping_with_no_taskflow_operators.py
[2026-03-15T18:40:34.170+0000] {processor.py:830} INFO - Processing file /home/airflow/.local/lib/python3.11/site-packages/airflow/example_dags/example_dynamic_task_mapping_with_no_taskflow_operators.py for tasks to queue
[2026-03-15T18:40:34.172+0000] {logging_mixin.py:188} INFO - [2026-03-15T18:40:34.171+0000] {dagbag.py:540} INFO - Filling up the DagBag from /home/airflow/.local/lib/python3.11/site-packages/airflow/example_dags/example_dynamic_task_mapping_with_no_taskflow_operators.py
[2026-03-15T18:40:34.177+0000] {processor.py:840} INFO - DAG(s) 'example_dynamic_task_mapping_with_no_taskflow_operators' retrieved from /home/airflow/.local/lib/python3.11/site-packages/airflow/example_dags/example_dynamic_task_mapping_with_no_taskflow_operators.py
[2026-03-15T18:40:34.191+0000] {logging_mixin.py:188} INFO - [2026-03-15T18:40:34.191+0000] {dag.py:3047} INFO - Sync 1 DAGs
[2026-03-15T18:40:34.206+0000] {logging_mixin.py:188} INFO - [2026-03-15T18:40:34.206+0000] {dag.py:3834} INFO - Setting next_dagrun for example_dynamic_task_mapping_with_no_taskflow_operators to 2026-03-14 00:00:00+00:00, run_after=2026-03-15 00:00:00+00:00
[2026-03-15T18:40:34.219+0000] {processor.py:183} INFO - Processing /home/airflow/.local/lib/python3.11/site-packages/airflow/example_dags/example_dynamic_task_mapping_with_no_taskflow_operators.py took 0.052 seconds
[2026-03-15T18:40:39.077+0000] {processor.py:161} INFO - Started process (PID=295) to work on /home/airflow/.local/lib/python3.11/site-packages/airflow/example_dags/example_dynamic_task_mapping_with_no_taskflow_operators.py
[2026-03-15T18:40:39.078+0000] {processor.py:830} INFO - Processing file /home/airflow/.local/lib/python3.11/site-packages/airflow/example_dags/example_dynamic_task_mapping_with_no_taskflow_operators.py for tasks to queue
[2026-03-15T18:40:39.080+0000] {logging_mixin.py:188} INFO - [2026-03-15T18:40:39.079+0000] {dagbag.py:540} INFO - Filling up the DagBag from /home/airflow/.local/lib/python3.11/site-packages/airflow/example_dags/example_dynamic_task_mapping_with_no_taskflow_operators.py
[2026-03-15T18:40:39.085+0000] {processor.py:840} INFO - DAG(s) 'example_dynamic_task_mapping_with_no_taskflow_operators' retrieved from /home/airflow/.local/lib/python3.11/site-packages/airflow/example_dags/example_dynamic_task_mapping_with_no_taskflow_operators.py
[2026-03-15T18:40:39.100+0000] {logging_mixin.py:188} INFO - [2026-03-15T18:40:39.100+0000] {dag.py:3047} INFO - Sync 1 DAGs
[2026-03-15T18:40:39.115+0000] {logging_mixin.py:188} INFO - [2026-03-15T18:40:39.115+0000] {dag.py:3834} INFO - Setting next_dagrun for example_dynamic_task_mapping_with_no_taskflow_operators to 2026-03-14 00:00:00+00:00, run_after=2026-03-15 00:00:00+00:00
[2026-03-15T18:40:39.129+0000] {processor.py:183} INFO - Processing /home/airflow/.local/lib/python3.11/site-packages/airflow/example_dags/example_dynamic_task_mapping_with_no_taskflow_operators.py took 0.054 seconds
[2026-03-15T18:40:43.941+0000] {processor.py:161} INFO - Started process (PID=337) to work on /home/airflow/.local/lib/python3.11/site-packages/airflow/example_dags/example_dynamic_task_mapping_with_no_taskflow_operators.py
[2026-03-15T18:40:43.942+0000] {processor.py:830} INFO - Processing file /home/airflow/.local/lib/python3.11/site-packages/airflow/example_dags/example_dynamic_task_mapping_with_no_taskflow_operators.py for tasks to queue
[2026-03-15T18:40:43.944+0000] {logging_mixin.py:188} INFO - [2026-03-15T18:40:43.944+0000] {dagbag.py:540} INFO - Filling up the DagBag from /home/airflow/.local/lib/python3.11/site-packages/airflow/example_dags/example_dynamic_task_mapping_with_no_taskflow_operators.py
[2026-03-15T18:40:43.949+0000] {processor.py:840} INFO - DAG(s) 'example_dynamic_task_mapping_with_no_taskflow_operators' retrieved from /home/airflow/.local/lib/python3.11/site-packages/airflow/example_dags/example_dynamic_task_mapping_with_no_taskflow_operators.py
[2026-03-15T18:40:43.964+0000] {logging_mixin.py:188} INFO - [2026-03-15T18:40:43.963+0000] {dag.py:3047} INFO - Sync 1 DAGs
[2026-03-15T18:40:43.978+0000] {logging_mixin.py:188} INFO - [2026-03-15T18:40:43.977+0000] {dag.py:3834} INFO - Setting next_dagrun for example_dynamic_task_mapping_with_no_taskflow_operators to 2026-03-14 00:00:00+00:00, run_after=2026-03-15 00:00:00+00:00
[2026-03-15T18:40:43.991+0000] {processor.py:183} INFO - Processing /home/airflow/.local/lib/python3.11/site-packages/airflow/example_dags/example_dynamic_task_mapping_with_no_taskflow_operators.py took 0.053 seconds
[2026-03-15T18:40:53.701+0000] {processor.py:161} INFO - Started process (PID=376) to work on /home/airflow/.local/lib/python3.11/site-packages/airflow/example_dags/example_dynamic_task_mapping_with_no_taskflow_operators.py
[2026-03-15T18:40:53.702+0000] {processor.py:830} INFO - Processing file /home/airflow/.local/lib/python3.11/site-packages/airflow/example_dags/example_dynamic_task_mapping_with_no_taskflow_operators.py for tasks to queue
[2026-03-15T18:40:53.704+0000] {logging_mixin.py:188} INFO - [2026-03-15T18:40:53.703+0000] {dagbag.py:540} INFO - Filling up the DagBag from /home/airflow/.local/lib/python3.11/site-packages/airflow/example_dags/example_dynamic_task_mapping_with_no_taskflow_operators.py
[2026-03-15T18:40:53.709+0000] {processor.py:840} INFO - DAG(s) 'example_dynamic_task_mapping_with_no_taskflow_operators' retrieved from /home/airflow/.local/lib/python3.11/site-packages/airflow/example_dags/example_dynamic_task_mapping_with_no_taskflow_operators.py
[2026-03-15T18:40:53.725+0000] {logging_mixin.py:188} INFO - [2026-03-15T18:40:53.724+0000] {dag.py:3047} INFO - Sync 1 DAGs
[2026-03-15T18:40:53.739+0000] {logging_mixin.py:188} INFO - [2026-03-15T18:40:53.739+0000] {dag.py:3834} INFO - Setting next_dagrun for example_dynamic_task_mapping_with_no_taskflow_operators to 2026-03-14 00:00:00+00:00, run_after=2026-03-15 00:00:00+00:00
[2026-03-15T18:40:53.751+0000] {processor.py:183} INFO - Processing /home/airflow/.local/lib/python3.11/site-packages/airflow/example_dags/example_dynamic_task_mapping_with_no_taskflow_operators.py took 0.053 seconds
[2026-03-15T18:41:24.715+0000] {processor.py:161} INFO - Started process (PID=416) to work on /home/airflow/.local/lib/python3.11/site-packages/airflow/example_dags/example_dynamic_task_mapping_with_no_taskflow_operators.py
[2026-03-15T18:41:24.716+0000] {processor.py:830} INFO - Processing file /home/airflow/.local/lib/python3.11/site-packages/airflow/example_dags/example_dynamic_task_mapping_with_no_taskflow_operators.py for tasks to queue
[2026-03-15T18:41:24.718+0000] {logging_mixin.py:188} INFO - [2026-03-15T18:41:24.718+0000] {dagbag.py:540} INFO - Filling up the DagBag from /home/airflow/.local/lib/python3.11/site-packages/airflow/example_dags/example_dynamic_task_mapping_with_no_taskflow_operators.py
[2026-03-15T18:41:24.726+0000] {processor.py:840} INFO - DAG(s) 'example_dynamic_task_mapping_with_no_taskflow_operators' retrieved from /home/airflow/.local/lib/python3.11/site-packages/airflow/example_dags/example_dynamic_task_mapping_with_no_taskflow_operators.py
[2026-03-15T18:41:24.745+0000] {logging_mixin.py:188} INFO - [2026-03-15T18:41:24.745+0000] {dag.py:3047} INFO - Sync 1 DAGs
[2026-03-15T18:41:24.766+0000] {logging_mixin.py:188} INFO - [2026-03-15T18:41:24.766+0000] {dag.py:3834} INFO - Setting next_dagrun for example_dynamic_task_mapping_with_no_taskflow_operators to 2026-03-14 00:00:00+00:00, run_after=2026-03-15 00:00:00+00:00
[2026-03-15T18:41:24.791+0000] {processor.py:183} INFO - Processing /home/airflow/.local/lib/python3.11/site-packages/airflow/example_dags/example_dynamic_task_mapping_with_no_taskflow_operators.py took 0.079 seconds
[2026-03-15T18:41:55.323+0000] {processor.py:161} INFO - Started process (PID=462) to work on /home/airflow/.local/lib/python3.11/site-packages/airflow/example_dags/example_dynamic_task_mapping_with_no_taskflow_operators.py
[2026-03-15T18:41:55.324+0000] {processor.py:830} INFO - Processing file /home/airflow/.local/lib/python3.11/site-packages/airflow/example_dags/example_dynamic_task_mapping_with_no_taskflow_operators.py for tasks to queue
[2026-03-15T18:41:55.328+0000] {logging_mixin.py:188} INFO - [2026-03-15T18:41:55.327+0000] {dagbag.py:540} INFO - Filling up the DagBag from /home/airflow/.local/lib/python3.11/site-packages/airflow/example_dags/example_dynamic_task_mapping_with_no_taskflow_operators.py
[2026-03-15T18:41:55.334+0000] {processor.py:840} INFO - DAG(s) 'example_dynamic_task_mapping_with_no_taskflow_operators' retrieved from /home/airflow/.local/lib/python3.11/site-packages/airflow/example_dags/example_dynamic_task_mapping_with_no_taskflow_operators.py
[2026-03-15T18:41:55.350+0000] {logging_mixin.py:188} INFO - [2026-03-15T18:41:55.349+0000] {dag.py:3047} INFO - Sync 1 DAGs
[2026-03-15T18:41:55.369+0000] {logging_mixin.py:188} INFO - [2026-03-15T18:41:55.369+0000] {dag.py:3834} INFO - Setting next_dagrun for example_dynamic_task_mapping_with_no_taskflow_operators to 2026-03-14 00:00:00+00:00, run_after=2026-03-15 00:00:00+00:00
[2026-03-15T18:41:55.389+0000] {processor.py:183} INFO - Processing /home/airflow/.local/lib/python3.11/site-packages/airflow/example_dags/example_dynamic_task_mapping_with_no_taskflow_operators.py took 0.070 seconds
[2026-03-15T18:42:26.101+0000] {processor.py:161} INFO - Started process (PID=518) to work on /home/airflow/.local/lib/python3.11/site-packages/airflow/example_dags/example_dynamic_task_mapping_with_no_taskflow_operators.py
[2026-03-15T18:42:26.102+0000] {processor.py:830} INFO - Processing file /home/airflow/.local/lib/python3.11/site-packages/airflow/example_dags/example_dynamic_task_mapping_with_no_taskflow_operators.py for tasks to queue
[2026-03-15T18:42:26.104+0000] {logging_mixin.py:188} INFO - [2026-03-15T18:42:26.104+0000] {dagbag.py:540} INFO - Filling up the DagBag from /home/airflow/.local/lib/python3.11/site-packages/airflow/example_dags/example_dynamic_task_mapping_with_no_taskflow_operators.py
[2026-03-15T18:42:26.112+0000] {processor.py:840} INFO - DAG(s) 'example_dynamic_task_mapping_with_no_taskflow_operators' retrieved from /home/airflow/.local/lib/python3.11/site-packages/airflow/example_dags/example_dynamic_task_mapping_with_no_taskflow_operators.py
[2026-03-15T18:42:26.130+0000] {logging_mixin.py:188} INFO - [2026-03-15T18:42:26.130+0000] {dag.py:3047} INFO - Sync 1 DAGs
[2026-03-15T18:42:26.145+0000] {logging_mixin.py:188} INFO - [2026-03-15T18:42:26.145+0000] {dag.py:3834} INFO - Setting next_dagrun for example_dynamic_task_mapping_with_no_taskflow_operators to 2026-03-14 00:00:00+00:00, run_after=2026-03-15 00:00:00+00:00
[2026-03-15T18:42:26.157+0000] {processor.py:183} INFO - Processing /home/airflow/.local/lib/python3.11/site-packages/airflow/example_dags/example_dynamic_task_mapping_with_no_taskflow_operators.py took 0.059 seconds
[2026-03-15T18:42:29.564+0000] {processor.py:161} INFO - Started process (PID=565) to work on /home/airflow/.local/lib/python3.11/site-packages/airflow/example_dags/example_dynamic_task_mapping_with_no_taskflow_operators.py
[2026-03-15T18:42:29.564+0000] {processor.py:830} INFO - Processing file /home/airflow/.local/lib/python3.11/site-packages/airflow/example_dags/example_dynamic_task_mapping_with_no_taskflow_operators.py for tasks to queue
[2026-03-15T18:42:29.567+0000] {logging_mixin.py:188} INFO - [2026-03-15T18:42:29.566+0000] {dagbag.py:540} INFO - Filling up the DagBag from /home/airflow/.local/lib/python3.11/site-packages/airflow/example_dags/example_dynamic_task_mapping_with_no_taskflow_operators.py
[2026-03-15T18:42:29.572+0000] {processor.py:840} INFO - DAG(s) 'example_dynamic_task_mapping_with_no_taskflow_operators' retrieved from /home/airflow/.local/lib/python3.11/site-packages/airflow/example_dags/example_dynamic_task_mapping_with_no_taskflow_operators.py
[2026-03-15T18:42:29.587+0000] {logging_mixin.py:188} INFO - [2026-03-15T18:42:29.587+0000] {dag.py:3047} INFO - Sync 1 DAGs
[2026-03-15T18:42:29.601+0000] {logging_mixin.py:188} INFO - [2026-03-15T18:42:29.600+0000] {dag.py:3834} INFO - Setting next_dagrun for example_dynamic_task_mapping_with_no_taskflow_operators to 2026-03-14 00:00:00+00:00, run_after=2026-03-15 00:00:00+00:00
[2026-03-15T18:42:29.612+0000] {processor.py:183} INFO - Processing /home/airflow/.local/lib/python3.11/site-packages/airflow/example_dags/example_dynamic_task_mapping_with_no_taskflow_operators.py took 0.051 seconds
[2026-03-15T18:42:59.847+0000] {processor.py:161} INFO - Started process (PID=615) to work on /home/airflow/.local/lib/python3.11/site-packages/airflow/example_dags/example_dynamic_task_mapping_with_no_taskflow_operators.py
[2026-03-15T18:42:59.848+0000] {processor.py:830} INFO - Processing file /home/airflow/.local/lib/python3.11/site-packages/airflow/example_dags/example_dynamic_task_mapping_with_no_taskflow_operators.py for tasks to queue
[2026-03-15T18:42:59.849+0000] {logging_mixin.py:188} INFO - [2026-03-15T18:42:59.849+0000] {dagbag.py:540} INFO - Filling up the DagBag from /home/airflow/.local/lib/python3.11/site-packages/airflow/example_dags/example_dynamic_task_mapping_with_no_taskflow_operators.py
[2026-03-15T18:42:59.855+0000] {processor.py:840} INFO - DAG(s) 'example_dynamic_task_mapping_with_no_taskflow_operators' retrieved from /home/airflow/.local/lib/python3.11/site-packages/airflow/example_dags/example_dynamic_task_mapping_with_no_taskflow_operators.py
[2026-03-15T18:42:59.869+0000] {logging_mixin.py:188} INFO - [2026-03-15T18:42:59.869+0000] {dag.py:3047} INFO - Sync 1 DAGs
[2026-03-15T18:42:59.884+0000] {logging_mixin.py:188} INFO - [2026-03-15T18:42:59.883+0000] {dag.py:3834} INFO - Setting next_dagrun for example_dynamic_task_mapping_with_no_taskflow_operators to 2026-03-14 00:00:00+00:00, run_after=2026-03-15 00:00:00+00:00
[2026-03-15T18:42:59.894+0000] {processor.py:183} INFO - Processing /home/airflow/.local/lib/python3.11/site-packages/airflow/example_dags/example_dynamic_task_mapping_with_no_taskflow_operators.py took 0.050 seconds
[2026-03-15T18:43:30.340+0000] {processor.py:161} INFO - Started process (PID=665) to work on /home/airflow/.local/lib/python3.11/site-packages/airflow/example_dags/example_dynamic_task_mapping_with_no_taskflow_operators.py
[2026-03-15T18:43:30.341+0000] {processor.py:830} INFO - Processing file /home/airflow/.local/lib/python3.11/site-packages/airflow/example_dags/example_dynamic_task_mapping_with_no_taskflow_operators.py for tasks to queue
[2026-03-15T18:43:30.343+0000] {logging_mixin.py:188} INFO - [2026-03-15T18:43:30.343+0000] {dagbag.py:540} INFO - Filling up the DagBag from /home/airflow/.local/lib/python3.11/site-packages/airflow/example_dags/example_dynamic_task_mapping_with_no_taskflow_operators.py
[2026-03-15T18:43:30.352+0000] {processor.py:840} INFO - DAG(s) 'example_dynamic_task_mapping_with_no_taskflow_operators' retrieved from /home/airflow/.local/lib/python3.11/site-packages/airflow/example_dags/example_dynamic_task_mapping_with_no_taskflow_operators.py
[2026-03-15T18:43:30.370+0000] {logging_mixin.py:188} INFO - [2026-03-15T18:43:30.369+0000] {dag.py:3047} INFO - Sync 1 DAGs
[2026-03-15T18:43:30.386+0000] {logging_mixin.py:188} INFO - [2026-03-15T18:43:30.385+0000] {dag.py:3834} INFO - Setting next_dagrun for example_dynamic_task_mapping_with_no_taskflow_operators to 2026-03-14 00:00:00+00:00, run_after=2026-03-15 00:00:00+00:00
[2026-03-15T18:43:30.399+0000] {processor.py:183} INFO - Processing /home/airflow/.local/lib/python3.11/site-packages/airflow/example_dags/example_dynamic_task_mapping_with_no_taskflow_operators.py took 0.061 seconds
[2026-03-15T18:43:34.579+0000] {processor.py:161} INFO - Started process (PID=719) to work on /home/airflow/.local/lib/python3.11/site-packages/airflow/example_dags/example_dynamic_task_mapping_with_no_taskflow_operators.py
[2026-03-15T18:43:34.580+0000] {processor.py:830} INFO - Processing file /home/airflow/.local/lib/python3.11/site-packages/airflow/example_dags/example_dynamic_task_mapping_with_no_taskflow_operators.py for tasks to queue
[2026-03-15T18:43:34.582+0000] {logging_mixin.py:188} INFO - [2026-03-15T18:43:34.582+0000] {dagbag.py:540} INFO - Filling up the DagBag from /home/airflow/.local/lib/python3.11/site-packages/airflow/example_dags/example_dynamic_task_mapping_with_no_taskflow_operators.py
[2026-03-15T18:43:34.588+0000] {processor.py:840} INFO - DAG(s) 'example_dynamic_task_mapping_with_no_taskflow_operators' retrieved from /home/airflow/.local/lib/python3.11/site-packages/airflow/example_dags/example_dynamic_task_mapping_with_no_taskflow_operators.py
[2026-03-15T18:43:34.603+0000] {logging_mixin.py:188} INFO - [2026-03-15T18:43:34.603+0000] {dag.py:3047} INFO - Sync 1 DAGs
[2026-03-15T18:43:34.619+0000] {logging_mixin.py:188} INFO - [2026-03-15T18:43:34.619+0000] {dag.py:3834} INFO - Setting next_dagrun for example_dynamic_task_mapping_with_no_taskflow_operators to 2026-03-14 00:00:00+00:00, run_after=2026-03-15 00:00:00+00:00
[2026-03-15T18:43:34.632+0000] {processor.py:183} INFO - Processing /home/airflow/.local/lib/python3.11/site-packages/airflow/example_dags/example_dynamic_task_mapping_with_no_taskflow_operators.py took 0.056 seconds
[2026-03-15T18:44:04.889+0000] {processor.py:161} INFO - Started process (PID=772) to work on /home/airflow/.local/lib/python3.11/site-packages/airflow/example_dags/example_dynamic_task_mapping_with_no_taskflow_operators.py
[2026-03-15T18:44:04.890+0000] {processor.py:830} INFO - Processing file /home/airflow/.local/lib/python3.11/site-packages/airflow/example_dags/example_dynamic_task_mapping_with_no_taskflow_operators.py for tasks to queue
[2026-03-15T18:44:04.892+0000] {logging_mixin.py:188} INFO - [2026-03-15T18:44:04.892+0000] {dagbag.py:540} INFO - Filling up the DagBag from /home/airflow/.local/lib/python3.11/site-packages/airflow/example_dags/example_dynamic_task_mapping_with_no_taskflow_operators.py
[2026-03-15T18:44:04.898+0000] {processor.py:840} INFO - DAG(s) 'example_dynamic_task_mapping_with_no_taskflow_operators' retrieved from /home/airflow/.local/lib/python3.11/site-packages/airflow/example_dags/example_dynamic_task_mapping_with_no_taskflow_operators.py
[2026-03-15T18:44:04.912+0000] {logging_mixin.py:188} INFO - [2026-03-15T18:44:04.912+0000] {dag.py:3047} INFO - Sync 1 DAGs
[2026-03-15T18:44:04.926+0000] {logging_mixin.py:188} INFO - [2026-03-15T18:44:04.926+0000] {dag.py:3834} INFO - Setting next_dagrun for example_dynamic_task_mapping_with_no_taskflow_operators to 2026-03-14 00:00:00+00:00, run_after=2026-03-15 00:00:00+00:00
[2026-03-15T18:44:04.939+0000] {processor.py:183} INFO - Processing /home/airflow/.local/lib/python3.11/site-packages/airflow/example_dags/example_dynamic_task_mapping_with_no_taskflow_operators.py took 0.052 seconds
[2026-03-15T18:44:36.412+0000] {processor.py:161} INFO - Started process (PID=825) to work on /home/airflow/.local/lib/python3.11/site-packages/airflow/example_dags/example_dynamic_task_mapping_with_no_taskflow_operators.py
[2026-03-15T18:44:36.414+0000] {processor.py:830} INFO - Processing file /home/airflow/.local/lib/python3.11/site-packages/airflow/example_dags/example_dynamic_task_mapping_with_no_taskflow_operators.py for tasks to queue
[2026-03-15T18:44:36.416+0000] {logging_mixin.py:188} INFO - [2026-03-15T18:44:36.416+0000] {dagbag.py:540} INFO - Filling up the DagBag from /home/airflow/.local/lib/python3.11/site-packages/airflow/example_dags/example_dynamic_task_mapping_with_no_taskflow_operators.py
[2026-03-15T18:44:36.425+0000] {processor.py:840} INFO - DAG(s) 'example_dynamic_task_mapping_with_no_taskflow_operators' retrieved from /home/airflow/.local/lib/python3.11/site-packages/airflow/example_dags/example_dynamic_task_mapping_with_no_taskflow_operators.py
[2026-03-15T18:44:36.453+0000] {logging_mixin.py:188} INFO - [2026-03-15T18:44:36.453+0000] {dag.py:3047} INFO - Sync 1 DAGs
[2026-03-15T18:44:36.482+0000] {logging_mixin.py:188} INFO - [2026-03-15T18:44:36.481+0000] {dag.py:3834} INFO - Setting next_dagrun for example_dynamic_task_mapping_with_no_taskflow_operators to 2026-03-14 00:00:00+00:00, run_after=2026-03-15 00:00:00+00:00
[2026-03-15T18:44:36.505+0000] {processor.py:183} INFO - Processing /home/airflow/.local/lib/python3.11/site-packages/airflow/example_dags/example_dynamic_task_mapping_with_no_taskflow_operators.py took 0.096 seconds
[2026-03-15T18:44:48.940+0000] {processor.py:161} INFO - Started process (PID=875) to work on /home/airflow/.local/lib/python3.11/site-packages/airflow/example_dags/example_dynamic_task_mapping_with_no_taskflow_operators.py
[2026-03-15T18:44:48.941+0000] {processor.py:830} INFO - Processing file /home/airflow/.local/lib/python3.11/site-packages/airflow/example_dags/example_dynamic_task_mapping_with_no_taskflow_operators.py for tasks to queue
[2026-03-15T18:44:48.943+0000] {logging_mixin.py:188} INFO - [2026-03-15T18:44:48.943+0000] {dagbag.py:540} INFO - Filling up the DagBag from /home/airflow/.local/lib/python3.11/site-packages/airflow/example_dags/example_dynamic_task_mapping_with_no_taskflow_operators.py
[2026-03-15T18:44:48.949+0000] {processor.py:840} INFO - DAG(s) 'example_dynamic_task_mapping_with_no_taskflow_operators' retrieved from /home/airflow/.local/lib/python3.11/site-packages/airflow/example_dags/example_dynamic_task_mapping_with_no_taskflow_operators.py
[2026-03-15T18:44:48.964+0000] {logging_mixin.py:188} INFO - [2026-03-15T18:44:48.964+0000] {dag.py:3047} INFO - Sync 1 DAGs
[2026-03-15T18:44:48.980+0000] {logging_mixin.py:188} INFO - [2026-03-15T18:44:48.980+0000] {dag.py:3834} INFO - Setting next_dagrun for example_dynamic_task_mapping_with_no_taskflow_operators to 2026-03-14 00:00:00+00:00, run_after=2026-03-15 00:00:00+00:00
[2026-03-15T18:44:48.996+0000] {processor.py:183} INFO - Processing /home/airflow/.local/lib/python3.11/site-packages/airflow/example_dags/example_dynamic_task_mapping_with_no_taskflow_operators.py took 0.058 seconds
