[2026-03-15T17:05:00.071+0000] {processor.py:161} INFO - Started process (PID=77) to work on /home/airflow/.local/lib/python3.11/site-packages/airflow/example_dags/example_bash_operator.py
[2026-03-15T17:05:00.072+0000] {processor.py:830} INFO - Processing file /home/airflow/.local/lib/python3.11/site-packages/airflow/example_dags/example_bash_operator.py for tasks to queue
[2026-03-15T17:05:00.075+0000] {logging_mixin.py:188} INFO - [2026-03-15T17:05:00.074+0000] {dagbag.py:540} INFO - Filling up the DagBag from /home/airflow/.local/lib/python3.11/site-packages/airflow/example_dags/example_bash_operator.py
[2026-03-15T17:05:00.088+0000] {processor.py:840} INFO - DAG(s) 'example_bash_operator' retrieved from /home/airflow/.local/lib/python3.11/site-packages/airflow/example_dags/example_bash_operator.py
[2026-03-15T17:05:00.100+0000] {logging_mixin.py:188} INFO - [2026-03-15T17:05:00.100+0000] {dag.py:3047} INFO - Sync 1 DAGs
[2026-03-15T17:05:00.125+0000] {logging_mixin.py:188} INFO - [2026-03-15T17:05:00.125+0000] {dag.py:3834} INFO - Setting next_dagrun for example_bash_operator to 2026-03-14 00:00:00+00:00, run_after=2026-03-15 00:00:00+00:00
[2026-03-15T17:05:00.147+0000] {processor.py:183} INFO - Processing /home/airflow/.local/lib/python3.11/site-packages/airflow/example_dags/example_bash_operator.py took 0.079 seconds
[2026-03-15T17:05:31.095+0000] {processor.py:161} INFO - Started process (PID=133) to work on /home/airflow/.local/lib/python3.11/site-packages/airflow/example_dags/example_bash_operator.py
[2026-03-15T17:05:31.096+0000] {processor.py:830} INFO - Processing file /home/airflow/.local/lib/python3.11/site-packages/airflow/example_dags/example_bash_operator.py for tasks to queue
[2026-03-15T17:05:31.098+0000] {logging_mixin.py:188} INFO - [2026-03-15T17:05:31.098+0000] {dagbag.py:540} INFO - Filling up the DagBag from /home/airflow/.local/lib/python3.11/site-packages/airflow/example_dags/example_bash_operator.py
[2026-03-15T17:05:31.111+0000] {processor.py:840} INFO - DAG(s) 'example_bash_operator' retrieved from /home/airflow/.local/lib/python3.11/site-packages/airflow/example_dags/example_bash_operator.py
[2026-03-15T17:05:31.201+0000] {logging_mixin.py:188} INFO - [2026-03-15T17:05:31.201+0000] {dag.py:3047} INFO - Sync 1 DAGs
[2026-03-15T17:05:31.220+0000] {logging_mixin.py:188} INFO - [2026-03-15T17:05:31.220+0000] {dag.py:3834} INFO - Setting next_dagrun for example_bash_operator to 2026-03-14 00:00:00+00:00, run_after=2026-03-15 00:00:00+00:00
[2026-03-15T17:05:31.243+0000] {processor.py:183} INFO - Processing /home/airflow/.local/lib/python3.11/site-packages/airflow/example_dags/example_bash_operator.py took 0.152 seconds
[2026-03-15T17:05:43.357+0000] {processor.py:161} INFO - Started process (PID=187) to work on /home/airflow/.local/lib/python3.11/site-packages/airflow/example_dags/example_bash_operator.py
[2026-03-15T17:05:43.357+0000] {processor.py:830} INFO - Processing file /home/airflow/.local/lib/python3.11/site-packages/airflow/example_dags/example_bash_operator.py for tasks to queue
[2026-03-15T17:05:43.359+0000] {logging_mixin.py:188} INFO - [2026-03-15T17:05:43.359+0000] {dagbag.py:540} INFO - Filling up the DagBag from /home/airflow/.local/lib/python3.11/site-packages/airflow/example_dags/example_bash_operator.py
[2026-03-15T17:05:43.367+0000] {processor.py:840} INFO - DAG(s) 'example_bash_operator' retrieved from /home/airflow/.local/lib/python3.11/site-packages/airflow/example_dags/example_bash_operator.py
[2026-03-15T17:05:43.377+0000] {logging_mixin.py:188} INFO - [2026-03-15T17:05:43.377+0000] {dag.py:3047} INFO - Sync 1 DAGs
[2026-03-15T17:05:43.399+0000] {logging_mixin.py:188} INFO - [2026-03-15T17:05:43.399+0000] {dag.py:3834} INFO - Setting next_dagrun for example_bash_operator to 2026-03-14 00:00:00+00:00, run_after=2026-03-15 00:00:00+00:00
[2026-03-15T17:05:43.418+0000] {processor.py:183} INFO - Processing /home/airflow/.local/lib/python3.11/site-packages/airflow/example_dags/example_bash_operator.py took 0.064 seconds
[2026-03-15T17:06:13.513+0000] {processor.py:161} INFO - Started process (PID=237) to work on /home/airflow/.local/lib/python3.11/site-packages/airflow/example_dags/example_bash_operator.py
[2026-03-15T17:06:13.514+0000] {processor.py:830} INFO - Processing file /home/airflow/.local/lib/python3.11/site-packages/airflow/example_dags/example_bash_operator.py for tasks to queue
[2026-03-15T17:06:13.516+0000] {logging_mixin.py:188} INFO - [2026-03-15T17:06:13.515+0000] {dagbag.py:540} INFO - Filling up the DagBag from /home/airflow/.local/lib/python3.11/site-packages/airflow/example_dags/example_bash_operator.py
[2026-03-15T17:06:13.526+0000] {processor.py:840} INFO - DAG(s) 'example_bash_operator' retrieved from /home/airflow/.local/lib/python3.11/site-packages/airflow/example_dags/example_bash_operator.py
[2026-03-15T17:06:13.547+0000] {logging_mixin.py:188} INFO - [2026-03-15T17:06:13.547+0000] {dag.py:3047} INFO - Sync 1 DAGs
[2026-03-15T17:06:13.563+0000] {logging_mixin.py:188} INFO - [2026-03-15T17:06:13.563+0000] {dag.py:3834} INFO - Setting next_dagrun for example_bash_operator to 2026-03-14 00:00:00+00:00, run_after=2026-03-15 00:00:00+00:00
[2026-03-15T17:06:13.578+0000] {processor.py:183} INFO - Processing /home/airflow/.local/lib/python3.11/site-packages/airflow/example_dags/example_bash_operator.py took 0.069 seconds
[2026-03-15T17:06:14.411+0000] {processor.py:161} INFO - Started process (PID=254) to work on /home/airflow/.local/lib/python3.11/site-packages/airflow/example_dags/example_bash_operator.py
[2026-03-15T17:06:14.412+0000] {processor.py:830} INFO - Processing file /home/airflow/.local/lib/python3.11/site-packages/airflow/example_dags/example_bash_operator.py for tasks to queue
[2026-03-15T17:06:14.414+0000] {logging_mixin.py:188} INFO - [2026-03-15T17:06:14.414+0000] {dagbag.py:540} INFO - Filling up the DagBag from /home/airflow/.local/lib/python3.11/site-packages/airflow/example_dags/example_bash_operator.py
[2026-03-15T17:06:14.423+0000] {processor.py:840} INFO - DAG(s) 'example_bash_operator' retrieved from /home/airflow/.local/lib/python3.11/site-packages/airflow/example_dags/example_bash_operator.py
[2026-03-15T17:06:14.442+0000] {logging_mixin.py:188} INFO - [2026-03-15T17:06:14.442+0000] {dag.py:3047} INFO - Sync 1 DAGs
[2026-03-15T17:06:14.459+0000] {logging_mixin.py:188} INFO - [2026-03-15T17:06:14.459+0000] {dag.py:3834} INFO - Setting next_dagrun for example_bash_operator to 2026-03-14 00:00:00+00:00, run_after=2026-03-15 00:00:00+00:00
[2026-03-15T17:06:14.473+0000] {processor.py:183} INFO - Processing /home/airflow/.local/lib/python3.11/site-packages/airflow/example_dags/example_bash_operator.py took 0.065 seconds
[2026-03-15T17:06:19.405+0000] {processor.py:161} INFO - Started process (PID=300) to work on /home/airflow/.local/lib/python3.11/site-packages/airflow/example_dags/example_bash_operator.py
[2026-03-15T17:06:19.406+0000] {processor.py:830} INFO - Processing file /home/airflow/.local/lib/python3.11/site-packages/airflow/example_dags/example_bash_operator.py for tasks to queue
[2026-03-15T17:06:19.408+0000] {logging_mixin.py:188} INFO - [2026-03-15T17:06:19.408+0000] {dagbag.py:540} INFO - Filling up the DagBag from /home/airflow/.local/lib/python3.11/site-packages/airflow/example_dags/example_bash_operator.py
[2026-03-15T17:06:19.423+0000] {processor.py:840} INFO - DAG(s) 'example_bash_operator' retrieved from /home/airflow/.local/lib/python3.11/site-packages/airflow/example_dags/example_bash_operator.py
[2026-03-15T17:06:19.447+0000] {logging_mixin.py:188} INFO - [2026-03-15T17:06:19.447+0000] {dag.py:3047} INFO - Sync 1 DAGs
[2026-03-15T17:06:19.466+0000] {logging_mixin.py:188} INFO - [2026-03-15T17:06:19.466+0000] {dag.py:3834} INFO - Setting next_dagrun for example_bash_operator to 2026-03-14 00:00:00+00:00, run_after=2026-03-15 00:00:00+00:00
[2026-03-15T17:06:19.484+0000] {processor.py:183} INFO - Processing /home/airflow/.local/lib/python3.11/site-packages/airflow/example_dags/example_bash_operator.py took 0.082 seconds
[2026-03-15T17:06:29.581+0000] {processor.py:161} INFO - Started process (PID=346) to work on /home/airflow/.local/lib/python3.11/site-packages/airflow/example_dags/example_bash_operator.py
[2026-03-15T17:06:29.582+0000] {processor.py:830} INFO - Processing file /home/airflow/.local/lib/python3.11/site-packages/airflow/example_dags/example_bash_operator.py for tasks to queue
[2026-03-15T17:06:29.584+0000] {logging_mixin.py:188} INFO - [2026-03-15T17:06:29.584+0000] {dagbag.py:540} INFO - Filling up the DagBag from /home/airflow/.local/lib/python3.11/site-packages/airflow/example_dags/example_bash_operator.py
[2026-03-15T17:06:29.593+0000] {processor.py:840} INFO - DAG(s) 'example_bash_operator' retrieved from /home/airflow/.local/lib/python3.11/site-packages/airflow/example_dags/example_bash_operator.py
[2026-03-15T17:06:29.614+0000] {logging_mixin.py:188} INFO - [2026-03-15T17:06:29.614+0000] {dag.py:3047} INFO - Sync 1 DAGs
[2026-03-15T17:06:29.632+0000] {logging_mixin.py:188} INFO - [2026-03-15T17:06:29.632+0000] {dag.py:3834} INFO - Setting next_dagrun for example_bash_operator to 2026-03-14 00:00:00+00:00, run_after=2026-03-15 00:00:00+00:00
[2026-03-15T17:06:29.649+0000] {processor.py:183} INFO - Processing /home/airflow/.local/lib/python3.11/site-packages/airflow/example_dags/example_bash_operator.py took 0.071 seconds
[2026-03-15T17:07:34.086+0000] {processor.py:161} INFO - Started process (PID=399) to work on /home/airflow/.local/lib/python3.11/site-packages/airflow/example_dags/example_bash_operator.py
[2026-03-15T17:07:34.087+0000] {processor.py:830} INFO - Processing file /home/airflow/.local/lib/python3.11/site-packages/airflow/example_dags/example_bash_operator.py for tasks to queue
[2026-03-15T17:07:34.088+0000] {logging_mixin.py:188} INFO - [2026-03-15T17:07:34.088+0000] {dagbag.py:540} INFO - Filling up the DagBag from /home/airflow/.local/lib/python3.11/site-packages/airflow/example_dags/example_bash_operator.py
[2026-03-15T17:07:34.096+0000] {processor.py:840} INFO - DAG(s) 'example_bash_operator' retrieved from /home/airflow/.local/lib/python3.11/site-packages/airflow/example_dags/example_bash_operator.py
[2026-03-15T17:07:34.112+0000] {logging_mixin.py:188} INFO - [2026-03-15T17:07:34.112+0000] {dag.py:3047} INFO - Sync 1 DAGs
[2026-03-15T17:07:34.126+0000] {logging_mixin.py:188} INFO - [2026-03-15T17:07:34.126+0000] {dag.py:3834} INFO - Setting next_dagrun for example_bash_operator to 2026-03-14 00:00:00+00:00, run_after=2026-03-15 00:00:00+00:00
[2026-03-15T17:07:34.140+0000] {processor.py:183} INFO - Processing /home/airflow/.local/lib/python3.11/site-packages/airflow/example_dags/example_bash_operator.py took 0.056 seconds
[2026-03-15T17:07:19.367+0000] {processor.py:161} INFO - Started process (PID=455) to work on /home/airflow/.local/lib/python3.11/site-packages/airflow/example_dags/example_bash_operator.py
[2026-03-15T17:07:19.369+0000] {processor.py:830} INFO - Processing file /home/airflow/.local/lib/python3.11/site-packages/airflow/example_dags/example_bash_operator.py for tasks to queue
[2026-03-15T17:07:19.371+0000] {logging_mixin.py:188} INFO - [2026-03-15T17:07:19.370+0000] {dagbag.py:540} INFO - Filling up the DagBag from /home/airflow/.local/lib/python3.11/site-packages/airflow/example_dags/example_bash_operator.py
[2026-03-15T17:07:19.380+0000] {processor.py:840} INFO - DAG(s) 'example_bash_operator' retrieved from /home/airflow/.local/lib/python3.11/site-packages/airflow/example_dags/example_bash_operator.py
[2026-03-15T17:07:19.403+0000] {logging_mixin.py:188} INFO - [2026-03-15T17:07:19.403+0000] {dag.py:3047} INFO - Sync 1 DAGs
[2026-03-15T17:07:19.424+0000] {logging_mixin.py:188} INFO - [2026-03-15T17:07:19.424+0000] {dag.py:3834} INFO - Setting next_dagrun for example_bash_operator to 2026-03-14 00:00:00+00:00, run_after=2026-03-15 00:00:00+00:00
[2026-03-15T17:07:19.439+0000] {processor.py:183} INFO - Processing /home/airflow/.local/lib/python3.11/site-packages/airflow/example_dags/example_bash_operator.py took 0.074 seconds
[2026-03-15T17:07:24.444+0000] {processor.py:161} INFO - Started process (PID=501) to work on /home/airflow/.local/lib/python3.11/site-packages/airflow/example_dags/example_bash_operator.py
[2026-03-15T17:07:24.446+0000] {processor.py:830} INFO - Processing file /home/airflow/.local/lib/python3.11/site-packages/airflow/example_dags/example_bash_operator.py for tasks to queue
[2026-03-15T17:07:24.448+0000] {logging_mixin.py:188} INFO - [2026-03-15T17:07:24.447+0000] {dagbag.py:540} INFO - Filling up the DagBag from /home/airflow/.local/lib/python3.11/site-packages/airflow/example_dags/example_bash_operator.py
[2026-03-15T17:07:24.458+0000] {processor.py:840} INFO - DAG(s) 'example_bash_operator' retrieved from /home/airflow/.local/lib/python3.11/site-packages/airflow/example_dags/example_bash_operator.py
[2026-03-15T17:07:24.480+0000] {logging_mixin.py:188} INFO - [2026-03-15T17:07:24.479+0000] {dag.py:3047} INFO - Sync 1 DAGs
[2026-03-15T17:07:24.496+0000] {logging_mixin.py:188} INFO - [2026-03-15T17:07:24.496+0000] {dag.py:3834} INFO - Setting next_dagrun for example_bash_operator to 2026-03-14 00:00:00+00:00, run_after=2026-03-15 00:00:00+00:00
[2026-03-15T17:07:24.510+0000] {processor.py:183} INFO - Processing /home/airflow/.local/lib/python3.11/site-packages/airflow/example_dags/example_bash_operator.py took 0.069 seconds
[2026-03-15T17:08:19.104+0000] {processor.py:161} INFO - Started process (PID=547) to work on /home/airflow/.local/lib/python3.11/site-packages/airflow/example_dags/example_bash_operator.py
[2026-03-15T17:08:19.105+0000] {processor.py:830} INFO - Processing file /home/airflow/.local/lib/python3.11/site-packages/airflow/example_dags/example_bash_operator.py for tasks to queue
[2026-03-15T17:08:19.106+0000] {logging_mixin.py:188} INFO - [2026-03-15T17:08:19.106+0000] {dagbag.py:540} INFO - Filling up the DagBag from /home/airflow/.local/lib/python3.11/site-packages/airflow/example_dags/example_bash_operator.py
[2026-03-15T17:08:19.115+0000] {processor.py:840} INFO - DAG(s) 'example_bash_operator' retrieved from /home/airflow/.local/lib/python3.11/site-packages/airflow/example_dags/example_bash_operator.py
[2026-03-15T17:08:19.134+0000] {logging_mixin.py:188} INFO - [2026-03-15T17:08:19.134+0000] {dag.py:3047} INFO - Sync 1 DAGs
[2026-03-15T17:08:19.149+0000] {logging_mixin.py:188} INFO - [2026-03-15T17:08:19.148+0000] {dag.py:3834} INFO - Setting next_dagrun for example_bash_operator to 2026-03-14 00:00:00+00:00, run_after=2026-03-15 00:00:00+00:00
[2026-03-15T17:08:19.162+0000] {processor.py:183} INFO - Processing /home/airflow/.local/lib/python3.11/site-packages/airflow/example_dags/example_bash_operator.py took 0.061 seconds
[2026-03-15T17:15:07.560+0000] {processor.py:161} INFO - Started process (PID=74) to work on /home/airflow/.local/lib/python3.11/site-packages/airflow/example_dags/example_bash_operator.py
[2026-03-15T17:15:07.562+0000] {processor.py:830} INFO - Processing file /home/airflow/.local/lib/python3.11/site-packages/airflow/example_dags/example_bash_operator.py for tasks to queue
[2026-03-15T17:15:07.564+0000] {logging_mixin.py:188} INFO - [2026-03-15T17:15:07.564+0000] {dagbag.py:540} INFO - Filling up the DagBag from /home/airflow/.local/lib/python3.11/site-packages/airflow/example_dags/example_bash_operator.py
[2026-03-15T17:15:07.579+0000] {processor.py:840} INFO - DAG(s) 'example_bash_operator' retrieved from /home/airflow/.local/lib/python3.11/site-packages/airflow/example_dags/example_bash_operator.py
[2026-03-15T17:15:07.609+0000] {logging_mixin.py:188} INFO - [2026-03-15T17:15:07.609+0000] {dag.py:3047} INFO - Sync 1 DAGs
[2026-03-15T17:15:07.631+0000] {logging_mixin.py:188} INFO - [2026-03-15T17:15:07.631+0000] {dag.py:3834} INFO - Setting next_dagrun for example_bash_operator to 2026-03-14 00:00:00+00:00, run_after=2026-03-15 00:00:00+00:00
[2026-03-15T17:15:07.647+0000] {processor.py:183} INFO - Processing /home/airflow/.local/lib/python3.11/site-packages/airflow/example_dags/example_bash_operator.py took 0.090 seconds
[2026-03-15T17:15:05.777+0000] {processor.py:161} INFO - Started process (PID=175) to work on /home/airflow/.local/lib/python3.11/site-packages/airflow/example_dags/example_bash_operator.py
[2026-03-15T17:15:05.778+0000] {processor.py:830} INFO - Processing file /home/airflow/.local/lib/python3.11/site-packages/airflow/example_dags/example_bash_operator.py for tasks to queue
[2026-03-15T17:15:05.780+0000] {logging_mixin.py:188} INFO - [2026-03-15T17:15:05.780+0000] {dagbag.py:540} INFO - Filling up the DagBag from /home/airflow/.local/lib/python3.11/site-packages/airflow/example_dags/example_bash_operator.py
[2026-03-15T17:15:05.789+0000] {processor.py:840} INFO - DAG(s) 'example_bash_operator' retrieved from /home/airflow/.local/lib/python3.11/site-packages/airflow/example_dags/example_bash_operator.py
[2026-03-15T17:15:05.808+0000] {logging_mixin.py:188} INFO - [2026-03-15T17:15:05.808+0000] {dag.py:3047} INFO - Sync 1 DAGs
[2026-03-15T17:15:05.824+0000] {logging_mixin.py:188} INFO - [2026-03-15T17:15:05.824+0000] {dag.py:3834} INFO - Setting next_dagrun for example_bash_operator to 2026-03-14 00:00:00+00:00, run_after=2026-03-15 00:00:00+00:00
[2026-03-15T17:15:05.839+0000] {processor.py:183} INFO - Processing /home/airflow/.local/lib/python3.11/site-packages/airflow/example_dags/example_bash_operator.py took 0.064 seconds
[2026-03-15T17:15:35.546+0000] {processor.py:161} INFO - Started process (PID=228) to work on /home/airflow/.local/lib/python3.11/site-packages/airflow/example_dags/example_bash_operator.py
[2026-03-15T17:15:35.547+0000] {processor.py:830} INFO - Processing file /home/airflow/.local/lib/python3.11/site-packages/airflow/example_dags/example_bash_operator.py for tasks to queue
[2026-03-15T17:15:35.549+0000] {logging_mixin.py:188} INFO - [2026-03-15T17:15:35.549+0000] {dagbag.py:540} INFO - Filling up the DagBag from /home/airflow/.local/lib/python3.11/site-packages/airflow/example_dags/example_bash_operator.py
[2026-03-15T17:15:35.558+0000] {processor.py:840} INFO - DAG(s) 'example_bash_operator' retrieved from /home/airflow/.local/lib/python3.11/site-packages/airflow/example_dags/example_bash_operator.py
[2026-03-15T17:15:35.577+0000] {logging_mixin.py:188} INFO - [2026-03-15T17:15:35.577+0000] {dag.py:3047} INFO - Sync 1 DAGs
[2026-03-15T17:15:35.594+0000] {logging_mixin.py:188} INFO - [2026-03-15T17:15:35.593+0000] {dag.py:3834} INFO - Setting next_dagrun for example_bash_operator to 2026-03-14 00:00:00+00:00, run_after=2026-03-15 00:00:00+00:00
[2026-03-15T17:15:35.608+0000] {processor.py:183} INFO - Processing /home/airflow/.local/lib/python3.11/site-packages/airflow/example_dags/example_bash_operator.py took 0.065 seconds
[2026-03-15T17:16:06.261+0000] {processor.py:161} INFO - Started process (PID=278) to work on /home/airflow/.local/lib/python3.11/site-packages/airflow/example_dags/example_bash_operator.py
[2026-03-15T17:16:06.263+0000] {processor.py:830} INFO - Processing file /home/airflow/.local/lib/python3.11/site-packages/airflow/example_dags/example_bash_operator.py for tasks to queue
[2026-03-15T17:16:06.271+0000] {logging_mixin.py:188} INFO - [2026-03-15T17:16:06.270+0000] {dagbag.py:540} INFO - Filling up the DagBag from /home/airflow/.local/lib/python3.11/site-packages/airflow/example_dags/example_bash_operator.py
[2026-03-15T17:16:06.288+0000] {processor.py:840} INFO - DAG(s) 'example_bash_operator' retrieved from /home/airflow/.local/lib/python3.11/site-packages/airflow/example_dags/example_bash_operator.py
[2026-03-15T17:16:06.315+0000] {logging_mixin.py:188} INFO - [2026-03-15T17:16:06.314+0000] {dag.py:3047} INFO - Sync 1 DAGs
[2026-03-15T17:16:06.331+0000] {logging_mixin.py:188} INFO - [2026-03-15T17:16:06.331+0000] {dag.py:3834} INFO - Setting next_dagrun for example_bash_operator to 2026-03-14 00:00:00+00:00, run_after=2026-03-15 00:00:00+00:00
[2026-03-15T17:16:06.346+0000] {processor.py:183} INFO - Processing /home/airflow/.local/lib/python3.11/site-packages/airflow/example_dags/example_bash_operator.py took 0.087 seconds
[2026-03-15T17:16:35.864+0000] {processor.py:161} INFO - Started process (PID=337) to work on /home/airflow/.local/lib/python3.11/site-packages/airflow/example_dags/example_bash_operator.py
[2026-03-15T17:16:35.866+0000] {processor.py:830} INFO - Processing file /home/airflow/.local/lib/python3.11/site-packages/airflow/example_dags/example_bash_operator.py for tasks to queue
[2026-03-15T17:16:35.868+0000] {logging_mixin.py:188} INFO - [2026-03-15T17:16:35.868+0000] {dagbag.py:540} INFO - Filling up the DagBag from /home/airflow/.local/lib/python3.11/site-packages/airflow/example_dags/example_bash_operator.py
[2026-03-15T17:16:35.880+0000] {processor.py:840} INFO - DAG(s) 'example_bash_operator' retrieved from /home/airflow/.local/lib/python3.11/site-packages/airflow/example_dags/example_bash_operator.py
[2026-03-15T17:16:35.901+0000] {logging_mixin.py:188} INFO - [2026-03-15T17:16:35.901+0000] {dag.py:3047} INFO - Sync 1 DAGs
[2026-03-15T17:16:35.918+0000] {logging_mixin.py:188} INFO - [2026-03-15T17:16:35.918+0000] {dag.py:3834} INFO - Setting next_dagrun for example_bash_operator to 2026-03-14 00:00:00+00:00, run_after=2026-03-15 00:00:00+00:00
[2026-03-15T17:16:35.935+0000] {processor.py:183} INFO - Processing /home/airflow/.local/lib/python3.11/site-packages/airflow/example_dags/example_bash_operator.py took 0.074 seconds
[2026-03-15T17:16:39.773+0000] {processor.py:161} INFO - Started process (PID=387) to work on /home/airflow/.local/lib/python3.11/site-packages/airflow/example_dags/example_bash_operator.py
[2026-03-15T17:16:39.774+0000] {processor.py:830} INFO - Processing file /home/airflow/.local/lib/python3.11/site-packages/airflow/example_dags/example_bash_operator.py for tasks to queue
[2026-03-15T17:16:39.776+0000] {logging_mixin.py:188} INFO - [2026-03-15T17:16:39.776+0000] {dagbag.py:540} INFO - Filling up the DagBag from /home/airflow/.local/lib/python3.11/site-packages/airflow/example_dags/example_bash_operator.py
[2026-03-15T17:16:39.786+0000] {processor.py:840} INFO - DAG(s) 'example_bash_operator' retrieved from /home/airflow/.local/lib/python3.11/site-packages/airflow/example_dags/example_bash_operator.py
[2026-03-15T17:16:39.805+0000] {logging_mixin.py:188} INFO - [2026-03-15T17:16:39.805+0000] {dag.py:3047} INFO - Sync 1 DAGs
[2026-03-15T17:16:39.822+0000] {logging_mixin.py:188} INFO - [2026-03-15T17:16:39.821+0000] {dag.py:3834} INFO - Setting next_dagrun for example_bash_operator to 2026-03-14 00:00:00+00:00, run_after=2026-03-15 00:00:00+00:00
[2026-03-15T17:16:39.836+0000] {processor.py:183} INFO - Processing /home/airflow/.local/lib/python3.11/site-packages/airflow/example_dags/example_bash_operator.py took 0.065 seconds
[2026-03-15T17:17:09.978+0000] {processor.py:161} INFO - Started process (PID=443) to work on /home/airflow/.local/lib/python3.11/site-packages/airflow/example_dags/example_bash_operator.py
[2026-03-15T17:17:09.979+0000] {processor.py:830} INFO - Processing file /home/airflow/.local/lib/python3.11/site-packages/airflow/example_dags/example_bash_operator.py for tasks to queue
[2026-03-15T17:17:09.982+0000] {logging_mixin.py:188} INFO - [2026-03-15T17:17:09.981+0000] {dagbag.py:540} INFO - Filling up the DagBag from /home/airflow/.local/lib/python3.11/site-packages/airflow/example_dags/example_bash_operator.py
[2026-03-15T17:17:09.994+0000] {processor.py:840} INFO - DAG(s) 'example_bash_operator' retrieved from /home/airflow/.local/lib/python3.11/site-packages/airflow/example_dags/example_bash_operator.py
[2026-03-15T17:17:10.018+0000] {logging_mixin.py:188} INFO - [2026-03-15T17:17:10.017+0000] {dag.py:3047} INFO - Sync 1 DAGs
[2026-03-15T17:17:10.035+0000] {logging_mixin.py:188} INFO - [2026-03-15T17:17:10.035+0000] {dag.py:3834} INFO - Setting next_dagrun for example_bash_operator to 2026-03-14 00:00:00+00:00, run_after=2026-03-15 00:00:00+00:00
[2026-03-15T17:17:10.051+0000] {processor.py:183} INFO - Processing /home/airflow/.local/lib/python3.11/site-packages/airflow/example_dags/example_bash_operator.py took 0.077 seconds
[2026-03-15T17:17:14.616+0000] {processor.py:161} INFO - Started process (PID=493) to work on /home/airflow/.local/lib/python3.11/site-packages/airflow/example_dags/example_bash_operator.py
[2026-03-15T17:17:14.618+0000] {processor.py:830} INFO - Processing file /home/airflow/.local/lib/python3.11/site-packages/airflow/example_dags/example_bash_operator.py for tasks to queue
[2026-03-15T17:17:14.622+0000] {logging_mixin.py:188} INFO - [2026-03-15T17:17:14.622+0000] {dagbag.py:540} INFO - Filling up the DagBag from /home/airflow/.local/lib/python3.11/site-packages/airflow/example_dags/example_bash_operator.py
[2026-03-15T17:17:14.635+0000] {processor.py:840} INFO - DAG(s) 'example_bash_operator' retrieved from /home/airflow/.local/lib/python3.11/site-packages/airflow/example_dags/example_bash_operator.py
[2026-03-15T17:17:14.659+0000] {logging_mixin.py:188} INFO - [2026-03-15T17:17:14.659+0000] {dag.py:3047} INFO - Sync 1 DAGs
[2026-03-15T17:17:14.678+0000] {logging_mixin.py:188} INFO - [2026-03-15T17:17:14.677+0000] {dag.py:3834} INFO - Setting next_dagrun for example_bash_operator to 2026-03-14 00:00:00+00:00, run_after=2026-03-15 00:00:00+00:00
[2026-03-15T17:17:14.694+0000] {processor.py:183} INFO - Processing /home/airflow/.local/lib/python3.11/site-packages/airflow/example_dags/example_bash_operator.py took 0.090 seconds
[2026-03-15T17:17:35.842+0000] {processor.py:161} INFO - Started process (PID=549) to work on /home/airflow/.local/lib/python3.11/site-packages/airflow/example_dags/example_bash_operator.py
[2026-03-15T17:17:35.843+0000] {processor.py:830} INFO - Processing file /home/airflow/.local/lib/python3.11/site-packages/airflow/example_dags/example_bash_operator.py for tasks to queue
[2026-03-15T17:17:35.845+0000] {logging_mixin.py:188} INFO - [2026-03-15T17:17:35.844+0000] {dagbag.py:540} INFO - Filling up the DagBag from /home/airflow/.local/lib/python3.11/site-packages/airflow/example_dags/example_bash_operator.py
[2026-03-15T17:17:35.855+0000] {processor.py:840} INFO - DAG(s) 'example_bash_operator' retrieved from /home/airflow/.local/lib/python3.11/site-packages/airflow/example_dags/example_bash_operator.py
[2026-03-15T17:17:35.875+0000] {logging_mixin.py:188} INFO - [2026-03-15T17:17:35.875+0000] {dag.py:3047} INFO - Sync 1 DAGs
[2026-03-15T17:17:35.890+0000] {logging_mixin.py:188} INFO - [2026-03-15T17:17:35.890+0000] {dag.py:3834} INFO - Setting next_dagrun for example_bash_operator to 2026-03-14 00:00:00+00:00, run_after=2026-03-15 00:00:00+00:00
[2026-03-15T17:17:35.902+0000] {processor.py:183} INFO - Processing /home/airflow/.local/lib/python3.11/site-packages/airflow/example_dags/example_bash_operator.py took 0.064 seconds
[2026-03-15T17:18:05.696+0000] {processor.py:161} INFO - Started process (PID=603) to work on /home/airflow/.local/lib/python3.11/site-packages/airflow/example_dags/example_bash_operator.py
[2026-03-15T17:18:05.697+0000] {processor.py:830} INFO - Processing file /home/airflow/.local/lib/python3.11/site-packages/airflow/example_dags/example_bash_operator.py for tasks to queue
[2026-03-15T17:18:05.699+0000] {logging_mixin.py:188} INFO - [2026-03-15T17:18:05.699+0000] {dagbag.py:540} INFO - Filling up the DagBag from /home/airflow/.local/lib/python3.11/site-packages/airflow/example_dags/example_bash_operator.py
[2026-03-15T17:18:05.708+0000] {processor.py:840} INFO - DAG(s) 'example_bash_operator' retrieved from /home/airflow/.local/lib/python3.11/site-packages/airflow/example_dags/example_bash_operator.py
[2026-03-15T17:18:05.730+0000] {logging_mixin.py:188} INFO - [2026-03-15T17:18:05.730+0000] {dag.py:3047} INFO - Sync 1 DAGs
[2026-03-15T17:18:05.749+0000] {logging_mixin.py:188} INFO - [2026-03-15T17:18:05.749+0000] {dag.py:3834} INFO - Setting next_dagrun for example_bash_operator to 2026-03-14 00:00:00+00:00, run_after=2026-03-15 00:00:00+00:00
[2026-03-15T17:18:05.767+0000] {processor.py:183} INFO - Processing /home/airflow/.local/lib/python3.11/site-packages/airflow/example_dags/example_bash_operator.py took 0.075 seconds
[2026-03-15T17:18:36.331+0000] {processor.py:161} INFO - Started process (PID=657) to work on /home/airflow/.local/lib/python3.11/site-packages/airflow/example_dags/example_bash_operator.py
[2026-03-15T17:18:36.335+0000] {processor.py:830} INFO - Processing file /home/airflow/.local/lib/python3.11/site-packages/airflow/example_dags/example_bash_operator.py for tasks to queue
[2026-03-15T17:18:36.340+0000] {logging_mixin.py:188} INFO - [2026-03-15T17:18:36.339+0000] {dagbag.py:540} INFO - Filling up the DagBag from /home/airflow/.local/lib/python3.11/site-packages/airflow/example_dags/example_bash_operator.py
[2026-03-15T17:18:36.358+0000] {processor.py:840} INFO - DAG(s) 'example_bash_operator' retrieved from /home/airflow/.local/lib/python3.11/site-packages/airflow/example_dags/example_bash_operator.py
[2026-03-15T17:18:36.401+0000] {logging_mixin.py:188} INFO - [2026-03-15T17:18:36.401+0000] {dag.py:3047} INFO - Sync 1 DAGs
[2026-03-15T17:18:36.440+0000] {logging_mixin.py:188} INFO - [2026-03-15T17:18:36.440+0000] {dag.py:3834} INFO - Setting next_dagrun for example_bash_operator to 2026-03-14 00:00:00+00:00, run_after=2026-03-15 00:00:00+00:00
[2026-03-15T17:18:36.466+0000] {processor.py:183} INFO - Processing /home/airflow/.local/lib/python3.11/site-packages/airflow/example_dags/example_bash_operator.py took 0.140 seconds
[2026-03-15T17:19:05.922+0000] {processor.py:161} INFO - Started process (PID=715) to work on /home/airflow/.local/lib/python3.11/site-packages/airflow/example_dags/example_bash_operator.py
[2026-03-15T17:19:05.923+0000] {processor.py:830} INFO - Processing file /home/airflow/.local/lib/python3.11/site-packages/airflow/example_dags/example_bash_operator.py for tasks to queue
[2026-03-15T17:19:05.925+0000] {logging_mixin.py:188} INFO - [2026-03-15T17:19:05.925+0000] {dagbag.py:540} INFO - Filling up the DagBag from /home/airflow/.local/lib/python3.11/site-packages/airflow/example_dags/example_bash_operator.py
[2026-03-15T17:19:05.934+0000] {processor.py:840} INFO - DAG(s) 'example_bash_operator' retrieved from /home/airflow/.local/lib/python3.11/site-packages/airflow/example_dags/example_bash_operator.py
[2026-03-15T17:19:05.944+0000] {logging_mixin.py:188} INFO - [2026-03-15T17:19:05.944+0000] {dag.py:3047} INFO - Sync 1 DAGs
[2026-03-15T17:19:05.961+0000] {logging_mixin.py:188} INFO - [2026-03-15T17:19:05.961+0000] {dag.py:3834} INFO - Setting next_dagrun for example_bash_operator to 2026-03-14 00:00:00+00:00, run_after=2026-03-15 00:00:00+00:00
[2026-03-15T17:19:05.976+0000] {processor.py:183} INFO - Processing /home/airflow/.local/lib/python3.11/site-packages/airflow/example_dags/example_bash_operator.py took 0.057 seconds
[2026-03-15T17:19:09.136+0000] {processor.py:161} INFO - Started process (PID=760) to work on /home/airflow/.local/lib/python3.11/site-packages/airflow/example_dags/example_bash_operator.py
[2026-03-15T17:19:09.137+0000] {processor.py:830} INFO - Processing file /home/airflow/.local/lib/python3.11/site-packages/airflow/example_dags/example_bash_operator.py for tasks to queue
[2026-03-15T17:19:09.138+0000] {logging_mixin.py:188} INFO - [2026-03-15T17:19:09.138+0000] {dagbag.py:540} INFO - Filling up the DagBag from /home/airflow/.local/lib/python3.11/site-packages/airflow/example_dags/example_bash_operator.py
[2026-03-15T17:19:09.148+0000] {processor.py:840} INFO - DAG(s) 'example_bash_operator' retrieved from /home/airflow/.local/lib/python3.11/site-packages/airflow/example_dags/example_bash_operator.py
[2026-03-15T17:19:09.158+0000] {logging_mixin.py:188} INFO - [2026-03-15T17:19:09.157+0000] {dag.py:3047} INFO - Sync 1 DAGs
[2026-03-15T17:19:09.175+0000] {logging_mixin.py:188} INFO - [2026-03-15T17:19:09.175+0000] {dag.py:3834} INFO - Setting next_dagrun for example_bash_operator to 2026-03-14 00:00:00+00:00, run_after=2026-03-15 00:00:00+00:00
[2026-03-15T17:19:09.193+0000] {processor.py:183} INFO - Processing /home/airflow/.local/lib/python3.11/site-packages/airflow/example_dags/example_bash_operator.py took 0.060 seconds
[2026-03-15T17:19:14.110+0000] {processor.py:161} INFO - Started process (PID=804) to work on /home/airflow/.local/lib/python3.11/site-packages/airflow/example_dags/example_bash_operator.py
[2026-03-15T17:19:14.112+0000] {processor.py:830} INFO - Processing file /home/airflow/.local/lib/python3.11/site-packages/airflow/example_dags/example_bash_operator.py for tasks to queue
[2026-03-15T17:19:14.113+0000] {logging_mixin.py:188} INFO - [2026-03-15T17:19:14.113+0000] {dagbag.py:540} INFO - Filling up the DagBag from /home/airflow/.local/lib/python3.11/site-packages/airflow/example_dags/example_bash_operator.py
[2026-03-15T17:19:14.124+0000] {processor.py:840} INFO - DAG(s) 'example_bash_operator' retrieved from /home/airflow/.local/lib/python3.11/site-packages/airflow/example_dags/example_bash_operator.py
[2026-03-15T17:19:14.135+0000] {logging_mixin.py:188} INFO - [2026-03-15T17:19:14.135+0000] {dag.py:3047} INFO - Sync 1 DAGs
[2026-03-15T17:19:14.153+0000] {logging_mixin.py:188} INFO - [2026-03-15T17:19:14.153+0000] {dag.py:3834} INFO - Setting next_dagrun for example_bash_operator to 2026-03-14 00:00:00+00:00, run_after=2026-03-15 00:00:00+00:00
[2026-03-15T17:19:14.167+0000] {processor.py:183} INFO - Processing /home/airflow/.local/lib/python3.11/site-packages/airflow/example_dags/example_bash_operator.py took 0.060 seconds
[2026-03-15T17:20:08.223+0000] {processor.py:161} INFO - Started process (PID=848) to work on /home/airflow/.local/lib/python3.11/site-packages/airflow/example_dags/example_bash_operator.py
[2026-03-15T17:20:08.224+0000] {processor.py:830} INFO - Processing file /home/airflow/.local/lib/python3.11/site-packages/airflow/example_dags/example_bash_operator.py for tasks to queue
[2026-03-15T17:20:08.226+0000] {logging_mixin.py:188} INFO - [2026-03-15T17:20:08.226+0000] {dagbag.py:540} INFO - Filling up the DagBag from /home/airflow/.local/lib/python3.11/site-packages/airflow/example_dags/example_bash_operator.py
[2026-03-15T17:20:08.235+0000] {processor.py:840} INFO - DAG(s) 'example_bash_operator' retrieved from /home/airflow/.local/lib/python3.11/site-packages/airflow/example_dags/example_bash_operator.py
[2026-03-15T17:19:19.130+0000] {logging_mixin.py:188} INFO - [2026-03-15T17:19:19.130+0000] {dag.py:3047} INFO - Sync 1 DAGs
[2026-03-15T17:19:19.143+0000] {logging_mixin.py:188} INFO - [2026-03-15T17:19:19.143+0000] {dag.py:3834} INFO - Setting next_dagrun for example_bash_operator to 2026-03-14 00:00:00+00:00, run_after=2026-03-15 00:00:00+00:00
[2026-03-15T17:19:19.155+0000] {processor.py:183} INFO - Processing /home/airflow/.local/lib/python3.11/site-packages/airflow/example_dags/example_bash_operator.py took 0.115 seconds
[2026-03-15T17:20:13.233+0000] {processor.py:161} INFO - Started process (PID=897) to work on /home/airflow/.local/lib/python3.11/site-packages/airflow/example_dags/example_bash_operator.py
[2026-03-15T17:20:13.235+0000] {processor.py:830} INFO - Processing file /home/airflow/.local/lib/python3.11/site-packages/airflow/example_dags/example_bash_operator.py for tasks to queue
[2026-03-15T17:20:13.237+0000] {logging_mixin.py:188} INFO - [2026-03-15T17:20:13.237+0000] {dagbag.py:540} INFO - Filling up the DagBag from /home/airflow/.local/lib/python3.11/site-packages/airflow/example_dags/example_bash_operator.py
[2026-03-15T17:20:13.249+0000] {processor.py:840} INFO - DAG(s) 'example_bash_operator' retrieved from /home/airflow/.local/lib/python3.11/site-packages/airflow/example_dags/example_bash_operator.py
[2026-03-15T17:20:13.287+0000] {logging_mixin.py:188} INFO - [2026-03-15T17:20:13.286+0000] {dag.py:3047} INFO - Sync 1 DAGs
[2026-03-15T17:19:24.184+0000] {logging_mixin.py:188} INFO - [2026-03-15T17:19:24.184+0000] {dag.py:3834} INFO - Setting next_dagrun for example_bash_operator to 2026-03-14 00:00:00+00:00, run_after=2026-03-15 00:00:00+00:00
[2026-03-15T17:19:24.214+0000] {processor.py:183} INFO - Processing /home/airflow/.local/lib/python3.11/site-packages/airflow/example_dags/example_bash_operator.py took 0.132 seconds
[2026-03-15T17:19:50.618+0000] {processor.py:161} INFO - Started process (PID=77) to work on /home/airflow/.local/lib/python3.11/site-packages/airflow/example_dags/example_bash_operator.py
[2026-03-15T17:19:50.619+0000] {processor.py:830} INFO - Processing file /home/airflow/.local/lib/python3.11/site-packages/airflow/example_dags/example_bash_operator.py for tasks to queue
[2026-03-15T17:19:50.623+0000] {logging_mixin.py:188} INFO - [2026-03-15T17:19:50.622+0000] {dagbag.py:540} INFO - Filling up the DagBag from /home/airflow/.local/lib/python3.11/site-packages/airflow/example_dags/example_bash_operator.py
[2026-03-15T17:19:50.641+0000] {processor.py:840} INFO - DAG(s) 'example_bash_operator' retrieved from /home/airflow/.local/lib/python3.11/site-packages/airflow/example_dags/example_bash_operator.py
[2026-03-15T17:19:50.657+0000] {logging_mixin.py:188} INFO - [2026-03-15T17:19:50.656+0000] {dag.py:3047} INFO - Sync 1 DAGs
[2026-03-15T17:19:50.681+0000] {logging_mixin.py:188} INFO - [2026-03-15T17:19:50.681+0000] {dag.py:3834} INFO - Setting next_dagrun for example_bash_operator to 2026-03-14 00:00:00+00:00, run_after=2026-03-15 00:00:00+00:00
[2026-03-15T17:19:50.695+0000] {processor.py:183} INFO - Processing /home/airflow/.local/lib/python3.11/site-packages/airflow/example_dags/example_bash_operator.py took 0.082 seconds
[2026-03-15T17:19:54.327+0000] {processor.py:161} INFO - Started process (PID=134) to work on /home/airflow/.local/lib/python3.11/site-packages/airflow/example_dags/example_bash_operator.py
[2026-03-15T17:19:54.328+0000] {processor.py:830} INFO - Processing file /home/airflow/.local/lib/python3.11/site-packages/airflow/example_dags/example_bash_operator.py for tasks to queue
[2026-03-15T17:19:54.331+0000] {logging_mixin.py:188} INFO - [2026-03-15T17:19:54.330+0000] {dagbag.py:540} INFO - Filling up the DagBag from /home/airflow/.local/lib/python3.11/site-packages/airflow/example_dags/example_bash_operator.py
[2026-03-15T17:19:54.341+0000] {processor.py:840} INFO - DAG(s) 'example_bash_operator' retrieved from /home/airflow/.local/lib/python3.11/site-packages/airflow/example_dags/example_bash_operator.py
[2026-03-15T17:19:54.352+0000] {logging_mixin.py:188} INFO - [2026-03-15T17:19:54.352+0000] {dag.py:3047} INFO - Sync 1 DAGs
[2026-03-15T17:19:54.374+0000] {logging_mixin.py:188} INFO - [2026-03-15T17:19:54.374+0000] {dag.py:3834} INFO - Setting next_dagrun for example_bash_operator to 2026-03-14 00:00:00+00:00, run_after=2026-03-15 00:00:00+00:00
[2026-03-15T17:19:54.393+0000] {processor.py:183} INFO - Processing /home/airflow/.local/lib/python3.11/site-packages/airflow/example_dags/example_bash_operator.py took 0.070 seconds
[2026-03-15T17:20:05.847+0000] {processor.py:161} INFO - Started process (PID=182) to work on /home/airflow/.local/lib/python3.11/site-packages/airflow/example_dags/example_bash_operator.py
[2026-03-15T17:20:05.848+0000] {processor.py:830} INFO - Processing file /home/airflow/.local/lib/python3.11/site-packages/airflow/example_dags/example_bash_operator.py for tasks to queue
[2026-03-15T17:20:05.849+0000] {logging_mixin.py:188} INFO - [2026-03-15T17:20:05.849+0000] {dagbag.py:540} INFO - Filling up the DagBag from /home/airflow/.local/lib/python3.11/site-packages/airflow/example_dags/example_bash_operator.py
[2026-03-15T17:20:05.858+0000] {processor.py:840} INFO - DAG(s) 'example_bash_operator' retrieved from /home/airflow/.local/lib/python3.11/site-packages/airflow/example_dags/example_bash_operator.py
[2026-03-15T17:20:05.933+0000] {logging_mixin.py:188} INFO - [2026-03-15T17:20:05.933+0000] {dag.py:3047} INFO - Sync 1 DAGs
[2026-03-15T17:20:05.947+0000] {logging_mixin.py:188} INFO - [2026-03-15T17:20:05.947+0000] {dag.py:3834} INFO - Setting next_dagrun for example_bash_operator to 2026-03-14 00:00:00+00:00, run_after=2026-03-15 00:00:00+00:00
[2026-03-15T17:20:05.960+0000] {processor.py:183} INFO - Processing /home/airflow/.local/lib/python3.11/site-packages/airflow/example_dags/example_bash_operator.py took 0.116 seconds
[2026-03-15T17:20:36.226+0000] {processor.py:161} INFO - Started process (PID=237) to work on /home/airflow/.local/lib/python3.11/site-packages/airflow/example_dags/example_bash_operator.py
[2026-03-15T17:20:36.227+0000] {processor.py:830} INFO - Processing file /home/airflow/.local/lib/python3.11/site-packages/airflow/example_dags/example_bash_operator.py for tasks to queue
[2026-03-15T17:20:36.228+0000] {logging_mixin.py:188} INFO - [2026-03-15T17:20:36.228+0000] {dagbag.py:540} INFO - Filling up the DagBag from /home/airflow/.local/lib/python3.11/site-packages/airflow/example_dags/example_bash_operator.py
[2026-03-15T17:20:36.239+0000] {processor.py:840} INFO - DAG(s) 'example_bash_operator' retrieved from /home/airflow/.local/lib/python3.11/site-packages/airflow/example_dags/example_bash_operator.py
[2026-03-15T17:20:36.259+0000] {logging_mixin.py:188} INFO - [2026-03-15T17:20:36.258+0000] {dag.py:3047} INFO - Sync 1 DAGs
[2026-03-15T17:20:36.276+0000] {logging_mixin.py:188} INFO - [2026-03-15T17:20:36.275+0000] {dag.py:3834} INFO - Setting next_dagrun for example_bash_operator to 2026-03-14 00:00:00+00:00, run_after=2026-03-15 00:00:00+00:00
[2026-03-15T17:20:36.289+0000] {processor.py:183} INFO - Processing /home/airflow/.local/lib/python3.11/site-packages/airflow/example_dags/example_bash_operator.py took 0.066 seconds
[2026-03-15T17:20:39.595+0000] {processor.py:161} INFO - Started process (PID=287) to work on /home/airflow/.local/lib/python3.11/site-packages/airflow/example_dags/example_bash_operator.py
[2026-03-15T17:20:39.597+0000] {processor.py:830} INFO - Processing file /home/airflow/.local/lib/python3.11/site-packages/airflow/example_dags/example_bash_operator.py for tasks to queue
[2026-03-15T17:20:39.600+0000] {logging_mixin.py:188} INFO - [2026-03-15T17:20:39.600+0000] {dagbag.py:540} INFO - Filling up the DagBag from /home/airflow/.local/lib/python3.11/site-packages/airflow/example_dags/example_bash_operator.py
[2026-03-15T17:20:39.615+0000] {processor.py:840} INFO - DAG(s) 'example_bash_operator' retrieved from /home/airflow/.local/lib/python3.11/site-packages/airflow/example_dags/example_bash_operator.py
[2026-03-15T17:20:39.642+0000] {logging_mixin.py:188} INFO - [2026-03-15T17:20:39.641+0000] {dag.py:3047} INFO - Sync 1 DAGs
[2026-03-15T17:20:39.662+0000] {logging_mixin.py:188} INFO - [2026-03-15T17:20:39.662+0000] {dag.py:3834} INFO - Setting next_dagrun for example_bash_operator to 2026-03-14 00:00:00+00:00, run_after=2026-03-15 00:00:00+00:00
[2026-03-15T17:20:39.677+0000] {processor.py:183} INFO - Processing /home/airflow/.local/lib/python3.11/site-packages/airflow/example_dags/example_bash_operator.py took 0.090 seconds
[2026-03-15T17:21:10.012+0000] {processor.py:161} INFO - Started process (PID=341) to work on /home/airflow/.local/lib/python3.11/site-packages/airflow/example_dags/example_bash_operator.py
[2026-03-15T17:21:10.013+0000] {processor.py:830} INFO - Processing file /home/airflow/.local/lib/python3.11/site-packages/airflow/example_dags/example_bash_operator.py for tasks to queue
[2026-03-15T17:21:10.015+0000] {logging_mixin.py:188} INFO - [2026-03-15T17:21:10.015+0000] {dagbag.py:540} INFO - Filling up the DagBag from /home/airflow/.local/lib/python3.11/site-packages/airflow/example_dags/example_bash_operator.py
[2026-03-15T17:21:10.023+0000] {processor.py:840} INFO - DAG(s) 'example_bash_operator' retrieved from /home/airflow/.local/lib/python3.11/site-packages/airflow/example_dags/example_bash_operator.py
[2026-03-15T17:21:10.039+0000] {logging_mixin.py:188} INFO - [2026-03-15T17:21:10.039+0000] {dag.py:3047} INFO - Sync 1 DAGs
[2026-03-15T17:21:10.055+0000] {logging_mixin.py:188} INFO - [2026-03-15T17:21:10.055+0000] {dag.py:3834} INFO - Setting next_dagrun for example_bash_operator to 2026-03-14 00:00:00+00:00, run_after=2026-03-15 00:00:00+00:00
[2026-03-15T17:21:10.070+0000] {processor.py:183} INFO - Processing /home/airflow/.local/lib/python3.11/site-packages/airflow/example_dags/example_bash_operator.py took 0.061 seconds
[2026-03-15T17:21:14.541+0000] {processor.py:161} INFO - Started process (PID=389) to work on /home/airflow/.local/lib/python3.11/site-packages/airflow/example_dags/example_bash_operator.py
[2026-03-15T17:21:14.543+0000] {processor.py:830} INFO - Processing file /home/airflow/.local/lib/python3.11/site-packages/airflow/example_dags/example_bash_operator.py for tasks to queue
[2026-03-15T17:21:14.545+0000] {logging_mixin.py:188} INFO - [2026-03-15T17:21:14.545+0000] {dagbag.py:540} INFO - Filling up the DagBag from /home/airflow/.local/lib/python3.11/site-packages/airflow/example_dags/example_bash_operator.py
[2026-03-15T17:21:14.557+0000] {processor.py:840} INFO - DAG(s) 'example_bash_operator' retrieved from /home/airflow/.local/lib/python3.11/site-packages/airflow/example_dags/example_bash_operator.py
[2026-03-15T17:21:14.574+0000] {logging_mixin.py:188} INFO - [2026-03-15T17:21:14.574+0000] {dag.py:3047} INFO - Sync 1 DAGs
[2026-03-15T17:21:14.593+0000] {logging_mixin.py:188} INFO - [2026-03-15T17:21:14.592+0000] {dag.py:3834} INFO - Setting next_dagrun for example_bash_operator to 2026-03-14 00:00:00+00:00, run_after=2026-03-15 00:00:00+00:00
[2026-03-15T17:21:14.607+0000] {processor.py:183} INFO - Processing /home/airflow/.local/lib/python3.11/site-packages/airflow/example_dags/example_bash_operator.py took 0.069 seconds
[2026-03-15T17:21:35.932+0000] {processor.py:161} INFO - Started process (PID=444) to work on /home/airflow/.local/lib/python3.11/site-packages/airflow/example_dags/example_bash_operator.py
[2026-03-15T17:21:35.933+0000] {processor.py:830} INFO - Processing file /home/airflow/.local/lib/python3.11/site-packages/airflow/example_dags/example_bash_operator.py for tasks to queue
[2026-03-15T17:21:35.934+0000] {logging_mixin.py:188} INFO - [2026-03-15T17:21:35.934+0000] {dagbag.py:540} INFO - Filling up the DagBag from /home/airflow/.local/lib/python3.11/site-packages/airflow/example_dags/example_bash_operator.py
[2026-03-15T17:21:35.943+0000] {processor.py:840} INFO - DAG(s) 'example_bash_operator' retrieved from /home/airflow/.local/lib/python3.11/site-packages/airflow/example_dags/example_bash_operator.py
[2026-03-15T17:21:35.962+0000] {logging_mixin.py:188} INFO - [2026-03-15T17:21:35.962+0000] {dag.py:3047} INFO - Sync 1 DAGs
[2026-03-15T17:21:35.979+0000] {logging_mixin.py:188} INFO - [2026-03-15T17:21:35.979+0000] {dag.py:3834} INFO - Setting next_dagrun for example_bash_operator to 2026-03-14 00:00:00+00:00, run_after=2026-03-15 00:00:00+00:00
[2026-03-15T17:21:35.998+0000] {processor.py:183} INFO - Processing /home/airflow/.local/lib/python3.11/site-packages/airflow/example_dags/example_bash_operator.py took 0.068 seconds
[2026-03-15T17:22:06.205+0000] {processor.py:161} INFO - Started process (PID=498) to work on /home/airflow/.local/lib/python3.11/site-packages/airflow/example_dags/example_bash_operator.py
[2026-03-15T17:22:06.206+0000] {processor.py:830} INFO - Processing file /home/airflow/.local/lib/python3.11/site-packages/airflow/example_dags/example_bash_operator.py for tasks to queue
[2026-03-15T17:22:06.208+0000] {logging_mixin.py:188} INFO - [2026-03-15T17:22:06.208+0000] {dagbag.py:540} INFO - Filling up the DagBag from /home/airflow/.local/lib/python3.11/site-packages/airflow/example_dags/example_bash_operator.py
[2026-03-15T17:22:06.217+0000] {processor.py:840} INFO - DAG(s) 'example_bash_operator' retrieved from /home/airflow/.local/lib/python3.11/site-packages/airflow/example_dags/example_bash_operator.py
[2026-03-15T17:22:06.235+0000] {logging_mixin.py:188} INFO - [2026-03-15T17:22:06.234+0000] {dag.py:3047} INFO - Sync 1 DAGs
[2026-03-15T17:22:06.251+0000] {logging_mixin.py:188} INFO - [2026-03-15T17:22:06.251+0000] {dag.py:3834} INFO - Setting next_dagrun for example_bash_operator to 2026-03-14 00:00:00+00:00, run_after=2026-03-15 00:00:00+00:00
[2026-03-15T17:22:06.268+0000] {processor.py:183} INFO - Processing /home/airflow/.local/lib/python3.11/site-packages/airflow/example_dags/example_bash_operator.py took 0.066 seconds
[2026-03-15T17:22:09.581+0000] {processor.py:161} INFO - Started process (PID=548) to work on /home/airflow/.local/lib/python3.11/site-packages/airflow/example_dags/example_bash_operator.py
[2026-03-15T17:22:09.582+0000] {processor.py:830} INFO - Processing file /home/airflow/.local/lib/python3.11/site-packages/airflow/example_dags/example_bash_operator.py for tasks to queue
[2026-03-15T17:22:09.583+0000] {logging_mixin.py:188} INFO - [2026-03-15T17:22:09.583+0000] {dagbag.py:540} INFO - Filling up the DagBag from /home/airflow/.local/lib/python3.11/site-packages/airflow/example_dags/example_bash_operator.py
[2026-03-15T17:22:09.592+0000] {processor.py:840} INFO - DAG(s) 'example_bash_operator' retrieved from /home/airflow/.local/lib/python3.11/site-packages/airflow/example_dags/example_bash_operator.py
[2026-03-15T17:22:09.619+0000] {logging_mixin.py:188} INFO - [2026-03-15T17:22:09.618+0000] {dag.py:3047} INFO - Sync 1 DAGs
[2026-03-15T17:22:09.639+0000] {logging_mixin.py:188} INFO - [2026-03-15T17:22:09.639+0000] {dag.py:3834} INFO - Setting next_dagrun for example_bash_operator to 2026-03-14 00:00:00+00:00, run_after=2026-03-15 00:00:00+00:00
[2026-03-15T17:22:09.655+0000] {processor.py:183} INFO - Processing /home/airflow/.local/lib/python3.11/site-packages/airflow/example_dags/example_bash_operator.py took 0.078 seconds
[2026-03-15T17:22:39.912+0000] {processor.py:161} INFO - Started process (PID=601) to work on /home/airflow/.local/lib/python3.11/site-packages/airflow/example_dags/example_bash_operator.py
[2026-03-15T17:22:39.913+0000] {processor.py:830} INFO - Processing file /home/airflow/.local/lib/python3.11/site-packages/airflow/example_dags/example_bash_operator.py for tasks to queue
[2026-03-15T17:22:39.914+0000] {logging_mixin.py:188} INFO - [2026-03-15T17:22:39.914+0000] {dagbag.py:540} INFO - Filling up the DagBag from /home/airflow/.local/lib/python3.11/site-packages/airflow/example_dags/example_bash_operator.py
[2026-03-15T17:22:39.922+0000] {processor.py:840} INFO - DAG(s) 'example_bash_operator' retrieved from /home/airflow/.local/lib/python3.11/site-packages/airflow/example_dags/example_bash_operator.py
[2026-03-15T17:22:39.939+0000] {logging_mixin.py:188} INFO - [2026-03-15T17:22:39.939+0000] {dag.py:3047} INFO - Sync 1 DAGs
[2026-03-15T17:22:39.953+0000] {logging_mixin.py:188} INFO - [2026-03-15T17:22:39.953+0000] {dag.py:3834} INFO - Setting next_dagrun for example_bash_operator to 2026-03-14 00:00:00+00:00, run_after=2026-03-15 00:00:00+00:00
[2026-03-15T17:22:39.967+0000] {processor.py:183} INFO - Processing /home/airflow/.local/lib/python3.11/site-packages/airflow/example_dags/example_bash_operator.py took 0.058 seconds
[2026-03-15T17:23:10.194+0000] {processor.py:161} INFO - Started process (PID=655) to work on /home/airflow/.local/lib/python3.11/site-packages/airflow/example_dags/example_bash_operator.py
[2026-03-15T17:23:10.195+0000] {processor.py:830} INFO - Processing file /home/airflow/.local/lib/python3.11/site-packages/airflow/example_dags/example_bash_operator.py for tasks to queue
[2026-03-15T17:23:10.197+0000] {logging_mixin.py:188} INFO - [2026-03-15T17:23:10.197+0000] {dagbag.py:540} INFO - Filling up the DagBag from /home/airflow/.local/lib/python3.11/site-packages/airflow/example_dags/example_bash_operator.py
[2026-03-15T17:23:10.205+0000] {processor.py:840} INFO - DAG(s) 'example_bash_operator' retrieved from /home/airflow/.local/lib/python3.11/site-packages/airflow/example_dags/example_bash_operator.py
[2026-03-15T17:23:10.224+0000] {logging_mixin.py:188} INFO - [2026-03-15T17:23:10.223+0000] {dag.py:3047} INFO - Sync 1 DAGs
[2026-03-15T17:23:10.240+0000] {logging_mixin.py:188} INFO - [2026-03-15T17:23:10.240+0000] {dag.py:3834} INFO - Setting next_dagrun for example_bash_operator to 2026-03-14 00:00:00+00:00, run_after=2026-03-15 00:00:00+00:00
[2026-03-15T17:23:10.255+0000] {processor.py:183} INFO - Processing /home/airflow/.local/lib/python3.11/site-packages/airflow/example_dags/example_bash_operator.py took 0.063 seconds
[2026-03-15T17:23:14.664+0000] {processor.py:161} INFO - Started process (PID=705) to work on /home/airflow/.local/lib/python3.11/site-packages/airflow/example_dags/example_bash_operator.py
[2026-03-15T17:23:14.665+0000] {processor.py:830} INFO - Processing file /home/airflow/.local/lib/python3.11/site-packages/airflow/example_dags/example_bash_operator.py for tasks to queue
[2026-03-15T17:23:14.667+0000] {logging_mixin.py:188} INFO - [2026-03-15T17:23:14.666+0000] {dagbag.py:540} INFO - Filling up the DagBag from /home/airflow/.local/lib/python3.11/site-packages/airflow/example_dags/example_bash_operator.py
[2026-03-15T17:23:14.676+0000] {processor.py:840} INFO - DAG(s) 'example_bash_operator' retrieved from /home/airflow/.local/lib/python3.11/site-packages/airflow/example_dags/example_bash_operator.py
[2026-03-15T17:23:14.694+0000] {logging_mixin.py:188} INFO - [2026-03-15T17:23:14.694+0000] {dag.py:3047} INFO - Sync 1 DAGs
[2026-03-15T17:23:14.709+0000] {logging_mixin.py:188} INFO - [2026-03-15T17:23:14.709+0000] {dag.py:3834} INFO - Setting next_dagrun for example_bash_operator to 2026-03-14 00:00:00+00:00, run_after=2026-03-15 00:00:00+00:00
[2026-03-15T17:23:14.725+0000] {processor.py:183} INFO - Processing /home/airflow/.local/lib/python3.11/site-packages/airflow/example_dags/example_bash_operator.py took 0.064 seconds
[2026-03-15T17:23:19.825+0000] {processor.py:161} INFO - Started process (PID=752) to work on /home/airflow/.local/lib/python3.11/site-packages/airflow/example_dags/example_bash_operator.py
[2026-03-15T17:23:19.826+0000] {processor.py:830} INFO - Processing file /home/airflow/.local/lib/python3.11/site-packages/airflow/example_dags/example_bash_operator.py for tasks to queue
[2026-03-15T17:23:19.828+0000] {logging_mixin.py:188} INFO - [2026-03-15T17:23:19.828+0000] {dagbag.py:540} INFO - Filling up the DagBag from /home/airflow/.local/lib/python3.11/site-packages/airflow/example_dags/example_bash_operator.py
[2026-03-15T17:23:19.838+0000] {processor.py:840} INFO - DAG(s) 'example_bash_operator' retrieved from /home/airflow/.local/lib/python3.11/site-packages/airflow/example_dags/example_bash_operator.py
[2026-03-15T17:23:19.860+0000] {logging_mixin.py:188} INFO - [2026-03-15T17:23:19.860+0000] {dag.py:3047} INFO - Sync 1 DAGs
[2026-03-15T17:23:19.879+0000] {logging_mixin.py:188} INFO - [2026-03-15T17:23:19.879+0000] {dag.py:3834} INFO - Setting next_dagrun for example_bash_operator to 2026-03-14 00:00:00+00:00, run_after=2026-03-15 00:00:00+00:00
[2026-03-15T17:23:19.897+0000] {processor.py:183} INFO - Processing /home/airflow/.local/lib/python3.11/site-packages/airflow/example_dags/example_bash_operator.py took 0.075 seconds
[2026-03-15T17:23:50.195+0000] {processor.py:161} INFO - Started process (PID=805) to work on /home/airflow/.local/lib/python3.11/site-packages/airflow/example_dags/example_bash_operator.py
[2026-03-15T17:23:50.196+0000] {processor.py:830} INFO - Processing file /home/airflow/.local/lib/python3.11/site-packages/airflow/example_dags/example_bash_operator.py for tasks to queue
[2026-03-15T17:23:50.197+0000] {logging_mixin.py:188} INFO - [2026-03-15T17:23:50.197+0000] {dagbag.py:540} INFO - Filling up the DagBag from /home/airflow/.local/lib/python3.11/site-packages/airflow/example_dags/example_bash_operator.py
[2026-03-15T17:23:50.206+0000] {processor.py:840} INFO - DAG(s) 'example_bash_operator' retrieved from /home/airflow/.local/lib/python3.11/site-packages/airflow/example_dags/example_bash_operator.py
[2026-03-15T17:23:50.223+0000] {logging_mixin.py:188} INFO - [2026-03-15T17:23:50.223+0000] {dag.py:3047} INFO - Sync 1 DAGs
[2026-03-15T17:23:50.242+0000] {logging_mixin.py:188} INFO - [2026-03-15T17:23:50.242+0000] {dag.py:3834} INFO - Setting next_dagrun for example_bash_operator to 2026-03-14 00:00:00+00:00, run_after=2026-03-15 00:00:00+00:00
[2026-03-15T17:23:50.260+0000] {processor.py:183} INFO - Processing /home/airflow/.local/lib/python3.11/site-packages/airflow/example_dags/example_bash_operator.py took 0.068 seconds
[2026-03-15T17:23:54.748+0000] {processor.py:161} INFO - Started process (PID=861) to work on /home/airflow/.local/lib/python3.11/site-packages/airflow/example_dags/example_bash_operator.py
[2026-03-15T17:23:54.748+0000] {processor.py:830} INFO - Processing file /home/airflow/.local/lib/python3.11/site-packages/airflow/example_dags/example_bash_operator.py for tasks to queue
[2026-03-15T17:23:54.750+0000] {logging_mixin.py:188} INFO - [2026-03-15T17:23:54.750+0000] {dagbag.py:540} INFO - Filling up the DagBag from /home/airflow/.local/lib/python3.11/site-packages/airflow/example_dags/example_bash_operator.py
[2026-03-15T17:23:54.759+0000] {processor.py:840} INFO - DAG(s) 'example_bash_operator' retrieved from /home/airflow/.local/lib/python3.11/site-packages/airflow/example_dags/example_bash_operator.py
[2026-03-15T17:23:54.777+0000] {logging_mixin.py:188} INFO - [2026-03-15T17:23:54.777+0000] {dag.py:3047} INFO - Sync 1 DAGs
[2026-03-15T17:23:54.791+0000] {logging_mixin.py:188} INFO - [2026-03-15T17:23:54.791+0000] {dag.py:3834} INFO - Setting next_dagrun for example_bash_operator to 2026-03-14 00:00:00+00:00, run_after=2026-03-15 00:00:00+00:00
[2026-03-15T17:23:54.803+0000] {processor.py:183} INFO - Processing /home/airflow/.local/lib/python3.11/site-packages/airflow/example_dags/example_bash_operator.py took 0.058 seconds
[2026-03-15T17:24:25.155+0000] {processor.py:161} INFO - Started process (PID=913) to work on /home/airflow/.local/lib/python3.11/site-packages/airflow/example_dags/example_bash_operator.py
[2026-03-15T17:24:25.156+0000] {processor.py:830} INFO - Processing file /home/airflow/.local/lib/python3.11/site-packages/airflow/example_dags/example_bash_operator.py for tasks to queue
[2026-03-15T17:24:25.158+0000] {logging_mixin.py:188} INFO - [2026-03-15T17:24:25.158+0000] {dagbag.py:540} INFO - Filling up the DagBag from /home/airflow/.local/lib/python3.11/site-packages/airflow/example_dags/example_bash_operator.py
[2026-03-15T17:24:25.168+0000] {processor.py:840} INFO - DAG(s) 'example_bash_operator' retrieved from /home/airflow/.local/lib/python3.11/site-packages/airflow/example_dags/example_bash_operator.py
[2026-03-15T17:24:25.190+0000] {logging_mixin.py:188} INFO - [2026-03-15T17:24:25.189+0000] {dag.py:3047} INFO - Sync 1 DAGs
[2026-03-15T17:24:25.208+0000] {logging_mixin.py:188} INFO - [2026-03-15T17:24:25.208+0000] {dag.py:3834} INFO - Setting next_dagrun for example_bash_operator to 2026-03-14 00:00:00+00:00, run_after=2026-03-15 00:00:00+00:00
[2026-03-15T17:24:25.225+0000] {processor.py:183} INFO - Processing /home/airflow/.local/lib/python3.11/site-packages/airflow/example_dags/example_bash_operator.py took 0.073 seconds
[2026-03-15T17:24:30.002+0000] {processor.py:161} INFO - Started process (PID=963) to work on /home/airflow/.local/lib/python3.11/site-packages/airflow/example_dags/example_bash_operator.py
[2026-03-15T17:24:30.003+0000] {processor.py:830} INFO - Processing file /home/airflow/.local/lib/python3.11/site-packages/airflow/example_dags/example_bash_operator.py for tasks to queue
[2026-03-15T17:24:30.005+0000] {logging_mixin.py:188} INFO - [2026-03-15T17:24:30.004+0000] {dagbag.py:540} INFO - Filling up the DagBag from /home/airflow/.local/lib/python3.11/site-packages/airflow/example_dags/example_bash_operator.py
[2026-03-15T17:24:30.014+0000] {processor.py:840} INFO - DAG(s) 'example_bash_operator' retrieved from /home/airflow/.local/lib/python3.11/site-packages/airflow/example_dags/example_bash_operator.py
[2026-03-15T17:24:30.032+0000] {logging_mixin.py:188} INFO - [2026-03-15T17:24:30.032+0000] {dag.py:3047} INFO - Sync 1 DAGs
[2026-03-15T17:24:30.045+0000] {logging_mixin.py:188} INFO - [2026-03-15T17:24:30.045+0000] {dag.py:3834} INFO - Setting next_dagrun for example_bash_operator to 2026-03-14 00:00:00+00:00, run_after=2026-03-15 00:00:00+00:00
[2026-03-15T17:24:30.058+0000] {processor.py:183} INFO - Processing /home/airflow/.local/lib/python3.11/site-packages/airflow/example_dags/example_bash_operator.py took 0.059 seconds
[2026-03-15T17:25:18.005+0000] {processor.py:161} INFO - Started process (PID=83) to work on /home/airflow/.local/lib/python3.11/site-packages/airflow/example_dags/example_bash_operator.py
[2026-03-15T17:25:18.007+0000] {processor.py:830} INFO - Processing file /home/airflow/.local/lib/python3.11/site-packages/airflow/example_dags/example_bash_operator.py for tasks to queue
[2026-03-15T17:25:18.010+0000] {logging_mixin.py:188} INFO - [2026-03-15T17:25:18.009+0000] {dagbag.py:540} INFO - Filling up the DagBag from /home/airflow/.local/lib/python3.11/site-packages/airflow/example_dags/example_bash_operator.py
[2026-03-15T17:25:18.028+0000] {processor.py:840} INFO - DAG(s) 'example_bash_operator' retrieved from /home/airflow/.local/lib/python3.11/site-packages/airflow/example_dags/example_bash_operator.py
[2026-03-15T17:25:18.046+0000] {logging_mixin.py:188} INFO - [2026-03-15T17:25:18.046+0000] {dag.py:3047} INFO - Sync 1 DAGs
[2026-03-15T17:25:18.103+0000] {logging_mixin.py:188} INFO - [2026-03-15T17:25:18.102+0000] {dag.py:3834} INFO - Setting next_dagrun for example_bash_operator to 2026-03-14 00:00:00+00:00, run_after=2026-03-15 00:00:00+00:00
[2026-03-15T17:25:18.126+0000] {processor.py:183} INFO - Processing /home/airflow/.local/lib/python3.11/site-packages/airflow/example_dags/example_bash_operator.py took 0.125 seconds
[2026-03-15T17:25:35.872+0000] {processor.py:161} INFO - Started process (PID=133) to work on /home/airflow/.local/lib/python3.11/site-packages/airflow/example_dags/example_bash_operator.py
[2026-03-15T17:25:35.873+0000] {processor.py:830} INFO - Processing file /home/airflow/.local/lib/python3.11/site-packages/airflow/example_dags/example_bash_operator.py for tasks to queue
[2026-03-15T17:25:35.874+0000] {logging_mixin.py:188} INFO - [2026-03-15T17:25:35.874+0000] {dagbag.py:540} INFO - Filling up the DagBag from /home/airflow/.local/lib/python3.11/site-packages/airflow/example_dags/example_bash_operator.py
[2026-03-15T17:25:35.884+0000] {processor.py:840} INFO - DAG(s) 'example_bash_operator' retrieved from /home/airflow/.local/lib/python3.11/site-packages/airflow/example_dags/example_bash_operator.py
[2026-03-15T17:25:35.955+0000] {logging_mixin.py:188} INFO - [2026-03-15T17:25:35.955+0000] {dag.py:3047} INFO - Sync 1 DAGs
[2026-03-15T17:25:35.969+0000] {logging_mixin.py:188} INFO - [2026-03-15T17:25:35.969+0000] {dag.py:3834} INFO - Setting next_dagrun for example_bash_operator to 2026-03-14 00:00:00+00:00, run_after=2026-03-15 00:00:00+00:00
[2026-03-15T17:25:35.984+0000] {processor.py:183} INFO - Processing /home/airflow/.local/lib/python3.11/site-packages/airflow/example_dags/example_bash_operator.py took 0.116 seconds
[2026-03-15T17:25:39.825+0000] {processor.py:161} INFO - Started process (PID=179) to work on /home/airflow/.local/lib/python3.11/site-packages/airflow/example_dags/example_bash_operator.py
[2026-03-15T17:25:39.826+0000] {processor.py:830} INFO - Processing file /home/airflow/.local/lib/python3.11/site-packages/airflow/example_dags/example_bash_operator.py for tasks to queue
[2026-03-15T17:25:39.828+0000] {logging_mixin.py:188} INFO - [2026-03-15T17:25:39.828+0000] {dagbag.py:540} INFO - Filling up the DagBag from /home/airflow/.local/lib/python3.11/site-packages/airflow/example_dags/example_bash_operator.py
[2026-03-15T17:25:39.838+0000] {processor.py:840} INFO - DAG(s) 'example_bash_operator' retrieved from /home/airflow/.local/lib/python3.11/site-packages/airflow/example_dags/example_bash_operator.py
[2026-03-15T17:25:39.847+0000] {logging_mixin.py:188} INFO - [2026-03-15T17:25:39.847+0000] {dag.py:3047} INFO - Sync 1 DAGs
[2026-03-15T17:25:39.863+0000] {logging_mixin.py:188} INFO - [2026-03-15T17:25:39.863+0000] {dag.py:3834} INFO - Setting next_dagrun for example_bash_operator to 2026-03-14 00:00:00+00:00, run_after=2026-03-15 00:00:00+00:00
[2026-03-15T17:25:39.878+0000] {processor.py:183} INFO - Processing /home/airflow/.local/lib/python3.11/site-packages/airflow/example_dags/example_bash_operator.py took 0.056 seconds
[2026-03-15T17:25:44.892+0000] {processor.py:161} INFO - Started process (PID=222) to work on /home/airflow/.local/lib/python3.11/site-packages/airflow/example_dags/example_bash_operator.py
[2026-03-15T17:25:44.893+0000] {processor.py:830} INFO - Processing file /home/airflow/.local/lib/python3.11/site-packages/airflow/example_dags/example_bash_operator.py for tasks to queue
[2026-03-15T17:25:44.895+0000] {logging_mixin.py:188} INFO - [2026-03-15T17:25:44.894+0000] {dagbag.py:540} INFO - Filling up the DagBag from /home/airflow/.local/lib/python3.11/site-packages/airflow/example_dags/example_bash_operator.py
[2026-03-15T17:25:44.904+0000] {processor.py:840} INFO - DAG(s) 'example_bash_operator' retrieved from /home/airflow/.local/lib/python3.11/site-packages/airflow/example_dags/example_bash_operator.py
[2026-03-15T17:25:44.915+0000] {logging_mixin.py:188} INFO - [2026-03-15T17:25:44.915+0000] {dag.py:3047} INFO - Sync 1 DAGs
[2026-03-15T17:25:44.932+0000] {logging_mixin.py:188} INFO - [2026-03-15T17:25:44.932+0000] {dag.py:3834} INFO - Setting next_dagrun for example_bash_operator to 2026-03-14 00:00:00+00:00, run_after=2026-03-15 00:00:00+00:00
[2026-03-15T17:25:44.956+0000] {processor.py:183} INFO - Processing /home/airflow/.local/lib/python3.11/site-packages/airflow/example_dags/example_bash_operator.py took 0.067 seconds
[2026-03-15T17:25:49.977+0000] {processor.py:161} INFO - Started process (PID=271) to work on /home/airflow/.local/lib/python3.11/site-packages/airflow/example_dags/example_bash_operator.py
[2026-03-15T17:25:49.978+0000] {processor.py:830} INFO - Processing file /home/airflow/.local/lib/python3.11/site-packages/airflow/example_dags/example_bash_operator.py for tasks to queue
[2026-03-15T17:25:49.980+0000] {logging_mixin.py:188} INFO - [2026-03-15T17:25:49.979+0000] {dagbag.py:540} INFO - Filling up the DagBag from /home/airflow/.local/lib/python3.11/site-packages/airflow/example_dags/example_bash_operator.py
[2026-03-15T17:25:49.990+0000] {processor.py:840} INFO - DAG(s) 'example_bash_operator' retrieved from /home/airflow/.local/lib/python3.11/site-packages/airflow/example_dags/example_bash_operator.py
[2026-03-15T17:25:49.999+0000] {logging_mixin.py:188} INFO - [2026-03-15T17:25:49.999+0000] {dag.py:3047} INFO - Sync 1 DAGs
[2026-03-15T17:25:50.015+0000] {logging_mixin.py:188} INFO - [2026-03-15T17:25:50.014+0000] {dag.py:3834} INFO - Setting next_dagrun for example_bash_operator to 2026-03-14 00:00:00+00:00, run_after=2026-03-15 00:00:00+00:00
[2026-03-15T17:25:50.028+0000] {processor.py:183} INFO - Processing /home/airflow/.local/lib/python3.11/site-packages/airflow/example_dags/example_bash_operator.py took 0.054 seconds
[2026-03-15T17:26:20.173+0000] {processor.py:161} INFO - Started process (PID=322) to work on /home/airflow/.local/lib/python3.11/site-packages/airflow/example_dags/example_bash_operator.py
[2026-03-15T17:26:20.174+0000] {processor.py:830} INFO - Processing file /home/airflow/.local/lib/python3.11/site-packages/airflow/example_dags/example_bash_operator.py for tasks to queue
[2026-03-15T17:26:20.176+0000] {logging_mixin.py:188} INFO - [2026-03-15T17:26:20.176+0000] {dagbag.py:540} INFO - Filling up the DagBag from /home/airflow/.local/lib/python3.11/site-packages/airflow/example_dags/example_bash_operator.py
[2026-03-15T17:26:20.185+0000] {processor.py:840} INFO - DAG(s) 'example_bash_operator' retrieved from /home/airflow/.local/lib/python3.11/site-packages/airflow/example_dags/example_bash_operator.py
[2026-03-15T17:26:20.204+0000] {logging_mixin.py:188} INFO - [2026-03-15T17:26:20.204+0000] {dag.py:3047} INFO - Sync 1 DAGs
[2026-03-15T17:26:20.220+0000] {logging_mixin.py:188} INFO - [2026-03-15T17:26:20.220+0000] {dag.py:3834} INFO - Setting next_dagrun for example_bash_operator to 2026-03-14 00:00:00+00:00, run_after=2026-03-15 00:00:00+00:00
[2026-03-15T17:26:20.235+0000] {processor.py:183} INFO - Processing /home/airflow/.local/lib/python3.11/site-packages/airflow/example_dags/example_bash_operator.py took 0.065 seconds
[2026-03-15T17:26:50.513+0000] {processor.py:161} INFO - Started process (PID=373) to work on /home/airflow/.local/lib/python3.11/site-packages/airflow/example_dags/example_bash_operator.py
[2026-03-15T17:26:50.514+0000] {processor.py:830} INFO - Processing file /home/airflow/.local/lib/python3.11/site-packages/airflow/example_dags/example_bash_operator.py for tasks to queue
[2026-03-15T17:26:50.516+0000] {logging_mixin.py:188} INFO - [2026-03-15T17:26:50.516+0000] {dagbag.py:540} INFO - Filling up the DagBag from /home/airflow/.local/lib/python3.11/site-packages/airflow/example_dags/example_bash_operator.py
[2026-03-15T17:26:50.526+0000] {processor.py:840} INFO - DAG(s) 'example_bash_operator' retrieved from /home/airflow/.local/lib/python3.11/site-packages/airflow/example_dags/example_bash_operator.py
[2026-03-15T17:26:50.545+0000] {logging_mixin.py:188} INFO - [2026-03-15T17:26:50.545+0000] {dag.py:3047} INFO - Sync 1 DAGs
[2026-03-15T17:26:50.561+0000] {logging_mixin.py:188} INFO - [2026-03-15T17:26:50.560+0000] {dag.py:3834} INFO - Setting next_dagrun for example_bash_operator to 2026-03-14 00:00:00+00:00, run_after=2026-03-15 00:00:00+00:00
[2026-03-15T17:26:50.574+0000] {processor.py:183} INFO - Processing /home/airflow/.local/lib/python3.11/site-packages/airflow/example_dags/example_bash_operator.py took 0.064 seconds
[2026-03-15T17:26:55.290+0000] {processor.py:161} INFO - Started process (PID=423) to work on /home/airflow/.local/lib/python3.11/site-packages/airflow/example_dags/example_bash_operator.py
[2026-03-15T17:26:55.291+0000] {processor.py:830} INFO - Processing file /home/airflow/.local/lib/python3.11/site-packages/airflow/example_dags/example_bash_operator.py for tasks to queue
[2026-03-15T17:26:55.293+0000] {logging_mixin.py:188} INFO - [2026-03-15T17:26:55.293+0000] {dagbag.py:540} INFO - Filling up the DagBag from /home/airflow/.local/lib/python3.11/site-packages/airflow/example_dags/example_bash_operator.py
[2026-03-15T17:26:55.302+0000] {processor.py:840} INFO - DAG(s) 'example_bash_operator' retrieved from /home/airflow/.local/lib/python3.11/site-packages/airflow/example_dags/example_bash_operator.py
[2026-03-15T17:26:55.326+0000] {logging_mixin.py:188} INFO - [2026-03-15T17:26:55.325+0000] {dag.py:3047} INFO - Sync 1 DAGs
[2026-03-15T17:26:55.346+0000] {logging_mixin.py:188} INFO - [2026-03-15T17:26:55.346+0000] {dag.py:3834} INFO - Setting next_dagrun for example_bash_operator to 2026-03-14 00:00:00+00:00, run_after=2026-03-15 00:00:00+00:00
[2026-03-15T17:26:55.365+0000] {processor.py:183} INFO - Processing /home/airflow/.local/lib/python3.11/site-packages/airflow/example_dags/example_bash_operator.py took 0.079 seconds
[2026-03-15T17:27:05.859+0000] {processor.py:161} INFO - Started process (PID=473) to work on /home/airflow/.local/lib/python3.11/site-packages/airflow/example_dags/example_bash_operator.py
[2026-03-15T17:27:05.860+0000] {processor.py:830} INFO - Processing file /home/airflow/.local/lib/python3.11/site-packages/airflow/example_dags/example_bash_operator.py for tasks to queue
[2026-03-15T17:27:05.862+0000] {logging_mixin.py:188} INFO - [2026-03-15T17:27:05.862+0000] {dagbag.py:540} INFO - Filling up the DagBag from /home/airflow/.local/lib/python3.11/site-packages/airflow/example_dags/example_bash_operator.py
[2026-03-15T17:27:05.871+0000] {processor.py:840} INFO - DAG(s) 'example_bash_operator' retrieved from /home/airflow/.local/lib/python3.11/site-packages/airflow/example_dags/example_bash_operator.py
[2026-03-15T17:27:05.889+0000] {logging_mixin.py:188} INFO - [2026-03-15T17:27:05.888+0000] {dag.py:3047} INFO - Sync 1 DAGs
[2026-03-15T17:27:05.904+0000] {logging_mixin.py:188} INFO - [2026-03-15T17:27:05.904+0000] {dag.py:3834} INFO - Setting next_dagrun for example_bash_operator to 2026-03-14 00:00:00+00:00, run_after=2026-03-15 00:00:00+00:00
[2026-03-15T17:27:05.918+0000] {processor.py:183} INFO - Processing /home/airflow/.local/lib/python3.11/site-packages/airflow/example_dags/example_bash_operator.py took 0.061 seconds
[2026-03-15T17:27:10.260+0000] {processor.py:161} INFO - Started process (PID=522) to work on /home/airflow/.local/lib/python3.11/site-packages/airflow/example_dags/example_bash_operator.py
[2026-03-15T17:27:10.261+0000] {processor.py:830} INFO - Processing file /home/airflow/.local/lib/python3.11/site-packages/airflow/example_dags/example_bash_operator.py for tasks to queue
[2026-03-15T17:27:10.265+0000] {logging_mixin.py:188} INFO - [2026-03-15T17:27:10.264+0000] {dagbag.py:540} INFO - Filling up the DagBag from /home/airflow/.local/lib/python3.11/site-packages/airflow/example_dags/example_bash_operator.py
[2026-03-15T17:27:10.278+0000] {processor.py:840} INFO - DAG(s) 'example_bash_operator' retrieved from /home/airflow/.local/lib/python3.11/site-packages/airflow/example_dags/example_bash_operator.py
[2026-03-15T17:27:10.308+0000] {logging_mixin.py:188} INFO - [2026-03-15T17:27:10.308+0000] {dag.py:3047} INFO - Sync 1 DAGs
[2026-03-15T17:27:10.324+0000] {logging_mixin.py:188} INFO - [2026-03-15T17:27:10.323+0000] {dag.py:3834} INFO - Setting next_dagrun for example_bash_operator to 2026-03-14 00:00:00+00:00, run_after=2026-03-15 00:00:00+00:00
[2026-03-15T17:27:10.339+0000] {processor.py:183} INFO - Processing /home/airflow/.local/lib/python3.11/site-packages/airflow/example_dags/example_bash_operator.py took 0.083 seconds
[2026-03-15T17:27:57.961+0000] {processor.py:161} INFO - Started process (PID=78) to work on /home/airflow/.local/lib/python3.11/site-packages/airflow/example_dags/example_bash_operator.py
[2026-03-15T17:27:57.962+0000] {processor.py:830} INFO - Processing file /home/airflow/.local/lib/python3.11/site-packages/airflow/example_dags/example_bash_operator.py for tasks to queue
[2026-03-15T17:27:57.965+0000] {logging_mixin.py:188} INFO - [2026-03-15T17:27:57.964+0000] {dagbag.py:540} INFO - Filling up the DagBag from /home/airflow/.local/lib/python3.11/site-packages/airflow/example_dags/example_bash_operator.py
[2026-03-15T17:27:57.979+0000] {processor.py:840} INFO - DAG(s) 'example_bash_operator' retrieved from /home/airflow/.local/lib/python3.11/site-packages/airflow/example_dags/example_bash_operator.py
[2026-03-15T17:27:58.069+0000] {logging_mixin.py:188} INFO - [2026-03-15T17:27:58.068+0000] {override.py:1769} INFO - Created Permission View: can edit on DAG:example_bash_operator
[2026-03-15T17:27:58.319+0000] {logging_mixin.py:188} INFO - [2026-03-15T17:27:58.318+0000] {override.py:1769} INFO - Created Permission View: can read on DAG:example_bash_operator
[2026-03-15T17:27:58.331+0000] {logging_mixin.py:188} INFO - [2026-03-15T17:27:58.330+0000] {override.py:1769} INFO - Created Permission View: can delete on DAG:example_bash_operator
[2026-03-15T17:27:58.332+0000] {logging_mixin.py:188} INFO - [2026-03-15T17:27:58.332+0000] {dag.py:3047} INFO - Sync 1 DAGs
[2026-03-15T17:27:58.345+0000] {logging_mixin.py:188} INFO - [2026-03-15T17:27:58.345+0000] {dag.py:3069} INFO - Creating ORM DAG for example_bash_operator
[2026-03-15T17:27:58.355+0000] {logging_mixin.py:188} INFO - [2026-03-15T17:27:58.355+0000] {dag.py:3834} INFO - Setting next_dagrun for example_bash_operator to 2026-03-14 00:00:00+00:00, run_after=2026-03-15 00:00:00+00:00
[2026-03-15T17:27:58.380+0000] {processor.py:183} INFO - Processing /home/airflow/.local/lib/python3.11/site-packages/airflow/example_dags/example_bash_operator.py took 0.422 seconds
[2026-03-15T17:28:28.501+0000] {processor.py:161} INFO - Started process (PID=140) to work on /home/airflow/.local/lib/python3.11/site-packages/airflow/example_dags/example_bash_operator.py
[2026-03-15T17:28:28.503+0000] {processor.py:830} INFO - Processing file /home/airflow/.local/lib/python3.11/site-packages/airflow/example_dags/example_bash_operator.py for tasks to queue
[2026-03-15T17:28:28.506+0000] {logging_mixin.py:188} INFO - [2026-03-15T17:28:28.505+0000] {dagbag.py:540} INFO - Filling up the DagBag from /home/airflow/.local/lib/python3.11/site-packages/airflow/example_dags/example_bash_operator.py
[2026-03-15T17:28:28.520+0000] {processor.py:840} INFO - DAG(s) 'example_bash_operator' retrieved from /home/airflow/.local/lib/python3.11/site-packages/airflow/example_dags/example_bash_operator.py
[2026-03-15T17:28:28.544+0000] {logging_mixin.py:188} INFO - [2026-03-15T17:28:28.544+0000] {dag.py:3047} INFO - Sync 1 DAGs
[2026-03-15T17:28:28.566+0000] {logging_mixin.py:188} INFO - [2026-03-15T17:28:28.565+0000] {dag.py:3834} INFO - Setting next_dagrun for example_bash_operator to 2026-03-14 00:00:00+00:00, run_after=2026-03-15 00:00:00+00:00
[2026-03-15T17:28:28.692+0000] {processor.py:183} INFO - Processing /home/airflow/.local/lib/python3.11/site-packages/airflow/example_dags/example_bash_operator.py took 0.195 seconds
[2026-03-15T17:28:32.878+0000] {processor.py:161} INFO - Started process (PID=181) to work on /home/airflow/.local/lib/python3.11/site-packages/airflow/example_dags/example_bash_operator.py
[2026-03-15T17:28:32.879+0000] {processor.py:830} INFO - Processing file /home/airflow/.local/lib/python3.11/site-packages/airflow/example_dags/example_bash_operator.py for tasks to queue
[2026-03-15T17:28:32.881+0000] {logging_mixin.py:188} INFO - [2026-03-15T17:28:32.880+0000] {dagbag.py:540} INFO - Filling up the DagBag from /home/airflow/.local/lib/python3.11/site-packages/airflow/example_dags/example_bash_operator.py
[2026-03-15T17:28:32.889+0000] {processor.py:840} INFO - DAG(s) 'example_bash_operator' retrieved from /home/airflow/.local/lib/python3.11/site-packages/airflow/example_dags/example_bash_operator.py
[2026-03-15T17:28:32.907+0000] {logging_mixin.py:188} INFO - [2026-03-15T17:28:32.906+0000] {dag.py:3047} INFO - Sync 1 DAGs
[2026-03-15T17:28:32.922+0000] {logging_mixin.py:188} INFO - [2026-03-15T17:28:32.922+0000] {dag.py:3834} INFO - Setting next_dagrun for example_bash_operator to 2026-03-14 00:00:00+00:00, run_after=2026-03-15 00:00:00+00:00
[2026-03-15T17:28:32.937+0000] {processor.py:183} INFO - Processing /home/airflow/.local/lib/python3.11/site-packages/airflow/example_dags/example_bash_operator.py took 0.062 seconds
[2026-03-15T17:28:37.101+0000] {processor.py:161} INFO - Started process (PID=223) to work on /home/airflow/.local/lib/python3.11/site-packages/airflow/example_dags/example_bash_operator.py
[2026-03-15T17:28:37.102+0000] {processor.py:830} INFO - Processing file /home/airflow/.local/lib/python3.11/site-packages/airflow/example_dags/example_bash_operator.py for tasks to queue
[2026-03-15T17:28:37.104+0000] {logging_mixin.py:188} INFO - [2026-03-15T17:28:37.104+0000] {dagbag.py:540} INFO - Filling up the DagBag from /home/airflow/.local/lib/python3.11/site-packages/airflow/example_dags/example_bash_operator.py
[2026-03-15T17:28:37.112+0000] {processor.py:840} INFO - DAG(s) 'example_bash_operator' retrieved from /home/airflow/.local/lib/python3.11/site-packages/airflow/example_dags/example_bash_operator.py
[2026-03-15T17:28:37.130+0000] {logging_mixin.py:188} INFO - [2026-03-15T17:28:37.130+0000] {dag.py:3047} INFO - Sync 1 DAGs
[2026-03-15T17:28:37.146+0000] {logging_mixin.py:188} INFO - [2026-03-15T17:28:37.146+0000] {dag.py:3834} INFO - Setting next_dagrun for example_bash_operator to 2026-03-14 00:00:00+00:00, run_after=2026-03-15 00:00:00+00:00
[2026-03-15T17:28:37.163+0000] {processor.py:183} INFO - Processing /home/airflow/.local/lib/python3.11/site-packages/airflow/example_dags/example_bash_operator.py took 0.066 seconds
[2026-03-15T17:29:07.226+0000] {processor.py:161} INFO - Started process (PID=271) to work on /home/airflow/.local/lib/python3.11/site-packages/airflow/example_dags/example_bash_operator.py
[2026-03-15T17:29:07.227+0000] {processor.py:830} INFO - Processing file /home/airflow/.local/lib/python3.11/site-packages/airflow/example_dags/example_bash_operator.py for tasks to queue
[2026-03-15T17:29:07.229+0000] {logging_mixin.py:188} INFO - [2026-03-15T17:29:07.228+0000] {dagbag.py:540} INFO - Filling up the DagBag from /home/airflow/.local/lib/python3.11/site-packages/airflow/example_dags/example_bash_operator.py
[2026-03-15T17:29:07.237+0000] {processor.py:840} INFO - DAG(s) 'example_bash_operator' retrieved from /home/airflow/.local/lib/python3.11/site-packages/airflow/example_dags/example_bash_operator.py
[2026-03-15T17:29:07.256+0000] {logging_mixin.py:188} INFO - [2026-03-15T17:29:07.255+0000] {dag.py:3047} INFO - Sync 1 DAGs
[2026-03-15T17:29:07.272+0000] {logging_mixin.py:188} INFO - [2026-03-15T17:29:07.272+0000] {dag.py:3834} INFO - Setting next_dagrun for example_bash_operator to 2026-03-14 00:00:00+00:00, run_after=2026-03-15 00:00:00+00:00
[2026-03-15T17:29:07.286+0000] {processor.py:183} INFO - Processing /home/airflow/.local/lib/python3.11/site-packages/airflow/example_dags/example_bash_operator.py took 0.063 seconds
[2026-03-15T17:29:08.104+0000] {processor.py:161} INFO - Started process (PID=285) to work on /home/airflow/.local/lib/python3.11/site-packages/airflow/example_dags/example_bash_operator.py
[2026-03-15T17:29:08.105+0000] {processor.py:830} INFO - Processing file /home/airflow/.local/lib/python3.11/site-packages/airflow/example_dags/example_bash_operator.py for tasks to queue
[2026-03-15T17:29:08.107+0000] {logging_mixin.py:188} INFO - [2026-03-15T17:29:08.107+0000] {dagbag.py:540} INFO - Filling up the DagBag from /home/airflow/.local/lib/python3.11/site-packages/airflow/example_dags/example_bash_operator.py
[2026-03-15T17:29:08.116+0000] {processor.py:840} INFO - DAG(s) 'example_bash_operator' retrieved from /home/airflow/.local/lib/python3.11/site-packages/airflow/example_dags/example_bash_operator.py
[2026-03-15T17:29:08.134+0000] {logging_mixin.py:188} INFO - [2026-03-15T17:29:08.133+0000] {dag.py:3047} INFO - Sync 1 DAGs
[2026-03-15T17:29:08.150+0000] {logging_mixin.py:188} INFO - [2026-03-15T17:29:08.150+0000] {dag.py:3834} INFO - Setting next_dagrun for example_bash_operator to 2026-03-14 00:00:00+00:00, run_after=2026-03-15 00:00:00+00:00
[2026-03-15T17:29:08.164+0000] {processor.py:183} INFO - Processing /home/airflow/.local/lib/python3.11/site-packages/airflow/example_dags/example_bash_operator.py took 0.063 seconds
[2026-03-15T17:29:38.292+0000] {processor.py:161} INFO - Started process (PID=336) to work on /home/airflow/.local/lib/python3.11/site-packages/airflow/example_dags/example_bash_operator.py
[2026-03-15T17:29:38.293+0000] {processor.py:830} INFO - Processing file /home/airflow/.local/lib/python3.11/site-packages/airflow/example_dags/example_bash_operator.py for tasks to queue
[2026-03-15T17:29:38.295+0000] {logging_mixin.py:188} INFO - [2026-03-15T17:29:38.294+0000] {dagbag.py:540} INFO - Filling up the DagBag from /home/airflow/.local/lib/python3.11/site-packages/airflow/example_dags/example_bash_operator.py
[2026-03-15T17:29:38.304+0000] {processor.py:840} INFO - DAG(s) 'example_bash_operator' retrieved from /home/airflow/.local/lib/python3.11/site-packages/airflow/example_dags/example_bash_operator.py
[2026-03-15T17:29:38.323+0000] {logging_mixin.py:188} INFO - [2026-03-15T17:29:38.323+0000] {dag.py:3047} INFO - Sync 1 DAGs
[2026-03-15T17:29:38.338+0000] {logging_mixin.py:188} INFO - [2026-03-15T17:29:38.338+0000] {dag.py:3834} INFO - Setting next_dagrun for example_bash_operator to 2026-03-14 00:00:00+00:00, run_after=2026-03-15 00:00:00+00:00
[2026-03-15T17:29:38.352+0000] {processor.py:183} INFO - Processing /home/airflow/.local/lib/python3.11/site-packages/airflow/example_dags/example_bash_operator.py took 0.063 seconds
[2026-03-15T17:30:08.648+0000] {processor.py:161} INFO - Started process (PID=388) to work on /home/airflow/.local/lib/python3.11/site-packages/airflow/example_dags/example_bash_operator.py
[2026-03-15T17:30:08.649+0000] {processor.py:830} INFO - Processing file /home/airflow/.local/lib/python3.11/site-packages/airflow/example_dags/example_bash_operator.py for tasks to queue
[2026-03-15T17:30:08.651+0000] {logging_mixin.py:188} INFO - [2026-03-15T17:30:08.651+0000] {dagbag.py:540} INFO - Filling up the DagBag from /home/airflow/.local/lib/python3.11/site-packages/airflow/example_dags/example_bash_operator.py
[2026-03-15T17:30:08.661+0000] {processor.py:840} INFO - DAG(s) 'example_bash_operator' retrieved from /home/airflow/.local/lib/python3.11/site-packages/airflow/example_dags/example_bash_operator.py
[2026-03-15T17:30:08.680+0000] {logging_mixin.py:188} INFO - [2026-03-15T17:30:08.680+0000] {dag.py:3047} INFO - Sync 1 DAGs
[2026-03-15T17:30:08.698+0000] {logging_mixin.py:188} INFO - [2026-03-15T17:30:08.698+0000] {dag.py:3834} INFO - Setting next_dagrun for example_bash_operator to 2026-03-14 00:00:00+00:00, run_after=2026-03-15 00:00:00+00:00
[2026-03-15T17:30:08.713+0000] {processor.py:183} INFO - Processing /home/airflow/.local/lib/python3.11/site-packages/airflow/example_dags/example_bash_operator.py took 0.068 seconds
[2026-03-15T17:30:33.180+0000] {processor.py:161} INFO - Started process (PID=446) to work on /home/airflow/.local/lib/python3.11/site-packages/airflow/example_dags/example_bash_operator.py
[2026-03-15T17:30:33.181+0000] {processor.py:830} INFO - Processing file /home/airflow/.local/lib/python3.11/site-packages/airflow/example_dags/example_bash_operator.py for tasks to queue
[2026-03-15T17:30:33.183+0000] {logging_mixin.py:188} INFO - [2026-03-15T17:30:33.182+0000] {dagbag.py:540} INFO - Filling up the DagBag from /home/airflow/.local/lib/python3.11/site-packages/airflow/example_dags/example_bash_operator.py
[2026-03-15T17:30:33.193+0000] {processor.py:840} INFO - DAG(s) 'example_bash_operator' retrieved from /home/airflow/.local/lib/python3.11/site-packages/airflow/example_dags/example_bash_operator.py
[2026-03-15T17:30:33.214+0000] {logging_mixin.py:188} INFO - [2026-03-15T17:30:33.214+0000] {dag.py:3047} INFO - Sync 1 DAGs
[2026-03-15T17:30:33.232+0000] {logging_mixin.py:188} INFO - [2026-03-15T17:30:33.232+0000] {dag.py:3834} INFO - Setting next_dagrun for example_bash_operator to 2026-03-14 00:00:00+00:00, run_after=2026-03-15 00:00:00+00:00
[2026-03-15T17:30:33.251+0000] {processor.py:183} INFO - Processing /home/airflow/.local/lib/python3.11/site-packages/airflow/example_dags/example_bash_operator.py took 0.074 seconds
[2026-03-15T17:30:37.152+0000] {processor.py:161} INFO - Started process (PID=494) to work on /home/airflow/.local/lib/python3.11/site-packages/airflow/example_dags/example_bash_operator.py
[2026-03-15T17:30:37.153+0000] {processor.py:830} INFO - Processing file /home/airflow/.local/lib/python3.11/site-packages/airflow/example_dags/example_bash_operator.py for tasks to queue
[2026-03-15T17:30:37.155+0000] {logging_mixin.py:188} INFO - [2026-03-15T17:30:37.155+0000] {dagbag.py:540} INFO - Filling up the DagBag from /home/airflow/.local/lib/python3.11/site-packages/airflow/example_dags/example_bash_operator.py
[2026-03-15T17:30:37.164+0000] {processor.py:840} INFO - DAG(s) 'example_bash_operator' retrieved from /home/airflow/.local/lib/python3.11/site-packages/airflow/example_dags/example_bash_operator.py
[2026-03-15T17:30:37.182+0000] {logging_mixin.py:188} INFO - [2026-03-15T17:30:37.182+0000] {dag.py:3047} INFO - Sync 1 DAGs
[2026-03-15T17:30:37.198+0000] {logging_mixin.py:188} INFO - [2026-03-15T17:30:37.198+0000] {dag.py:3834} INFO - Setting next_dagrun for example_bash_operator to 2026-03-14 00:00:00+00:00, run_after=2026-03-15 00:00:00+00:00
[2026-03-15T17:30:37.213+0000] {processor.py:183} INFO - Processing /home/airflow/.local/lib/python3.11/site-packages/airflow/example_dags/example_bash_operator.py took 0.064 seconds
[2026-03-15T17:31:07.730+0000] {processor.py:161} INFO - Started process (PID=548) to work on /home/airflow/.local/lib/python3.11/site-packages/airflow/example_dags/example_bash_operator.py
[2026-03-15T17:31:07.731+0000] {processor.py:830} INFO - Processing file /home/airflow/.local/lib/python3.11/site-packages/airflow/example_dags/example_bash_operator.py for tasks to queue
[2026-03-15T17:31:07.734+0000] {logging_mixin.py:188} INFO - [2026-03-15T17:31:07.733+0000] {dagbag.py:540} INFO - Filling up the DagBag from /home/airflow/.local/lib/python3.11/site-packages/airflow/example_dags/example_bash_operator.py
[2026-03-15T17:31:07.742+0000] {processor.py:840} INFO - DAG(s) 'example_bash_operator' retrieved from /home/airflow/.local/lib/python3.11/site-packages/airflow/example_dags/example_bash_operator.py
[2026-03-15T17:31:07.761+0000] {logging_mixin.py:188} INFO - [2026-03-15T17:31:07.761+0000] {dag.py:3047} INFO - Sync 1 DAGs
[2026-03-15T17:31:07.777+0000] {logging_mixin.py:188} INFO - [2026-03-15T17:31:07.777+0000] {dag.py:3834} INFO - Setting next_dagrun for example_bash_operator to 2026-03-14 00:00:00+00:00, run_after=2026-03-15 00:00:00+00:00
[2026-03-15T17:31:56.976+0000] {processor.py:183} INFO - Processing /home/airflow/.local/lib/python3.11/site-packages/airflow/example_dags/example_bash_operator.py took 0.064 seconds
[2026-03-15T17:31:43.253+0000] {processor.py:161} INFO - Started process (PID=657) to work on /home/airflow/.local/lib/python3.11/site-packages/airflow/example_dags/example_bash_operator.py
[2026-03-15T17:31:43.254+0000] {processor.py:830} INFO - Processing file /home/airflow/.local/lib/python3.11/site-packages/airflow/example_dags/example_bash_operator.py for tasks to queue
[2026-03-15T17:31:43.256+0000] {logging_mixin.py:188} INFO - [2026-03-15T17:31:43.256+0000] {dagbag.py:540} INFO - Filling up the DagBag from /home/airflow/.local/lib/python3.11/site-packages/airflow/example_dags/example_bash_operator.py
[2026-03-15T17:31:43.266+0000] {processor.py:840} INFO - DAG(s) 'example_bash_operator' retrieved from /home/airflow/.local/lib/python3.11/site-packages/airflow/example_dags/example_bash_operator.py
[2026-03-15T17:31:43.289+0000] {logging_mixin.py:188} INFO - [2026-03-15T17:31:43.289+0000] {dag.py:3047} INFO - Sync 1 DAGs
[2026-03-15T17:31:43.306+0000] {logging_mixin.py:188} INFO - [2026-03-15T17:31:43.306+0000] {dag.py:3834} INFO - Setting next_dagrun for example_bash_operator to 2026-03-14 00:00:00+00:00, run_after=2026-03-15 00:00:00+00:00
[2026-03-15T17:31:43.323+0000] {processor.py:183} INFO - Processing /home/airflow/.local/lib/python3.11/site-packages/airflow/example_dags/example_bash_operator.py took 0.074 seconds
[2026-03-15T17:32:13.933+0000] {processor.py:161} INFO - Started process (PID=714) to work on /home/airflow/.local/lib/python3.11/site-packages/airflow/example_dags/example_bash_operator.py
[2026-03-15T17:32:13.935+0000] {processor.py:830} INFO - Processing file /home/airflow/.local/lib/python3.11/site-packages/airflow/example_dags/example_bash_operator.py for tasks to queue
[2026-03-15T17:32:13.937+0000] {logging_mixin.py:188} INFO - [2026-03-15T17:32:13.937+0000] {dagbag.py:540} INFO - Filling up the DagBag from /home/airflow/.local/lib/python3.11/site-packages/airflow/example_dags/example_bash_operator.py
[2026-03-15T17:32:13.952+0000] {processor.py:840} INFO - DAG(s) 'example_bash_operator' retrieved from /home/airflow/.local/lib/python3.11/site-packages/airflow/example_dags/example_bash_operator.py
[2026-03-15T17:32:13.975+0000] {logging_mixin.py:188} INFO - [2026-03-15T17:32:13.975+0000] {dag.py:3047} INFO - Sync 1 DAGs
[2026-03-15T17:32:13.996+0000] {logging_mixin.py:188} INFO - [2026-03-15T17:32:13.996+0000] {dag.py:3834} INFO - Setting next_dagrun for example_bash_operator to 2026-03-14 00:00:00+00:00, run_after=2026-03-15 00:00:00+00:00
[2026-03-15T17:32:14.020+0000] {processor.py:183} INFO - Processing /home/airflow/.local/lib/python3.11/site-packages/airflow/example_dags/example_bash_operator.py took 0.091 seconds
[2026-03-15T17:32:44.626+0000] {processor.py:161} INFO - Started process (PID=767) to work on /home/airflow/.local/lib/python3.11/site-packages/airflow/example_dags/example_bash_operator.py
[2026-03-15T17:32:44.627+0000] {processor.py:830} INFO - Processing file /home/airflow/.local/lib/python3.11/site-packages/airflow/example_dags/example_bash_operator.py for tasks to queue
[2026-03-15T17:32:44.629+0000] {logging_mixin.py:188} INFO - [2026-03-15T17:32:44.628+0000] {dagbag.py:540} INFO - Filling up the DagBag from /home/airflow/.local/lib/python3.11/site-packages/airflow/example_dags/example_bash_operator.py
[2026-03-15T17:32:44.639+0000] {processor.py:840} INFO - DAG(s) 'example_bash_operator' retrieved from /home/airflow/.local/lib/python3.11/site-packages/airflow/example_dags/example_bash_operator.py
[2026-03-15T17:32:44.661+0000] {logging_mixin.py:188} INFO - [2026-03-15T17:32:44.661+0000] {dag.py:3047} INFO - Sync 1 DAGs
[2026-03-15T17:32:44.679+0000] {logging_mixin.py:188} INFO - [2026-03-15T17:32:44.678+0000] {dag.py:3834} INFO - Setting next_dagrun for example_bash_operator to 2026-03-14 00:00:00+00:00, run_after=2026-03-15 00:00:00+00:00
[2026-03-15T17:32:44.695+0000] {processor.py:183} INFO - Processing /home/airflow/.local/lib/python3.11/site-packages/airflow/example_dags/example_bash_operator.py took 0.072 seconds
[2026-03-15T17:32:58.335+0000] {processor.py:161} INFO - Started process (PID=817) to work on /home/airflow/.local/lib/python3.11/site-packages/airflow/example_dags/example_bash_operator.py
[2026-03-15T17:32:58.336+0000] {processor.py:830} INFO - Processing file /home/airflow/.local/lib/python3.11/site-packages/airflow/example_dags/example_bash_operator.py for tasks to queue
[2026-03-15T17:32:58.338+0000] {logging_mixin.py:188} INFO - [2026-03-15T17:32:58.338+0000] {dagbag.py:540} INFO - Filling up the DagBag from /home/airflow/.local/lib/python3.11/site-packages/airflow/example_dags/example_bash_operator.py
[2026-03-15T17:32:58.351+0000] {processor.py:840} INFO - DAG(s) 'example_bash_operator' retrieved from /home/airflow/.local/lib/python3.11/site-packages/airflow/example_dags/example_bash_operator.py
[2026-03-15T17:32:58.371+0000] {logging_mixin.py:188} INFO - [2026-03-15T17:32:58.371+0000] {dag.py:3047} INFO - Sync 1 DAGs
[2026-03-15T17:32:58.388+0000] {logging_mixin.py:188} INFO - [2026-03-15T17:32:58.388+0000] {dag.py:3834} INFO - Setting next_dagrun for example_bash_operator to 2026-03-14 00:00:00+00:00, run_after=2026-03-15 00:00:00+00:00
[2026-03-15T17:32:58.404+0000] {processor.py:183} INFO - Processing /home/airflow/.local/lib/python3.11/site-packages/airflow/example_dags/example_bash_operator.py took 0.072 seconds
[2026-03-15T17:33:13.478+0000] {processor.py:161} INFO - Started process (PID=870) to work on /home/airflow/.local/lib/python3.11/site-packages/airflow/example_dags/example_bash_operator.py
[2026-03-15T17:33:13.479+0000] {processor.py:830} INFO - Processing file /home/airflow/.local/lib/python3.11/site-packages/airflow/example_dags/example_bash_operator.py for tasks to queue
[2026-03-15T17:33:13.483+0000] {logging_mixin.py:188} INFO - [2026-03-15T17:33:13.483+0000] {dagbag.py:540} INFO - Filling up the DagBag from /home/airflow/.local/lib/python3.11/site-packages/airflow/example_dags/example_bash_operator.py
[2026-03-15T17:33:13.492+0000] {processor.py:840} INFO - DAG(s) 'example_bash_operator' retrieved from /home/airflow/.local/lib/python3.11/site-packages/airflow/example_dags/example_bash_operator.py
[2026-03-15T17:33:13.511+0000] {logging_mixin.py:188} INFO - [2026-03-15T17:33:13.511+0000] {dag.py:3047} INFO - Sync 1 DAGs
[2026-03-15T17:33:13.527+0000] {logging_mixin.py:188} INFO - [2026-03-15T17:33:13.526+0000] {dag.py:3834} INFO - Setting next_dagrun for example_bash_operator to 2026-03-14 00:00:00+00:00, run_after=2026-03-15 00:00:00+00:00
[2026-03-15T17:33:13.541+0000] {processor.py:183} INFO - Processing /home/airflow/.local/lib/python3.11/site-packages/airflow/example_dags/example_bash_operator.py took 0.066 seconds
[2026-03-15T17:33:43.789+0000] {processor.py:161} INFO - Started process (PID=927) to work on /home/airflow/.local/lib/python3.11/site-packages/airflow/example_dags/example_bash_operator.py
[2026-03-15T17:33:43.790+0000] {processor.py:830} INFO - Processing file /home/airflow/.local/lib/python3.11/site-packages/airflow/example_dags/example_bash_operator.py for tasks to queue
[2026-03-15T17:33:43.792+0000] {logging_mixin.py:188} INFO - [2026-03-15T17:33:43.792+0000] {dagbag.py:540} INFO - Filling up the DagBag from /home/airflow/.local/lib/python3.11/site-packages/airflow/example_dags/example_bash_operator.py
[2026-03-15T17:33:43.802+0000] {processor.py:840} INFO - DAG(s) 'example_bash_operator' retrieved from /home/airflow/.local/lib/python3.11/site-packages/airflow/example_dags/example_bash_operator.py
[2026-03-15T17:33:43.820+0000] {logging_mixin.py:188} INFO - [2026-03-15T17:33:43.820+0000] {dag.py:3047} INFO - Sync 1 DAGs
[2026-03-15T17:33:43.837+0000] {logging_mixin.py:188} INFO - [2026-03-15T17:33:43.837+0000] {dag.py:3834} INFO - Setting next_dagrun for example_bash_operator to 2026-03-14 00:00:00+00:00, run_after=2026-03-15 00:00:00+00:00
[2026-03-15T17:33:43.852+0000] {processor.py:183} INFO - Processing /home/airflow/.local/lib/python3.11/site-packages/airflow/example_dags/example_bash_operator.py took 0.066 seconds
[2026-03-15T17:33:48.563+0000] {processor.py:161} INFO - Started process (PID=977) to work on /home/airflow/.local/lib/python3.11/site-packages/airflow/example_dags/example_bash_operator.py
[2026-03-15T17:33:48.564+0000] {processor.py:830} INFO - Processing file /home/airflow/.local/lib/python3.11/site-packages/airflow/example_dags/example_bash_operator.py for tasks to queue
[2026-03-15T17:33:48.566+0000] {logging_mixin.py:188} INFO - [2026-03-15T17:33:48.566+0000] {dagbag.py:540} INFO - Filling up the DagBag from /home/airflow/.local/lib/python3.11/site-packages/airflow/example_dags/example_bash_operator.py
[2026-03-15T17:33:48.576+0000] {processor.py:840} INFO - DAG(s) 'example_bash_operator' retrieved from /home/airflow/.local/lib/python3.11/site-packages/airflow/example_dags/example_bash_operator.py
[2026-03-15T17:33:48.595+0000] {logging_mixin.py:188} INFO - [2026-03-15T17:33:48.595+0000] {dag.py:3047} INFO - Sync 1 DAGs
[2026-03-15T17:33:48.611+0000] {logging_mixin.py:188} INFO - [2026-03-15T17:33:48.611+0000] {dag.py:3834} INFO - Setting next_dagrun for example_bash_operator to 2026-03-14 00:00:00+00:00, run_after=2026-03-15 00:00:00+00:00
[2026-03-15T17:33:48.624+0000] {processor.py:183} INFO - Processing /home/airflow/.local/lib/python3.11/site-packages/airflow/example_dags/example_bash_operator.py took 0.065 seconds
[2026-03-15T17:34:07.287+0000] {processor.py:161} INFO - Started process (PID=1033) to work on /home/airflow/.local/lib/python3.11/site-packages/airflow/example_dags/example_bash_operator.py
[2026-03-15T17:34:07.288+0000] {processor.py:830} INFO - Processing file /home/airflow/.local/lib/python3.11/site-packages/airflow/example_dags/example_bash_operator.py for tasks to queue
[2026-03-15T17:34:07.290+0000] {logging_mixin.py:188} INFO - [2026-03-15T17:34:07.289+0000] {dagbag.py:540} INFO - Filling up the DagBag from /home/airflow/.local/lib/python3.11/site-packages/airflow/example_dags/example_bash_operator.py
[2026-03-15T17:34:07.298+0000] {processor.py:840} INFO - DAG(s) 'example_bash_operator' retrieved from /home/airflow/.local/lib/python3.11/site-packages/airflow/example_dags/example_bash_operator.py
[2026-03-15T17:34:07.314+0000] {logging_mixin.py:188} INFO - [2026-03-15T17:34:07.313+0000] {dag.py:3047} INFO - Sync 1 DAGs
[2026-03-15T17:34:07.327+0000] {logging_mixin.py:188} INFO - [2026-03-15T17:34:07.327+0000] {dag.py:3834} INFO - Setting next_dagrun for example_bash_operator to 2026-03-14 00:00:00+00:00, run_after=2026-03-15 00:00:00+00:00
[2026-03-15T17:34:07.341+0000] {processor.py:183} INFO - Processing /home/airflow/.local/lib/python3.11/site-packages/airflow/example_dags/example_bash_operator.py took 0.057 seconds
[2026-03-15T17:34:13.520+0000] {processor.py:161} INFO - Started process (PID=1081) to work on /home/airflow/.local/lib/python3.11/site-packages/airflow/example_dags/example_bash_operator.py
[2026-03-15T17:34:13.521+0000] {processor.py:830} INFO - Processing file /home/airflow/.local/lib/python3.11/site-packages/airflow/example_dags/example_bash_operator.py for tasks to queue
[2026-03-15T17:34:13.523+0000] {logging_mixin.py:188} INFO - [2026-03-15T17:34:13.523+0000] {dagbag.py:540} INFO - Filling up the DagBag from /home/airflow/.local/lib/python3.11/site-packages/airflow/example_dags/example_bash_operator.py
[2026-03-15T17:34:13.532+0000] {processor.py:840} INFO - DAG(s) 'example_bash_operator' retrieved from /home/airflow/.local/lib/python3.11/site-packages/airflow/example_dags/example_bash_operator.py
[2026-03-15T17:34:13.560+0000] {logging_mixin.py:188} INFO - [2026-03-15T17:34:13.559+0000] {dag.py:3047} INFO - Sync 1 DAGs
[2026-03-15T17:34:13.580+0000] {logging_mixin.py:188} INFO - [2026-03-15T17:34:13.580+0000] {dag.py:3834} INFO - Setting next_dagrun for example_bash_operator to 2026-03-14 00:00:00+00:00, run_after=2026-03-15 00:00:00+00:00
[2026-03-15T17:34:13.599+0000] {processor.py:183} INFO - Processing /home/airflow/.local/lib/python3.11/site-packages/airflow/example_dags/example_bash_operator.py took 0.082 seconds
[2026-03-15T17:34:18.319+0000] {processor.py:161} INFO - Started process (PID=1122) to work on /home/airflow/.local/lib/python3.11/site-packages/airflow/example_dags/example_bash_operator.py
[2026-03-15T17:34:18.320+0000] {processor.py:830} INFO - Processing file /home/airflow/.local/lib/python3.11/site-packages/airflow/example_dags/example_bash_operator.py for tasks to queue
[2026-03-15T17:34:18.322+0000] {logging_mixin.py:188} INFO - [2026-03-15T17:34:18.322+0000] {dagbag.py:540} INFO - Filling up the DagBag from /home/airflow/.local/lib/python3.11/site-packages/airflow/example_dags/example_bash_operator.py
[2026-03-15T17:34:18.333+0000] {processor.py:840} INFO - DAG(s) 'example_bash_operator' retrieved from /home/airflow/.local/lib/python3.11/site-packages/airflow/example_dags/example_bash_operator.py
[2026-03-15T17:34:18.353+0000] {logging_mixin.py:188} INFO - [2026-03-15T17:34:18.353+0000] {dag.py:3047} INFO - Sync 1 DAGs
[2026-03-15T17:34:18.368+0000] {logging_mixin.py:188} INFO - [2026-03-15T17:34:18.368+0000] {dag.py:3834} INFO - Setting next_dagrun for example_bash_operator to 2026-03-14 00:00:00+00:00, run_after=2026-03-15 00:00:00+00:00
[2026-03-15T17:34:18.385+0000] {processor.py:183} INFO - Processing /home/airflow/.local/lib/python3.11/site-packages/airflow/example_dags/example_bash_operator.py took 0.070 seconds
[2026-03-15T17:35:12.420+0000] {processor.py:161} INFO - Started process (PID=1161) to work on /home/airflow/.local/lib/python3.11/site-packages/airflow/example_dags/example_bash_operator.py
[2026-03-15T17:35:12.421+0000] {processor.py:830} INFO - Processing file /home/airflow/.local/lib/python3.11/site-packages/airflow/example_dags/example_bash_operator.py for tasks to queue
[2026-03-15T17:35:12.422+0000] {logging_mixin.py:188} INFO - [2026-03-15T17:35:12.422+0000] {dagbag.py:540} INFO - Filling up the DagBag from /home/airflow/.local/lib/python3.11/site-packages/airflow/example_dags/example_bash_operator.py
[2026-03-15T17:35:12.430+0000] {processor.py:840} INFO - DAG(s) 'example_bash_operator' retrieved from /home/airflow/.local/lib/python3.11/site-packages/airflow/example_dags/example_bash_operator.py
[2026-03-15T17:35:12.449+0000] {logging_mixin.py:188} INFO - [2026-03-15T17:35:12.448+0000] {dag.py:3047} INFO - Sync 1 DAGs
[2026-03-15T17:35:12.464+0000] {logging_mixin.py:188} INFO - [2026-03-15T17:35:12.464+0000] {dag.py:3834} INFO - Setting next_dagrun for example_bash_operator to 2026-03-14 00:00:00+00:00, run_after=2026-03-15 00:00:00+00:00
[2026-03-15T17:35:12.479+0000] {processor.py:183} INFO - Processing /home/airflow/.local/lib/python3.11/site-packages/airflow/example_dags/example_bash_operator.py took 0.061 seconds
[2026-03-15T17:34:53.462+0000] {processor.py:161} INFO - Started process (PID=1329) to work on /home/airflow/.local/lib/python3.11/site-packages/airflow/example_dags/example_bash_operator.py
[2026-03-15T17:34:53.463+0000] {processor.py:830} INFO - Processing file /home/airflow/.local/lib/python3.11/site-packages/airflow/example_dags/example_bash_operator.py for tasks to queue
[2026-03-15T17:34:53.465+0000] {logging_mixin.py:188} INFO - [2026-03-15T17:34:53.465+0000] {dagbag.py:540} INFO - Filling up the DagBag from /home/airflow/.local/lib/python3.11/site-packages/airflow/example_dags/example_bash_operator.py
[2026-03-15T17:34:53.473+0000] {processor.py:840} INFO - DAG(s) 'example_bash_operator' retrieved from /home/airflow/.local/lib/python3.11/site-packages/airflow/example_dags/example_bash_operator.py
[2026-03-15T17:34:53.490+0000] {logging_mixin.py:188} INFO - [2026-03-15T17:34:53.490+0000] {dag.py:3047} INFO - Sync 1 DAGs
[2026-03-15T17:34:53.505+0000] {logging_mixin.py:188} INFO - [2026-03-15T17:34:53.505+0000] {dag.py:3834} INFO - Setting next_dagrun for example_bash_operator to 2026-03-14 00:00:00+00:00, run_after=2026-03-15 00:00:00+00:00
[2026-03-15T17:34:53.518+0000] {processor.py:183} INFO - Processing /home/airflow/.local/lib/python3.11/site-packages/airflow/example_dags/example_bash_operator.py took 0.058 seconds
[2026-03-15T17:35:47.584+0000] {processor.py:161} INFO - Started process (PID=1369) to work on /home/airflow/.local/lib/python3.11/site-packages/airflow/example_dags/example_bash_operator.py
[2026-03-15T17:35:47.585+0000] {processor.py:830} INFO - Processing file /home/airflow/.local/lib/python3.11/site-packages/airflow/example_dags/example_bash_operator.py for tasks to queue
[2026-03-15T17:35:47.587+0000] {logging_mixin.py:188} INFO - [2026-03-15T17:35:47.587+0000] {dagbag.py:540} INFO - Filling up the DagBag from /home/airflow/.local/lib/python3.11/site-packages/airflow/example_dags/example_bash_operator.py
[2026-03-15T17:35:47.595+0000] {processor.py:840} INFO - DAG(s) 'example_bash_operator' retrieved from /home/airflow/.local/lib/python3.11/site-packages/airflow/example_dags/example_bash_operator.py
[2026-03-15T17:34:58.462+0000] {logging_mixin.py:188} INFO - [2026-03-15T17:34:58.462+0000] {dag.py:3047} INFO - Sync 1 DAGs
[2026-03-15T17:34:58.477+0000] {logging_mixin.py:188} INFO - [2026-03-15T17:34:58.477+0000] {dag.py:3834} INFO - Setting next_dagrun for example_bash_operator to 2026-03-14 00:00:00+00:00, run_after=2026-03-15 00:00:00+00:00
[2026-03-15T17:34:58.493+0000] {processor.py:183} INFO - Processing /home/airflow/.local/lib/python3.11/site-packages/airflow/example_dags/example_bash_operator.py took 0.062 seconds
[2026-03-15T17:35:56.639+0000] {processor.py:161} INFO - Started process (PID=1412) to work on /home/airflow/.local/lib/python3.11/site-packages/airflow/example_dags/example_bash_operator.py
[2026-03-15T17:35:56.641+0000] {processor.py:830} INFO - Processing file /home/airflow/.local/lib/python3.11/site-packages/airflow/example_dags/example_bash_operator.py for tasks to queue
[2026-03-15T17:35:56.643+0000] {logging_mixin.py:188} INFO - [2026-03-15T17:35:56.643+0000] {dagbag.py:540} INFO - Filling up the DagBag from /home/airflow/.local/lib/python3.11/site-packages/airflow/example_dags/example_bash_operator.py
[2026-03-15T17:35:56.654+0000] {processor.py:840} INFO - DAG(s) 'example_bash_operator' retrieved from /home/airflow/.local/lib/python3.11/site-packages/airflow/example_dags/example_bash_operator.py
[2026-03-15T17:35:56.677+0000] {logging_mixin.py:188} INFO - [2026-03-15T17:35:56.676+0000] {dag.py:3047} INFO - Sync 1 DAGs
[2026-03-15T17:35:56.692+0000] {logging_mixin.py:188} INFO - [2026-03-15T17:35:56.692+0000] {dag.py:3834} INFO - Setting next_dagrun for example_bash_operator to 2026-03-14 00:00:00+00:00, run_after=2026-03-15 00:00:00+00:00
[2026-03-15T17:35:56.709+0000] {processor.py:183} INFO - Processing /home/airflow/.local/lib/python3.11/site-packages/airflow/example_dags/example_bash_operator.py took 0.072 seconds
[2026-03-15T17:35:48.896+0000] {processor.py:161} INFO - Started process (PID=1502) to work on /home/airflow/.local/lib/python3.11/site-packages/airflow/example_dags/example_bash_operator.py
[2026-03-15T17:35:48.897+0000] {processor.py:830} INFO - Processing file /home/airflow/.local/lib/python3.11/site-packages/airflow/example_dags/example_bash_operator.py for tasks to queue
[2026-03-15T17:35:48.899+0000] {logging_mixin.py:188} INFO - [2026-03-15T17:35:48.899+0000] {dagbag.py:540} INFO - Filling up the DagBag from /home/airflow/.local/lib/python3.11/site-packages/airflow/example_dags/example_bash_operator.py
[2026-03-15T17:35:48.909+0000] {processor.py:840} INFO - DAG(s) 'example_bash_operator' retrieved from /home/airflow/.local/lib/python3.11/site-packages/airflow/example_dags/example_bash_operator.py
[2026-03-15T17:35:48.932+0000] {logging_mixin.py:188} INFO - [2026-03-15T17:35:48.932+0000] {dag.py:3047} INFO - Sync 1 DAGs
[2026-03-15T17:35:48.948+0000] {logging_mixin.py:188} INFO - [2026-03-15T17:35:48.947+0000] {dag.py:3834} INFO - Setting next_dagrun for example_bash_operator to 2026-03-14 00:00:00+00:00, run_after=2026-03-15 00:00:00+00:00
[2026-03-15T17:35:48.962+0000] {processor.py:183} INFO - Processing /home/airflow/.local/lib/python3.11/site-packages/airflow/example_dags/example_bash_operator.py took 0.068 seconds
[2026-03-15T17:36:42.942+0000] {processor.py:161} INFO - Started process (PID=1540) to work on /home/airflow/.local/lib/python3.11/site-packages/airflow/example_dags/example_bash_operator.py
[2026-03-15T17:36:42.943+0000] {processor.py:830} INFO - Processing file /home/airflow/.local/lib/python3.11/site-packages/airflow/example_dags/example_bash_operator.py for tasks to queue
[2026-03-15T17:36:42.945+0000] {logging_mixin.py:188} INFO - [2026-03-15T17:36:42.945+0000] {dagbag.py:540} INFO - Filling up the DagBag from /home/airflow/.local/lib/python3.11/site-packages/airflow/example_dags/example_bash_operator.py
[2026-03-15T17:36:42.954+0000] {processor.py:840} INFO - DAG(s) 'example_bash_operator' retrieved from /home/airflow/.local/lib/python3.11/site-packages/airflow/example_dags/example_bash_operator.py
[2026-03-15T17:35:53.785+0000] {logging_mixin.py:188} INFO - [2026-03-15T17:35:53.784+0000] {dag.py:3047} INFO - Sync 1 DAGs
[2026-03-15T17:35:53.802+0000] {logging_mixin.py:188} INFO - [2026-03-15T17:35:53.801+0000] {dag.py:3834} INFO - Setting next_dagrun for example_bash_operator to 2026-03-14 00:00:00+00:00, run_after=2026-03-15 00:00:00+00:00
[2026-03-15T17:35:53.820+0000] {processor.py:183} INFO - Processing /home/airflow/.local/lib/python3.11/site-packages/airflow/example_dags/example_bash_operator.py took 0.069 seconds
[2026-03-15T17:36:56.775+0000] {processor.py:161} INFO - Started process (PID=1584) to work on /home/airflow/.local/lib/python3.11/site-packages/airflow/example_dags/example_bash_operator.py
[2026-03-15T17:36:56.776+0000] {processor.py:830} INFO - Processing file /home/airflow/.local/lib/python3.11/site-packages/airflow/example_dags/example_bash_operator.py for tasks to queue
[2026-03-15T17:36:56.777+0000] {logging_mixin.py:188} INFO - [2026-03-15T17:36:56.777+0000] {dagbag.py:540} INFO - Filling up the DagBag from /home/airflow/.local/lib/python3.11/site-packages/airflow/example_dags/example_bash_operator.py
[2026-03-15T17:36:56.785+0000] {processor.py:840} INFO - DAG(s) 'example_bash_operator' retrieved from /home/airflow/.local/lib/python3.11/site-packages/airflow/example_dags/example_bash_operator.py
[2026-03-15T17:36:56.802+0000] {logging_mixin.py:188} INFO - [2026-03-15T17:36:56.802+0000] {dag.py:3047} INFO - Sync 1 DAGs
[2026-03-15T17:36:56.821+0000] {logging_mixin.py:188} INFO - [2026-03-15T17:36:56.820+0000] {dag.py:3834} INFO - Setting next_dagrun for example_bash_operator to 2026-03-14 00:00:00+00:00, run_after=2026-03-15 00:00:00+00:00
[2026-03-15T17:36:56.835+0000] {processor.py:183} INFO - Processing /home/airflow/.local/lib/python3.11/site-packages/airflow/example_dags/example_bash_operator.py took 0.062 seconds
[2026-03-15T17:37:19.177+0000] {processor.py:161} INFO - Started process (PID=1760) to work on /home/airflow/.local/lib/python3.11/site-packages/airflow/example_dags/example_bash_operator.py
[2026-03-15T17:37:19.178+0000] {processor.py:830} INFO - Processing file /home/airflow/.local/lib/python3.11/site-packages/airflow/example_dags/example_bash_operator.py for tasks to queue
[2026-03-15T17:37:19.180+0000] {logging_mixin.py:188} INFO - [2026-03-15T17:37:19.180+0000] {dagbag.py:540} INFO - Filling up the DagBag from /home/airflow/.local/lib/python3.11/site-packages/airflow/example_dags/example_bash_operator.py
[2026-03-15T17:37:19.188+0000] {processor.py:840} INFO - DAG(s) 'example_bash_operator' retrieved from /home/airflow/.local/lib/python3.11/site-packages/airflow/example_dags/example_bash_operator.py
[2026-03-15T17:37:19.205+0000] {logging_mixin.py:188} INFO - [2026-03-15T17:37:19.205+0000] {dag.py:3047} INFO - Sync 1 DAGs
[2026-03-15T17:37:19.219+0000] {logging_mixin.py:188} INFO - [2026-03-15T17:37:19.219+0000] {dag.py:3834} INFO - Setting next_dagrun for example_bash_operator to 2026-03-14 00:00:00+00:00, run_after=2026-03-15 00:00:00+00:00
[2026-03-15T17:37:19.233+0000] {processor.py:183} INFO - Processing /home/airflow/.local/lib/python3.11/site-packages/airflow/example_dags/example_bash_operator.py took 0.058 seconds
[2026-03-15T17:37:37.825+0000] {processor.py:161} INFO - Started process (PID=1815) to work on /home/airflow/.local/lib/python3.11/site-packages/airflow/example_dags/example_bash_operator.py
[2026-03-15T17:37:37.826+0000] {processor.py:830} INFO - Processing file /home/airflow/.local/lib/python3.11/site-packages/airflow/example_dags/example_bash_operator.py for tasks to queue
[2026-03-15T17:37:37.828+0000] {logging_mixin.py:188} INFO - [2026-03-15T17:37:37.827+0000] {dagbag.py:540} INFO - Filling up the DagBag from /home/airflow/.local/lib/python3.11/site-packages/airflow/example_dags/example_bash_operator.py
[2026-03-15T17:37:37.836+0000] {processor.py:840} INFO - DAG(s) 'example_bash_operator' retrieved from /home/airflow/.local/lib/python3.11/site-packages/airflow/example_dags/example_bash_operator.py
[2026-03-15T17:37:37.854+0000] {logging_mixin.py:188} INFO - [2026-03-15T17:37:37.853+0000] {dag.py:3047} INFO - Sync 1 DAGs
[2026-03-15T17:37:37.869+0000] {logging_mixin.py:188} INFO - [2026-03-15T17:37:37.869+0000] {dag.py:3834} INFO - Setting next_dagrun for example_bash_operator to 2026-03-14 00:00:00+00:00, run_after=2026-03-15 00:00:00+00:00
[2026-03-15T17:37:37.884+0000] {processor.py:183} INFO - Processing /home/airflow/.local/lib/python3.11/site-packages/airflow/example_dags/example_bash_operator.py took 0.061 seconds
[2026-03-15T17:37:44.033+0000] {processor.py:161} INFO - Started process (PID=1859) to work on /home/airflow/.local/lib/python3.11/site-packages/airflow/example_dags/example_bash_operator.py
[2026-03-15T17:37:44.035+0000] {processor.py:830} INFO - Processing file /home/airflow/.local/lib/python3.11/site-packages/airflow/example_dags/example_bash_operator.py for tasks to queue
[2026-03-15T17:37:44.037+0000] {logging_mixin.py:188} INFO - [2026-03-15T17:37:44.037+0000] {dagbag.py:540} INFO - Filling up the DagBag from /home/airflow/.local/lib/python3.11/site-packages/airflow/example_dags/example_bash_operator.py
[2026-03-15T17:37:44.050+0000] {processor.py:840} INFO - DAG(s) 'example_bash_operator' retrieved from /home/airflow/.local/lib/python3.11/site-packages/airflow/example_dags/example_bash_operator.py
[2026-03-15T17:37:44.070+0000] {logging_mixin.py:188} INFO - [2026-03-15T17:37:44.070+0000] {dag.py:3047} INFO - Sync 1 DAGs
[2026-03-15T17:37:44.088+0000] {logging_mixin.py:188} INFO - [2026-03-15T17:37:44.088+0000] {dag.py:3834} INFO - Setting next_dagrun for example_bash_operator to 2026-03-14 00:00:00+00:00, run_after=2026-03-15 00:00:00+00:00
[2026-03-15T17:37:44.111+0000] {processor.py:183} INFO - Processing /home/airflow/.local/lib/python3.11/site-packages/airflow/example_dags/example_bash_operator.py took 0.081 seconds
[2026-03-15T17:38:56.752+0000] {processor.py:161} INFO - Started process (PID=1904) to work on /home/airflow/.local/lib/python3.11/site-packages/airflow/example_dags/example_bash_operator.py
[2026-03-15T17:38:56.752+0000] {processor.py:830} INFO - Processing file /home/airflow/.local/lib/python3.11/site-packages/airflow/example_dags/example_bash_operator.py for tasks to queue
[2026-03-15T17:38:56.754+0000] {logging_mixin.py:188} INFO - [2026-03-15T17:38:56.754+0000] {dagbag.py:540} INFO - Filling up the DagBag from /home/airflow/.local/lib/python3.11/site-packages/airflow/example_dags/example_bash_operator.py
[2026-03-15T17:38:56.762+0000] {processor.py:840} INFO - DAG(s) 'example_bash_operator' retrieved from /home/airflow/.local/lib/python3.11/site-packages/airflow/example_dags/example_bash_operator.py
[2026-03-15T17:38:56.780+0000] {logging_mixin.py:188} INFO - [2026-03-15T17:38:56.780+0000] {dag.py:3047} INFO - Sync 1 DAGs
[2026-03-15T17:38:56.794+0000] {logging_mixin.py:188} INFO - [2026-03-15T17:38:56.794+0000] {dag.py:3834} INFO - Setting next_dagrun for example_bash_operator to 2026-03-14 00:00:00+00:00, run_after=2026-03-15 00:00:00+00:00
[2026-03-15T17:38:56.806+0000] {processor.py:183} INFO - Processing /home/airflow/.local/lib/python3.11/site-packages/airflow/example_dags/example_bash_operator.py took 0.057 seconds
[2026-03-15T17:38:44.193+0000] {processor.py:161} INFO - Started process (PID=1995) to work on /home/airflow/.local/lib/python3.11/site-packages/airflow/example_dags/example_bash_operator.py
[2026-03-15T17:38:44.193+0000] {processor.py:830} INFO - Processing file /home/airflow/.local/lib/python3.11/site-packages/airflow/example_dags/example_bash_operator.py for tasks to queue
[2026-03-15T17:38:44.195+0000] {logging_mixin.py:188} INFO - [2026-03-15T17:38:44.195+0000] {dagbag.py:540} INFO - Filling up the DagBag from /home/airflow/.local/lib/python3.11/site-packages/airflow/example_dags/example_bash_operator.py
[2026-03-15T17:38:44.205+0000] {processor.py:840} INFO - DAG(s) 'example_bash_operator' retrieved from /home/airflow/.local/lib/python3.11/site-packages/airflow/example_dags/example_bash_operator.py
[2026-03-15T17:38:44.224+0000] {logging_mixin.py:188} INFO - [2026-03-15T17:38:44.224+0000] {dag.py:3047} INFO - Sync 1 DAGs
[2026-03-15T17:38:44.240+0000] {logging_mixin.py:188} INFO - [2026-03-15T17:38:44.240+0000] {dag.py:3834} INFO - Setting next_dagrun for example_bash_operator to 2026-03-14 00:00:00+00:00, run_after=2026-03-15 00:00:00+00:00
[2026-03-15T17:38:44.256+0000] {processor.py:183} INFO - Processing /home/airflow/.local/lib/python3.11/site-packages/airflow/example_dags/example_bash_operator.py took 0.066 seconds
[2026-03-15T17:39:08.055+0000] {processor.py:161} INFO - Started process (PID=2045) to work on /home/airflow/.local/lib/python3.11/site-packages/airflow/example_dags/example_bash_operator.py
[2026-03-15T17:39:08.056+0000] {processor.py:830} INFO - Processing file /home/airflow/.local/lib/python3.11/site-packages/airflow/example_dags/example_bash_operator.py for tasks to queue
[2026-03-15T17:39:08.058+0000] {logging_mixin.py:188} INFO - [2026-03-15T17:39:08.058+0000] {dagbag.py:540} INFO - Filling up the DagBag from /home/airflow/.local/lib/python3.11/site-packages/airflow/example_dags/example_bash_operator.py
[2026-03-15T17:39:08.068+0000] {processor.py:840} INFO - DAG(s) 'example_bash_operator' retrieved from /home/airflow/.local/lib/python3.11/site-packages/airflow/example_dags/example_bash_operator.py
[2026-03-15T17:39:08.090+0000] {logging_mixin.py:188} INFO - [2026-03-15T17:39:08.090+0000] {dag.py:3047} INFO - Sync 1 DAGs
[2026-03-15T17:39:08.106+0000] {logging_mixin.py:188} INFO - [2026-03-15T17:39:08.106+0000] {dag.py:3834} INFO - Setting next_dagrun for example_bash_operator to 2026-03-14 00:00:00+00:00, run_after=2026-03-15 00:00:00+00:00
[2026-03-15T17:39:08.124+0000] {processor.py:183} INFO - Processing /home/airflow/.local/lib/python3.11/site-packages/airflow/example_dags/example_bash_operator.py took 0.073 seconds
[2026-03-15T17:39:14.432+0000] {processor.py:161} INFO - Started process (PID=2089) to work on /home/airflow/.local/lib/python3.11/site-packages/airflow/example_dags/example_bash_operator.py
[2026-03-15T17:39:14.434+0000] {processor.py:830} INFO - Processing file /home/airflow/.local/lib/python3.11/site-packages/airflow/example_dags/example_bash_operator.py for tasks to queue
[2026-03-15T17:39:14.438+0000] {logging_mixin.py:188} INFO - [2026-03-15T17:39:14.438+0000] {dagbag.py:540} INFO - Filling up the DagBag from /home/airflow/.local/lib/python3.11/site-packages/airflow/example_dags/example_bash_operator.py
[2026-03-15T17:39:14.448+0000] {processor.py:840} INFO - DAG(s) 'example_bash_operator' retrieved from /home/airflow/.local/lib/python3.11/site-packages/airflow/example_dags/example_bash_operator.py
[2026-03-15T17:39:14.468+0000] {logging_mixin.py:188} INFO - [2026-03-15T17:39:14.468+0000] {dag.py:3047} INFO - Sync 1 DAGs
[2026-03-15T17:39:14.485+0000] {logging_mixin.py:188} INFO - [2026-03-15T17:39:14.485+0000] {dag.py:3834} INFO - Setting next_dagrun for example_bash_operator to 2026-03-14 00:00:00+00:00, run_after=2026-03-15 00:00:00+00:00
[2026-03-15T17:39:14.501+0000] {processor.py:183} INFO - Processing /home/airflow/.local/lib/python3.11/site-packages/airflow/example_dags/example_bash_operator.py took 0.072 seconds
[2026-03-15T17:40:12.255+0000] {processor.py:161} INFO - Started process (PID=57) to work on /home/airflow/.local/lib/python3.11/site-packages/airflow/example_dags/example_bash_operator.py
[2026-03-15T17:40:12.256+0000] {processor.py:830} INFO - Processing file /home/airflow/.local/lib/python3.11/site-packages/airflow/example_dags/example_bash_operator.py for tasks to queue
[2026-03-15T17:40:12.259+0000] {logging_mixin.py:188} INFO - [2026-03-15T17:40:12.259+0000] {dagbag.py:540} INFO - Filling up the DagBag from /home/airflow/.local/lib/python3.11/site-packages/airflow/example_dags/example_bash_operator.py
[2026-03-15T17:40:12.275+0000] {processor.py:840} INFO - DAG(s) 'example_bash_operator' retrieved from /home/airflow/.local/lib/python3.11/site-packages/airflow/example_dags/example_bash_operator.py
[2026-03-15T17:40:12.291+0000] {logging_mixin.py:188} INFO - [2026-03-15T17:40:12.291+0000] {dag.py:3047} INFO - Sync 1 DAGs
[2026-03-15T17:40:12.323+0000] {logging_mixin.py:188} INFO - [2026-03-15T17:40:12.322+0000] {dag.py:3834} INFO - Setting next_dagrun for example_bash_operator to 2026-03-14 00:00:00+00:00, run_after=2026-03-15 00:00:00+00:00
[2026-03-15T17:40:12.342+0000] {processor.py:183} INFO - Processing /home/airflow/.local/lib/python3.11/site-packages/airflow/example_dags/example_bash_operator.py took 0.092 seconds
[2026-03-15T17:40:19.540+0000] {processor.py:161} INFO - Started process (PID=113) to work on /home/airflow/.local/lib/python3.11/site-packages/airflow/example_dags/example_bash_operator.py
[2026-03-15T17:40:19.541+0000] {processor.py:830} INFO - Processing file /home/airflow/.local/lib/python3.11/site-packages/airflow/example_dags/example_bash_operator.py for tasks to queue
[2026-03-15T17:40:19.543+0000] {logging_mixin.py:188} INFO - [2026-03-15T17:40:19.543+0000] {dagbag.py:540} INFO - Filling up the DagBag from /home/airflow/.local/lib/python3.11/site-packages/airflow/example_dags/example_bash_operator.py
[2026-03-15T17:40:19.551+0000] {processor.py:840} INFO - DAG(s) 'example_bash_operator' retrieved from /home/airflow/.local/lib/python3.11/site-packages/airflow/example_dags/example_bash_operator.py
[2026-03-15T17:40:19.561+0000] {logging_mixin.py:188} INFO - [2026-03-15T17:40:19.561+0000] {dag.py:3047} INFO - Sync 1 DAGs
[2026-03-15T17:40:19.580+0000] {logging_mixin.py:188} INFO - [2026-03-15T17:40:19.580+0000] {dag.py:3834} INFO - Setting next_dagrun for example_bash_operator to 2026-03-14 00:00:00+00:00, run_after=2026-03-15 00:00:00+00:00
[2026-03-15T17:40:19.595+0000] {processor.py:183} INFO - Processing /home/airflow/.local/lib/python3.11/site-packages/airflow/example_dags/example_bash_operator.py took 0.057 seconds
[2026-03-15T17:40:50.398+0000] {processor.py:161} INFO - Started process (PID=168) to work on /home/airflow/.local/lib/python3.11/site-packages/airflow/example_dags/example_bash_operator.py
[2026-03-15T17:40:50.400+0000] {processor.py:830} INFO - Processing file /home/airflow/.local/lib/python3.11/site-packages/airflow/example_dags/example_bash_operator.py for tasks to queue
[2026-03-15T17:40:50.402+0000] {logging_mixin.py:188} INFO - [2026-03-15T17:40:50.402+0000] {dagbag.py:540} INFO - Filling up the DagBag from /home/airflow/.local/lib/python3.11/site-packages/airflow/example_dags/example_bash_operator.py
[2026-03-15T17:40:50.412+0000] {processor.py:840} INFO - DAG(s) 'example_bash_operator' retrieved from /home/airflow/.local/lib/python3.11/site-packages/airflow/example_dags/example_bash_operator.py
[2026-03-15T17:40:50.500+0000] {logging_mixin.py:188} INFO - [2026-03-15T17:40:50.500+0000] {dag.py:3047} INFO - Sync 1 DAGs
[2026-03-15T17:40:50.517+0000] {logging_mixin.py:188} INFO - [2026-03-15T17:40:50.516+0000] {dag.py:3834} INFO - Setting next_dagrun for example_bash_operator to 2026-03-14 00:00:00+00:00, run_after=2026-03-15 00:00:00+00:00
[2026-03-15T17:40:50.539+0000] {processor.py:183} INFO - Processing /home/airflow/.local/lib/python3.11/site-packages/airflow/example_dags/example_bash_operator.py took 0.144 seconds
[2026-03-15T17:41:07.962+0000] {processor.py:161} INFO - Started process (PID=217) to work on /home/airflow/.local/lib/python3.11/site-packages/airflow/example_dags/example_bash_operator.py
[2026-03-15T17:41:07.963+0000] {processor.py:830} INFO - Processing file /home/airflow/.local/lib/python3.11/site-packages/airflow/example_dags/example_bash_operator.py for tasks to queue
[2026-03-15T17:41:07.965+0000] {logging_mixin.py:188} INFO - [2026-03-15T17:41:07.965+0000] {dagbag.py:540} INFO - Filling up the DagBag from /home/airflow/.local/lib/python3.11/site-packages/airflow/example_dags/example_bash_operator.py
[2026-03-15T17:41:07.974+0000] {processor.py:840} INFO - DAG(s) 'example_bash_operator' retrieved from /home/airflow/.local/lib/python3.11/site-packages/airflow/example_dags/example_bash_operator.py
[2026-03-15T17:41:07.984+0000] {logging_mixin.py:188} INFO - [2026-03-15T17:41:07.984+0000] {dag.py:3047} INFO - Sync 1 DAGs
[2026-03-15T17:41:08.000+0000] {logging_mixin.py:188} INFO - [2026-03-15T17:41:07.999+0000] {dag.py:3834} INFO - Setting next_dagrun for example_bash_operator to 2026-03-14 00:00:00+00:00, run_after=2026-03-15 00:00:00+00:00
[2026-03-15T17:41:08.013+0000] {processor.py:183} INFO - Processing /home/airflow/.local/lib/python3.11/site-packages/airflow/example_dags/example_bash_operator.py took 0.053 seconds
[2026-03-15T17:41:14.452+0000] {processor.py:161} INFO - Started process (PID=267) to work on /home/airflow/.local/lib/python3.11/site-packages/airflow/example_dags/example_bash_operator.py
[2026-03-15T17:41:14.453+0000] {processor.py:830} INFO - Processing file /home/airflow/.local/lib/python3.11/site-packages/airflow/example_dags/example_bash_operator.py for tasks to queue
[2026-03-15T17:41:14.454+0000] {logging_mixin.py:188} INFO - [2026-03-15T17:41:14.454+0000] {dagbag.py:540} INFO - Filling up the DagBag from /home/airflow/.local/lib/python3.11/site-packages/airflow/example_dags/example_bash_operator.py
[2026-03-15T17:41:14.462+0000] {processor.py:840} INFO - DAG(s) 'example_bash_operator' retrieved from /home/airflow/.local/lib/python3.11/site-packages/airflow/example_dags/example_bash_operator.py
[2026-03-15T17:41:14.470+0000] {logging_mixin.py:188} INFO - [2026-03-15T17:41:14.470+0000] {dag.py:3047} INFO - Sync 1 DAGs
[2026-03-15T17:41:14.485+0000] {logging_mixin.py:188} INFO - [2026-03-15T17:41:14.485+0000] {dag.py:3834} INFO - Setting next_dagrun for example_bash_operator to 2026-03-14 00:00:00+00:00, run_after=2026-03-15 00:00:00+00:00
[2026-03-15T17:41:14.498+0000] {processor.py:183} INFO - Processing /home/airflow/.local/lib/python3.11/site-packages/airflow/example_dags/example_bash_operator.py took 0.049 seconds
[2026-03-15T17:41:19.393+0000] {processor.py:161} INFO - Started process (PID=315) to work on /home/airflow/.local/lib/python3.11/site-packages/airflow/example_dags/example_bash_operator.py
[2026-03-15T17:41:19.394+0000] {processor.py:830} INFO - Processing file /home/airflow/.local/lib/python3.11/site-packages/airflow/example_dags/example_bash_operator.py for tasks to queue
[2026-03-15T17:41:19.396+0000] {logging_mixin.py:188} INFO - [2026-03-15T17:41:19.396+0000] {dagbag.py:540} INFO - Filling up the DagBag from /home/airflow/.local/lib/python3.11/site-packages/airflow/example_dags/example_bash_operator.py
[2026-03-15T17:41:19.407+0000] {processor.py:840} INFO - DAG(s) 'example_bash_operator' retrieved from /home/airflow/.local/lib/python3.11/site-packages/airflow/example_dags/example_bash_operator.py
[2026-03-15T17:41:19.416+0000] {logging_mixin.py:188} INFO - [2026-03-15T17:41:19.416+0000] {dag.py:3047} INFO - Sync 1 DAGs
[2026-03-15T17:41:19.433+0000] {logging_mixin.py:188} INFO - [2026-03-15T17:41:19.432+0000] {dag.py:3834} INFO - Setting next_dagrun for example_bash_operator to 2026-03-14 00:00:00+00:00, run_after=2026-03-15 00:00:00+00:00
[2026-03-15T17:41:19.448+0000] {processor.py:183} INFO - Processing /home/airflow/.local/lib/python3.11/site-packages/airflow/example_dags/example_bash_operator.py took 0.059 seconds
[2026-03-15T17:41:50.093+0000] {processor.py:161} INFO - Started process (PID=361) to work on /home/airflow/.local/lib/python3.11/site-packages/airflow/example_dags/example_bash_operator.py
[2026-03-15T17:41:50.094+0000] {processor.py:830} INFO - Processing file /home/airflow/.local/lib/python3.11/site-packages/airflow/example_dags/example_bash_operator.py for tasks to queue
[2026-03-15T17:41:50.095+0000] {logging_mixin.py:188} INFO - [2026-03-15T17:41:50.095+0000] {dagbag.py:540} INFO - Filling up the DagBag from /home/airflow/.local/lib/python3.11/site-packages/airflow/example_dags/example_bash_operator.py
[2026-03-15T17:41:50.104+0000] {processor.py:840} INFO - DAG(s) 'example_bash_operator' retrieved from /home/airflow/.local/lib/python3.11/site-packages/airflow/example_dags/example_bash_operator.py
[2026-03-15T17:41:50.123+0000] {logging_mixin.py:188} INFO - [2026-03-15T17:41:50.123+0000] {dag.py:3047} INFO - Sync 1 DAGs
[2026-03-15T17:41:50.138+0000] {logging_mixin.py:188} INFO - [2026-03-15T17:41:50.138+0000] {dag.py:3834} INFO - Setting next_dagrun for example_bash_operator to 2026-03-14 00:00:00+00:00, run_after=2026-03-15 00:00:00+00:00
[2026-03-15T17:41:50.151+0000] {processor.py:183} INFO - Processing /home/airflow/.local/lib/python3.11/site-packages/airflow/example_dags/example_bash_operator.py took 0.061 seconds
[2026-03-15T17:42:13.660+0000] {processor.py:161} INFO - Started process (PID=406) to work on /home/airflow/.local/lib/python3.11/site-packages/airflow/example_dags/example_bash_operator.py
[2026-03-15T17:42:13.661+0000] {processor.py:830} INFO - Processing file /home/airflow/.local/lib/python3.11/site-packages/airflow/example_dags/example_bash_operator.py for tasks to queue
[2026-03-15T17:42:13.664+0000] {logging_mixin.py:188} INFO - [2026-03-15T17:42:13.663+0000] {dagbag.py:540} INFO - Filling up the DagBag from /home/airflow/.local/lib/python3.11/site-packages/airflow/example_dags/example_bash_operator.py
[2026-03-15T17:42:13.674+0000] {processor.py:840} INFO - DAG(s) 'example_bash_operator' retrieved from /home/airflow/.local/lib/python3.11/site-packages/airflow/example_dags/example_bash_operator.py
[2026-03-15T17:42:13.697+0000] {logging_mixin.py:188} INFO - [2026-03-15T17:42:13.696+0000] {dag.py:3047} INFO - Sync 1 DAGs
[2026-03-15T17:42:13.714+0000] {logging_mixin.py:188} INFO - [2026-03-15T17:42:13.714+0000] {dag.py:3834} INFO - Setting next_dagrun for example_bash_operator to 2026-03-14 00:00:00+00:00, run_after=2026-03-15 00:00:00+00:00
[2026-03-15T17:42:13.730+0000] {processor.py:183} INFO - Processing /home/airflow/.local/lib/python3.11/site-packages/airflow/example_dags/example_bash_operator.py took 0.074 seconds
[2026-03-15T17:42:43.990+0000] {processor.py:161} INFO - Started process (PID=458) to work on /home/airflow/.local/lib/python3.11/site-packages/airflow/example_dags/example_bash_operator.py
[2026-03-15T17:42:43.992+0000] {processor.py:830} INFO - Processing file /home/airflow/.local/lib/python3.11/site-packages/airflow/example_dags/example_bash_operator.py for tasks to queue
[2026-03-15T17:42:43.994+0000] {logging_mixin.py:188} INFO - [2026-03-15T17:42:43.994+0000] {dagbag.py:540} INFO - Filling up the DagBag from /home/airflow/.local/lib/python3.11/site-packages/airflow/example_dags/example_bash_operator.py
[2026-03-15T17:42:44.003+0000] {processor.py:840} INFO - DAG(s) 'example_bash_operator' retrieved from /home/airflow/.local/lib/python3.11/site-packages/airflow/example_dags/example_bash_operator.py
[2026-03-15T17:42:44.023+0000] {logging_mixin.py:188} INFO - [2026-03-15T17:42:44.023+0000] {dag.py:3047} INFO - Sync 1 DAGs
[2026-03-15T17:42:44.042+0000] {logging_mixin.py:188} INFO - [2026-03-15T17:42:44.041+0000] {dag.py:3834} INFO - Setting next_dagrun for example_bash_operator to 2026-03-14 00:00:00+00:00, run_after=2026-03-15 00:00:00+00:00
[2026-03-15T17:42:44.058+0000] {processor.py:183} INFO - Processing /home/airflow/.local/lib/python3.11/site-packages/airflow/example_dags/example_bash_operator.py took 0.073 seconds
[2026-03-15T17:43:14.185+0000] {processor.py:161} INFO - Started process (PID=510) to work on /home/airflow/.local/lib/python3.11/site-packages/airflow/example_dags/example_bash_operator.py
[2026-03-15T17:43:14.186+0000] {processor.py:830} INFO - Processing file /home/airflow/.local/lib/python3.11/site-packages/airflow/example_dags/example_bash_operator.py for tasks to queue
[2026-03-15T17:43:14.188+0000] {logging_mixin.py:188} INFO - [2026-03-15T17:43:14.188+0000] {dagbag.py:540} INFO - Filling up the DagBag from /home/airflow/.local/lib/python3.11/site-packages/airflow/example_dags/example_bash_operator.py
[2026-03-15T17:43:14.197+0000] {processor.py:840} INFO - DAG(s) 'example_bash_operator' retrieved from /home/airflow/.local/lib/python3.11/site-packages/airflow/example_dags/example_bash_operator.py
[2026-03-15T17:43:14.215+0000] {logging_mixin.py:188} INFO - [2026-03-15T17:43:14.215+0000] {dag.py:3047} INFO - Sync 1 DAGs
[2026-03-15T17:43:14.230+0000] {logging_mixin.py:188} INFO - [2026-03-15T17:43:14.230+0000] {dag.py:3834} INFO - Setting next_dagrun for example_bash_operator to 2026-03-14 00:00:00+00:00, run_after=2026-03-15 00:00:00+00:00
[2026-03-15T17:43:14.247+0000] {processor.py:183} INFO - Processing /home/airflow/.local/lib/python3.11/site-packages/airflow/example_dags/example_bash_operator.py took 0.064 seconds
[2026-03-15T17:43:18.836+0000] {processor.py:161} INFO - Started process (PID=566) to work on /home/airflow/.local/lib/python3.11/site-packages/airflow/example_dags/example_bash_operator.py
[2026-03-15T17:43:18.837+0000] {processor.py:830} INFO - Processing file /home/airflow/.local/lib/python3.11/site-packages/airflow/example_dags/example_bash_operator.py for tasks to queue
[2026-03-15T17:43:18.838+0000] {logging_mixin.py:188} INFO - [2026-03-15T17:43:18.838+0000] {dagbag.py:540} INFO - Filling up the DagBag from /home/airflow/.local/lib/python3.11/site-packages/airflow/example_dags/example_bash_operator.py
[2026-03-15T17:43:18.847+0000] {processor.py:840} INFO - DAG(s) 'example_bash_operator' retrieved from /home/airflow/.local/lib/python3.11/site-packages/airflow/example_dags/example_bash_operator.py
[2026-03-15T17:43:18.866+0000] {logging_mixin.py:188} INFO - [2026-03-15T17:43:18.866+0000] {dag.py:3047} INFO - Sync 1 DAGs
[2026-03-15T17:43:18.881+0000] {logging_mixin.py:188} INFO - [2026-03-15T17:43:18.881+0000] {dag.py:3834} INFO - Setting next_dagrun for example_bash_operator to 2026-03-14 00:00:00+00:00, run_after=2026-03-15 00:00:00+00:00
[2026-03-15T17:43:18.896+0000] {processor.py:183} INFO - Processing /home/airflow/.local/lib/python3.11/site-packages/airflow/example_dags/example_bash_operator.py took 0.062 seconds
[2026-03-15T17:43:49.016+0000] {processor.py:161} INFO - Started process (PID=620) to work on /home/airflow/.local/lib/python3.11/site-packages/airflow/example_dags/example_bash_operator.py
[2026-03-15T17:43:49.017+0000] {processor.py:830} INFO - Processing file /home/airflow/.local/lib/python3.11/site-packages/airflow/example_dags/example_bash_operator.py for tasks to queue
[2026-03-15T17:43:49.019+0000] {logging_mixin.py:188} INFO - [2026-03-15T17:43:49.019+0000] {dagbag.py:540} INFO - Filling up the DagBag from /home/airflow/.local/lib/python3.11/site-packages/airflow/example_dags/example_bash_operator.py
[2026-03-15T17:43:49.028+0000] {processor.py:840} INFO - DAG(s) 'example_bash_operator' retrieved from /home/airflow/.local/lib/python3.11/site-packages/airflow/example_dags/example_bash_operator.py
[2026-03-15T17:43:49.047+0000] {logging_mixin.py:188} INFO - [2026-03-15T17:43:49.046+0000] {dag.py:3047} INFO - Sync 1 DAGs
[2026-03-15T17:43:49.062+0000] {logging_mixin.py:188} INFO - [2026-03-15T17:43:49.062+0000] {dag.py:3834} INFO - Setting next_dagrun for example_bash_operator to 2026-03-14 00:00:00+00:00, run_after=2026-03-15 00:00:00+00:00
[2026-03-15T17:43:49.075+0000] {processor.py:183} INFO - Processing /home/airflow/.local/lib/python3.11/site-packages/airflow/example_dags/example_bash_operator.py took 0.061 seconds
[2026-03-15T17:44:13.756+0000] {processor.py:161} INFO - Started process (PID=670) to work on /home/airflow/.local/lib/python3.11/site-packages/airflow/example_dags/example_bash_operator.py
[2026-03-15T17:44:13.757+0000] {processor.py:830} INFO - Processing file /home/airflow/.local/lib/python3.11/site-packages/airflow/example_dags/example_bash_operator.py for tasks to queue
[2026-03-15T17:44:13.759+0000] {logging_mixin.py:188} INFO - [2026-03-15T17:44:13.758+0000] {dagbag.py:540} INFO - Filling up the DagBag from /home/airflow/.local/lib/python3.11/site-packages/airflow/example_dags/example_bash_operator.py
[2026-03-15T17:44:13.768+0000] {processor.py:840} INFO - DAG(s) 'example_bash_operator' retrieved from /home/airflow/.local/lib/python3.11/site-packages/airflow/example_dags/example_bash_operator.py
[2026-03-15T17:44:13.789+0000] {logging_mixin.py:188} INFO - [2026-03-15T17:44:13.788+0000] {dag.py:3047} INFO - Sync 1 DAGs
[2026-03-15T17:44:13.805+0000] {logging_mixin.py:188} INFO - [2026-03-15T17:44:13.805+0000] {dag.py:3834} INFO - Setting next_dagrun for example_bash_operator to 2026-03-14 00:00:00+00:00, run_after=2026-03-15 00:00:00+00:00
[2026-03-15T17:44:13.822+0000] {processor.py:183} INFO - Processing /home/airflow/.local/lib/python3.11/site-packages/airflow/example_dags/example_bash_operator.py took 0.069 seconds
[2026-03-15T17:44:44.412+0000] {processor.py:161} INFO - Started process (PID=726) to work on /home/airflow/.local/lib/python3.11/site-packages/airflow/example_dags/example_bash_operator.py
[2026-03-15T17:44:44.413+0000] {processor.py:830} INFO - Processing file /home/airflow/.local/lib/python3.11/site-packages/airflow/example_dags/example_bash_operator.py for tasks to queue
[2026-03-15T17:44:44.414+0000] {logging_mixin.py:188} INFO - [2026-03-15T17:44:44.414+0000] {dagbag.py:540} INFO - Filling up the DagBag from /home/airflow/.local/lib/python3.11/site-packages/airflow/example_dags/example_bash_operator.py
[2026-03-15T17:44:44.423+0000] {processor.py:840} INFO - DAG(s) 'example_bash_operator' retrieved from /home/airflow/.local/lib/python3.11/site-packages/airflow/example_dags/example_bash_operator.py
[2026-03-15T17:44:44.441+0000] {logging_mixin.py:188} INFO - [2026-03-15T17:44:44.441+0000] {dag.py:3047} INFO - Sync 1 DAGs
[2026-03-15T17:44:44.457+0000] {logging_mixin.py:188} INFO - [2026-03-15T17:44:44.457+0000] {dag.py:3834} INFO - Setting next_dagrun for example_bash_operator to 2026-03-14 00:00:00+00:00, run_after=2026-03-15 00:00:00+00:00
[2026-03-15T17:44:44.471+0000] {processor.py:183} INFO - Processing /home/airflow/.local/lib/python3.11/site-packages/airflow/example_dags/example_bash_operator.py took 0.062 seconds
[2026-03-15T17:44:48.920+0000] {processor.py:161} INFO - Started process (PID=782) to work on /home/airflow/.local/lib/python3.11/site-packages/airflow/example_dags/example_bash_operator.py
[2026-03-15T17:44:48.921+0000] {processor.py:830} INFO - Processing file /home/airflow/.local/lib/python3.11/site-packages/airflow/example_dags/example_bash_operator.py for tasks to queue
[2026-03-15T17:44:48.923+0000] {logging_mixin.py:188} INFO - [2026-03-15T17:44:48.922+0000] {dagbag.py:540} INFO - Filling up the DagBag from /home/airflow/.local/lib/python3.11/site-packages/airflow/example_dags/example_bash_operator.py
[2026-03-15T17:44:48.932+0000] {processor.py:840} INFO - DAG(s) 'example_bash_operator' retrieved from /home/airflow/.local/lib/python3.11/site-packages/airflow/example_dags/example_bash_operator.py
[2026-03-15T17:44:48.949+0000] {logging_mixin.py:188} INFO - [2026-03-15T17:44:48.949+0000] {dag.py:3047} INFO - Sync 1 DAGs
[2026-03-15T17:44:48.964+0000] {logging_mixin.py:188} INFO - [2026-03-15T17:44:48.964+0000] {dag.py:3834} INFO - Setting next_dagrun for example_bash_operator to 2026-03-14 00:00:00+00:00, run_after=2026-03-15 00:00:00+00:00
[2026-03-15T17:44:48.977+0000] {processor.py:183} INFO - Processing /home/airflow/.local/lib/python3.11/site-packages/airflow/example_dags/example_bash_operator.py took 0.060 seconds
[2026-03-15T17:45:19.096+0000] {processor.py:161} INFO - Started process (PID=835) to work on /home/airflow/.local/lib/python3.11/site-packages/airflow/example_dags/example_bash_operator.py
[2026-03-15T17:45:19.096+0000] {processor.py:830} INFO - Processing file /home/airflow/.local/lib/python3.11/site-packages/airflow/example_dags/example_bash_operator.py for tasks to queue
[2026-03-15T17:45:19.098+0000] {logging_mixin.py:188} INFO - [2026-03-15T17:45:19.098+0000] {dagbag.py:540} INFO - Filling up the DagBag from /home/airflow/.local/lib/python3.11/site-packages/airflow/example_dags/example_bash_operator.py
[2026-03-15T17:45:19.107+0000] {processor.py:840} INFO - DAG(s) 'example_bash_operator' retrieved from /home/airflow/.local/lib/python3.11/site-packages/airflow/example_dags/example_bash_operator.py
[2026-03-15T17:45:19.127+0000] {logging_mixin.py:188} INFO - [2026-03-15T17:45:19.127+0000] {dag.py:3047} INFO - Sync 1 DAGs
[2026-03-15T17:45:19.146+0000] {logging_mixin.py:188} INFO - [2026-03-15T17:45:19.146+0000] {dag.py:3834} INFO - Setting next_dagrun for example_bash_operator to 2026-03-14 00:00:00+00:00, run_after=2026-03-15 00:00:00+00:00
[2026-03-15T17:45:19.161+0000] {processor.py:183} INFO - Processing /home/airflow/.local/lib/python3.11/site-packages/airflow/example_dags/example_bash_operator.py took 0.068 seconds
[2026-03-15T17:45:23.897+0000] {processor.py:161} INFO - Started process (PID=885) to work on /home/airflow/.local/lib/python3.11/site-packages/airflow/example_dags/example_bash_operator.py
[2026-03-15T17:45:23.898+0000] {processor.py:830} INFO - Processing file /home/airflow/.local/lib/python3.11/site-packages/airflow/example_dags/example_bash_operator.py for tasks to queue
[2026-03-15T17:45:23.900+0000] {logging_mixin.py:188} INFO - [2026-03-15T17:45:23.900+0000] {dagbag.py:540} INFO - Filling up the DagBag from /home/airflow/.local/lib/python3.11/site-packages/airflow/example_dags/example_bash_operator.py
[2026-03-15T17:45:23.908+0000] {processor.py:840} INFO - DAG(s) 'example_bash_operator' retrieved from /home/airflow/.local/lib/python3.11/site-packages/airflow/example_dags/example_bash_operator.py
[2026-03-15T17:45:23.927+0000] {logging_mixin.py:188} INFO - [2026-03-15T17:45:23.927+0000] {dag.py:3047} INFO - Sync 1 DAGs
[2026-03-15T17:45:23.943+0000] {logging_mixin.py:188} INFO - [2026-03-15T17:45:23.942+0000] {dag.py:3834} INFO - Setting next_dagrun for example_bash_operator to 2026-03-14 00:00:00+00:00, run_after=2026-03-15 00:00:00+00:00
[2026-03-15T17:45:23.957+0000] {processor.py:183} INFO - Processing /home/airflow/.local/lib/python3.11/site-packages/airflow/example_dags/example_bash_operator.py took 0.064 seconds
[2026-03-15T17:45:54.188+0000] {processor.py:161} INFO - Started process (PID=937) to work on /home/airflow/.local/lib/python3.11/site-packages/airflow/example_dags/example_bash_operator.py
[2026-03-15T17:45:54.189+0000] {processor.py:830} INFO - Processing file /home/airflow/.local/lib/python3.11/site-packages/airflow/example_dags/example_bash_operator.py for tasks to queue
[2026-03-15T17:45:54.190+0000] {logging_mixin.py:188} INFO - [2026-03-15T17:45:54.190+0000] {dagbag.py:540} INFO - Filling up the DagBag from /home/airflow/.local/lib/python3.11/site-packages/airflow/example_dags/example_bash_operator.py
[2026-03-15T17:45:54.199+0000] {processor.py:840} INFO - DAG(s) 'example_bash_operator' retrieved from /home/airflow/.local/lib/python3.11/site-packages/airflow/example_dags/example_bash_operator.py
[2026-03-15T17:45:54.217+0000] {logging_mixin.py:188} INFO - [2026-03-15T17:45:54.216+0000] {dag.py:3047} INFO - Sync 1 DAGs
[2026-03-15T17:45:54.231+0000] {logging_mixin.py:188} INFO - [2026-03-15T17:45:54.231+0000] {dag.py:3834} INFO - Setting next_dagrun for example_bash_operator to 2026-03-14 00:00:00+00:00, run_after=2026-03-15 00:00:00+00:00
[2026-03-15T17:45:54.245+0000] {processor.py:183} INFO - Processing /home/airflow/.local/lib/python3.11/site-packages/airflow/example_dags/example_bash_operator.py took 0.060 seconds
[2026-03-15T17:47:02.842+0000] {processor.py:161} INFO - Started process (PID=987) to work on /home/airflow/.local/lib/python3.11/site-packages/airflow/example_dags/example_bash_operator.py
[2026-03-15T17:47:02.843+0000] {processor.py:830} INFO - Processing file /home/airflow/.local/lib/python3.11/site-packages/airflow/example_dags/example_bash_operator.py for tasks to queue
[2026-03-15T17:47:02.844+0000] {logging_mixin.py:188} INFO - [2026-03-15T17:47:02.844+0000] {dagbag.py:540} INFO - Filling up the DagBag from /home/airflow/.local/lib/python3.11/site-packages/airflow/example_dags/example_bash_operator.py
[2026-03-15T17:47:02.852+0000] {processor.py:840} INFO - DAG(s) 'example_bash_operator' retrieved from /home/airflow/.local/lib/python3.11/site-packages/airflow/example_dags/example_bash_operator.py
[2026-03-15T17:47:02.871+0000] {logging_mixin.py:188} INFO - [2026-03-15T17:47:02.870+0000] {dag.py:3047} INFO - Sync 1 DAGs
[2026-03-15T17:47:02.887+0000] {logging_mixin.py:188} INFO - [2026-03-15T17:47:02.887+0000] {dag.py:3834} INFO - Setting next_dagrun for example_bash_operator to 2026-03-14 00:00:00+00:00, run_after=2026-03-15 00:00:00+00:00
[2026-03-15T17:47:02.900+0000] {processor.py:183} INFO - Processing /home/airflow/.local/lib/python3.11/site-packages/airflow/example_dags/example_bash_operator.py took 0.061 seconds
[2026-03-15T17:46:54.117+0000] {processor.py:161} INFO - Started process (PID=1134) to work on /home/airflow/.local/lib/python3.11/site-packages/airflow/example_dags/example_bash_operator.py
[2026-03-15T17:46:54.119+0000] {processor.py:830} INFO - Processing file /home/airflow/.local/lib/python3.11/site-packages/airflow/example_dags/example_bash_operator.py for tasks to queue
[2026-03-15T17:46:54.120+0000] {logging_mixin.py:188} INFO - [2026-03-15T17:46:54.120+0000] {dagbag.py:540} INFO - Filling up the DagBag from /home/airflow/.local/lib/python3.11/site-packages/airflow/example_dags/example_bash_operator.py
[2026-03-15T17:46:54.130+0000] {processor.py:840} INFO - DAG(s) 'example_bash_operator' retrieved from /home/airflow/.local/lib/python3.11/site-packages/airflow/example_dags/example_bash_operator.py
[2026-03-15T17:46:54.150+0000] {logging_mixin.py:188} INFO - [2026-03-15T17:46:54.150+0000] {dag.py:3047} INFO - Sync 1 DAGs
[2026-03-15T17:46:54.168+0000] {logging_mixin.py:188} INFO - [2026-03-15T17:46:54.167+0000] {dag.py:3834} INFO - Setting next_dagrun for example_bash_operator to 2026-03-14 00:00:00+00:00, run_after=2026-03-15 00:00:00+00:00
[2026-03-15T17:46:54.184+0000] {processor.py:183} INFO - Processing /home/airflow/.local/lib/python3.11/site-packages/airflow/example_dags/example_bash_operator.py took 0.069 seconds
[2026-03-15T17:47:13.529+0000] {processor.py:161} INFO - Started process (PID=1179) to work on /home/airflow/.local/lib/python3.11/site-packages/airflow/example_dags/example_bash_operator.py
[2026-03-15T17:47:13.530+0000] {processor.py:830} INFO - Processing file /home/airflow/.local/lib/python3.11/site-packages/airflow/example_dags/example_bash_operator.py for tasks to queue
[2026-03-15T17:47:13.532+0000] {logging_mixin.py:188} INFO - [2026-03-15T17:47:13.531+0000] {dagbag.py:540} INFO - Filling up the DagBag from /home/airflow/.local/lib/python3.11/site-packages/airflow/example_dags/example_bash_operator.py
[2026-03-15T17:47:13.540+0000] {processor.py:840} INFO - DAG(s) 'example_bash_operator' retrieved from /home/airflow/.local/lib/python3.11/site-packages/airflow/example_dags/example_bash_operator.py
[2026-03-15T17:47:13.569+0000] {logging_mixin.py:188} INFO - [2026-03-15T17:47:13.569+0000] {dag.py:3047} INFO - Sync 1 DAGs
[2026-03-15T17:47:13.589+0000] {logging_mixin.py:188} INFO - [2026-03-15T17:47:13.589+0000] {dag.py:3834} INFO - Setting next_dagrun for example_bash_operator to 2026-03-14 00:00:00+00:00, run_after=2026-03-15 00:00:00+00:00
[2026-03-15T17:47:13.605+0000] {processor.py:183} INFO - Processing /home/airflow/.local/lib/python3.11/site-packages/airflow/example_dags/example_bash_operator.py took 0.080 seconds
[2026-03-15T17:47:19.018+0000] {processor.py:161} INFO - Started process (PID=1230) to work on /home/airflow/.local/lib/python3.11/site-packages/airflow/example_dags/example_bash_operator.py
[2026-03-15T17:47:19.018+0000] {processor.py:830} INFO - Processing file /home/airflow/.local/lib/python3.11/site-packages/airflow/example_dags/example_bash_operator.py for tasks to queue
[2026-03-15T17:47:19.020+0000] {logging_mixin.py:188} INFO - [2026-03-15T17:47:19.020+0000] {dagbag.py:540} INFO - Filling up the DagBag from /home/airflow/.local/lib/python3.11/site-packages/airflow/example_dags/example_bash_operator.py
[2026-03-15T17:47:19.029+0000] {processor.py:840} INFO - DAG(s) 'example_bash_operator' retrieved from /home/airflow/.local/lib/python3.11/site-packages/airflow/example_dags/example_bash_operator.py
[2026-03-15T17:47:19.049+0000] {logging_mixin.py:188} INFO - [2026-03-15T17:47:19.049+0000] {dag.py:3047} INFO - Sync 1 DAGs
[2026-03-15T17:47:19.065+0000] {logging_mixin.py:188} INFO - [2026-03-15T17:47:19.065+0000] {dag.py:3834} INFO - Setting next_dagrun for example_bash_operator to 2026-03-14 00:00:00+00:00, run_after=2026-03-15 00:00:00+00:00
[2026-03-15T17:47:19.077+0000] {processor.py:183} INFO - Processing /home/airflow/.local/lib/python3.11/site-packages/airflow/example_dags/example_bash_operator.py took 0.063 seconds
[2026-03-15T17:47:24.205+0000] {processor.py:161} INFO - Started process (PID=1272) to work on /home/airflow/.local/lib/python3.11/site-packages/airflow/example_dags/example_bash_operator.py
[2026-03-15T17:47:24.206+0000] {processor.py:830} INFO - Processing file /home/airflow/.local/lib/python3.11/site-packages/airflow/example_dags/example_bash_operator.py for tasks to queue
[2026-03-15T17:47:24.208+0000] {logging_mixin.py:188} INFO - [2026-03-15T17:47:24.207+0000] {dagbag.py:540} INFO - Filling up the DagBag from /home/airflow/.local/lib/python3.11/site-packages/airflow/example_dags/example_bash_operator.py
[2026-03-15T17:47:24.217+0000] {processor.py:840} INFO - DAG(s) 'example_bash_operator' retrieved from /home/airflow/.local/lib/python3.11/site-packages/airflow/example_dags/example_bash_operator.py
[2026-03-15T17:47:24.267+0000] {logging_mixin.py:188} INFO - [2026-03-15T17:47:24.266+0000] {dag.py:3047} INFO - Sync 1 DAGs
[2026-03-15T17:47:24.305+0000] {logging_mixin.py:188} INFO - [2026-03-15T17:47:24.305+0000] {dag.py:3834} INFO - Setting next_dagrun for example_bash_operator to 2026-03-14 00:00:00+00:00, run_after=2026-03-15 00:00:00+00:00
[2026-03-15T17:47:24.350+0000] {processor.py:183} INFO - Processing /home/airflow/.local/lib/python3.11/site-packages/airflow/example_dags/example_bash_operator.py took 0.148 seconds
[2026-03-15T17:47:29.207+0000] {processor.py:161} INFO - Started process (PID=1315) to work on /home/airflow/.local/lib/python3.11/site-packages/airflow/example_dags/example_bash_operator.py
[2026-03-15T17:47:29.208+0000] {processor.py:830} INFO - Processing file /home/airflow/.local/lib/python3.11/site-packages/airflow/example_dags/example_bash_operator.py for tasks to queue
[2026-03-15T17:47:29.209+0000] {logging_mixin.py:188} INFO - [2026-03-15T17:47:29.209+0000] {dagbag.py:540} INFO - Filling up the DagBag from /home/airflow/.local/lib/python3.11/site-packages/airflow/example_dags/example_bash_operator.py
[2026-03-15T17:47:29.219+0000] {processor.py:840} INFO - DAG(s) 'example_bash_operator' retrieved from /home/airflow/.local/lib/python3.11/site-packages/airflow/example_dags/example_bash_operator.py
[2026-03-15T17:47:29.238+0000] {logging_mixin.py:188} INFO - [2026-03-15T17:47:29.238+0000] {dag.py:3047} INFO - Sync 1 DAGs
[2026-03-15T17:47:29.254+0000] {logging_mixin.py:188} INFO - [2026-03-15T17:47:29.254+0000] {dag.py:3834} INFO - Setting next_dagrun for example_bash_operator to 2026-03-14 00:00:00+00:00, run_after=2026-03-15 00:00:00+00:00
[2026-03-15T17:47:29.269+0000] {processor.py:183} INFO - Processing /home/airflow/.local/lib/python3.11/site-packages/airflow/example_dags/example_bash_operator.py took 0.064 seconds
[2026-03-15T17:47:43.581+0000] {processor.py:161} INFO - Started process (PID=1356) to work on /home/airflow/.local/lib/python3.11/site-packages/airflow/example_dags/example_bash_operator.py
[2026-03-15T17:47:43.582+0000] {processor.py:830} INFO - Processing file /home/airflow/.local/lib/python3.11/site-packages/airflow/example_dags/example_bash_operator.py for tasks to queue
[2026-03-15T17:47:43.584+0000] {logging_mixin.py:188} INFO - [2026-03-15T17:47:43.584+0000] {dagbag.py:540} INFO - Filling up the DagBag from /home/airflow/.local/lib/python3.11/site-packages/airflow/example_dags/example_bash_operator.py
[2026-03-15T17:47:43.593+0000] {processor.py:840} INFO - DAG(s) 'example_bash_operator' retrieved from /home/airflow/.local/lib/python3.11/site-packages/airflow/example_dags/example_bash_operator.py
[2026-03-15T17:47:43.612+0000] {logging_mixin.py:188} INFO - [2026-03-15T17:47:43.612+0000] {dag.py:3047} INFO - Sync 1 DAGs
[2026-03-15T17:47:43.627+0000] {logging_mixin.py:188} INFO - [2026-03-15T17:47:43.627+0000] {dag.py:3834} INFO - Setting next_dagrun for example_bash_operator to 2026-03-14 00:00:00+00:00, run_after=2026-03-15 00:00:00+00:00
[2026-03-15T17:47:43.642+0000] {processor.py:183} INFO - Processing /home/airflow/.local/lib/python3.11/site-packages/airflow/example_dags/example_bash_operator.py took 0.063 seconds
[2026-03-15T17:49:03.137+0000] {processor.py:161} INFO - Started process (PID=1403) to work on /home/airflow/.local/lib/python3.11/site-packages/airflow/example_dags/example_bash_operator.py
[2026-03-15T17:49:03.138+0000] {processor.py:830} INFO - Processing file /home/airflow/.local/lib/python3.11/site-packages/airflow/example_dags/example_bash_operator.py for tasks to queue
[2026-03-15T17:49:03.140+0000] {logging_mixin.py:188} INFO - [2026-03-15T17:49:03.140+0000] {dagbag.py:540} INFO - Filling up the DagBag from /home/airflow/.local/lib/python3.11/site-packages/airflow/example_dags/example_bash_operator.py
[2026-03-15T17:49:03.149+0000] {processor.py:840} INFO - DAG(s) 'example_bash_operator' retrieved from /home/airflow/.local/lib/python3.11/site-packages/airflow/example_dags/example_bash_operator.py
[2026-03-15T17:49:03.171+0000] {logging_mixin.py:188} INFO - [2026-03-15T17:49:03.171+0000] {dag.py:3047} INFO - Sync 1 DAGs
[2026-03-15T17:49:03.187+0000] {logging_mixin.py:188} INFO - [2026-03-15T17:49:03.187+0000] {dag.py:3834} INFO - Setting next_dagrun for example_bash_operator to 2026-03-14 00:00:00+00:00, run_after=2026-03-15 00:00:00+00:00
[2026-03-15T17:49:03.203+0000] {processor.py:183} INFO - Processing /home/airflow/.local/lib/python3.11/site-packages/airflow/example_dags/example_bash_operator.py took 0.069 seconds
[2026-03-15T17:49:32.655+0000] {processor.py:161} INFO - Started process (PID=1453) to work on /home/airflow/.local/lib/python3.11/site-packages/airflow/example_dags/example_bash_operator.py
[2026-03-15T17:49:32.656+0000] {processor.py:830} INFO - Processing file /home/airflow/.local/lib/python3.11/site-packages/airflow/example_dags/example_bash_operator.py for tasks to queue
[2026-03-15T17:49:32.658+0000] {logging_mixin.py:188} INFO - [2026-03-15T17:49:32.657+0000] {dagbag.py:540} INFO - Filling up the DagBag from /home/airflow/.local/lib/python3.11/site-packages/airflow/example_dags/example_bash_operator.py
[2026-03-15T17:49:32.666+0000] {processor.py:840} INFO - DAG(s) 'example_bash_operator' retrieved from /home/airflow/.local/lib/python3.11/site-packages/airflow/example_dags/example_bash_operator.py
[2026-03-15T17:49:32.686+0000] {logging_mixin.py:188} INFO - [2026-03-15T17:49:32.686+0000] {dag.py:3047} INFO - Sync 1 DAGs
[2026-03-15T17:48:43.552+0000] {logging_mixin.py:188} INFO - [2026-03-15T17:48:43.551+0000] {dag.py:3834} INFO - Setting next_dagrun for example_bash_operator to 2026-03-14 00:00:00+00:00, run_after=2026-03-15 00:00:00+00:00
[2026-03-15T17:48:43.570+0000] {processor.py:183} INFO - Processing /home/airflow/.local/lib/python3.11/site-packages/airflow/example_dags/example_bash_operator.py took 0.072 seconds
[2026-03-15T17:49:13.906+0000] {processor.py:161} INFO - Started process (PID=1502) to work on /home/airflow/.local/lib/python3.11/site-packages/airflow/example_dags/example_bash_operator.py
[2026-03-15T17:49:13.907+0000] {processor.py:830} INFO - Processing file /home/airflow/.local/lib/python3.11/site-packages/airflow/example_dags/example_bash_operator.py for tasks to queue
[2026-03-15T17:49:13.909+0000] {logging_mixin.py:188} INFO - [2026-03-15T17:49:13.909+0000] {dagbag.py:540} INFO - Filling up the DagBag from /home/airflow/.local/lib/python3.11/site-packages/airflow/example_dags/example_bash_operator.py
[2026-03-15T17:49:13.918+0000] {processor.py:840} INFO - DAG(s) 'example_bash_operator' retrieved from /home/airflow/.local/lib/python3.11/site-packages/airflow/example_dags/example_bash_operator.py
[2026-03-15T17:49:13.935+0000] {logging_mixin.py:188} INFO - [2026-03-15T17:49:13.935+0000] {dag.py:3047} INFO - Sync 1 DAGs
[2026-03-15T17:49:13.950+0000] {logging_mixin.py:188} INFO - [2026-03-15T17:49:13.950+0000] {dag.py:3834} INFO - Setting next_dagrun for example_bash_operator to 2026-03-14 00:00:00+00:00, run_after=2026-03-15 00:00:00+00:00
[2026-03-15T17:50:03.119+0000] {processor.py:183} INFO - Processing /home/airflow/.local/lib/python3.11/site-packages/airflow/example_dags/example_bash_operator.py took 0.061 seconds
[2026-03-15T17:49:57.668+0000] {processor.py:161} INFO - Started process (PID=57) to work on /home/airflow/.local/lib/python3.11/site-packages/airflow/example_dags/example_bash_operator.py
[2026-03-15T17:49:57.669+0000] {processor.py:830} INFO - Processing file /home/airflow/.local/lib/python3.11/site-packages/airflow/example_dags/example_bash_operator.py for tasks to queue
[2026-03-15T17:49:57.672+0000] {logging_mixin.py:188} INFO - [2026-03-15T17:49:57.672+0000] {dagbag.py:540} INFO - Filling up the DagBag from /home/airflow/.local/lib/python3.11/site-packages/airflow/example_dags/example_bash_operator.py
[2026-03-15T17:49:57.694+0000] {processor.py:840} INFO - DAG(s) 'example_bash_operator' retrieved from /home/airflow/.local/lib/python3.11/site-packages/airflow/example_dags/example_bash_operator.py
[2026-03-15T17:49:57.710+0000] {logging_mixin.py:188} INFO - [2026-03-15T17:49:57.709+0000] {dag.py:3047} INFO - Sync 1 DAGs
[2026-03-15T17:49:57.739+0000] {logging_mixin.py:188} INFO - [2026-03-15T17:49:57.739+0000] {dag.py:3834} INFO - Setting next_dagrun for example_bash_operator to 2026-03-14 00:00:00+00:00, run_after=2026-03-15 00:00:00+00:00
[2026-03-15T17:49:57.768+0000] {processor.py:183} INFO - Processing /home/airflow/.local/lib/python3.11/site-packages/airflow/example_dags/example_bash_operator.py took 0.106 seconds
[2026-03-15T17:50:13.925+0000] {processor.py:161} INFO - Started process (PID=113) to work on /home/airflow/.local/lib/python3.11/site-packages/airflow/example_dags/example_bash_operator.py
[2026-03-15T17:50:13.926+0000] {processor.py:830} INFO - Processing file /home/airflow/.local/lib/python3.11/site-packages/airflow/example_dags/example_bash_operator.py for tasks to queue
[2026-03-15T17:50:13.928+0000] {logging_mixin.py:188} INFO - [2026-03-15T17:50:13.928+0000] {dagbag.py:540} INFO - Filling up the DagBag from /home/airflow/.local/lib/python3.11/site-packages/airflow/example_dags/example_bash_operator.py
[2026-03-15T17:50:13.938+0000] {processor.py:840} INFO - DAG(s) 'example_bash_operator' retrieved from /home/airflow/.local/lib/python3.11/site-packages/airflow/example_dags/example_bash_operator.py
[2026-03-15T17:50:14.011+0000] {logging_mixin.py:188} INFO - [2026-03-15T17:50:14.010+0000] {dag.py:3047} INFO - Sync 1 DAGs
[2026-03-15T17:50:14.025+0000] {logging_mixin.py:188} INFO - [2026-03-15T17:50:14.025+0000] {dag.py:3834} INFO - Setting next_dagrun for example_bash_operator to 2026-03-14 00:00:00+00:00, run_after=2026-03-15 00:00:00+00:00
[2026-03-15T17:50:14.049+0000] {processor.py:183} INFO - Processing /home/airflow/.local/lib/python3.11/site-packages/airflow/example_dags/example_bash_operator.py took 0.127 seconds
[2026-03-15T17:50:19.463+0000] {processor.py:161} INFO - Started process (PID=161) to work on /home/airflow/.local/lib/python3.11/site-packages/airflow/example_dags/example_bash_operator.py
[2026-03-15T17:50:19.465+0000] {processor.py:830} INFO - Processing file /home/airflow/.local/lib/python3.11/site-packages/airflow/example_dags/example_bash_operator.py for tasks to queue
[2026-03-15T17:50:19.467+0000] {logging_mixin.py:188} INFO - [2026-03-15T17:50:19.466+0000] {dagbag.py:540} INFO - Filling up the DagBag from /home/airflow/.local/lib/python3.11/site-packages/airflow/example_dags/example_bash_operator.py
[2026-03-15T17:50:19.484+0000] {processor.py:840} INFO - DAG(s) 'example_bash_operator' retrieved from /home/airflow/.local/lib/python3.11/site-packages/airflow/example_dags/example_bash_operator.py
[2026-03-15T17:50:19.504+0000] {logging_mixin.py:188} INFO - [2026-03-15T17:50:19.503+0000] {dag.py:3047} INFO - Sync 1 DAGs
[2026-03-15T17:50:19.523+0000] {logging_mixin.py:188} INFO - [2026-03-15T17:50:19.522+0000] {dag.py:3834} INFO - Setting next_dagrun for example_bash_operator to 2026-03-14 00:00:00+00:00, run_after=2026-03-15 00:00:00+00:00
[2026-03-15T17:50:19.538+0000] {processor.py:183} INFO - Processing /home/airflow/.local/lib/python3.11/site-packages/airflow/example_dags/example_bash_operator.py took 0.078 seconds
[2026-03-15T17:50:24.407+0000] {processor.py:161} INFO - Started process (PID=203) to work on /home/airflow/.local/lib/python3.11/site-packages/airflow/example_dags/example_bash_operator.py
[2026-03-15T17:50:24.408+0000] {processor.py:830} INFO - Processing file /home/airflow/.local/lib/python3.11/site-packages/airflow/example_dags/example_bash_operator.py for tasks to queue
[2026-03-15T17:50:24.410+0000] {logging_mixin.py:188} INFO - [2026-03-15T17:50:24.410+0000] {dagbag.py:540} INFO - Filling up the DagBag from /home/airflow/.local/lib/python3.11/site-packages/airflow/example_dags/example_bash_operator.py
[2026-03-15T17:50:24.420+0000] {processor.py:840} INFO - DAG(s) 'example_bash_operator' retrieved from /home/airflow/.local/lib/python3.11/site-packages/airflow/example_dags/example_bash_operator.py
[2026-03-15T17:50:24.429+0000] {logging_mixin.py:188} INFO - [2026-03-15T17:50:24.429+0000] {dag.py:3047} INFO - Sync 1 DAGs
[2026-03-15T17:50:24.445+0000] {logging_mixin.py:188} INFO - [2026-03-15T17:50:24.445+0000] {dag.py:3834} INFO - Setting next_dagrun for example_bash_operator to 2026-03-14 00:00:00+00:00, run_after=2026-03-15 00:00:00+00:00
[2026-03-15T17:50:24.459+0000] {processor.py:183} INFO - Processing /home/airflow/.local/lib/python3.11/site-packages/airflow/example_dags/example_bash_operator.py took 0.055 seconds
[2026-03-15T17:50:29.402+0000] {processor.py:161} INFO - Started process (PID=245) to work on /home/airflow/.local/lib/python3.11/site-packages/airflow/example_dags/example_bash_operator.py
[2026-03-15T17:50:29.403+0000] {processor.py:830} INFO - Processing file /home/airflow/.local/lib/python3.11/site-packages/airflow/example_dags/example_bash_operator.py for tasks to queue
[2026-03-15T17:50:29.405+0000] {logging_mixin.py:188} INFO - [2026-03-15T17:50:29.404+0000] {dagbag.py:540} INFO - Filling up the DagBag from /home/airflow/.local/lib/python3.11/site-packages/airflow/example_dags/example_bash_operator.py
[2026-03-15T17:50:29.414+0000] {processor.py:840} INFO - DAG(s) 'example_bash_operator' retrieved from /home/airflow/.local/lib/python3.11/site-packages/airflow/example_dags/example_bash_operator.py
[2026-03-15T17:50:29.424+0000] {logging_mixin.py:188} INFO - [2026-03-15T17:50:29.424+0000] {dag.py:3047} INFO - Sync 1 DAGs
[2026-03-15T17:50:29.440+0000] {logging_mixin.py:188} INFO - [2026-03-15T17:50:29.440+0000] {dag.py:3834} INFO - Setting next_dagrun for example_bash_operator to 2026-03-14 00:00:00+00:00, run_after=2026-03-15 00:00:00+00:00
[2026-03-15T17:50:29.454+0000] {processor.py:183} INFO - Processing /home/airflow/.local/lib/python3.11/site-packages/airflow/example_dags/example_bash_operator.py took 0.055 seconds
[2026-03-15T17:50:59.916+0000] {processor.py:161} INFO - Started process (PID=295) to work on /home/airflow/.local/lib/python3.11/site-packages/airflow/example_dags/example_bash_operator.py
[2026-03-15T17:50:59.917+0000] {processor.py:830} INFO - Processing file /home/airflow/.local/lib/python3.11/site-packages/airflow/example_dags/example_bash_operator.py for tasks to queue
[2026-03-15T17:50:59.919+0000] {logging_mixin.py:188} INFO - [2026-03-15T17:50:59.918+0000] {dagbag.py:540} INFO - Filling up the DagBag from /home/airflow/.local/lib/python3.11/site-packages/airflow/example_dags/example_bash_operator.py
[2026-03-15T17:50:59.926+0000] {processor.py:840} INFO - DAG(s) 'example_bash_operator' retrieved from /home/airflow/.local/lib/python3.11/site-packages/airflow/example_dags/example_bash_operator.py
[2026-03-15T17:50:59.944+0000] {logging_mixin.py:188} INFO - [2026-03-15T17:50:59.943+0000] {dag.py:3047} INFO - Sync 1 DAGs
[2026-03-15T17:50:59.958+0000] {logging_mixin.py:188} INFO - [2026-03-15T17:50:59.957+0000] {dag.py:3834} INFO - Setting next_dagrun for example_bash_operator to 2026-03-14 00:00:00+00:00, run_after=2026-03-15 00:00:00+00:00
[2026-03-15T17:50:59.970+0000] {processor.py:183} INFO - Processing /home/airflow/.local/lib/python3.11/site-packages/airflow/example_dags/example_bash_operator.py took 0.057 seconds
[2026-03-15T17:51:30.182+0000] {processor.py:161} INFO - Started process (PID=345) to work on /home/airflow/.local/lib/python3.11/site-packages/airflow/example_dags/example_bash_operator.py
[2026-03-15T17:51:30.183+0000] {processor.py:830} INFO - Processing file /home/airflow/.local/lib/python3.11/site-packages/airflow/example_dags/example_bash_operator.py for tasks to queue
[2026-03-15T17:51:30.185+0000] {logging_mixin.py:188} INFO - [2026-03-15T17:51:30.185+0000] {dagbag.py:540} INFO - Filling up the DagBag from /home/airflow/.local/lib/python3.11/site-packages/airflow/example_dags/example_bash_operator.py
[2026-03-15T17:51:30.192+0000] {processor.py:840} INFO - DAG(s) 'example_bash_operator' retrieved from /home/airflow/.local/lib/python3.11/site-packages/airflow/example_dags/example_bash_operator.py
[2026-03-15T17:51:30.210+0000] {logging_mixin.py:188} INFO - [2026-03-15T17:51:30.209+0000] {dag.py:3047} INFO - Sync 1 DAGs
[2026-03-15T17:51:30.225+0000] {logging_mixin.py:188} INFO - [2026-03-15T17:51:30.224+0000] {dag.py:3834} INFO - Setting next_dagrun for example_bash_operator to 2026-03-14 00:00:00+00:00, run_after=2026-03-15 00:00:00+00:00
[2026-03-15T17:51:30.238+0000] {processor.py:183} INFO - Processing /home/airflow/.local/lib/python3.11/site-packages/airflow/example_dags/example_bash_operator.py took 0.058 seconds
[2026-03-15T17:51:34.764+0000] {processor.py:161} INFO - Started process (PID=402) to work on /home/airflow/.local/lib/python3.11/site-packages/airflow/example_dags/example_bash_operator.py
[2026-03-15T17:51:34.765+0000] {processor.py:830} INFO - Processing file /home/airflow/.local/lib/python3.11/site-packages/airflow/example_dags/example_bash_operator.py for tasks to queue
[2026-03-15T17:51:34.767+0000] {logging_mixin.py:188} INFO - [2026-03-15T17:51:34.767+0000] {dagbag.py:540} INFO - Filling up the DagBag from /home/airflow/.local/lib/python3.11/site-packages/airflow/example_dags/example_bash_operator.py
[2026-03-15T17:51:34.776+0000] {processor.py:840} INFO - DAG(s) 'example_bash_operator' retrieved from /home/airflow/.local/lib/python3.11/site-packages/airflow/example_dags/example_bash_operator.py
[2026-03-15T17:51:34.794+0000] {logging_mixin.py:188} INFO - [2026-03-15T17:51:34.794+0000] {dag.py:3047} INFO - Sync 1 DAGs
[2026-03-15T17:51:34.809+0000] {logging_mixin.py:188} INFO - [2026-03-15T17:51:34.809+0000] {dag.py:3834} INFO - Setting next_dagrun for example_bash_operator to 2026-03-14 00:00:00+00:00, run_after=2026-03-15 00:00:00+00:00
[2026-03-15T17:51:34.824+0000] {processor.py:183} INFO - Processing /home/airflow/.local/lib/python3.11/site-packages/airflow/example_dags/example_bash_operator.py took 0.063 seconds
[2026-03-15T17:51:39.664+0000] {processor.py:161} INFO - Started process (PID=452) to work on /home/airflow/.local/lib/python3.11/site-packages/airflow/example_dags/example_bash_operator.py
[2026-03-15T17:51:39.665+0000] {processor.py:830} INFO - Processing file /home/airflow/.local/lib/python3.11/site-packages/airflow/example_dags/example_bash_operator.py for tasks to queue
[2026-03-15T17:51:39.667+0000] {logging_mixin.py:188} INFO - [2026-03-15T17:51:39.666+0000] {dagbag.py:540} INFO - Filling up the DagBag from /home/airflow/.local/lib/python3.11/site-packages/airflow/example_dags/example_bash_operator.py
[2026-03-15T17:51:39.674+0000] {processor.py:840} INFO - DAG(s) 'example_bash_operator' retrieved from /home/airflow/.local/lib/python3.11/site-packages/airflow/example_dags/example_bash_operator.py
[2026-03-15T17:51:39.691+0000] {logging_mixin.py:188} INFO - [2026-03-15T17:51:39.691+0000] {dag.py:3047} INFO - Sync 1 DAGs
[2026-03-15T17:51:39.705+0000] {logging_mixin.py:188} INFO - [2026-03-15T17:51:39.705+0000] {dag.py:3834} INFO - Setting next_dagrun for example_bash_operator to 2026-03-14 00:00:00+00:00, run_after=2026-03-15 00:00:00+00:00
[2026-03-15T17:51:39.718+0000] {processor.py:183} INFO - Processing /home/airflow/.local/lib/python3.11/site-packages/airflow/example_dags/example_bash_operator.py took 0.057 seconds
[2026-03-15T17:52:09.918+0000] {processor.py:161} INFO - Started process (PID=506) to work on /home/airflow/.local/lib/python3.11/site-packages/airflow/example_dags/example_bash_operator.py
[2026-03-15T17:52:09.919+0000] {processor.py:830} INFO - Processing file /home/airflow/.local/lib/python3.11/site-packages/airflow/example_dags/example_bash_operator.py for tasks to queue
[2026-03-15T17:52:09.921+0000] {logging_mixin.py:188} INFO - [2026-03-15T17:52:09.920+0000] {dagbag.py:540} INFO - Filling up the DagBag from /home/airflow/.local/lib/python3.11/site-packages/airflow/example_dags/example_bash_operator.py
[2026-03-15T17:52:09.929+0000] {processor.py:840} INFO - DAG(s) 'example_bash_operator' retrieved from /home/airflow/.local/lib/python3.11/site-packages/airflow/example_dags/example_bash_operator.py
[2026-03-15T17:52:09.947+0000] {logging_mixin.py:188} INFO - [2026-03-15T17:52:09.947+0000] {dag.py:3047} INFO - Sync 1 DAGs
[2026-03-15T17:52:09.963+0000] {logging_mixin.py:188} INFO - [2026-03-15T17:52:09.963+0000] {dag.py:3834} INFO - Setting next_dagrun for example_bash_operator to 2026-03-14 00:00:00+00:00, run_after=2026-03-15 00:00:00+00:00
[2026-03-15T17:52:09.977+0000] {processor.py:183} INFO - Processing /home/airflow/.local/lib/python3.11/site-packages/airflow/example_dags/example_bash_operator.py took 0.062 seconds
[2026-03-15T17:52:13.500+0000] {processor.py:161} INFO - Started process (PID=556) to work on /home/airflow/.local/lib/python3.11/site-packages/airflow/example_dags/example_bash_operator.py
[2026-03-15T17:52:13.501+0000] {processor.py:830} INFO - Processing file /home/airflow/.local/lib/python3.11/site-packages/airflow/example_dags/example_bash_operator.py for tasks to queue
[2026-03-15T17:52:13.503+0000] {logging_mixin.py:188} INFO - [2026-03-15T17:52:13.503+0000] {dagbag.py:540} INFO - Filling up the DagBag from /home/airflow/.local/lib/python3.11/site-packages/airflow/example_dags/example_bash_operator.py
[2026-03-15T17:52:13.511+0000] {processor.py:840} INFO - DAG(s) 'example_bash_operator' retrieved from /home/airflow/.local/lib/python3.11/site-packages/airflow/example_dags/example_bash_operator.py
[2026-03-15T17:52:13.529+0000] {logging_mixin.py:188} INFO - [2026-03-15T17:52:13.529+0000] {dag.py:3047} INFO - Sync 1 DAGs
[2026-03-15T17:52:13.545+0000] {logging_mixin.py:188} INFO - [2026-03-15T17:52:13.545+0000] {dag.py:3834} INFO - Setting next_dagrun for example_bash_operator to 2026-03-14 00:00:00+00:00, run_after=2026-03-15 00:00:00+00:00
[2026-03-15T17:52:13.566+0000] {processor.py:183} INFO - Processing /home/airflow/.local/lib/python3.11/site-packages/airflow/example_dags/example_bash_operator.py took 0.069 seconds
[2026-03-15T17:52:19.669+0000] {processor.py:161} INFO - Started process (PID=604) to work on /home/airflow/.local/lib/python3.11/site-packages/airflow/example_dags/example_bash_operator.py
[2026-03-15T17:52:19.670+0000] {processor.py:830} INFO - Processing file /home/airflow/.local/lib/python3.11/site-packages/airflow/example_dags/example_bash_operator.py for tasks to queue
[2026-03-15T17:52:19.672+0000] {logging_mixin.py:188} INFO - [2026-03-15T17:52:19.672+0000] {dagbag.py:540} INFO - Filling up the DagBag from /home/airflow/.local/lib/python3.11/site-packages/airflow/example_dags/example_bash_operator.py
[2026-03-15T17:52:19.682+0000] {processor.py:840} INFO - DAG(s) 'example_bash_operator' retrieved from /home/airflow/.local/lib/python3.11/site-packages/airflow/example_dags/example_bash_operator.py
[2026-03-15T17:52:19.701+0000] {logging_mixin.py:188} INFO - [2026-03-15T17:52:19.701+0000] {dag.py:3047} INFO - Sync 1 DAGs
[2026-03-15T17:52:19.722+0000] {logging_mixin.py:188} INFO - [2026-03-15T17:52:19.721+0000] {dag.py:3834} INFO - Setting next_dagrun for example_bash_operator to 2026-03-14 00:00:00+00:00, run_after=2026-03-15 00:00:00+00:00
[2026-03-15T17:52:19.739+0000] {processor.py:183} INFO - Processing /home/airflow/.local/lib/python3.11/site-packages/airflow/example_dags/example_bash_operator.py took 0.073 seconds
[2026-03-15T17:52:24.586+0000] {processor.py:161} INFO - Started process (PID=644) to work on /home/airflow/.local/lib/python3.11/site-packages/airflow/example_dags/example_bash_operator.py
[2026-03-15T17:52:24.587+0000] {processor.py:830} INFO - Processing file /home/airflow/.local/lib/python3.11/site-packages/airflow/example_dags/example_bash_operator.py for tasks to queue
[2026-03-15T17:52:24.589+0000] {logging_mixin.py:188} INFO - [2026-03-15T17:52:24.589+0000] {dagbag.py:540} INFO - Filling up the DagBag from /home/airflow/.local/lib/python3.11/site-packages/airflow/example_dags/example_bash_operator.py
[2026-03-15T17:52:24.598+0000] {processor.py:840} INFO - DAG(s) 'example_bash_operator' retrieved from /home/airflow/.local/lib/python3.11/site-packages/airflow/example_dags/example_bash_operator.py
[2026-03-15T17:52:24.616+0000] {logging_mixin.py:188} INFO - [2026-03-15T17:52:24.616+0000] {dag.py:3047} INFO - Sync 1 DAGs
[2026-03-15T17:52:24.631+0000] {logging_mixin.py:188} INFO - [2026-03-15T17:52:24.630+0000] {dag.py:3834} INFO - Setting next_dagrun for example_bash_operator to 2026-03-14 00:00:00+00:00, run_after=2026-03-15 00:00:00+00:00
[2026-03-15T17:52:24.645+0000] {processor.py:183} INFO - Processing /home/airflow/.local/lib/python3.11/site-packages/airflow/example_dags/example_bash_operator.py took 0.062 seconds
[2026-03-15T17:53:32.318+0000] {processor.py:161} INFO - Started process (PID=688) to work on /home/airflow/.local/lib/python3.11/site-packages/airflow/example_dags/example_bash_operator.py
[2026-03-15T17:53:32.319+0000] {processor.py:830} INFO - Processing file /home/airflow/.local/lib/python3.11/site-packages/airflow/example_dags/example_bash_operator.py for tasks to queue
[2026-03-15T17:53:32.321+0000] {logging_mixin.py:188} INFO - [2026-03-15T17:53:32.320+0000] {dagbag.py:540} INFO - Filling up the DagBag from /home/airflow/.local/lib/python3.11/site-packages/airflow/example_dags/example_bash_operator.py
[2026-03-15T17:53:32.328+0000] {processor.py:840} INFO - DAG(s) 'example_bash_operator' retrieved from /home/airflow/.local/lib/python3.11/site-packages/airflow/example_dags/example_bash_operator.py
[2026-03-15T17:53:32.345+0000] {logging_mixin.py:188} INFO - [2026-03-15T17:53:32.345+0000] {dag.py:3047} INFO - Sync 1 DAGs
[2026-03-15T17:53:32.360+0000] {logging_mixin.py:188} INFO - [2026-03-15T17:53:32.360+0000] {dag.py:3834} INFO - Setting next_dagrun for example_bash_operator to 2026-03-14 00:00:00+00:00, run_after=2026-03-15 00:00:00+00:00
[2026-03-15T17:53:32.375+0000] {processor.py:183} INFO - Processing /home/airflow/.local/lib/python3.11/site-packages/airflow/example_dags/example_bash_operator.py took 0.059 seconds
[2026-03-15T17:53:15.037+0000] {processor.py:161} INFO - Started process (PID=753) to work on /home/airflow/.local/lib/python3.11/site-packages/airflow/example_dags/example_bash_operator.py
[2026-03-15T17:53:15.038+0000] {processor.py:830} INFO - Processing file /home/airflow/.local/lib/python3.11/site-packages/airflow/example_dags/example_bash_operator.py for tasks to queue
[2026-03-15T17:53:15.040+0000] {logging_mixin.py:188} INFO - [2026-03-15T17:53:15.039+0000] {dagbag.py:540} INFO - Filling up the DagBag from /home/airflow/.local/lib/python3.11/site-packages/airflow/example_dags/example_bash_operator.py
[2026-03-15T17:53:15.048+0000] {processor.py:840} INFO - DAG(s) 'example_bash_operator' retrieved from /home/airflow/.local/lib/python3.11/site-packages/airflow/example_dags/example_bash_operator.py
[2026-03-15T17:53:15.066+0000] {logging_mixin.py:188} INFO - [2026-03-15T17:53:15.066+0000] {dag.py:3047} INFO - Sync 1 DAGs
[2026-03-15T17:53:15.081+0000] {logging_mixin.py:188} INFO - [2026-03-15T17:53:15.080+0000] {dag.py:3834} INFO - Setting next_dagrun for example_bash_operator to 2026-03-14 00:00:00+00:00, run_after=2026-03-15 00:00:00+00:00
[2026-03-15T17:53:15.097+0000] {processor.py:183} INFO - Processing /home/airflow/.local/lib/python3.11/site-packages/airflow/example_dags/example_bash_operator.py took 0.063 seconds
[2026-03-15T17:54:35.221+0000] {processor.py:161} INFO - Started process (PID=802) to work on /home/airflow/.local/lib/python3.11/site-packages/airflow/example_dags/example_bash_operator.py
[2026-03-15T17:54:35.222+0000] {processor.py:830} INFO - Processing file /home/airflow/.local/lib/python3.11/site-packages/airflow/example_dags/example_bash_operator.py for tasks to queue
[2026-03-15T17:54:35.224+0000] {logging_mixin.py:188} INFO - [2026-03-15T17:54:35.224+0000] {dagbag.py:540} INFO - Filling up the DagBag from /home/airflow/.local/lib/python3.11/site-packages/airflow/example_dags/example_bash_operator.py
[2026-03-15T17:54:35.233+0000] {processor.py:840} INFO - DAG(s) 'example_bash_operator' retrieved from /home/airflow/.local/lib/python3.11/site-packages/airflow/example_dags/example_bash_operator.py
[2026-03-15T17:54:35.252+0000] {logging_mixin.py:188} INFO - [2026-03-15T17:54:35.252+0000] {dag.py:3047} INFO - Sync 1 DAGs
[2026-03-15T17:54:35.268+0000] {logging_mixin.py:188} INFO - [2026-03-15T17:54:35.268+0000] {dag.py:3834} INFO - Setting next_dagrun for example_bash_operator to 2026-03-14 00:00:00+00:00, run_after=2026-03-15 00:00:00+00:00
[2026-03-15T17:54:35.284+0000] {processor.py:183} INFO - Processing /home/airflow/.local/lib/python3.11/site-packages/airflow/example_dags/example_bash_operator.py took 0.066 seconds
[2026-03-15T17:55:10.425+0000] {processor.py:161} INFO - Started process (PID=899) to work on /home/airflow/.local/lib/python3.11/site-packages/airflow/example_dags/example_bash_operator.py
[2026-03-15T17:55:10.426+0000] {processor.py:830} INFO - Processing file /home/airflow/.local/lib/python3.11/site-packages/airflow/example_dags/example_bash_operator.py for tasks to queue
[2026-03-15T17:55:10.428+0000] {logging_mixin.py:188} INFO - [2026-03-15T17:55:10.427+0000] {dagbag.py:540} INFO - Filling up the DagBag from /home/airflow/.local/lib/python3.11/site-packages/airflow/example_dags/example_bash_operator.py
[2026-03-15T17:55:10.436+0000] {processor.py:840} INFO - DAG(s) 'example_bash_operator' retrieved from /home/airflow/.local/lib/python3.11/site-packages/airflow/example_dags/example_bash_operator.py
[2026-03-15T17:55:10.455+0000] {logging_mixin.py:188} INFO - [2026-03-15T17:55:10.455+0000] {dag.py:3047} INFO - Sync 1 DAGs
[2026-03-15T17:54:21.313+0000] {logging_mixin.py:188} INFO - [2026-03-15T17:54:21.313+0000] {dag.py:3834} INFO - Setting next_dagrun for example_bash_operator to 2026-03-14 00:00:00+00:00, run_after=2026-03-15 00:00:00+00:00
[2026-03-15T17:54:21.334+0000] {processor.py:183} INFO - Processing /home/airflow/.local/lib/python3.11/site-packages/airflow/example_dags/example_bash_operator.py took 0.070 seconds
[2026-03-15T17:54:51.471+0000] {processor.py:161} INFO - Started process (PID=948) to work on /home/airflow/.local/lib/python3.11/site-packages/airflow/example_dags/example_bash_operator.py
[2026-03-15T17:54:51.472+0000] {processor.py:830} INFO - Processing file /home/airflow/.local/lib/python3.11/site-packages/airflow/example_dags/example_bash_operator.py for tasks to queue
[2026-03-15T17:54:51.474+0000] {logging_mixin.py:188} INFO - [2026-03-15T17:54:51.474+0000] {dagbag.py:540} INFO - Filling up the DagBag from /home/airflow/.local/lib/python3.11/site-packages/airflow/example_dags/example_bash_operator.py
[2026-03-15T17:54:51.484+0000] {processor.py:840} INFO - DAG(s) 'example_bash_operator' retrieved from /home/airflow/.local/lib/python3.11/site-packages/airflow/example_dags/example_bash_operator.py
[2026-03-15T17:54:51.504+0000] {logging_mixin.py:188} INFO - [2026-03-15T17:54:51.504+0000] {dag.py:3047} INFO - Sync 1 DAGs
[2026-03-15T17:54:51.520+0000] {logging_mixin.py:188} INFO - [2026-03-15T17:54:51.519+0000] {dag.py:3834} INFO - Setting next_dagrun for example_bash_operator to 2026-03-14 00:00:00+00:00, run_after=2026-03-15 00:00:00+00:00
[2026-03-15T17:54:51.539+0000] {processor.py:183} INFO - Processing /home/airflow/.local/lib/python3.11/site-packages/airflow/example_dags/example_bash_operator.py took 0.071 seconds
[2026-03-15T17:54:56.564+0000] {processor.py:161} INFO - Started process (PID=998) to work on /home/airflow/.local/lib/python3.11/site-packages/airflow/example_dags/example_bash_operator.py
[2026-03-15T17:54:56.565+0000] {processor.py:830} INFO - Processing file /home/airflow/.local/lib/python3.11/site-packages/airflow/example_dags/example_bash_operator.py for tasks to queue
[2026-03-15T17:54:56.567+0000] {logging_mixin.py:188} INFO - [2026-03-15T17:54:56.566+0000] {dagbag.py:540} INFO - Filling up the DagBag from /home/airflow/.local/lib/python3.11/site-packages/airflow/example_dags/example_bash_operator.py
[2026-03-15T17:54:56.577+0000] {processor.py:840} INFO - DAG(s) 'example_bash_operator' retrieved from /home/airflow/.local/lib/python3.11/site-packages/airflow/example_dags/example_bash_operator.py
[2026-03-15T17:54:56.596+0000] {logging_mixin.py:188} INFO - [2026-03-15T17:54:56.596+0000] {dag.py:3047} INFO - Sync 1 DAGs
[2026-03-15T17:54:56.612+0000] {logging_mixin.py:188} INFO - [2026-03-15T17:54:56.611+0000] {dag.py:3834} INFO - Setting next_dagrun for example_bash_operator to 2026-03-14 00:00:00+00:00, run_after=2026-03-15 00:00:00+00:00
[2026-03-15T17:54:56.626+0000] {processor.py:183} INFO - Processing /home/airflow/.local/lib/python3.11/site-packages/airflow/example_dags/example_bash_operator.py took 0.065 seconds
[2026-03-15T17:55:01.444+0000] {processor.py:161} INFO - Started process (PID=1052) to work on /home/airflow/.local/lib/python3.11/site-packages/airflow/example_dags/example_bash_operator.py
[2026-03-15T17:55:01.445+0000] {processor.py:830} INFO - Processing file /home/airflow/.local/lib/python3.11/site-packages/airflow/example_dags/example_bash_operator.py for tasks to queue
[2026-03-15T17:55:01.447+0000] {logging_mixin.py:188} INFO - [2026-03-15T17:55:01.447+0000] {dagbag.py:540} INFO - Filling up the DagBag from /home/airflow/.local/lib/python3.11/site-packages/airflow/example_dags/example_bash_operator.py
[2026-03-15T17:55:01.456+0000] {processor.py:840} INFO - DAG(s) 'example_bash_operator' retrieved from /home/airflow/.local/lib/python3.11/site-packages/airflow/example_dags/example_bash_operator.py
[2026-03-15T17:55:01.480+0000] {logging_mixin.py:188} INFO - [2026-03-15T17:55:01.480+0000] {dag.py:3047} INFO - Sync 1 DAGs
[2026-03-15T17:55:01.497+0000] {logging_mixin.py:188} INFO - [2026-03-15T17:55:01.497+0000] {dag.py:3834} INFO - Setting next_dagrun for example_bash_operator to 2026-03-14 00:00:00+00:00, run_after=2026-03-15 00:00:00+00:00
[2026-03-15T17:55:01.515+0000] {processor.py:183} INFO - Processing /home/airflow/.local/lib/python3.11/site-packages/airflow/example_dags/example_bash_operator.py took 0.075 seconds
[2026-03-15T17:55:13.396+0000] {processor.py:161} INFO - Started process (PID=1098) to work on /home/airflow/.local/lib/python3.11/site-packages/airflow/example_dags/example_bash_operator.py
[2026-03-15T17:55:13.398+0000] {processor.py:830} INFO - Processing file /home/airflow/.local/lib/python3.11/site-packages/airflow/example_dags/example_bash_operator.py for tasks to queue
[2026-03-15T17:55:13.401+0000] {logging_mixin.py:188} INFO - [2026-03-15T17:55:13.400+0000] {dagbag.py:540} INFO - Filling up the DagBag from /home/airflow/.local/lib/python3.11/site-packages/airflow/example_dags/example_bash_operator.py
[2026-03-15T17:55:13.410+0000] {processor.py:840} INFO - DAG(s) 'example_bash_operator' retrieved from /home/airflow/.local/lib/python3.11/site-packages/airflow/example_dags/example_bash_operator.py
[2026-03-15T17:55:13.433+0000] {logging_mixin.py:188} INFO - [2026-03-15T17:55:13.433+0000] {dag.py:3047} INFO - Sync 1 DAGs
[2026-03-15T17:55:13.453+0000] {logging_mixin.py:188} INFO - [2026-03-15T17:55:13.453+0000] {dag.py:3834} INFO - Setting next_dagrun for example_bash_operator to 2026-03-14 00:00:00+00:00, run_after=2026-03-15 00:00:00+00:00
[2026-03-15T17:55:13.472+0000] {processor.py:183} INFO - Processing /home/airflow/.local/lib/python3.11/site-packages/airflow/example_dags/example_bash_operator.py took 0.081 seconds
[2026-03-15T17:56:05.479+0000] {processor.py:161} INFO - Started process (PID=1142) to work on /home/airflow/.local/lib/python3.11/site-packages/airflow/example_dags/example_bash_operator.py
[2026-03-15T17:56:05.480+0000] {processor.py:830} INFO - Processing file /home/airflow/.local/lib/python3.11/site-packages/airflow/example_dags/example_bash_operator.py for tasks to queue
[2026-03-15T17:56:05.482+0000] {logging_mixin.py:188} INFO - [2026-03-15T17:56:05.482+0000] {dagbag.py:540} INFO - Filling up the DagBag from /home/airflow/.local/lib/python3.11/site-packages/airflow/example_dags/example_bash_operator.py
[2026-03-15T17:56:05.491+0000] {processor.py:840} INFO - DAG(s) 'example_bash_operator' retrieved from /home/airflow/.local/lib/python3.11/site-packages/airflow/example_dags/example_bash_operator.py
[2026-03-15T17:56:05.516+0000] {logging_mixin.py:188} INFO - [2026-03-15T17:56:05.516+0000] {dag.py:3047} INFO - Sync 1 DAGs
[2026-03-15T17:56:05.536+0000] {logging_mixin.py:188} INFO - [2026-03-15T17:56:05.536+0000] {dag.py:3834} INFO - Setting next_dagrun for example_bash_operator to 2026-03-14 00:00:00+00:00, run_after=2026-03-15 00:00:00+00:00
[2026-03-15T17:55:16.390+0000] {processor.py:183} INFO - Processing /home/airflow/.local/lib/python3.11/site-packages/airflow/example_dags/example_bash_operator.py took 0.077 seconds
[2026-03-15T17:55:46.577+0000] {processor.py:161} INFO - Started process (PID=1190) to work on /home/airflow/.local/lib/python3.11/site-packages/airflow/example_dags/example_bash_operator.py
[2026-03-15T17:55:46.578+0000] {processor.py:830} INFO - Processing file /home/airflow/.local/lib/python3.11/site-packages/airflow/example_dags/example_bash_operator.py for tasks to queue
[2026-03-15T17:55:46.580+0000] {logging_mixin.py:188} INFO - [2026-03-15T17:55:46.580+0000] {dagbag.py:540} INFO - Filling up the DagBag from /home/airflow/.local/lib/python3.11/site-packages/airflow/example_dags/example_bash_operator.py
[2026-03-15T17:55:46.593+0000] {processor.py:840} INFO - DAG(s) 'example_bash_operator' retrieved from /home/airflow/.local/lib/python3.11/site-packages/airflow/example_dags/example_bash_operator.py
[2026-03-15T17:55:46.618+0000] {logging_mixin.py:188} INFO - [2026-03-15T17:55:46.618+0000] {dag.py:3047} INFO - Sync 1 DAGs
[2026-03-15T17:55:46.641+0000] {logging_mixin.py:188} INFO - [2026-03-15T17:55:46.641+0000] {dag.py:3834} INFO - Setting next_dagrun for example_bash_operator to 2026-03-14 00:00:00+00:00, run_after=2026-03-15 00:00:00+00:00
[2026-03-15T17:55:46.659+0000] {processor.py:183} INFO - Processing /home/airflow/.local/lib/python3.11/site-packages/airflow/example_dags/example_bash_operator.py took 0.085 seconds
[2026-03-15T17:55:51.744+0000] {processor.py:161} INFO - Started process (PID=1238) to work on /home/airflow/.local/lib/python3.11/site-packages/airflow/example_dags/example_bash_operator.py
[2026-03-15T17:55:51.745+0000] {processor.py:830} INFO - Processing file /home/airflow/.local/lib/python3.11/site-packages/airflow/example_dags/example_bash_operator.py for tasks to queue
[2026-03-15T17:55:51.748+0000] {logging_mixin.py:188} INFO - [2026-03-15T17:55:51.747+0000] {dagbag.py:540} INFO - Filling up the DagBag from /home/airflow/.local/lib/python3.11/site-packages/airflow/example_dags/example_bash_operator.py
[2026-03-15T17:55:51.756+0000] {processor.py:840} INFO - DAG(s) 'example_bash_operator' retrieved from /home/airflow/.local/lib/python3.11/site-packages/airflow/example_dags/example_bash_operator.py
[2026-03-15T17:55:51.779+0000] {logging_mixin.py:188} INFO - [2026-03-15T17:55:51.779+0000] {dag.py:3047} INFO - Sync 1 DAGs
[2026-03-15T17:55:51.798+0000] {logging_mixin.py:188} INFO - [2026-03-15T17:55:51.798+0000] {dag.py:3834} INFO - Setting next_dagrun for example_bash_operator to 2026-03-14 00:00:00+00:00, run_after=2026-03-15 00:00:00+00:00
[2026-03-15T17:55:51.816+0000] {processor.py:183} INFO - Processing /home/airflow/.local/lib/python3.11/site-packages/airflow/example_dags/example_bash_operator.py took 0.075 seconds
[2026-03-15T17:55:56.591+0000] {processor.py:161} INFO - Started process (PID=1286) to work on /home/airflow/.local/lib/python3.11/site-packages/airflow/example_dags/example_bash_operator.py
[2026-03-15T17:55:56.592+0000] {processor.py:830} INFO - Processing file /home/airflow/.local/lib/python3.11/site-packages/airflow/example_dags/example_bash_operator.py for tasks to queue
[2026-03-15T17:55:56.594+0000] {logging_mixin.py:188} INFO - [2026-03-15T17:55:56.594+0000] {dagbag.py:540} INFO - Filling up the DagBag from /home/airflow/.local/lib/python3.11/site-packages/airflow/example_dags/example_bash_operator.py
[2026-03-15T17:55:56.603+0000] {processor.py:840} INFO - DAG(s) 'example_bash_operator' retrieved from /home/airflow/.local/lib/python3.11/site-packages/airflow/example_dags/example_bash_operator.py
[2026-03-15T17:55:56.625+0000] {logging_mixin.py:188} INFO - [2026-03-15T17:55:56.625+0000] {dag.py:3047} INFO - Sync 1 DAGs
[2026-03-15T17:55:56.640+0000] {logging_mixin.py:188} INFO - [2026-03-15T17:55:56.640+0000] {dag.py:3834} INFO - Setting next_dagrun for example_bash_operator to 2026-03-14 00:00:00+00:00, run_after=2026-03-15 00:00:00+00:00
[2026-03-15T17:55:56.656+0000] {processor.py:183} INFO - Processing /home/airflow/.local/lib/python3.11/site-packages/airflow/example_dags/example_bash_operator.py took 0.067 seconds
[2026-03-15T17:56:26.759+0000] {processor.py:161} INFO - Started process (PID=1337) to work on /home/airflow/.local/lib/python3.11/site-packages/airflow/example_dags/example_bash_operator.py
[2026-03-15T17:56:26.761+0000] {processor.py:830} INFO - Processing file /home/airflow/.local/lib/python3.11/site-packages/airflow/example_dags/example_bash_operator.py for tasks to queue
[2026-03-15T17:56:26.762+0000] {logging_mixin.py:188} INFO - [2026-03-15T17:56:26.762+0000] {dagbag.py:540} INFO - Filling up the DagBag from /home/airflow/.local/lib/python3.11/site-packages/airflow/example_dags/example_bash_operator.py
[2026-03-15T17:56:26.771+0000] {processor.py:840} INFO - DAG(s) 'example_bash_operator' retrieved from /home/airflow/.local/lib/python3.11/site-packages/airflow/example_dags/example_bash_operator.py
[2026-03-15T17:56:26.791+0000] {logging_mixin.py:188} INFO - [2026-03-15T17:56:26.790+0000] {dag.py:3047} INFO - Sync 1 DAGs
[2026-03-15T17:56:26.806+0000] {logging_mixin.py:188} INFO - [2026-03-15T17:56:26.806+0000] {dag.py:3834} INFO - Setting next_dagrun for example_bash_operator to 2026-03-14 00:00:00+00:00, run_after=2026-03-15 00:00:00+00:00
[2026-03-15T17:56:26.819+0000] {processor.py:183} INFO - Processing /home/airflow/.local/lib/python3.11/site-packages/airflow/example_dags/example_bash_operator.py took 0.062 seconds
[2026-03-15T17:56:43.458+0000] {processor.py:161} INFO - Started process (PID=1392) to work on /home/airflow/.local/lib/python3.11/site-packages/airflow/example_dags/example_bash_operator.py
[2026-03-15T17:56:43.459+0000] {processor.py:830} INFO - Processing file /home/airflow/.local/lib/python3.11/site-packages/airflow/example_dags/example_bash_operator.py for tasks to queue
[2026-03-15T17:56:43.461+0000] {logging_mixin.py:188} INFO - [2026-03-15T17:56:43.460+0000] {dagbag.py:540} INFO - Filling up the DagBag from /home/airflow/.local/lib/python3.11/site-packages/airflow/example_dags/example_bash_operator.py
[2026-03-15T17:56:43.470+0000] {processor.py:840} INFO - DAG(s) 'example_bash_operator' retrieved from /home/airflow/.local/lib/python3.11/site-packages/airflow/example_dags/example_bash_operator.py
[2026-03-15T17:56:43.489+0000] {logging_mixin.py:188} INFO - [2026-03-15T17:56:43.489+0000] {dag.py:3047} INFO - Sync 1 DAGs
[2026-03-15T17:56:43.505+0000] {logging_mixin.py:188} INFO - [2026-03-15T17:56:43.505+0000] {dag.py:3834} INFO - Setting next_dagrun for example_bash_operator to 2026-03-14 00:00:00+00:00, run_after=2026-03-15 00:00:00+00:00
[2026-03-15T17:56:43.519+0000] {processor.py:183} INFO - Processing /home/airflow/.local/lib/python3.11/site-packages/airflow/example_dags/example_bash_operator.py took 0.064 seconds
[2026-03-15T17:56:46.795+0000] {processor.py:161} INFO - Started process (PID=1440) to work on /home/airflow/.local/lib/python3.11/site-packages/airflow/example_dags/example_bash_operator.py
[2026-03-15T17:56:46.796+0000] {processor.py:830} INFO - Processing file /home/airflow/.local/lib/python3.11/site-packages/airflow/example_dags/example_bash_operator.py for tasks to queue
[2026-03-15T17:56:46.798+0000] {logging_mixin.py:188} INFO - [2026-03-15T17:56:46.798+0000] {dagbag.py:540} INFO - Filling up the DagBag from /home/airflow/.local/lib/python3.11/site-packages/airflow/example_dags/example_bash_operator.py
[2026-03-15T17:56:46.808+0000] {processor.py:840} INFO - DAG(s) 'example_bash_operator' retrieved from /home/airflow/.local/lib/python3.11/site-packages/airflow/example_dags/example_bash_operator.py
[2026-03-15T17:56:46.828+0000] {logging_mixin.py:188} INFO - [2026-03-15T17:56:46.828+0000] {dag.py:3047} INFO - Sync 1 DAGs
[2026-03-15T17:56:46.844+0000] {logging_mixin.py:188} INFO - [2026-03-15T17:56:46.844+0000] {dag.py:3834} INFO - Setting next_dagrun for example_bash_operator to 2026-03-14 00:00:00+00:00, run_after=2026-03-15 00:00:00+00:00
[2026-03-15T17:56:46.862+0000] {processor.py:183} INFO - Processing /home/airflow/.local/lib/python3.11/site-packages/airflow/example_dags/example_bash_operator.py took 0.070 seconds
[2026-03-15T17:57:16.974+0000] {processor.py:161} INFO - Started process (PID=1494) to work on /home/airflow/.local/lib/python3.11/site-packages/airflow/example_dags/example_bash_operator.py
[2026-03-15T17:57:16.974+0000] {processor.py:830} INFO - Processing file /home/airflow/.local/lib/python3.11/site-packages/airflow/example_dags/example_bash_operator.py for tasks to queue
[2026-03-15T17:57:16.976+0000] {logging_mixin.py:188} INFO - [2026-03-15T17:57:16.976+0000] {dagbag.py:540} INFO - Filling up the DagBag from /home/airflow/.local/lib/python3.11/site-packages/airflow/example_dags/example_bash_operator.py
[2026-03-15T17:57:16.985+0000] {processor.py:840} INFO - DAG(s) 'example_bash_operator' retrieved from /home/airflow/.local/lib/python3.11/site-packages/airflow/example_dags/example_bash_operator.py
[2026-03-15T17:57:17.002+0000] {logging_mixin.py:188} INFO - [2026-03-15T17:57:17.002+0000] {dag.py:3047} INFO - Sync 1 DAGs
[2026-03-15T17:57:17.018+0000] {logging_mixin.py:188} INFO - [2026-03-15T17:57:17.018+0000] {dag.py:3834} INFO - Setting next_dagrun for example_bash_operator to 2026-03-14 00:00:00+00:00, run_after=2026-03-15 00:00:00+00:00
[2026-03-15T17:57:17.034+0000] {processor.py:183} INFO - Processing /home/airflow/.local/lib/python3.11/site-packages/airflow/example_dags/example_bash_operator.py took 0.063 seconds
[2026-03-15T17:57:21.768+0000] {processor.py:161} INFO - Started process (PID=1544) to work on /home/airflow/.local/lib/python3.11/site-packages/airflow/example_dags/example_bash_operator.py
[2026-03-15T17:57:21.769+0000] {processor.py:830} INFO - Processing file /home/airflow/.local/lib/python3.11/site-packages/airflow/example_dags/example_bash_operator.py for tasks to queue
[2026-03-15T17:57:21.771+0000] {logging_mixin.py:188} INFO - [2026-03-15T17:57:21.771+0000] {dagbag.py:540} INFO - Filling up the DagBag from /home/airflow/.local/lib/python3.11/site-packages/airflow/example_dags/example_bash_operator.py
[2026-03-15T17:57:21.782+0000] {processor.py:840} INFO - DAG(s) 'example_bash_operator' retrieved from /home/airflow/.local/lib/python3.11/site-packages/airflow/example_dags/example_bash_operator.py
[2026-03-15T17:57:21.801+0000] {logging_mixin.py:188} INFO - [2026-03-15T17:57:21.801+0000] {dag.py:3047} INFO - Sync 1 DAGs
[2026-03-15T17:57:21.818+0000] {logging_mixin.py:188} INFO - [2026-03-15T17:57:21.817+0000] {dag.py:3834} INFO - Setting next_dagrun for example_bash_operator to 2026-03-14 00:00:00+00:00, run_after=2026-03-15 00:00:00+00:00
[2026-03-15T17:57:21.833+0000] {processor.py:183} INFO - Processing /home/airflow/.local/lib/python3.11/site-packages/airflow/example_dags/example_bash_operator.py took 0.069 seconds
[2026-03-15T17:58:32.441+0000] {processor.py:161} INFO - Started process (PID=1596) to work on /home/airflow/.local/lib/python3.11/site-packages/airflow/example_dags/example_bash_operator.py
[2026-03-15T17:58:32.442+0000] {processor.py:830} INFO - Processing file /home/airflow/.local/lib/python3.11/site-packages/airflow/example_dags/example_bash_operator.py for tasks to queue
[2026-03-15T17:58:32.443+0000] {logging_mixin.py:188} INFO - [2026-03-15T17:58:32.443+0000] {dagbag.py:540} INFO - Filling up the DagBag from /home/airflow/.local/lib/python3.11/site-packages/airflow/example_dags/example_bash_operator.py
[2026-03-15T17:58:32.452+0000] {processor.py:840} INFO - DAG(s) 'example_bash_operator' retrieved from /home/airflow/.local/lib/python3.11/site-packages/airflow/example_dags/example_bash_operator.py
[2026-03-15T17:58:32.470+0000] {logging_mixin.py:188} INFO - [2026-03-15T17:58:32.469+0000] {dag.py:3047} INFO - Sync 1 DAGs
[2026-03-15T17:58:32.484+0000] {logging_mixin.py:188} INFO - [2026-03-15T17:58:32.484+0000] {dag.py:3834} INFO - Setting next_dagrun for example_bash_operator to 2026-03-14 00:00:00+00:00, run_after=2026-03-15 00:00:00+00:00
[2026-03-15T17:57:43.344+0000] {processor.py:183} INFO - Processing /home/airflow/.local/lib/python3.11/site-packages/airflow/example_dags/example_bash_operator.py took 0.062 seconds
[2026-03-15T17:58:35.613+0000] {processor.py:161} INFO - Started process (PID=1639) to work on /home/airflow/.local/lib/python3.11/site-packages/airflow/example_dags/example_bash_operator.py
[2026-03-15T17:58:35.615+0000] {processor.py:830} INFO - Processing file /home/airflow/.local/lib/python3.11/site-packages/airflow/example_dags/example_bash_operator.py for tasks to queue
[2026-03-15T17:58:35.617+0000] {logging_mixin.py:188} INFO - [2026-03-15T17:58:35.616+0000] {dagbag.py:540} INFO - Filling up the DagBag from /home/airflow/.local/lib/python3.11/site-packages/airflow/example_dags/example_bash_operator.py
[2026-03-15T17:58:35.627+0000] {processor.py:840} INFO - DAG(s) 'example_bash_operator' retrieved from /home/airflow/.local/lib/python3.11/site-packages/airflow/example_dags/example_bash_operator.py
[2026-03-15T17:58:35.647+0000] {logging_mixin.py:188} INFO - [2026-03-15T17:58:35.647+0000] {dag.py:3047} INFO - Sync 1 DAGs
[2026-03-15T17:58:35.664+0000] {logging_mixin.py:188} INFO - [2026-03-15T17:58:35.663+0000] {dag.py:3834} INFO - Setting next_dagrun for example_bash_operator to 2026-03-14 00:00:00+00:00, run_after=2026-03-15 00:00:00+00:00
[2026-03-15T17:58:35.679+0000] {processor.py:183} INFO - Processing /home/airflow/.local/lib/python3.11/site-packages/airflow/example_dags/example_bash_operator.py took 0.070 seconds
[2026-03-15T17:59:10.780+0000] {processor.py:161} INFO - Started process (PID=1776) to work on /home/airflow/.local/lib/python3.11/site-packages/airflow/example_dags/example_bash_operator.py
[2026-03-15T17:59:10.781+0000] {processor.py:830} INFO - Processing file /home/airflow/.local/lib/python3.11/site-packages/airflow/example_dags/example_bash_operator.py for tasks to queue
[2026-03-15T17:59:10.783+0000] {logging_mixin.py:188} INFO - [2026-03-15T17:59:10.783+0000] {dagbag.py:540} INFO - Filling up the DagBag from /home/airflow/.local/lib/python3.11/site-packages/airflow/example_dags/example_bash_operator.py
[2026-03-15T17:59:10.792+0000] {processor.py:840} INFO - DAG(s) 'example_bash_operator' retrieved from /home/airflow/.local/lib/python3.11/site-packages/airflow/example_dags/example_bash_operator.py
[2026-03-15T17:59:10.812+0000] {logging_mixin.py:188} INFO - [2026-03-15T17:59:10.811+0000] {dag.py:3047} INFO - Sync 1 DAGs
[2026-03-15T17:59:10.828+0000] {logging_mixin.py:188} INFO - [2026-03-15T17:59:10.828+0000] {dag.py:3834} INFO - Setting next_dagrun for example_bash_operator to 2026-03-14 00:00:00+00:00, run_after=2026-03-15 00:00:00+00:00
[2026-03-15T17:58:21.680+0000] {processor.py:183} INFO - Processing /home/airflow/.local/lib/python3.11/site-packages/airflow/example_dags/example_bash_operator.py took 0.064 seconds
[2026-03-15T17:59:25.641+0000] {processor.py:161} INFO - Started process (PID=1821) to work on /home/airflow/.local/lib/python3.11/site-packages/airflow/example_dags/example_bash_operator.py
[2026-03-15T17:59:25.642+0000] {processor.py:830} INFO - Processing file /home/airflow/.local/lib/python3.11/site-packages/airflow/example_dags/example_bash_operator.py for tasks to queue
[2026-03-15T17:59:25.644+0000] {logging_mixin.py:188} INFO - [2026-03-15T17:59:25.643+0000] {dagbag.py:540} INFO - Filling up the DagBag from /home/airflow/.local/lib/python3.11/site-packages/airflow/example_dags/example_bash_operator.py
[2026-03-15T17:59:25.655+0000] {processor.py:840} INFO - DAG(s) 'example_bash_operator' retrieved from /home/airflow/.local/lib/python3.11/site-packages/airflow/example_dags/example_bash_operator.py
[2026-03-15T17:59:25.676+0000] {logging_mixin.py:188} INFO - [2026-03-15T17:59:25.676+0000] {dag.py:3047} INFO - Sync 1 DAGs
[2026-03-15T17:59:25.695+0000] {logging_mixin.py:188} INFO - [2026-03-15T17:59:25.695+0000] {dag.py:3834} INFO - Setting next_dagrun for example_bash_operator to 2026-03-14 00:00:00+00:00, run_after=2026-03-15 00:00:00+00:00
[2026-03-15T17:59:25.710+0000] {processor.py:183} INFO - Processing /home/airflow/.local/lib/python3.11/site-packages/airflow/example_dags/example_bash_operator.py took 0.073 seconds
[2026-03-15T17:59:56.022+0000] {processor.py:161} INFO - Started process (PID=2018) to work on /home/airflow/.local/lib/python3.11/site-packages/airflow/example_dags/example_bash_operator.py
[2026-03-15T17:59:56.024+0000] {processor.py:830} INFO - Processing file /home/airflow/.local/lib/python3.11/site-packages/airflow/example_dags/example_bash_operator.py for tasks to queue
[2026-03-15T17:59:56.026+0000] {logging_mixin.py:188} INFO - [2026-03-15T17:59:56.026+0000] {dagbag.py:540} INFO - Filling up the DagBag from /home/airflow/.local/lib/python3.11/site-packages/airflow/example_dags/example_bash_operator.py
[2026-03-15T17:59:56.035+0000] {processor.py:840} INFO - DAG(s) 'example_bash_operator' retrieved from /home/airflow/.local/lib/python3.11/site-packages/airflow/example_dags/example_bash_operator.py
[2026-03-15T17:59:56.052+0000] {logging_mixin.py:188} INFO - [2026-03-15T17:59:56.052+0000] {dag.py:3047} INFO - Sync 1 DAGs
[2026-03-15T17:59:56.068+0000] {logging_mixin.py:188} INFO - [2026-03-15T17:59:56.068+0000] {dag.py:3834} INFO - Setting next_dagrun for example_bash_operator to 2026-03-14 00:00:00+00:00, run_after=2026-03-15 00:00:00+00:00
[2026-03-15T17:59:56.085+0000] {processor.py:183} INFO - Processing /home/airflow/.local/lib/python3.11/site-packages/airflow/example_dags/example_bash_operator.py took 0.066 seconds
[2026-03-15T18:00:06.949+0000] {processor.py:161} INFO - Started process (PID=2044) to work on /home/airflow/.local/lib/python3.11/site-packages/airflow/example_dags/example_bash_operator.py
[2026-03-15T18:00:06.950+0000] {processor.py:830} INFO - Processing file /home/airflow/.local/lib/python3.11/site-packages/airflow/example_dags/example_bash_operator.py for tasks to queue
[2026-03-15T18:00:06.952+0000] {logging_mixin.py:188} INFO - [2026-03-15T18:00:06.952+0000] {dagbag.py:540} INFO - Filling up the DagBag from /home/airflow/.local/lib/python3.11/site-packages/airflow/example_dags/example_bash_operator.py
[2026-03-15T18:00:06.961+0000] {processor.py:840} INFO - DAG(s) 'example_bash_operator' retrieved from /home/airflow/.local/lib/python3.11/site-packages/airflow/example_dags/example_bash_operator.py
[2026-03-15T18:00:06.979+0000] {logging_mixin.py:188} INFO - [2026-03-15T18:00:06.979+0000] {dag.py:3047} INFO - Sync 1 DAGs
[2026-03-15T18:00:06.994+0000] {logging_mixin.py:188} INFO - [2026-03-15T18:00:06.994+0000] {dag.py:3834} INFO - Setting next_dagrun for example_bash_operator to 2026-03-14 00:00:00+00:00, run_after=2026-03-15 00:00:00+00:00
[2026-03-15T18:00:07.008+0000] {processor.py:183} INFO - Processing /home/airflow/.local/lib/python3.11/site-packages/airflow/example_dags/example_bash_operator.py took 0.062 seconds
[2026-03-15T18:00:11.844+0000] {processor.py:161} INFO - Started process (PID=2085) to work on /home/airflow/.local/lib/python3.11/site-packages/airflow/example_dags/example_bash_operator.py
[2026-03-15T18:00:11.845+0000] {processor.py:830} INFO - Processing file /home/airflow/.local/lib/python3.11/site-packages/airflow/example_dags/example_bash_operator.py for tasks to queue
[2026-03-15T18:00:11.847+0000] {logging_mixin.py:188} INFO - [2026-03-15T18:00:11.847+0000] {dagbag.py:540} INFO - Filling up the DagBag from /home/airflow/.local/lib/python3.11/site-packages/airflow/example_dags/example_bash_operator.py
[2026-03-15T18:00:11.855+0000] {processor.py:840} INFO - DAG(s) 'example_bash_operator' retrieved from /home/airflow/.local/lib/python3.11/site-packages/airflow/example_dags/example_bash_operator.py
[2026-03-15T18:00:11.875+0000] {logging_mixin.py:188} INFO - [2026-03-15T18:00:11.875+0000] {dag.py:3047} INFO - Sync 1 DAGs
[2026-03-15T18:00:11.891+0000] {logging_mixin.py:188} INFO - [2026-03-15T18:00:11.891+0000] {dag.py:3834} INFO - Setting next_dagrun for example_bash_operator to 2026-03-14 00:00:00+00:00, run_after=2026-03-15 00:00:00+00:00
[2026-03-15T18:00:11.903+0000] {processor.py:183} INFO - Processing /home/airflow/.local/lib/python3.11/site-packages/airflow/example_dags/example_bash_operator.py took 0.062 seconds
[2026-03-15T18:00:42.234+0000] {processor.py:161} INFO - Started process (PID=2132) to work on /home/airflow/.local/lib/python3.11/site-packages/airflow/example_dags/example_bash_operator.py
[2026-03-15T18:00:42.236+0000] {processor.py:830} INFO - Processing file /home/airflow/.local/lib/python3.11/site-packages/airflow/example_dags/example_bash_operator.py for tasks to queue
[2026-03-15T18:00:42.238+0000] {logging_mixin.py:188} INFO - [2026-03-15T18:00:42.237+0000] {dagbag.py:540} INFO - Filling up the DagBag from /home/airflow/.local/lib/python3.11/site-packages/airflow/example_dags/example_bash_operator.py
[2026-03-15T18:00:42.246+0000] {processor.py:840} INFO - DAG(s) 'example_bash_operator' retrieved from /home/airflow/.local/lib/python3.11/site-packages/airflow/example_dags/example_bash_operator.py
[2026-03-15T18:00:42.268+0000] {logging_mixin.py:188} INFO - [2026-03-15T18:00:42.267+0000] {dag.py:3047} INFO - Sync 1 DAGs
[2026-03-15T18:00:42.283+0000] {logging_mixin.py:188} INFO - [2026-03-15T18:00:42.283+0000] {dag.py:3834} INFO - Setting next_dagrun for example_bash_operator to 2026-03-14 00:00:00+00:00, run_after=2026-03-15 00:00:00+00:00
[2026-03-15T18:00:42.296+0000] {processor.py:183} INFO - Processing /home/airflow/.local/lib/python3.11/site-packages/airflow/example_dags/example_bash_operator.py took 0.065 seconds
[2026-03-15T18:00:43.467+0000] {processor.py:161} INFO - Started process (PID=2157) to work on /home/airflow/.local/lib/python3.11/site-packages/airflow/example_dags/example_bash_operator.py
[2026-03-15T18:00:43.468+0000] {processor.py:830} INFO - Processing file /home/airflow/.local/lib/python3.11/site-packages/airflow/example_dags/example_bash_operator.py for tasks to queue
[2026-03-15T18:00:43.470+0000] {logging_mixin.py:188} INFO - [2026-03-15T18:00:43.470+0000] {dagbag.py:540} INFO - Filling up the DagBag from /home/airflow/.local/lib/python3.11/site-packages/airflow/example_dags/example_bash_operator.py
[2026-03-15T18:00:43.479+0000] {processor.py:840} INFO - DAG(s) 'example_bash_operator' retrieved from /home/airflow/.local/lib/python3.11/site-packages/airflow/example_dags/example_bash_operator.py
[2026-03-15T18:00:43.499+0000] {logging_mixin.py:188} INFO - [2026-03-15T18:00:43.499+0000] {dag.py:3047} INFO - Sync 1 DAGs
[2026-03-15T18:00:43.515+0000] {logging_mixin.py:188} INFO - [2026-03-15T18:00:43.515+0000] {dag.py:3834} INFO - Setting next_dagrun for example_bash_operator to 2026-03-14 00:00:00+00:00, run_after=2026-03-15 00:00:00+00:00
[2026-03-15T18:00:43.529+0000] {processor.py:183} INFO - Processing /home/airflow/.local/lib/python3.11/site-packages/airflow/example_dags/example_bash_operator.py took 0.065 seconds
[2026-03-15T18:01:13.293+0000] {processor.py:161} INFO - Started process (PID=2203) to work on /home/airflow/.local/lib/python3.11/site-packages/airflow/example_dags/example_bash_operator.py
[2026-03-15T18:01:13.295+0000] {processor.py:830} INFO - Processing file /home/airflow/.local/lib/python3.11/site-packages/airflow/example_dags/example_bash_operator.py for tasks to queue
[2026-03-15T18:01:13.297+0000] {logging_mixin.py:188} INFO - [2026-03-15T18:01:13.297+0000] {dagbag.py:540} INFO - Filling up the DagBag from /home/airflow/.local/lib/python3.11/site-packages/airflow/example_dags/example_bash_operator.py
[2026-03-15T18:01:13.307+0000] {processor.py:840} INFO - DAG(s) 'example_bash_operator' retrieved from /home/airflow/.local/lib/python3.11/site-packages/airflow/example_dags/example_bash_operator.py
[2026-03-15T18:01:13.326+0000] {logging_mixin.py:188} INFO - [2026-03-15T18:01:13.326+0000] {dag.py:3047} INFO - Sync 1 DAGs
[2026-03-15T18:01:13.341+0000] {logging_mixin.py:188} INFO - [2026-03-15T18:01:13.341+0000] {dag.py:3834} INFO - Setting next_dagrun for example_bash_operator to 2026-03-14 00:00:00+00:00, run_after=2026-03-15 00:00:00+00:00
[2026-03-15T18:01:13.354+0000] {processor.py:183} INFO - Processing /home/airflow/.local/lib/python3.11/site-packages/airflow/example_dags/example_bash_operator.py took 0.064 seconds
[2026-03-15T18:01:43.742+0000] {processor.py:161} INFO - Started process (PID=2253) to work on /home/airflow/.local/lib/python3.11/site-packages/airflow/example_dags/example_bash_operator.py
[2026-03-15T18:01:43.744+0000] {processor.py:830} INFO - Processing file /home/airflow/.local/lib/python3.11/site-packages/airflow/example_dags/example_bash_operator.py for tasks to queue
[2026-03-15T18:01:43.746+0000] {logging_mixin.py:188} INFO - [2026-03-15T18:01:43.745+0000] {dagbag.py:540} INFO - Filling up the DagBag from /home/airflow/.local/lib/python3.11/site-packages/airflow/example_dags/example_bash_operator.py
[2026-03-15T18:01:43.754+0000] {processor.py:840} INFO - DAG(s) 'example_bash_operator' retrieved from /home/airflow/.local/lib/python3.11/site-packages/airflow/example_dags/example_bash_operator.py
[2026-03-15T18:01:43.773+0000] {logging_mixin.py:188} INFO - [2026-03-15T18:01:43.773+0000] {dag.py:3047} INFO - Sync 1 DAGs
[2026-03-15T18:01:43.788+0000] {logging_mixin.py:188} INFO - [2026-03-15T18:01:43.787+0000] {dag.py:3834} INFO - Setting next_dagrun for example_bash_operator to 2026-03-14 00:00:00+00:00, run_after=2026-03-15 00:00:00+00:00
[2026-03-15T18:01:43.799+0000] {processor.py:183} INFO - Processing /home/airflow/.local/lib/python3.11/site-packages/airflow/example_dags/example_bash_operator.py took 0.061 seconds
[2026-03-15T18:01:47.185+0000] {processor.py:161} INFO - Started process (PID=2303) to work on /home/airflow/.local/lib/python3.11/site-packages/airflow/example_dags/example_bash_operator.py
[2026-03-15T18:01:47.186+0000] {processor.py:830} INFO - Processing file /home/airflow/.local/lib/python3.11/site-packages/airflow/example_dags/example_bash_operator.py for tasks to queue
[2026-03-15T18:01:47.188+0000] {logging_mixin.py:188} INFO - [2026-03-15T18:01:47.187+0000] {dagbag.py:540} INFO - Filling up the DagBag from /home/airflow/.local/lib/python3.11/site-packages/airflow/example_dags/example_bash_operator.py
[2026-03-15T18:01:47.196+0000] {processor.py:840} INFO - DAG(s) 'example_bash_operator' retrieved from /home/airflow/.local/lib/python3.11/site-packages/airflow/example_dags/example_bash_operator.py
[2026-03-15T18:01:47.215+0000] {logging_mixin.py:188} INFO - [2026-03-15T18:01:47.215+0000] {dag.py:3047} INFO - Sync 1 DAGs
[2026-03-15T18:01:47.232+0000] {logging_mixin.py:188} INFO - [2026-03-15T18:01:47.232+0000] {dag.py:3834} INFO - Setting next_dagrun for example_bash_operator to 2026-03-14 00:00:00+00:00, run_after=2026-03-15 00:00:00+00:00
[2026-03-15T18:01:47.244+0000] {processor.py:183} INFO - Processing /home/airflow/.local/lib/python3.11/site-packages/airflow/example_dags/example_bash_operator.py took 0.061 seconds
[2026-03-15T18:02:13.440+0000] {processor.py:161} INFO - Started process (PID=2355) to work on /home/airflow/.local/lib/python3.11/site-packages/airflow/example_dags/example_bash_operator.py
[2026-03-15T18:02:13.441+0000] {processor.py:830} INFO - Processing file /home/airflow/.local/lib/python3.11/site-packages/airflow/example_dags/example_bash_operator.py for tasks to queue
[2026-03-15T18:02:13.443+0000] {logging_mixin.py:188} INFO - [2026-03-15T18:02:13.443+0000] {dagbag.py:540} INFO - Filling up the DagBag from /home/airflow/.local/lib/python3.11/site-packages/airflow/example_dags/example_bash_operator.py
[2026-03-15T18:02:13.452+0000] {processor.py:840} INFO - DAG(s) 'example_bash_operator' retrieved from /home/airflow/.local/lib/python3.11/site-packages/airflow/example_dags/example_bash_operator.py
[2026-03-15T18:02:13.470+0000] {logging_mixin.py:188} INFO - [2026-03-15T18:02:13.470+0000] {dag.py:3047} INFO - Sync 1 DAGs
[2026-03-15T18:02:13.485+0000] {logging_mixin.py:188} INFO - [2026-03-15T18:02:13.485+0000] {dag.py:3834} INFO - Setting next_dagrun for example_bash_operator to 2026-03-14 00:00:00+00:00, run_after=2026-03-15 00:00:00+00:00
[2026-03-15T18:02:13.500+0000] {processor.py:183} INFO - Processing /home/airflow/.local/lib/python3.11/site-packages/airflow/example_dags/example_bash_operator.py took 0.062 seconds
[2026-03-15T18:02:44.430+0000] {processor.py:161} INFO - Started process (PID=2405) to work on /home/airflow/.local/lib/python3.11/site-packages/airflow/example_dags/example_bash_operator.py
[2026-03-15T18:02:44.431+0000] {processor.py:830} INFO - Processing file /home/airflow/.local/lib/python3.11/site-packages/airflow/example_dags/example_bash_operator.py for tasks to queue
[2026-03-15T18:02:44.433+0000] {logging_mixin.py:188} INFO - [2026-03-15T18:02:44.433+0000] {dagbag.py:540} INFO - Filling up the DagBag from /home/airflow/.local/lib/python3.11/site-packages/airflow/example_dags/example_bash_operator.py
[2026-03-15T18:02:44.442+0000] {processor.py:840} INFO - DAG(s) 'example_bash_operator' retrieved from /home/airflow/.local/lib/python3.11/site-packages/airflow/example_dags/example_bash_operator.py
[2026-03-15T18:02:44.460+0000] {logging_mixin.py:188} INFO - [2026-03-15T18:02:44.460+0000] {dag.py:3047} INFO - Sync 1 DAGs
[2026-03-15T18:02:44.476+0000] {logging_mixin.py:188} INFO - [2026-03-15T18:02:44.476+0000] {dag.py:3834} INFO - Setting next_dagrun for example_bash_operator to 2026-03-14 00:00:00+00:00, run_after=2026-03-15 00:00:00+00:00
[2026-03-15T18:02:44.493+0000] {processor.py:183} INFO - Processing /home/airflow/.local/lib/python3.11/site-packages/airflow/example_dags/example_bash_operator.py took 0.066 seconds
[2026-03-15T18:03:15.123+0000] {processor.py:161} INFO - Started process (PID=2459) to work on /home/airflow/.local/lib/python3.11/site-packages/airflow/example_dags/example_bash_operator.py
[2026-03-15T18:03:15.124+0000] {processor.py:830} INFO - Processing file /home/airflow/.local/lib/python3.11/site-packages/airflow/example_dags/example_bash_operator.py for tasks to queue
[2026-03-15T18:03:15.126+0000] {logging_mixin.py:188} INFO - [2026-03-15T18:03:15.126+0000] {dagbag.py:540} INFO - Filling up the DagBag from /home/airflow/.local/lib/python3.11/site-packages/airflow/example_dags/example_bash_operator.py
[2026-03-15T18:03:15.136+0000] {processor.py:840} INFO - DAG(s) 'example_bash_operator' retrieved from /home/airflow/.local/lib/python3.11/site-packages/airflow/example_dags/example_bash_operator.py
[2026-03-15T18:03:15.155+0000] {logging_mixin.py:188} INFO - [2026-03-15T18:03:15.155+0000] {dag.py:3047} INFO - Sync 1 DAGs
[2026-03-15T18:03:15.171+0000] {logging_mixin.py:188} INFO - [2026-03-15T18:03:15.171+0000] {dag.py:3834} INFO - Setting next_dagrun for example_bash_operator to 2026-03-14 00:00:00+00:00, run_after=2026-03-15 00:00:00+00:00
[2026-03-15T18:03:15.185+0000] {processor.py:183} INFO - Processing /home/airflow/.local/lib/python3.11/site-packages/airflow/example_dags/example_bash_operator.py took 0.065 seconds
[2026-03-15T18:03:17.442+0000] {processor.py:161} INFO - Started process (PID=2507) to work on /home/airflow/.local/lib/python3.11/site-packages/airflow/example_dags/example_bash_operator.py
[2026-03-15T18:03:17.443+0000] {processor.py:830} INFO - Processing file /home/airflow/.local/lib/python3.11/site-packages/airflow/example_dags/example_bash_operator.py for tasks to queue
[2026-03-15T18:03:17.445+0000] {logging_mixin.py:188} INFO - [2026-03-15T18:03:17.445+0000] {dagbag.py:540} INFO - Filling up the DagBag from /home/airflow/.local/lib/python3.11/site-packages/airflow/example_dags/example_bash_operator.py
[2026-03-15T18:03:17.453+0000] {processor.py:840} INFO - DAG(s) 'example_bash_operator' retrieved from /home/airflow/.local/lib/python3.11/site-packages/airflow/example_dags/example_bash_operator.py
[2026-03-15T18:03:17.472+0000] {logging_mixin.py:188} INFO - [2026-03-15T18:03:17.472+0000] {dag.py:3047} INFO - Sync 1 DAGs
[2026-03-15T18:03:17.488+0000] {logging_mixin.py:188} INFO - [2026-03-15T18:03:17.488+0000] {dag.py:3834} INFO - Setting next_dagrun for example_bash_operator to 2026-03-14 00:00:00+00:00, run_after=2026-03-15 00:00:00+00:00
[2026-03-15T18:03:17.502+0000] {processor.py:183} INFO - Processing /home/airflow/.local/lib/python3.11/site-packages/airflow/example_dags/example_bash_operator.py took 0.062 seconds
[2026-03-15T18:03:22.421+0000] {processor.py:161} INFO - Started process (PID=2551) to work on /home/airflow/.local/lib/python3.11/site-packages/airflow/example_dags/example_bash_operator.py
[2026-03-15T18:03:22.422+0000] {processor.py:830} INFO - Processing file /home/airflow/.local/lib/python3.11/site-packages/airflow/example_dags/example_bash_operator.py for tasks to queue
[2026-03-15T18:03:22.424+0000] {logging_mixin.py:188} INFO - [2026-03-15T18:03:22.424+0000] {dagbag.py:540} INFO - Filling up the DagBag from /home/airflow/.local/lib/python3.11/site-packages/airflow/example_dags/example_bash_operator.py
[2026-03-15T18:03:22.433+0000] {processor.py:840} INFO - DAG(s) 'example_bash_operator' retrieved from /home/airflow/.local/lib/python3.11/site-packages/airflow/example_dags/example_bash_operator.py
[2026-03-15T18:03:22.451+0000] {logging_mixin.py:188} INFO - [2026-03-15T18:03:22.451+0000] {dag.py:3047} INFO - Sync 1 DAGs
[2026-03-15T18:03:22.467+0000] {logging_mixin.py:188} INFO - [2026-03-15T18:03:22.467+0000] {dag.py:3834} INFO - Setting next_dagrun for example_bash_operator to 2026-03-14 00:00:00+00:00, run_after=2026-03-15 00:00:00+00:00
[2026-03-15T18:03:22.480+0000] {processor.py:183} INFO - Processing /home/airflow/.local/lib/python3.11/site-packages/airflow/example_dags/example_bash_operator.py took 0.061 seconds
[2026-03-15T18:03:43.699+0000] {processor.py:161} INFO - Started process (PID=2602) to work on /home/airflow/.local/lib/python3.11/site-packages/airflow/example_dags/example_bash_operator.py
[2026-03-15T18:03:43.700+0000] {processor.py:830} INFO - Processing file /home/airflow/.local/lib/python3.11/site-packages/airflow/example_dags/example_bash_operator.py for tasks to queue
[2026-03-15T18:03:43.702+0000] {logging_mixin.py:188} INFO - [2026-03-15T18:03:43.702+0000] {dagbag.py:540} INFO - Filling up the DagBag from /home/airflow/.local/lib/python3.11/site-packages/airflow/example_dags/example_bash_operator.py
[2026-03-15T18:03:43.711+0000] {processor.py:840} INFO - DAG(s) 'example_bash_operator' retrieved from /home/airflow/.local/lib/python3.11/site-packages/airflow/example_dags/example_bash_operator.py
[2026-03-15T18:03:43.728+0000] {logging_mixin.py:188} INFO - [2026-03-15T18:03:43.727+0000] {dag.py:3047} INFO - Sync 1 DAGs
[2026-03-15T18:03:43.742+0000] {logging_mixin.py:188} INFO - [2026-03-15T18:03:43.742+0000] {dag.py:3834} INFO - Setting next_dagrun for example_bash_operator to 2026-03-14 00:00:00+00:00, run_after=2026-03-15 00:00:00+00:00
[2026-03-15T18:03:43.754+0000] {processor.py:183} INFO - Processing /home/airflow/.local/lib/python3.11/site-packages/airflow/example_dags/example_bash_operator.py took 0.057 seconds
[2026-03-15T18:04:13.913+0000] {processor.py:161} INFO - Started process (PID=2653) to work on /home/airflow/.local/lib/python3.11/site-packages/airflow/example_dags/example_bash_operator.py
[2026-03-15T18:04:13.914+0000] {processor.py:830} INFO - Processing file /home/airflow/.local/lib/python3.11/site-packages/airflow/example_dags/example_bash_operator.py for tasks to queue
[2026-03-15T18:04:13.915+0000] {logging_mixin.py:188} INFO - [2026-03-15T18:04:13.915+0000] {dagbag.py:540} INFO - Filling up the DagBag from /home/airflow/.local/lib/python3.11/site-packages/airflow/example_dags/example_bash_operator.py
[2026-03-15T18:04:13.924+0000] {processor.py:840} INFO - DAG(s) 'example_bash_operator' retrieved from /home/airflow/.local/lib/python3.11/site-packages/airflow/example_dags/example_bash_operator.py
[2026-03-15T18:04:13.942+0000] {logging_mixin.py:188} INFO - [2026-03-15T18:04:13.942+0000] {dag.py:3047} INFO - Sync 1 DAGs
[2026-03-15T18:04:13.958+0000] {logging_mixin.py:188} INFO - [2026-03-15T18:04:13.958+0000] {dag.py:3834} INFO - Setting next_dagrun for example_bash_operator to 2026-03-14 00:00:00+00:00, run_after=2026-03-15 00:00:00+00:00
[2026-03-15T18:04:13.971+0000] {processor.py:183} INFO - Processing /home/airflow/.local/lib/python3.11/site-packages/airflow/example_dags/example_bash_operator.py took 0.061 seconds
[2026-03-15T18:04:17.442+0000] {processor.py:161} INFO - Started process (PID=2698) to work on /home/airflow/.local/lib/python3.11/site-packages/airflow/example_dags/example_bash_operator.py
[2026-03-15T18:04:17.443+0000] {processor.py:830} INFO - Processing file /home/airflow/.local/lib/python3.11/site-packages/airflow/example_dags/example_bash_operator.py for tasks to queue
[2026-03-15T18:04:17.445+0000] {logging_mixin.py:188} INFO - [2026-03-15T18:04:17.445+0000] {dagbag.py:540} INFO - Filling up the DagBag from /home/airflow/.local/lib/python3.11/site-packages/airflow/example_dags/example_bash_operator.py
[2026-03-15T18:04:17.454+0000] {processor.py:840} INFO - DAG(s) 'example_bash_operator' retrieved from /home/airflow/.local/lib/python3.11/site-packages/airflow/example_dags/example_bash_operator.py
[2026-03-15T18:04:17.473+0000] {logging_mixin.py:188} INFO - [2026-03-15T18:04:17.472+0000] {dag.py:3047} INFO - Sync 1 DAGs
[2026-03-15T18:04:17.488+0000] {logging_mixin.py:188} INFO - [2026-03-15T18:04:17.488+0000] {dag.py:3834} INFO - Setting next_dagrun for example_bash_operator to 2026-03-14 00:00:00+00:00, run_after=2026-03-15 00:00:00+00:00
[2026-03-15T18:04:17.499+0000] {processor.py:183} INFO - Processing /home/airflow/.local/lib/python3.11/site-packages/airflow/example_dags/example_bash_operator.py took 0.060 seconds
[2026-03-15T18:04:22.457+0000] {processor.py:161} INFO - Started process (PID=2742) to work on /home/airflow/.local/lib/python3.11/site-packages/airflow/example_dags/example_bash_operator.py
[2026-03-15T18:04:22.458+0000] {processor.py:830} INFO - Processing file /home/airflow/.local/lib/python3.11/site-packages/airflow/example_dags/example_bash_operator.py for tasks to queue
[2026-03-15T18:04:22.460+0000] {logging_mixin.py:188} INFO - [2026-03-15T18:04:22.459+0000] {dagbag.py:540} INFO - Filling up the DagBag from /home/airflow/.local/lib/python3.11/site-packages/airflow/example_dags/example_bash_operator.py
[2026-03-15T18:04:22.468+0000] {processor.py:840} INFO - DAG(s) 'example_bash_operator' retrieved from /home/airflow/.local/lib/python3.11/site-packages/airflow/example_dags/example_bash_operator.py
[2026-03-15T18:04:22.487+0000] {logging_mixin.py:188} INFO - [2026-03-15T18:04:22.487+0000] {dag.py:3047} INFO - Sync 1 DAGs
[2026-03-15T18:04:22.501+0000] {logging_mixin.py:188} INFO - [2026-03-15T18:04:22.501+0000] {dag.py:3834} INFO - Setting next_dagrun for example_bash_operator to 2026-03-14 00:00:00+00:00, run_after=2026-03-15 00:00:00+00:00
[2026-03-15T18:04:22.514+0000] {processor.py:183} INFO - Processing /home/airflow/.local/lib/python3.11/site-packages/airflow/example_dags/example_bash_operator.py took 0.059 seconds
[2026-03-15T18:05:16.462+0000] {processor.py:161} INFO - Started process (PID=2786) to work on /home/airflow/.local/lib/python3.11/site-packages/airflow/example_dags/example_bash_operator.py
[2026-03-15T18:05:16.463+0000] {processor.py:830} INFO - Processing file /home/airflow/.local/lib/python3.11/site-packages/airflow/example_dags/example_bash_operator.py for tasks to queue
[2026-03-15T18:05:16.465+0000] {logging_mixin.py:188} INFO - [2026-03-15T18:05:16.464+0000] {dagbag.py:540} INFO - Filling up the DagBag from /home/airflow/.local/lib/python3.11/site-packages/airflow/example_dags/example_bash_operator.py
[2026-03-15T18:05:16.473+0000] {processor.py:840} INFO - DAG(s) 'example_bash_operator' retrieved from /home/airflow/.local/lib/python3.11/site-packages/airflow/example_dags/example_bash_operator.py
[2026-03-15T18:05:16.494+0000] {logging_mixin.py:188} INFO - [2026-03-15T18:05:16.494+0000] {dag.py:3047} INFO - Sync 1 DAGs
[2026-03-15T18:04:27.349+0000] {logging_mixin.py:188} INFO - [2026-03-15T18:04:27.348+0000] {dag.py:3834} INFO - Setting next_dagrun for example_bash_operator to 2026-03-14 00:00:00+00:00, run_after=2026-03-15 00:00:00+00:00
[2026-03-15T18:04:27.366+0000] {processor.py:183} INFO - Processing /home/airflow/.local/lib/python3.11/site-packages/airflow/example_dags/example_bash_operator.py took 0.070 seconds
[2026-03-15T18:04:58.115+0000] {processor.py:161} INFO - Started process (PID=2833) to work on /home/airflow/.local/lib/python3.11/site-packages/airflow/example_dags/example_bash_operator.py
[2026-03-15T18:04:58.116+0000] {processor.py:830} INFO - Processing file /home/airflow/.local/lib/python3.11/site-packages/airflow/example_dags/example_bash_operator.py for tasks to queue
[2026-03-15T18:04:58.118+0000] {logging_mixin.py:188} INFO - [2026-03-15T18:04:58.117+0000] {dagbag.py:540} INFO - Filling up the DagBag from /home/airflow/.local/lib/python3.11/site-packages/airflow/example_dags/example_bash_operator.py
[2026-03-15T18:04:58.126+0000] {processor.py:840} INFO - DAG(s) 'example_bash_operator' retrieved from /home/airflow/.local/lib/python3.11/site-packages/airflow/example_dags/example_bash_operator.py
[2026-03-15T18:04:58.143+0000] {logging_mixin.py:188} INFO - [2026-03-15T18:04:58.142+0000] {dag.py:3047} INFO - Sync 1 DAGs
[2026-03-15T18:04:58.156+0000] {logging_mixin.py:188} INFO - [2026-03-15T18:04:58.156+0000] {dag.py:3834} INFO - Setting next_dagrun for example_bash_operator to 2026-03-14 00:00:00+00:00, run_after=2026-03-15 00:00:00+00:00
[2026-03-15T18:04:58.168+0000] {processor.py:183} INFO - Processing /home/airflow/.local/lib/python3.11/site-packages/airflow/example_dags/example_bash_operator.py took 0.056 seconds
[2026-03-15T18:05:13.512+0000] {processor.py:161} INFO - Started process (PID=2887) to work on /home/airflow/.local/lib/python3.11/site-packages/airflow/example_dags/example_bash_operator.py
[2026-03-15T18:05:13.513+0000] {processor.py:830} INFO - Processing file /home/airflow/.local/lib/python3.11/site-packages/airflow/example_dags/example_bash_operator.py for tasks to queue
[2026-03-15T18:05:13.515+0000] {logging_mixin.py:188} INFO - [2026-03-15T18:05:13.515+0000] {dagbag.py:540} INFO - Filling up the DagBag from /home/airflow/.local/lib/python3.11/site-packages/airflow/example_dags/example_bash_operator.py
[2026-03-15T18:05:13.524+0000] {processor.py:840} INFO - DAG(s) 'example_bash_operator' retrieved from /home/airflow/.local/lib/python3.11/site-packages/airflow/example_dags/example_bash_operator.py
[2026-03-15T18:05:13.544+0000] {logging_mixin.py:188} INFO - [2026-03-15T18:05:13.543+0000] {dag.py:3047} INFO - Sync 1 DAGs
[2026-03-15T18:05:13.559+0000] {logging_mixin.py:188} INFO - [2026-03-15T18:05:13.559+0000] {dag.py:3834} INFO - Setting next_dagrun for example_bash_operator to 2026-03-14 00:00:00+00:00, run_after=2026-03-15 00:00:00+00:00
[2026-03-15T18:05:13.574+0000] {processor.py:183} INFO - Processing /home/airflow/.local/lib/python3.11/site-packages/airflow/example_dags/example_bash_operator.py took 0.065 seconds
[2026-03-15T18:05:43.400+0000] {processor.py:161} INFO - Started process (PID=2941) to work on /home/airflow/.local/lib/python3.11/site-packages/airflow/example_dags/example_bash_operator.py
[2026-03-15T18:05:43.401+0000] {processor.py:830} INFO - Processing file /home/airflow/.local/lib/python3.11/site-packages/airflow/example_dags/example_bash_operator.py for tasks to queue
[2026-03-15T18:05:43.403+0000] {logging_mixin.py:188} INFO - [2026-03-15T18:05:43.403+0000] {dagbag.py:540} INFO - Filling up the DagBag from /home/airflow/.local/lib/python3.11/site-packages/airflow/example_dags/example_bash_operator.py
[2026-03-15T18:05:43.412+0000] {processor.py:840} INFO - DAG(s) 'example_bash_operator' retrieved from /home/airflow/.local/lib/python3.11/site-packages/airflow/example_dags/example_bash_operator.py
[2026-03-15T18:05:43.431+0000] {logging_mixin.py:188} INFO - [2026-03-15T18:05:43.430+0000] {dag.py:3047} INFO - Sync 1 DAGs
[2026-03-15T18:05:43.449+0000] {logging_mixin.py:188} INFO - [2026-03-15T18:05:43.448+0000] {dag.py:3834} INFO - Setting next_dagrun for example_bash_operator to 2026-03-14 00:00:00+00:00, run_after=2026-03-15 00:00:00+00:00
[2026-03-15T18:05:43.463+0000] {processor.py:183} INFO - Processing /home/airflow/.local/lib/python3.11/site-packages/airflow/example_dags/example_bash_operator.py took 0.066 seconds
[2026-03-15T18:06:13.976+0000] {processor.py:161} INFO - Started process (PID=2991) to work on /home/airflow/.local/lib/python3.11/site-packages/airflow/example_dags/example_bash_operator.py
[2026-03-15T18:06:13.977+0000] {processor.py:830} INFO - Processing file /home/airflow/.local/lib/python3.11/site-packages/airflow/example_dags/example_bash_operator.py for tasks to queue
[2026-03-15T18:06:13.978+0000] {logging_mixin.py:188} INFO - [2026-03-15T18:06:13.978+0000] {dagbag.py:540} INFO - Filling up the DagBag from /home/airflow/.local/lib/python3.11/site-packages/airflow/example_dags/example_bash_operator.py
[2026-03-15T18:06:13.987+0000] {processor.py:840} INFO - DAG(s) 'example_bash_operator' retrieved from /home/airflow/.local/lib/python3.11/site-packages/airflow/example_dags/example_bash_operator.py
[2026-03-15T18:06:14.006+0000] {logging_mixin.py:188} INFO - [2026-03-15T18:06:14.005+0000] {dag.py:3047} INFO - Sync 1 DAGs
[2026-03-15T18:06:14.021+0000] {logging_mixin.py:188} INFO - [2026-03-15T18:06:14.021+0000] {dag.py:3834} INFO - Setting next_dagrun for example_bash_operator to 2026-03-14 00:00:00+00:00, run_after=2026-03-15 00:00:00+00:00
[2026-03-15T18:06:14.036+0000] {processor.py:183} INFO - Processing /home/airflow/.local/lib/python3.11/site-packages/airflow/example_dags/example_bash_operator.py took 0.062 seconds
[2026-03-15T18:06:17.753+0000] {processor.py:161} INFO - Started process (PID=3041) to work on /home/airflow/.local/lib/python3.11/site-packages/airflow/example_dags/example_bash_operator.py
[2026-03-15T18:06:17.754+0000] {processor.py:830} INFO - Processing file /home/airflow/.local/lib/python3.11/site-packages/airflow/example_dags/example_bash_operator.py for tasks to queue
[2026-03-15T18:06:17.756+0000] {logging_mixin.py:188} INFO - [2026-03-15T18:06:17.756+0000] {dagbag.py:540} INFO - Filling up the DagBag from /home/airflow/.local/lib/python3.11/site-packages/airflow/example_dags/example_bash_operator.py
[2026-03-15T18:06:17.766+0000] {processor.py:840} INFO - DAG(s) 'example_bash_operator' retrieved from /home/airflow/.local/lib/python3.11/site-packages/airflow/example_dags/example_bash_operator.py
[2026-03-15T18:06:17.784+0000] {logging_mixin.py:188} INFO - [2026-03-15T18:06:17.784+0000] {dag.py:3047} INFO - Sync 1 DAGs
[2026-03-15T18:06:17.803+0000] {logging_mixin.py:188} INFO - [2026-03-15T18:06:17.803+0000] {dag.py:3834} INFO - Setting next_dagrun for example_bash_operator to 2026-03-14 00:00:00+00:00, run_after=2026-03-15 00:00:00+00:00
[2026-03-15T18:06:17.820+0000] {processor.py:183} INFO - Processing /home/airflow/.local/lib/python3.11/site-packages/airflow/example_dags/example_bash_operator.py took 0.069 seconds
[2026-03-15T18:06:22.800+0000] {processor.py:161} INFO - Started process (PID=3091) to work on /home/airflow/.local/lib/python3.11/site-packages/airflow/example_dags/example_bash_operator.py
[2026-03-15T18:06:22.801+0000] {processor.py:830} INFO - Processing file /home/airflow/.local/lib/python3.11/site-packages/airflow/example_dags/example_bash_operator.py for tasks to queue
[2026-03-15T18:06:22.803+0000] {logging_mixin.py:188} INFO - [2026-03-15T18:06:22.803+0000] {dagbag.py:540} INFO - Filling up the DagBag from /home/airflow/.local/lib/python3.11/site-packages/airflow/example_dags/example_bash_operator.py
[2026-03-15T18:06:22.813+0000] {processor.py:840} INFO - DAG(s) 'example_bash_operator' retrieved from /home/airflow/.local/lib/python3.11/site-packages/airflow/example_dags/example_bash_operator.py
[2026-03-15T18:06:22.833+0000] {logging_mixin.py:188} INFO - [2026-03-15T18:06:22.833+0000] {dag.py:3047} INFO - Sync 1 DAGs
[2026-03-15T18:06:22.851+0000] {logging_mixin.py:188} INFO - [2026-03-15T18:06:22.851+0000] {dag.py:3834} INFO - Setting next_dagrun for example_bash_operator to 2026-03-14 00:00:00+00:00, run_after=2026-03-15 00:00:00+00:00
[2026-03-15T18:06:22.867+0000] {processor.py:183} INFO - Processing /home/airflow/.local/lib/python3.11/site-packages/airflow/example_dags/example_bash_operator.py took 0.070 seconds
[2026-03-15T18:06:27.651+0000] {processor.py:161} INFO - Started process (PID=3139) to work on /home/airflow/.local/lib/python3.11/site-packages/airflow/example_dags/example_bash_operator.py
[2026-03-15T18:06:27.652+0000] {processor.py:830} INFO - Processing file /home/airflow/.local/lib/python3.11/site-packages/airflow/example_dags/example_bash_operator.py for tasks to queue
[2026-03-15T18:06:27.654+0000] {logging_mixin.py:188} INFO - [2026-03-15T18:06:27.654+0000] {dagbag.py:540} INFO - Filling up the DagBag from /home/airflow/.local/lib/python3.11/site-packages/airflow/example_dags/example_bash_operator.py
[2026-03-15T18:06:27.664+0000] {processor.py:840} INFO - DAG(s) 'example_bash_operator' retrieved from /home/airflow/.local/lib/python3.11/site-packages/airflow/example_dags/example_bash_operator.py
[2026-03-15T18:06:27.682+0000] {logging_mixin.py:188} INFO - [2026-03-15T18:06:27.682+0000] {dag.py:3047} INFO - Sync 1 DAGs
[2026-03-15T18:06:27.699+0000] {logging_mixin.py:188} INFO - [2026-03-15T18:06:27.699+0000] {dag.py:3834} INFO - Setting next_dagrun for example_bash_operator to 2026-03-14 00:00:00+00:00, run_after=2026-03-15 00:00:00+00:00
[2026-03-15T18:06:27.714+0000] {processor.py:183} INFO - Processing /home/airflow/.local/lib/python3.11/site-packages/airflow/example_dags/example_bash_operator.py took 0.065 seconds
[2026-03-15T18:06:57.851+0000] {processor.py:161} INFO - Started process (PID=3190) to work on /home/airflow/.local/lib/python3.11/site-packages/airflow/example_dags/example_bash_operator.py
[2026-03-15T18:06:57.852+0000] {processor.py:830} INFO - Processing file /home/airflow/.local/lib/python3.11/site-packages/airflow/example_dags/example_bash_operator.py for tasks to queue
[2026-03-15T18:06:57.854+0000] {logging_mixin.py:188} INFO - [2026-03-15T18:06:57.854+0000] {dagbag.py:540} INFO - Filling up the DagBag from /home/airflow/.local/lib/python3.11/site-packages/airflow/example_dags/example_bash_operator.py
[2026-03-15T18:06:57.863+0000] {processor.py:840} INFO - DAG(s) 'example_bash_operator' retrieved from /home/airflow/.local/lib/python3.11/site-packages/airflow/example_dags/example_bash_operator.py
[2026-03-15T18:06:57.882+0000] {logging_mixin.py:188} INFO - [2026-03-15T18:06:57.882+0000] {dag.py:3047} INFO - Sync 1 DAGs
[2026-03-15T18:06:57.897+0000] {logging_mixin.py:188} INFO - [2026-03-15T18:06:57.897+0000] {dag.py:3834} INFO - Setting next_dagrun for example_bash_operator to 2026-03-14 00:00:00+00:00, run_after=2026-03-15 00:00:00+00:00
[2026-03-15T18:06:57.911+0000] {processor.py:183} INFO - Processing /home/airflow/.local/lib/python3.11/site-packages/airflow/example_dags/example_bash_operator.py took 0.063 seconds
[2026-03-15T18:07:02.754+0000] {processor.py:161} INFO - Started process (PID=3245) to work on /home/airflow/.local/lib/python3.11/site-packages/airflow/example_dags/example_bash_operator.py
[2026-03-15T18:07:02.755+0000] {processor.py:830} INFO - Processing file /home/airflow/.local/lib/python3.11/site-packages/airflow/example_dags/example_bash_operator.py for tasks to queue
[2026-03-15T18:07:02.757+0000] {logging_mixin.py:188} INFO - [2026-03-15T18:07:02.757+0000] {dagbag.py:540} INFO - Filling up the DagBag from /home/airflow/.local/lib/python3.11/site-packages/airflow/example_dags/example_bash_operator.py
[2026-03-15T18:07:02.766+0000] {processor.py:840} INFO - DAG(s) 'example_bash_operator' retrieved from /home/airflow/.local/lib/python3.11/site-packages/airflow/example_dags/example_bash_operator.py
[2026-03-15T18:07:02.787+0000] {logging_mixin.py:188} INFO - [2026-03-15T18:07:02.787+0000] {dag.py:3047} INFO - Sync 1 DAGs
[2026-03-15T18:07:02.801+0000] {logging_mixin.py:188} INFO - [2026-03-15T18:07:02.801+0000] {dag.py:3834} INFO - Setting next_dagrun for example_bash_operator to 2026-03-14 00:00:00+00:00, run_after=2026-03-15 00:00:00+00:00
[2026-03-15T18:07:02.816+0000] {processor.py:183} INFO - Processing /home/airflow/.local/lib/python3.11/site-packages/airflow/example_dags/example_bash_operator.py took 0.064 seconds
[2026-03-15T18:07:33.136+0000] {processor.py:161} INFO - Started process (PID=3299) to work on /home/airflow/.local/lib/python3.11/site-packages/airflow/example_dags/example_bash_operator.py
[2026-03-15T18:07:33.137+0000] {processor.py:830} INFO - Processing file /home/airflow/.local/lib/python3.11/site-packages/airflow/example_dags/example_bash_operator.py for tasks to queue
[2026-03-15T18:07:33.138+0000] {logging_mixin.py:188} INFO - [2026-03-15T18:07:33.138+0000] {dagbag.py:540} INFO - Filling up the DagBag from /home/airflow/.local/lib/python3.11/site-packages/airflow/example_dags/example_bash_operator.py
[2026-03-15T18:07:33.148+0000] {processor.py:840} INFO - DAG(s) 'example_bash_operator' retrieved from /home/airflow/.local/lib/python3.11/site-packages/airflow/example_dags/example_bash_operator.py
[2026-03-15T18:07:33.166+0000] {logging_mixin.py:188} INFO - [2026-03-15T18:07:33.166+0000] {dag.py:3047} INFO - Sync 1 DAGs
[2026-03-15T18:07:33.181+0000] {logging_mixin.py:188} INFO - [2026-03-15T18:07:33.181+0000] {dag.py:3834} INFO - Setting next_dagrun for example_bash_operator to 2026-03-14 00:00:00+00:00, run_after=2026-03-15 00:00:00+00:00
[2026-03-15T18:07:33.194+0000] {processor.py:183} INFO - Processing /home/airflow/.local/lib/python3.11/site-packages/airflow/example_dags/example_bash_operator.py took 0.061 seconds
[2026-03-15T18:08:03.272+0000] {processor.py:161} INFO - Started process (PID=3353) to work on /home/airflow/.local/lib/python3.11/site-packages/airflow/example_dags/example_bash_operator.py
[2026-03-15T18:08:03.273+0000] {processor.py:830} INFO - Processing file /home/airflow/.local/lib/python3.11/site-packages/airflow/example_dags/example_bash_operator.py for tasks to queue
[2026-03-15T18:08:03.275+0000] {logging_mixin.py:188} INFO - [2026-03-15T18:08:03.274+0000] {dagbag.py:540} INFO - Filling up the DagBag from /home/airflow/.local/lib/python3.11/site-packages/airflow/example_dags/example_bash_operator.py
[2026-03-15T18:08:03.284+0000] {processor.py:840} INFO - DAG(s) 'example_bash_operator' retrieved from /home/airflow/.local/lib/python3.11/site-packages/airflow/example_dags/example_bash_operator.py
[2026-03-15T18:08:03.303+0000] {logging_mixin.py:188} INFO - [2026-03-15T18:08:03.303+0000] {dag.py:3047} INFO - Sync 1 DAGs
[2026-03-15T18:08:03.320+0000] {logging_mixin.py:188} INFO - [2026-03-15T18:08:03.320+0000] {dag.py:3834} INFO - Setting next_dagrun for example_bash_operator to 2026-03-14 00:00:00+00:00, run_after=2026-03-15 00:00:00+00:00
[2026-03-15T18:08:03.335+0000] {processor.py:183} INFO - Processing /home/airflow/.local/lib/python3.11/site-packages/airflow/example_dags/example_bash_operator.py took 0.065 seconds
[2026-03-15T18:08:07.926+0000] {processor.py:161} INFO - Started process (PID=3403) to work on /home/airflow/.local/lib/python3.11/site-packages/airflow/example_dags/example_bash_operator.py
[2026-03-15T18:08:07.928+0000] {processor.py:830} INFO - Processing file /home/airflow/.local/lib/python3.11/site-packages/airflow/example_dags/example_bash_operator.py for tasks to queue
[2026-03-15T18:08:07.930+0000] {logging_mixin.py:188} INFO - [2026-03-15T18:08:07.930+0000] {dagbag.py:540} INFO - Filling up the DagBag from /home/airflow/.local/lib/python3.11/site-packages/airflow/example_dags/example_bash_operator.py
[2026-03-15T18:08:07.939+0000] {processor.py:840} INFO - DAG(s) 'example_bash_operator' retrieved from /home/airflow/.local/lib/python3.11/site-packages/airflow/example_dags/example_bash_operator.py
[2026-03-15T18:08:07.959+0000] {logging_mixin.py:188} INFO - [2026-03-15T18:08:07.959+0000] {dag.py:3047} INFO - Sync 1 DAGs
[2026-03-15T18:08:07.975+0000] {logging_mixin.py:188} INFO - [2026-03-15T18:08:07.975+0000] {dag.py:3834} INFO - Setting next_dagrun for example_bash_operator to 2026-03-14 00:00:00+00:00, run_after=2026-03-15 00:00:00+00:00
[2026-03-15T18:08:07.990+0000] {processor.py:183} INFO - Processing /home/airflow/.local/lib/python3.11/site-packages/airflow/example_dags/example_bash_operator.py took 0.067 seconds
[2026-03-15T18:08:13.573+0000] {processor.py:161} INFO - Started process (PID=3453) to work on /home/airflow/.local/lib/python3.11/site-packages/airflow/example_dags/example_bash_operator.py
[2026-03-15T18:08:13.574+0000] {processor.py:830} INFO - Processing file /home/airflow/.local/lib/python3.11/site-packages/airflow/example_dags/example_bash_operator.py for tasks to queue
[2026-03-15T18:08:13.576+0000] {logging_mixin.py:188} INFO - [2026-03-15T18:08:13.576+0000] {dagbag.py:540} INFO - Filling up the DagBag from /home/airflow/.local/lib/python3.11/site-packages/airflow/example_dags/example_bash_operator.py
[2026-03-15T18:08:13.586+0000] {processor.py:840} INFO - DAG(s) 'example_bash_operator' retrieved from /home/airflow/.local/lib/python3.11/site-packages/airflow/example_dags/example_bash_operator.py
[2026-03-15T18:08:13.609+0000] {logging_mixin.py:188} INFO - [2026-03-15T18:08:13.609+0000] {dag.py:3047} INFO - Sync 1 DAGs
[2026-03-15T18:08:13.625+0000] {logging_mixin.py:188} INFO - [2026-03-15T18:08:13.625+0000] {dag.py:3834} INFO - Setting next_dagrun for example_bash_operator to 2026-03-14 00:00:00+00:00, run_after=2026-03-15 00:00:00+00:00
[2026-03-15T18:08:13.640+0000] {processor.py:183} INFO - Processing /home/airflow/.local/lib/python3.11/site-packages/airflow/example_dags/example_bash_operator.py took 0.069 seconds
[2026-03-15T18:08:43.672+0000] {processor.py:161} INFO - Started process (PID=3509) to work on /home/airflow/.local/lib/python3.11/site-packages/airflow/example_dags/example_bash_operator.py
[2026-03-15T18:08:43.673+0000] {processor.py:830} INFO - Processing file /home/airflow/.local/lib/python3.11/site-packages/airflow/example_dags/example_bash_operator.py for tasks to queue
[2026-03-15T18:08:43.674+0000] {logging_mixin.py:188} INFO - [2026-03-15T18:08:43.674+0000] {dagbag.py:540} INFO - Filling up the DagBag from /home/airflow/.local/lib/python3.11/site-packages/airflow/example_dags/example_bash_operator.py
[2026-03-15T18:08:43.683+0000] {processor.py:840} INFO - DAG(s) 'example_bash_operator' retrieved from /home/airflow/.local/lib/python3.11/site-packages/airflow/example_dags/example_bash_operator.py
[2026-03-15T18:08:43.703+0000] {logging_mixin.py:188} INFO - [2026-03-15T18:08:43.702+0000] {dag.py:3047} INFO - Sync 1 DAGs
[2026-03-15T18:08:43.720+0000] {logging_mixin.py:188} INFO - [2026-03-15T18:08:43.719+0000] {dag.py:3834} INFO - Setting next_dagrun for example_bash_operator to 2026-03-14 00:00:00+00:00, run_after=2026-03-15 00:00:00+00:00
[2026-03-15T18:08:43.734+0000] {processor.py:183} INFO - Processing /home/airflow/.local/lib/python3.11/site-packages/airflow/example_dags/example_bash_operator.py took 0.066 seconds
[2026-03-15T18:09:13.470+0000] {processor.py:161} INFO - Started process (PID=3565) to work on /home/airflow/.local/lib/python3.11/site-packages/airflow/example_dags/example_bash_operator.py
[2026-03-15T18:09:13.471+0000] {processor.py:830} INFO - Processing file /home/airflow/.local/lib/python3.11/site-packages/airflow/example_dags/example_bash_operator.py for tasks to queue
[2026-03-15T18:09:13.473+0000] {logging_mixin.py:188} INFO - [2026-03-15T18:09:13.473+0000] {dagbag.py:540} INFO - Filling up the DagBag from /home/airflow/.local/lib/python3.11/site-packages/airflow/example_dags/example_bash_operator.py
[2026-03-15T18:09:13.484+0000] {processor.py:840} INFO - DAG(s) 'example_bash_operator' retrieved from /home/airflow/.local/lib/python3.11/site-packages/airflow/example_dags/example_bash_operator.py
[2026-03-15T18:09:13.503+0000] {logging_mixin.py:188} INFO - [2026-03-15T18:09:13.502+0000] {dag.py:3047} INFO - Sync 1 DAGs
[2026-03-15T18:09:13.518+0000] {logging_mixin.py:188} INFO - [2026-03-15T18:09:13.517+0000] {dag.py:3834} INFO - Setting next_dagrun for example_bash_operator to 2026-03-14 00:00:00+00:00, run_after=2026-03-15 00:00:00+00:00
[2026-03-15T18:09:13.534+0000] {processor.py:183} INFO - Processing /home/airflow/.local/lib/python3.11/site-packages/airflow/example_dags/example_bash_operator.py took 0.067 seconds
[2026-03-15T18:10:06.943+0000] {processor.py:161} INFO - Started process (PID=3610) to work on /home/airflow/.local/lib/python3.11/site-packages/airflow/example_dags/example_bash_operator.py
[2026-03-15T18:10:06.944+0000] {processor.py:830} INFO - Processing file /home/airflow/.local/lib/python3.11/site-packages/airflow/example_dags/example_bash_operator.py for tasks to queue
[2026-03-15T18:10:06.946+0000] {logging_mixin.py:188} INFO - [2026-03-15T18:10:06.946+0000] {dagbag.py:540} INFO - Filling up the DagBag from /home/airflow/.local/lib/python3.11/site-packages/airflow/example_dags/example_bash_operator.py
[2026-03-15T18:10:06.955+0000] {processor.py:840} INFO - DAG(s) 'example_bash_operator' retrieved from /home/airflow/.local/lib/python3.11/site-packages/airflow/example_dags/example_bash_operator.py
[2026-03-15T18:10:06.974+0000] {logging_mixin.py:188} INFO - [2026-03-15T18:10:06.974+0000] {dag.py:3047} INFO - Sync 1 DAGs
[2026-03-15T18:10:06.989+0000] {logging_mixin.py:188} INFO - [2026-03-15T18:10:06.989+0000] {dag.py:3834} INFO - Setting next_dagrun for example_bash_operator to 2026-03-14 00:00:00+00:00, run_after=2026-03-15 00:00:00+00:00
[2026-03-15T18:10:07.003+0000] {processor.py:183} INFO - Processing /home/airflow/.local/lib/python3.11/site-packages/airflow/example_dags/example_bash_operator.py took 0.062 seconds
[2026-03-15T18:10:57.738+0000] {processor.py:161} INFO - Started process (PID=3756) to work on /home/airflow/.local/lib/python3.11/site-packages/airflow/example_dags/example_bash_operator.py
[2026-03-15T18:10:57.739+0000] {processor.py:830} INFO - Processing file /home/airflow/.local/lib/python3.11/site-packages/airflow/example_dags/example_bash_operator.py for tasks to queue
[2026-03-15T18:10:57.741+0000] {logging_mixin.py:188} INFO - [2026-03-15T18:10:57.741+0000] {dagbag.py:540} INFO - Filling up the DagBag from /home/airflow/.local/lib/python3.11/site-packages/airflow/example_dags/example_bash_operator.py
[2026-03-15T18:10:57.750+0000] {processor.py:840} INFO - DAG(s) 'example_bash_operator' retrieved from /home/airflow/.local/lib/python3.11/site-packages/airflow/example_dags/example_bash_operator.py
[2026-03-15T18:10:57.769+0000] {logging_mixin.py:188} INFO - [2026-03-15T18:10:57.769+0000] {dag.py:3047} INFO - Sync 1 DAGs
[2026-03-15T18:10:57.785+0000] {logging_mixin.py:188} INFO - [2026-03-15T18:10:57.785+0000] {dag.py:3834} INFO - Setting next_dagrun for example_bash_operator to 2026-03-14 00:00:00+00:00, run_after=2026-03-15 00:00:00+00:00
[2026-03-15T18:10:57.799+0000] {processor.py:183} INFO - Processing /home/airflow/.local/lib/python3.11/site-packages/airflow/example_dags/example_bash_operator.py took 0.064 seconds
[2026-03-15T18:11:28.078+0000] {processor.py:161} INFO - Started process (PID=3812) to work on /home/airflow/.local/lib/python3.11/site-packages/airflow/example_dags/example_bash_operator.py
[2026-03-15T18:11:28.079+0000] {processor.py:830} INFO - Processing file /home/airflow/.local/lib/python3.11/site-packages/airflow/example_dags/example_bash_operator.py for tasks to queue
[2026-03-15T18:11:28.081+0000] {logging_mixin.py:188} INFO - [2026-03-15T18:11:28.081+0000] {dagbag.py:540} INFO - Filling up the DagBag from /home/airflow/.local/lib/python3.11/site-packages/airflow/example_dags/example_bash_operator.py
[2026-03-15T18:11:28.091+0000] {processor.py:840} INFO - DAG(s) 'example_bash_operator' retrieved from /home/airflow/.local/lib/python3.11/site-packages/airflow/example_dags/example_bash_operator.py
[2026-03-15T18:11:28.109+0000] {logging_mixin.py:188} INFO - [2026-03-15T18:11:28.108+0000] {dag.py:3047} INFO - Sync 1 DAGs
[2026-03-15T18:11:28.124+0000] {logging_mixin.py:188} INFO - [2026-03-15T18:11:28.124+0000] {dag.py:3834} INFO - Setting next_dagrun for example_bash_operator to 2026-03-14 00:00:00+00:00, run_after=2026-03-15 00:00:00+00:00
[2026-03-15T18:11:28.138+0000] {processor.py:183} INFO - Processing /home/airflow/.local/lib/python3.11/site-packages/airflow/example_dags/example_bash_operator.py took 0.063 seconds
[2026-03-15T18:11:28.698+0000] {processor.py:161} INFO - Started process (PID=45) to work on /home/airflow/.local/lib/python3.11/site-packages/airflow/example_dags/example_bash_operator.py
[2026-03-15T18:11:28.700+0000] {processor.py:830} INFO - Processing file /home/airflow/.local/lib/python3.11/site-packages/airflow/example_dags/example_bash_operator.py for tasks to queue
[2026-03-15T18:11:28.702+0000] {logging_mixin.py:188} INFO - [2026-03-15T18:11:28.701+0000] {dagbag.py:540} INFO - Filling up the DagBag from /home/airflow/.local/lib/python3.11/site-packages/airflow/example_dags/example_bash_operator.py
[2026-03-15T18:11:28.716+0000] {processor.py:840} INFO - DAG(s) 'example_bash_operator' retrieved from /home/airflow/.local/lib/python3.11/site-packages/airflow/example_dags/example_bash_operator.py
[2026-03-15T18:11:28.733+0000] {logging_mixin.py:188} INFO - [2026-03-15T18:11:28.733+0000] {dag.py:3047} INFO - Sync 1 DAGs
[2026-03-15T18:11:28.756+0000] {logging_mixin.py:188} INFO - [2026-03-15T18:11:28.756+0000] {dag.py:3834} INFO - Setting next_dagrun for example_bash_operator to 2026-03-14 00:00:00+00:00, run_after=2026-03-15 00:00:00+00:00
[2026-03-15T18:11:28.777+0000] {processor.py:183} INFO - Processing /home/airflow/.local/lib/python3.11/site-packages/airflow/example_dags/example_bash_operator.py took 0.087 seconds
[2026-03-15T18:11:38.410+0000] {processor.py:161} INFO - Started process (PID=95) to work on /home/airflow/.local/lib/python3.11/site-packages/airflow/example_dags/example_bash_operator.py
[2026-03-15T18:11:38.411+0000] {processor.py:830} INFO - Processing file /home/airflow/.local/lib/python3.11/site-packages/airflow/example_dags/example_bash_operator.py for tasks to queue
[2026-03-15T18:11:38.412+0000] {logging_mixin.py:188} INFO - [2026-03-15T18:11:38.412+0000] {dagbag.py:540} INFO - Filling up the DagBag from /home/airflow/.local/lib/python3.11/site-packages/airflow/example_dags/example_bash_operator.py
[2026-03-15T18:11:38.421+0000] {processor.py:840} INFO - DAG(s) 'example_bash_operator' retrieved from /home/airflow/.local/lib/python3.11/site-packages/airflow/example_dags/example_bash_operator.py
[2026-03-15T18:11:38.429+0000] {logging_mixin.py:188} INFO - [2026-03-15T18:11:38.429+0000] {dag.py:3047} INFO - Sync 1 DAGs
[2026-03-15T18:11:38.446+0000] {logging_mixin.py:188} INFO - [2026-03-15T18:11:38.446+0000] {dag.py:3834} INFO - Setting next_dagrun for example_bash_operator to 2026-03-14 00:00:00+00:00, run_after=2026-03-15 00:00:00+00:00
[2026-03-15T18:11:38.459+0000] {processor.py:183} INFO - Processing /home/airflow/.local/lib/python3.11/site-packages/airflow/example_dags/example_bash_operator.py took 0.053 seconds
[2026-03-15T18:12:08.981+0000] {processor.py:161} INFO - Started process (PID=151) to work on /home/airflow/.local/lib/python3.11/site-packages/airflow/example_dags/example_bash_operator.py
[2026-03-15T18:12:08.982+0000] {processor.py:830} INFO - Processing file /home/airflow/.local/lib/python3.11/site-packages/airflow/example_dags/example_bash_operator.py for tasks to queue
[2026-03-15T18:12:08.984+0000] {logging_mixin.py:188} INFO - [2026-03-15T18:12:08.983+0000] {dagbag.py:540} INFO - Filling up the DagBag from /home/airflow/.local/lib/python3.11/site-packages/airflow/example_dags/example_bash_operator.py
[2026-03-15T18:12:08.993+0000] {processor.py:840} INFO - DAG(s) 'example_bash_operator' retrieved from /home/airflow/.local/lib/python3.11/site-packages/airflow/example_dags/example_bash_operator.py
[2026-03-15T18:12:09.068+0000] {logging_mixin.py:188} INFO - [2026-03-15T18:12:09.068+0000] {dag.py:3047} INFO - Sync 1 DAGs
[2026-03-15T18:12:09.085+0000] {logging_mixin.py:188} INFO - [2026-03-15T18:12:09.084+0000] {dag.py:3834} INFO - Setting next_dagrun for example_bash_operator to 2026-03-14 00:00:00+00:00, run_after=2026-03-15 00:00:00+00:00
[2026-03-15T18:12:09.101+0000] {processor.py:183} INFO - Processing /home/airflow/.local/lib/python3.11/site-packages/airflow/example_dags/example_bash_operator.py took 0.123 seconds
[2026-03-15T18:12:16.979+0000] {processor.py:161} INFO - Started process (PID=208) to work on /home/airflow/.local/lib/python3.11/site-packages/airflow/example_dags/example_bash_operator.py
[2026-03-15T18:12:16.980+0000] {processor.py:830} INFO - Processing file /home/airflow/.local/lib/python3.11/site-packages/airflow/example_dags/example_bash_operator.py for tasks to queue
[2026-03-15T18:12:16.981+0000] {logging_mixin.py:188} INFO - [2026-03-15T18:12:16.981+0000] {dagbag.py:540} INFO - Filling up the DagBag from /home/airflow/.local/lib/python3.11/site-packages/airflow/example_dags/example_bash_operator.py
[2026-03-15T18:12:16.989+0000] {processor.py:840} INFO - DAG(s) 'example_bash_operator' retrieved from /home/airflow/.local/lib/python3.11/site-packages/airflow/example_dags/example_bash_operator.py
[2026-03-15T18:12:16.999+0000] {logging_mixin.py:188} INFO - [2026-03-15T18:12:16.999+0000] {dag.py:3047} INFO - Sync 1 DAGs
[2026-03-15T18:12:17.016+0000] {logging_mixin.py:188} INFO - [2026-03-15T18:12:17.016+0000] {dag.py:3834} INFO - Setting next_dagrun for example_bash_operator to 2026-03-14 00:00:00+00:00, run_after=2026-03-15 00:00:00+00:00
[2026-03-15T18:12:17.030+0000] {processor.py:183} INFO - Processing /home/airflow/.local/lib/python3.11/site-packages/airflow/example_dags/example_bash_operator.py took 0.054 seconds
[2026-03-15T18:12:23.246+0000] {processor.py:161} INFO - Started process (PID=256) to work on /home/airflow/.local/lib/python3.11/site-packages/airflow/example_dags/example_bash_operator.py
[2026-03-15T18:12:23.247+0000] {processor.py:830} INFO - Processing file /home/airflow/.local/lib/python3.11/site-packages/airflow/example_dags/example_bash_operator.py for tasks to queue
[2026-03-15T18:12:23.248+0000] {logging_mixin.py:188} INFO - [2026-03-15T18:12:23.248+0000] {dagbag.py:540} INFO - Filling up the DagBag from /home/airflow/.local/lib/python3.11/site-packages/airflow/example_dags/example_bash_operator.py
[2026-03-15T18:12:23.258+0000] {processor.py:840} INFO - DAG(s) 'example_bash_operator' retrieved from /home/airflow/.local/lib/python3.11/site-packages/airflow/example_dags/example_bash_operator.py
[2026-03-15T18:12:23.269+0000] {logging_mixin.py:188} INFO - [2026-03-15T18:12:23.269+0000] {dag.py:3047} INFO - Sync 1 DAGs
[2026-03-15T18:12:23.291+0000] {logging_mixin.py:188} INFO - [2026-03-15T18:12:23.290+0000] {dag.py:3834} INFO - Setting next_dagrun for example_bash_operator to 2026-03-14 00:00:00+00:00, run_after=2026-03-15 00:00:00+00:00
[2026-03-15T18:12:23.305+0000] {processor.py:183} INFO - Processing /home/airflow/.local/lib/python3.11/site-packages/airflow/example_dags/example_bash_operator.py took 0.063 seconds
[2026-03-15T18:12:28.230+0000] {processor.py:161} INFO - Started process (PID=296) to work on /home/airflow/.local/lib/python3.11/site-packages/airflow/example_dags/example_bash_operator.py
[2026-03-15T18:12:28.231+0000] {processor.py:830} INFO - Processing file /home/airflow/.local/lib/python3.11/site-packages/airflow/example_dags/example_bash_operator.py for tasks to queue
[2026-03-15T18:12:28.233+0000] {logging_mixin.py:188} INFO - [2026-03-15T18:12:28.233+0000] {dagbag.py:540} INFO - Filling up the DagBag from /home/airflow/.local/lib/python3.11/site-packages/airflow/example_dags/example_bash_operator.py
[2026-03-15T18:12:28.242+0000] {processor.py:840} INFO - DAG(s) 'example_bash_operator' retrieved from /home/airflow/.local/lib/python3.11/site-packages/airflow/example_dags/example_bash_operator.py
[2026-03-15T18:12:28.252+0000] {logging_mixin.py:188} INFO - [2026-03-15T18:12:28.252+0000] {dag.py:3047} INFO - Sync 1 DAGs
[2026-03-15T18:12:28.270+0000] {logging_mixin.py:188} INFO - [2026-03-15T18:12:28.270+0000] {dag.py:3834} INFO - Setting next_dagrun for example_bash_operator to 2026-03-14 00:00:00+00:00, run_after=2026-03-15 00:00:00+00:00
[2026-03-15T18:12:28.286+0000] {processor.py:183} INFO - Processing /home/airflow/.local/lib/python3.11/site-packages/airflow/example_dags/example_bash_operator.py took 0.058 seconds
[2026-03-15T18:12:33.163+0000] {processor.py:161} INFO - Started process (PID=336) to work on /home/airflow/.local/lib/python3.11/site-packages/airflow/example_dags/example_bash_operator.py
[2026-03-15T18:12:33.164+0000] {processor.py:830} INFO - Processing file /home/airflow/.local/lib/python3.11/site-packages/airflow/example_dags/example_bash_operator.py for tasks to queue
[2026-03-15T18:12:33.166+0000] {logging_mixin.py:188} INFO - [2026-03-15T18:12:33.166+0000] {dagbag.py:540} INFO - Filling up the DagBag from /home/airflow/.local/lib/python3.11/site-packages/airflow/example_dags/example_bash_operator.py
[2026-03-15T18:12:33.177+0000] {processor.py:840} INFO - DAG(s) 'example_bash_operator' retrieved from /home/airflow/.local/lib/python3.11/site-packages/airflow/example_dags/example_bash_operator.py
[2026-03-15T18:12:33.187+0000] {logging_mixin.py:188} INFO - [2026-03-15T18:12:33.187+0000] {dag.py:3047} INFO - Sync 1 DAGs
[2026-03-15T18:12:33.209+0000] {logging_mixin.py:188} INFO - [2026-03-15T18:12:33.208+0000] {dag.py:3834} INFO - Setting next_dagrun for example_bash_operator to 2026-03-14 00:00:00+00:00, run_after=2026-03-15 00:00:00+00:00
[2026-03-15T18:12:33.224+0000] {processor.py:183} INFO - Processing /home/airflow/.local/lib/python3.11/site-packages/airflow/example_dags/example_bash_operator.py took 0.064 seconds
[2026-03-15T18:13:27.201+0000] {processor.py:161} INFO - Started process (PID=374) to work on /home/airflow/.local/lib/python3.11/site-packages/airflow/example_dags/example_bash_operator.py
[2026-03-15T18:13:27.202+0000] {processor.py:830} INFO - Processing file /home/airflow/.local/lib/python3.11/site-packages/airflow/example_dags/example_bash_operator.py for tasks to queue
[2026-03-15T18:13:27.204+0000] {logging_mixin.py:188} INFO - [2026-03-15T18:13:27.204+0000] {dagbag.py:540} INFO - Filling up the DagBag from /home/airflow/.local/lib/python3.11/site-packages/airflow/example_dags/example_bash_operator.py
[2026-03-15T18:13:27.212+0000] {processor.py:840} INFO - DAG(s) 'example_bash_operator' retrieved from /home/airflow/.local/lib/python3.11/site-packages/airflow/example_dags/example_bash_operator.py
[2026-03-15T18:13:27.231+0000] {logging_mixin.py:188} INFO - [2026-03-15T18:13:27.231+0000] {dag.py:3047} INFO - Sync 1 DAGs
[2026-03-15T18:13:27.247+0000] {logging_mixin.py:188} INFO - [2026-03-15T18:13:27.247+0000] {dag.py:3834} INFO - Setting next_dagrun for example_bash_operator to 2026-03-14 00:00:00+00:00, run_after=2026-03-15 00:00:00+00:00
[2026-03-15T18:13:27.260+0000] {processor.py:183} INFO - Processing /home/airflow/.local/lib/python3.11/site-packages/airflow/example_dags/example_bash_operator.py took 0.063 seconds
[2026-03-15T18:13:17.128+0000] {processor.py:161} INFO - Started process (PID=467) to work on /home/airflow/.local/lib/python3.11/site-packages/airflow/example_dags/example_bash_operator.py
[2026-03-15T18:13:17.129+0000] {processor.py:830} INFO - Processing file /home/airflow/.local/lib/python3.11/site-packages/airflow/example_dags/example_bash_operator.py for tasks to queue
[2026-03-15T18:13:17.130+0000] {logging_mixin.py:188} INFO - [2026-03-15T18:13:17.130+0000] {dagbag.py:540} INFO - Filling up the DagBag from /home/airflow/.local/lib/python3.11/site-packages/airflow/example_dags/example_bash_operator.py
[2026-03-15T18:13:17.138+0000] {processor.py:840} INFO - DAG(s) 'example_bash_operator' retrieved from /home/airflow/.local/lib/python3.11/site-packages/airflow/example_dags/example_bash_operator.py
[2026-03-15T18:13:17.157+0000] {logging_mixin.py:188} INFO - [2026-03-15T18:13:17.157+0000] {dag.py:3047} INFO - Sync 1 DAGs
[2026-03-15T18:13:17.174+0000] {logging_mixin.py:188} INFO - [2026-03-15T18:13:17.174+0000] {dag.py:3834} INFO - Setting next_dagrun for example_bash_operator to 2026-03-14 00:00:00+00:00, run_after=2026-03-15 00:00:00+00:00
[2026-03-15T18:13:17.188+0000] {processor.py:183} INFO - Processing /home/airflow/.local/lib/python3.11/site-packages/airflow/example_dags/example_bash_operator.py took 0.064 seconds
[2026-03-15T18:13:23.497+0000] {processor.py:161} INFO - Started process (PID=512) to work on /home/airflow/.local/lib/python3.11/site-packages/airflow/example_dags/example_bash_operator.py
[2026-03-15T18:13:23.499+0000] {processor.py:830} INFO - Processing file /home/airflow/.local/lib/python3.11/site-packages/airflow/example_dags/example_bash_operator.py for tasks to queue
[2026-03-15T18:13:23.501+0000] {logging_mixin.py:188} INFO - [2026-03-15T18:13:23.501+0000] {dagbag.py:540} INFO - Filling up the DagBag from /home/airflow/.local/lib/python3.11/site-packages/airflow/example_dags/example_bash_operator.py
[2026-03-15T18:13:23.511+0000] {processor.py:840} INFO - DAG(s) 'example_bash_operator' retrieved from /home/airflow/.local/lib/python3.11/site-packages/airflow/example_dags/example_bash_operator.py
[2026-03-15T18:13:23.531+0000] {logging_mixin.py:188} INFO - [2026-03-15T18:13:23.530+0000] {dag.py:3047} INFO - Sync 1 DAGs
[2026-03-15T18:13:23.548+0000] {logging_mixin.py:188} INFO - [2026-03-15T18:13:23.547+0000] {dag.py:3834} INFO - Setting next_dagrun for example_bash_operator to 2026-03-14 00:00:00+00:00, run_after=2026-03-15 00:00:00+00:00
[2026-03-15T18:13:23.567+0000] {processor.py:183} INFO - Processing /home/airflow/.local/lib/python3.11/site-packages/airflow/example_dags/example_bash_operator.py took 0.073 seconds
[2026-03-15T18:13:28.325+0000] {processor.py:161} INFO - Started process (PID=552) to work on /home/airflow/.local/lib/python3.11/site-packages/airflow/example_dags/example_bash_operator.py
[2026-03-15T18:13:28.327+0000] {processor.py:830} INFO - Processing file /home/airflow/.local/lib/python3.11/site-packages/airflow/example_dags/example_bash_operator.py for tasks to queue
[2026-03-15T18:13:28.330+0000] {logging_mixin.py:188} INFO - [2026-03-15T18:13:28.328+0000] {dagbag.py:540} INFO - Filling up the DagBag from /home/airflow/.local/lib/python3.11/site-packages/airflow/example_dags/example_bash_operator.py
[2026-03-15T18:13:28.343+0000] {processor.py:840} INFO - DAG(s) 'example_bash_operator' retrieved from /home/airflow/.local/lib/python3.11/site-packages/airflow/example_dags/example_bash_operator.py
[2026-03-15T18:13:28.364+0000] {logging_mixin.py:188} INFO - [2026-03-15T18:13:28.364+0000] {dag.py:3047} INFO - Sync 1 DAGs
[2026-03-15T18:13:28.385+0000] {logging_mixin.py:188} INFO - [2026-03-15T18:13:28.384+0000] {dag.py:3834} INFO - Setting next_dagrun for example_bash_operator to 2026-03-14 00:00:00+00:00, run_after=2026-03-15 00:00:00+00:00
[2026-03-15T18:13:28.404+0000] {processor.py:183} INFO - Processing /home/airflow/.local/lib/python3.11/site-packages/airflow/example_dags/example_bash_operator.py took 0.082 seconds
[2026-03-15T18:14:22.428+0000] {processor.py:161} INFO - Started process (PID=590) to work on /home/airflow/.local/lib/python3.11/site-packages/airflow/example_dags/example_bash_operator.py
[2026-03-15T18:14:22.429+0000] {processor.py:830} INFO - Processing file /home/airflow/.local/lib/python3.11/site-packages/airflow/example_dags/example_bash_operator.py for tasks to queue
[2026-03-15T18:14:22.431+0000] {logging_mixin.py:188} INFO - [2026-03-15T18:14:22.431+0000] {dagbag.py:540} INFO - Filling up the DagBag from /home/airflow/.local/lib/python3.11/site-packages/airflow/example_dags/example_bash_operator.py
[2026-03-15T18:13:33.246+0000] {processor.py:840} INFO - DAG(s) 'example_bash_operator' retrieved from /home/airflow/.local/lib/python3.11/site-packages/airflow/example_dags/example_bash_operator.py
[2026-03-15T18:13:33.266+0000] {logging_mixin.py:188} INFO - [2026-03-15T18:13:33.266+0000] {dag.py:3047} INFO - Sync 1 DAGs
[2026-03-15T18:13:33.282+0000] {logging_mixin.py:188} INFO - [2026-03-15T18:13:33.282+0000] {dag.py:3834} INFO - Setting next_dagrun for example_bash_operator to 2026-03-14 00:00:00+00:00, run_after=2026-03-15 00:00:00+00:00
[2026-03-15T18:13:33.299+0000] {processor.py:183} INFO - Processing /home/airflow/.local/lib/python3.11/site-packages/airflow/example_dags/example_bash_operator.py took 0.067 seconds
[2026-03-15T18:14:03.393+0000] {processor.py:161} INFO - Started process (PID=637) to work on /home/airflow/.local/lib/python3.11/site-packages/airflow/example_dags/example_bash_operator.py
[2026-03-15T18:14:03.399+0000] {processor.py:830} INFO - Processing file /home/airflow/.local/lib/python3.11/site-packages/airflow/example_dags/example_bash_operator.py for tasks to queue
[2026-03-15T18:14:03.401+0000] {logging_mixin.py:188} INFO - [2026-03-15T18:14:03.400+0000] {dagbag.py:540} INFO - Filling up the DagBag from /home/airflow/.local/lib/python3.11/site-packages/airflow/example_dags/example_bash_operator.py
[2026-03-15T18:14:03.410+0000] {processor.py:840} INFO - DAG(s) 'example_bash_operator' retrieved from /home/airflow/.local/lib/python3.11/site-packages/airflow/example_dags/example_bash_operator.py
[2026-03-15T18:14:03.429+0000] {logging_mixin.py:188} INFO - [2026-03-15T18:14:03.429+0000] {dag.py:3047} INFO - Sync 1 DAGs
[2026-03-15T18:14:03.445+0000] {logging_mixin.py:188} INFO - [2026-03-15T18:14:03.444+0000] {dag.py:3834} INFO - Setting next_dagrun for example_bash_operator to 2026-03-14 00:00:00+00:00, run_after=2026-03-15 00:00:00+00:00
[2026-03-15T18:14:03.458+0000] {processor.py:183} INFO - Processing /home/airflow/.local/lib/python3.11/site-packages/airflow/example_dags/example_bash_operator.py took 0.070 seconds
[2026-03-15T18:14:08.458+0000] {processor.py:161} INFO - Started process (PID=684) to work on /home/airflow/.local/lib/python3.11/site-packages/airflow/example_dags/example_bash_operator.py
[2026-03-15T18:14:08.459+0000] {processor.py:830} INFO - Processing file /home/airflow/.local/lib/python3.11/site-packages/airflow/example_dags/example_bash_operator.py for tasks to queue
[2026-03-15T18:14:08.461+0000] {logging_mixin.py:188} INFO - [2026-03-15T18:14:08.460+0000] {dagbag.py:540} INFO - Filling up the DagBag from /home/airflow/.local/lib/python3.11/site-packages/airflow/example_dags/example_bash_operator.py
[2026-03-15T18:14:08.470+0000] {processor.py:840} INFO - DAG(s) 'example_bash_operator' retrieved from /home/airflow/.local/lib/python3.11/site-packages/airflow/example_dags/example_bash_operator.py
[2026-03-15T18:14:08.488+0000] {logging_mixin.py:188} INFO - [2026-03-15T18:14:08.488+0000] {dag.py:3047} INFO - Sync 1 DAGs
[2026-03-15T18:14:08.504+0000] {logging_mixin.py:188} INFO - [2026-03-15T18:14:08.504+0000] {dag.py:3834} INFO - Setting next_dagrun for example_bash_operator to 2026-03-14 00:00:00+00:00, run_after=2026-03-15 00:00:00+00:00
[2026-03-15T18:14:08.518+0000] {processor.py:183} INFO - Processing /home/airflow/.local/lib/python3.11/site-packages/airflow/example_dags/example_bash_operator.py took 0.063 seconds
[2026-03-15T18:14:23.683+0000] {processor.py:161} INFO - Started process (PID=737) to work on /home/airflow/.local/lib/python3.11/site-packages/airflow/example_dags/example_bash_operator.py
[2026-03-15T18:14:23.685+0000] {processor.py:830} INFO - Processing file /home/airflow/.local/lib/python3.11/site-packages/airflow/example_dags/example_bash_operator.py for tasks to queue
[2026-03-15T18:14:23.687+0000] {logging_mixin.py:188} INFO - [2026-03-15T18:14:23.687+0000] {dagbag.py:540} INFO - Filling up the DagBag from /home/airflow/.local/lib/python3.11/site-packages/airflow/example_dags/example_bash_operator.py
[2026-03-15T18:14:23.696+0000] {processor.py:840} INFO - DAG(s) 'example_bash_operator' retrieved from /home/airflow/.local/lib/python3.11/site-packages/airflow/example_dags/example_bash_operator.py
[2026-03-15T18:14:23.716+0000] {logging_mixin.py:188} INFO - [2026-03-15T18:14:23.716+0000] {dag.py:3047} INFO - Sync 1 DAGs
[2026-03-15T18:14:23.736+0000] {logging_mixin.py:188} INFO - [2026-03-15T18:14:23.736+0000] {dag.py:3834} INFO - Setting next_dagrun for example_bash_operator to 2026-03-14 00:00:00+00:00, run_after=2026-03-15 00:00:00+00:00
[2026-03-15T18:14:23.757+0000] {processor.py:183} INFO - Processing /home/airflow/.local/lib/python3.11/site-packages/airflow/example_dags/example_bash_operator.py took 0.077 seconds
[2026-03-15T18:14:28.432+0000] {processor.py:161} INFO - Started process (PID=784) to work on /home/airflow/.local/lib/python3.11/site-packages/airflow/example_dags/example_bash_operator.py
[2026-03-15T18:14:28.433+0000] {processor.py:830} INFO - Processing file /home/airflow/.local/lib/python3.11/site-packages/airflow/example_dags/example_bash_operator.py for tasks to queue
[2026-03-15T18:14:28.435+0000] {logging_mixin.py:188} INFO - [2026-03-15T18:14:28.434+0000] {dagbag.py:540} INFO - Filling up the DagBag from /home/airflow/.local/lib/python3.11/site-packages/airflow/example_dags/example_bash_operator.py
[2026-03-15T18:14:28.444+0000] {processor.py:840} INFO - DAG(s) 'example_bash_operator' retrieved from /home/airflow/.local/lib/python3.11/site-packages/airflow/example_dags/example_bash_operator.py
[2026-03-15T18:14:28.466+0000] {logging_mixin.py:188} INFO - [2026-03-15T18:14:28.466+0000] {dag.py:3047} INFO - Sync 1 DAGs
[2026-03-15T18:14:28.484+0000] {logging_mixin.py:188} INFO - [2026-03-15T18:14:28.484+0000] {dag.py:3834} INFO - Setting next_dagrun for example_bash_operator to 2026-03-14 00:00:00+00:00, run_after=2026-03-15 00:00:00+00:00
[2026-03-15T18:14:28.499+0000] {processor.py:183} INFO - Processing /home/airflow/.local/lib/python3.11/site-packages/airflow/example_dags/example_bash_operator.py took 0.070 seconds
[2026-03-15T18:14:46.886+0000] {processor.py:161} INFO - Started process (PID=832) to work on /home/airflow/.local/lib/python3.11/site-packages/airflow/example_dags/example_bash_operator.py
[2026-03-15T18:14:46.887+0000] {processor.py:830} INFO - Processing file /home/airflow/.local/lib/python3.11/site-packages/airflow/example_dags/example_bash_operator.py for tasks to queue
[2026-03-15T18:14:46.889+0000] {logging_mixin.py:188} INFO - [2026-03-15T18:14:46.888+0000] {dagbag.py:540} INFO - Filling up the DagBag from /home/airflow/.local/lib/python3.11/site-packages/airflow/example_dags/example_bash_operator.py
[2026-03-15T18:14:46.903+0000] {processor.py:840} INFO - DAG(s) 'example_bash_operator' retrieved from /home/airflow/.local/lib/python3.11/site-packages/airflow/example_dags/example_bash_operator.py
[2026-03-15T18:14:46.922+0000] {logging_mixin.py:188} INFO - [2026-03-15T18:14:46.922+0000] {dag.py:3047} INFO - Sync 1 DAGs
[2026-03-15T18:14:46.939+0000] {logging_mixin.py:188} INFO - [2026-03-15T18:14:46.939+0000] {dag.py:3834} INFO - Setting next_dagrun for example_bash_operator to 2026-03-14 00:00:00+00:00, run_after=2026-03-15 00:00:00+00:00
[2026-03-15T18:14:46.952+0000] {processor.py:183} INFO - Processing /home/airflow/.local/lib/python3.11/site-packages/airflow/example_dags/example_bash_operator.py took 0.069 seconds
[2026-03-15T18:19:51.560+0000] {processor.py:161} INFO - Started process (PID=57) to work on /home/airflow/.local/lib/python3.11/site-packages/airflow/example_dags/example_bash_operator.py
[2026-03-15T18:19:51.562+0000] {processor.py:830} INFO - Processing file /home/airflow/.local/lib/python3.11/site-packages/airflow/example_dags/example_bash_operator.py for tasks to queue
[2026-03-15T18:19:51.565+0000] {logging_mixin.py:188} INFO - [2026-03-15T18:19:51.565+0000] {dagbag.py:540} INFO - Filling up the DagBag from /home/airflow/.local/lib/python3.11/site-packages/airflow/example_dags/example_bash_operator.py
[2026-03-15T18:19:51.587+0000] {processor.py:840} INFO - DAG(s) 'example_bash_operator' retrieved from /home/airflow/.local/lib/python3.11/site-packages/airflow/example_dags/example_bash_operator.py
[2026-03-15T18:19:51.603+0000] {logging_mixin.py:188} INFO - [2026-03-15T18:19:51.603+0000] {dag.py:3047} INFO - Sync 1 DAGs
[2026-03-15T18:19:51.631+0000] {logging_mixin.py:188} INFO - [2026-03-15T18:19:51.631+0000] {dag.py:3834} INFO - Setting next_dagrun for example_bash_operator to 2026-03-14 00:00:00+00:00, run_after=2026-03-15 00:00:00+00:00
[2026-03-15T18:19:51.654+0000] {processor.py:183} INFO - Processing /home/airflow/.local/lib/python3.11/site-packages/airflow/example_dags/example_bash_operator.py took 0.098 seconds
[2026-03-15T18:19:59.287+0000] {processor.py:161} INFO - Started process (PID=113) to work on /home/airflow/.local/lib/python3.11/site-packages/airflow/example_dags/example_bash_operator.py
[2026-03-15T18:19:59.288+0000] {processor.py:830} INFO - Processing file /home/airflow/.local/lib/python3.11/site-packages/airflow/example_dags/example_bash_operator.py for tasks to queue
[2026-03-15T18:19:59.290+0000] {logging_mixin.py:188} INFO - [2026-03-15T18:19:59.290+0000] {dagbag.py:540} INFO - Filling up the DagBag from /home/airflow/.local/lib/python3.11/site-packages/airflow/example_dags/example_bash_operator.py
[2026-03-15T18:19:59.300+0000] {processor.py:840} INFO - DAG(s) 'example_bash_operator' retrieved from /home/airflow/.local/lib/python3.11/site-packages/airflow/example_dags/example_bash_operator.py
[2026-03-15T18:19:59.310+0000] {logging_mixin.py:188} INFO - [2026-03-15T18:19:59.310+0000] {dag.py:3047} INFO - Sync 1 DAGs
[2026-03-15T18:19:59.327+0000] {logging_mixin.py:188} INFO - [2026-03-15T18:19:59.327+0000] {dag.py:3834} INFO - Setting next_dagrun for example_bash_operator to 2026-03-14 00:00:00+00:00, run_after=2026-03-15 00:00:00+00:00
[2026-03-15T18:19:59.344+0000] {processor.py:183} INFO - Processing /home/airflow/.local/lib/python3.11/site-packages/airflow/example_dags/example_bash_operator.py took 0.061 seconds
[2026-03-15T18:20:17.109+0000] {processor.py:161} INFO - Started process (PID=162) to work on /home/airflow/.local/lib/python3.11/site-packages/airflow/example_dags/example_bash_operator.py
[2026-03-15T18:20:17.110+0000] {processor.py:830} INFO - Processing file /home/airflow/.local/lib/python3.11/site-packages/airflow/example_dags/example_bash_operator.py for tasks to queue
[2026-03-15T18:20:17.112+0000] {logging_mixin.py:188} INFO - [2026-03-15T18:20:17.112+0000] {dagbag.py:540} INFO - Filling up the DagBag from /home/airflow/.local/lib/python3.11/site-packages/airflow/example_dags/example_bash_operator.py
[2026-03-15T18:20:17.121+0000] {processor.py:840} INFO - DAG(s) 'example_bash_operator' retrieved from /home/airflow/.local/lib/python3.11/site-packages/airflow/example_dags/example_bash_operator.py
[2026-03-15T18:20:17.204+0000] {logging_mixin.py:188} INFO - [2026-03-15T18:20:17.203+0000] {dag.py:3047} INFO - Sync 1 DAGs
[2026-03-15T18:20:17.219+0000] {logging_mixin.py:188} INFO - [2026-03-15T18:20:17.219+0000] {dag.py:3834} INFO - Setting next_dagrun for example_bash_operator to 2026-03-14 00:00:00+00:00, run_after=2026-03-15 00:00:00+00:00
[2026-03-15T18:20:17.233+0000] {processor.py:183} INFO - Processing /home/airflow/.local/lib/python3.11/site-packages/airflow/example_dags/example_bash_operator.py took 0.127 seconds
[2026-03-15T18:20:24.222+0000] {processor.py:161} INFO - Started process (PID=208) to work on /home/airflow/.local/lib/python3.11/site-packages/airflow/example_dags/example_bash_operator.py
[2026-03-15T18:20:24.223+0000] {processor.py:830} INFO - Processing file /home/airflow/.local/lib/python3.11/site-packages/airflow/example_dags/example_bash_operator.py for tasks to queue
[2026-03-15T18:20:24.226+0000] {logging_mixin.py:188} INFO - [2026-03-15T18:20:24.226+0000] {dagbag.py:540} INFO - Filling up the DagBag from /home/airflow/.local/lib/python3.11/site-packages/airflow/example_dags/example_bash_operator.py
[2026-03-15T18:20:24.236+0000] {processor.py:840} INFO - DAG(s) 'example_bash_operator' retrieved from /home/airflow/.local/lib/python3.11/site-packages/airflow/example_dags/example_bash_operator.py
[2026-03-15T18:20:24.246+0000] {logging_mixin.py:188} INFO - [2026-03-15T18:20:24.246+0000] {dag.py:3047} INFO - Sync 1 DAGs
[2026-03-15T18:20:24.264+0000] {logging_mixin.py:188} INFO - [2026-03-15T18:20:24.264+0000] {dag.py:3834} INFO - Setting next_dagrun for example_bash_operator to 2026-03-14 00:00:00+00:00, run_after=2026-03-15 00:00:00+00:00
[2026-03-15T18:20:24.277+0000] {processor.py:183} INFO - Processing /home/airflow/.local/lib/python3.11/site-packages/airflow/example_dags/example_bash_operator.py took 0.057 seconds
[2026-03-15T18:20:54.551+0000] {processor.py:161} INFO - Started process (PID=258) to work on /home/airflow/.local/lib/python3.11/site-packages/airflow/example_dags/example_bash_operator.py
[2026-03-15T18:20:54.552+0000] {processor.py:830} INFO - Processing file /home/airflow/.local/lib/python3.11/site-packages/airflow/example_dags/example_bash_operator.py for tasks to queue
[2026-03-15T18:20:54.554+0000] {logging_mixin.py:188} INFO - [2026-03-15T18:20:54.553+0000] {dagbag.py:540} INFO - Filling up the DagBag from /home/airflow/.local/lib/python3.11/site-packages/airflow/example_dags/example_bash_operator.py
[2026-03-15T18:20:54.564+0000] {processor.py:840} INFO - DAG(s) 'example_bash_operator' retrieved from /home/airflow/.local/lib/python3.11/site-packages/airflow/example_dags/example_bash_operator.py
[2026-03-15T18:20:54.581+0000] {logging_mixin.py:188} INFO - [2026-03-15T18:20:54.581+0000] {dag.py:3047} INFO - Sync 1 DAGs
[2026-03-15T18:20:54.596+0000] {logging_mixin.py:188} INFO - [2026-03-15T18:20:54.596+0000] {dag.py:3834} INFO - Setting next_dagrun for example_bash_operator to 2026-03-14 00:00:00+00:00, run_after=2026-03-15 00:00:00+00:00
[2026-03-15T18:20:54.608+0000] {processor.py:183} INFO - Processing /home/airflow/.local/lib/python3.11/site-packages/airflow/example_dags/example_bash_operator.py took 0.060 seconds
[2026-03-15T18:21:24.690+0000] {processor.py:161} INFO - Started process (PID=308) to work on /home/airflow/.local/lib/python3.11/site-packages/airflow/example_dags/example_bash_operator.py
[2026-03-15T18:21:24.691+0000] {processor.py:830} INFO - Processing file /home/airflow/.local/lib/python3.11/site-packages/airflow/example_dags/example_bash_operator.py for tasks to queue
[2026-03-15T18:21:24.693+0000] {logging_mixin.py:188} INFO - [2026-03-15T18:21:24.693+0000] {dagbag.py:540} INFO - Filling up the DagBag from /home/airflow/.local/lib/python3.11/site-packages/airflow/example_dags/example_bash_operator.py
[2026-03-15T18:21:24.703+0000] {processor.py:840} INFO - DAG(s) 'example_bash_operator' retrieved from /home/airflow/.local/lib/python3.11/site-packages/airflow/example_dags/example_bash_operator.py
[2026-03-15T18:21:24.723+0000] {logging_mixin.py:188} INFO - [2026-03-15T18:21:24.723+0000] {dag.py:3047} INFO - Sync 1 DAGs
[2026-03-15T18:21:24.739+0000] {logging_mixin.py:188} INFO - [2026-03-15T18:21:24.739+0000] {dag.py:3834} INFO - Setting next_dagrun for example_bash_operator to 2026-03-14 00:00:00+00:00, run_after=2026-03-15 00:00:00+00:00
[2026-03-15T18:21:24.753+0000] {processor.py:183} INFO - Processing /home/airflow/.local/lib/python3.11/site-packages/airflow/example_dags/example_bash_operator.py took 0.065 seconds
[2026-03-15T18:21:29.367+0000] {processor.py:161} INFO - Started process (PID=361) to work on /home/airflow/.local/lib/python3.11/site-packages/airflow/example_dags/example_bash_operator.py
[2026-03-15T18:21:29.368+0000] {processor.py:830} INFO - Processing file /home/airflow/.local/lib/python3.11/site-packages/airflow/example_dags/example_bash_operator.py for tasks to queue
[2026-03-15T18:21:29.370+0000] {logging_mixin.py:188} INFO - [2026-03-15T18:21:29.369+0000] {dagbag.py:540} INFO - Filling up the DagBag from /home/airflow/.local/lib/python3.11/site-packages/airflow/example_dags/example_bash_operator.py
[2026-03-15T18:21:29.380+0000] {processor.py:840} INFO - DAG(s) 'example_bash_operator' retrieved from /home/airflow/.local/lib/python3.11/site-packages/airflow/example_dags/example_bash_operator.py
[2026-03-15T18:21:29.400+0000] {logging_mixin.py:188} INFO - [2026-03-15T18:21:29.400+0000] {dag.py:3047} INFO - Sync 1 DAGs
[2026-03-15T18:21:29.419+0000] {logging_mixin.py:188} INFO - [2026-03-15T18:21:29.419+0000] {dag.py:3834} INFO - Setting next_dagrun for example_bash_operator to 2026-03-14 00:00:00+00:00, run_after=2026-03-15 00:00:00+00:00
[2026-03-15T18:21:29.436+0000] {processor.py:183} INFO - Processing /home/airflow/.local/lib/python3.11/site-packages/airflow/example_dags/example_bash_operator.py took 0.072 seconds
[2026-03-15T18:21:46.944+0000] {processor.py:161} INFO - Started process (PID=407) to work on /home/airflow/.local/lib/python3.11/site-packages/airflow/example_dags/example_bash_operator.py
[2026-03-15T18:21:46.945+0000] {processor.py:830} INFO - Processing file /home/airflow/.local/lib/python3.11/site-packages/airflow/example_dags/example_bash_operator.py for tasks to queue
[2026-03-15T18:21:46.947+0000] {logging_mixin.py:188} INFO - [2026-03-15T18:21:46.946+0000] {dagbag.py:540} INFO - Filling up the DagBag from /home/airflow/.local/lib/python3.11/site-packages/airflow/example_dags/example_bash_operator.py
[2026-03-15T18:21:46.958+0000] {processor.py:840} INFO - DAG(s) 'example_bash_operator' retrieved from /home/airflow/.local/lib/python3.11/site-packages/airflow/example_dags/example_bash_operator.py
[2026-03-15T18:21:46.978+0000] {logging_mixin.py:188} INFO - [2026-03-15T18:21:46.978+0000] {dag.py:3047} INFO - Sync 1 DAGs
[2026-03-15T18:21:46.993+0000] {logging_mixin.py:188} INFO - [2026-03-15T18:21:46.993+0000] {dag.py:3834} INFO - Setting next_dagrun for example_bash_operator to 2026-03-14 00:00:00+00:00, run_after=2026-03-15 00:00:00+00:00
[2026-03-15T18:21:47.008+0000] {processor.py:183} INFO - Processing /home/airflow/.local/lib/python3.11/site-packages/airflow/example_dags/example_bash_operator.py took 0.067 seconds
[2026-03-15T18:22:38.291+0000] {processor.py:161} INFO - Started process (PID=451) to work on /home/airflow/.local/lib/python3.11/site-packages/airflow/example_dags/example_bash_operator.py
[2026-03-15T18:22:38.292+0000] {processor.py:830} INFO - Processing file /home/airflow/.local/lib/python3.11/site-packages/airflow/example_dags/example_bash_operator.py for tasks to queue
[2026-03-15T18:22:38.294+0000] {logging_mixin.py:188} INFO - [2026-03-15T18:22:38.294+0000] {dagbag.py:540} INFO - Filling up the DagBag from /home/airflow/.local/lib/python3.11/site-packages/airflow/example_dags/example_bash_operator.py
[2026-03-15T18:22:38.303+0000] {processor.py:840} INFO - DAG(s) 'example_bash_operator' retrieved from /home/airflow/.local/lib/python3.11/site-packages/airflow/example_dags/example_bash_operator.py
[2026-03-15T18:22:38.321+0000] {logging_mixin.py:188} INFO - [2026-03-15T18:22:38.321+0000] {dag.py:3047} INFO - Sync 1 DAGs
[2026-03-15T18:21:49.150+0000] {logging_mixin.py:188} INFO - [2026-03-15T18:21:49.149+0000] {dag.py:3834} INFO - Setting next_dagrun for example_bash_operator to 2026-03-14 00:00:00+00:00, run_after=2026-03-15 00:00:00+00:00
[2026-03-15T18:21:49.168+0000] {processor.py:183} INFO - Processing /home/airflow/.local/lib/python3.11/site-packages/airflow/example_dags/example_bash_operator.py took 0.069 seconds
[2026-03-15T18:22:43.184+0000] {processor.py:161} INFO - Started process (PID=493) to work on /home/airflow/.local/lib/python3.11/site-packages/airflow/example_dags/example_bash_operator.py
[2026-03-15T18:22:43.185+0000] {processor.py:830} INFO - Processing file /home/airflow/.local/lib/python3.11/site-packages/airflow/example_dags/example_bash_operator.py for tasks to queue
[2026-03-15T18:22:43.187+0000] {logging_mixin.py:188} INFO - [2026-03-15T18:22:43.187+0000] {dagbag.py:540} INFO - Filling up the DagBag from /home/airflow/.local/lib/python3.11/site-packages/airflow/example_dags/example_bash_operator.py
[2026-03-15T18:22:43.197+0000] {processor.py:840} INFO - DAG(s) 'example_bash_operator' retrieved from /home/airflow/.local/lib/python3.11/site-packages/airflow/example_dags/example_bash_operator.py
[2026-03-15T18:22:43.218+0000] {logging_mixin.py:188} INFO - [2026-03-15T18:22:43.218+0000] {dag.py:3047} INFO - Sync 1 DAGs
[2026-03-15T18:22:43.234+0000] {logging_mixin.py:188} INFO - [2026-03-15T18:22:43.234+0000] {dag.py:3834} INFO - Setting next_dagrun for example_bash_operator to 2026-03-14 00:00:00+00:00, run_after=2026-03-15 00:00:00+00:00
[2026-03-15T18:22:43.251+0000] {processor.py:183} INFO - Processing /home/airflow/.local/lib/python3.11/site-packages/airflow/example_dags/example_bash_operator.py took 0.069 seconds
[2026-03-15T18:23:13.805+0000] {processor.py:161} INFO - Started process (PID=677) to work on /home/airflow/.local/lib/python3.11/site-packages/airflow/example_dags/example_bash_operator.py
[2026-03-15T18:23:13.806+0000] {processor.py:830} INFO - Processing file /home/airflow/.local/lib/python3.11/site-packages/airflow/example_dags/example_bash_operator.py for tasks to queue
[2026-03-15T18:23:13.808+0000] {logging_mixin.py:188} INFO - [2026-03-15T18:23:13.808+0000] {dagbag.py:540} INFO - Filling up the DagBag from /home/airflow/.local/lib/python3.11/site-packages/airflow/example_dags/example_bash_operator.py
[2026-03-15T18:23:13.817+0000] {processor.py:840} INFO - DAG(s) 'example_bash_operator' retrieved from /home/airflow/.local/lib/python3.11/site-packages/airflow/example_dags/example_bash_operator.py
[2026-03-15T18:23:13.835+0000] {logging_mixin.py:188} INFO - [2026-03-15T18:23:13.834+0000] {dag.py:3047} INFO - Sync 1 DAGs
[2026-03-15T18:23:13.850+0000] {logging_mixin.py:188} INFO - [2026-03-15T18:23:13.850+0000] {dag.py:3834} INFO - Setting next_dagrun for example_bash_operator to 2026-03-14 00:00:00+00:00, run_after=2026-03-15 00:00:00+00:00
[2026-03-15T18:23:13.865+0000] {processor.py:183} INFO - Processing /home/airflow/.local/lib/python3.11/site-packages/airflow/example_dags/example_bash_operator.py took 0.062 seconds
[2026-03-15T18:23:24.534+0000] {processor.py:161} INFO - Started process (PID=689) to work on /home/airflow/.local/lib/python3.11/site-packages/airflow/example_dags/example_bash_operator.py
[2026-03-15T18:23:24.536+0000] {processor.py:830} INFO - Processing file /home/airflow/.local/lib/python3.11/site-packages/airflow/example_dags/example_bash_operator.py for tasks to queue
[2026-03-15T18:23:24.538+0000] {logging_mixin.py:188} INFO - [2026-03-15T18:23:24.538+0000] {dagbag.py:540} INFO - Filling up the DagBag from /home/airflow/.local/lib/python3.11/site-packages/airflow/example_dags/example_bash_operator.py
[2026-03-15T18:23:24.547+0000] {processor.py:840} INFO - DAG(s) 'example_bash_operator' retrieved from /home/airflow/.local/lib/python3.11/site-packages/airflow/example_dags/example_bash_operator.py
[2026-03-15T18:23:24.568+0000] {logging_mixin.py:188} INFO - [2026-03-15T18:23:24.568+0000] {dag.py:3047} INFO - Sync 1 DAGs
[2026-03-15T18:23:24.586+0000] {logging_mixin.py:188} INFO - [2026-03-15T18:23:24.585+0000] {dag.py:3834} INFO - Setting next_dagrun for example_bash_operator to 2026-03-14 00:00:00+00:00, run_after=2026-03-15 00:00:00+00:00
[2026-03-15T18:23:24.601+0000] {processor.py:183} INFO - Processing /home/airflow/.local/lib/python3.11/site-packages/airflow/example_dags/example_bash_operator.py took 0.070 seconds
[2026-03-15T18:23:29.509+0000] {processor.py:161} INFO - Started process (PID=739) to work on /home/airflow/.local/lib/python3.11/site-packages/airflow/example_dags/example_bash_operator.py
[2026-03-15T18:23:29.510+0000] {processor.py:830} INFO - Processing file /home/airflow/.local/lib/python3.11/site-packages/airflow/example_dags/example_bash_operator.py for tasks to queue
[2026-03-15T18:23:29.512+0000] {logging_mixin.py:188} INFO - [2026-03-15T18:23:29.511+0000] {dagbag.py:540} INFO - Filling up the DagBag from /home/airflow/.local/lib/python3.11/site-packages/airflow/example_dags/example_bash_operator.py
[2026-03-15T18:23:29.521+0000] {processor.py:840} INFO - DAG(s) 'example_bash_operator' retrieved from /home/airflow/.local/lib/python3.11/site-packages/airflow/example_dags/example_bash_operator.py
[2026-03-15T18:23:29.539+0000] {logging_mixin.py:188} INFO - [2026-03-15T18:23:29.539+0000] {dag.py:3047} INFO - Sync 1 DAGs
[2026-03-15T18:23:29.556+0000] {logging_mixin.py:188} INFO - [2026-03-15T18:23:29.555+0000] {dag.py:3834} INFO - Setting next_dagrun for example_bash_operator to 2026-03-14 00:00:00+00:00, run_after=2026-03-15 00:00:00+00:00
[2026-03-15T18:23:29.571+0000] {processor.py:183} INFO - Processing /home/airflow/.local/lib/python3.11/site-packages/airflow/example_dags/example_bash_operator.py took 0.065 seconds
[2026-03-15T18:23:59.747+0000] {processor.py:161} INFO - Started process (PID=789) to work on /home/airflow/.local/lib/python3.11/site-packages/airflow/example_dags/example_bash_operator.py
[2026-03-15T18:23:59.747+0000] {processor.py:830} INFO - Processing file /home/airflow/.local/lib/python3.11/site-packages/airflow/example_dags/example_bash_operator.py for tasks to queue
[2026-03-15T18:23:59.749+0000] {logging_mixin.py:188} INFO - [2026-03-15T18:23:59.749+0000] {dagbag.py:540} INFO - Filling up the DagBag from /home/airflow/.local/lib/python3.11/site-packages/airflow/example_dags/example_bash_operator.py
[2026-03-15T18:23:59.757+0000] {processor.py:840} INFO - DAG(s) 'example_bash_operator' retrieved from /home/airflow/.local/lib/python3.11/site-packages/airflow/example_dags/example_bash_operator.py
[2026-03-15T18:23:59.775+0000] {logging_mixin.py:188} INFO - [2026-03-15T18:23:59.775+0000] {dag.py:3047} INFO - Sync 1 DAGs
[2026-03-15T18:23:59.789+0000] {logging_mixin.py:188} INFO - [2026-03-15T18:23:59.789+0000] {dag.py:3834} INFO - Setting next_dagrun for example_bash_operator to 2026-03-14 00:00:00+00:00, run_after=2026-03-15 00:00:00+00:00
[2026-03-15T18:23:59.803+0000] {processor.py:183} INFO - Processing /home/airflow/.local/lib/python3.11/site-packages/airflow/example_dags/example_bash_operator.py took 0.059 seconds
[2026-03-15T18:24:30.254+0000] {processor.py:161} INFO - Started process (PID=839) to work on /home/airflow/.local/lib/python3.11/site-packages/airflow/example_dags/example_bash_operator.py
[2026-03-15T18:24:30.255+0000] {processor.py:830} INFO - Processing file /home/airflow/.local/lib/python3.11/site-packages/airflow/example_dags/example_bash_operator.py for tasks to queue
[2026-03-15T18:24:30.257+0000] {logging_mixin.py:188} INFO - [2026-03-15T18:24:30.257+0000] {dagbag.py:540} INFO - Filling up the DagBag from /home/airflow/.local/lib/python3.11/site-packages/airflow/example_dags/example_bash_operator.py
[2026-03-15T18:24:30.265+0000] {processor.py:840} INFO - DAG(s) 'example_bash_operator' retrieved from /home/airflow/.local/lib/python3.11/site-packages/airflow/example_dags/example_bash_operator.py
[2026-03-15T18:24:30.282+0000] {logging_mixin.py:188} INFO - [2026-03-15T18:24:30.282+0000] {dag.py:3047} INFO - Sync 1 DAGs
[2026-03-15T18:24:30.298+0000] {logging_mixin.py:188} INFO - [2026-03-15T18:24:30.298+0000] {dag.py:3834} INFO - Setting next_dagrun for example_bash_operator to 2026-03-14 00:00:00+00:00, run_after=2026-03-15 00:00:00+00:00
[2026-03-15T18:24:30.314+0000] {processor.py:183} INFO - Processing /home/airflow/.local/lib/python3.11/site-packages/airflow/example_dags/example_bash_operator.py took 0.063 seconds
[2026-03-15T18:24:34.622+0000] {processor.py:161} INFO - Started process (PID=887) to work on /home/airflow/.local/lib/python3.11/site-packages/airflow/example_dags/example_bash_operator.py
[2026-03-15T18:24:34.623+0000] {processor.py:830} INFO - Processing file /home/airflow/.local/lib/python3.11/site-packages/airflow/example_dags/example_bash_operator.py for tasks to queue
[2026-03-15T18:24:34.628+0000] {logging_mixin.py:188} INFO - [2026-03-15T18:24:34.627+0000] {dagbag.py:540} INFO - Filling up the DagBag from /home/airflow/.local/lib/python3.11/site-packages/airflow/example_dags/example_bash_operator.py
[2026-03-15T18:24:34.640+0000] {processor.py:840} INFO - DAG(s) 'example_bash_operator' retrieved from /home/airflow/.local/lib/python3.11/site-packages/airflow/example_dags/example_bash_operator.py
[2026-03-15T18:24:34.662+0000] {logging_mixin.py:188} INFO - [2026-03-15T18:24:34.662+0000] {dag.py:3047} INFO - Sync 1 DAGs
[2026-03-15T18:24:34.680+0000] {logging_mixin.py:188} INFO - [2026-03-15T18:24:34.680+0000] {dag.py:3834} INFO - Setting next_dagrun for example_bash_operator to 2026-03-14 00:00:00+00:00, run_after=2026-03-15 00:00:00+00:00
[2026-03-15T18:24:34.694+0000] {processor.py:183} INFO - Processing /home/airflow/.local/lib/python3.11/site-packages/airflow/example_dags/example_bash_operator.py took 0.077 seconds
[2026-03-15T18:25:04.829+0000] {processor.py:161} INFO - Started process (PID=940) to work on /home/airflow/.local/lib/python3.11/site-packages/airflow/example_dags/example_bash_operator.py
[2026-03-15T18:25:04.830+0000] {processor.py:830} INFO - Processing file /home/airflow/.local/lib/python3.11/site-packages/airflow/example_dags/example_bash_operator.py for tasks to queue
[2026-03-15T18:25:04.832+0000] {logging_mixin.py:188} INFO - [2026-03-15T18:25:04.832+0000] {dagbag.py:540} INFO - Filling up the DagBag from /home/airflow/.local/lib/python3.11/site-packages/airflow/example_dags/example_bash_operator.py
[2026-03-15T18:25:04.843+0000] {processor.py:840} INFO - DAG(s) 'example_bash_operator' retrieved from /home/airflow/.local/lib/python3.11/site-packages/airflow/example_dags/example_bash_operator.py
[2026-03-15T18:25:04.855+0000] {logging_mixin.py:188} INFO - [2026-03-15T18:25:04.855+0000] {dag.py:3047} INFO - Sync 1 DAGs
[2026-03-15T18:25:04.873+0000] {logging_mixin.py:188} INFO - [2026-03-15T18:25:04.872+0000] {dag.py:3834} INFO - Setting next_dagrun for example_bash_operator to 2026-03-14 00:00:00+00:00, run_after=2026-03-15 00:00:00+00:00
[2026-03-15T18:25:04.890+0000] {processor.py:183} INFO - Processing /home/airflow/.local/lib/python3.11/site-packages/airflow/example_dags/example_bash_operator.py took 0.065 seconds
[2026-03-15T18:25:14.871+0000] {processor.py:161} INFO - Started process (PID=990) to work on /home/airflow/.local/lib/python3.11/site-packages/airflow/example_dags/example_bash_operator.py
[2026-03-15T18:25:14.872+0000] {processor.py:830} INFO - Processing file /home/airflow/.local/lib/python3.11/site-packages/airflow/example_dags/example_bash_operator.py for tasks to queue
[2026-03-15T18:25:14.874+0000] {logging_mixin.py:188} INFO - [2026-03-15T18:25:14.874+0000] {dagbag.py:540} INFO - Filling up the DagBag from /home/airflow/.local/lib/python3.11/site-packages/airflow/example_dags/example_bash_operator.py
[2026-03-15T18:25:14.883+0000] {processor.py:840} INFO - DAG(s) 'example_bash_operator' retrieved from /home/airflow/.local/lib/python3.11/site-packages/airflow/example_dags/example_bash_operator.py
[2026-03-15T18:25:14.952+0000] {logging_mixin.py:188} INFO - [2026-03-15T18:25:14.952+0000] {dag.py:3047} INFO - Sync 1 DAGs
[2026-03-15T18:25:14.964+0000] {logging_mixin.py:188} INFO - [2026-03-15T18:25:14.964+0000] {dag.py:3834} INFO - Setting next_dagrun for example_bash_operator to 2026-03-14 00:00:00+00:00, run_after=2026-03-15 00:00:00+00:00
[2026-03-15T18:25:14.979+0000] {processor.py:183} INFO - Processing /home/airflow/.local/lib/python3.11/site-packages/airflow/example_dags/example_bash_operator.py took 0.111 seconds
[2026-03-15T18:25:19.691+0000] {processor.py:161} INFO - Started process (PID=1038) to work on /home/airflow/.local/lib/python3.11/site-packages/airflow/example_dags/example_bash_operator.py
[2026-03-15T18:25:19.692+0000] {processor.py:830} INFO - Processing file /home/airflow/.local/lib/python3.11/site-packages/airflow/example_dags/example_bash_operator.py for tasks to queue
[2026-03-15T18:25:19.694+0000] {logging_mixin.py:188} INFO - [2026-03-15T18:25:19.693+0000] {dagbag.py:540} INFO - Filling up the DagBag from /home/airflow/.local/lib/python3.11/site-packages/airflow/example_dags/example_bash_operator.py
[2026-03-15T18:25:19.702+0000] {processor.py:840} INFO - DAG(s) 'example_bash_operator' retrieved from /home/airflow/.local/lib/python3.11/site-packages/airflow/example_dags/example_bash_operator.py
[2026-03-15T18:25:19.711+0000] {logging_mixin.py:188} INFO - [2026-03-15T18:25:19.711+0000] {dag.py:3047} INFO - Sync 1 DAGs
[2026-03-15T18:25:19.726+0000] {logging_mixin.py:188} INFO - [2026-03-15T18:25:19.726+0000] {dag.py:3834} INFO - Setting next_dagrun for example_bash_operator to 2026-03-14 00:00:00+00:00, run_after=2026-03-15 00:00:00+00:00
[2026-03-15T18:25:19.738+0000] {processor.py:183} INFO - Processing /home/airflow/.local/lib/python3.11/site-packages/airflow/example_dags/example_bash_operator.py took 0.050 seconds
[2026-03-15T18:25:24.710+0000] {processor.py:161} INFO - Started process (PID=1084) to work on /home/airflow/.local/lib/python3.11/site-packages/airflow/example_dags/example_bash_operator.py
[2026-03-15T18:25:24.711+0000] {processor.py:830} INFO - Processing file /home/airflow/.local/lib/python3.11/site-packages/airflow/example_dags/example_bash_operator.py for tasks to queue
[2026-03-15T18:25:24.712+0000] {logging_mixin.py:188} INFO - [2026-03-15T18:25:24.712+0000] {dagbag.py:540} INFO - Filling up the DagBag from /home/airflow/.local/lib/python3.11/site-packages/airflow/example_dags/example_bash_operator.py
[2026-03-15T18:25:24.721+0000] {processor.py:840} INFO - DAG(s) 'example_bash_operator' retrieved from /home/airflow/.local/lib/python3.11/site-packages/airflow/example_dags/example_bash_operator.py
[2026-03-15T18:25:24.729+0000] {logging_mixin.py:188} INFO - [2026-03-15T18:25:24.729+0000] {dag.py:3047} INFO - Sync 1 DAGs
[2026-03-15T18:25:24.744+0000] {logging_mixin.py:188} INFO - [2026-03-15T18:25:24.744+0000] {dag.py:3834} INFO - Setting next_dagrun for example_bash_operator to 2026-03-14 00:00:00+00:00, run_after=2026-03-15 00:00:00+00:00
[2026-03-15T18:25:24.757+0000] {processor.py:183} INFO - Processing /home/airflow/.local/lib/python3.11/site-packages/airflow/example_dags/example_bash_operator.py took 0.050 seconds
[2026-03-15T18:25:54.872+0000] {processor.py:161} INFO - Started process (PID=1136) to work on /home/airflow/.local/lib/python3.11/site-packages/airflow/example_dags/example_bash_operator.py
[2026-03-15T18:25:54.873+0000] {processor.py:830} INFO - Processing file /home/airflow/.local/lib/python3.11/site-packages/airflow/example_dags/example_bash_operator.py for tasks to queue
[2026-03-15T18:25:54.874+0000] {logging_mixin.py:188} INFO - [2026-03-15T18:25:54.874+0000] {dagbag.py:540} INFO - Filling up the DagBag from /home/airflow/.local/lib/python3.11/site-packages/airflow/example_dags/example_bash_operator.py
[2026-03-15T18:25:54.882+0000] {processor.py:840} INFO - DAG(s) 'example_bash_operator' retrieved from /home/airflow/.local/lib/python3.11/site-packages/airflow/example_dags/example_bash_operator.py
[2026-03-15T18:25:54.900+0000] {logging_mixin.py:188} INFO - [2026-03-15T18:25:54.900+0000] {dag.py:3047} INFO - Sync 1 DAGs
[2026-03-15T18:25:54.915+0000] {logging_mixin.py:188} INFO - [2026-03-15T18:25:54.915+0000] {dag.py:3834} INFO - Setting next_dagrun for example_bash_operator to 2026-03-14 00:00:00+00:00, run_after=2026-03-15 00:00:00+00:00
[2026-03-15T18:25:54.928+0000] {processor.py:183} INFO - Processing /home/airflow/.local/lib/python3.11/site-packages/airflow/example_dags/example_bash_operator.py took 0.059 seconds
[2026-03-15T18:26:17.173+0000] {processor.py:161} INFO - Started process (PID=1190) to work on /home/airflow/.local/lib/python3.11/site-packages/airflow/example_dags/example_bash_operator.py
[2026-03-15T18:26:17.174+0000] {processor.py:830} INFO - Processing file /home/airflow/.local/lib/python3.11/site-packages/airflow/example_dags/example_bash_operator.py for tasks to queue
[2026-03-15T18:26:17.176+0000] {logging_mixin.py:188} INFO - [2026-03-15T18:26:17.176+0000] {dagbag.py:540} INFO - Filling up the DagBag from /home/airflow/.local/lib/python3.11/site-packages/airflow/example_dags/example_bash_operator.py
[2026-03-15T18:26:17.184+0000] {processor.py:840} INFO - DAG(s) 'example_bash_operator' retrieved from /home/airflow/.local/lib/python3.11/site-packages/airflow/example_dags/example_bash_operator.py
[2026-03-15T18:26:17.204+0000] {logging_mixin.py:188} INFO - [2026-03-15T18:26:17.204+0000] {dag.py:3047} INFO - Sync 1 DAGs
[2026-03-15T18:26:17.219+0000] {logging_mixin.py:188} INFO - [2026-03-15T18:26:17.219+0000] {dag.py:3834} INFO - Setting next_dagrun for example_bash_operator to 2026-03-14 00:00:00+00:00, run_after=2026-03-15 00:00:00+00:00
[2026-03-15T18:26:17.235+0000] {processor.py:183} INFO - Processing /home/airflow/.local/lib/python3.11/site-packages/airflow/example_dags/example_bash_operator.py took 0.065 seconds
[2026-03-15T18:26:19.818+0000] {processor.py:161} INFO - Started process (PID=1240) to work on /home/airflow/.local/lib/python3.11/site-packages/airflow/example_dags/example_bash_operator.py
[2026-03-15T18:26:19.820+0000] {processor.py:830} INFO - Processing file /home/airflow/.local/lib/python3.11/site-packages/airflow/example_dags/example_bash_operator.py for tasks to queue
[2026-03-15T18:26:19.822+0000] {logging_mixin.py:188} INFO - [2026-03-15T18:26:19.822+0000] {dagbag.py:540} INFO - Filling up the DagBag from /home/airflow/.local/lib/python3.11/site-packages/airflow/example_dags/example_bash_operator.py
[2026-03-15T18:26:19.831+0000] {processor.py:840} INFO - DAG(s) 'example_bash_operator' retrieved from /home/airflow/.local/lib/python3.11/site-packages/airflow/example_dags/example_bash_operator.py
[2026-03-15T18:26:19.849+0000] {logging_mixin.py:188} INFO - [2026-03-15T18:26:19.848+0000] {dag.py:3047} INFO - Sync 1 DAGs
[2026-03-15T18:26:19.864+0000] {logging_mixin.py:188} INFO - [2026-03-15T18:26:19.864+0000] {dag.py:3834} INFO - Setting next_dagrun for example_bash_operator to 2026-03-14 00:00:00+00:00, run_after=2026-03-15 00:00:00+00:00
[2026-03-15T18:26:19.880+0000] {processor.py:183} INFO - Processing /home/airflow/.local/lib/python3.11/site-packages/airflow/example_dags/example_bash_operator.py took 0.065 seconds
[2026-03-15T18:26:34.954+0000] {processor.py:161} INFO - Started process (PID=1292) to work on /home/airflow/.local/lib/python3.11/site-packages/airflow/example_dags/example_bash_operator.py
[2026-03-15T18:26:34.955+0000] {processor.py:830} INFO - Processing file /home/airflow/.local/lib/python3.11/site-packages/airflow/example_dags/example_bash_operator.py for tasks to queue
[2026-03-15T18:26:34.957+0000] {logging_mixin.py:188} INFO - [2026-03-15T18:26:34.957+0000] {dagbag.py:540} INFO - Filling up the DagBag from /home/airflow/.local/lib/python3.11/site-packages/airflow/example_dags/example_bash_operator.py
[2026-03-15T18:26:34.966+0000] {processor.py:840} INFO - DAG(s) 'example_bash_operator' retrieved from /home/airflow/.local/lib/python3.11/site-packages/airflow/example_dags/example_bash_operator.py
[2026-03-15T18:26:34.985+0000] {logging_mixin.py:188} INFO - [2026-03-15T18:26:34.985+0000] {dag.py:3047} INFO - Sync 1 DAGs
[2026-03-15T18:26:35.000+0000] {logging_mixin.py:188} INFO - [2026-03-15T18:26:34.999+0000] {dag.py:3834} INFO - Setting next_dagrun for example_bash_operator to 2026-03-14 00:00:00+00:00, run_after=2026-03-15 00:00:00+00:00
[2026-03-15T18:26:35.013+0000] {processor.py:183} INFO - Processing /home/airflow/.local/lib/python3.11/site-packages/airflow/example_dags/example_bash_operator.py took 0.061 seconds
[2026-03-15T18:27:29.324+0000] {processor.py:161} INFO - Started process (PID=1338) to work on /home/airflow/.local/lib/python3.11/site-packages/airflow/example_dags/example_bash_operator.py
[2026-03-15T18:27:29.325+0000] {processor.py:830} INFO - Processing file /home/airflow/.local/lib/python3.11/site-packages/airflow/example_dags/example_bash_operator.py for tasks to queue
[2026-03-15T18:27:29.326+0000] {logging_mixin.py:188} INFO - [2026-03-15T18:27:29.326+0000] {dagbag.py:540} INFO - Filling up the DagBag from /home/airflow/.local/lib/python3.11/site-packages/airflow/example_dags/example_bash_operator.py
[2026-03-15T18:27:29.335+0000] {processor.py:840} INFO - DAG(s) 'example_bash_operator' retrieved from /home/airflow/.local/lib/python3.11/site-packages/airflow/example_dags/example_bash_operator.py
[2026-03-15T18:27:29.354+0000] {logging_mixin.py:188} INFO - [2026-03-15T18:27:29.354+0000] {dag.py:3047} INFO - Sync 1 DAGs
[2026-03-15T18:27:29.371+0000] {logging_mixin.py:188} INFO - [2026-03-15T18:27:29.370+0000] {dag.py:3834} INFO - Setting next_dagrun for example_bash_operator to 2026-03-14 00:00:00+00:00, run_after=2026-03-15 00:00:00+00:00
[2026-03-15T18:27:29.384+0000] {processor.py:183} INFO - Processing /home/airflow/.local/lib/python3.11/site-packages/airflow/example_dags/example_bash_operator.py took 0.063 seconds
[2026-03-15T18:27:40.041+0000] {processor.py:161} INFO - Started process (PID=1402) to work on /home/airflow/.local/lib/python3.11/site-packages/airflow/example_dags/example_bash_operator.py
[2026-03-15T18:27:40.042+0000] {processor.py:830} INFO - Processing file /home/airflow/.local/lib/python3.11/site-packages/airflow/example_dags/example_bash_operator.py for tasks to queue
[2026-03-15T18:27:40.045+0000] {logging_mixin.py:188} INFO - [2026-03-15T18:27:40.044+0000] {dagbag.py:540} INFO - Filling up the DagBag from /home/airflow/.local/lib/python3.11/site-packages/airflow/example_dags/example_bash_operator.py
[2026-03-15T18:27:40.056+0000] {processor.py:840} INFO - DAG(s) 'example_bash_operator' retrieved from /home/airflow/.local/lib/python3.11/site-packages/airflow/example_dags/example_bash_operator.py
[2026-03-15T18:27:40.075+0000] {logging_mixin.py:188} INFO - [2026-03-15T18:27:40.075+0000] {dag.py:3047} INFO - Sync 1 DAGs
[2026-03-15T18:27:40.091+0000] {logging_mixin.py:188} INFO - [2026-03-15T18:27:40.091+0000] {dag.py:3834} INFO - Setting next_dagrun for example_bash_operator to 2026-03-14 00:00:00+00:00, run_after=2026-03-15 00:00:00+00:00
[2026-03-15T18:27:40.106+0000] {processor.py:183} INFO - Processing /home/airflow/.local/lib/python3.11/site-packages/airflow/example_dags/example_bash_operator.py took 0.067 seconds
[2026-03-15T18:28:11.003+0000] {processor.py:161} INFO - Started process (PID=1454) to work on /home/airflow/.local/lib/python3.11/site-packages/airflow/example_dags/example_bash_operator.py
[2026-03-15T18:28:11.006+0000] {processor.py:830} INFO - Processing file /home/airflow/.local/lib/python3.11/site-packages/airflow/example_dags/example_bash_operator.py for tasks to queue
[2026-03-15T18:28:11.019+0000] {logging_mixin.py:188} INFO - [2026-03-15T18:28:11.018+0000] {dagbag.py:540} INFO - Filling up the DagBag from /home/airflow/.local/lib/python3.11/site-packages/airflow/example_dags/example_bash_operator.py
[2026-03-15T18:28:11.049+0000] {processor.py:840} INFO - DAG(s) 'example_bash_operator' retrieved from /home/airflow/.local/lib/python3.11/site-packages/airflow/example_dags/example_bash_operator.py
[2026-03-15T18:28:11.099+0000] {logging_mixin.py:188} INFO - [2026-03-15T18:28:11.098+0000] {dag.py:3047} INFO - Sync 1 DAGs
[2026-03-15T18:28:11.162+0000] {logging_mixin.py:188} INFO - [2026-03-15T18:28:11.161+0000] {dag.py:3834} INFO - Setting next_dagrun for example_bash_operator to 2026-03-14 00:00:00+00:00, run_after=2026-03-15 00:00:00+00:00
[2026-03-15T18:28:11.215+0000] {processor.py:183} INFO - Processing /home/airflow/.local/lib/python3.11/site-packages/airflow/example_dags/example_bash_operator.py took 0.219 seconds
[2026-03-15T18:28:41.718+0000] {processor.py:161} INFO - Started process (PID=1506) to work on /home/airflow/.local/lib/python3.11/site-packages/airflow/example_dags/example_bash_operator.py
[2026-03-15T18:28:41.719+0000] {processor.py:830} INFO - Processing file /home/airflow/.local/lib/python3.11/site-packages/airflow/example_dags/example_bash_operator.py for tasks to queue
[2026-03-15T18:28:41.721+0000] {logging_mixin.py:188} INFO - [2026-03-15T18:28:41.721+0000] {dagbag.py:540} INFO - Filling up the DagBag from /home/airflow/.local/lib/python3.11/site-packages/airflow/example_dags/example_bash_operator.py
[2026-03-15T18:28:41.729+0000] {processor.py:840} INFO - DAG(s) 'example_bash_operator' retrieved from /home/airflow/.local/lib/python3.11/site-packages/airflow/example_dags/example_bash_operator.py
[2026-03-15T18:28:41.746+0000] {logging_mixin.py:188} INFO - [2026-03-15T18:28:41.746+0000] {dag.py:3047} INFO - Sync 1 DAGs
[2026-03-15T18:28:41.760+0000] {logging_mixin.py:188} INFO - [2026-03-15T18:28:41.760+0000] {dag.py:3834} INFO - Setting next_dagrun for example_bash_operator to 2026-03-14 00:00:00+00:00, run_after=2026-03-15 00:00:00+00:00
[2026-03-15T18:28:41.777+0000] {processor.py:183} INFO - Processing /home/airflow/.local/lib/python3.11/site-packages/airflow/example_dags/example_bash_operator.py took 0.062 seconds
[2026-03-15T18:28:44.986+0000] {processor.py:161} INFO - Started process (PID=1554) to work on /home/airflow/.local/lib/python3.11/site-packages/airflow/example_dags/example_bash_operator.py
[2026-03-15T18:28:44.987+0000] {processor.py:830} INFO - Processing file /home/airflow/.local/lib/python3.11/site-packages/airflow/example_dags/example_bash_operator.py for tasks to queue
[2026-03-15T18:28:44.988+0000] {logging_mixin.py:188} INFO - [2026-03-15T18:28:44.988+0000] {dagbag.py:540} INFO - Filling up the DagBag from /home/airflow/.local/lib/python3.11/site-packages/airflow/example_dags/example_bash_operator.py
[2026-03-15T18:28:44.996+0000] {processor.py:840} INFO - DAG(s) 'example_bash_operator' retrieved from /home/airflow/.local/lib/python3.11/site-packages/airflow/example_dags/example_bash_operator.py
[2026-03-15T18:28:45.014+0000] {logging_mixin.py:188} INFO - [2026-03-15T18:28:45.014+0000] {dag.py:3047} INFO - Sync 1 DAGs
[2026-03-15T18:28:45.028+0000] {logging_mixin.py:188} INFO - [2026-03-15T18:28:45.028+0000] {dag.py:3834} INFO - Setting next_dagrun for example_bash_operator to 2026-03-14 00:00:00+00:00, run_after=2026-03-15 00:00:00+00:00
[2026-03-15T18:28:45.042+0000] {processor.py:183} INFO - Processing /home/airflow/.local/lib/python3.11/site-packages/airflow/example_dags/example_bash_operator.py took 0.059 seconds
[2026-03-15T18:29:15.380+0000] {processor.py:161} INFO - Started process (PID=1606) to work on /home/airflow/.local/lib/python3.11/site-packages/airflow/example_dags/example_bash_operator.py
[2026-03-15T18:29:15.383+0000] {processor.py:830} INFO - Processing file /home/airflow/.local/lib/python3.11/site-packages/airflow/example_dags/example_bash_operator.py for tasks to queue
[2026-03-15T18:29:15.387+0000] {logging_mixin.py:188} INFO - [2026-03-15T18:29:15.386+0000] {dagbag.py:540} INFO - Filling up the DagBag from /home/airflow/.local/lib/python3.11/site-packages/airflow/example_dags/example_bash_operator.py
[2026-03-15T18:29:15.398+0000] {processor.py:840} INFO - DAG(s) 'example_bash_operator' retrieved from /home/airflow/.local/lib/python3.11/site-packages/airflow/example_dags/example_bash_operator.py
[2026-03-15T18:29:15.416+0000] {logging_mixin.py:188} INFO - [2026-03-15T18:29:15.416+0000] {dag.py:3047} INFO - Sync 1 DAGs
[2026-03-15T18:29:15.433+0000] {logging_mixin.py:188} INFO - [2026-03-15T18:29:15.433+0000] {dag.py:3834} INFO - Setting next_dagrun for example_bash_operator to 2026-03-14 00:00:00+00:00, run_after=2026-03-15 00:00:00+00:00
[2026-03-15T18:29:15.449+0000] {processor.py:183} INFO - Processing /home/airflow/.local/lib/python3.11/site-packages/airflow/example_dags/example_bash_operator.py took 0.074 seconds
[2026-03-15T18:29:17.038+0000] {processor.py:161} INFO - Started process (PID=1637) to work on /home/airflow/.local/lib/python3.11/site-packages/airflow/example_dags/example_bash_operator.py
[2026-03-15T18:29:17.039+0000] {processor.py:830} INFO - Processing file /home/airflow/.local/lib/python3.11/site-packages/airflow/example_dags/example_bash_operator.py for tasks to queue
[2026-03-15T18:29:17.041+0000] {logging_mixin.py:188} INFO - [2026-03-15T18:29:17.041+0000] {dagbag.py:540} INFO - Filling up the DagBag from /home/airflow/.local/lib/python3.11/site-packages/airflow/example_dags/example_bash_operator.py
[2026-03-15T18:29:17.049+0000] {processor.py:840} INFO - DAG(s) 'example_bash_operator' retrieved from /home/airflow/.local/lib/python3.11/site-packages/airflow/example_dags/example_bash_operator.py
[2026-03-15T18:29:17.068+0000] {logging_mixin.py:188} INFO - [2026-03-15T18:29:17.068+0000] {dag.py:3047} INFO - Sync 1 DAGs
[2026-03-15T18:29:17.085+0000] {logging_mixin.py:188} INFO - [2026-03-15T18:29:17.085+0000] {dag.py:3834} INFO - Setting next_dagrun for example_bash_operator to 2026-03-14 00:00:00+00:00, run_after=2026-03-15 00:00:00+00:00
[2026-03-15T18:29:17.099+0000] {processor.py:183} INFO - Processing /home/airflow/.local/lib/python3.11/site-packages/airflow/example_dags/example_bash_operator.py took 0.063 seconds
[2026-03-15T18:29:19.960+0000] {processor.py:161} INFO - Started process (PID=1677) to work on /home/airflow/.local/lib/python3.11/site-packages/airflow/example_dags/example_bash_operator.py
[2026-03-15T18:29:19.961+0000] {processor.py:830} INFO - Processing file /home/airflow/.local/lib/python3.11/site-packages/airflow/example_dags/example_bash_operator.py for tasks to queue
[2026-03-15T18:29:19.962+0000] {logging_mixin.py:188} INFO - [2026-03-15T18:29:19.962+0000] {dagbag.py:540} INFO - Filling up the DagBag from /home/airflow/.local/lib/python3.11/site-packages/airflow/example_dags/example_bash_operator.py
[2026-03-15T18:29:19.972+0000] {processor.py:840} INFO - DAG(s) 'example_bash_operator' retrieved from /home/airflow/.local/lib/python3.11/site-packages/airflow/example_dags/example_bash_operator.py
[2026-03-15T18:29:19.990+0000] {logging_mixin.py:188} INFO - [2026-03-15T18:29:19.989+0000] {dag.py:3047} INFO - Sync 1 DAGs
[2026-03-15T18:29:20.004+0000] {logging_mixin.py:188} INFO - [2026-03-15T18:29:20.004+0000] {dag.py:3834} INFO - Setting next_dagrun for example_bash_operator to 2026-03-14 00:00:00+00:00, run_after=2026-03-15 00:00:00+00:00
[2026-03-15T18:29:20.018+0000] {processor.py:183} INFO - Processing /home/airflow/.local/lib/python3.11/site-packages/airflow/example_dags/example_bash_operator.py took 0.061 seconds
[2026-03-15T18:29:50.051+0000] {processor.py:161} INFO - Started process (PID=1724) to work on /home/airflow/.local/lib/python3.11/site-packages/airflow/example_dags/example_bash_operator.py
[2026-03-15T18:29:50.052+0000] {processor.py:830} INFO - Processing file /home/airflow/.local/lib/python3.11/site-packages/airflow/example_dags/example_bash_operator.py for tasks to queue
[2026-03-15T18:29:50.053+0000] {logging_mixin.py:188} INFO - [2026-03-15T18:29:50.053+0000] {dagbag.py:540} INFO - Filling up the DagBag from /home/airflow/.local/lib/python3.11/site-packages/airflow/example_dags/example_bash_operator.py
[2026-03-15T18:29:50.061+0000] {processor.py:840} INFO - DAG(s) 'example_bash_operator' retrieved from /home/airflow/.local/lib/python3.11/site-packages/airflow/example_dags/example_bash_operator.py
[2026-03-15T18:29:50.077+0000] {logging_mixin.py:188} INFO - [2026-03-15T18:29:50.077+0000] {dag.py:3047} INFO - Sync 1 DAGs
[2026-03-15T18:29:50.092+0000] {logging_mixin.py:188} INFO - [2026-03-15T18:29:50.092+0000] {dag.py:3834} INFO - Setting next_dagrun for example_bash_operator to 2026-03-14 00:00:00+00:00, run_after=2026-03-15 00:00:00+00:00
[2026-03-15T18:29:50.105+0000] {processor.py:183} INFO - Processing /home/airflow/.local/lib/python3.11/site-packages/airflow/example_dags/example_bash_operator.py took 0.056 seconds
[2026-03-15T18:29:55.355+0000] {processor.py:161} INFO - Started process (PID=1771) to work on /home/airflow/.local/lib/python3.11/site-packages/airflow/example_dags/example_bash_operator.py
[2026-03-15T18:29:55.356+0000] {processor.py:830} INFO - Processing file /home/airflow/.local/lib/python3.11/site-packages/airflow/example_dags/example_bash_operator.py for tasks to queue
[2026-03-15T18:29:55.358+0000] {logging_mixin.py:188} INFO - [2026-03-15T18:29:55.357+0000] {dagbag.py:540} INFO - Filling up the DagBag from /home/airflow/.local/lib/python3.11/site-packages/airflow/example_dags/example_bash_operator.py
[2026-03-15T18:29:55.368+0000] {processor.py:840} INFO - DAG(s) 'example_bash_operator' retrieved from /home/airflow/.local/lib/python3.11/site-packages/airflow/example_dags/example_bash_operator.py
[2026-03-15T18:29:55.389+0000] {logging_mixin.py:188} INFO - [2026-03-15T18:29:55.388+0000] {dag.py:3047} INFO - Sync 1 DAGs
[2026-03-15T18:29:55.408+0000] {logging_mixin.py:188} INFO - [2026-03-15T18:29:55.408+0000] {dag.py:3834} INFO - Setting next_dagrun for example_bash_operator to 2026-03-14 00:00:00+00:00, run_after=2026-03-15 00:00:00+00:00
[2026-03-15T18:29:55.428+0000] {processor.py:183} INFO - Processing /home/airflow/.local/lib/python3.11/site-packages/airflow/example_dags/example_bash_operator.py took 0.076 seconds
[2026-03-15T18:31:04.471+0000] {processor.py:161} INFO - Started process (PID=57) to work on /home/airflow/.local/lib/python3.11/site-packages/airflow/example_dags/example_bash_operator.py
[2026-03-15T18:31:04.473+0000] {processor.py:830} INFO - Processing file /home/airflow/.local/lib/python3.11/site-packages/airflow/example_dags/example_bash_operator.py for tasks to queue
[2026-03-15T18:31:04.475+0000] {logging_mixin.py:188} INFO - [2026-03-15T18:31:04.474+0000] {dagbag.py:540} INFO - Filling up the DagBag from /home/airflow/.local/lib/python3.11/site-packages/airflow/example_dags/example_bash_operator.py
[2026-03-15T18:31:04.487+0000] {processor.py:840} INFO - DAG(s) 'example_bash_operator' retrieved from /home/airflow/.local/lib/python3.11/site-packages/airflow/example_dags/example_bash_operator.py
[2026-03-15T18:31:04.498+0000] {logging_mixin.py:188} INFO - [2026-03-15T18:31:04.497+0000] {dag.py:3047} INFO - Sync 1 DAGs
[2026-03-15T18:31:04.522+0000] {logging_mixin.py:188} INFO - [2026-03-15T18:31:04.521+0000] {dag.py:3834} INFO - Setting next_dagrun for example_bash_operator to 2026-03-14 00:00:00+00:00, run_after=2026-03-15 00:00:00+00:00
[2026-03-15T18:31:04.538+0000] {processor.py:183} INFO - Processing /home/airflow/.local/lib/python3.11/site-packages/airflow/example_dags/example_bash_operator.py took 0.070 seconds
[2026-03-15T18:32:06.973+0000] {processor.py:161} INFO - Started process (PID=57) to work on /home/airflow/.local/lib/python3.11/site-packages/airflow/example_dags/example_bash_operator.py
[2026-03-15T18:32:06.977+0000] {processor.py:830} INFO - Processing file /home/airflow/.local/lib/python3.11/site-packages/airflow/example_dags/example_bash_operator.py for tasks to queue
[2026-03-15T18:32:06.980+0000] {logging_mixin.py:188} INFO - [2026-03-15T18:32:06.979+0000] {dagbag.py:540} INFO - Filling up the DagBag from /home/airflow/.local/lib/python3.11/site-packages/airflow/example_dags/example_bash_operator.py
[2026-03-15T18:32:06.994+0000] {processor.py:840} INFO - DAG(s) 'example_bash_operator' retrieved from /home/airflow/.local/lib/python3.11/site-packages/airflow/example_dags/example_bash_operator.py
[2026-03-15T18:32:07.004+0000] {logging_mixin.py:188} INFO - [2026-03-15T18:32:07.004+0000] {dag.py:3047} INFO - Sync 1 DAGs
[2026-03-15T18:32:07.033+0000] {logging_mixin.py:188} INFO - [2026-03-15T18:32:07.033+0000] {dag.py:3834} INFO - Setting next_dagrun for example_bash_operator to 2026-03-14 00:00:00+00:00, run_after=2026-03-15 00:00:00+00:00
[2026-03-15T18:32:07.053+0000] {processor.py:183} INFO - Processing /home/airflow/.local/lib/python3.11/site-packages/airflow/example_dags/example_bash_operator.py took 0.084 seconds
[2026-03-15T18:32:15.735+0000] {processor.py:161} INFO - Started process (PID=113) to work on /home/airflow/.local/lib/python3.11/site-packages/airflow/example_dags/example_bash_operator.py
[2026-03-15T18:32:15.736+0000] {processor.py:830} INFO - Processing file /home/airflow/.local/lib/python3.11/site-packages/airflow/example_dags/example_bash_operator.py for tasks to queue
[2026-03-15T18:32:15.738+0000] {logging_mixin.py:188} INFO - [2026-03-15T18:32:15.738+0000] {dagbag.py:540} INFO - Filling up the DagBag from /home/airflow/.local/lib/python3.11/site-packages/airflow/example_dags/example_bash_operator.py
[2026-03-15T18:32:15.748+0000] {processor.py:840} INFO - DAG(s) 'example_bash_operator' retrieved from /home/airflow/.local/lib/python3.11/site-packages/airflow/example_dags/example_bash_operator.py
[2026-03-15T18:32:15.758+0000] {logging_mixin.py:188} INFO - [2026-03-15T18:32:15.758+0000] {dag.py:3047} INFO - Sync 1 DAGs
[2026-03-15T18:32:15.775+0000] {logging_mixin.py:188} INFO - [2026-03-15T18:32:15.775+0000] {dag.py:3834} INFO - Setting next_dagrun for example_bash_operator to 2026-03-14 00:00:00+00:00, run_after=2026-03-15 00:00:00+00:00
[2026-03-15T18:32:15.791+0000] {processor.py:183} INFO - Processing /home/airflow/.local/lib/python3.11/site-packages/airflow/example_dags/example_bash_operator.py took 0.059 seconds
[2026-03-15T18:33:09.764+0000] {processor.py:161} INFO - Started process (PID=163) to work on /home/airflow/.local/lib/python3.11/site-packages/airflow/example_dags/example_bash_operator.py
[2026-03-15T18:33:09.765+0000] {processor.py:830} INFO - Processing file /home/airflow/.local/lib/python3.11/site-packages/airflow/example_dags/example_bash_operator.py for tasks to queue
[2026-03-15T18:33:09.766+0000] {logging_mixin.py:188} INFO - [2026-03-15T18:33:09.766+0000] {dagbag.py:540} INFO - Filling up the DagBag from /home/airflow/.local/lib/python3.11/site-packages/airflow/example_dags/example_bash_operator.py
[2026-03-15T18:33:09.776+0000] {processor.py:840} INFO - DAG(s) 'example_bash_operator' retrieved from /home/airflow/.local/lib/python3.11/site-packages/airflow/example_dags/example_bash_operator.py
[2026-03-15T18:33:09.847+0000] {logging_mixin.py:188} INFO - [2026-03-15T18:33:09.846+0000] {dag.py:3047} INFO - Sync 1 DAGs
[2026-03-15T18:33:09.862+0000] {logging_mixin.py:188} INFO - [2026-03-15T18:33:09.862+0000] {dag.py:3834} INFO - Setting next_dagrun for example_bash_operator to 2026-03-14 00:00:00+00:00, run_after=2026-03-15 00:00:00+00:00
[2026-03-15T18:33:09.876+0000] {processor.py:183} INFO - Processing /home/airflow/.local/lib/python3.11/site-packages/airflow/example_dags/example_bash_operator.py took 0.116 seconds
[2026-03-15T18:33:17.098+0000] {processor.py:161} INFO - Started process (PID=223) to work on /home/airflow/.local/lib/python3.11/site-packages/airflow/example_dags/example_bash_operator.py
[2026-03-15T18:33:17.099+0000] {processor.py:830} INFO - Processing file /home/airflow/.local/lib/python3.11/site-packages/airflow/example_dags/example_bash_operator.py for tasks to queue
[2026-03-15T18:33:17.101+0000] {logging_mixin.py:188} INFO - [2026-03-15T18:33:17.101+0000] {dagbag.py:540} INFO - Filling up the DagBag from /home/airflow/.local/lib/python3.11/site-packages/airflow/example_dags/example_bash_operator.py
[2026-03-15T18:33:17.110+0000] {processor.py:840} INFO - DAG(s) 'example_bash_operator' retrieved from /home/airflow/.local/lib/python3.11/site-packages/airflow/example_dags/example_bash_operator.py
[2026-03-15T18:33:17.120+0000] {logging_mixin.py:188} INFO - [2026-03-15T18:33:17.119+0000] {dag.py:3047} INFO - Sync 1 DAGs
[2026-03-15T18:33:17.137+0000] {logging_mixin.py:188} INFO - [2026-03-15T18:33:17.137+0000] {dag.py:3834} INFO - Setting next_dagrun for example_bash_operator to 2026-03-14 00:00:00+00:00, run_after=2026-03-15 00:00:00+00:00
[2026-03-15T18:33:17.151+0000] {processor.py:183} INFO - Processing /home/airflow/.local/lib/python3.11/site-packages/airflow/example_dags/example_bash_operator.py took 0.056 seconds
[2026-03-15T18:33:47.273+0000] {processor.py:161} INFO - Started process (PID=279) to work on /home/airflow/.local/lib/python3.11/site-packages/airflow/example_dags/example_bash_operator.py
[2026-03-15T18:33:47.275+0000] {processor.py:830} INFO - Processing file /home/airflow/.local/lib/python3.11/site-packages/airflow/example_dags/example_bash_operator.py for tasks to queue
[2026-03-15T18:33:47.277+0000] {logging_mixin.py:188} INFO - [2026-03-15T18:33:47.276+0000] {dagbag.py:540} INFO - Filling up the DagBag from /home/airflow/.local/lib/python3.11/site-packages/airflow/example_dags/example_bash_operator.py
[2026-03-15T18:33:47.287+0000] {processor.py:840} INFO - DAG(s) 'example_bash_operator' retrieved from /home/airflow/.local/lib/python3.11/site-packages/airflow/example_dags/example_bash_operator.py
[2026-03-15T18:33:47.308+0000] {logging_mixin.py:188} INFO - [2026-03-15T18:33:47.308+0000] {dag.py:3047} INFO - Sync 1 DAGs
[2026-03-15T18:33:47.323+0000] {logging_mixin.py:188} INFO - [2026-03-15T18:33:47.323+0000] {dag.py:3834} INFO - Setting next_dagrun for example_bash_operator to 2026-03-14 00:00:00+00:00, run_after=2026-03-15 00:00:00+00:00
[2026-03-15T18:33:47.337+0000] {processor.py:183} INFO - Processing /home/airflow/.local/lib/python3.11/site-packages/airflow/example_dags/example_bash_operator.py took 0.067 seconds
[2026-03-15T18:34:43.198+0000] {processor.py:161} INFO - Started process (PID=45) to work on /home/airflow/.local/lib/python3.11/site-packages/airflow/example_dags/example_bash_operator.py
[2026-03-15T18:34:43.200+0000] {processor.py:830} INFO - Processing file /home/airflow/.local/lib/python3.11/site-packages/airflow/example_dags/example_bash_operator.py for tasks to queue
[2026-03-15T18:34:43.202+0000] {logging_mixin.py:188} INFO - [2026-03-15T18:34:43.202+0000] {dagbag.py:540} INFO - Filling up the DagBag from /home/airflow/.local/lib/python3.11/site-packages/airflow/example_dags/example_bash_operator.py
[2026-03-15T18:34:43.220+0000] {processor.py:840} INFO - DAG(s) 'example_bash_operator' retrieved from /home/airflow/.local/lib/python3.11/site-packages/airflow/example_dags/example_bash_operator.py
[2026-03-15T18:34:43.233+0000] {logging_mixin.py:188} INFO - [2026-03-15T18:34:43.232+0000] {dag.py:3047} INFO - Sync 1 DAGs
[2026-03-15T18:34:43.256+0000] {logging_mixin.py:188} INFO - [2026-03-15T18:34:43.256+0000] {dag.py:3834} INFO - Setting next_dagrun for example_bash_operator to 2026-03-14 00:00:00+00:00, run_after=2026-03-15 00:00:00+00:00
[2026-03-15T18:34:43.273+0000] {processor.py:183} INFO - Processing /home/airflow/.local/lib/python3.11/site-packages/airflow/example_dags/example_bash_operator.py took 0.081 seconds
[2026-03-15T18:34:47.552+0000] {processor.py:161} INFO - Started process (PID=95) to work on /home/airflow/.local/lib/python3.11/site-packages/airflow/example_dags/example_bash_operator.py
[2026-03-15T18:34:47.553+0000] {processor.py:830} INFO - Processing file /home/airflow/.local/lib/python3.11/site-packages/airflow/example_dags/example_bash_operator.py for tasks to queue
[2026-03-15T18:34:47.555+0000] {logging_mixin.py:188} INFO - [2026-03-15T18:34:47.554+0000] {dagbag.py:540} INFO - Filling up the DagBag from /home/airflow/.local/lib/python3.11/site-packages/airflow/example_dags/example_bash_operator.py
[2026-03-15T18:34:47.563+0000] {processor.py:840} INFO - DAG(s) 'example_bash_operator' retrieved from /home/airflow/.local/lib/python3.11/site-packages/airflow/example_dags/example_bash_operator.py
[2026-03-15T18:34:47.572+0000] {logging_mixin.py:188} INFO - [2026-03-15T18:34:47.572+0000] {dag.py:3047} INFO - Sync 1 DAGs
[2026-03-15T18:34:47.589+0000] {logging_mixin.py:188} INFO - [2026-03-15T18:34:47.589+0000] {dag.py:3834} INFO - Setting next_dagrun for example_bash_operator to 2026-03-14 00:00:00+00:00, run_after=2026-03-15 00:00:00+00:00
[2026-03-15T18:34:47.606+0000] {processor.py:183} INFO - Processing /home/airflow/.local/lib/python3.11/site-packages/airflow/example_dags/example_bash_operator.py took 0.057 seconds
[2026-03-15T18:35:18.004+0000] {processor.py:161} INFO - Started process (PID=151) to work on /home/airflow/.local/lib/python3.11/site-packages/airflow/example_dags/example_bash_operator.py
[2026-03-15T18:35:18.005+0000] {processor.py:830} INFO - Processing file /home/airflow/.local/lib/python3.11/site-packages/airflow/example_dags/example_bash_operator.py for tasks to queue
[2026-03-15T18:35:18.008+0000] {logging_mixin.py:188} INFO - [2026-03-15T18:35:18.008+0000] {dagbag.py:540} INFO - Filling up the DagBag from /home/airflow/.local/lib/python3.11/site-packages/airflow/example_dags/example_bash_operator.py
[2026-03-15T18:35:18.017+0000] {processor.py:840} INFO - DAG(s) 'example_bash_operator' retrieved from /home/airflow/.local/lib/python3.11/site-packages/airflow/example_dags/example_bash_operator.py
[2026-03-15T18:35:18.094+0000] {logging_mixin.py:188} INFO - [2026-03-15T18:35:18.094+0000] {dag.py:3047} INFO - Sync 1 DAGs
[2026-03-15T18:35:18.112+0000] {logging_mixin.py:188} INFO - [2026-03-15T18:35:18.112+0000] {dag.py:3834} INFO - Setting next_dagrun for example_bash_operator to 2026-03-14 00:00:00+00:00, run_after=2026-03-15 00:00:00+00:00
[2026-03-15T18:35:18.130+0000] {processor.py:183} INFO - Processing /home/airflow/.local/lib/python3.11/site-packages/airflow/example_dags/example_bash_operator.py took 0.129 seconds
[2026-03-15T18:39:27.375+0000] {processor.py:161} INFO - Started process (PID=57) to work on /home/airflow/.local/lib/python3.11/site-packages/airflow/example_dags/example_bash_operator.py
[2026-03-15T18:39:27.376+0000] {processor.py:830} INFO - Processing file /home/airflow/.local/lib/python3.11/site-packages/airflow/example_dags/example_bash_operator.py for tasks to queue
[2026-03-15T18:39:27.379+0000] {logging_mixin.py:188} INFO - [2026-03-15T18:39:27.378+0000] {dagbag.py:540} INFO - Filling up the DagBag from /home/airflow/.local/lib/python3.11/site-packages/airflow/example_dags/example_bash_operator.py
[2026-03-15T18:39:27.393+0000] {processor.py:840} INFO - DAG(s) 'example_bash_operator' retrieved from /home/airflow/.local/lib/python3.11/site-packages/airflow/example_dags/example_bash_operator.py
[2026-03-15T18:39:27.406+0000] {logging_mixin.py:188} INFO - [2026-03-15T18:39:27.406+0000] {dag.py:3047} INFO - Sync 1 DAGs
[2026-03-15T18:39:27.430+0000] {logging_mixin.py:188} INFO - [2026-03-15T18:39:27.430+0000] {dag.py:3834} INFO - Setting next_dagrun for example_bash_operator to 2026-03-14 00:00:00+00:00, run_after=2026-03-15 00:00:00+00:00
[2026-03-15T18:39:27.446+0000] {processor.py:183} INFO - Processing /home/airflow/.local/lib/python3.11/site-packages/airflow/example_dags/example_bash_operator.py took 0.076 seconds
[2026-03-15T18:39:57.853+0000] {processor.py:161} INFO - Started process (PID=120) to work on /home/airflow/.local/lib/python3.11/site-packages/airflow/example_dags/example_bash_operator.py
[2026-03-15T18:39:57.855+0000] {processor.py:830} INFO - Processing file /home/airflow/.local/lib/python3.11/site-packages/airflow/example_dags/example_bash_operator.py for tasks to queue
[2026-03-15T18:39:57.857+0000] {logging_mixin.py:188} INFO - [2026-03-15T18:39:57.856+0000] {dagbag.py:540} INFO - Filling up the DagBag from /home/airflow/.local/lib/python3.11/site-packages/airflow/example_dags/example_bash_operator.py
[2026-03-15T18:39:57.867+0000] {processor.py:840} INFO - DAG(s) 'example_bash_operator' retrieved from /home/airflow/.local/lib/python3.11/site-packages/airflow/example_dags/example_bash_operator.py
[2026-03-15T18:39:57.943+0000] {logging_mixin.py:188} INFO - [2026-03-15T18:39:57.943+0000] {dag.py:3047} INFO - Sync 1 DAGs
[2026-03-15T18:39:57.958+0000] {logging_mixin.py:188} INFO - [2026-03-15T18:39:57.958+0000] {dag.py:3834} INFO - Setting next_dagrun for example_bash_operator to 2026-03-14 00:00:00+00:00, run_after=2026-03-15 00:00:00+00:00
[2026-03-15T18:39:57.988+0000] {processor.py:183} INFO - Processing /home/airflow/.local/lib/python3.11/site-packages/airflow/example_dags/example_bash_operator.py took 0.138 seconds
[2026-03-15T18:41:16.846+0000] {processor.py:161} INFO - Started process (PID=171) to work on /home/airflow/.local/lib/python3.11/site-packages/airflow/example_dags/example_bash_operator.py
[2026-03-15T18:41:16.847+0000] {processor.py:830} INFO - Processing file /home/airflow/.local/lib/python3.11/site-packages/airflow/example_dags/example_bash_operator.py for tasks to queue
[2026-03-15T18:41:16.848+0000] {logging_mixin.py:188} INFO - [2026-03-15T18:41:16.848+0000] {dagbag.py:540} INFO - Filling up the DagBag from /home/airflow/.local/lib/python3.11/site-packages/airflow/example_dags/example_bash_operator.py
[2026-03-15T18:41:16.857+0000] {processor.py:840} INFO - DAG(s) 'example_bash_operator' retrieved from /home/airflow/.local/lib/python3.11/site-packages/airflow/example_dags/example_bash_operator.py
[2026-03-15T18:41:16.875+0000] {logging_mixin.py:188} INFO - [2026-03-15T18:41:16.875+0000] {dag.py:3047} INFO - Sync 1 DAGs
[2026-03-15T18:41:16.890+0000] {logging_mixin.py:188} INFO - [2026-03-15T18:41:16.890+0000] {dag.py:3834} INFO - Setting next_dagrun for example_bash_operator to 2026-03-14 00:00:00+00:00, run_after=2026-03-15 00:00:00+00:00
[2026-03-15T18:41:16.905+0000] {processor.py:183} INFO - Processing /home/airflow/.local/lib/python3.11/site-packages/airflow/example_dags/example_bash_operator.py took 0.062 seconds
[2026-03-15T18:41:47.229+0000] {processor.py:161} INFO - Started process (PID=438) to work on /home/airflow/.local/lib/python3.11/site-packages/airflow/example_dags/example_bash_operator.py
[2026-03-15T18:41:47.232+0000] {processor.py:830} INFO - Processing file /home/airflow/.local/lib/python3.11/site-packages/airflow/example_dags/example_bash_operator.py for tasks to queue
[2026-03-15T18:41:47.233+0000] {logging_mixin.py:188} INFO - [2026-03-15T18:41:47.233+0000] {dagbag.py:540} INFO - Filling up the DagBag from /home/airflow/.local/lib/python3.11/site-packages/airflow/example_dags/example_bash_operator.py
[2026-03-15T18:41:47.242+0000] {processor.py:840} INFO - DAG(s) 'example_bash_operator' retrieved from /home/airflow/.local/lib/python3.11/site-packages/airflow/example_dags/example_bash_operator.py
[2026-03-15T18:41:47.262+0000] {logging_mixin.py:188} INFO - [2026-03-15T18:41:47.261+0000] {dag.py:3047} INFO - Sync 1 DAGs
[2026-03-15T18:41:47.277+0000] {logging_mixin.py:188} INFO - [2026-03-15T18:41:47.276+0000] {dag.py:3834} INFO - Setting next_dagrun for example_bash_operator to 2026-03-14 00:00:00+00:00, run_after=2026-03-15 00:00:00+00:00
[2026-03-15T18:41:47.291+0000] {processor.py:183} INFO - Processing /home/airflow/.local/lib/python3.11/site-packages/airflow/example_dags/example_bash_operator.py took 0.065 seconds
[2026-03-15T18:43:07.076+0000] {processor.py:161} INFO - Started process (PID=494) to work on /home/airflow/.local/lib/python3.11/site-packages/airflow/example_dags/example_bash_operator.py
[2026-03-15T18:43:07.077+0000] {processor.py:830} INFO - Processing file /home/airflow/.local/lib/python3.11/site-packages/airflow/example_dags/example_bash_operator.py for tasks to queue
[2026-03-15T18:43:07.079+0000] {logging_mixin.py:188} INFO - [2026-03-15T18:43:07.079+0000] {dagbag.py:540} INFO - Filling up the DagBag from /home/airflow/.local/lib/python3.11/site-packages/airflow/example_dags/example_bash_operator.py
[2026-03-15T18:43:07.089+0000] {processor.py:840} INFO - DAG(s) 'example_bash_operator' retrieved from /home/airflow/.local/lib/python3.11/site-packages/airflow/example_dags/example_bash_operator.py
[2026-03-15T18:43:07.111+0000] {logging_mixin.py:188} INFO - [2026-03-15T18:43:07.111+0000] {dag.py:3047} INFO - Sync 1 DAGs
[2026-03-15T18:43:07.131+0000] {logging_mixin.py:188} INFO - [2026-03-15T18:43:07.131+0000] {dag.py:3834} INFO - Setting next_dagrun for example_bash_operator to 2026-03-14 00:00:00+00:00, run_after=2026-03-15 00:00:00+00:00
[2026-03-15T18:42:17.963+0000] {processor.py:183} INFO - Processing /home/airflow/.local/lib/python3.11/site-packages/airflow/example_dags/example_bash_operator.py took 0.084 seconds
[2026-03-15T18:42:28.153+0000] {processor.py:161} INFO - Started process (PID=535) to work on /home/airflow/.local/lib/python3.11/site-packages/airflow/example_dags/example_bash_operator.py
[2026-03-15T18:42:28.154+0000] {processor.py:830} INFO - Processing file /home/airflow/.local/lib/python3.11/site-packages/airflow/example_dags/example_bash_operator.py for tasks to queue
[2026-03-15T18:42:28.162+0000] {logging_mixin.py:188} INFO - [2026-03-15T18:42:28.159+0000] {dagbag.py:540} INFO - Filling up the DagBag from /home/airflow/.local/lib/python3.11/site-packages/airflow/example_dags/example_bash_operator.py
[2026-03-15T18:42:28.173+0000] {processor.py:840} INFO - DAG(s) 'example_bash_operator' retrieved from /home/airflow/.local/lib/python3.11/site-packages/airflow/example_dags/example_bash_operator.py
[2026-03-15T18:42:28.194+0000] {logging_mixin.py:188} INFO - [2026-03-15T18:42:28.194+0000] {dag.py:3047} INFO - Sync 1 DAGs
[2026-03-15T18:42:28.219+0000] {logging_mixin.py:188} INFO - [2026-03-15T18:42:28.219+0000] {dag.py:3834} INFO - Setting next_dagrun for example_bash_operator to 2026-03-14 00:00:00+00:00, run_after=2026-03-15 00:00:00+00:00
[2026-03-15T18:42:28.237+0000] {processor.py:183} INFO - Processing /home/airflow/.local/lib/python3.11/site-packages/airflow/example_dags/example_bash_operator.py took 0.087 seconds
[2026-03-15T18:42:58.349+0000] {processor.py:161} INFO - Started process (PID=583) to work on /home/airflow/.local/lib/python3.11/site-packages/airflow/example_dags/example_bash_operator.py
[2026-03-15T18:42:58.350+0000] {processor.py:830} INFO - Processing file /home/airflow/.local/lib/python3.11/site-packages/airflow/example_dags/example_bash_operator.py for tasks to queue
[2026-03-15T18:42:58.353+0000] {logging_mixin.py:188} INFO - [2026-03-15T18:42:58.352+0000] {dagbag.py:540} INFO - Filling up the DagBag from /home/airflow/.local/lib/python3.11/site-packages/airflow/example_dags/example_bash_operator.py
[2026-03-15T18:42:58.363+0000] {processor.py:840} INFO - DAG(s) 'example_bash_operator' retrieved from /home/airflow/.local/lib/python3.11/site-packages/airflow/example_dags/example_bash_operator.py
[2026-03-15T18:42:58.383+0000] {logging_mixin.py:188} INFO - [2026-03-15T18:42:58.383+0000] {dag.py:3047} INFO - Sync 1 DAGs
[2026-03-15T18:42:58.398+0000] {logging_mixin.py:188} INFO - [2026-03-15T18:42:58.398+0000] {dag.py:3834} INFO - Setting next_dagrun for example_bash_operator to 2026-03-14 00:00:00+00:00, run_after=2026-03-15 00:00:00+00:00
[2026-03-15T18:42:58.410+0000] {processor.py:183} INFO - Processing /home/airflow/.local/lib/python3.11/site-packages/airflow/example_dags/example_bash_operator.py took 0.064 seconds
[2026-03-15T18:43:28.478+0000] {processor.py:161} INFO - Started process (PID=633) to work on /home/airflow/.local/lib/python3.11/site-packages/airflow/example_dags/example_bash_operator.py
[2026-03-15T18:43:28.481+0000] {processor.py:830} INFO - Processing file /home/airflow/.local/lib/python3.11/site-packages/airflow/example_dags/example_bash_operator.py for tasks to queue
[2026-03-15T18:43:28.486+0000] {logging_mixin.py:188} INFO - [2026-03-15T18:43:28.485+0000] {dagbag.py:540} INFO - Filling up the DagBag from /home/airflow/.local/lib/python3.11/site-packages/airflow/example_dags/example_bash_operator.py
[2026-03-15T18:43:28.526+0000] {processor.py:840} INFO - DAG(s) 'example_bash_operator' retrieved from /home/airflow/.local/lib/python3.11/site-packages/airflow/example_dags/example_bash_operator.py
[2026-03-15T18:43:28.574+0000] {logging_mixin.py:188} INFO - [2026-03-15T18:43:28.573+0000] {dag.py:3047} INFO - Sync 1 DAGs
[2026-03-15T18:43:28.620+0000] {logging_mixin.py:188} INFO - [2026-03-15T18:43:28.620+0000] {dag.py:3834} INFO - Setting next_dagrun for example_bash_operator to 2026-03-14 00:00:00+00:00, run_after=2026-03-15 00:00:00+00:00
[2026-03-15T18:43:28.652+0000] {processor.py:183} INFO - Processing /home/airflow/.local/lib/python3.11/site-packages/airflow/example_dags/example_bash_operator.py took 0.193 seconds
[2026-03-15T18:43:33.216+0000] {processor.py:161} INFO - Started process (PID=689) to work on /home/airflow/.local/lib/python3.11/site-packages/airflow/example_dags/example_bash_operator.py
[2026-03-15T18:43:33.218+0000] {processor.py:830} INFO - Processing file /home/airflow/.local/lib/python3.11/site-packages/airflow/example_dags/example_bash_operator.py for tasks to queue
[2026-03-15T18:43:33.220+0000] {logging_mixin.py:188} INFO - [2026-03-15T18:43:33.220+0000] {dagbag.py:540} INFO - Filling up the DagBag from /home/airflow/.local/lib/python3.11/site-packages/airflow/example_dags/example_bash_operator.py
[2026-03-15T18:43:33.229+0000] {processor.py:840} INFO - DAG(s) 'example_bash_operator' retrieved from /home/airflow/.local/lib/python3.11/site-packages/airflow/example_dags/example_bash_operator.py
[2026-03-15T18:43:33.248+0000] {logging_mixin.py:188} INFO - [2026-03-15T18:43:33.248+0000] {dag.py:3047} INFO - Sync 1 DAGs
[2026-03-15T18:43:33.264+0000] {logging_mixin.py:188} INFO - [2026-03-15T18:43:33.264+0000] {dag.py:3834} INFO - Setting next_dagrun for example_bash_operator to 2026-03-14 00:00:00+00:00, run_after=2026-03-15 00:00:00+00:00
[2026-03-15T18:43:33.279+0000] {processor.py:183} INFO - Processing /home/airflow/.local/lib/python3.11/site-packages/airflow/example_dags/example_bash_operator.py took 0.065 seconds
[2026-03-15T18:44:03.568+0000] {processor.py:161} INFO - Started process (PID=742) to work on /home/airflow/.local/lib/python3.11/site-packages/airflow/example_dags/example_bash_operator.py
[2026-03-15T18:44:03.568+0000] {processor.py:830} INFO - Processing file /home/airflow/.local/lib/python3.11/site-packages/airflow/example_dags/example_bash_operator.py for tasks to queue
[2026-03-15T18:44:03.570+0000] {logging_mixin.py:188} INFO - [2026-03-15T18:44:03.570+0000] {dagbag.py:540} INFO - Filling up the DagBag from /home/airflow/.local/lib/python3.11/site-packages/airflow/example_dags/example_bash_operator.py
[2026-03-15T18:44:03.579+0000] {processor.py:840} INFO - DAG(s) 'example_bash_operator' retrieved from /home/airflow/.local/lib/python3.11/site-packages/airflow/example_dags/example_bash_operator.py
[2026-03-15T18:44:03.596+0000] {logging_mixin.py:188} INFO - [2026-03-15T18:44:03.596+0000] {dag.py:3047} INFO - Sync 1 DAGs
[2026-03-15T18:44:03.613+0000] {logging_mixin.py:188} INFO - [2026-03-15T18:44:03.612+0000] {dag.py:3834} INFO - Setting next_dagrun for example_bash_operator to 2026-03-14 00:00:00+00:00, run_after=2026-03-15 00:00:00+00:00
[2026-03-15T18:44:03.626+0000] {processor.py:183} INFO - Processing /home/airflow/.local/lib/python3.11/site-packages/airflow/example_dags/example_bash_operator.py took 0.061 seconds
[2026-03-15T18:44:33.701+0000] {processor.py:161} INFO - Started process (PID=795) to work on /home/airflow/.local/lib/python3.11/site-packages/airflow/example_dags/example_bash_operator.py
[2026-03-15T18:44:33.705+0000] {processor.py:830} INFO - Processing file /home/airflow/.local/lib/python3.11/site-packages/airflow/example_dags/example_bash_operator.py for tasks to queue
[2026-03-15T18:44:33.708+0000] {logging_mixin.py:188} INFO - [2026-03-15T18:44:33.708+0000] {dagbag.py:540} INFO - Filling up the DagBag from /home/airflow/.local/lib/python3.11/site-packages/airflow/example_dags/example_bash_operator.py
[2026-03-15T18:44:33.720+0000] {processor.py:840} INFO - DAG(s) 'example_bash_operator' retrieved from /home/airflow/.local/lib/python3.11/site-packages/airflow/example_dags/example_bash_operator.py
[2026-03-15T18:44:33.768+0000] {logging_mixin.py:188} INFO - [2026-03-15T18:44:33.767+0000] {dag.py:3047} INFO - Sync 1 DAGs
[2026-03-15T18:44:33.800+0000] {logging_mixin.py:188} INFO - [2026-03-15T18:44:33.800+0000] {dag.py:3834} INFO - Setting next_dagrun for example_bash_operator to 2026-03-14 00:00:00+00:00, run_after=2026-03-15 00:00:00+00:00
[2026-03-15T18:44:33.824+0000] {processor.py:183} INFO - Processing /home/airflow/.local/lib/python3.11/site-packages/airflow/example_dags/example_bash_operator.py took 0.128 seconds
[2026-03-15T18:44:47.414+0000] {processor.py:161} INFO - Started process (PID=845) to work on /home/airflow/.local/lib/python3.11/site-packages/airflow/example_dags/example_bash_operator.py
[2026-03-15T18:44:47.415+0000] {processor.py:830} INFO - Processing file /home/airflow/.local/lib/python3.11/site-packages/airflow/example_dags/example_bash_operator.py for tasks to queue
[2026-03-15T18:44:47.416+0000] {logging_mixin.py:188} INFO - [2026-03-15T18:44:47.416+0000] {dagbag.py:540} INFO - Filling up the DagBag from /home/airflow/.local/lib/python3.11/site-packages/airflow/example_dags/example_bash_operator.py
[2026-03-15T18:44:47.426+0000] {processor.py:840} INFO - DAG(s) 'example_bash_operator' retrieved from /home/airflow/.local/lib/python3.11/site-packages/airflow/example_dags/example_bash_operator.py
[2026-03-15T18:44:47.447+0000] {logging_mixin.py:188} INFO - [2026-03-15T18:44:47.446+0000] {dag.py:3047} INFO - Sync 1 DAGs
[2026-03-15T18:44:47.463+0000] {logging_mixin.py:188} INFO - [2026-03-15T18:44:47.463+0000] {dag.py:3834} INFO - Setting next_dagrun for example_bash_operator to 2026-03-14 00:00:00+00:00, run_after=2026-03-15 00:00:00+00:00
[2026-03-15T18:44:47.478+0000] {processor.py:183} INFO - Processing /home/airflow/.local/lib/python3.11/site-packages/airflow/example_dags/example_bash_operator.py took 0.068 seconds
