[2026-03-15T17:05:01.382+0000] {processor.py:161} INFO - Started process (PID=108) to work on /home/airflow/.local/lib/python3.11/site-packages/airflow/example_dags/example_branch_day_of_week_operator.py
[2026-03-15T17:05:01.383+0000] {processor.py:830} INFO - Processing file /home/airflow/.local/lib/python3.11/site-packages/airflow/example_dags/example_branch_day_of_week_operator.py for tasks to queue
[2026-03-15T17:05:01.386+0000] {logging_mixin.py:188} INFO - [2026-03-15T17:05:01.385+0000] {dagbag.py:540} INFO - Filling up the DagBag from /home/airflow/.local/lib/python3.11/site-packages/airflow/example_dags/example_branch_day_of_week_operator.py
[2026-03-15T17:05:01.394+0000] {processor.py:840} INFO - DAG(s) 'example_weekday_branch_operator' retrieved from /home/airflow/.local/lib/python3.11/site-packages/airflow/example_dags/example_branch_day_of_week_operator.py
[2026-03-15T17:05:01.407+0000] {logging_mixin.py:188} INFO - [2026-03-15T17:05:01.407+0000] {dag.py:3047} INFO - Sync 1 DAGs
[2026-03-15T17:05:01.431+0000] {logging_mixin.py:188} INFO - [2026-03-15T17:05:01.431+0000] {dag.py:3834} INFO - Setting next_dagrun for example_weekday_branch_operator to 2026-03-14 00:00:00+00:00, run_after=2026-03-15 00:00:00+00:00
[2026-03-15T17:05:01.459+0000] {processor.py:183} INFO - Processing /home/airflow/.local/lib/python3.11/site-packages/airflow/example_dags/example_branch_day_of_week_operator.py took 0.080 seconds
[2026-03-15T17:06:23.056+0000] {processor.py:161} INFO - Started process (PID=164) to work on /home/airflow/.local/lib/python3.11/site-packages/airflow/example_dags/example_branch_day_of_week_operator.py
[2026-03-15T17:06:23.057+0000] {processor.py:830} INFO - Processing file /home/airflow/.local/lib/python3.11/site-packages/airflow/example_dags/example_branch_day_of_week_operator.py for tasks to queue
[2026-03-15T17:06:23.059+0000] {logging_mixin.py:188} INFO - [2026-03-15T17:06:23.059+0000] {dagbag.py:540} INFO - Filling up the DagBag from /home/airflow/.local/lib/python3.11/site-packages/airflow/example_dags/example_branch_day_of_week_operator.py
[2026-03-15T17:06:23.065+0000] {processor.py:840} INFO - DAG(s) 'example_weekday_branch_operator' retrieved from /home/airflow/.local/lib/python3.11/site-packages/airflow/example_dags/example_branch_day_of_week_operator.py
[2026-03-15T17:06:23.140+0000] {logging_mixin.py:188} INFO - [2026-03-15T17:06:23.140+0000] {dag.py:3047} INFO - Sync 1 DAGs
[2026-03-15T17:06:23.155+0000] {logging_mixin.py:188} INFO - [2026-03-15T17:06:23.155+0000] {dag.py:3834} INFO - Setting next_dagrun for example_weekday_branch_operator to 2026-03-14 00:00:00+00:00, run_after=2026-03-15 00:00:00+00:00
[2026-03-15T17:06:23.169+0000] {processor.py:183} INFO - Processing /home/airflow/.local/lib/python3.11/site-packages/airflow/example_dags/example_branch_day_of_week_operator.py took 0.116 seconds
[2026-03-15T17:06:15.366+0000] {processor.py:161} INFO - Started process (PID=276) to work on /home/airflow/.local/lib/python3.11/site-packages/airflow/example_dags/example_branch_day_of_week_operator.py
[2026-03-15T17:06:15.367+0000] {processor.py:830} INFO - Processing file /home/airflow/.local/lib/python3.11/site-packages/airflow/example_dags/example_branch_day_of_week_operator.py for tasks to queue
[2026-03-15T17:06:15.369+0000] {logging_mixin.py:188} INFO - [2026-03-15T17:06:15.368+0000] {dagbag.py:540} INFO - Filling up the DagBag from /home/airflow/.local/lib/python3.11/site-packages/airflow/example_dags/example_branch_day_of_week_operator.py
[2026-03-15T17:06:15.375+0000] {processor.py:840} INFO - DAG(s) 'example_weekday_branch_operator' retrieved from /home/airflow/.local/lib/python3.11/site-packages/airflow/example_dags/example_branch_day_of_week_operator.py
[2026-03-15T17:06:15.386+0000] {logging_mixin.py:188} INFO - [2026-03-15T17:06:15.385+0000] {dag.py:3047} INFO - Sync 1 DAGs
[2026-03-15T17:06:15.403+0000] {logging_mixin.py:188} INFO - [2026-03-15T17:06:15.403+0000] {dag.py:3834} INFO - Setting next_dagrun for example_weekday_branch_operator to 2026-03-14 00:00:00+00:00, run_after=2026-03-15 00:00:00+00:00
[2026-03-15T17:06:15.418+0000] {processor.py:183} INFO - Processing /home/airflow/.local/lib/python3.11/site-packages/airflow/example_dags/example_branch_day_of_week_operator.py took 0.055 seconds
[2026-03-15T17:06:20.432+0000] {processor.py:161} INFO - Started process (PID=322) to work on /home/airflow/.local/lib/python3.11/site-packages/airflow/example_dags/example_branch_day_of_week_operator.py
[2026-03-15T17:06:20.433+0000] {processor.py:830} INFO - Processing file /home/airflow/.local/lib/python3.11/site-packages/airflow/example_dags/example_branch_day_of_week_operator.py for tasks to queue
[2026-03-15T17:06:20.435+0000] {logging_mixin.py:188} INFO - [2026-03-15T17:06:20.435+0000] {dagbag.py:540} INFO - Filling up the DagBag from /home/airflow/.local/lib/python3.11/site-packages/airflow/example_dags/example_branch_day_of_week_operator.py
[2026-03-15T17:06:20.442+0000] {processor.py:840} INFO - DAG(s) 'example_weekday_branch_operator' retrieved from /home/airflow/.local/lib/python3.11/site-packages/airflow/example_dags/example_branch_day_of_week_operator.py
[2026-03-15T17:06:20.456+0000] {logging_mixin.py:188} INFO - [2026-03-15T17:06:20.456+0000] {dag.py:3047} INFO - Sync 1 DAGs
[2026-03-15T17:06:20.475+0000] {logging_mixin.py:188} INFO - [2026-03-15T17:06:20.475+0000] {dag.py:3834} INFO - Setting next_dagrun for example_weekday_branch_operator to 2026-03-14 00:00:00+00:00, run_after=2026-03-15 00:00:00+00:00
[2026-03-15T17:06:20.490+0000] {processor.py:183} INFO - Processing /home/airflow/.local/lib/python3.11/site-packages/airflow/example_dags/example_branch_day_of_week_operator.py took 0.061 seconds
[2026-03-15T17:06:30.779+0000] {processor.py:161} INFO - Started process (PID=368) to work on /home/airflow/.local/lib/python3.11/site-packages/airflow/example_dags/example_branch_day_of_week_operator.py
[2026-03-15T17:06:30.780+0000] {processor.py:830} INFO - Processing file /home/airflow/.local/lib/python3.11/site-packages/airflow/example_dags/example_branch_day_of_week_operator.py for tasks to queue
[2026-03-15T17:06:30.781+0000] {logging_mixin.py:188} INFO - [2026-03-15T17:06:30.781+0000] {dagbag.py:540} INFO - Filling up the DagBag from /home/airflow/.local/lib/python3.11/site-packages/airflow/example_dags/example_branch_day_of_week_operator.py
[2026-03-15T17:06:30.787+0000] {processor.py:840} INFO - DAG(s) 'example_weekday_branch_operator' retrieved from /home/airflow/.local/lib/python3.11/site-packages/airflow/example_dags/example_branch_day_of_week_operator.py
[2026-03-15T17:06:30.796+0000] {logging_mixin.py:188} INFO - [2026-03-15T17:06:30.796+0000] {dag.py:3047} INFO - Sync 1 DAGs
[2026-03-15T17:06:30.813+0000] {logging_mixin.py:188} INFO - [2026-03-15T17:06:30.813+0000] {dag.py:3834} INFO - Setting next_dagrun for example_weekday_branch_operator to 2026-03-14 00:00:00+00:00, run_after=2026-03-15 00:00:00+00:00
[2026-03-15T17:06:30.826+0000] {processor.py:183} INFO - Processing /home/airflow/.local/lib/python3.11/site-packages/airflow/example_dags/example_branch_day_of_week_operator.py took 0.050 seconds
[2026-03-15T17:07:35.385+0000] {processor.py:161} INFO - Started process (PID=424) to work on /home/airflow/.local/lib/python3.11/site-packages/airflow/example_dags/example_branch_day_of_week_operator.py
[2026-03-15T17:07:35.386+0000] {processor.py:830} INFO - Processing file /home/airflow/.local/lib/python3.11/site-packages/airflow/example_dags/example_branch_day_of_week_operator.py for tasks to queue
[2026-03-15T17:07:35.387+0000] {logging_mixin.py:188} INFO - [2026-03-15T17:07:35.387+0000] {dagbag.py:540} INFO - Filling up the DagBag from /home/airflow/.local/lib/python3.11/site-packages/airflow/example_dags/example_branch_day_of_week_operator.py
[2026-03-15T17:07:35.394+0000] {processor.py:840} INFO - DAG(s) 'example_weekday_branch_operator' retrieved from /home/airflow/.local/lib/python3.11/site-packages/airflow/example_dags/example_branch_day_of_week_operator.py
[2026-03-15T17:07:35.411+0000] {logging_mixin.py:188} INFO - [2026-03-15T17:07:35.411+0000] {dag.py:3047} INFO - Sync 1 DAGs
[2026-03-15T17:07:35.426+0000] {logging_mixin.py:188} INFO - [2026-03-15T17:07:35.426+0000] {dag.py:3834} INFO - Setting next_dagrun for example_weekday_branch_operator to 2026-03-14 00:00:00+00:00, run_after=2026-03-15 00:00:00+00:00
[2026-03-15T17:07:35.440+0000] {processor.py:183} INFO - Processing /home/airflow/.local/lib/python3.11/site-packages/airflow/example_dags/example_branch_day_of_week_operator.py took 0.058 seconds
[2026-03-15T17:07:20.423+0000] {processor.py:161} INFO - Started process (PID=480) to work on /home/airflow/.local/lib/python3.11/site-packages/airflow/example_dags/example_branch_day_of_week_operator.py
[2026-03-15T17:07:20.424+0000] {processor.py:830} INFO - Processing file /home/airflow/.local/lib/python3.11/site-packages/airflow/example_dags/example_branch_day_of_week_operator.py for tasks to queue
[2026-03-15T17:07:20.426+0000] {logging_mixin.py:188} INFO - [2026-03-15T17:07:20.425+0000] {dagbag.py:540} INFO - Filling up the DagBag from /home/airflow/.local/lib/python3.11/site-packages/airflow/example_dags/example_branch_day_of_week_operator.py
[2026-03-15T17:07:20.432+0000] {processor.py:840} INFO - DAG(s) 'example_weekday_branch_operator' retrieved from /home/airflow/.local/lib/python3.11/site-packages/airflow/example_dags/example_branch_day_of_week_operator.py
[2026-03-15T17:07:20.449+0000] {logging_mixin.py:188} INFO - [2026-03-15T17:07:20.449+0000] {dag.py:3047} INFO - Sync 1 DAGs
[2026-03-15T17:07:20.467+0000] {logging_mixin.py:188} INFO - [2026-03-15T17:07:20.467+0000] {dag.py:3834} INFO - Setting next_dagrun for example_weekday_branch_operator to 2026-03-14 00:00:00+00:00, run_after=2026-03-15 00:00:00+00:00
[2026-03-15T17:07:20.482+0000] {processor.py:183} INFO - Processing /home/airflow/.local/lib/python3.11/site-packages/airflow/example_dags/example_branch_day_of_week_operator.py took 0.062 seconds
[2026-03-15T17:07:25.755+0000] {processor.py:161} INFO - Started process (PID=526) to work on /home/airflow/.local/lib/python3.11/site-packages/airflow/example_dags/example_branch_day_of_week_operator.py
[2026-03-15T17:07:25.756+0000] {processor.py:830} INFO - Processing file /home/airflow/.local/lib/python3.11/site-packages/airflow/example_dags/example_branch_day_of_week_operator.py for tasks to queue
[2026-03-15T17:07:25.758+0000] {logging_mixin.py:188} INFO - [2026-03-15T17:07:25.758+0000] {dagbag.py:540} INFO - Filling up the DagBag from /home/airflow/.local/lib/python3.11/site-packages/airflow/example_dags/example_branch_day_of_week_operator.py
[2026-03-15T17:07:25.766+0000] {processor.py:840} INFO - DAG(s) 'example_weekday_branch_operator' retrieved from /home/airflow/.local/lib/python3.11/site-packages/airflow/example_dags/example_branch_day_of_week_operator.py
[2026-03-15T17:07:25.784+0000] {logging_mixin.py:188} INFO - [2026-03-15T17:07:25.784+0000] {dag.py:3047} INFO - Sync 1 DAGs
[2026-03-15T17:07:25.806+0000] {logging_mixin.py:188} INFO - [2026-03-15T17:07:25.806+0000] {dag.py:3834} INFO - Setting next_dagrun for example_weekday_branch_operator to 2026-03-14 00:00:00+00:00, run_after=2026-03-15 00:00:00+00:00
[2026-03-15T17:07:25.835+0000] {processor.py:183} INFO - Processing /home/airflow/.local/lib/python3.11/site-packages/airflow/example_dags/example_branch_day_of_week_operator.py took 0.082 seconds
[2026-03-15T17:08:20.424+0000] {processor.py:161} INFO - Started process (PID=572) to work on /home/airflow/.local/lib/python3.11/site-packages/airflow/example_dags/example_branch_day_of_week_operator.py
[2026-03-15T17:08:20.425+0000] {processor.py:830} INFO - Processing file /home/airflow/.local/lib/python3.11/site-packages/airflow/example_dags/example_branch_day_of_week_operator.py for tasks to queue
[2026-03-15T17:08:20.427+0000] {logging_mixin.py:188} INFO - [2026-03-15T17:08:20.427+0000] {dagbag.py:540} INFO - Filling up the DagBag from /home/airflow/.local/lib/python3.11/site-packages/airflow/example_dags/example_branch_day_of_week_operator.py
[2026-03-15T17:08:20.433+0000] {processor.py:840} INFO - DAG(s) 'example_weekday_branch_operator' retrieved from /home/airflow/.local/lib/python3.11/site-packages/airflow/example_dags/example_branch_day_of_week_operator.py
[2026-03-15T17:08:20.449+0000] {logging_mixin.py:188} INFO - [2026-03-15T17:08:20.449+0000] {dag.py:3047} INFO - Sync 1 DAGs
[2026-03-15T17:08:20.465+0000] {logging_mixin.py:188} INFO - [2026-03-15T17:08:20.465+0000] {dag.py:3834} INFO - Setting next_dagrun for example_weekday_branch_operator to 2026-03-14 00:00:00+00:00, run_after=2026-03-15 00:00:00+00:00
[2026-03-15T17:08:20.482+0000] {processor.py:183} INFO - Processing /home/airflow/.local/lib/python3.11/site-packages/airflow/example_dags/example_branch_day_of_week_operator.py took 0.061 seconds
[2026-03-15T17:14:19.721+0000] {processor.py:161} INFO - Started process (PID=99) to work on /home/airflow/.local/lib/python3.11/site-packages/airflow/example_dags/example_branch_day_of_week_operator.py
[2026-03-15T17:14:19.722+0000] {processor.py:830} INFO - Processing file /home/airflow/.local/lib/python3.11/site-packages/airflow/example_dags/example_branch_day_of_week_operator.py for tasks to queue
[2026-03-15T17:14:19.724+0000] {logging_mixin.py:188} INFO - [2026-03-15T17:14:19.723+0000] {dagbag.py:540} INFO - Filling up the DagBag from /home/airflow/.local/lib/python3.11/site-packages/airflow/example_dags/example_branch_day_of_week_operator.py
[2026-03-15T17:14:19.730+0000] {processor.py:840} INFO - DAG(s) 'example_weekday_branch_operator' retrieved from /home/airflow/.local/lib/python3.11/site-packages/airflow/example_dags/example_branch_day_of_week_operator.py
[2026-03-15T17:14:19.747+0000] {logging_mixin.py:188} INFO - [2026-03-15T17:14:19.747+0000] {dag.py:3047} INFO - Sync 1 DAGs
[2026-03-15T17:14:19.763+0000] {logging_mixin.py:188} INFO - [2026-03-15T17:14:19.763+0000] {dag.py:3834} INFO - Setting next_dagrun for example_weekday_branch_operator to 2026-03-14 00:00:00+00:00, run_after=2026-03-15 00:00:00+00:00
[2026-03-15T17:14:19.778+0000] {processor.py:183} INFO - Processing /home/airflow/.local/lib/python3.11/site-packages/airflow/example_dags/example_branch_day_of_week_operator.py took 0.061 seconds
[2026-03-15T17:14:50.215+0000] {processor.py:161} INFO - Started process (PID=150) to work on /home/airflow/.local/lib/python3.11/site-packages/airflow/example_dags/example_branch_day_of_week_operator.py
[2026-03-15T17:14:50.216+0000] {processor.py:830} INFO - Processing file /home/airflow/.local/lib/python3.11/site-packages/airflow/example_dags/example_branch_day_of_week_operator.py for tasks to queue
[2026-03-15T17:14:50.218+0000] {logging_mixin.py:188} INFO - [2026-03-15T17:14:50.218+0000] {dagbag.py:540} INFO - Filling up the DagBag from /home/airflow/.local/lib/python3.11/site-packages/airflow/example_dags/example_branch_day_of_week_operator.py
[2026-03-15T17:14:50.229+0000] {processor.py:840} INFO - DAG(s) 'example_weekday_branch_operator' retrieved from /home/airflow/.local/lib/python3.11/site-packages/airflow/example_dags/example_branch_day_of_week_operator.py
[2026-03-15T17:14:50.252+0000] {logging_mixin.py:188} INFO - [2026-03-15T17:14:50.252+0000] {dag.py:3047} INFO - Sync 1 DAGs
[2026-03-15T17:14:50.272+0000] {logging_mixin.py:188} INFO - [2026-03-15T17:14:50.271+0000] {dag.py:3834} INFO - Setting next_dagrun for example_weekday_branch_operator to 2026-03-14 00:00:00+00:00, run_after=2026-03-15 00:00:00+00:00
[2026-03-15T17:14:50.292+0000] {processor.py:183} INFO - Processing /home/airflow/.local/lib/python3.11/site-packages/airflow/example_dags/example_branch_day_of_week_operator.py took 0.080 seconds
[2026-03-15T17:15:07.257+0000] {processor.py:161} INFO - Started process (PID=200) to work on /home/airflow/.local/lib/python3.11/site-packages/airflow/example_dags/example_branch_day_of_week_operator.py
[2026-03-15T17:15:07.258+0000] {processor.py:830} INFO - Processing file /home/airflow/.local/lib/python3.11/site-packages/airflow/example_dags/example_branch_day_of_week_operator.py for tasks to queue
[2026-03-15T17:15:07.260+0000] {logging_mixin.py:188} INFO - [2026-03-15T17:15:07.260+0000] {dagbag.py:540} INFO - Filling up the DagBag from /home/airflow/.local/lib/python3.11/site-packages/airflow/example_dags/example_branch_day_of_week_operator.py
[2026-03-15T17:15:07.268+0000] {processor.py:840} INFO - DAG(s) 'example_weekday_branch_operator' retrieved from /home/airflow/.local/lib/python3.11/site-packages/airflow/example_dags/example_branch_day_of_week_operator.py
[2026-03-15T17:15:07.289+0000] {logging_mixin.py:188} INFO - [2026-03-15T17:15:07.289+0000] {dag.py:3047} INFO - Sync 1 DAGs
[2026-03-15T17:15:07.314+0000] {logging_mixin.py:188} INFO - [2026-03-15T17:15:07.313+0000] {dag.py:3834} INFO - Setting next_dagrun for example_weekday_branch_operator to 2026-03-14 00:00:00+00:00, run_after=2026-03-15 00:00:00+00:00
[2026-03-15T17:15:07.344+0000] {processor.py:183} INFO - Processing /home/airflow/.local/lib/python3.11/site-packages/airflow/example_dags/example_branch_day_of_week_operator.py took 0.091 seconds
[2026-03-15T17:15:36.980+0000] {processor.py:161} INFO - Started process (PID=253) to work on /home/airflow/.local/lib/python3.11/site-packages/airflow/example_dags/example_branch_day_of_week_operator.py
[2026-03-15T17:15:36.981+0000] {processor.py:830} INFO - Processing file /home/airflow/.local/lib/python3.11/site-packages/airflow/example_dags/example_branch_day_of_week_operator.py for tasks to queue
[2026-03-15T17:15:36.984+0000] {logging_mixin.py:188} INFO - [2026-03-15T17:15:36.983+0000] {dagbag.py:540} INFO - Filling up the DagBag from /home/airflow/.local/lib/python3.11/site-packages/airflow/example_dags/example_branch_day_of_week_operator.py
[2026-03-15T17:15:36.995+0000] {processor.py:840} INFO - DAG(s) 'example_weekday_branch_operator' retrieved from /home/airflow/.local/lib/python3.11/site-packages/airflow/example_dags/example_branch_day_of_week_operator.py
[2026-03-15T17:15:37.017+0000] {logging_mixin.py:188} INFO - [2026-03-15T17:15:37.017+0000] {dag.py:3047} INFO - Sync 1 DAGs
[2026-03-15T17:15:37.040+0000] {logging_mixin.py:188} INFO - [2026-03-15T17:15:37.039+0000] {dag.py:3834} INFO - Setting next_dagrun for example_weekday_branch_operator to 2026-03-14 00:00:00+00:00, run_after=2026-03-15 00:00:00+00:00
[2026-03-15T17:15:37.056+0000] {processor.py:183} INFO - Processing /home/airflow/.local/lib/python3.11/site-packages/airflow/example_dags/example_branch_day_of_week_operator.py took 0.080 seconds
[2026-03-15T17:16:07.561+0000] {processor.py:161} INFO - Started process (PID=303) to work on /home/airflow/.local/lib/python3.11/site-packages/airflow/example_dags/example_branch_day_of_week_operator.py
[2026-03-15T17:16:07.563+0000] {processor.py:830} INFO - Processing file /home/airflow/.local/lib/python3.11/site-packages/airflow/example_dags/example_branch_day_of_week_operator.py for tasks to queue
[2026-03-15T17:16:07.565+0000] {logging_mixin.py:188} INFO - [2026-03-15T17:16:07.564+0000] {dagbag.py:540} INFO - Filling up the DagBag from /home/airflow/.local/lib/python3.11/site-packages/airflow/example_dags/example_branch_day_of_week_operator.py
[2026-03-15T17:16:07.572+0000] {processor.py:840} INFO - DAG(s) 'example_weekday_branch_operator' retrieved from /home/airflow/.local/lib/python3.11/site-packages/airflow/example_dags/example_branch_day_of_week_operator.py
[2026-03-15T17:16:07.589+0000] {logging_mixin.py:188} INFO - [2026-03-15T17:16:07.589+0000] {dag.py:3047} INFO - Sync 1 DAGs
[2026-03-15T17:16:07.608+0000] {logging_mixin.py:188} INFO - [2026-03-15T17:16:07.608+0000] {dag.py:3834} INFO - Setting next_dagrun for example_weekday_branch_operator to 2026-03-14 00:00:00+00:00, run_after=2026-03-15 00:00:00+00:00
[2026-03-15T17:16:07.621+0000] {processor.py:183} INFO - Processing /home/airflow/.local/lib/python3.11/site-packages/airflow/example_dags/example_branch_day_of_week_operator.py took 0.063 seconds
[2026-03-15T17:16:37.134+0000] {processor.py:161} INFO - Started process (PID=362) to work on /home/airflow/.local/lib/python3.11/site-packages/airflow/example_dags/example_branch_day_of_week_operator.py
[2026-03-15T17:16:37.135+0000] {processor.py:830} INFO - Processing file /home/airflow/.local/lib/python3.11/site-packages/airflow/example_dags/example_branch_day_of_week_operator.py for tasks to queue
[2026-03-15T17:16:37.137+0000] {logging_mixin.py:188} INFO - [2026-03-15T17:16:37.137+0000] {dagbag.py:540} INFO - Filling up the DagBag from /home/airflow/.local/lib/python3.11/site-packages/airflow/example_dags/example_branch_day_of_week_operator.py
[2026-03-15T17:16:37.145+0000] {processor.py:840} INFO - DAG(s) 'example_weekday_branch_operator' retrieved from /home/airflow/.local/lib/python3.11/site-packages/airflow/example_dags/example_branch_day_of_week_operator.py
[2026-03-15T17:16:37.162+0000] {logging_mixin.py:188} INFO - [2026-03-15T17:16:37.161+0000] {dag.py:3047} INFO - Sync 1 DAGs
[2026-03-15T17:16:37.178+0000] {logging_mixin.py:188} INFO - [2026-03-15T17:16:37.178+0000] {dag.py:3834} INFO - Setting next_dagrun for example_weekday_branch_operator to 2026-03-14 00:00:00+00:00, run_after=2026-03-15 00:00:00+00:00
[2026-03-15T17:16:37.194+0000] {processor.py:183} INFO - Processing /home/airflow/.local/lib/python3.11/site-packages/airflow/example_dags/example_branch_day_of_week_operator.py took 0.063 seconds
[2026-03-15T17:16:41.111+0000] {processor.py:161} INFO - Started process (PID=412) to work on /home/airflow/.local/lib/python3.11/site-packages/airflow/example_dags/example_branch_day_of_week_operator.py
[2026-03-15T17:16:41.112+0000] {processor.py:830} INFO - Processing file /home/airflow/.local/lib/python3.11/site-packages/airflow/example_dags/example_branch_day_of_week_operator.py for tasks to queue
[2026-03-15T17:16:41.113+0000] {logging_mixin.py:188} INFO - [2026-03-15T17:16:41.113+0000] {dagbag.py:540} INFO - Filling up the DagBag from /home/airflow/.local/lib/python3.11/site-packages/airflow/example_dags/example_branch_day_of_week_operator.py
[2026-03-15T17:16:41.120+0000] {processor.py:840} INFO - DAG(s) 'example_weekday_branch_operator' retrieved from /home/airflow/.local/lib/python3.11/site-packages/airflow/example_dags/example_branch_day_of_week_operator.py
[2026-03-15T17:16:41.138+0000] {logging_mixin.py:188} INFO - [2026-03-15T17:16:41.138+0000] {dag.py:3047} INFO - Sync 1 DAGs
[2026-03-15T17:16:41.155+0000] {logging_mixin.py:188} INFO - [2026-03-15T17:16:41.155+0000] {dag.py:3834} INFO - Setting next_dagrun for example_weekday_branch_operator to 2026-03-14 00:00:00+00:00, run_after=2026-03-15 00:00:00+00:00
[2026-03-15T17:16:41.171+0000] {processor.py:183} INFO - Processing /home/airflow/.local/lib/python3.11/site-packages/airflow/example_dags/example_branch_day_of_week_operator.py took 0.063 seconds
[2026-03-15T17:17:11.516+0000] {processor.py:161} INFO - Started process (PID=468) to work on /home/airflow/.local/lib/python3.11/site-packages/airflow/example_dags/example_branch_day_of_week_operator.py
[2026-03-15T17:17:11.517+0000] {processor.py:830} INFO - Processing file /home/airflow/.local/lib/python3.11/site-packages/airflow/example_dags/example_branch_day_of_week_operator.py for tasks to queue
[2026-03-15T17:17:11.521+0000] {logging_mixin.py:188} INFO - [2026-03-15T17:17:11.521+0000] {dagbag.py:540} INFO - Filling up the DagBag from /home/airflow/.local/lib/python3.11/site-packages/airflow/example_dags/example_branch_day_of_week_operator.py
[2026-03-15T17:17:11.532+0000] {processor.py:840} INFO - DAG(s) 'example_weekday_branch_operator' retrieved from /home/airflow/.local/lib/python3.11/site-packages/airflow/example_dags/example_branch_day_of_week_operator.py
[2026-03-15T17:17:11.561+0000] {logging_mixin.py:188} INFO - [2026-03-15T17:17:11.560+0000] {dag.py:3047} INFO - Sync 1 DAGs
[2026-03-15T17:17:11.581+0000] {logging_mixin.py:188} INFO - [2026-03-15T17:17:11.581+0000] {dag.py:3834} INFO - Setting next_dagrun for example_weekday_branch_operator to 2026-03-14 00:00:00+00:00, run_after=2026-03-15 00:00:00+00:00
[2026-03-15T17:17:11.600+0000] {processor.py:183} INFO - Processing /home/airflow/.local/lib/python3.11/site-packages/airflow/example_dags/example_branch_day_of_week_operator.py took 0.089 seconds
[2026-03-15T17:17:16.316+0000] {processor.py:161} INFO - Started process (PID=518) to work on /home/airflow/.local/lib/python3.11/site-packages/airflow/example_dags/example_branch_day_of_week_operator.py
[2026-03-15T17:17:16.317+0000] {processor.py:830} INFO - Processing file /home/airflow/.local/lib/python3.11/site-packages/airflow/example_dags/example_branch_day_of_week_operator.py for tasks to queue
[2026-03-15T17:17:16.319+0000] {logging_mixin.py:188} INFO - [2026-03-15T17:17:16.318+0000] {dagbag.py:540} INFO - Filling up the DagBag from /home/airflow/.local/lib/python3.11/site-packages/airflow/example_dags/example_branch_day_of_week_operator.py
[2026-03-15T17:17:16.326+0000] {processor.py:840} INFO - DAG(s) 'example_weekday_branch_operator' retrieved from /home/airflow/.local/lib/python3.11/site-packages/airflow/example_dags/example_branch_day_of_week_operator.py
[2026-03-15T17:17:16.349+0000] {logging_mixin.py:188} INFO - [2026-03-15T17:17:16.349+0000] {dag.py:3047} INFO - Sync 1 DAGs
[2026-03-15T17:17:16.368+0000] {logging_mixin.py:188} INFO - [2026-03-15T17:17:16.367+0000] {dag.py:3834} INFO - Setting next_dagrun for example_weekday_branch_operator to 2026-03-14 00:00:00+00:00, run_after=2026-03-15 00:00:00+00:00
[2026-03-15T17:17:16.383+0000] {processor.py:183} INFO - Processing /home/airflow/.local/lib/python3.11/site-packages/airflow/example_dags/example_branch_day_of_week_operator.py took 0.070 seconds
[2026-03-15T17:17:37.052+0000] {processor.py:161} INFO - Started process (PID=574) to work on /home/airflow/.local/lib/python3.11/site-packages/airflow/example_dags/example_branch_day_of_week_operator.py
[2026-03-15T17:17:37.054+0000] {processor.py:830} INFO - Processing file /home/airflow/.local/lib/python3.11/site-packages/airflow/example_dags/example_branch_day_of_week_operator.py for tasks to queue
[2026-03-15T17:17:37.056+0000] {logging_mixin.py:188} INFO - [2026-03-15T17:17:37.056+0000] {dagbag.py:540} INFO - Filling up the DagBag from /home/airflow/.local/lib/python3.11/site-packages/airflow/example_dags/example_branch_day_of_week_operator.py
[2026-03-15T17:17:37.063+0000] {processor.py:840} INFO - DAG(s) 'example_weekday_branch_operator' retrieved from /home/airflow/.local/lib/python3.11/site-packages/airflow/example_dags/example_branch_day_of_week_operator.py
[2026-03-15T17:17:37.081+0000] {logging_mixin.py:188} INFO - [2026-03-15T17:17:37.081+0000] {dag.py:3047} INFO - Sync 1 DAGs
[2026-03-15T17:17:37.101+0000] {logging_mixin.py:188} INFO - [2026-03-15T17:17:37.101+0000] {dag.py:3834} INFO - Setting next_dagrun for example_weekday_branch_operator to 2026-03-14 00:00:00+00:00, run_after=2026-03-15 00:00:00+00:00
[2026-03-15T17:17:37.120+0000] {processor.py:183} INFO - Processing /home/airflow/.local/lib/python3.11/site-packages/airflow/example_dags/example_branch_day_of_week_operator.py took 0.071 seconds
[2026-03-15T17:18:07.044+0000] {processor.py:161} INFO - Started process (PID=628) to work on /home/airflow/.local/lib/python3.11/site-packages/airflow/example_dags/example_branch_day_of_week_operator.py
[2026-03-15T17:18:07.045+0000] {processor.py:830} INFO - Processing file /home/airflow/.local/lib/python3.11/site-packages/airflow/example_dags/example_branch_day_of_week_operator.py for tasks to queue
[2026-03-15T17:18:07.046+0000] {logging_mixin.py:188} INFO - [2026-03-15T17:18:07.046+0000] {dagbag.py:540} INFO - Filling up the DagBag from /home/airflow/.local/lib/python3.11/site-packages/airflow/example_dags/example_branch_day_of_week_operator.py
[2026-03-15T17:18:07.053+0000] {processor.py:840} INFO - DAG(s) 'example_weekday_branch_operator' retrieved from /home/airflow/.local/lib/python3.11/site-packages/airflow/example_dags/example_branch_day_of_week_operator.py
[2026-03-15T17:18:07.071+0000] {logging_mixin.py:188} INFO - [2026-03-15T17:18:07.071+0000] {dag.py:3047} INFO - Sync 1 DAGs
[2026-03-15T17:18:07.090+0000] {logging_mixin.py:188} INFO - [2026-03-15T17:18:07.090+0000] {dag.py:3834} INFO - Setting next_dagrun for example_weekday_branch_operator to 2026-03-14 00:00:00+00:00, run_after=2026-03-15 00:00:00+00:00
[2026-03-15T17:18:07.107+0000] {processor.py:183} INFO - Processing /home/airflow/.local/lib/python3.11/site-packages/airflow/example_dags/example_branch_day_of_week_operator.py took 0.066 seconds
[2026-03-15T17:18:39.148+0000] {processor.py:161} INFO - Started process (PID=682) to work on /home/airflow/.local/lib/python3.11/site-packages/airflow/example_dags/example_branch_day_of_week_operator.py
[2026-03-15T17:18:39.150+0000] {processor.py:830} INFO - Processing file /home/airflow/.local/lib/python3.11/site-packages/airflow/example_dags/example_branch_day_of_week_operator.py for tasks to queue
[2026-03-15T17:18:39.154+0000] {logging_mixin.py:188} INFO - [2026-03-15T17:18:39.153+0000] {dagbag.py:540} INFO - Filling up the DagBag from /home/airflow/.local/lib/python3.11/site-packages/airflow/example_dags/example_branch_day_of_week_operator.py
[2026-03-15T17:18:39.168+0000] {processor.py:840} INFO - DAG(s) 'example_weekday_branch_operator' retrieved from /home/airflow/.local/lib/python3.11/site-packages/airflow/example_dags/example_branch_day_of_week_operator.py
[2026-03-15T17:18:39.221+0000] {logging_mixin.py:188} INFO - [2026-03-15T17:18:39.220+0000] {dag.py:3047} INFO - Sync 1 DAGs
[2026-03-15T17:18:39.286+0000] {logging_mixin.py:188} INFO - [2026-03-15T17:18:39.286+0000] {dag.py:3834} INFO - Setting next_dagrun for example_weekday_branch_operator to 2026-03-14 00:00:00+00:00, run_after=2026-03-15 00:00:00+00:00
[2026-03-15T17:18:39.326+0000] {processor.py:183} INFO - Processing /home/airflow/.local/lib/python3.11/site-packages/airflow/example_dags/example_branch_day_of_week_operator.py took 0.191 seconds
[2026-03-15T17:19:06.968+0000] {processor.py:161} INFO - Started process (PID=738) to work on /home/airflow/.local/lib/python3.11/site-packages/airflow/example_dags/example_branch_day_of_week_operator.py
[2026-03-15T17:19:06.971+0000] {processor.py:830} INFO - Processing file /home/airflow/.local/lib/python3.11/site-packages/airflow/example_dags/example_branch_day_of_week_operator.py for tasks to queue
[2026-03-15T17:19:06.973+0000] {logging_mixin.py:188} INFO - [2026-03-15T17:19:06.973+0000] {dagbag.py:540} INFO - Filling up the DagBag from /home/airflow/.local/lib/python3.11/site-packages/airflow/example_dags/example_branch_day_of_week_operator.py
[2026-03-15T17:19:06.979+0000] {processor.py:840} INFO - DAG(s) 'example_weekday_branch_operator' retrieved from /home/airflow/.local/lib/python3.11/site-packages/airflow/example_dags/example_branch_day_of_week_operator.py
[2026-03-15T17:19:06.990+0000] {logging_mixin.py:188} INFO - [2026-03-15T17:19:06.990+0000] {dag.py:3047} INFO - Sync 1 DAGs
[2026-03-15T17:19:07.009+0000] {logging_mixin.py:188} INFO - [2026-03-15T17:19:07.009+0000] {dag.py:3834} INFO - Setting next_dagrun for example_weekday_branch_operator to 2026-03-14 00:00:00+00:00, run_after=2026-03-15 00:00:00+00:00
[2026-03-15T17:19:07.025+0000] {processor.py:183} INFO - Processing /home/airflow/.local/lib/python3.11/site-packages/airflow/example_dags/example_branch_day_of_week_operator.py took 0.060 seconds
[2026-03-15T17:19:10.114+0000] {processor.py:161} INFO - Started process (PID=784) to work on /home/airflow/.local/lib/python3.11/site-packages/airflow/example_dags/example_branch_day_of_week_operator.py
[2026-03-15T17:19:10.115+0000] {processor.py:830} INFO - Processing file /home/airflow/.local/lib/python3.11/site-packages/airflow/example_dags/example_branch_day_of_week_operator.py for tasks to queue
[2026-03-15T17:19:10.117+0000] {logging_mixin.py:188} INFO - [2026-03-15T17:19:10.117+0000] {dagbag.py:540} INFO - Filling up the DagBag from /home/airflow/.local/lib/python3.11/site-packages/airflow/example_dags/example_branch_day_of_week_operator.py
[2026-03-15T17:19:10.126+0000] {processor.py:840} INFO - DAG(s) 'example_weekday_branch_operator' retrieved from /home/airflow/.local/lib/python3.11/site-packages/airflow/example_dags/example_branch_day_of_week_operator.py
[2026-03-15T17:19:10.136+0000] {logging_mixin.py:188} INFO - [2026-03-15T17:19:10.136+0000] {dag.py:3047} INFO - Sync 1 DAGs
[2026-03-15T17:19:10.153+0000] {logging_mixin.py:188} INFO - [2026-03-15T17:19:10.153+0000] {dag.py:3834} INFO - Setting next_dagrun for example_weekday_branch_operator to 2026-03-14 00:00:00+00:00, run_after=2026-03-15 00:00:00+00:00
[2026-03-15T17:19:10.166+0000] {processor.py:183} INFO - Processing /home/airflow/.local/lib/python3.11/site-packages/airflow/example_dags/example_branch_day_of_week_operator.py took 0.054 seconds
[2026-03-15T17:19:15.350+0000] {processor.py:161} INFO - Started process (PID=829) to work on /home/airflow/.local/lib/python3.11/site-packages/airflow/example_dags/example_branch_day_of_week_operator.py
[2026-03-15T17:19:15.351+0000] {processor.py:830} INFO - Processing file /home/airflow/.local/lib/python3.11/site-packages/airflow/example_dags/example_branch_day_of_week_operator.py for tasks to queue
[2026-03-15T17:19:15.352+0000] {logging_mixin.py:188} INFO - [2026-03-15T17:19:15.352+0000] {dagbag.py:540} INFO - Filling up the DagBag from /home/airflow/.local/lib/python3.11/site-packages/airflow/example_dags/example_branch_day_of_week_operator.py
[2026-03-15T17:19:15.358+0000] {processor.py:840} INFO - DAG(s) 'example_weekday_branch_operator' retrieved from /home/airflow/.local/lib/python3.11/site-packages/airflow/example_dags/example_branch_day_of_week_operator.py
[2026-03-15T17:19:15.368+0000] {logging_mixin.py:188} INFO - [2026-03-15T17:19:15.368+0000] {dag.py:3047} INFO - Sync 1 DAGs
[2026-03-15T17:19:15.387+0000] {logging_mixin.py:188} INFO - [2026-03-15T17:19:15.387+0000] {dag.py:3834} INFO - Setting next_dagrun for example_weekday_branch_operator to 2026-03-14 00:00:00+00:00, run_after=2026-03-15 00:00:00+00:00
[2026-03-15T17:19:15.399+0000] {processor.py:183} INFO - Processing /home/airflow/.local/lib/python3.11/site-packages/airflow/example_dags/example_branch_day_of_week_operator.py took 0.052 seconds
[2026-03-15T17:19:20.096+0000] {processor.py:161} INFO - Started process (PID=879) to work on /home/airflow/.local/lib/python3.11/site-packages/airflow/example_dags/example_branch_day_of_week_operator.py
[2026-03-15T17:19:20.097+0000] {processor.py:830} INFO - Processing file /home/airflow/.local/lib/python3.11/site-packages/airflow/example_dags/example_branch_day_of_week_operator.py for tasks to queue
[2026-03-15T17:19:20.099+0000] {logging_mixin.py:188} INFO - [2026-03-15T17:19:20.099+0000] {dagbag.py:540} INFO - Filling up the DagBag from /home/airflow/.local/lib/python3.11/site-packages/airflow/example_dags/example_branch_day_of_week_operator.py
[2026-03-15T17:19:20.105+0000] {processor.py:840} INFO - DAG(s) 'example_weekday_branch_operator' retrieved from /home/airflow/.local/lib/python3.11/site-packages/airflow/example_dags/example_branch_day_of_week_operator.py
[2026-03-15T17:19:20.116+0000] {logging_mixin.py:188} INFO - [2026-03-15T17:19:20.116+0000] {dag.py:3047} INFO - Sync 1 DAGs
[2026-03-15T17:19:20.135+0000] {logging_mixin.py:188} INFO - [2026-03-15T17:19:20.135+0000] {dag.py:3834} INFO - Setting next_dagrun for example_weekday_branch_operator to 2026-03-14 00:00:00+00:00, run_after=2026-03-15 00:00:00+00:00
[2026-03-15T17:19:20.156+0000] {processor.py:183} INFO - Processing /home/airflow/.local/lib/python3.11/site-packages/airflow/example_dags/example_branch_day_of_week_operator.py took 0.062 seconds
[2026-03-15T17:19:52.057+0000] {processor.py:161} INFO - Started process (PID=109) to work on /home/airflow/.local/lib/python3.11/site-packages/airflow/example_dags/example_branch_day_of_week_operator.py
[2026-03-15T17:19:52.058+0000] {processor.py:830} INFO - Processing file /home/airflow/.local/lib/python3.11/site-packages/airflow/example_dags/example_branch_day_of_week_operator.py for tasks to queue
[2026-03-15T17:19:52.060+0000] {logging_mixin.py:188} INFO - [2026-03-15T17:19:52.059+0000] {dagbag.py:540} INFO - Filling up the DagBag from /home/airflow/.local/lib/python3.11/site-packages/airflow/example_dags/example_branch_day_of_week_operator.py
[2026-03-15T17:19:52.066+0000] {processor.py:840} INFO - DAG(s) 'example_weekday_branch_operator' retrieved from /home/airflow/.local/lib/python3.11/site-packages/airflow/example_dags/example_branch_day_of_week_operator.py
[2026-03-15T17:19:52.078+0000] {logging_mixin.py:188} INFO - [2026-03-15T17:19:52.078+0000] {dag.py:3047} INFO - Sync 1 DAGs
[2026-03-15T17:19:52.096+0000] {logging_mixin.py:188} INFO - [2026-03-15T17:19:52.096+0000] {dag.py:3834} INFO - Setting next_dagrun for example_weekday_branch_operator to 2026-03-14 00:00:00+00:00, run_after=2026-03-15 00:00:00+00:00
[2026-03-15T17:19:52.111+0000] {processor.py:183} INFO - Processing /home/airflow/.local/lib/python3.11/site-packages/airflow/example_dags/example_branch_day_of_week_operator.py took 0.058 seconds
[2026-03-15T17:19:55.535+0000] {processor.py:161} INFO - Started process (PID=159) to work on /home/airflow/.local/lib/python3.11/site-packages/airflow/example_dags/example_branch_day_of_week_operator.py
[2026-03-15T17:19:55.536+0000] {processor.py:830} INFO - Processing file /home/airflow/.local/lib/python3.11/site-packages/airflow/example_dags/example_branch_day_of_week_operator.py for tasks to queue
[2026-03-15T17:19:55.538+0000] {logging_mixin.py:188} INFO - [2026-03-15T17:19:55.538+0000] {dagbag.py:540} INFO - Filling up the DagBag from /home/airflow/.local/lib/python3.11/site-packages/airflow/example_dags/example_branch_day_of_week_operator.py
[2026-03-15T17:19:55.545+0000] {processor.py:840} INFO - DAG(s) 'example_weekday_branch_operator' retrieved from /home/airflow/.local/lib/python3.11/site-packages/airflow/example_dags/example_branch_day_of_week_operator.py
[2026-03-15T17:19:55.556+0000] {logging_mixin.py:188} INFO - [2026-03-15T17:19:55.556+0000] {dag.py:3047} INFO - Sync 1 DAGs
[2026-03-15T17:19:55.574+0000] {logging_mixin.py:188} INFO - [2026-03-15T17:19:55.574+0000] {dag.py:3834} INFO - Setting next_dagrun for example_weekday_branch_operator to 2026-03-14 00:00:00+00:00, run_after=2026-03-15 00:00:00+00:00
[2026-03-15T17:19:55.587+0000] {processor.py:183} INFO - Processing /home/airflow/.local/lib/python3.11/site-packages/airflow/example_dags/example_branch_day_of_week_operator.py took 0.055 seconds
[2026-03-15T17:20:07.559+0000] {processor.py:161} INFO - Started process (PID=207) to work on /home/airflow/.local/lib/python3.11/site-packages/airflow/example_dags/example_branch_day_of_week_operator.py
[2026-03-15T17:20:07.560+0000] {processor.py:830} INFO - Processing file /home/airflow/.local/lib/python3.11/site-packages/airflow/example_dags/example_branch_day_of_week_operator.py for tasks to queue
[2026-03-15T17:20:07.562+0000] {logging_mixin.py:188} INFO - [2026-03-15T17:20:07.562+0000] {dagbag.py:540} INFO - Filling up the DagBag from /home/airflow/.local/lib/python3.11/site-packages/airflow/example_dags/example_branch_day_of_week_operator.py
[2026-03-15T17:20:07.571+0000] {processor.py:840} INFO - DAG(s) 'example_weekday_branch_operator' retrieved from /home/airflow/.local/lib/python3.11/site-packages/airflow/example_dags/example_branch_day_of_week_operator.py
[2026-03-15T17:20:07.648+0000] {logging_mixin.py:188} INFO - [2026-03-15T17:20:07.648+0000] {dag.py:3047} INFO - Sync 1 DAGs
[2026-03-15T17:20:07.663+0000] {logging_mixin.py:188} INFO - [2026-03-15T17:20:07.662+0000] {dag.py:3834} INFO - Setting next_dagrun for example_weekday_branch_operator to 2026-03-14 00:00:00+00:00, run_after=2026-03-15 00:00:00+00:00
[2026-03-15T17:20:07.676+0000] {processor.py:183} INFO - Processing /home/airflow/.local/lib/python3.11/site-packages/airflow/example_dags/example_branch_day_of_week_operator.py took 0.121 seconds
[2026-03-15T17:20:38.290+0000] {processor.py:161} INFO - Started process (PID=262) to work on /home/airflow/.local/lib/python3.11/site-packages/airflow/example_dags/example_branch_day_of_week_operator.py
[2026-03-15T17:20:38.291+0000] {processor.py:830} INFO - Processing file /home/airflow/.local/lib/python3.11/site-packages/airflow/example_dags/example_branch_day_of_week_operator.py for tasks to queue
[2026-03-15T17:20:38.293+0000] {logging_mixin.py:188} INFO - [2026-03-15T17:20:38.292+0000] {dagbag.py:540} INFO - Filling up the DagBag from /home/airflow/.local/lib/python3.11/site-packages/airflow/example_dags/example_branch_day_of_week_operator.py
[2026-03-15T17:20:38.299+0000] {processor.py:840} INFO - DAG(s) 'example_weekday_branch_operator' retrieved from /home/airflow/.local/lib/python3.11/site-packages/airflow/example_dags/example_branch_day_of_week_operator.py
[2026-03-15T17:20:38.316+0000] {logging_mixin.py:188} INFO - [2026-03-15T17:20:38.315+0000] {dag.py:3047} INFO - Sync 1 DAGs
[2026-03-15T17:20:38.332+0000] {logging_mixin.py:188} INFO - [2026-03-15T17:20:38.332+0000] {dag.py:3834} INFO - Setting next_dagrun for example_weekday_branch_operator to 2026-03-14 00:00:00+00:00, run_after=2026-03-15 00:00:00+00:00
[2026-03-15T17:20:38.344+0000] {processor.py:183} INFO - Processing /home/airflow/.local/lib/python3.11/site-packages/airflow/example_dags/example_branch_day_of_week_operator.py took 0.057 seconds
[2026-03-15T17:20:40.871+0000] {processor.py:161} INFO - Started process (PID=312) to work on /home/airflow/.local/lib/python3.11/site-packages/airflow/example_dags/example_branch_day_of_week_operator.py
[2026-03-15T17:20:40.872+0000] {processor.py:830} INFO - Processing file /home/airflow/.local/lib/python3.11/site-packages/airflow/example_dags/example_branch_day_of_week_operator.py for tasks to queue
[2026-03-15T17:20:40.874+0000] {logging_mixin.py:188} INFO - [2026-03-15T17:20:40.874+0000] {dagbag.py:540} INFO - Filling up the DagBag from /home/airflow/.local/lib/python3.11/site-packages/airflow/example_dags/example_branch_day_of_week_operator.py
[2026-03-15T17:20:40.882+0000] {processor.py:840} INFO - DAG(s) 'example_weekday_branch_operator' retrieved from /home/airflow/.local/lib/python3.11/site-packages/airflow/example_dags/example_branch_day_of_week_operator.py
[2026-03-15T17:20:40.899+0000] {logging_mixin.py:188} INFO - [2026-03-15T17:20:40.899+0000] {dag.py:3047} INFO - Sync 1 DAGs
[2026-03-15T17:20:40.915+0000] {logging_mixin.py:188} INFO - [2026-03-15T17:20:40.914+0000] {dag.py:3834} INFO - Setting next_dagrun for example_weekday_branch_operator to 2026-03-14 00:00:00+00:00, run_after=2026-03-15 00:00:00+00:00
[2026-03-15T17:20:40.927+0000] {processor.py:183} INFO - Processing /home/airflow/.local/lib/python3.11/site-packages/airflow/example_dags/example_branch_day_of_week_operator.py took 0.059 seconds
[2026-03-15T17:21:11.371+0000] {processor.py:161} INFO - Started process (PID=366) to work on /home/airflow/.local/lib/python3.11/site-packages/airflow/example_dags/example_branch_day_of_week_operator.py
[2026-03-15T17:21:11.372+0000] {processor.py:830} INFO - Processing file /home/airflow/.local/lib/python3.11/site-packages/airflow/example_dags/example_branch_day_of_week_operator.py for tasks to queue
[2026-03-15T17:21:11.374+0000] {logging_mixin.py:188} INFO - [2026-03-15T17:21:11.374+0000] {dagbag.py:540} INFO - Filling up the DagBag from /home/airflow/.local/lib/python3.11/site-packages/airflow/example_dags/example_branch_day_of_week_operator.py
[2026-03-15T17:21:11.380+0000] {processor.py:840} INFO - DAG(s) 'example_weekday_branch_operator' retrieved from /home/airflow/.local/lib/python3.11/site-packages/airflow/example_dags/example_branch_day_of_week_operator.py
[2026-03-15T17:21:11.396+0000] {logging_mixin.py:188} INFO - [2026-03-15T17:21:11.396+0000] {dag.py:3047} INFO - Sync 1 DAGs
[2026-03-15T17:21:11.412+0000] {logging_mixin.py:188} INFO - [2026-03-15T17:21:11.412+0000] {dag.py:3834} INFO - Setting next_dagrun for example_weekday_branch_operator to 2026-03-14 00:00:00+00:00, run_after=2026-03-15 00:00:00+00:00
[2026-03-15T17:21:11.428+0000] {processor.py:183} INFO - Processing /home/airflow/.local/lib/python3.11/site-packages/airflow/example_dags/example_branch_day_of_week_operator.py took 0.060 seconds
[2026-03-15T17:21:15.737+0000] {processor.py:161} INFO - Started process (PID=414) to work on /home/airflow/.local/lib/python3.11/site-packages/airflow/example_dags/example_branch_day_of_week_operator.py
[2026-03-15T17:21:15.738+0000] {processor.py:830} INFO - Processing file /home/airflow/.local/lib/python3.11/site-packages/airflow/example_dags/example_branch_day_of_week_operator.py for tasks to queue
[2026-03-15T17:21:15.739+0000] {logging_mixin.py:188} INFO - [2026-03-15T17:21:15.739+0000] {dagbag.py:540} INFO - Filling up the DagBag from /home/airflow/.local/lib/python3.11/site-packages/airflow/example_dags/example_branch_day_of_week_operator.py
[2026-03-15T17:21:15.745+0000] {processor.py:840} INFO - DAG(s) 'example_weekday_branch_operator' retrieved from /home/airflow/.local/lib/python3.11/site-packages/airflow/example_dags/example_branch_day_of_week_operator.py
[2026-03-15T17:21:15.762+0000] {logging_mixin.py:188} INFO - [2026-03-15T17:21:15.762+0000] {dag.py:3047} INFO - Sync 1 DAGs
[2026-03-15T17:21:15.780+0000] {logging_mixin.py:188} INFO - [2026-03-15T17:21:15.779+0000] {dag.py:3834} INFO - Setting next_dagrun for example_weekday_branch_operator to 2026-03-14 00:00:00+00:00, run_after=2026-03-15 00:00:00+00:00
[2026-03-15T17:21:15.795+0000] {processor.py:183} INFO - Processing /home/airflow/.local/lib/python3.11/site-packages/airflow/example_dags/example_branch_day_of_week_operator.py took 0.061 seconds
[2026-03-15T17:21:37.103+0000] {processor.py:161} INFO - Started process (PID=469) to work on /home/airflow/.local/lib/python3.11/site-packages/airflow/example_dags/example_branch_day_of_week_operator.py
[2026-03-15T17:21:37.104+0000] {processor.py:830} INFO - Processing file /home/airflow/.local/lib/python3.11/site-packages/airflow/example_dags/example_branch_day_of_week_operator.py for tasks to queue
[2026-03-15T17:21:37.106+0000] {logging_mixin.py:188} INFO - [2026-03-15T17:21:37.106+0000] {dagbag.py:540} INFO - Filling up the DagBag from /home/airflow/.local/lib/python3.11/site-packages/airflow/example_dags/example_branch_day_of_week_operator.py
[2026-03-15T17:21:37.112+0000] {processor.py:840} INFO - DAG(s) 'example_weekday_branch_operator' retrieved from /home/airflow/.local/lib/python3.11/site-packages/airflow/example_dags/example_branch_day_of_week_operator.py
[2026-03-15T17:21:37.127+0000] {logging_mixin.py:188} INFO - [2026-03-15T17:21:37.127+0000] {dag.py:3047} INFO - Sync 1 DAGs
[2026-03-15T17:21:37.142+0000] {logging_mixin.py:188} INFO - [2026-03-15T17:21:37.142+0000] {dag.py:3834} INFO - Setting next_dagrun for example_weekday_branch_operator to 2026-03-14 00:00:00+00:00, run_after=2026-03-15 00:00:00+00:00
[2026-03-15T17:21:37.156+0000] {processor.py:183} INFO - Processing /home/airflow/.local/lib/python3.11/site-packages/airflow/example_dags/example_branch_day_of_week_operator.py took 0.055 seconds
[2026-03-15T17:22:07.343+0000] {processor.py:161} INFO - Started process (PID=523) to work on /home/airflow/.local/lib/python3.11/site-packages/airflow/example_dags/example_branch_day_of_week_operator.py
[2026-03-15T17:22:07.344+0000] {processor.py:830} INFO - Processing file /home/airflow/.local/lib/python3.11/site-packages/airflow/example_dags/example_branch_day_of_week_operator.py for tasks to queue
[2026-03-15T17:22:07.345+0000] {logging_mixin.py:188} INFO - [2026-03-15T17:22:07.345+0000] {dagbag.py:540} INFO - Filling up the DagBag from /home/airflow/.local/lib/python3.11/site-packages/airflow/example_dags/example_branch_day_of_week_operator.py
[2026-03-15T17:22:07.352+0000] {processor.py:840} INFO - DAG(s) 'example_weekday_branch_operator' retrieved from /home/airflow/.local/lib/python3.11/site-packages/airflow/example_dags/example_branch_day_of_week_operator.py
[2026-03-15T17:22:07.370+0000] {logging_mixin.py:188} INFO - [2026-03-15T17:22:07.370+0000] {dag.py:3047} INFO - Sync 1 DAGs
[2026-03-15T17:22:07.387+0000] {logging_mixin.py:188} INFO - [2026-03-15T17:22:07.387+0000] {dag.py:3834} INFO - Setting next_dagrun for example_weekday_branch_operator to 2026-03-14 00:00:00+00:00, run_after=2026-03-15 00:00:00+00:00
[2026-03-15T17:22:07.401+0000] {processor.py:183} INFO - Processing /home/airflow/.local/lib/python3.11/site-packages/airflow/example_dags/example_branch_day_of_week_operator.py took 0.061 seconds
[2026-03-15T17:22:10.795+0000] {processor.py:161} INFO - Started process (PID=573) to work on /home/airflow/.local/lib/python3.11/site-packages/airflow/example_dags/example_branch_day_of_week_operator.py
[2026-03-15T17:22:10.796+0000] {processor.py:830} INFO - Processing file /home/airflow/.local/lib/python3.11/site-packages/airflow/example_dags/example_branch_day_of_week_operator.py for tasks to queue
[2026-03-15T17:22:10.798+0000] {logging_mixin.py:188} INFO - [2026-03-15T17:22:10.798+0000] {dagbag.py:540} INFO - Filling up the DagBag from /home/airflow/.local/lib/python3.11/site-packages/airflow/example_dags/example_branch_day_of_week_operator.py
[2026-03-15T17:22:10.804+0000] {processor.py:840} INFO - DAG(s) 'example_weekday_branch_operator' retrieved from /home/airflow/.local/lib/python3.11/site-packages/airflow/example_dags/example_branch_day_of_week_operator.py
[2026-03-15T17:22:10.820+0000] {logging_mixin.py:188} INFO - [2026-03-15T17:22:10.820+0000] {dag.py:3047} INFO - Sync 1 DAGs
[2026-03-15T17:22:10.836+0000] {logging_mixin.py:188} INFO - [2026-03-15T17:22:10.836+0000] {dag.py:3834} INFO - Setting next_dagrun for example_weekday_branch_operator to 2026-03-14 00:00:00+00:00, run_after=2026-03-15 00:00:00+00:00
[2026-03-15T17:22:10.853+0000] {processor.py:183} INFO - Processing /home/airflow/.local/lib/python3.11/site-packages/airflow/example_dags/example_branch_day_of_week_operator.py took 0.060 seconds
[2026-03-15T17:22:41.121+0000] {processor.py:161} INFO - Started process (PID=626) to work on /home/airflow/.local/lib/python3.11/site-packages/airflow/example_dags/example_branch_day_of_week_operator.py
[2026-03-15T17:22:41.122+0000] {processor.py:830} INFO - Processing file /home/airflow/.local/lib/python3.11/site-packages/airflow/example_dags/example_branch_day_of_week_operator.py for tasks to queue
[2026-03-15T17:22:41.124+0000] {logging_mixin.py:188} INFO - [2026-03-15T17:22:41.123+0000] {dagbag.py:540} INFO - Filling up the DagBag from /home/airflow/.local/lib/python3.11/site-packages/airflow/example_dags/example_branch_day_of_week_operator.py
[2026-03-15T17:22:41.130+0000] {processor.py:840} INFO - DAG(s) 'example_weekday_branch_operator' retrieved from /home/airflow/.local/lib/python3.11/site-packages/airflow/example_dags/example_branch_day_of_week_operator.py
[2026-03-15T17:22:41.146+0000] {logging_mixin.py:188} INFO - [2026-03-15T17:22:41.146+0000] {dag.py:3047} INFO - Sync 1 DAGs
[2026-03-15T17:22:41.162+0000] {logging_mixin.py:188} INFO - [2026-03-15T17:22:41.162+0000] {dag.py:3834} INFO - Setting next_dagrun for example_weekday_branch_operator to 2026-03-14 00:00:00+00:00, run_after=2026-03-15 00:00:00+00:00
[2026-03-15T17:22:41.176+0000] {processor.py:183} INFO - Processing /home/airflow/.local/lib/python3.11/site-packages/airflow/example_dags/example_branch_day_of_week_operator.py took 0.057 seconds
[2026-03-15T17:23:11.451+0000] {processor.py:161} INFO - Started process (PID=680) to work on /home/airflow/.local/lib/python3.11/site-packages/airflow/example_dags/example_branch_day_of_week_operator.py
[2026-03-15T17:23:11.453+0000] {processor.py:830} INFO - Processing file /home/airflow/.local/lib/python3.11/site-packages/airflow/example_dags/example_branch_day_of_week_operator.py for tasks to queue
[2026-03-15T17:23:11.454+0000] {logging_mixin.py:188} INFO - [2026-03-15T17:23:11.454+0000] {dagbag.py:540} INFO - Filling up the DagBag from /home/airflow/.local/lib/python3.11/site-packages/airflow/example_dags/example_branch_day_of_week_operator.py
[2026-03-15T17:23:11.461+0000] {processor.py:840} INFO - DAG(s) 'example_weekday_branch_operator' retrieved from /home/airflow/.local/lib/python3.11/site-packages/airflow/example_dags/example_branch_day_of_week_operator.py
[2026-03-15T17:23:11.477+0000] {logging_mixin.py:188} INFO - [2026-03-15T17:23:11.476+0000] {dag.py:3047} INFO - Sync 1 DAGs
[2026-03-15T17:23:11.493+0000] {logging_mixin.py:188} INFO - [2026-03-15T17:23:11.492+0000] {dag.py:3834} INFO - Setting next_dagrun for example_weekday_branch_operator to 2026-03-14 00:00:00+00:00, run_after=2026-03-15 00:00:00+00:00
[2026-03-15T17:23:11.506+0000] {processor.py:183} INFO - Processing /home/airflow/.local/lib/python3.11/site-packages/airflow/example_dags/example_branch_day_of_week_operator.py took 0.058 seconds
[2026-03-15T17:23:15.722+0000] {processor.py:161} INFO - Started process (PID=730) to work on /home/airflow/.local/lib/python3.11/site-packages/airflow/example_dags/example_branch_day_of_week_operator.py
[2026-03-15T17:23:15.723+0000] {processor.py:830} INFO - Processing file /home/airflow/.local/lib/python3.11/site-packages/airflow/example_dags/example_branch_day_of_week_operator.py for tasks to queue
[2026-03-15T17:23:15.724+0000] {logging_mixin.py:188} INFO - [2026-03-15T17:23:15.724+0000] {dagbag.py:540} INFO - Filling up the DagBag from /home/airflow/.local/lib/python3.11/site-packages/airflow/example_dags/example_branch_day_of_week_operator.py
[2026-03-15T17:23:15.730+0000] {processor.py:840} INFO - DAG(s) 'example_weekday_branch_operator' retrieved from /home/airflow/.local/lib/python3.11/site-packages/airflow/example_dags/example_branch_day_of_week_operator.py
[2026-03-15T17:23:15.747+0000] {logging_mixin.py:188} INFO - [2026-03-15T17:23:15.747+0000] {dag.py:3047} INFO - Sync 1 DAGs
[2026-03-15T17:23:15.762+0000] {logging_mixin.py:188} INFO - [2026-03-15T17:23:15.762+0000] {dag.py:3834} INFO - Setting next_dagrun for example_weekday_branch_operator to 2026-03-14 00:00:00+00:00, run_after=2026-03-15 00:00:00+00:00
[2026-03-15T17:23:15.776+0000] {processor.py:183} INFO - Processing /home/airflow/.local/lib/python3.11/site-packages/airflow/example_dags/example_branch_day_of_week_operator.py took 0.058 seconds
[2026-03-15T17:23:21.231+0000] {processor.py:161} INFO - Started process (PID=777) to work on /home/airflow/.local/lib/python3.11/site-packages/airflow/example_dags/example_branch_day_of_week_operator.py
[2026-03-15T17:23:21.232+0000] {processor.py:830} INFO - Processing file /home/airflow/.local/lib/python3.11/site-packages/airflow/example_dags/example_branch_day_of_week_operator.py for tasks to queue
[2026-03-15T17:23:21.234+0000] {logging_mixin.py:188} INFO - [2026-03-15T17:23:21.233+0000] {dagbag.py:540} INFO - Filling up the DagBag from /home/airflow/.local/lib/python3.11/site-packages/airflow/example_dags/example_branch_day_of_week_operator.py
[2026-03-15T17:23:21.239+0000] {processor.py:840} INFO - DAG(s) 'example_weekday_branch_operator' retrieved from /home/airflow/.local/lib/python3.11/site-packages/airflow/example_dags/example_branch_day_of_week_operator.py
[2026-03-15T17:23:21.255+0000] {logging_mixin.py:188} INFO - [2026-03-15T17:23:21.255+0000] {dag.py:3047} INFO - Sync 1 DAGs
[2026-03-15T17:23:21.271+0000] {logging_mixin.py:188} INFO - [2026-03-15T17:23:21.270+0000] {dag.py:3834} INFO - Setting next_dagrun for example_weekday_branch_operator to 2026-03-14 00:00:00+00:00, run_after=2026-03-15 00:00:00+00:00
[2026-03-15T17:23:21.286+0000] {processor.py:183} INFO - Processing /home/airflow/.local/lib/python3.11/site-packages/airflow/example_dags/example_branch_day_of_week_operator.py took 0.058 seconds
[2026-03-15T17:23:51.369+0000] {processor.py:161} INFO - Started process (PID=830) to work on /home/airflow/.local/lib/python3.11/site-packages/airflow/example_dags/example_branch_day_of_week_operator.py
[2026-03-15T17:23:51.370+0000] {processor.py:830} INFO - Processing file /home/airflow/.local/lib/python3.11/site-packages/airflow/example_dags/example_branch_day_of_week_operator.py for tasks to queue
[2026-03-15T17:23:51.372+0000] {logging_mixin.py:188} INFO - [2026-03-15T17:23:51.371+0000] {dagbag.py:540} INFO - Filling up the DagBag from /home/airflow/.local/lib/python3.11/site-packages/airflow/example_dags/example_branch_day_of_week_operator.py
[2026-03-15T17:23:51.378+0000] {processor.py:840} INFO - DAG(s) 'example_weekday_branch_operator' retrieved from /home/airflow/.local/lib/python3.11/site-packages/airflow/example_dags/example_branch_day_of_week_operator.py
[2026-03-15T17:23:51.394+0000] {logging_mixin.py:188} INFO - [2026-03-15T17:23:51.394+0000] {dag.py:3047} INFO - Sync 1 DAGs
[2026-03-15T17:23:51.409+0000] {logging_mixin.py:188} INFO - [2026-03-15T17:23:51.409+0000] {dag.py:3834} INFO - Setting next_dagrun for example_weekday_branch_operator to 2026-03-14 00:00:00+00:00, run_after=2026-03-15 00:00:00+00:00
[2026-03-15T17:23:51.424+0000] {processor.py:183} INFO - Processing /home/airflow/.local/lib/python3.11/site-packages/airflow/example_dags/example_branch_day_of_week_operator.py took 0.058 seconds
[2026-03-15T17:23:55.919+0000] {processor.py:161} INFO - Started process (PID=886) to work on /home/airflow/.local/lib/python3.11/site-packages/airflow/example_dags/example_branch_day_of_week_operator.py
[2026-03-15T17:23:55.920+0000] {processor.py:830} INFO - Processing file /home/airflow/.local/lib/python3.11/site-packages/airflow/example_dags/example_branch_day_of_week_operator.py for tasks to queue
[2026-03-15T17:23:55.922+0000] {logging_mixin.py:188} INFO - [2026-03-15T17:23:55.921+0000] {dagbag.py:540} INFO - Filling up the DagBag from /home/airflow/.local/lib/python3.11/site-packages/airflow/example_dags/example_branch_day_of_week_operator.py
[2026-03-15T17:23:55.929+0000] {processor.py:840} INFO - DAG(s) 'example_weekday_branch_operator' retrieved from /home/airflow/.local/lib/python3.11/site-packages/airflow/example_dags/example_branch_day_of_week_operator.py
[2026-03-15T17:23:55.951+0000] {logging_mixin.py:188} INFO - [2026-03-15T17:23:55.951+0000] {dag.py:3047} INFO - Sync 1 DAGs
[2026-03-15T17:23:55.971+0000] {logging_mixin.py:188} INFO - [2026-03-15T17:23:55.971+0000] {dag.py:3834} INFO - Setting next_dagrun for example_weekday_branch_operator to 2026-03-14 00:00:00+00:00, run_after=2026-03-15 00:00:00+00:00
[2026-03-15T17:23:55.990+0000] {processor.py:183} INFO - Processing /home/airflow/.local/lib/python3.11/site-packages/airflow/example_dags/example_branch_day_of_week_operator.py took 0.075 seconds
[2026-03-15T17:24:26.259+0000] {processor.py:161} INFO - Started process (PID=938) to work on /home/airflow/.local/lib/python3.11/site-packages/airflow/example_dags/example_branch_day_of_week_operator.py
[2026-03-15T17:24:26.260+0000] {processor.py:830} INFO - Processing file /home/airflow/.local/lib/python3.11/site-packages/airflow/example_dags/example_branch_day_of_week_operator.py for tasks to queue
[2026-03-15T17:24:26.262+0000] {logging_mixin.py:188} INFO - [2026-03-15T17:24:26.262+0000] {dagbag.py:540} INFO - Filling up the DagBag from /home/airflow/.local/lib/python3.11/site-packages/airflow/example_dags/example_branch_day_of_week_operator.py
[2026-03-15T17:24:26.268+0000] {processor.py:840} INFO - DAG(s) 'example_weekday_branch_operator' retrieved from /home/airflow/.local/lib/python3.11/site-packages/airflow/example_dags/example_branch_day_of_week_operator.py
[2026-03-15T17:24:26.285+0000] {logging_mixin.py:188} INFO - [2026-03-15T17:24:26.285+0000] {dag.py:3047} INFO - Sync 1 DAGs
[2026-03-15T17:24:26.300+0000] {logging_mixin.py:188} INFO - [2026-03-15T17:24:26.300+0000] {dag.py:3834} INFO - Setting next_dagrun for example_weekday_branch_operator to 2026-03-14 00:00:00+00:00, run_after=2026-03-15 00:00:00+00:00
[2026-03-15T17:24:26.313+0000] {processor.py:183} INFO - Processing /home/airflow/.local/lib/python3.11/site-packages/airflow/example_dags/example_branch_day_of_week_operator.py took 0.057 seconds
[2026-03-15T17:24:31.099+0000] {processor.py:161} INFO - Started process (PID=988) to work on /home/airflow/.local/lib/python3.11/site-packages/airflow/example_dags/example_branch_day_of_week_operator.py
[2026-03-15T17:24:31.100+0000] {processor.py:830} INFO - Processing file /home/airflow/.local/lib/python3.11/site-packages/airflow/example_dags/example_branch_day_of_week_operator.py for tasks to queue
[2026-03-15T17:24:31.101+0000] {logging_mixin.py:188} INFO - [2026-03-15T17:24:31.101+0000] {dagbag.py:540} INFO - Filling up the DagBag from /home/airflow/.local/lib/python3.11/site-packages/airflow/example_dags/example_branch_day_of_week_operator.py
[2026-03-15T17:24:31.107+0000] {processor.py:840} INFO - DAG(s) 'example_weekday_branch_operator' retrieved from /home/airflow/.local/lib/python3.11/site-packages/airflow/example_dags/example_branch_day_of_week_operator.py
[2026-03-15T17:24:31.125+0000] {logging_mixin.py:188} INFO - [2026-03-15T17:24:31.124+0000] {dag.py:3047} INFO - Sync 1 DAGs
[2026-03-15T17:24:31.145+0000] {logging_mixin.py:188} INFO - [2026-03-15T17:24:31.145+0000] {dag.py:3834} INFO - Setting next_dagrun for example_weekday_branch_operator to 2026-03-14 00:00:00+00:00, run_after=2026-03-15 00:00:00+00:00
[2026-03-15T17:24:31.159+0000] {processor.py:183} INFO - Processing /home/airflow/.local/lib/python3.11/site-packages/airflow/example_dags/example_branch_day_of_week_operator.py took 0.064 seconds
[2026-03-15T17:25:19.963+0000] {processor.py:161} INFO - Started process (PID=108) to work on /home/airflow/.local/lib/python3.11/site-packages/airflow/example_dags/example_branch_day_of_week_operator.py
[2026-03-15T17:25:19.964+0000] {processor.py:830} INFO - Processing file /home/airflow/.local/lib/python3.11/site-packages/airflow/example_dags/example_branch_day_of_week_operator.py for tasks to queue
[2026-03-15T17:25:19.967+0000] {logging_mixin.py:188} INFO - [2026-03-15T17:25:19.966+0000] {dagbag.py:540} INFO - Filling up the DagBag from /home/airflow/.local/lib/python3.11/site-packages/airflow/example_dags/example_branch_day_of_week_operator.py
[2026-03-15T17:25:19.976+0000] {processor.py:840} INFO - DAG(s) 'example_weekday_branch_operator' retrieved from /home/airflow/.local/lib/python3.11/site-packages/airflow/example_dags/example_branch_day_of_week_operator.py
[2026-03-15T17:25:19.991+0000] {logging_mixin.py:188} INFO - [2026-03-15T17:25:19.991+0000] {dag.py:3047} INFO - Sync 1 DAGs
[2026-03-15T17:25:20.013+0000] {logging_mixin.py:188} INFO - [2026-03-15T17:25:20.013+0000] {dag.py:3834} INFO - Setting next_dagrun for example_weekday_branch_operator to 2026-03-14 00:00:00+00:00, run_after=2026-03-15 00:00:00+00:00
[2026-03-15T17:25:20.032+0000] {processor.py:183} INFO - Processing /home/airflow/.local/lib/python3.11/site-packages/airflow/example_dags/example_branch_day_of_week_operator.py took 0.073 seconds
[2026-03-15T17:25:37.502+0000] {processor.py:161} INFO - Started process (PID=156) to work on /home/airflow/.local/lib/python3.11/site-packages/airflow/example_dags/example_branch_day_of_week_operator.py
[2026-03-15T17:25:37.503+0000] {processor.py:830} INFO - Processing file /home/airflow/.local/lib/python3.11/site-packages/airflow/example_dags/example_branch_day_of_week_operator.py for tasks to queue
[2026-03-15T17:25:37.505+0000] {logging_mixin.py:188} INFO - [2026-03-15T17:25:37.505+0000] {dagbag.py:540} INFO - Filling up the DagBag from /home/airflow/.local/lib/python3.11/site-packages/airflow/example_dags/example_branch_day_of_week_operator.py
[2026-03-15T17:25:37.511+0000] {processor.py:840} INFO - DAG(s) 'example_weekday_branch_operator' retrieved from /home/airflow/.local/lib/python3.11/site-packages/airflow/example_dags/example_branch_day_of_week_operator.py
[2026-03-15T17:25:37.588+0000] {logging_mixin.py:188} INFO - [2026-03-15T17:25:37.588+0000] {dag.py:3047} INFO - Sync 1 DAGs
[2026-03-15T17:25:37.601+0000] {logging_mixin.py:188} INFO - [2026-03-15T17:25:37.601+0000] {dag.py:3834} INFO - Setting next_dagrun for example_weekday_branch_operator to 2026-03-14 00:00:00+00:00, run_after=2026-03-15 00:00:00+00:00
[2026-03-15T17:25:37.615+0000] {processor.py:183} INFO - Processing /home/airflow/.local/lib/python3.11/site-packages/airflow/example_dags/example_branch_day_of_week_operator.py took 0.116 seconds
[2026-03-15T17:25:40.783+0000] {processor.py:161} INFO - Started process (PID=202) to work on /home/airflow/.local/lib/python3.11/site-packages/airflow/example_dags/example_branch_day_of_week_operator.py
[2026-03-15T17:25:40.784+0000] {processor.py:830} INFO - Processing file /home/airflow/.local/lib/python3.11/site-packages/airflow/example_dags/example_branch_day_of_week_operator.py for tasks to queue
[2026-03-15T17:25:40.785+0000] {logging_mixin.py:188} INFO - [2026-03-15T17:25:40.785+0000] {dagbag.py:540} INFO - Filling up the DagBag from /home/airflow/.local/lib/python3.11/site-packages/airflow/example_dags/example_branch_day_of_week_operator.py
[2026-03-15T17:25:40.791+0000] {processor.py:840} INFO - DAG(s) 'example_weekday_branch_operator' retrieved from /home/airflow/.local/lib/python3.11/site-packages/airflow/example_dags/example_branch_day_of_week_operator.py
[2026-03-15T17:25:40.802+0000] {logging_mixin.py:188} INFO - [2026-03-15T17:25:40.802+0000] {dag.py:3047} INFO - Sync 1 DAGs
[2026-03-15T17:25:40.818+0000] {logging_mixin.py:188} INFO - [2026-03-15T17:25:40.818+0000] {dag.py:3834} INFO - Setting next_dagrun for example_weekday_branch_operator to 2026-03-14 00:00:00+00:00, run_after=2026-03-15 00:00:00+00:00
[2026-03-15T17:25:40.832+0000] {processor.py:183} INFO - Processing /home/airflow/.local/lib/python3.11/site-packages/airflow/example_dags/example_branch_day_of_week_operator.py took 0.053 seconds
[2026-03-15T17:25:46.037+0000] {processor.py:161} INFO - Started process (PID=245) to work on /home/airflow/.local/lib/python3.11/site-packages/airflow/example_dags/example_branch_day_of_week_operator.py
[2026-03-15T17:25:46.038+0000] {processor.py:830} INFO - Processing file /home/airflow/.local/lib/python3.11/site-packages/airflow/example_dags/example_branch_day_of_week_operator.py for tasks to queue
[2026-03-15T17:25:46.039+0000] {logging_mixin.py:188} INFO - [2026-03-15T17:25:46.039+0000] {dagbag.py:540} INFO - Filling up the DagBag from /home/airflow/.local/lib/python3.11/site-packages/airflow/example_dags/example_branch_day_of_week_operator.py
[2026-03-15T17:25:46.045+0000] {processor.py:840} INFO - DAG(s) 'example_weekday_branch_operator' retrieved from /home/airflow/.local/lib/python3.11/site-packages/airflow/example_dags/example_branch_day_of_week_operator.py
[2026-03-15T17:25:46.057+0000] {logging_mixin.py:188} INFO - [2026-03-15T17:25:46.057+0000] {dag.py:3047} INFO - Sync 1 DAGs
[2026-03-15T17:25:46.076+0000] {logging_mixin.py:188} INFO - [2026-03-15T17:25:46.076+0000] {dag.py:3834} INFO - Setting next_dagrun for example_weekday_branch_operator to 2026-03-14 00:00:00+00:00, run_after=2026-03-15 00:00:00+00:00
[2026-03-15T17:25:46.092+0000] {processor.py:183} INFO - Processing /home/airflow/.local/lib/python3.11/site-packages/airflow/example_dags/example_branch_day_of_week_operator.py took 0.058 seconds
[2026-03-15T17:25:51.151+0000] {processor.py:161} INFO - Started process (PID=296) to work on /home/airflow/.local/lib/python3.11/site-packages/airflow/example_dags/example_branch_day_of_week_operator.py
[2026-03-15T17:25:51.152+0000] {processor.py:830} INFO - Processing file /home/airflow/.local/lib/python3.11/site-packages/airflow/example_dags/example_branch_day_of_week_operator.py for tasks to queue
[2026-03-15T17:25:51.153+0000] {logging_mixin.py:188} INFO - [2026-03-15T17:25:51.153+0000] {dagbag.py:540} INFO - Filling up the DagBag from /home/airflow/.local/lib/python3.11/site-packages/airflow/example_dags/example_branch_day_of_week_operator.py
[2026-03-15T17:25:51.159+0000] {processor.py:840} INFO - DAG(s) 'example_weekday_branch_operator' retrieved from /home/airflow/.local/lib/python3.11/site-packages/airflow/example_dags/example_branch_day_of_week_operator.py
[2026-03-15T17:25:51.168+0000] {logging_mixin.py:188} INFO - [2026-03-15T17:25:51.168+0000] {dag.py:3047} INFO - Sync 1 DAGs
[2026-03-15T17:25:51.183+0000] {logging_mixin.py:188} INFO - [2026-03-15T17:25:51.183+0000] {dag.py:3834} INFO - Setting next_dagrun for example_weekday_branch_operator to 2026-03-14 00:00:00+00:00, run_after=2026-03-15 00:00:00+00:00
[2026-03-15T17:25:51.198+0000] {processor.py:183} INFO - Processing /home/airflow/.local/lib/python3.11/site-packages/airflow/example_dags/example_branch_day_of_week_operator.py took 0.050 seconds
[2026-03-15T17:26:21.335+0000] {processor.py:161} INFO - Started process (PID=347) to work on /home/airflow/.local/lib/python3.11/site-packages/airflow/example_dags/example_branch_day_of_week_operator.py
[2026-03-15T17:26:21.336+0000] {processor.py:830} INFO - Processing file /home/airflow/.local/lib/python3.11/site-packages/airflow/example_dags/example_branch_day_of_week_operator.py for tasks to queue
[2026-03-15T17:26:21.338+0000] {logging_mixin.py:188} INFO - [2026-03-15T17:26:21.338+0000] {dagbag.py:540} INFO - Filling up the DagBag from /home/airflow/.local/lib/python3.11/site-packages/airflow/example_dags/example_branch_day_of_week_operator.py
[2026-03-15T17:26:21.344+0000] {processor.py:840} INFO - DAG(s) 'example_weekday_branch_operator' retrieved from /home/airflow/.local/lib/python3.11/site-packages/airflow/example_dags/example_branch_day_of_week_operator.py
[2026-03-15T17:26:21.362+0000] {logging_mixin.py:188} INFO - [2026-03-15T17:26:21.362+0000] {dag.py:3047} INFO - Sync 1 DAGs
[2026-03-15T17:26:21.377+0000] {logging_mixin.py:188} INFO - [2026-03-15T17:26:21.377+0000] {dag.py:3834} INFO - Setting next_dagrun for example_weekday_branch_operator to 2026-03-14 00:00:00+00:00, run_after=2026-03-15 00:00:00+00:00
[2026-03-15T17:26:21.390+0000] {processor.py:183} INFO - Processing /home/airflow/.local/lib/python3.11/site-packages/airflow/example_dags/example_branch_day_of_week_operator.py took 0.058 seconds
[2026-03-15T17:26:51.700+0000] {processor.py:161} INFO - Started process (PID=398) to work on /home/airflow/.local/lib/python3.11/site-packages/airflow/example_dags/example_branch_day_of_week_operator.py
[2026-03-15T17:26:51.701+0000] {processor.py:830} INFO - Processing file /home/airflow/.local/lib/python3.11/site-packages/airflow/example_dags/example_branch_day_of_week_operator.py for tasks to queue
[2026-03-15T17:26:51.705+0000] {logging_mixin.py:188} INFO - [2026-03-15T17:26:51.705+0000] {dagbag.py:540} INFO - Filling up the DagBag from /home/airflow/.local/lib/python3.11/site-packages/airflow/example_dags/example_branch_day_of_week_operator.py
[2026-03-15T17:26:51.714+0000] {processor.py:840} INFO - DAG(s) 'example_weekday_branch_operator' retrieved from /home/airflow/.local/lib/python3.11/site-packages/airflow/example_dags/example_branch_day_of_week_operator.py
[2026-03-15T17:26:51.738+0000] {logging_mixin.py:188} INFO - [2026-03-15T17:26:51.737+0000] {dag.py:3047} INFO - Sync 1 DAGs
[2026-03-15T17:26:51.766+0000] {logging_mixin.py:188} INFO - [2026-03-15T17:26:51.766+0000] {dag.py:3834} INFO - Setting next_dagrun for example_weekday_branch_operator to 2026-03-14 00:00:00+00:00, run_after=2026-03-15 00:00:00+00:00
[2026-03-15T17:26:51.798+0000] {processor.py:183} INFO - Processing /home/airflow/.local/lib/python3.11/site-packages/airflow/example_dags/example_branch_day_of_week_operator.py took 0.103 seconds
[2026-03-15T17:26:56.630+0000] {processor.py:161} INFO - Started process (PID=448) to work on /home/airflow/.local/lib/python3.11/site-packages/airflow/example_dags/example_branch_day_of_week_operator.py
[2026-03-15T17:26:56.631+0000] {processor.py:830} INFO - Processing file /home/airflow/.local/lib/python3.11/site-packages/airflow/example_dags/example_branch_day_of_week_operator.py for tasks to queue
[2026-03-15T17:26:56.634+0000] {logging_mixin.py:188} INFO - [2026-03-15T17:26:56.633+0000] {dagbag.py:540} INFO - Filling up the DagBag from /home/airflow/.local/lib/python3.11/site-packages/airflow/example_dags/example_branch_day_of_week_operator.py
[2026-03-15T17:26:56.640+0000] {processor.py:840} INFO - DAG(s) 'example_weekday_branch_operator' retrieved from /home/airflow/.local/lib/python3.11/site-packages/airflow/example_dags/example_branch_day_of_week_operator.py
[2026-03-15T17:26:56.661+0000] {logging_mixin.py:188} INFO - [2026-03-15T17:26:56.661+0000] {dag.py:3047} INFO - Sync 1 DAGs
[2026-03-15T17:26:56.680+0000] {logging_mixin.py:188} INFO - [2026-03-15T17:26:56.679+0000] {dag.py:3834} INFO - Setting next_dagrun for example_weekday_branch_operator to 2026-03-14 00:00:00+00:00, run_after=2026-03-15 00:00:00+00:00
[2026-03-15T17:26:56.710+0000] {processor.py:183} INFO - Processing /home/airflow/.local/lib/python3.11/site-packages/airflow/example_dags/example_branch_day_of_week_operator.py took 0.084 seconds
[2026-03-15T17:27:07.007+0000] {processor.py:161} INFO - Started process (PID=498) to work on /home/airflow/.local/lib/python3.11/site-packages/airflow/example_dags/example_branch_day_of_week_operator.py
[2026-03-15T17:27:07.009+0000] {processor.py:830} INFO - Processing file /home/airflow/.local/lib/python3.11/site-packages/airflow/example_dags/example_branch_day_of_week_operator.py for tasks to queue
[2026-03-15T17:27:07.010+0000] {logging_mixin.py:188} INFO - [2026-03-15T17:27:07.010+0000] {dagbag.py:540} INFO - Filling up the DagBag from /home/airflow/.local/lib/python3.11/site-packages/airflow/example_dags/example_branch_day_of_week_operator.py
[2026-03-15T17:27:07.026+0000] {processor.py:840} INFO - DAG(s) 'example_weekday_branch_operator' retrieved from /home/airflow/.local/lib/python3.11/site-packages/airflow/example_dags/example_branch_day_of_week_operator.py
[2026-03-15T17:27:07.044+0000] {logging_mixin.py:188} INFO - [2026-03-15T17:27:07.043+0000] {dag.py:3047} INFO - Sync 1 DAGs
[2026-03-15T17:27:07.060+0000] {logging_mixin.py:188} INFO - [2026-03-15T17:27:07.060+0000] {dag.py:3834} INFO - Setting next_dagrun for example_weekday_branch_operator to 2026-03-14 00:00:00+00:00, run_after=2026-03-15 00:00:00+00:00
[2026-03-15T17:27:07.074+0000] {processor.py:183} INFO - Processing /home/airflow/.local/lib/python3.11/site-packages/airflow/example_dags/example_branch_day_of_week_operator.py took 0.070 seconds
[2026-03-15T17:27:11.323+0000] {processor.py:161} INFO - Started process (PID=547) to work on /home/airflow/.local/lib/python3.11/site-packages/airflow/example_dags/example_branch_day_of_week_operator.py
[2026-03-15T17:27:11.324+0000] {processor.py:830} INFO - Processing file /home/airflow/.local/lib/python3.11/site-packages/airflow/example_dags/example_branch_day_of_week_operator.py for tasks to queue
[2026-03-15T17:27:11.327+0000] {logging_mixin.py:188} INFO - [2026-03-15T17:27:11.326+0000] {dagbag.py:540} INFO - Filling up the DagBag from /home/airflow/.local/lib/python3.11/site-packages/airflow/example_dags/example_branch_day_of_week_operator.py
[2026-03-15T17:27:11.334+0000] {processor.py:840} INFO - DAG(s) 'example_weekday_branch_operator' retrieved from /home/airflow/.local/lib/python3.11/site-packages/airflow/example_dags/example_branch_day_of_week_operator.py
[2026-03-15T17:27:11.352+0000] {logging_mixin.py:188} INFO - [2026-03-15T17:27:11.352+0000] {dag.py:3047} INFO - Sync 1 DAGs
[2026-03-15T17:27:11.371+0000] {logging_mixin.py:188} INFO - [2026-03-15T17:27:11.371+0000] {dag.py:3834} INFO - Setting next_dagrun for example_weekday_branch_operator to 2026-03-14 00:00:00+00:00, run_after=2026-03-15 00:00:00+00:00
[2026-03-15T17:27:11.385+0000] {processor.py:183} INFO - Processing /home/airflow/.local/lib/python3.11/site-packages/airflow/example_dags/example_branch_day_of_week_operator.py took 0.065 seconds
[2026-03-15T17:28:01.008+0000] {processor.py:161} INFO - Started process (PID=109) to work on /home/airflow/.local/lib/python3.11/site-packages/airflow/example_dags/example_branch_day_of_week_operator.py
[2026-03-15T17:28:01.009+0000] {processor.py:830} INFO - Processing file /home/airflow/.local/lib/python3.11/site-packages/airflow/example_dags/example_branch_day_of_week_operator.py for tasks to queue
[2026-03-15T17:28:01.011+0000] {logging_mixin.py:188} INFO - [2026-03-15T17:28:01.011+0000] {dagbag.py:540} INFO - Filling up the DagBag from /home/airflow/.local/lib/python3.11/site-packages/airflow/example_dags/example_branch_day_of_week_operator.py
[2026-03-15T17:28:01.017+0000] {processor.py:840} INFO - DAG(s) 'example_weekday_branch_operator' retrieved from /home/airflow/.local/lib/python3.11/site-packages/airflow/example_dags/example_branch_day_of_week_operator.py
[2026-03-15T17:28:01.090+0000] {logging_mixin.py:188} INFO - [2026-03-15T17:28:01.090+0000] {override.py:1769} INFO - Created Permission View: can edit on DAG:example_weekday_branch_operator
[2026-03-15T17:28:01.098+0000] {logging_mixin.py:188} INFO - [2026-03-15T17:28:01.098+0000] {override.py:1769} INFO - Created Permission View: can read on DAG:example_weekday_branch_operator
[2026-03-15T17:28:01.105+0000] {logging_mixin.py:188} INFO - [2026-03-15T17:28:01.104+0000] {override.py:1769} INFO - Created Permission View: can delete on DAG:example_weekday_branch_operator
[2026-03-15T17:28:01.105+0000] {logging_mixin.py:188} INFO - [2026-03-15T17:28:01.105+0000] {dag.py:3047} INFO - Sync 1 DAGs
[2026-03-15T17:28:01.113+0000] {logging_mixin.py:188} INFO - [2026-03-15T17:28:01.112+0000] {dag.py:3069} INFO - Creating ORM DAG for example_weekday_branch_operator
[2026-03-15T17:28:01.121+0000] {logging_mixin.py:188} INFO - [2026-03-15T17:28:01.121+0000] {dag.py:3834} INFO - Setting next_dagrun for example_weekday_branch_operator to 2026-03-14 00:00:00+00:00, run_after=2026-03-15 00:00:00+00:00
[2026-03-15T17:28:01.141+0000] {processor.py:183} INFO - Processing /home/airflow/.local/lib/python3.11/site-packages/airflow/example_dags/example_branch_day_of_week_operator.py took 0.135 seconds
[2026-03-15T17:28:31.976+0000] {processor.py:161} INFO - Started process (PID=163) to work on /home/airflow/.local/lib/python3.11/site-packages/airflow/example_dags/example_branch_day_of_week_operator.py
[2026-03-15T17:28:31.977+0000] {processor.py:830} INFO - Processing file /home/airflow/.local/lib/python3.11/site-packages/airflow/example_dags/example_branch_day_of_week_operator.py for tasks to queue
[2026-03-15T17:28:31.979+0000] {logging_mixin.py:188} INFO - [2026-03-15T17:28:31.978+0000] {dagbag.py:540} INFO - Filling up the DagBag from /home/airflow/.local/lib/python3.11/site-packages/airflow/example_dags/example_branch_day_of_week_operator.py
[2026-03-15T17:28:31.985+0000] {processor.py:840} INFO - DAG(s) 'example_weekday_branch_operator' retrieved from /home/airflow/.local/lib/python3.11/site-packages/airflow/example_dags/example_branch_day_of_week_operator.py
[2026-03-15T17:28:32.001+0000] {logging_mixin.py:188} INFO - [2026-03-15T17:28:32.001+0000] {dag.py:3047} INFO - Sync 1 DAGs
[2026-03-15T17:28:32.016+0000] {logging_mixin.py:188} INFO - [2026-03-15T17:28:32.016+0000] {dag.py:3834} INFO - Setting next_dagrun for example_weekday_branch_operator to 2026-03-14 00:00:00+00:00, run_after=2026-03-15 00:00:00+00:00
[2026-03-15T17:28:32.030+0000] {processor.py:183} INFO - Processing /home/airflow/.local/lib/python3.11/site-packages/airflow/example_dags/example_branch_day_of_week_operator.py took 0.057 seconds
[2026-03-15T17:28:34.190+0000] {processor.py:161} INFO - Started process (PID=206) to work on /home/airflow/.local/lib/python3.11/site-packages/airflow/example_dags/example_branch_day_of_week_operator.py
[2026-03-15T17:28:34.191+0000] {processor.py:830} INFO - Processing file /home/airflow/.local/lib/python3.11/site-packages/airflow/example_dags/example_branch_day_of_week_operator.py for tasks to queue
[2026-03-15T17:28:34.194+0000] {logging_mixin.py:188} INFO - [2026-03-15T17:28:34.194+0000] {dagbag.py:540} INFO - Filling up the DagBag from /home/airflow/.local/lib/python3.11/site-packages/airflow/example_dags/example_branch_day_of_week_operator.py
[2026-03-15T17:28:34.204+0000] {processor.py:840} INFO - DAG(s) 'example_weekday_branch_operator' retrieved from /home/airflow/.local/lib/python3.11/site-packages/airflow/example_dags/example_branch_day_of_week_operator.py
[2026-03-15T17:28:34.220+0000] {logging_mixin.py:188} INFO - [2026-03-15T17:28:34.220+0000] {dag.py:3047} INFO - Sync 1 DAGs
[2026-03-15T17:28:34.238+0000] {logging_mixin.py:188} INFO - [2026-03-15T17:28:34.238+0000] {dag.py:3834} INFO - Setting next_dagrun for example_weekday_branch_operator to 2026-03-14 00:00:00+00:00, run_after=2026-03-15 00:00:00+00:00
[2026-03-15T17:28:34.253+0000] {processor.py:183} INFO - Processing /home/airflow/.local/lib/python3.11/site-packages/airflow/example_dags/example_branch_day_of_week_operator.py took 0.067 seconds
[2026-03-15T17:28:38.370+0000] {processor.py:161} INFO - Started process (PID=248) to work on /home/airflow/.local/lib/python3.11/site-packages/airflow/example_dags/example_branch_day_of_week_operator.py
[2026-03-15T17:28:38.371+0000] {processor.py:830} INFO - Processing file /home/airflow/.local/lib/python3.11/site-packages/airflow/example_dags/example_branch_day_of_week_operator.py for tasks to queue
[2026-03-15T17:28:38.374+0000] {logging_mixin.py:188} INFO - [2026-03-15T17:28:38.373+0000] {dagbag.py:540} INFO - Filling up the DagBag from /home/airflow/.local/lib/python3.11/site-packages/airflow/example_dags/example_branch_day_of_week_operator.py
[2026-03-15T17:28:38.380+0000] {processor.py:840} INFO - DAG(s) 'example_weekday_branch_operator' retrieved from /home/airflow/.local/lib/python3.11/site-packages/airflow/example_dags/example_branch_day_of_week_operator.py
[2026-03-15T17:28:38.407+0000] {logging_mixin.py:188} INFO - [2026-03-15T17:28:38.407+0000] {dag.py:3047} INFO - Sync 1 DAGs
[2026-03-15T17:28:38.428+0000] {logging_mixin.py:188} INFO - [2026-03-15T17:28:38.428+0000] {dag.py:3834} INFO - Setting next_dagrun for example_weekday_branch_operator to 2026-03-14 00:00:00+00:00, run_after=2026-03-15 00:00:00+00:00
[2026-03-15T17:28:38.448+0000] {processor.py:183} INFO - Processing /home/airflow/.local/lib/python3.11/site-packages/airflow/example_dags/example_branch_day_of_week_operator.py took 0.081 seconds
[2026-03-15T17:29:09.164+0000] {processor.py:161} INFO - Started process (PID=307) to work on /home/airflow/.local/lib/python3.11/site-packages/airflow/example_dags/example_branch_day_of_week_operator.py
[2026-03-15T17:29:09.165+0000] {processor.py:830} INFO - Processing file /home/airflow/.local/lib/python3.11/site-packages/airflow/example_dags/example_branch_day_of_week_operator.py for tasks to queue
[2026-03-15T17:29:09.167+0000] {logging_mixin.py:188} INFO - [2026-03-15T17:29:09.167+0000] {dagbag.py:540} INFO - Filling up the DagBag from /home/airflow/.local/lib/python3.11/site-packages/airflow/example_dags/example_branch_day_of_week_operator.py
[2026-03-15T17:29:09.175+0000] {processor.py:840} INFO - DAG(s) 'example_weekday_branch_operator' retrieved from /home/airflow/.local/lib/python3.11/site-packages/airflow/example_dags/example_branch_day_of_week_operator.py
[2026-03-15T17:29:09.197+0000] {logging_mixin.py:188} INFO - [2026-03-15T17:29:09.197+0000] {dag.py:3047} INFO - Sync 1 DAGs
[2026-03-15T17:29:09.218+0000] {logging_mixin.py:188} INFO - [2026-03-15T17:29:09.217+0000] {dag.py:3834} INFO - Setting next_dagrun for example_weekday_branch_operator to 2026-03-14 00:00:00+00:00, run_after=2026-03-15 00:00:00+00:00
[2026-03-15T17:29:09.239+0000] {processor.py:183} INFO - Processing /home/airflow/.local/lib/python3.11/site-packages/airflow/example_dags/example_branch_day_of_week_operator.py took 0.079 seconds
[2026-03-15T17:29:39.492+0000] {processor.py:161} INFO - Started process (PID=358) to work on /home/airflow/.local/lib/python3.11/site-packages/airflow/example_dags/example_branch_day_of_week_operator.py
[2026-03-15T17:29:39.493+0000] {processor.py:830} INFO - Processing file /home/airflow/.local/lib/python3.11/site-packages/airflow/example_dags/example_branch_day_of_week_operator.py for tasks to queue
[2026-03-15T17:29:39.495+0000] {logging_mixin.py:188} INFO - [2026-03-15T17:29:39.495+0000] {dagbag.py:540} INFO - Filling up the DagBag from /home/airflow/.local/lib/python3.11/site-packages/airflow/example_dags/example_branch_day_of_week_operator.py
[2026-03-15T17:29:39.501+0000] {processor.py:840} INFO - DAG(s) 'example_weekday_branch_operator' retrieved from /home/airflow/.local/lib/python3.11/site-packages/airflow/example_dags/example_branch_day_of_week_operator.py
[2026-03-15T17:29:39.520+0000] {logging_mixin.py:188} INFO - [2026-03-15T17:29:39.519+0000] {dag.py:3047} INFO - Sync 1 DAGs
[2026-03-15T17:29:39.537+0000] {logging_mixin.py:188} INFO - [2026-03-15T17:29:39.536+0000] {dag.py:3834} INFO - Setting next_dagrun for example_weekday_branch_operator to 2026-03-14 00:00:00+00:00, run_after=2026-03-15 00:00:00+00:00
[2026-03-15T17:29:39.551+0000] {processor.py:183} INFO - Processing /home/airflow/.local/lib/python3.11/site-packages/airflow/example_dags/example_branch_day_of_week_operator.py took 0.062 seconds
[2026-03-15T17:30:10.514+0000] {processor.py:161} INFO - Started process (PID=410) to work on /home/airflow/.local/lib/python3.11/site-packages/airflow/example_dags/example_branch_day_of_week_operator.py
[2026-03-15T17:30:10.515+0000] {processor.py:830} INFO - Processing file /home/airflow/.local/lib/python3.11/site-packages/airflow/example_dags/example_branch_day_of_week_operator.py for tasks to queue
[2026-03-15T17:30:10.516+0000] {logging_mixin.py:188} INFO - [2026-03-15T17:30:10.516+0000] {dagbag.py:540} INFO - Filling up the DagBag from /home/airflow/.local/lib/python3.11/site-packages/airflow/example_dags/example_branch_day_of_week_operator.py
[2026-03-15T17:30:10.523+0000] {processor.py:840} INFO - DAG(s) 'example_weekday_branch_operator' retrieved from /home/airflow/.local/lib/python3.11/site-packages/airflow/example_dags/example_branch_day_of_week_operator.py
[2026-03-15T17:30:10.539+0000] {logging_mixin.py:188} INFO - [2026-03-15T17:30:10.539+0000] {dag.py:3047} INFO - Sync 1 DAGs
[2026-03-15T17:30:10.558+0000] {logging_mixin.py:188} INFO - [2026-03-15T17:30:10.558+0000] {dag.py:3834} INFO - Setting next_dagrun for example_weekday_branch_operator to 2026-03-14 00:00:00+00:00, run_after=2026-03-15 00:00:00+00:00
[2026-03-15T17:30:10.572+0000] {processor.py:183} INFO - Processing /home/airflow/.local/lib/python3.11/site-packages/airflow/example_dags/example_branch_day_of_week_operator.py took 0.061 seconds
[2026-03-15T17:30:34.798+0000] {processor.py:161} INFO - Started process (PID=471) to work on /home/airflow/.local/lib/python3.11/site-packages/airflow/example_dags/example_branch_day_of_week_operator.py
[2026-03-15T17:30:34.799+0000] {processor.py:830} INFO - Processing file /home/airflow/.local/lib/python3.11/site-packages/airflow/example_dags/example_branch_day_of_week_operator.py for tasks to queue
[2026-03-15T17:30:34.805+0000] {logging_mixin.py:188} INFO - [2026-03-15T17:30:34.804+0000] {dagbag.py:540} INFO - Filling up the DagBag from /home/airflow/.local/lib/python3.11/site-packages/airflow/example_dags/example_branch_day_of_week_operator.py
[2026-03-15T17:30:34.815+0000] {processor.py:840} INFO - DAG(s) 'example_weekday_branch_operator' retrieved from /home/airflow/.local/lib/python3.11/site-packages/airflow/example_dags/example_branch_day_of_week_operator.py
[2026-03-15T17:30:34.838+0000] {logging_mixin.py:188} INFO - [2026-03-15T17:30:34.837+0000] {dag.py:3047} INFO - Sync 1 DAGs
[2026-03-15T17:30:34.859+0000] {logging_mixin.py:188} INFO - [2026-03-15T17:30:34.859+0000] {dag.py:3834} INFO - Setting next_dagrun for example_weekday_branch_operator to 2026-03-14 00:00:00+00:00, run_after=2026-03-15 00:00:00+00:00
[2026-03-15T17:30:34.877+0000] {processor.py:183} INFO - Processing /home/airflow/.local/lib/python3.11/site-packages/airflow/example_dags/example_branch_day_of_week_operator.py took 0.083 seconds
[2026-03-15T17:30:38.411+0000] {processor.py:161} INFO - Started process (PID=519) to work on /home/airflow/.local/lib/python3.11/site-packages/airflow/example_dags/example_branch_day_of_week_operator.py
[2026-03-15T17:30:38.412+0000] {processor.py:830} INFO - Processing file /home/airflow/.local/lib/python3.11/site-packages/airflow/example_dags/example_branch_day_of_week_operator.py for tasks to queue
[2026-03-15T17:30:38.414+0000] {logging_mixin.py:188} INFO - [2026-03-15T17:30:38.413+0000] {dagbag.py:540} INFO - Filling up the DagBag from /home/airflow/.local/lib/python3.11/site-packages/airflow/example_dags/example_branch_day_of_week_operator.py
[2026-03-15T17:30:38.420+0000] {processor.py:840} INFO - DAG(s) 'example_weekday_branch_operator' retrieved from /home/airflow/.local/lib/python3.11/site-packages/airflow/example_dags/example_branch_day_of_week_operator.py
[2026-03-15T17:30:38.435+0000] {logging_mixin.py:188} INFO - [2026-03-15T17:30:38.435+0000] {dag.py:3047} INFO - Sync 1 DAGs
[2026-03-15T17:30:38.451+0000] {logging_mixin.py:188} INFO - [2026-03-15T17:30:38.451+0000] {dag.py:3834} INFO - Setting next_dagrun for example_weekday_branch_operator to 2026-03-14 00:00:00+00:00, run_after=2026-03-15 00:00:00+00:00
[2026-03-15T17:30:38.464+0000] {processor.py:183} INFO - Processing /home/airflow/.local/lib/python3.11/site-packages/airflow/example_dags/example_branch_day_of_week_operator.py took 0.056 seconds
[2026-03-15T17:31:09.383+0000] {processor.py:161} INFO - Started process (PID=580) to work on /home/airflow/.local/lib/python3.11/site-packages/airflow/example_dags/example_branch_day_of_week_operator.py
[2026-03-15T17:31:09.384+0000] {processor.py:830} INFO - Processing file /home/airflow/.local/lib/python3.11/site-packages/airflow/example_dags/example_branch_day_of_week_operator.py for tasks to queue
[2026-03-15T17:31:09.386+0000] {logging_mixin.py:188} INFO - [2026-03-15T17:31:09.386+0000] {dagbag.py:540} INFO - Filling up the DagBag from /home/airflow/.local/lib/python3.11/site-packages/airflow/example_dags/example_branch_day_of_week_operator.py
[2026-03-15T17:31:09.392+0000] {processor.py:840} INFO - DAG(s) 'example_weekday_branch_operator' retrieved from /home/airflow/.local/lib/python3.11/site-packages/airflow/example_dags/example_branch_day_of_week_operator.py
[2026-03-15T17:31:09.415+0000] {logging_mixin.py:188} INFO - [2026-03-15T17:31:09.415+0000] {dag.py:3047} INFO - Sync 1 DAGs
[2026-03-15T17:31:09.433+0000] {logging_mixin.py:188} INFO - [2026-03-15T17:31:09.433+0000] {dag.py:3834} INFO - Setting next_dagrun for example_weekday_branch_operator to 2026-03-14 00:00:00+00:00, run_after=2026-03-15 00:00:00+00:00
[2026-03-15T17:31:09.449+0000] {processor.py:183} INFO - Processing /home/airflow/.local/lib/python3.11/site-packages/airflow/example_dags/example_branch_day_of_week_operator.py took 0.068 seconds
[2026-03-15T17:31:39.830+0000] {processor.py:161} INFO - Started process (PID=632) to work on /home/airflow/.local/lib/python3.11/site-packages/airflow/example_dags/example_branch_day_of_week_operator.py
[2026-03-15T17:31:39.831+0000] {processor.py:830} INFO - Processing file /home/airflow/.local/lib/python3.11/site-packages/airflow/example_dags/example_branch_day_of_week_operator.py for tasks to queue
[2026-03-15T17:31:39.833+0000] {logging_mixin.py:188} INFO - [2026-03-15T17:31:39.833+0000] {dagbag.py:540} INFO - Filling up the DagBag from /home/airflow/.local/lib/python3.11/site-packages/airflow/example_dags/example_branch_day_of_week_operator.py
[2026-03-15T17:31:39.839+0000] {processor.py:840} INFO - DAG(s) 'example_weekday_branch_operator' retrieved from /home/airflow/.local/lib/python3.11/site-packages/airflow/example_dags/example_branch_day_of_week_operator.py
[2026-03-15T17:31:39.857+0000] {logging_mixin.py:188} INFO - [2026-03-15T17:31:39.857+0000] {dag.py:3047} INFO - Sync 1 DAGs
[2026-03-15T17:31:39.874+0000] {logging_mixin.py:188} INFO - [2026-03-15T17:31:39.874+0000] {dag.py:3834} INFO - Setting next_dagrun for example_weekday_branch_operator to 2026-03-14 00:00:00+00:00, run_after=2026-03-15 00:00:00+00:00
[2026-03-15T17:31:39.889+0000] {processor.py:183} INFO - Processing /home/airflow/.local/lib/python3.11/site-packages/airflow/example_dags/example_branch_day_of_week_operator.py took 0.061 seconds
[2026-03-15T17:31:44.400+0000] {processor.py:161} INFO - Started process (PID=682) to work on /home/airflow/.local/lib/python3.11/site-packages/airflow/example_dags/example_branch_day_of_week_operator.py
[2026-03-15T17:31:44.401+0000] {processor.py:830} INFO - Processing file /home/airflow/.local/lib/python3.11/site-packages/airflow/example_dags/example_branch_day_of_week_operator.py for tasks to queue
[2026-03-15T17:31:44.403+0000] {logging_mixin.py:188} INFO - [2026-03-15T17:31:44.403+0000] {dagbag.py:540} INFO - Filling up the DagBag from /home/airflow/.local/lib/python3.11/site-packages/airflow/example_dags/example_branch_day_of_week_operator.py
[2026-03-15T17:31:44.409+0000] {processor.py:840} INFO - DAG(s) 'example_weekday_branch_operator' retrieved from /home/airflow/.local/lib/python3.11/site-packages/airflow/example_dags/example_branch_day_of_week_operator.py
[2026-03-15T17:31:44.426+0000] {logging_mixin.py:188} INFO - [2026-03-15T17:31:44.426+0000] {dag.py:3047} INFO - Sync 1 DAGs
[2026-03-15T17:31:44.441+0000] {logging_mixin.py:188} INFO - [2026-03-15T17:31:44.441+0000] {dag.py:3834} INFO - Setting next_dagrun for example_weekday_branch_operator to 2026-03-14 00:00:00+00:00, run_after=2026-03-15 00:00:00+00:00
[2026-03-15T17:31:44.455+0000] {processor.py:183} INFO - Processing /home/airflow/.local/lib/python3.11/site-packages/airflow/example_dags/example_branch_day_of_week_operator.py took 0.058 seconds
[2026-03-15T17:32:15.452+0000] {processor.py:161} INFO - Started process (PID=739) to work on /home/airflow/.local/lib/python3.11/site-packages/airflow/example_dags/example_branch_day_of_week_operator.py
[2026-03-15T17:32:15.453+0000] {processor.py:830} INFO - Processing file /home/airflow/.local/lib/python3.11/site-packages/airflow/example_dags/example_branch_day_of_week_operator.py for tasks to queue
[2026-03-15T17:32:15.455+0000] {logging_mixin.py:188} INFO - [2026-03-15T17:32:15.455+0000] {dagbag.py:540} INFO - Filling up the DagBag from /home/airflow/.local/lib/python3.11/site-packages/airflow/example_dags/example_branch_day_of_week_operator.py
[2026-03-15T17:32:15.462+0000] {processor.py:840} INFO - DAG(s) 'example_weekday_branch_operator' retrieved from /home/airflow/.local/lib/python3.11/site-packages/airflow/example_dags/example_branch_day_of_week_operator.py
[2026-03-15T17:32:15.481+0000] {logging_mixin.py:188} INFO - [2026-03-15T17:32:15.481+0000] {dag.py:3047} INFO - Sync 1 DAGs
[2026-03-15T17:32:15.502+0000] {logging_mixin.py:188} INFO - [2026-03-15T17:32:15.501+0000] {dag.py:3834} INFO - Setting next_dagrun for example_weekday_branch_operator to 2026-03-14 00:00:00+00:00, run_after=2026-03-15 00:00:00+00:00
[2026-03-15T17:32:15.521+0000] {processor.py:183} INFO - Processing /home/airflow/.local/lib/python3.11/site-packages/airflow/example_dags/example_branch_day_of_week_operator.py took 0.072 seconds
[2026-03-15T17:32:45.812+0000] {processor.py:161} INFO - Started process (PID=792) to work on /home/airflow/.local/lib/python3.11/site-packages/airflow/example_dags/example_branch_day_of_week_operator.py
[2026-03-15T17:32:45.814+0000] {processor.py:830} INFO - Processing file /home/airflow/.local/lib/python3.11/site-packages/airflow/example_dags/example_branch_day_of_week_operator.py for tasks to queue
[2026-03-15T17:32:45.815+0000] {logging_mixin.py:188} INFO - [2026-03-15T17:32:45.815+0000] {dagbag.py:540} INFO - Filling up the DagBag from /home/airflow/.local/lib/python3.11/site-packages/airflow/example_dags/example_branch_day_of_week_operator.py
[2026-03-15T17:32:45.822+0000] {processor.py:840} INFO - DAG(s) 'example_weekday_branch_operator' retrieved from /home/airflow/.local/lib/python3.11/site-packages/airflow/example_dags/example_branch_day_of_week_operator.py
[2026-03-15T17:32:45.838+0000] {logging_mixin.py:188} INFO - [2026-03-15T17:32:45.837+0000] {dag.py:3047} INFO - Sync 1 DAGs
[2026-03-15T17:32:45.854+0000] {logging_mixin.py:188} INFO - [2026-03-15T17:32:45.854+0000] {dag.py:3834} INFO - Setting next_dagrun for example_weekday_branch_operator to 2026-03-14 00:00:00+00:00, run_after=2026-03-15 00:00:00+00:00
[2026-03-15T17:32:45.868+0000] {processor.py:183} INFO - Processing /home/airflow/.local/lib/python3.11/site-packages/airflow/example_dags/example_branch_day_of_week_operator.py took 0.059 seconds
[2026-03-15T17:32:59.507+0000] {processor.py:161} INFO - Started process (PID=848) to work on /home/airflow/.local/lib/python3.11/site-packages/airflow/example_dags/example_branch_day_of_week_operator.py
[2026-03-15T17:32:59.508+0000] {processor.py:830} INFO - Processing file /home/airflow/.local/lib/python3.11/site-packages/airflow/example_dags/example_branch_day_of_week_operator.py for tasks to queue
[2026-03-15T17:32:59.510+0000] {logging_mixin.py:188} INFO - [2026-03-15T17:32:59.509+0000] {dagbag.py:540} INFO - Filling up the DagBag from /home/airflow/.local/lib/python3.11/site-packages/airflow/example_dags/example_branch_day_of_week_operator.py
[2026-03-15T17:32:59.516+0000] {processor.py:840} INFO - DAG(s) 'example_weekday_branch_operator' retrieved from /home/airflow/.local/lib/python3.11/site-packages/airflow/example_dags/example_branch_day_of_week_operator.py
[2026-03-15T17:32:59.532+0000] {logging_mixin.py:188} INFO - [2026-03-15T17:32:59.532+0000] {dag.py:3047} INFO - Sync 1 DAGs
[2026-03-15T17:32:59.546+0000] {logging_mixin.py:188} INFO - [2026-03-15T17:32:59.546+0000] {dag.py:3834} INFO - Setting next_dagrun for example_weekday_branch_operator to 2026-03-14 00:00:00+00:00, run_after=2026-03-15 00:00:00+00:00
[2026-03-15T17:32:59.561+0000] {processor.py:183} INFO - Processing /home/airflow/.local/lib/python3.11/site-packages/airflow/example_dags/example_branch_day_of_week_operator.py took 0.056 seconds
[2026-03-15T17:33:14.799+0000] {processor.py:161} INFO - Started process (PID=895) to work on /home/airflow/.local/lib/python3.11/site-packages/airflow/example_dags/example_branch_day_of_week_operator.py
[2026-03-15T17:33:14.800+0000] {processor.py:830} INFO - Processing file /home/airflow/.local/lib/python3.11/site-packages/airflow/example_dags/example_branch_day_of_week_operator.py for tasks to queue
[2026-03-15T17:33:14.802+0000] {logging_mixin.py:188} INFO - [2026-03-15T17:33:14.802+0000] {dagbag.py:540} INFO - Filling up the DagBag from /home/airflow/.local/lib/python3.11/site-packages/airflow/example_dags/example_branch_day_of_week_operator.py
[2026-03-15T17:33:14.808+0000] {processor.py:840} INFO - DAG(s) 'example_weekday_branch_operator' retrieved from /home/airflow/.local/lib/python3.11/site-packages/airflow/example_dags/example_branch_day_of_week_operator.py
[2026-03-15T17:33:14.828+0000] {logging_mixin.py:188} INFO - [2026-03-15T17:33:14.827+0000] {dag.py:3047} INFO - Sync 1 DAGs
[2026-03-15T17:33:14.844+0000] {logging_mixin.py:188} INFO - [2026-03-15T17:33:14.844+0000] {dag.py:3834} INFO - Setting next_dagrun for example_weekday_branch_operator to 2026-03-14 00:00:00+00:00, run_after=2026-03-15 00:00:00+00:00
[2026-03-15T17:33:14.859+0000] {processor.py:183} INFO - Processing /home/airflow/.local/lib/python3.11/site-packages/airflow/example_dags/example_branch_day_of_week_operator.py took 0.063 seconds
[2026-03-15T17:33:45.127+0000] {processor.py:161} INFO - Started process (PID=952) to work on /home/airflow/.local/lib/python3.11/site-packages/airflow/example_dags/example_branch_day_of_week_operator.py
[2026-03-15T17:33:45.129+0000] {processor.py:830} INFO - Processing file /home/airflow/.local/lib/python3.11/site-packages/airflow/example_dags/example_branch_day_of_week_operator.py for tasks to queue
[2026-03-15T17:33:45.131+0000] {logging_mixin.py:188} INFO - [2026-03-15T17:33:45.131+0000] {dagbag.py:540} INFO - Filling up the DagBag from /home/airflow/.local/lib/python3.11/site-packages/airflow/example_dags/example_branch_day_of_week_operator.py
[2026-03-15T17:33:45.139+0000] {processor.py:840} INFO - DAG(s) 'example_weekday_branch_operator' retrieved from /home/airflow/.local/lib/python3.11/site-packages/airflow/example_dags/example_branch_day_of_week_operator.py
[2026-03-15T17:33:45.164+0000] {logging_mixin.py:188} INFO - [2026-03-15T17:33:45.163+0000] {dag.py:3047} INFO - Sync 1 DAGs
[2026-03-15T17:33:45.184+0000] {logging_mixin.py:188} INFO - [2026-03-15T17:33:45.184+0000] {dag.py:3834} INFO - Setting next_dagrun for example_weekday_branch_operator to 2026-03-14 00:00:00+00:00, run_after=2026-03-15 00:00:00+00:00
[2026-03-15T17:33:45.201+0000] {processor.py:183} INFO - Processing /home/airflow/.local/lib/python3.11/site-packages/airflow/example_dags/example_branch_day_of_week_operator.py took 0.077 seconds
[2026-03-15T17:33:49.802+0000] {processor.py:161} INFO - Started process (PID=1002) to work on /home/airflow/.local/lib/python3.11/site-packages/airflow/example_dags/example_branch_day_of_week_operator.py
[2026-03-15T17:33:49.803+0000] {processor.py:830} INFO - Processing file /home/airflow/.local/lib/python3.11/site-packages/airflow/example_dags/example_branch_day_of_week_operator.py for tasks to queue
[2026-03-15T17:33:49.805+0000] {logging_mixin.py:188} INFO - [2026-03-15T17:33:49.805+0000] {dagbag.py:540} INFO - Filling up the DagBag from /home/airflow/.local/lib/python3.11/site-packages/airflow/example_dags/example_branch_day_of_week_operator.py
[2026-03-15T17:33:49.811+0000] {processor.py:840} INFO - DAG(s) 'example_weekday_branch_operator' retrieved from /home/airflow/.local/lib/python3.11/site-packages/airflow/example_dags/example_branch_day_of_week_operator.py
[2026-03-15T17:33:49.832+0000] {logging_mixin.py:188} INFO - [2026-03-15T17:33:49.832+0000] {dag.py:3047} INFO - Sync 1 DAGs
[2026-03-15T17:33:49.851+0000] {logging_mixin.py:188} INFO - [2026-03-15T17:33:49.850+0000] {dag.py:3834} INFO - Setting next_dagrun for example_weekday_branch_operator to 2026-03-14 00:00:00+00:00, run_after=2026-03-15 00:00:00+00:00
[2026-03-15T17:33:49.865+0000] {processor.py:183} INFO - Processing /home/airflow/.local/lib/python3.11/site-packages/airflow/example_dags/example_branch_day_of_week_operator.py took 0.066 seconds
[2026-03-15T17:34:08.358+0000] {processor.py:161} INFO - Started process (PID=1058) to work on /home/airflow/.local/lib/python3.11/site-packages/airflow/example_dags/example_branch_day_of_week_operator.py
[2026-03-15T17:34:08.359+0000] {processor.py:830} INFO - Processing file /home/airflow/.local/lib/python3.11/site-packages/airflow/example_dags/example_branch_day_of_week_operator.py for tasks to queue
[2026-03-15T17:34:08.361+0000] {logging_mixin.py:188} INFO - [2026-03-15T17:34:08.360+0000] {dagbag.py:540} INFO - Filling up the DagBag from /home/airflow/.local/lib/python3.11/site-packages/airflow/example_dags/example_branch_day_of_week_operator.py
[2026-03-15T17:34:08.367+0000] {processor.py:840} INFO - DAG(s) 'example_weekday_branch_operator' retrieved from /home/airflow/.local/lib/python3.11/site-packages/airflow/example_dags/example_branch_day_of_week_operator.py
[2026-03-15T17:34:08.383+0000] {logging_mixin.py:188} INFO - [2026-03-15T17:34:08.383+0000] {dag.py:3047} INFO - Sync 1 DAGs
[2026-03-15T17:34:08.400+0000] {logging_mixin.py:188} INFO - [2026-03-15T17:34:08.400+0000] {dag.py:3834} INFO - Setting next_dagrun for example_weekday_branch_operator to 2026-03-14 00:00:00+00:00, run_after=2026-03-15 00:00:00+00:00
[2026-03-15T17:34:08.415+0000] {processor.py:183} INFO - Processing /home/airflow/.local/lib/python3.11/site-packages/airflow/example_dags/example_branch_day_of_week_operator.py took 0.060 seconds
[2026-03-15T17:34:14.399+0000] {processor.py:161} INFO - Started process (PID=1101) to work on /home/airflow/.local/lib/python3.11/site-packages/airflow/example_dags/example_branch_day_of_week_operator.py
[2026-03-15T17:34:14.400+0000] {processor.py:830} INFO - Processing file /home/airflow/.local/lib/python3.11/site-packages/airflow/example_dags/example_branch_day_of_week_operator.py for tasks to queue
[2026-03-15T17:34:14.401+0000] {logging_mixin.py:188} INFO - [2026-03-15T17:34:14.401+0000] {dagbag.py:540} INFO - Filling up the DagBag from /home/airflow/.local/lib/python3.11/site-packages/airflow/example_dags/example_branch_day_of_week_operator.py
[2026-03-15T17:34:14.407+0000] {processor.py:840} INFO - DAG(s) 'example_weekday_branch_operator' retrieved from /home/airflow/.local/lib/python3.11/site-packages/airflow/example_dags/example_branch_day_of_week_operator.py
[2026-03-15T17:34:14.429+0000] {logging_mixin.py:188} INFO - [2026-03-15T17:34:14.429+0000] {dag.py:3047} INFO - Sync 1 DAGs
[2026-03-15T17:34:14.445+0000] {logging_mixin.py:188} INFO - [2026-03-15T17:34:14.444+0000] {dag.py:3834} INFO - Setting next_dagrun for example_weekday_branch_operator to 2026-03-14 00:00:00+00:00, run_after=2026-03-15 00:00:00+00:00
[2026-03-15T17:34:14.459+0000] {processor.py:183} INFO - Processing /home/airflow/.local/lib/python3.11/site-packages/airflow/example_dags/example_branch_day_of_week_operator.py took 0.063 seconds
[2026-03-15T17:34:19.456+0000] {processor.py:161} INFO - Started process (PID=1142) to work on /home/airflow/.local/lib/python3.11/site-packages/airflow/example_dags/example_branch_day_of_week_operator.py
[2026-03-15T17:34:19.458+0000] {processor.py:830} INFO - Processing file /home/airflow/.local/lib/python3.11/site-packages/airflow/example_dags/example_branch_day_of_week_operator.py for tasks to queue
[2026-03-15T17:34:19.460+0000] {logging_mixin.py:188} INFO - [2026-03-15T17:34:19.460+0000] {dagbag.py:540} INFO - Filling up the DagBag from /home/airflow/.local/lib/python3.11/site-packages/airflow/example_dags/example_branch_day_of_week_operator.py
[2026-03-15T17:34:19.466+0000] {processor.py:840} INFO - DAG(s) 'example_weekday_branch_operator' retrieved from /home/airflow/.local/lib/python3.11/site-packages/airflow/example_dags/example_branch_day_of_week_operator.py
[2026-03-15T17:34:19.485+0000] {logging_mixin.py:188} INFO - [2026-03-15T17:34:19.484+0000] {dag.py:3047} INFO - Sync 1 DAGs
[2026-03-15T17:34:19.501+0000] {logging_mixin.py:188} INFO - [2026-03-15T17:34:19.501+0000] {dag.py:3834} INFO - Setting next_dagrun for example_weekday_branch_operator to 2026-03-14 00:00:00+00:00, run_after=2026-03-15 00:00:00+00:00
[2026-03-15T17:34:19.515+0000] {processor.py:183} INFO - Processing /home/airflow/.local/lib/python3.11/site-packages/airflow/example_dags/example_branch_day_of_week_operator.py took 0.062 seconds
[2026-03-15T17:34:24.357+0000] {processor.py:161} INFO - Started process (PID=1181) to work on /home/airflow/.local/lib/python3.11/site-packages/airflow/example_dags/example_branch_day_of_week_operator.py
[2026-03-15T17:34:24.358+0000] {processor.py:830} INFO - Processing file /home/airflow/.local/lib/python3.11/site-packages/airflow/example_dags/example_branch_day_of_week_operator.py for tasks to queue
[2026-03-15T17:34:24.360+0000] {logging_mixin.py:188} INFO - [2026-03-15T17:34:24.360+0000] {dagbag.py:540} INFO - Filling up the DagBag from /home/airflow/.local/lib/python3.11/site-packages/airflow/example_dags/example_branch_day_of_week_operator.py
[2026-03-15T17:34:24.368+0000] {processor.py:840} INFO - DAG(s) 'example_weekday_branch_operator' retrieved from /home/airflow/.local/lib/python3.11/site-packages/airflow/example_dags/example_branch_day_of_week_operator.py
[2026-03-15T17:34:24.390+0000] {logging_mixin.py:188} INFO - [2026-03-15T17:34:24.390+0000] {dag.py:3047} INFO - Sync 1 DAGs
[2026-03-15T17:34:24.408+0000] {logging_mixin.py:188} INFO - [2026-03-15T17:34:24.408+0000] {dag.py:3834} INFO - Setting next_dagrun for example_weekday_branch_operator to 2026-03-14 00:00:00+00:00, run_after=2026-03-15 00:00:00+00:00
[2026-03-15T17:34:24.423+0000] {processor.py:183} INFO - Processing /home/airflow/.local/lib/python3.11/site-packages/airflow/example_dags/example_branch_day_of_week_operator.py took 0.069 seconds
[2026-03-15T17:34:39.169+0000] {processor.py:161} INFO - Started process (PID=1228) to work on /home/airflow/.local/lib/python3.11/site-packages/airflow/example_dags/example_branch_day_of_week_operator.py
[2026-03-15T17:34:39.170+0000] {processor.py:830} INFO - Processing file /home/airflow/.local/lib/python3.11/site-packages/airflow/example_dags/example_branch_day_of_week_operator.py for tasks to queue
[2026-03-15T17:34:39.172+0000] {logging_mixin.py:188} INFO - [2026-03-15T17:34:39.172+0000] {dagbag.py:540} INFO - Filling up the DagBag from /home/airflow/.local/lib/python3.11/site-packages/airflow/example_dags/example_branch_day_of_week_operator.py
[2026-03-15T17:34:39.178+0000] {processor.py:840} INFO - DAG(s) 'example_weekday_branch_operator' retrieved from /home/airflow/.local/lib/python3.11/site-packages/airflow/example_dags/example_branch_day_of_week_operator.py
[2026-03-15T17:34:39.195+0000] {logging_mixin.py:188} INFO - [2026-03-15T17:34:39.195+0000] {dag.py:3047} INFO - Sync 1 DAGs
[2026-03-15T17:34:39.210+0000] {logging_mixin.py:188} INFO - [2026-03-15T17:34:39.210+0000] {dag.py:3834} INFO - Setting next_dagrun for example_weekday_branch_operator to 2026-03-14 00:00:00+00:00, run_after=2026-03-15 00:00:00+00:00
[2026-03-15T17:34:39.225+0000] {processor.py:183} INFO - Processing /home/airflow/.local/lib/python3.11/site-packages/airflow/example_dags/example_branch_day_of_week_operator.py took 0.059 seconds
[2026-03-15T17:34:44.190+0000] {processor.py:161} INFO - Started process (PID=1268) to work on /home/airflow/.local/lib/python3.11/site-packages/airflow/example_dags/example_branch_day_of_week_operator.py
[2026-03-15T17:34:44.191+0000] {processor.py:830} INFO - Processing file /home/airflow/.local/lib/python3.11/site-packages/airflow/example_dags/example_branch_day_of_week_operator.py for tasks to queue
[2026-03-15T17:34:44.193+0000] {logging_mixin.py:188} INFO - [2026-03-15T17:34:44.193+0000] {dagbag.py:540} INFO - Filling up the DagBag from /home/airflow/.local/lib/python3.11/site-packages/airflow/example_dags/example_branch_day_of_week_operator.py
[2026-03-15T17:34:44.199+0000] {processor.py:840} INFO - DAG(s) 'example_weekday_branch_operator' retrieved from /home/airflow/.local/lib/python3.11/site-packages/airflow/example_dags/example_branch_day_of_week_operator.py
[2026-03-15T17:34:44.215+0000] {logging_mixin.py:188} INFO - [2026-03-15T17:34:44.215+0000] {dag.py:3047} INFO - Sync 1 DAGs
[2026-03-15T17:34:44.231+0000] {logging_mixin.py:188} INFO - [2026-03-15T17:34:44.231+0000] {dag.py:3834} INFO - Setting next_dagrun for example_weekday_branch_operator to 2026-03-14 00:00:00+00:00, run_after=2026-03-15 00:00:00+00:00
[2026-03-15T17:34:44.245+0000] {processor.py:183} INFO - Processing /home/airflow/.local/lib/python3.11/site-packages/airflow/example_dags/example_branch_day_of_week_operator.py took 0.057 seconds
[2026-03-15T17:34:49.234+0000] {processor.py:161} INFO - Started process (PID=1308) to work on /home/airflow/.local/lib/python3.11/site-packages/airflow/example_dags/example_branch_day_of_week_operator.py
[2026-03-15T17:34:49.235+0000] {processor.py:830} INFO - Processing file /home/airflow/.local/lib/python3.11/site-packages/airflow/example_dags/example_branch_day_of_week_operator.py for tasks to queue
[2026-03-15T17:34:49.237+0000] {logging_mixin.py:188} INFO - [2026-03-15T17:34:49.237+0000] {dagbag.py:540} INFO - Filling up the DagBag from /home/airflow/.local/lib/python3.11/site-packages/airflow/example_dags/example_branch_day_of_week_operator.py
[2026-03-15T17:34:49.250+0000] {processor.py:840} INFO - DAG(s) 'example_weekday_branch_operator' retrieved from /home/airflow/.local/lib/python3.11/site-packages/airflow/example_dags/example_branch_day_of_week_operator.py
[2026-03-15T17:34:49.268+0000] {logging_mixin.py:188} INFO - [2026-03-15T17:34:49.268+0000] {dag.py:3047} INFO - Sync 1 DAGs
[2026-03-15T17:34:49.290+0000] {logging_mixin.py:188} INFO - [2026-03-15T17:34:49.290+0000] {dag.py:3834} INFO - Setting next_dagrun for example_weekday_branch_operator to 2026-03-14 00:00:00+00:00, run_after=2026-03-15 00:00:00+00:00
[2026-03-15T17:34:49.308+0000] {processor.py:183} INFO - Processing /home/airflow/.local/lib/python3.11/site-packages/airflow/example_dags/example_branch_day_of_week_operator.py took 0.076 seconds
[2026-03-15T17:34:54.433+0000] {processor.py:161} INFO - Started process (PID=1348) to work on /home/airflow/.local/lib/python3.11/site-packages/airflow/example_dags/example_branch_day_of_week_operator.py
[2026-03-15T17:34:54.434+0000] {processor.py:830} INFO - Processing file /home/airflow/.local/lib/python3.11/site-packages/airflow/example_dags/example_branch_day_of_week_operator.py for tasks to queue
[2026-03-15T17:34:54.436+0000] {logging_mixin.py:188} INFO - [2026-03-15T17:34:54.436+0000] {dagbag.py:540} INFO - Filling up the DagBag from /home/airflow/.local/lib/python3.11/site-packages/airflow/example_dags/example_branch_day_of_week_operator.py
[2026-03-15T17:34:54.441+0000] {processor.py:840} INFO - DAG(s) 'example_weekday_branch_operator' retrieved from /home/airflow/.local/lib/python3.11/site-packages/airflow/example_dags/example_branch_day_of_week_operator.py
[2026-03-15T17:34:54.456+0000] {logging_mixin.py:188} INFO - [2026-03-15T17:34:54.456+0000] {dag.py:3047} INFO - Sync 1 DAGs
[2026-03-15T17:34:54.470+0000] {logging_mixin.py:188} INFO - [2026-03-15T17:34:54.470+0000] {dag.py:3834} INFO - Setting next_dagrun for example_weekday_branch_operator to 2026-03-14 00:00:00+00:00, run_after=2026-03-15 00:00:00+00:00
[2026-03-15T17:34:54.483+0000] {processor.py:183} INFO - Processing /home/airflow/.local/lib/python3.11/site-packages/airflow/example_dags/example_branch_day_of_week_operator.py took 0.052 seconds
[2026-03-15T17:34:59.300+0000] {processor.py:161} INFO - Started process (PID=1388) to work on /home/airflow/.local/lib/python3.11/site-packages/airflow/example_dags/example_branch_day_of_week_operator.py
[2026-03-15T17:34:59.301+0000] {processor.py:830} INFO - Processing file /home/airflow/.local/lib/python3.11/site-packages/airflow/example_dags/example_branch_day_of_week_operator.py for tasks to queue
[2026-03-15T17:34:59.302+0000] {logging_mixin.py:188} INFO - [2026-03-15T17:34:59.302+0000] {dagbag.py:540} INFO - Filling up the DagBag from /home/airflow/.local/lib/python3.11/site-packages/airflow/example_dags/example_branch_day_of_week_operator.py
[2026-03-15T17:34:59.310+0000] {processor.py:840} INFO - DAG(s) 'example_weekday_branch_operator' retrieved from /home/airflow/.local/lib/python3.11/site-packages/airflow/example_dags/example_branch_day_of_week_operator.py
[2026-03-15T17:34:59.328+0000] {logging_mixin.py:188} INFO - [2026-03-15T17:34:59.328+0000] {dag.py:3047} INFO - Sync 1 DAGs
[2026-03-15T17:34:59.343+0000] {logging_mixin.py:188} INFO - [2026-03-15T17:34:59.343+0000] {dag.py:3834} INFO - Setting next_dagrun for example_weekday_branch_operator to 2026-03-14 00:00:00+00:00, run_after=2026-03-15 00:00:00+00:00
[2026-03-15T17:34:59.358+0000] {processor.py:183} INFO - Processing /home/airflow/.local/lib/python3.11/site-packages/airflow/example_dags/example_branch_day_of_week_operator.py took 0.060 seconds
[2026-03-15T17:35:08.334+0000] {processor.py:161} INFO - Started process (PID=1431) to work on /home/airflow/.local/lib/python3.11/site-packages/airflow/example_dags/example_branch_day_of_week_operator.py
[2026-03-15T17:35:08.335+0000] {processor.py:830} INFO - Processing file /home/airflow/.local/lib/python3.11/site-packages/airflow/example_dags/example_branch_day_of_week_operator.py for tasks to queue
[2026-03-15T17:35:08.337+0000] {logging_mixin.py:188} INFO - [2026-03-15T17:35:08.337+0000] {dagbag.py:540} INFO - Filling up the DagBag from /home/airflow/.local/lib/python3.11/site-packages/airflow/example_dags/example_branch_day_of_week_operator.py
[2026-03-15T17:35:08.343+0000] {processor.py:840} INFO - DAG(s) 'example_weekday_branch_operator' retrieved from /home/airflow/.local/lib/python3.11/site-packages/airflow/example_dags/example_branch_day_of_week_operator.py
[2026-03-15T17:35:08.358+0000] {logging_mixin.py:188} INFO - [2026-03-15T17:35:08.358+0000] {dag.py:3047} INFO - Sync 1 DAGs
[2026-03-15T17:35:08.374+0000] {logging_mixin.py:188} INFO - [2026-03-15T17:35:08.373+0000] {dag.py:3834} INFO - Setting next_dagrun for example_weekday_branch_operator to 2026-03-14 00:00:00+00:00, run_after=2026-03-15 00:00:00+00:00
[2026-03-15T17:35:08.388+0000] {processor.py:183} INFO - Processing /home/airflow/.local/lib/python3.11/site-packages/airflow/example_dags/example_branch_day_of_week_operator.py took 0.056 seconds
[2026-03-15T17:35:38.955+0000] {processor.py:161} INFO - Started process (PID=1484) to work on /home/airflow/.local/lib/python3.11/site-packages/airflow/example_dags/example_branch_day_of_week_operator.py
[2026-03-15T17:35:38.956+0000] {processor.py:830} INFO - Processing file /home/airflow/.local/lib/python3.11/site-packages/airflow/example_dags/example_branch_day_of_week_operator.py for tasks to queue
[2026-03-15T17:35:38.958+0000] {logging_mixin.py:188} INFO - [2026-03-15T17:35:38.957+0000] {dagbag.py:540} INFO - Filling up the DagBag from /home/airflow/.local/lib/python3.11/site-packages/airflow/example_dags/example_branch_day_of_week_operator.py
[2026-03-15T17:35:38.964+0000] {processor.py:840} INFO - DAG(s) 'example_weekday_branch_operator' retrieved from /home/airflow/.local/lib/python3.11/site-packages/airflow/example_dags/example_branch_day_of_week_operator.py
[2026-03-15T17:35:38.984+0000] {logging_mixin.py:188} INFO - [2026-03-15T17:35:38.984+0000] {dag.py:3047} INFO - Sync 1 DAGs
[2026-03-15T17:35:39.003+0000] {logging_mixin.py:188} INFO - [2026-03-15T17:35:39.003+0000] {dag.py:3834} INFO - Setting next_dagrun for example_weekday_branch_operator to 2026-03-14 00:00:00+00:00, run_after=2026-03-15 00:00:00+00:00
[2026-03-15T17:35:39.020+0000] {processor.py:183} INFO - Processing /home/airflow/.local/lib/python3.11/site-packages/airflow/example_dags/example_branch_day_of_week_operator.py took 0.068 seconds
[2026-03-15T17:35:49.727+0000] {processor.py:161} INFO - Started process (PID=1521) to work on /home/airflow/.local/lib/python3.11/site-packages/airflow/example_dags/example_branch_day_of_week_operator.py
[2026-03-15T17:35:49.729+0000] {processor.py:830} INFO - Processing file /home/airflow/.local/lib/python3.11/site-packages/airflow/example_dags/example_branch_day_of_week_operator.py for tasks to queue
[2026-03-15T17:35:49.733+0000] {logging_mixin.py:188} INFO - [2026-03-15T17:35:49.733+0000] {dagbag.py:540} INFO - Filling up the DagBag from /home/airflow/.local/lib/python3.11/site-packages/airflow/example_dags/example_branch_day_of_week_operator.py
[2026-03-15T17:35:49.742+0000] {processor.py:840} INFO - DAG(s) 'example_weekday_branch_operator' retrieved from /home/airflow/.local/lib/python3.11/site-packages/airflow/example_dags/example_branch_day_of_week_operator.py
[2026-03-15T17:35:49.769+0000] {logging_mixin.py:188} INFO - [2026-03-15T17:35:49.769+0000] {dag.py:3047} INFO - Sync 1 DAGs
[2026-03-15T17:35:49.790+0000] {logging_mixin.py:188} INFO - [2026-03-15T17:35:49.790+0000] {dag.py:3834} INFO - Setting next_dagrun for example_weekday_branch_operator to 2026-03-14 00:00:00+00:00, run_after=2026-03-15 00:00:00+00:00
[2026-03-15T17:35:49.810+0000] {processor.py:183} INFO - Processing /home/airflow/.local/lib/python3.11/site-packages/airflow/example_dags/example_branch_day_of_week_operator.py took 0.088 seconds
[2026-03-15T17:35:54.733+0000] {processor.py:161} INFO - Started process (PID=1559) to work on /home/airflow/.local/lib/python3.11/site-packages/airflow/example_dags/example_branch_day_of_week_operator.py
[2026-03-15T17:35:54.734+0000] {processor.py:830} INFO - Processing file /home/airflow/.local/lib/python3.11/site-packages/airflow/example_dags/example_branch_day_of_week_operator.py for tasks to queue
[2026-03-15T17:35:54.735+0000] {logging_mixin.py:188} INFO - [2026-03-15T17:35:54.735+0000] {dagbag.py:540} INFO - Filling up the DagBag from /home/airflow/.local/lib/python3.11/site-packages/airflow/example_dags/example_branch_day_of_week_operator.py
[2026-03-15T17:35:54.743+0000] {processor.py:840} INFO - DAG(s) 'example_weekday_branch_operator' retrieved from /home/airflow/.local/lib/python3.11/site-packages/airflow/example_dags/example_branch_day_of_week_operator.py
[2026-03-15T17:35:54.758+0000] {logging_mixin.py:188} INFO - [2026-03-15T17:35:54.758+0000] {dag.py:3047} INFO - Sync 1 DAGs
[2026-03-15T17:35:54.773+0000] {logging_mixin.py:188} INFO - [2026-03-15T17:35:54.773+0000] {dag.py:3834} INFO - Setting next_dagrun for example_weekday_branch_operator to 2026-03-14 00:00:00+00:00, run_after=2026-03-15 00:00:00+00:00
[2026-03-15T17:35:54.787+0000] {processor.py:183} INFO - Processing /home/airflow/.local/lib/python3.11/site-packages/airflow/example_dags/example_branch_day_of_week_operator.py took 0.057 seconds
[2026-03-15T17:36:57.827+0000] {processor.py:161} INFO - Started process (PID=1603) to work on /home/airflow/.local/lib/python3.11/site-packages/airflow/example_dags/example_branch_day_of_week_operator.py
[2026-03-15T17:36:57.828+0000] {processor.py:830} INFO - Processing file /home/airflow/.local/lib/python3.11/site-packages/airflow/example_dags/example_branch_day_of_week_operator.py for tasks to queue
[2026-03-15T17:36:57.830+0000] {logging_mixin.py:188} INFO - [2026-03-15T17:36:57.829+0000] {dagbag.py:540} INFO - Filling up the DagBag from /home/airflow/.local/lib/python3.11/site-packages/airflow/example_dags/example_branch_day_of_week_operator.py
[2026-03-15T17:36:57.836+0000] {processor.py:840} INFO - DAG(s) 'example_weekday_branch_operator' retrieved from /home/airflow/.local/lib/python3.11/site-packages/airflow/example_dags/example_branch_day_of_week_operator.py
[2026-03-15T17:36:57.852+0000] {logging_mixin.py:188} INFO - [2026-03-15T17:36:57.852+0000] {dag.py:3047} INFO - Sync 1 DAGs
[2026-03-15T17:36:57.869+0000] {logging_mixin.py:188} INFO - [2026-03-15T17:36:57.869+0000] {dag.py:3834} INFO - Setting next_dagrun for example_weekday_branch_operator to 2026-03-14 00:00:00+00:00, run_after=2026-03-15 00:00:00+00:00
[2026-03-15T17:36:57.884+0000] {processor.py:183} INFO - Processing /home/airflow/.local/lib/python3.11/site-packages/airflow/example_dags/example_branch_day_of_week_operator.py took 0.060 seconds
[2026-03-15T17:37:20.385+0000] {processor.py:161} INFO - Started process (PID=1785) to work on /home/airflow/.local/lib/python3.11/site-packages/airflow/example_dags/example_branch_day_of_week_operator.py
[2026-03-15T17:37:20.386+0000] {processor.py:830} INFO - Processing file /home/airflow/.local/lib/python3.11/site-packages/airflow/example_dags/example_branch_day_of_week_operator.py for tasks to queue
[2026-03-15T17:37:20.388+0000] {logging_mixin.py:188} INFO - [2026-03-15T17:37:20.388+0000] {dagbag.py:540} INFO - Filling up the DagBag from /home/airflow/.local/lib/python3.11/site-packages/airflow/example_dags/example_branch_day_of_week_operator.py
[2026-03-15T17:37:20.394+0000] {processor.py:840} INFO - DAG(s) 'example_weekday_branch_operator' retrieved from /home/airflow/.local/lib/python3.11/site-packages/airflow/example_dags/example_branch_day_of_week_operator.py
[2026-03-15T17:37:20.410+0000] {logging_mixin.py:188} INFO - [2026-03-15T17:37:20.410+0000] {dag.py:3047} INFO - Sync 1 DAGs
[2026-03-15T17:37:20.426+0000] {logging_mixin.py:188} INFO - [2026-03-15T17:37:20.426+0000] {dag.py:3834} INFO - Setting next_dagrun for example_weekday_branch_operator to 2026-03-14 00:00:00+00:00, run_after=2026-03-15 00:00:00+00:00
[2026-03-15T17:37:20.439+0000] {processor.py:183} INFO - Processing /home/airflow/.local/lib/python3.11/site-packages/airflow/example_dags/example_branch_day_of_week_operator.py took 0.057 seconds
[2026-03-15T17:38:28.070+0000] {processor.py:161} INFO - Started process (PID=1840) to work on /home/airflow/.local/lib/python3.11/site-packages/airflow/example_dags/example_branch_day_of_week_operator.py
[2026-03-15T17:38:28.071+0000] {processor.py:830} INFO - Processing file /home/airflow/.local/lib/python3.11/site-packages/airflow/example_dags/example_branch_day_of_week_operator.py for tasks to queue
[2026-03-15T17:38:28.073+0000] {logging_mixin.py:188} INFO - [2026-03-15T17:38:28.072+0000] {dagbag.py:540} INFO - Filling up the DagBag from /home/airflow/.local/lib/python3.11/site-packages/airflow/example_dags/example_branch_day_of_week_operator.py
[2026-03-15T17:38:28.078+0000] {processor.py:840} INFO - DAG(s) 'example_weekday_branch_operator' retrieved from /home/airflow/.local/lib/python3.11/site-packages/airflow/example_dags/example_branch_day_of_week_operator.py
[2026-03-15T17:38:28.095+0000] {logging_mixin.py:188} INFO - [2026-03-15T17:38:28.095+0000] {dag.py:3047} INFO - Sync 1 DAGs
[2026-03-15T17:38:28.110+0000] {logging_mixin.py:188} INFO - [2026-03-15T17:38:28.110+0000] {dag.py:3834} INFO - Setting next_dagrun for example_weekday_branch_operator to 2026-03-14 00:00:00+00:00, run_after=2026-03-15 00:00:00+00:00
[2026-03-15T17:38:28.126+0000] {processor.py:183} INFO - Processing /home/airflow/.local/lib/python3.11/site-packages/airflow/example_dags/example_branch_day_of_week_operator.py took 0.059 seconds
[2026-03-15T17:39:28.115+0000] {processor.py:161} INFO - Started process (PID=1977) to work on /home/airflow/.local/lib/python3.11/site-packages/airflow/example_dags/example_branch_day_of_week_operator.py
[2026-03-15T17:39:28.116+0000] {processor.py:830} INFO - Processing file /home/airflow/.local/lib/python3.11/site-packages/airflow/example_dags/example_branch_day_of_week_operator.py for tasks to queue
[2026-03-15T17:39:28.118+0000] {logging_mixin.py:188} INFO - [2026-03-15T17:39:28.118+0000] {dagbag.py:540} INFO - Filling up the DagBag from /home/airflow/.local/lib/python3.11/site-packages/airflow/example_dags/example_branch_day_of_week_operator.py
[2026-03-15T17:39:28.125+0000] {processor.py:840} INFO - DAG(s) 'example_weekday_branch_operator' retrieved from /home/airflow/.local/lib/python3.11/site-packages/airflow/example_dags/example_branch_day_of_week_operator.py
[2026-03-15T17:39:28.142+0000] {logging_mixin.py:188} INFO - [2026-03-15T17:39:28.141+0000] {dag.py:3047} INFO - Sync 1 DAGs
[2026-03-15T17:39:28.158+0000] {logging_mixin.py:188} INFO - [2026-03-15T17:39:28.158+0000] {dag.py:3834} INFO - Setting next_dagrun for example_weekday_branch_operator to 2026-03-14 00:00:00+00:00, run_after=2026-03-15 00:00:00+00:00
[2026-03-15T17:39:28.171+0000] {processor.py:183} INFO - Processing /home/airflow/.local/lib/python3.11/site-packages/airflow/example_dags/example_branch_day_of_week_operator.py took 0.060 seconds
[2026-03-15T17:39:15.535+0000] {processor.py:161} INFO - Started process (PID=2111) to work on /home/airflow/.local/lib/python3.11/site-packages/airflow/example_dags/example_branch_day_of_week_operator.py
[2026-03-15T17:39:15.536+0000] {processor.py:830} INFO - Processing file /home/airflow/.local/lib/python3.11/site-packages/airflow/example_dags/example_branch_day_of_week_operator.py for tasks to queue
[2026-03-15T17:39:15.538+0000] {logging_mixin.py:188} INFO - [2026-03-15T17:39:15.537+0000] {dagbag.py:540} INFO - Filling up the DagBag from /home/airflow/.local/lib/python3.11/site-packages/airflow/example_dags/example_branch_day_of_week_operator.py
[2026-03-15T17:39:15.544+0000] {processor.py:840} INFO - DAG(s) 'example_weekday_branch_operator' retrieved from /home/airflow/.local/lib/python3.11/site-packages/airflow/example_dags/example_branch_day_of_week_operator.py
[2026-03-15T17:39:15.559+0000] {logging_mixin.py:188} INFO - [2026-03-15T17:39:15.559+0000] {dag.py:3047} INFO - Sync 1 DAGs
[2026-03-15T17:39:15.575+0000] {logging_mixin.py:188} INFO - [2026-03-15T17:39:15.575+0000] {dag.py:3834} INFO - Setting next_dagrun for example_weekday_branch_operator to 2026-03-14 00:00:00+00:00, run_after=2026-03-15 00:00:00+00:00
[2026-03-15T17:39:15.589+0000] {processor.py:183} INFO - Processing /home/airflow/.local/lib/python3.11/site-packages/airflow/example_dags/example_branch_day_of_week_operator.py took 0.057 seconds
[2026-03-15T17:40:14.001+0000] {processor.py:161} INFO - Started process (PID=82) to work on /home/airflow/.local/lib/python3.11/site-packages/airflow/example_dags/example_branch_day_of_week_operator.py
[2026-03-15T17:40:14.003+0000] {processor.py:830} INFO - Processing file /home/airflow/.local/lib/python3.11/site-packages/airflow/example_dags/example_branch_day_of_week_operator.py for tasks to queue
[2026-03-15T17:41:03.163+0000] {logging_mixin.py:188} INFO - [2026-03-15T17:41:03.162+0000] {dagbag.py:540} INFO - Filling up the DagBag from /home/airflow/.local/lib/python3.11/site-packages/airflow/example_dags/example_branch_day_of_week_operator.py
[2026-03-15T17:41:03.176+0000] {processor.py:840} INFO - DAG(s) 'example_weekday_branch_operator' retrieved from /home/airflow/.local/lib/python3.11/site-packages/airflow/example_dags/example_branch_day_of_week_operator.py
[2026-03-15T17:41:03.308+0000] {logging_mixin.py:188} INFO - [2026-03-15T17:41:03.307+0000] {dag.py:3047} INFO - Sync 1 DAGs
[2026-03-15T17:41:03.336+0000] {logging_mixin.py:188} INFO - [2026-03-15T17:41:03.335+0000] {dag.py:3834} INFO - Setting next_dagrun for example_weekday_branch_operator to 2026-03-14 00:00:00+00:00, run_after=2026-03-15 00:00:00+00:00
[2026-03-15T17:41:03.364+0000] {processor.py:183} INFO - Processing /home/airflow/.local/lib/python3.11/site-packages/airflow/example_dags/example_branch_day_of_week_operator.py took 0.214 seconds
[2026-03-15T17:40:20.787+0000] {processor.py:161} INFO - Started process (PID=137) to work on /home/airflow/.local/lib/python3.11/site-packages/airflow/example_dags/example_branch_day_of_week_operator.py
[2026-03-15T17:40:20.788+0000] {processor.py:830} INFO - Processing file /home/airflow/.local/lib/python3.11/site-packages/airflow/example_dags/example_branch_day_of_week_operator.py for tasks to queue
[2026-03-15T17:40:20.789+0000] {logging_mixin.py:188} INFO - [2026-03-15T17:40:20.789+0000] {dagbag.py:540} INFO - Filling up the DagBag from /home/airflow/.local/lib/python3.11/site-packages/airflow/example_dags/example_branch_day_of_week_operator.py
[2026-03-15T17:40:20.797+0000] {processor.py:840} INFO - DAG(s) 'example_weekday_branch_operator' retrieved from /home/airflow/.local/lib/python3.11/site-packages/airflow/example_dags/example_branch_day_of_week_operator.py
[2026-03-15T17:40:20.807+0000] {logging_mixin.py:188} INFO - [2026-03-15T17:40:20.807+0000] {dag.py:3047} INFO - Sync 1 DAGs
[2026-03-15T17:40:20.823+0000] {logging_mixin.py:188} INFO - [2026-03-15T17:40:20.823+0000] {dag.py:3834} INFO - Setting next_dagrun for example_weekday_branch_operator to 2026-03-14 00:00:00+00:00, run_after=2026-03-15 00:00:00+00:00
[2026-03-15T17:40:20.836+0000] {processor.py:183} INFO - Processing /home/airflow/.local/lib/python3.11/site-packages/airflow/example_dags/example_branch_day_of_week_operator.py took 0.052 seconds
[2026-03-15T17:40:52.227+0000] {processor.py:161} INFO - Started process (PID=192) to work on /home/airflow/.local/lib/python3.11/site-packages/airflow/example_dags/example_branch_day_of_week_operator.py
[2026-03-15T17:40:52.228+0000] {processor.py:830} INFO - Processing file /home/airflow/.local/lib/python3.11/site-packages/airflow/example_dags/example_branch_day_of_week_operator.py for tasks to queue
[2026-03-15T17:40:52.230+0000] {logging_mixin.py:188} INFO - [2026-03-15T17:40:52.230+0000] {dagbag.py:540} INFO - Filling up the DagBag from /home/airflow/.local/lib/python3.11/site-packages/airflow/example_dags/example_branch_day_of_week_operator.py
[2026-03-15T17:40:52.236+0000] {processor.py:840} INFO - DAG(s) 'example_weekday_branch_operator' retrieved from /home/airflow/.local/lib/python3.11/site-packages/airflow/example_dags/example_branch_day_of_week_operator.py
[2026-03-15T17:40:52.245+0000] {logging_mixin.py:188} INFO - [2026-03-15T17:40:52.245+0000] {dag.py:3047} INFO - Sync 1 DAGs
[2026-03-15T17:40:52.261+0000] {logging_mixin.py:188} INFO - [2026-03-15T17:40:52.261+0000] {dag.py:3834} INFO - Setting next_dagrun for example_weekday_branch_operator to 2026-03-14 00:00:00+00:00, run_after=2026-03-15 00:00:00+00:00
[2026-03-15T17:40:52.276+0000] {processor.py:183} INFO - Processing /home/airflow/.local/lib/python3.11/site-packages/airflow/example_dags/example_branch_day_of_week_operator.py took 0.051 seconds
[2026-03-15T17:41:58.311+0000] {processor.py:161} INFO - Started process (PID=242) to work on /home/airflow/.local/lib/python3.11/site-packages/airflow/example_dags/example_branch_day_of_week_operator.py
[2026-03-15T17:41:58.312+0000] {processor.py:830} INFO - Processing file /home/airflow/.local/lib/python3.11/site-packages/airflow/example_dags/example_branch_day_of_week_operator.py for tasks to queue
[2026-03-15T17:41:58.313+0000] {logging_mixin.py:188} INFO - [2026-03-15T17:41:58.313+0000] {dagbag.py:540} INFO - Filling up the DagBag from /home/airflow/.local/lib/python3.11/site-packages/airflow/example_dags/example_branch_day_of_week_operator.py
[2026-03-15T17:41:58.319+0000] {processor.py:840} INFO - DAG(s) 'example_weekday_branch_operator' retrieved from /home/airflow/.local/lib/python3.11/site-packages/airflow/example_dags/example_branch_day_of_week_operator.py
[2026-03-15T17:41:58.335+0000] {logging_mixin.py:188} INFO - [2026-03-15T17:41:58.335+0000] {dag.py:3047} INFO - Sync 1 DAGs
[2026-03-15T17:41:58.352+0000] {logging_mixin.py:188} INFO - [2026-03-15T17:41:58.352+0000] {dag.py:3834} INFO - Setting next_dagrun for example_weekday_branch_operator to 2026-03-14 00:00:00+00:00, run_after=2026-03-15 00:00:00+00:00
[2026-03-15T17:41:58.368+0000] {processor.py:183} INFO - Processing /home/airflow/.local/lib/python3.11/site-packages/airflow/example_dags/example_branch_day_of_week_operator.py took 0.060 seconds
[2026-03-15T17:42:14.912+0000] {processor.py:161} INFO - Started process (PID=431) to work on /home/airflow/.local/lib/python3.11/site-packages/airflow/example_dags/example_branch_day_of_week_operator.py
[2026-03-15T17:42:14.913+0000] {processor.py:830} INFO - Processing file /home/airflow/.local/lib/python3.11/site-packages/airflow/example_dags/example_branch_day_of_week_operator.py for tasks to queue
[2026-03-15T17:42:14.915+0000] {logging_mixin.py:188} INFO - [2026-03-15T17:42:14.915+0000] {dagbag.py:540} INFO - Filling up the DagBag from /home/airflow/.local/lib/python3.11/site-packages/airflow/example_dags/example_branch_day_of_week_operator.py
[2026-03-15T17:42:14.921+0000] {processor.py:840} INFO - DAG(s) 'example_weekday_branch_operator' retrieved from /home/airflow/.local/lib/python3.11/site-packages/airflow/example_dags/example_branch_day_of_week_operator.py
[2026-03-15T17:42:14.937+0000] {logging_mixin.py:188} INFO - [2026-03-15T17:42:14.937+0000] {dag.py:3047} INFO - Sync 1 DAGs
[2026-03-15T17:42:14.952+0000] {logging_mixin.py:188} INFO - [2026-03-15T17:42:14.952+0000] {dag.py:3834} INFO - Setting next_dagrun for example_weekday_branch_operator to 2026-03-14 00:00:00+00:00, run_after=2026-03-15 00:00:00+00:00
[2026-03-15T17:42:14.967+0000] {processor.py:183} INFO - Processing /home/airflow/.local/lib/python3.11/site-packages/airflow/example_dags/example_branch_day_of_week_operator.py took 0.059 seconds
[2026-03-15T17:42:45.081+0000] {processor.py:161} INFO - Started process (PID=483) to work on /home/airflow/.local/lib/python3.11/site-packages/airflow/example_dags/example_branch_day_of_week_operator.py
[2026-03-15T17:42:45.082+0000] {processor.py:830} INFO - Processing file /home/airflow/.local/lib/python3.11/site-packages/airflow/example_dags/example_branch_day_of_week_operator.py for tasks to queue
[2026-03-15T17:42:45.084+0000] {logging_mixin.py:188} INFO - [2026-03-15T17:42:45.084+0000] {dagbag.py:540} INFO - Filling up the DagBag from /home/airflow/.local/lib/python3.11/site-packages/airflow/example_dags/example_branch_day_of_week_operator.py
[2026-03-15T17:42:45.090+0000] {processor.py:840} INFO - DAG(s) 'example_weekday_branch_operator' retrieved from /home/airflow/.local/lib/python3.11/site-packages/airflow/example_dags/example_branch_day_of_week_operator.py
[2026-03-15T17:42:45.106+0000] {logging_mixin.py:188} INFO - [2026-03-15T17:42:45.106+0000] {dag.py:3047} INFO - Sync 1 DAGs
[2026-03-15T17:42:45.122+0000] {logging_mixin.py:188} INFO - [2026-03-15T17:42:45.122+0000] {dag.py:3834} INFO - Setting next_dagrun for example_weekday_branch_operator to 2026-03-14 00:00:00+00:00, run_after=2026-03-15 00:00:00+00:00
[2026-03-15T17:42:45.137+0000] {processor.py:183} INFO - Processing /home/airflow/.local/lib/python3.11/site-packages/airflow/example_dags/example_branch_day_of_week_operator.py took 0.059 seconds
[2026-03-15T17:43:15.354+0000] {processor.py:161} INFO - Started process (PID=535) to work on /home/airflow/.local/lib/python3.11/site-packages/airflow/example_dags/example_branch_day_of_week_operator.py
[2026-03-15T17:43:15.355+0000] {processor.py:830} INFO - Processing file /home/airflow/.local/lib/python3.11/site-packages/airflow/example_dags/example_branch_day_of_week_operator.py for tasks to queue
[2026-03-15T17:43:15.358+0000] {logging_mixin.py:188} INFO - [2026-03-15T17:43:15.357+0000] {dagbag.py:540} INFO - Filling up the DagBag from /home/airflow/.local/lib/python3.11/site-packages/airflow/example_dags/example_branch_day_of_week_operator.py
[2026-03-15T17:43:15.366+0000] {processor.py:840} INFO - DAG(s) 'example_weekday_branch_operator' retrieved from /home/airflow/.local/lib/python3.11/site-packages/airflow/example_dags/example_branch_day_of_week_operator.py
[2026-03-15T17:43:15.386+0000] {logging_mixin.py:188} INFO - [2026-03-15T17:43:15.386+0000] {dag.py:3047} INFO - Sync 1 DAGs
[2026-03-15T17:43:15.402+0000] {logging_mixin.py:188} INFO - [2026-03-15T17:43:15.402+0000] {dag.py:3834} INFO - Setting next_dagrun for example_weekday_branch_operator to 2026-03-14 00:00:00+00:00, run_after=2026-03-15 00:00:00+00:00
[2026-03-15T17:43:15.418+0000] {processor.py:183} INFO - Processing /home/airflow/.local/lib/python3.11/site-packages/airflow/example_dags/example_branch_day_of_week_operator.py took 0.068 seconds
[2026-03-15T17:43:19.971+0000] {processor.py:161} INFO - Started process (PID=591) to work on /home/airflow/.local/lib/python3.11/site-packages/airflow/example_dags/example_branch_day_of_week_operator.py
[2026-03-15T17:43:19.972+0000] {processor.py:830} INFO - Processing file /home/airflow/.local/lib/python3.11/site-packages/airflow/example_dags/example_branch_day_of_week_operator.py for tasks to queue
[2026-03-15T17:43:19.974+0000] {logging_mixin.py:188} INFO - [2026-03-15T17:43:19.974+0000] {dagbag.py:540} INFO - Filling up the DagBag from /home/airflow/.local/lib/python3.11/site-packages/airflow/example_dags/example_branch_day_of_week_operator.py
[2026-03-15T17:43:19.980+0000] {processor.py:840} INFO - DAG(s) 'example_weekday_branch_operator' retrieved from /home/airflow/.local/lib/python3.11/site-packages/airflow/example_dags/example_branch_day_of_week_operator.py
[2026-03-15T17:43:19.995+0000] {logging_mixin.py:188} INFO - [2026-03-15T17:43:19.995+0000] {dag.py:3047} INFO - Sync 1 DAGs
[2026-03-15T17:43:20.010+0000] {logging_mixin.py:188} INFO - [2026-03-15T17:43:20.010+0000] {dag.py:3834} INFO - Setting next_dagrun for example_weekday_branch_operator to 2026-03-14 00:00:00+00:00, run_after=2026-03-15 00:00:00+00:00
[2026-03-15T17:43:20.023+0000] {processor.py:183} INFO - Processing /home/airflow/.local/lib/python3.11/site-packages/airflow/example_dags/example_branch_day_of_week_operator.py took 0.054 seconds
[2026-03-15T17:43:50.205+0000] {processor.py:161} INFO - Started process (PID=645) to work on /home/airflow/.local/lib/python3.11/site-packages/airflow/example_dags/example_branch_day_of_week_operator.py
[2026-03-15T17:43:50.206+0000] {processor.py:830} INFO - Processing file /home/airflow/.local/lib/python3.11/site-packages/airflow/example_dags/example_branch_day_of_week_operator.py for tasks to queue
[2026-03-15T17:43:50.208+0000] {logging_mixin.py:188} INFO - [2026-03-15T17:43:50.207+0000] {dagbag.py:540} INFO - Filling up the DagBag from /home/airflow/.local/lib/python3.11/site-packages/airflow/example_dags/example_branch_day_of_week_operator.py
[2026-03-15T17:43:50.214+0000] {processor.py:840} INFO - DAG(s) 'example_weekday_branch_operator' retrieved from /home/airflow/.local/lib/python3.11/site-packages/airflow/example_dags/example_branch_day_of_week_operator.py
[2026-03-15T17:43:50.230+0000] {logging_mixin.py:188} INFO - [2026-03-15T17:43:50.230+0000] {dag.py:3047} INFO - Sync 1 DAGs
[2026-03-15T17:43:50.246+0000] {logging_mixin.py:188} INFO - [2026-03-15T17:43:50.246+0000] {dag.py:3834} INFO - Setting next_dagrun for example_weekday_branch_operator to 2026-03-14 00:00:00+00:00, run_after=2026-03-15 00:00:00+00:00
[2026-03-15T17:43:50.261+0000] {processor.py:183} INFO - Processing /home/airflow/.local/lib/python3.11/site-packages/airflow/example_dags/example_branch_day_of_week_operator.py took 0.059 seconds
[2026-03-15T17:44:15.029+0000] {processor.py:161} INFO - Started process (PID=695) to work on /home/airflow/.local/lib/python3.11/site-packages/airflow/example_dags/example_branch_day_of_week_operator.py
[2026-03-15T17:44:15.030+0000] {processor.py:830} INFO - Processing file /home/airflow/.local/lib/python3.11/site-packages/airflow/example_dags/example_branch_day_of_week_operator.py for tasks to queue
[2026-03-15T17:44:15.031+0000] {logging_mixin.py:188} INFO - [2026-03-15T17:44:15.031+0000] {dagbag.py:540} INFO - Filling up the DagBag from /home/airflow/.local/lib/python3.11/site-packages/airflow/example_dags/example_branch_day_of_week_operator.py
[2026-03-15T17:44:15.037+0000] {processor.py:840} INFO - DAG(s) 'example_weekday_branch_operator' retrieved from /home/airflow/.local/lib/python3.11/site-packages/airflow/example_dags/example_branch_day_of_week_operator.py
[2026-03-15T17:44:15.053+0000] {logging_mixin.py:188} INFO - [2026-03-15T17:44:15.053+0000] {dag.py:3047} INFO - Sync 1 DAGs
[2026-03-15T17:44:15.070+0000] {logging_mixin.py:188} INFO - [2026-03-15T17:44:15.070+0000] {dag.py:3834} INFO - Setting next_dagrun for example_weekday_branch_operator to 2026-03-14 00:00:00+00:00, run_after=2026-03-15 00:00:00+00:00
[2026-03-15T17:44:15.084+0000] {processor.py:183} INFO - Processing /home/airflow/.local/lib/python3.11/site-packages/airflow/example_dags/example_branch_day_of_week_operator.py took 0.058 seconds
[2026-03-15T17:44:45.525+0000] {processor.py:161} INFO - Started process (PID=751) to work on /home/airflow/.local/lib/python3.11/site-packages/airflow/example_dags/example_branch_day_of_week_operator.py
[2026-03-15T17:44:45.526+0000] {processor.py:830} INFO - Processing file /home/airflow/.local/lib/python3.11/site-packages/airflow/example_dags/example_branch_day_of_week_operator.py for tasks to queue
[2026-03-15T17:44:45.530+0000] {logging_mixin.py:188} INFO - [2026-03-15T17:44:45.529+0000] {dagbag.py:540} INFO - Filling up the DagBag from /home/airflow/.local/lib/python3.11/site-packages/airflow/example_dags/example_branch_day_of_week_operator.py
[2026-03-15T17:44:45.536+0000] {processor.py:840} INFO - DAG(s) 'example_weekday_branch_operator' retrieved from /home/airflow/.local/lib/python3.11/site-packages/airflow/example_dags/example_branch_day_of_week_operator.py
[2026-03-15T17:44:45.556+0000] {logging_mixin.py:188} INFO - [2026-03-15T17:44:45.555+0000] {dag.py:3047} INFO - Sync 1 DAGs
[2026-03-15T17:44:45.573+0000] {logging_mixin.py:188} INFO - [2026-03-15T17:44:45.573+0000] {dag.py:3834} INFO - Setting next_dagrun for example_weekday_branch_operator to 2026-03-14 00:00:00+00:00, run_after=2026-03-15 00:00:00+00:00
[2026-03-15T17:44:45.589+0000] {processor.py:183} INFO - Processing /home/airflow/.local/lib/python3.11/site-packages/airflow/example_dags/example_branch_day_of_week_operator.py took 0.067 seconds
[2026-03-15T17:44:50.061+0000] {processor.py:161} INFO - Started process (PID=807) to work on /home/airflow/.local/lib/python3.11/site-packages/airflow/example_dags/example_branch_day_of_week_operator.py
[2026-03-15T17:44:50.061+0000] {processor.py:830} INFO - Processing file /home/airflow/.local/lib/python3.11/site-packages/airflow/example_dags/example_branch_day_of_week_operator.py for tasks to queue
[2026-03-15T17:44:50.063+0000] {logging_mixin.py:188} INFO - [2026-03-15T17:44:50.063+0000] {dagbag.py:540} INFO - Filling up the DagBag from /home/airflow/.local/lib/python3.11/site-packages/airflow/example_dags/example_branch_day_of_week_operator.py
[2026-03-15T17:44:50.069+0000] {processor.py:840} INFO - DAG(s) 'example_weekday_branch_operator' retrieved from /home/airflow/.local/lib/python3.11/site-packages/airflow/example_dags/example_branch_day_of_week_operator.py
[2026-03-15T17:44:50.085+0000] {logging_mixin.py:188} INFO - [2026-03-15T17:44:50.085+0000] {dag.py:3047} INFO - Sync 1 DAGs
[2026-03-15T17:44:50.101+0000] {logging_mixin.py:188} INFO - [2026-03-15T17:44:50.101+0000] {dag.py:3834} INFO - Setting next_dagrun for example_weekday_branch_operator to 2026-03-14 00:00:00+00:00, run_after=2026-03-15 00:00:00+00:00
[2026-03-15T17:44:50.117+0000] {processor.py:183} INFO - Processing /home/airflow/.local/lib/python3.11/site-packages/airflow/example_dags/example_branch_day_of_week_operator.py took 0.059 seconds
[2026-03-15T17:45:20.388+0000] {processor.py:161} INFO - Started process (PID=860) to work on /home/airflow/.local/lib/python3.11/site-packages/airflow/example_dags/example_branch_day_of_week_operator.py
[2026-03-15T17:45:20.389+0000] {processor.py:830} INFO - Processing file /home/airflow/.local/lib/python3.11/site-packages/airflow/example_dags/example_branch_day_of_week_operator.py for tasks to queue
[2026-03-15T17:45:20.391+0000] {logging_mixin.py:188} INFO - [2026-03-15T17:45:20.391+0000] {dagbag.py:540} INFO - Filling up the DagBag from /home/airflow/.local/lib/python3.11/site-packages/airflow/example_dags/example_branch_day_of_week_operator.py
[2026-03-15T17:45:20.397+0000] {processor.py:840} INFO - DAG(s) 'example_weekday_branch_operator' retrieved from /home/airflow/.local/lib/python3.11/site-packages/airflow/example_dags/example_branch_day_of_week_operator.py
[2026-03-15T17:45:20.414+0000] {logging_mixin.py:188} INFO - [2026-03-15T17:45:20.414+0000] {dag.py:3047} INFO - Sync 1 DAGs
[2026-03-15T17:45:20.429+0000] {logging_mixin.py:188} INFO - [2026-03-15T17:45:20.429+0000] {dag.py:3834} INFO - Setting next_dagrun for example_weekday_branch_operator to 2026-03-14 00:00:00+00:00, run_after=2026-03-15 00:00:00+00:00
[2026-03-15T17:45:20.443+0000] {processor.py:183} INFO - Processing /home/airflow/.local/lib/python3.11/site-packages/airflow/example_dags/example_branch_day_of_week_operator.py took 0.058 seconds
[2026-03-15T17:45:25.050+0000] {processor.py:161} INFO - Started process (PID=910) to work on /home/airflow/.local/lib/python3.11/site-packages/airflow/example_dags/example_branch_day_of_week_operator.py
[2026-03-15T17:45:25.051+0000] {processor.py:830} INFO - Processing file /home/airflow/.local/lib/python3.11/site-packages/airflow/example_dags/example_branch_day_of_week_operator.py for tasks to queue
[2026-03-15T17:45:25.053+0000] {logging_mixin.py:188} INFO - [2026-03-15T17:45:25.052+0000] {dagbag.py:540} INFO - Filling up the DagBag from /home/airflow/.local/lib/python3.11/site-packages/airflow/example_dags/example_branch_day_of_week_operator.py
[2026-03-15T17:45:25.061+0000] {processor.py:840} INFO - DAG(s) 'example_weekday_branch_operator' retrieved from /home/airflow/.local/lib/python3.11/site-packages/airflow/example_dags/example_branch_day_of_week_operator.py
[2026-03-15T17:45:25.079+0000] {logging_mixin.py:188} INFO - [2026-03-15T17:45:25.079+0000] {dag.py:3047} INFO - Sync 1 DAGs
[2026-03-15T17:45:25.098+0000] {logging_mixin.py:188} INFO - [2026-03-15T17:45:25.098+0000] {dag.py:3834} INFO - Setting next_dagrun for example_weekday_branch_operator to 2026-03-14 00:00:00+00:00, run_after=2026-03-15 00:00:00+00:00
[2026-03-15T17:45:25.114+0000] {processor.py:183} INFO - Processing /home/airflow/.local/lib/python3.11/site-packages/airflow/example_dags/example_branch_day_of_week_operator.py took 0.067 seconds
[2026-03-15T17:45:55.266+0000] {processor.py:161} INFO - Started process (PID=962) to work on /home/airflow/.local/lib/python3.11/site-packages/airflow/example_dags/example_branch_day_of_week_operator.py
[2026-03-15T17:45:55.267+0000] {processor.py:830} INFO - Processing file /home/airflow/.local/lib/python3.11/site-packages/airflow/example_dags/example_branch_day_of_week_operator.py for tasks to queue
[2026-03-15T17:45:55.269+0000] {logging_mixin.py:188} INFO - [2026-03-15T17:45:55.269+0000] {dagbag.py:540} INFO - Filling up the DagBag from /home/airflow/.local/lib/python3.11/site-packages/airflow/example_dags/example_branch_day_of_week_operator.py
[2026-03-15T17:45:55.275+0000] {processor.py:840} INFO - DAG(s) 'example_weekday_branch_operator' retrieved from /home/airflow/.local/lib/python3.11/site-packages/airflow/example_dags/example_branch_day_of_week_operator.py
[2026-03-15T17:45:55.291+0000] {logging_mixin.py:188} INFO - [2026-03-15T17:45:55.291+0000] {dag.py:3047} INFO - Sync 1 DAGs
[2026-03-15T17:45:55.306+0000] {logging_mixin.py:188} INFO - [2026-03-15T17:45:55.306+0000] {dag.py:3834} INFO - Setting next_dagrun for example_weekday_branch_operator to 2026-03-14 00:00:00+00:00, run_after=2026-03-15 00:00:00+00:00
[2026-03-15T17:45:55.320+0000] {processor.py:183} INFO - Processing /home/airflow/.local/lib/python3.11/site-packages/airflow/example_dags/example_branch_day_of_week_operator.py took 0.057 seconds
[2026-03-15T17:46:14.813+0000] {processor.py:161} INFO - Started process (PID=1012) to work on /home/airflow/.local/lib/python3.11/site-packages/airflow/example_dags/example_branch_day_of_week_operator.py
[2026-03-15T17:46:14.814+0000] {processor.py:830} INFO - Processing file /home/airflow/.local/lib/python3.11/site-packages/airflow/example_dags/example_branch_day_of_week_operator.py for tasks to queue
[2026-03-15T17:46:14.816+0000] {logging_mixin.py:188} INFO - [2026-03-15T17:46:14.816+0000] {dagbag.py:540} INFO - Filling up the DagBag from /home/airflow/.local/lib/python3.11/site-packages/airflow/example_dags/example_branch_day_of_week_operator.py
[2026-03-15T17:46:14.822+0000] {processor.py:840} INFO - DAG(s) 'example_weekday_branch_operator' retrieved from /home/airflow/.local/lib/python3.11/site-packages/airflow/example_dags/example_branch_day_of_week_operator.py
[2026-03-15T17:46:14.838+0000] {logging_mixin.py:188} INFO - [2026-03-15T17:46:14.838+0000] {dag.py:3047} INFO - Sync 1 DAGs
[2026-03-15T17:46:14.854+0000] {logging_mixin.py:188} INFO - [2026-03-15T17:46:14.853+0000] {dag.py:3834} INFO - Setting next_dagrun for example_weekday_branch_operator to 2026-03-14 00:00:00+00:00, run_after=2026-03-15 00:00:00+00:00
[2026-03-15T17:46:14.868+0000] {processor.py:183} INFO - Processing /home/airflow/.local/lib/python3.11/site-packages/airflow/example_dags/example_branch_day_of_week_operator.py took 0.057 seconds
[2026-03-15T17:46:19.865+0000] {processor.py:161} INFO - Started process (PID=1062) to work on /home/airflow/.local/lib/python3.11/site-packages/airflow/example_dags/example_branch_day_of_week_operator.py
[2026-03-15T17:46:19.865+0000] {processor.py:830} INFO - Processing file /home/airflow/.local/lib/python3.11/site-packages/airflow/example_dags/example_branch_day_of_week_operator.py for tasks to queue
[2026-03-15T17:46:19.867+0000] {logging_mixin.py:188} INFO - [2026-03-15T17:46:19.867+0000] {dagbag.py:540} INFO - Filling up the DagBag from /home/airflow/.local/lib/python3.11/site-packages/airflow/example_dags/example_branch_day_of_week_operator.py
[2026-03-15T17:46:19.873+0000] {processor.py:840} INFO - DAG(s) 'example_weekday_branch_operator' retrieved from /home/airflow/.local/lib/python3.11/site-packages/airflow/example_dags/example_branch_day_of_week_operator.py
[2026-03-15T17:46:19.888+0000] {logging_mixin.py:188} INFO - [2026-03-15T17:46:19.888+0000] {dag.py:3047} INFO - Sync 1 DAGs
[2026-03-15T17:46:19.904+0000] {logging_mixin.py:188} INFO - [2026-03-15T17:46:19.904+0000] {dag.py:3834} INFO - Setting next_dagrun for example_weekday_branch_operator to 2026-03-14 00:00:00+00:00, run_after=2026-03-15 00:00:00+00:00
[2026-03-15T17:46:19.918+0000] {processor.py:183} INFO - Processing /home/airflow/.local/lib/python3.11/site-packages/airflow/example_dags/example_branch_day_of_week_operator.py took 0.056 seconds
[2026-03-15T17:46:24.781+0000] {processor.py:161} INFO - Started process (PID=1103) to work on /home/airflow/.local/lib/python3.11/site-packages/airflow/example_dags/example_branch_day_of_week_operator.py
[2026-03-15T17:46:24.782+0000] {processor.py:830} INFO - Processing file /home/airflow/.local/lib/python3.11/site-packages/airflow/example_dags/example_branch_day_of_week_operator.py for tasks to queue
[2026-03-15T17:46:24.784+0000] {logging_mixin.py:188} INFO - [2026-03-15T17:46:24.784+0000] {dagbag.py:540} INFO - Filling up the DagBag from /home/airflow/.local/lib/python3.11/site-packages/airflow/example_dags/example_branch_day_of_week_operator.py
[2026-03-15T17:46:24.790+0000] {processor.py:840} INFO - DAG(s) 'example_weekday_branch_operator' retrieved from /home/airflow/.local/lib/python3.11/site-packages/airflow/example_dags/example_branch_day_of_week_operator.py
[2026-03-15T17:46:24.807+0000] {logging_mixin.py:188} INFO - [2026-03-15T17:46:24.807+0000] {dag.py:3047} INFO - Sync 1 DAGs
[2026-03-15T17:46:24.824+0000] {logging_mixin.py:188} INFO - [2026-03-15T17:46:24.824+0000] {dag.py:3834} INFO - Setting next_dagrun for example_weekday_branch_operator to 2026-03-14 00:00:00+00:00, run_after=2026-03-15 00:00:00+00:00
[2026-03-15T17:46:24.839+0000] {processor.py:183} INFO - Processing /home/airflow/.local/lib/python3.11/site-packages/airflow/example_dags/example_branch_day_of_week_operator.py took 0.060 seconds
[2026-03-15T17:46:55.231+0000] {processor.py:161} INFO - Started process (PID=1157) to work on /home/airflow/.local/lib/python3.11/site-packages/airflow/example_dags/example_branch_day_of_week_operator.py
[2026-03-15T17:46:55.232+0000] {processor.py:830} INFO - Processing file /home/airflow/.local/lib/python3.11/site-packages/airflow/example_dags/example_branch_day_of_week_operator.py for tasks to queue
[2026-03-15T17:46:55.234+0000] {logging_mixin.py:188} INFO - [2026-03-15T17:46:55.234+0000] {dagbag.py:540} INFO - Filling up the DagBag from /home/airflow/.local/lib/python3.11/site-packages/airflow/example_dags/example_branch_day_of_week_operator.py
[2026-03-15T17:46:55.241+0000] {processor.py:840} INFO - DAG(s) 'example_weekday_branch_operator' retrieved from /home/airflow/.local/lib/python3.11/site-packages/airflow/example_dags/example_branch_day_of_week_operator.py
[2026-03-15T17:46:55.260+0000] {logging_mixin.py:188} INFO - [2026-03-15T17:46:55.259+0000] {dag.py:3047} INFO - Sync 1 DAGs
[2026-03-15T17:46:55.275+0000] {logging_mixin.py:188} INFO - [2026-03-15T17:46:55.275+0000] {dag.py:3834} INFO - Setting next_dagrun for example_weekday_branch_operator to 2026-03-14 00:00:00+00:00, run_after=2026-03-15 00:00:00+00:00
[2026-03-15T17:46:55.288+0000] {processor.py:183} INFO - Processing /home/airflow/.local/lib/python3.11/site-packages/airflow/example_dags/example_branch_day_of_week_operator.py took 0.060 seconds
[2026-03-15T17:47:14.914+0000] {processor.py:161} INFO - Started process (PID=1204) to work on /home/airflow/.local/lib/python3.11/site-packages/airflow/example_dags/example_branch_day_of_week_operator.py
[2026-03-15T17:47:14.915+0000] {processor.py:830} INFO - Processing file /home/airflow/.local/lib/python3.11/site-packages/airflow/example_dags/example_branch_day_of_week_operator.py for tasks to queue
[2026-03-15T17:47:14.917+0000] {logging_mixin.py:188} INFO - [2026-03-15T17:47:14.916+0000] {dagbag.py:540} INFO - Filling up the DagBag from /home/airflow/.local/lib/python3.11/site-packages/airflow/example_dags/example_branch_day_of_week_operator.py
[2026-03-15T17:47:14.923+0000] {processor.py:840} INFO - DAG(s) 'example_weekday_branch_operator' retrieved from /home/airflow/.local/lib/python3.11/site-packages/airflow/example_dags/example_branch_day_of_week_operator.py
[2026-03-15T17:47:14.939+0000] {logging_mixin.py:188} INFO - [2026-03-15T17:47:14.939+0000] {dag.py:3047} INFO - Sync 1 DAGs
[2026-03-15T17:47:14.955+0000] {logging_mixin.py:188} INFO - [2026-03-15T17:47:14.955+0000] {dag.py:3834} INFO - Setting next_dagrun for example_weekday_branch_operator to 2026-03-14 00:00:00+00:00, run_after=2026-03-15 00:00:00+00:00
[2026-03-15T17:47:14.973+0000] {processor.py:183} INFO - Processing /home/airflow/.local/lib/python3.11/site-packages/airflow/example_dags/example_branch_day_of_week_operator.py took 0.062 seconds
[2026-03-15T17:47:20.059+0000] {processor.py:161} INFO - Started process (PID=1250) to work on /home/airflow/.local/lib/python3.11/site-packages/airflow/example_dags/example_branch_day_of_week_operator.py
[2026-03-15T17:47:20.060+0000] {processor.py:830} INFO - Processing file /home/airflow/.local/lib/python3.11/site-packages/airflow/example_dags/example_branch_day_of_week_operator.py for tasks to queue
[2026-03-15T17:47:20.063+0000] {logging_mixin.py:188} INFO - [2026-03-15T17:47:20.062+0000] {dagbag.py:540} INFO - Filling up the DagBag from /home/airflow/.local/lib/python3.11/site-packages/airflow/example_dags/example_branch_day_of_week_operator.py
[2026-03-15T17:47:20.069+0000] {processor.py:840} INFO - DAG(s) 'example_weekday_branch_operator' retrieved from /home/airflow/.local/lib/python3.11/site-packages/airflow/example_dags/example_branch_day_of_week_operator.py
[2026-03-15T17:47:20.088+0000] {logging_mixin.py:188} INFO - [2026-03-15T17:47:20.088+0000] {dag.py:3047} INFO - Sync 1 DAGs
[2026-03-15T17:47:20.108+0000] {logging_mixin.py:188} INFO - [2026-03-15T17:47:20.108+0000] {dag.py:3834} INFO - Setting next_dagrun for example_weekday_branch_operator to 2026-03-14 00:00:00+00:00, run_after=2026-03-15 00:00:00+00:00
[2026-03-15T17:47:20.125+0000] {processor.py:183} INFO - Processing /home/airflow/.local/lib/python3.11/site-packages/airflow/example_dags/example_branch_day_of_week_operator.py took 0.070 seconds
[2026-03-15T17:47:25.619+0000] {processor.py:161} INFO - Started process (PID=1292) to work on /home/airflow/.local/lib/python3.11/site-packages/airflow/example_dags/example_branch_day_of_week_operator.py
[2026-03-15T17:47:25.620+0000] {processor.py:830} INFO - Processing file /home/airflow/.local/lib/python3.11/site-packages/airflow/example_dags/example_branch_day_of_week_operator.py for tasks to queue
[2026-03-15T17:47:25.621+0000] {logging_mixin.py:188} INFO - [2026-03-15T17:47:25.621+0000] {dagbag.py:540} INFO - Filling up the DagBag from /home/airflow/.local/lib/python3.11/site-packages/airflow/example_dags/example_branch_day_of_week_operator.py
[2026-03-15T17:47:25.629+0000] {processor.py:840} INFO - DAG(s) 'example_weekday_branch_operator' retrieved from /home/airflow/.local/lib/python3.11/site-packages/airflow/example_dags/example_branch_day_of_week_operator.py
[2026-03-15T17:47:25.649+0000] {logging_mixin.py:188} INFO - [2026-03-15T17:47:25.649+0000] {dag.py:3047} INFO - Sync 1 DAGs
[2026-03-15T17:47:25.667+0000] {logging_mixin.py:188} INFO - [2026-03-15T17:47:25.667+0000] {dag.py:3834} INFO - Setting next_dagrun for example_weekday_branch_operator to 2026-03-14 00:00:00+00:00, run_after=2026-03-15 00:00:00+00:00
[2026-03-15T17:47:25.685+0000] {processor.py:183} INFO - Processing /home/airflow/.local/lib/python3.11/site-packages/airflow/example_dags/example_branch_day_of_week_operator.py took 0.070 seconds
[2026-03-15T17:47:30.267+0000] {processor.py:161} INFO - Started process (PID=1335) to work on /home/airflow/.local/lib/python3.11/site-packages/airflow/example_dags/example_branch_day_of_week_operator.py
[2026-03-15T17:47:30.268+0000] {processor.py:830} INFO - Processing file /home/airflow/.local/lib/python3.11/site-packages/airflow/example_dags/example_branch_day_of_week_operator.py for tasks to queue
[2026-03-15T17:47:30.270+0000] {logging_mixin.py:188} INFO - [2026-03-15T17:47:30.270+0000] {dagbag.py:540} INFO - Filling up the DagBag from /home/airflow/.local/lib/python3.11/site-packages/airflow/example_dags/example_branch_day_of_week_operator.py
[2026-03-15T17:47:30.276+0000] {processor.py:840} INFO - DAG(s) 'example_weekday_branch_operator' retrieved from /home/airflow/.local/lib/python3.11/site-packages/airflow/example_dags/example_branch_day_of_week_operator.py
[2026-03-15T17:47:30.294+0000] {logging_mixin.py:188} INFO - [2026-03-15T17:47:30.293+0000] {dag.py:3047} INFO - Sync 1 DAGs
[2026-03-15T17:47:30.310+0000] {logging_mixin.py:188} INFO - [2026-03-15T17:47:30.309+0000] {dag.py:3834} INFO - Setting next_dagrun for example_weekday_branch_operator to 2026-03-14 00:00:00+00:00, run_after=2026-03-15 00:00:00+00:00
[2026-03-15T17:47:30.323+0000] {processor.py:183} INFO - Processing /home/airflow/.local/lib/python3.11/site-packages/airflow/example_dags/example_branch_day_of_week_operator.py took 0.059 seconds
[2026-03-15T17:47:44.558+0000] {processor.py:161} INFO - Started process (PID=1376) to work on /home/airflow/.local/lib/python3.11/site-packages/airflow/example_dags/example_branch_day_of_week_operator.py
[2026-03-15T17:47:44.559+0000] {processor.py:830} INFO - Processing file /home/airflow/.local/lib/python3.11/site-packages/airflow/example_dags/example_branch_day_of_week_operator.py for tasks to queue
[2026-03-15T17:47:44.560+0000] {logging_mixin.py:188} INFO - [2026-03-15T17:47:44.560+0000] {dagbag.py:540} INFO - Filling up the DagBag from /home/airflow/.local/lib/python3.11/site-packages/airflow/example_dags/example_branch_day_of_week_operator.py
[2026-03-15T17:47:44.566+0000] {processor.py:840} INFO - DAG(s) 'example_weekday_branch_operator' retrieved from /home/airflow/.local/lib/python3.11/site-packages/airflow/example_dags/example_branch_day_of_week_operator.py
[2026-03-15T17:47:44.582+0000] {logging_mixin.py:188} INFO - [2026-03-15T17:47:44.582+0000] {dag.py:3047} INFO - Sync 1 DAGs
[2026-03-15T17:47:44.598+0000] {logging_mixin.py:188} INFO - [2026-03-15T17:47:44.597+0000] {dag.py:3834} INFO - Setting next_dagrun for example_weekday_branch_operator to 2026-03-14 00:00:00+00:00, run_after=2026-03-15 00:00:00+00:00
[2026-03-15T17:47:44.612+0000] {processor.py:183} INFO - Processing /home/airflow/.local/lib/python3.11/site-packages/airflow/example_dags/example_branch_day_of_week_operator.py took 0.057 seconds
[2026-03-15T17:48:14.792+0000] {processor.py:161} INFO - Started process (PID=1418) to work on /home/airflow/.local/lib/python3.11/site-packages/airflow/example_dags/example_branch_day_of_week_operator.py
[2026-03-15T17:48:14.793+0000] {processor.py:830} INFO - Processing file /home/airflow/.local/lib/python3.11/site-packages/airflow/example_dags/example_branch_day_of_week_operator.py for tasks to queue
[2026-03-15T17:48:14.794+0000] {logging_mixin.py:188} INFO - [2026-03-15T17:48:14.794+0000] {dagbag.py:540} INFO - Filling up the DagBag from /home/airflow/.local/lib/python3.11/site-packages/airflow/example_dags/example_branch_day_of_week_operator.py
[2026-03-15T17:48:14.801+0000] {processor.py:840} INFO - DAG(s) 'example_weekday_branch_operator' retrieved from /home/airflow/.local/lib/python3.11/site-packages/airflow/example_dags/example_branch_day_of_week_operator.py
[2026-03-15T17:48:14.817+0000] {logging_mixin.py:188} INFO - [2026-03-15T17:48:14.817+0000] {dag.py:3047} INFO - Sync 1 DAGs
[2026-03-15T17:48:14.833+0000] {logging_mixin.py:188} INFO - [2026-03-15T17:48:14.832+0000] {dag.py:3834} INFO - Setting next_dagrun for example_weekday_branch_operator to 2026-03-14 00:00:00+00:00, run_after=2026-03-15 00:00:00+00:00
[2026-03-15T17:48:14.845+0000] {processor.py:183} INFO - Processing /home/airflow/.local/lib/python3.11/site-packages/airflow/example_dags/example_branch_day_of_week_operator.py took 0.056 seconds
[2026-03-15T17:48:44.737+0000] {processor.py:161} INFO - Started process (PID=1477) to work on /home/airflow/.local/lib/python3.11/site-packages/airflow/example_dags/example_branch_day_of_week_operator.py
[2026-03-15T17:48:44.737+0000] {processor.py:830} INFO - Processing file /home/airflow/.local/lib/python3.11/site-packages/airflow/example_dags/example_branch_day_of_week_operator.py for tasks to queue
[2026-03-15T17:48:44.739+0000] {logging_mixin.py:188} INFO - [2026-03-15T17:48:44.739+0000] {dagbag.py:540} INFO - Filling up the DagBag from /home/airflow/.local/lib/python3.11/site-packages/airflow/example_dags/example_branch_day_of_week_operator.py
[2026-03-15T17:48:44.745+0000] {processor.py:840} INFO - DAG(s) 'example_weekday_branch_operator' retrieved from /home/airflow/.local/lib/python3.11/site-packages/airflow/example_dags/example_branch_day_of_week_operator.py
[2026-03-15T17:48:44.760+0000] {logging_mixin.py:188} INFO - [2026-03-15T17:48:44.760+0000] {dag.py:3047} INFO - Sync 1 DAGs
[2026-03-15T17:48:44.774+0000] {logging_mixin.py:188} INFO - [2026-03-15T17:48:44.774+0000] {dag.py:3834} INFO - Setting next_dagrun for example_weekday_branch_operator to 2026-03-14 00:00:00+00:00, run_after=2026-03-15 00:00:00+00:00
[2026-03-15T17:48:44.787+0000] {processor.py:183} INFO - Processing /home/airflow/.local/lib/python3.11/site-packages/airflow/example_dags/example_branch_day_of_week_operator.py took 0.053 seconds
[2026-03-15T17:49:15.314+0000] {processor.py:161} INFO - Started process (PID=1533) to work on /home/airflow/.local/lib/python3.11/site-packages/airflow/example_dags/example_branch_day_of_week_operator.py
[2026-03-15T17:49:15.315+0000] {processor.py:830} INFO - Processing file /home/airflow/.local/lib/python3.11/site-packages/airflow/example_dags/example_branch_day_of_week_operator.py for tasks to queue
[2026-03-15T17:49:15.318+0000] {logging_mixin.py:188} INFO - [2026-03-15T17:49:15.317+0000] {dagbag.py:540} INFO - Filling up the DagBag from /home/airflow/.local/lib/python3.11/site-packages/airflow/example_dags/example_branch_day_of_week_operator.py
[2026-03-15T17:49:15.325+0000] {processor.py:840} INFO - DAG(s) 'example_weekday_branch_operator' retrieved from /home/airflow/.local/lib/python3.11/site-packages/airflow/example_dags/example_branch_day_of_week_operator.py
[2026-03-15T17:49:15.341+0000] {logging_mixin.py:188} INFO - [2026-03-15T17:49:15.341+0000] {dag.py:3047} INFO - Sync 1 DAGs
[2026-03-15T17:49:15.358+0000] {logging_mixin.py:188} INFO - [2026-03-15T17:49:15.357+0000] {dag.py:3834} INFO - Setting next_dagrun for example_weekday_branch_operator to 2026-03-14 00:00:00+00:00, run_after=2026-03-15 00:00:00+00:00
[2026-03-15T17:49:15.371+0000] {processor.py:183} INFO - Processing /home/airflow/.local/lib/python3.11/site-packages/airflow/example_dags/example_branch_day_of_week_operator.py took 0.061 seconds
[2026-03-15T17:49:59.305+0000] {processor.py:161} INFO - Started process (PID=82) to work on /home/airflow/.local/lib/python3.11/site-packages/airflow/example_dags/example_branch_day_of_week_operator.py
[2026-03-15T17:49:59.306+0000] {processor.py:830} INFO - Processing file /home/airflow/.local/lib/python3.11/site-packages/airflow/example_dags/example_branch_day_of_week_operator.py for tasks to queue
[2026-03-15T17:49:59.309+0000] {logging_mixin.py:188} INFO - [2026-03-15T17:49:59.308+0000] {dagbag.py:540} INFO - Filling up the DagBag from /home/airflow/.local/lib/python3.11/site-packages/airflow/example_dags/example_branch_day_of_week_operator.py
[2026-03-15T17:49:59.319+0000] {processor.py:840} INFO - DAG(s) 'example_weekday_branch_operator' retrieved from /home/airflow/.local/lib/python3.11/site-packages/airflow/example_dags/example_branch_day_of_week_operator.py
[2026-03-15T17:49:59.338+0000] {logging_mixin.py:188} INFO - [2026-03-15T17:49:59.337+0000] {dag.py:3047} INFO - Sync 1 DAGs
[2026-03-15T17:49:59.359+0000] {logging_mixin.py:188} INFO - [2026-03-15T17:49:59.359+0000] {dag.py:3834} INFO - Setting next_dagrun for example_weekday_branch_operator to 2026-03-14 00:00:00+00:00, run_after=2026-03-15 00:00:00+00:00
[2026-03-15T17:49:59.375+0000] {processor.py:183} INFO - Processing /home/airflow/.local/lib/python3.11/site-packages/airflow/example_dags/example_branch_day_of_week_operator.py took 0.074 seconds
[2026-03-15T17:50:15.573+0000] {processor.py:161} INFO - Started process (PID=136) to work on /home/airflow/.local/lib/python3.11/site-packages/airflow/example_dags/example_branch_day_of_week_operator.py
[2026-03-15T17:50:15.574+0000] {processor.py:830} INFO - Processing file /home/airflow/.local/lib/python3.11/site-packages/airflow/example_dags/example_branch_day_of_week_operator.py for tasks to queue
[2026-03-15T17:50:15.575+0000] {logging_mixin.py:188} INFO - [2026-03-15T17:50:15.575+0000] {dagbag.py:540} INFO - Filling up the DagBag from /home/airflow/.local/lib/python3.11/site-packages/airflow/example_dags/example_branch_day_of_week_operator.py
[2026-03-15T17:50:15.583+0000] {processor.py:840} INFO - DAG(s) 'example_weekday_branch_operator' retrieved from /home/airflow/.local/lib/python3.11/site-packages/airflow/example_dags/example_branch_day_of_week_operator.py
[2026-03-15T17:50:15.654+0000] {logging_mixin.py:188} INFO - [2026-03-15T17:50:15.654+0000] {dag.py:3047} INFO - Sync 1 DAGs
[2026-03-15T17:50:15.669+0000] {logging_mixin.py:188} INFO - [2026-03-15T17:50:15.669+0000] {dag.py:3834} INFO - Setting next_dagrun for example_weekday_branch_operator to 2026-03-14 00:00:00+00:00, run_after=2026-03-15 00:00:00+00:00
[2026-03-15T17:50:15.685+0000] {processor.py:183} INFO - Processing /home/airflow/.local/lib/python3.11/site-packages/airflow/example_dags/example_branch_day_of_week_operator.py took 0.116 seconds
[2026-03-15T17:50:20.356+0000] {processor.py:161} INFO - Started process (PID=181) to work on /home/airflow/.local/lib/python3.11/site-packages/airflow/example_dags/example_branch_day_of_week_operator.py
[2026-03-15T17:50:20.357+0000] {processor.py:830} INFO - Processing file /home/airflow/.local/lib/python3.11/site-packages/airflow/example_dags/example_branch_day_of_week_operator.py for tasks to queue
[2026-03-15T17:50:20.359+0000] {logging_mixin.py:188} INFO - [2026-03-15T17:50:20.359+0000] {dagbag.py:540} INFO - Filling up the DagBag from /home/airflow/.local/lib/python3.11/site-packages/airflow/example_dags/example_branch_day_of_week_operator.py
[2026-03-15T17:50:20.366+0000] {processor.py:840} INFO - DAG(s) 'example_weekday_branch_operator' retrieved from /home/airflow/.local/lib/python3.11/site-packages/airflow/example_dags/example_branch_day_of_week_operator.py
[2026-03-15T17:50:20.376+0000] {logging_mixin.py:188} INFO - [2026-03-15T17:50:20.376+0000] {dag.py:3047} INFO - Sync 1 DAGs
[2026-03-15T17:50:20.393+0000] {logging_mixin.py:188} INFO - [2026-03-15T17:50:20.393+0000] {dag.py:3834} INFO - Setting next_dagrun for example_weekday_branch_operator to 2026-03-14 00:00:00+00:00, run_after=2026-03-15 00:00:00+00:00
[2026-03-15T17:50:20.406+0000] {processor.py:183} INFO - Processing /home/airflow/.local/lib/python3.11/site-packages/airflow/example_dags/example_branch_day_of_week_operator.py took 0.053 seconds
[2026-03-15T17:50:25.357+0000] {processor.py:161} INFO - Started process (PID=223) to work on /home/airflow/.local/lib/python3.11/site-packages/airflow/example_dags/example_branch_day_of_week_operator.py
[2026-03-15T17:50:25.358+0000] {processor.py:830} INFO - Processing file /home/airflow/.local/lib/python3.11/site-packages/airflow/example_dags/example_branch_day_of_week_operator.py for tasks to queue
[2026-03-15T17:50:25.360+0000] {logging_mixin.py:188} INFO - [2026-03-15T17:50:25.360+0000] {dagbag.py:540} INFO - Filling up the DagBag from /home/airflow/.local/lib/python3.11/site-packages/airflow/example_dags/example_branch_day_of_week_operator.py
[2026-03-15T17:50:25.366+0000] {processor.py:840} INFO - DAG(s) 'example_weekday_branch_operator' retrieved from /home/airflow/.local/lib/python3.11/site-packages/airflow/example_dags/example_branch_day_of_week_operator.py
[2026-03-15T17:50:25.376+0000] {logging_mixin.py:188} INFO - [2026-03-15T17:50:25.376+0000] {dag.py:3047} INFO - Sync 1 DAGs
[2026-03-15T17:50:25.392+0000] {logging_mixin.py:188} INFO - [2026-03-15T17:50:25.392+0000] {dag.py:3834} INFO - Setting next_dagrun for example_weekday_branch_operator to 2026-03-14 00:00:00+00:00, run_after=2026-03-15 00:00:00+00:00
[2026-03-15T17:50:25.406+0000] {processor.py:183} INFO - Processing /home/airflow/.local/lib/python3.11/site-packages/airflow/example_dags/example_branch_day_of_week_operator.py took 0.052 seconds
[2026-03-15T17:50:30.668+0000] {processor.py:161} INFO - Started process (PID=273) to work on /home/airflow/.local/lib/python3.11/site-packages/airflow/example_dags/example_branch_day_of_week_operator.py
[2026-03-15T17:50:30.669+0000] {processor.py:830} INFO - Processing file /home/airflow/.local/lib/python3.11/site-packages/airflow/example_dags/example_branch_day_of_week_operator.py for tasks to queue
[2026-03-15T17:50:30.672+0000] {logging_mixin.py:188} INFO - [2026-03-15T17:50:30.672+0000] {dagbag.py:540} INFO - Filling up the DagBag from /home/airflow/.local/lib/python3.11/site-packages/airflow/example_dags/example_branch_day_of_week_operator.py
[2026-03-15T17:50:30.684+0000] {processor.py:840} INFO - DAG(s) 'example_weekday_branch_operator' retrieved from /home/airflow/.local/lib/python3.11/site-packages/airflow/example_dags/example_branch_day_of_week_operator.py
[2026-03-15T17:50:30.694+0000] {logging_mixin.py:188} INFO - [2026-03-15T17:50:30.694+0000] {dag.py:3047} INFO - Sync 1 DAGs
[2026-03-15T17:50:30.716+0000] {logging_mixin.py:188} INFO - [2026-03-15T17:50:30.716+0000] {dag.py:3834} INFO - Setting next_dagrun for example_weekday_branch_operator to 2026-03-14 00:00:00+00:00, run_after=2026-03-15 00:00:00+00:00
[2026-03-15T17:50:30.735+0000] {processor.py:183} INFO - Processing /home/airflow/.local/lib/python3.11/site-packages/airflow/example_dags/example_branch_day_of_week_operator.py took 0.071 seconds
[2026-03-15T17:51:00.999+0000] {processor.py:161} INFO - Started process (PID=323) to work on /home/airflow/.local/lib/python3.11/site-packages/airflow/example_dags/example_branch_day_of_week_operator.py
[2026-03-15T17:51:01.000+0000] {processor.py:830} INFO - Processing file /home/airflow/.local/lib/python3.11/site-packages/airflow/example_dags/example_branch_day_of_week_operator.py for tasks to queue
[2026-03-15T17:51:01.002+0000] {logging_mixin.py:188} INFO - [2026-03-15T17:51:01.002+0000] {dagbag.py:540} INFO - Filling up the DagBag from /home/airflow/.local/lib/python3.11/site-packages/airflow/example_dags/example_branch_day_of_week_operator.py
[2026-03-15T17:51:01.008+0000] {processor.py:840} INFO - DAG(s) 'example_weekday_branch_operator' retrieved from /home/airflow/.local/lib/python3.11/site-packages/airflow/example_dags/example_branch_day_of_week_operator.py
[2026-03-15T17:51:01.024+0000] {logging_mixin.py:188} INFO - [2026-03-15T17:51:01.024+0000] {dag.py:3047} INFO - Sync 1 DAGs
[2026-03-15T17:51:01.039+0000] {logging_mixin.py:188} INFO - [2026-03-15T17:51:01.039+0000] {dag.py:3834} INFO - Setting next_dagrun for example_weekday_branch_operator to 2026-03-14 00:00:00+00:00, run_after=2026-03-15 00:00:00+00:00
[2026-03-15T17:51:01.055+0000] {processor.py:183} INFO - Processing /home/airflow/.local/lib/python3.11/site-packages/airflow/example_dags/example_branch_day_of_week_operator.py took 0.058 seconds
[2026-03-15T17:51:31.387+0000] {processor.py:161} INFO - Started process (PID=374) to work on /home/airflow/.local/lib/python3.11/site-packages/airflow/example_dags/example_branch_day_of_week_operator.py
[2026-03-15T17:51:31.388+0000] {processor.py:830} INFO - Processing file /home/airflow/.local/lib/python3.11/site-packages/airflow/example_dags/example_branch_day_of_week_operator.py for tasks to queue
[2026-03-15T17:51:31.390+0000] {logging_mixin.py:188} INFO - [2026-03-15T17:51:31.389+0000] {dagbag.py:540} INFO - Filling up the DagBag from /home/airflow/.local/lib/python3.11/site-packages/airflow/example_dags/example_branch_day_of_week_operator.py
[2026-03-15T17:51:31.396+0000] {processor.py:840} INFO - DAG(s) 'example_weekday_branch_operator' retrieved from /home/airflow/.local/lib/python3.11/site-packages/airflow/example_dags/example_branch_day_of_week_operator.py
[2026-03-15T17:51:31.415+0000] {logging_mixin.py:188} INFO - [2026-03-15T17:51:31.415+0000] {dag.py:3047} INFO - Sync 1 DAGs
[2026-03-15T17:51:31.431+0000] {logging_mixin.py:188} INFO - [2026-03-15T17:51:31.431+0000] {dag.py:3834} INFO - Setting next_dagrun for example_weekday_branch_operator to 2026-03-14 00:00:00+00:00, run_after=2026-03-15 00:00:00+00:00
[2026-03-15T17:51:31.447+0000] {processor.py:183} INFO - Processing /home/airflow/.local/lib/python3.11/site-packages/airflow/example_dags/example_branch_day_of_week_operator.py took 0.064 seconds
[2026-03-15T17:51:36.133+0000] {processor.py:161} INFO - Started process (PID=427) to work on /home/airflow/.local/lib/python3.11/site-packages/airflow/example_dags/example_branch_day_of_week_operator.py
[2026-03-15T17:51:36.134+0000] {processor.py:830} INFO - Processing file /home/airflow/.local/lib/python3.11/site-packages/airflow/example_dags/example_branch_day_of_week_operator.py for tasks to queue
[2026-03-15T17:51:36.136+0000] {logging_mixin.py:188} INFO - [2026-03-15T17:51:36.135+0000] {dagbag.py:540} INFO - Filling up the DagBag from /home/airflow/.local/lib/python3.11/site-packages/airflow/example_dags/example_branch_day_of_week_operator.py
[2026-03-15T17:51:36.142+0000] {processor.py:840} INFO - DAG(s) 'example_weekday_branch_operator' retrieved from /home/airflow/.local/lib/python3.11/site-packages/airflow/example_dags/example_branch_day_of_week_operator.py
[2026-03-15T17:51:36.159+0000] {logging_mixin.py:188} INFO - [2026-03-15T17:51:36.159+0000] {dag.py:3047} INFO - Sync 1 DAGs
[2026-03-15T17:51:36.174+0000] {logging_mixin.py:188} INFO - [2026-03-15T17:51:36.174+0000] {dag.py:3834} INFO - Setting next_dagrun for example_weekday_branch_operator to 2026-03-14 00:00:00+00:00, run_after=2026-03-15 00:00:00+00:00
[2026-03-15T17:51:36.189+0000] {processor.py:183} INFO - Processing /home/airflow/.local/lib/python3.11/site-packages/airflow/example_dags/example_branch_day_of_week_operator.py took 0.059 seconds
[2026-03-15T17:51:40.895+0000] {processor.py:161} INFO - Started process (PID=477) to work on /home/airflow/.local/lib/python3.11/site-packages/airflow/example_dags/example_branch_day_of_week_operator.py
[2026-03-15T17:51:40.896+0000] {processor.py:830} INFO - Processing file /home/airflow/.local/lib/python3.11/site-packages/airflow/example_dags/example_branch_day_of_week_operator.py for tasks to queue
[2026-03-15T17:51:40.897+0000] {logging_mixin.py:188} INFO - [2026-03-15T17:51:40.897+0000] {dagbag.py:540} INFO - Filling up the DagBag from /home/airflow/.local/lib/python3.11/site-packages/airflow/example_dags/example_branch_day_of_week_operator.py
[2026-03-15T17:51:40.903+0000] {processor.py:840} INFO - DAG(s) 'example_weekday_branch_operator' retrieved from /home/airflow/.local/lib/python3.11/site-packages/airflow/example_dags/example_branch_day_of_week_operator.py
[2026-03-15T17:51:40.919+0000] {logging_mixin.py:188} INFO - [2026-03-15T17:51:40.919+0000] {dag.py:3047} INFO - Sync 1 DAGs
[2026-03-15T17:51:40.934+0000] {logging_mixin.py:188} INFO - [2026-03-15T17:51:40.934+0000] {dag.py:3834} INFO - Setting next_dagrun for example_weekday_branch_operator to 2026-03-14 00:00:00+00:00, run_after=2026-03-15 00:00:00+00:00
[2026-03-15T17:51:40.949+0000] {processor.py:183} INFO - Processing /home/airflow/.local/lib/python3.11/site-packages/airflow/example_dags/example_branch_day_of_week_operator.py took 0.057 seconds
[2026-03-15T17:52:11.222+0000] {processor.py:161} INFO - Started process (PID=531) to work on /home/airflow/.local/lib/python3.11/site-packages/airflow/example_dags/example_branch_day_of_week_operator.py
[2026-03-15T17:52:11.226+0000] {processor.py:830} INFO - Processing file /home/airflow/.local/lib/python3.11/site-packages/airflow/example_dags/example_branch_day_of_week_operator.py for tasks to queue
[2026-03-15T17:52:11.229+0000] {logging_mixin.py:188} INFO - [2026-03-15T17:52:11.228+0000] {dagbag.py:540} INFO - Filling up the DagBag from /home/airflow/.local/lib/python3.11/site-packages/airflow/example_dags/example_branch_day_of_week_operator.py
[2026-03-15T17:52:11.235+0000] {processor.py:840} INFO - DAG(s) 'example_weekday_branch_operator' retrieved from /home/airflow/.local/lib/python3.11/site-packages/airflow/example_dags/example_branch_day_of_week_operator.py
[2026-03-15T17:52:11.251+0000] {logging_mixin.py:188} INFO - [2026-03-15T17:52:11.251+0000] {dag.py:3047} INFO - Sync 1 DAGs
[2026-03-15T17:52:11.266+0000] {logging_mixin.py:188} INFO - [2026-03-15T17:52:11.266+0000] {dag.py:3834} INFO - Setting next_dagrun for example_weekday_branch_operator to 2026-03-14 00:00:00+00:00, run_after=2026-03-15 00:00:00+00:00
[2026-03-15T17:52:11.280+0000] {processor.py:183} INFO - Processing /home/airflow/.local/lib/python3.11/site-packages/airflow/example_dags/example_branch_day_of_week_operator.py took 0.060 seconds
[2026-03-15T17:52:14.763+0000] {processor.py:161} INFO - Started process (PID=581) to work on /home/airflow/.local/lib/python3.11/site-packages/airflow/example_dags/example_branch_day_of_week_operator.py
[2026-03-15T17:52:14.766+0000] {processor.py:830} INFO - Processing file /home/airflow/.local/lib/python3.11/site-packages/airflow/example_dags/example_branch_day_of_week_operator.py for tasks to queue
[2026-03-15T17:52:14.768+0000] {logging_mixin.py:188} INFO - [2026-03-15T17:52:14.768+0000] {dagbag.py:540} INFO - Filling up the DagBag from /home/airflow/.local/lib/python3.11/site-packages/airflow/example_dags/example_branch_day_of_week_operator.py
[2026-03-15T17:52:14.776+0000] {processor.py:840} INFO - DAG(s) 'example_weekday_branch_operator' retrieved from /home/airflow/.local/lib/python3.11/site-packages/airflow/example_dags/example_branch_day_of_week_operator.py
[2026-03-15T17:52:14.792+0000] {logging_mixin.py:188} INFO - [2026-03-15T17:52:14.792+0000] {dag.py:3047} INFO - Sync 1 DAGs
[2026-03-15T17:52:14.808+0000] {logging_mixin.py:188} INFO - [2026-03-15T17:52:14.808+0000] {dag.py:3834} INFO - Setting next_dagrun for example_weekday_branch_operator to 2026-03-14 00:00:00+00:00, run_after=2026-03-15 00:00:00+00:00
[2026-03-15T17:52:14.822+0000] {processor.py:183} INFO - Processing /home/airflow/.local/lib/python3.11/site-packages/airflow/example_dags/example_branch_day_of_week_operator.py took 0.062 seconds
[2026-03-15T17:52:20.551+0000] {processor.py:161} INFO - Started process (PID=623) to work on /home/airflow/.local/lib/python3.11/site-packages/airflow/example_dags/example_branch_day_of_week_operator.py
[2026-03-15T17:52:20.552+0000] {processor.py:830} INFO - Processing file /home/airflow/.local/lib/python3.11/site-packages/airflow/example_dags/example_branch_day_of_week_operator.py for tasks to queue
[2026-03-15T17:52:20.554+0000] {logging_mixin.py:188} INFO - [2026-03-15T17:52:20.554+0000] {dagbag.py:540} INFO - Filling up the DagBag from /home/airflow/.local/lib/python3.11/site-packages/airflow/example_dags/example_branch_day_of_week_operator.py
[2026-03-15T17:52:20.560+0000] {processor.py:840} INFO - DAG(s) 'example_weekday_branch_operator' retrieved from /home/airflow/.local/lib/python3.11/site-packages/airflow/example_dags/example_branch_day_of_week_operator.py
[2026-03-15T17:52:20.577+0000] {logging_mixin.py:188} INFO - [2026-03-15T17:52:20.577+0000] {dag.py:3047} INFO - Sync 1 DAGs
[2026-03-15T17:52:20.594+0000] {logging_mixin.py:188} INFO - [2026-03-15T17:52:20.594+0000] {dag.py:3834} INFO - Setting next_dagrun for example_weekday_branch_operator to 2026-03-14 00:00:00+00:00, run_after=2026-03-15 00:00:00+00:00
[2026-03-15T17:52:20.608+0000] {processor.py:183} INFO - Processing /home/airflow/.local/lib/python3.11/site-packages/airflow/example_dags/example_branch_day_of_week_operator.py took 0.060 seconds
[2026-03-15T17:52:25.314+0000] {processor.py:161} INFO - Started process (PID=663) to work on /home/airflow/.local/lib/python3.11/site-packages/airflow/example_dags/example_branch_day_of_week_operator.py
[2026-03-15T17:52:25.316+0000] {processor.py:830} INFO - Processing file /home/airflow/.local/lib/python3.11/site-packages/airflow/example_dags/example_branch_day_of_week_operator.py for tasks to queue
[2026-03-15T17:52:25.318+0000] {logging_mixin.py:188} INFO - [2026-03-15T17:52:25.318+0000] {dagbag.py:540} INFO - Filling up the DagBag from /home/airflow/.local/lib/python3.11/site-packages/airflow/example_dags/example_branch_day_of_week_operator.py
[2026-03-15T17:52:25.324+0000] {processor.py:840} INFO - DAG(s) 'example_weekday_branch_operator' retrieved from /home/airflow/.local/lib/python3.11/site-packages/airflow/example_dags/example_branch_day_of_week_operator.py
[2026-03-15T17:52:25.341+0000] {logging_mixin.py:188} INFO - [2026-03-15T17:52:25.341+0000] {dag.py:3047} INFO - Sync 1 DAGs
[2026-03-15T17:52:25.358+0000] {logging_mixin.py:188} INFO - [2026-03-15T17:52:25.358+0000] {dag.py:3834} INFO - Setting next_dagrun for example_weekday_branch_operator to 2026-03-14 00:00:00+00:00, run_after=2026-03-15 00:00:00+00:00
[2026-03-15T17:52:25.373+0000] {processor.py:183} INFO - Processing /home/airflow/.local/lib/python3.11/site-packages/airflow/example_dags/example_branch_day_of_week_operator.py took 0.061 seconds
[2026-03-15T17:52:43.989+0000] {processor.py:161} INFO - Started process (PID=707) to work on /home/airflow/.local/lib/python3.11/site-packages/airflow/example_dags/example_branch_day_of_week_operator.py
[2026-03-15T17:52:43.990+0000] {processor.py:830} INFO - Processing file /home/airflow/.local/lib/python3.11/site-packages/airflow/example_dags/example_branch_day_of_week_operator.py for tasks to queue
[2026-03-15T17:52:43.991+0000] {logging_mixin.py:188} INFO - [2026-03-15T17:52:43.991+0000] {dagbag.py:540} INFO - Filling up the DagBag from /home/airflow/.local/lib/python3.11/site-packages/airflow/example_dags/example_branch_day_of_week_operator.py
[2026-03-15T17:52:43.997+0000] {processor.py:840} INFO - DAG(s) 'example_weekday_branch_operator' retrieved from /home/airflow/.local/lib/python3.11/site-packages/airflow/example_dags/example_branch_day_of_week_operator.py
[2026-03-15T17:52:44.014+0000] {logging_mixin.py:188} INFO - [2026-03-15T17:52:44.013+0000] {dag.py:3047} INFO - Sync 1 DAGs
[2026-03-15T17:52:44.031+0000] {logging_mixin.py:188} INFO - [2026-03-15T17:52:44.030+0000] {dag.py:3834} INFO - Setting next_dagrun for example_weekday_branch_operator to 2026-03-14 00:00:00+00:00, run_after=2026-03-15 00:00:00+00:00
[2026-03-15T17:52:44.045+0000] {processor.py:183} INFO - Processing /home/airflow/.local/lib/python3.11/site-packages/airflow/example_dags/example_branch_day_of_week_operator.py took 0.059 seconds
[2026-03-15T17:53:16.064+0000] {processor.py:161} INFO - Started process (PID=771) to work on /home/airflow/.local/lib/python3.11/site-packages/airflow/example_dags/example_branch_day_of_week_operator.py
[2026-03-15T17:53:16.065+0000] {processor.py:830} INFO - Processing file /home/airflow/.local/lib/python3.11/site-packages/airflow/example_dags/example_branch_day_of_week_operator.py for tasks to queue
[2026-03-15T17:53:16.067+0000] {logging_mixin.py:188} INFO - [2026-03-15T17:53:16.067+0000] {dagbag.py:540} INFO - Filling up the DagBag from /home/airflow/.local/lib/python3.11/site-packages/airflow/example_dags/example_branch_day_of_week_operator.py
[2026-03-15T17:53:16.073+0000] {processor.py:840} INFO - DAG(s) 'example_weekday_branch_operator' retrieved from /home/airflow/.local/lib/python3.11/site-packages/airflow/example_dags/example_branch_day_of_week_operator.py
[2026-03-15T17:53:16.091+0000] {logging_mixin.py:188} INFO - [2026-03-15T17:53:16.090+0000] {dag.py:3047} INFO - Sync 1 DAGs
[2026-03-15T17:53:16.106+0000] {logging_mixin.py:188} INFO - [2026-03-15T17:53:16.106+0000] {dag.py:3834} INFO - Setting next_dagrun for example_weekday_branch_operator to 2026-03-14 00:00:00+00:00, run_after=2026-03-15 00:00:00+00:00
[2026-03-15T17:53:16.125+0000] {processor.py:183} INFO - Processing /home/airflow/.local/lib/python3.11/site-packages/airflow/example_dags/example_branch_day_of_week_operator.py took 0.064 seconds
[2026-03-15T17:53:46.980+0000] {processor.py:161} INFO - Started process (PID=821) to work on /home/airflow/.local/lib/python3.11/site-packages/airflow/example_dags/example_branch_day_of_week_operator.py
[2026-03-15T17:53:46.981+0000] {processor.py:830} INFO - Processing file /home/airflow/.local/lib/python3.11/site-packages/airflow/example_dags/example_branch_day_of_week_operator.py for tasks to queue
[2026-03-15T17:53:46.983+0000] {logging_mixin.py:188} INFO - [2026-03-15T17:53:46.983+0000] {dagbag.py:540} INFO - Filling up the DagBag from /home/airflow/.local/lib/python3.11/site-packages/airflow/example_dags/example_branch_day_of_week_operator.py
[2026-03-15T17:53:46.989+0000] {processor.py:840} INFO - DAG(s) 'example_weekday_branch_operator' retrieved from /home/airflow/.local/lib/python3.11/site-packages/airflow/example_dags/example_branch_day_of_week_operator.py
[2026-03-15T17:53:47.007+0000] {logging_mixin.py:188} INFO - [2026-03-15T17:53:47.007+0000] {dag.py:3047} INFO - Sync 1 DAGs
[2026-03-15T17:53:47.025+0000] {logging_mixin.py:188} INFO - [2026-03-15T17:53:47.025+0000] {dag.py:3834} INFO - Setting next_dagrun for example_weekday_branch_operator to 2026-03-14 00:00:00+00:00, run_after=2026-03-15 00:00:00+00:00
[2026-03-15T17:53:47.039+0000] {processor.py:183} INFO - Processing /home/airflow/.local/lib/python3.11/site-packages/airflow/example_dags/example_branch_day_of_week_operator.py took 0.062 seconds
[2026-03-15T17:54:17.296+0000] {processor.py:161} INFO - Started process (PID=879) to work on /home/airflow/.local/lib/python3.11/site-packages/airflow/example_dags/example_branch_day_of_week_operator.py
[2026-03-15T17:54:17.297+0000] {processor.py:830} INFO - Processing file /home/airflow/.local/lib/python3.11/site-packages/airflow/example_dags/example_branch_day_of_week_operator.py for tasks to queue
[2026-03-15T17:54:17.299+0000] {logging_mixin.py:188} INFO - [2026-03-15T17:54:17.298+0000] {dagbag.py:540} INFO - Filling up the DagBag from /home/airflow/.local/lib/python3.11/site-packages/airflow/example_dags/example_branch_day_of_week_operator.py
[2026-03-15T17:54:17.305+0000] {processor.py:840} INFO - DAG(s) 'example_weekday_branch_operator' retrieved from /home/airflow/.local/lib/python3.11/site-packages/airflow/example_dags/example_branch_day_of_week_operator.py
[2026-03-15T17:54:17.327+0000] {logging_mixin.py:188} INFO - [2026-03-15T17:54:17.327+0000] {dag.py:3047} INFO - Sync 1 DAGs
[2026-03-15T17:54:17.344+0000] {logging_mixin.py:188} INFO - [2026-03-15T17:54:17.344+0000] {dag.py:3834} INFO - Setting next_dagrun for example_weekday_branch_operator to 2026-03-14 00:00:00+00:00, run_after=2026-03-15 00:00:00+00:00
[2026-03-15T17:54:17.359+0000] {processor.py:183} INFO - Processing /home/airflow/.local/lib/python3.11/site-packages/airflow/example_dags/example_branch_day_of_week_operator.py took 0.067 seconds
[2026-03-15T17:54:22.680+0000] {processor.py:161} INFO - Started process (PID=924) to work on /home/airflow/.local/lib/python3.11/site-packages/airflow/example_dags/example_branch_day_of_week_operator.py
[2026-03-15T17:54:22.681+0000] {processor.py:830} INFO - Processing file /home/airflow/.local/lib/python3.11/site-packages/airflow/example_dags/example_branch_day_of_week_operator.py for tasks to queue
[2026-03-15T17:54:22.683+0000] {logging_mixin.py:188} INFO - [2026-03-15T17:54:22.683+0000] {dagbag.py:540} INFO - Filling up the DagBag from /home/airflow/.local/lib/python3.11/site-packages/airflow/example_dags/example_branch_day_of_week_operator.py
[2026-03-15T17:54:22.689+0000] {processor.py:840} INFO - DAG(s) 'example_weekday_branch_operator' retrieved from /home/airflow/.local/lib/python3.11/site-packages/airflow/example_dags/example_branch_day_of_week_operator.py
[2026-03-15T17:54:22.705+0000] {logging_mixin.py:188} INFO - [2026-03-15T17:54:22.705+0000] {dag.py:3047} INFO - Sync 1 DAGs
[2026-03-15T17:54:22.720+0000] {logging_mixin.py:188} INFO - [2026-03-15T17:54:22.720+0000] {dag.py:3834} INFO - Setting next_dagrun for example_weekday_branch_operator to 2026-03-14 00:00:00+00:00, run_after=2026-03-15 00:00:00+00:00
[2026-03-15T17:54:22.734+0000] {processor.py:183} INFO - Processing /home/airflow/.local/lib/python3.11/site-packages/airflow/example_dags/example_branch_day_of_week_operator.py took 0.057 seconds
[2026-03-15T17:54:52.933+0000] {processor.py:161} INFO - Started process (PID=973) to work on /home/airflow/.local/lib/python3.11/site-packages/airflow/example_dags/example_branch_day_of_week_operator.py
[2026-03-15T17:54:52.934+0000] {processor.py:830} INFO - Processing file /home/airflow/.local/lib/python3.11/site-packages/airflow/example_dags/example_branch_day_of_week_operator.py for tasks to queue
[2026-03-15T17:54:52.936+0000] {logging_mixin.py:188} INFO - [2026-03-15T17:54:52.936+0000] {dagbag.py:540} INFO - Filling up the DagBag from /home/airflow/.local/lib/python3.11/site-packages/airflow/example_dags/example_branch_day_of_week_operator.py
[2026-03-15T17:54:52.943+0000] {processor.py:840} INFO - DAG(s) 'example_weekday_branch_operator' retrieved from /home/airflow/.local/lib/python3.11/site-packages/airflow/example_dags/example_branch_day_of_week_operator.py
[2026-03-15T17:54:52.960+0000] {logging_mixin.py:188} INFO - [2026-03-15T17:54:52.960+0000] {dag.py:3047} INFO - Sync 1 DAGs
[2026-03-15T17:54:52.976+0000] {logging_mixin.py:188} INFO - [2026-03-15T17:54:52.976+0000] {dag.py:3834} INFO - Setting next_dagrun for example_weekday_branch_operator to 2026-03-14 00:00:00+00:00, run_after=2026-03-15 00:00:00+00:00
[2026-03-15T17:54:52.994+0000] {processor.py:183} INFO - Processing /home/airflow/.local/lib/python3.11/site-packages/airflow/example_dags/example_branch_day_of_week_operator.py took 0.064 seconds
[2026-03-15T17:54:58.053+0000] {processor.py:161} INFO - Started process (PID=1023) to work on /home/airflow/.local/lib/python3.11/site-packages/airflow/example_dags/example_branch_day_of_week_operator.py
[2026-03-15T17:54:58.055+0000] {processor.py:830} INFO - Processing file /home/airflow/.local/lib/python3.11/site-packages/airflow/example_dags/example_branch_day_of_week_operator.py for tasks to queue
[2026-03-15T17:54:58.057+0000] {logging_mixin.py:188} INFO - [2026-03-15T17:54:58.057+0000] {dagbag.py:540} INFO - Filling up the DagBag from /home/airflow/.local/lib/python3.11/site-packages/airflow/example_dags/example_branch_day_of_week_operator.py
[2026-03-15T17:54:58.065+0000] {processor.py:840} INFO - DAG(s) 'example_weekday_branch_operator' retrieved from /home/airflow/.local/lib/python3.11/site-packages/airflow/example_dags/example_branch_day_of_week_operator.py
[2026-03-15T17:54:58.086+0000] {logging_mixin.py:188} INFO - [2026-03-15T17:54:58.086+0000] {dag.py:3047} INFO - Sync 1 DAGs
[2026-03-15T17:54:58.106+0000] {logging_mixin.py:188} INFO - [2026-03-15T17:54:58.105+0000] {dag.py:3834} INFO - Setting next_dagrun for example_weekday_branch_operator to 2026-03-14 00:00:00+00:00, run_after=2026-03-15 00:00:00+00:00
[2026-03-15T17:54:58.126+0000] {processor.py:183} INFO - Processing /home/airflow/.local/lib/python3.11/site-packages/airflow/example_dags/example_branch_day_of_week_operator.py took 0.078 seconds
[2026-03-15T17:55:02.738+0000] {processor.py:161} INFO - Started process (PID=1077) to work on /home/airflow/.local/lib/python3.11/site-packages/airflow/example_dags/example_branch_day_of_week_operator.py
[2026-03-15T17:55:02.740+0000] {processor.py:830} INFO - Processing file /home/airflow/.local/lib/python3.11/site-packages/airflow/example_dags/example_branch_day_of_week_operator.py for tasks to queue
[2026-03-15T17:55:02.742+0000] {logging_mixin.py:188} INFO - [2026-03-15T17:55:02.741+0000] {dagbag.py:540} INFO - Filling up the DagBag from /home/airflow/.local/lib/python3.11/site-packages/airflow/example_dags/example_branch_day_of_week_operator.py
[2026-03-15T17:55:02.749+0000] {processor.py:840} INFO - DAG(s) 'example_weekday_branch_operator' retrieved from /home/airflow/.local/lib/python3.11/site-packages/airflow/example_dags/example_branch_day_of_week_operator.py
[2026-03-15T17:55:02.769+0000] {logging_mixin.py:188} INFO - [2026-03-15T17:55:02.768+0000] {dag.py:3047} INFO - Sync 1 DAGs
[2026-03-15T17:55:02.788+0000] {logging_mixin.py:188} INFO - [2026-03-15T17:55:02.788+0000] {dag.py:3834} INFO - Setting next_dagrun for example_weekday_branch_operator to 2026-03-14 00:00:00+00:00, run_after=2026-03-15 00:00:00+00:00
[2026-03-15T17:55:02.809+0000] {processor.py:183} INFO - Processing /home/airflow/.local/lib/python3.11/site-packages/airflow/example_dags/example_branch_day_of_week_operator.py took 0.075 seconds
[2026-03-15T17:55:14.919+0000] {processor.py:161} INFO - Started process (PID=1123) to work on /home/airflow/.local/lib/python3.11/site-packages/airflow/example_dags/example_branch_day_of_week_operator.py
[2026-03-15T17:55:14.921+0000] {processor.py:830} INFO - Processing file /home/airflow/.local/lib/python3.11/site-packages/airflow/example_dags/example_branch_day_of_week_operator.py for tasks to queue
[2026-03-15T17:55:14.924+0000] {logging_mixin.py:188} INFO - [2026-03-15T17:55:14.923+0000] {dagbag.py:540} INFO - Filling up the DagBag from /home/airflow/.local/lib/python3.11/site-packages/airflow/example_dags/example_branch_day_of_week_operator.py
[2026-03-15T17:55:14.933+0000] {processor.py:840} INFO - DAG(s) 'example_weekday_branch_operator' retrieved from /home/airflow/.local/lib/python3.11/site-packages/airflow/example_dags/example_branch_day_of_week_operator.py
[2026-03-15T17:55:14.965+0000] {logging_mixin.py:188} INFO - [2026-03-15T17:55:14.965+0000] {dag.py:3047} INFO - Sync 1 DAGs
[2026-03-15T17:55:14.997+0000] {logging_mixin.py:188} INFO - [2026-03-15T17:55:14.997+0000] {dag.py:3834} INFO - Setting next_dagrun for example_weekday_branch_operator to 2026-03-14 00:00:00+00:00, run_after=2026-03-15 00:00:00+00:00
[2026-03-15T17:55:15.028+0000] {processor.py:183} INFO - Processing /home/airflow/.local/lib/python3.11/site-packages/airflow/example_dags/example_branch_day_of_week_operator.py took 0.112 seconds
[2026-03-15T17:55:17.768+0000] {processor.py:161} INFO - Started process (PID=1167) to work on /home/airflow/.local/lib/python3.11/site-packages/airflow/example_dags/example_branch_day_of_week_operator.py
[2026-03-15T17:55:17.769+0000] {processor.py:830} INFO - Processing file /home/airflow/.local/lib/python3.11/site-packages/airflow/example_dags/example_branch_day_of_week_operator.py for tasks to queue
[2026-03-15T17:55:17.771+0000] {logging_mixin.py:188} INFO - [2026-03-15T17:55:17.771+0000] {dagbag.py:540} INFO - Filling up the DagBag from /home/airflow/.local/lib/python3.11/site-packages/airflow/example_dags/example_branch_day_of_week_operator.py
[2026-03-15T17:55:17.778+0000] {processor.py:840} INFO - DAG(s) 'example_weekday_branch_operator' retrieved from /home/airflow/.local/lib/python3.11/site-packages/airflow/example_dags/example_branch_day_of_week_operator.py
[2026-03-15T17:55:17.796+0000] {logging_mixin.py:188} INFO - [2026-03-15T17:55:17.796+0000] {dag.py:3047} INFO - Sync 1 DAGs
[2026-03-15T17:55:17.812+0000] {logging_mixin.py:188} INFO - [2026-03-15T17:55:17.812+0000] {dag.py:3834} INFO - Setting next_dagrun for example_weekday_branch_operator to 2026-03-14 00:00:00+00:00, run_after=2026-03-15 00:00:00+00:00
[2026-03-15T17:55:17.826+0000] {processor.py:183} INFO - Processing /home/airflow/.local/lib/python3.11/site-packages/airflow/example_dags/example_branch_day_of_week_operator.py took 0.061 seconds
[2026-03-15T17:55:48.341+0000] {processor.py:161} INFO - Started process (PID=1215) to work on /home/airflow/.local/lib/python3.11/site-packages/airflow/example_dags/example_branch_day_of_week_operator.py
[2026-03-15T17:55:48.343+0000] {processor.py:830} INFO - Processing file /home/airflow/.local/lib/python3.11/site-packages/airflow/example_dags/example_branch_day_of_week_operator.py for tasks to queue
[2026-03-15T17:55:48.346+0000] {logging_mixin.py:188} INFO - [2026-03-15T17:55:48.345+0000] {dagbag.py:540} INFO - Filling up the DagBag from /home/airflow/.local/lib/python3.11/site-packages/airflow/example_dags/example_branch_day_of_week_operator.py
[2026-03-15T17:55:48.354+0000] {processor.py:840} INFO - DAG(s) 'example_weekday_branch_operator' retrieved from /home/airflow/.local/lib/python3.11/site-packages/airflow/example_dags/example_branch_day_of_week_operator.py
[2026-03-15T17:55:48.375+0000] {logging_mixin.py:188} INFO - [2026-03-15T17:55:48.375+0000] {dag.py:3047} INFO - Sync 1 DAGs
[2026-03-15T17:55:48.400+0000] {logging_mixin.py:188} INFO - [2026-03-15T17:55:48.400+0000] {dag.py:3834} INFO - Setting next_dagrun for example_weekday_branch_operator to 2026-03-14 00:00:00+00:00, run_after=2026-03-15 00:00:00+00:00
[2026-03-15T17:55:48.423+0000] {processor.py:183} INFO - Processing /home/airflow/.local/lib/python3.11/site-packages/airflow/example_dags/example_branch_day_of_week_operator.py took 0.085 seconds
[2026-03-15T17:55:53.103+0000] {processor.py:161} INFO - Started process (PID=1263) to work on /home/airflow/.local/lib/python3.11/site-packages/airflow/example_dags/example_branch_day_of_week_operator.py
[2026-03-15T17:55:53.104+0000] {processor.py:830} INFO - Processing file /home/airflow/.local/lib/python3.11/site-packages/airflow/example_dags/example_branch_day_of_week_operator.py for tasks to queue
[2026-03-15T17:55:53.106+0000] {logging_mixin.py:188} INFO - [2026-03-15T17:55:53.106+0000] {dagbag.py:540} INFO - Filling up the DagBag from /home/airflow/.local/lib/python3.11/site-packages/airflow/example_dags/example_branch_day_of_week_operator.py
[2026-03-15T17:55:53.112+0000] {processor.py:840} INFO - DAG(s) 'example_weekday_branch_operator' retrieved from /home/airflow/.local/lib/python3.11/site-packages/airflow/example_dags/example_branch_day_of_week_operator.py
[2026-03-15T17:55:53.131+0000] {logging_mixin.py:188} INFO - [2026-03-15T17:55:53.131+0000] {dag.py:3047} INFO - Sync 1 DAGs
[2026-03-15T17:55:53.149+0000] {logging_mixin.py:188} INFO - [2026-03-15T17:55:53.149+0000] {dag.py:3834} INFO - Setting next_dagrun for example_weekday_branch_operator to 2026-03-14 00:00:00+00:00, run_after=2026-03-15 00:00:00+00:00
[2026-03-15T17:55:53.165+0000] {processor.py:183} INFO - Processing /home/airflow/.local/lib/python3.11/site-packages/airflow/example_dags/example_branch_day_of_week_operator.py took 0.066 seconds
[2026-03-15T17:55:57.791+0000] {processor.py:161} INFO - Started process (PID=1311) to work on /home/airflow/.local/lib/python3.11/site-packages/airflow/example_dags/example_branch_day_of_week_operator.py
[2026-03-15T17:55:57.792+0000] {processor.py:830} INFO - Processing file /home/airflow/.local/lib/python3.11/site-packages/airflow/example_dags/example_branch_day_of_week_operator.py for tasks to queue
[2026-03-15T17:55:57.794+0000] {logging_mixin.py:188} INFO - [2026-03-15T17:55:57.793+0000] {dagbag.py:540} INFO - Filling up the DagBag from /home/airflow/.local/lib/python3.11/site-packages/airflow/example_dags/example_branch_day_of_week_operator.py
[2026-03-15T17:55:57.801+0000] {processor.py:840} INFO - DAG(s) 'example_weekday_branch_operator' retrieved from /home/airflow/.local/lib/python3.11/site-packages/airflow/example_dags/example_branch_day_of_week_operator.py
[2026-03-15T17:55:57.818+0000] {logging_mixin.py:188} INFO - [2026-03-15T17:55:57.818+0000] {dag.py:3047} INFO - Sync 1 DAGs
[2026-03-15T17:55:57.834+0000] {logging_mixin.py:188} INFO - [2026-03-15T17:55:57.834+0000] {dag.py:3834} INFO - Setting next_dagrun for example_weekday_branch_operator to 2026-03-14 00:00:00+00:00, run_after=2026-03-15 00:00:00+00:00
[2026-03-15T17:55:57.849+0000] {processor.py:183} INFO - Processing /home/airflow/.local/lib/python3.11/site-packages/airflow/example_dags/example_branch_day_of_week_operator.py took 0.061 seconds
[2026-03-15T17:56:27.883+0000] {processor.py:161} INFO - Started process (PID=1361) to work on /home/airflow/.local/lib/python3.11/site-packages/airflow/example_dags/example_branch_day_of_week_operator.py
[2026-03-15T17:56:27.884+0000] {processor.py:830} INFO - Processing file /home/airflow/.local/lib/python3.11/site-packages/airflow/example_dags/example_branch_day_of_week_operator.py for tasks to queue
[2026-03-15T17:56:27.885+0000] {logging_mixin.py:188} INFO - [2026-03-15T17:56:27.885+0000] {dagbag.py:540} INFO - Filling up the DagBag from /home/airflow/.local/lib/python3.11/site-packages/airflow/example_dags/example_branch_day_of_week_operator.py
[2026-03-15T17:56:27.892+0000] {processor.py:840} INFO - DAG(s) 'example_weekday_branch_operator' retrieved from /home/airflow/.local/lib/python3.11/site-packages/airflow/example_dags/example_branch_day_of_week_operator.py
[2026-03-15T17:56:27.909+0000] {logging_mixin.py:188} INFO - [2026-03-15T17:56:27.909+0000] {dag.py:3047} INFO - Sync 1 DAGs
[2026-03-15T17:56:27.925+0000] {logging_mixin.py:188} INFO - [2026-03-15T17:56:27.925+0000] {dag.py:3834} INFO - Setting next_dagrun for example_weekday_branch_operator to 2026-03-14 00:00:00+00:00, run_after=2026-03-15 00:00:00+00:00
[2026-03-15T17:56:27.940+0000] {processor.py:183} INFO - Processing /home/airflow/.local/lib/python3.11/site-packages/airflow/example_dags/example_branch_day_of_week_operator.py took 0.060 seconds
[2026-03-15T17:56:44.701+0000] {processor.py:161} INFO - Started process (PID=1417) to work on /home/airflow/.local/lib/python3.11/site-packages/airflow/example_dags/example_branch_day_of_week_operator.py
[2026-03-15T17:56:44.702+0000] {processor.py:830} INFO - Processing file /home/airflow/.local/lib/python3.11/site-packages/airflow/example_dags/example_branch_day_of_week_operator.py for tasks to queue
[2026-03-15T17:56:44.703+0000] {logging_mixin.py:188} INFO - [2026-03-15T17:56:44.703+0000] {dagbag.py:540} INFO - Filling up the DagBag from /home/airflow/.local/lib/python3.11/site-packages/airflow/example_dags/example_branch_day_of_week_operator.py
[2026-03-15T17:56:44.709+0000] {processor.py:840} INFO - DAG(s) 'example_weekday_branch_operator' retrieved from /home/airflow/.local/lib/python3.11/site-packages/airflow/example_dags/example_branch_day_of_week_operator.py
[2026-03-15T17:56:44.725+0000] {logging_mixin.py:188} INFO - [2026-03-15T17:56:44.725+0000] {dag.py:3047} INFO - Sync 1 DAGs
[2026-03-15T17:56:44.740+0000] {logging_mixin.py:188} INFO - [2026-03-15T17:56:44.740+0000] {dag.py:3834} INFO - Setting next_dagrun for example_weekday_branch_operator to 2026-03-14 00:00:00+00:00, run_after=2026-03-15 00:00:00+00:00
[2026-03-15T17:56:44.756+0000] {processor.py:183} INFO - Processing /home/airflow/.local/lib/python3.11/site-packages/airflow/example_dags/example_branch_day_of_week_operator.py took 0.057 seconds
[2026-03-15T17:56:47.929+0000] {processor.py:161} INFO - Started process (PID=1465) to work on /home/airflow/.local/lib/python3.11/site-packages/airflow/example_dags/example_branch_day_of_week_operator.py
[2026-03-15T17:56:47.930+0000] {processor.py:830} INFO - Processing file /home/airflow/.local/lib/python3.11/site-packages/airflow/example_dags/example_branch_day_of_week_operator.py for tasks to queue
[2026-03-15T17:56:47.932+0000] {logging_mixin.py:188} INFO - [2026-03-15T17:56:47.931+0000] {dagbag.py:540} INFO - Filling up the DagBag from /home/airflow/.local/lib/python3.11/site-packages/airflow/example_dags/example_branch_day_of_week_operator.py
[2026-03-15T17:56:47.938+0000] {processor.py:840} INFO - DAG(s) 'example_weekday_branch_operator' retrieved from /home/airflow/.local/lib/python3.11/site-packages/airflow/example_dags/example_branch_day_of_week_operator.py
[2026-03-15T17:56:47.956+0000] {logging_mixin.py:188} INFO - [2026-03-15T17:56:47.956+0000] {dag.py:3047} INFO - Sync 1 DAGs
[2026-03-15T17:56:47.974+0000] {logging_mixin.py:188} INFO - [2026-03-15T17:56:47.974+0000] {dag.py:3834} INFO - Setting next_dagrun for example_weekday_branch_operator to 2026-03-14 00:00:00+00:00, run_after=2026-03-15 00:00:00+00:00
[2026-03-15T17:56:47.988+0000] {processor.py:183} INFO - Processing /home/airflow/.local/lib/python3.11/site-packages/airflow/example_dags/example_branch_day_of_week_operator.py took 0.062 seconds
[2026-03-15T17:57:18.489+0000] {processor.py:161} INFO - Started process (PID=1519) to work on /home/airflow/.local/lib/python3.11/site-packages/airflow/example_dags/example_branch_day_of_week_operator.py
[2026-03-15T17:57:18.491+0000] {processor.py:830} INFO - Processing file /home/airflow/.local/lib/python3.11/site-packages/airflow/example_dags/example_branch_day_of_week_operator.py for tasks to queue
[2026-03-15T17:57:18.493+0000] {logging_mixin.py:188} INFO - [2026-03-15T17:57:18.493+0000] {dagbag.py:540} INFO - Filling up the DagBag from /home/airflow/.local/lib/python3.11/site-packages/airflow/example_dags/example_branch_day_of_week_operator.py
[2026-03-15T17:57:18.502+0000] {processor.py:840} INFO - DAG(s) 'example_weekday_branch_operator' retrieved from /home/airflow/.local/lib/python3.11/site-packages/airflow/example_dags/example_branch_day_of_week_operator.py
[2026-03-15T17:57:18.526+0000] {logging_mixin.py:188} INFO - [2026-03-15T17:57:18.526+0000] {dag.py:3047} INFO - Sync 1 DAGs
[2026-03-15T17:57:18.551+0000] {logging_mixin.py:188} INFO - [2026-03-15T17:57:18.551+0000] {dag.py:3834} INFO - Setting next_dagrun for example_weekday_branch_operator to 2026-03-14 00:00:00+00:00, run_after=2026-03-15 00:00:00+00:00
[2026-03-15T17:57:18.572+0000] {processor.py:183} INFO - Processing /home/airflow/.local/lib/python3.11/site-packages/airflow/example_dags/example_branch_day_of_week_operator.py took 0.088 seconds
[2026-03-15T17:57:23.133+0000] {processor.py:161} INFO - Started process (PID=1569) to work on /home/airflow/.local/lib/python3.11/site-packages/airflow/example_dags/example_branch_day_of_week_operator.py
[2026-03-15T17:57:23.133+0000] {processor.py:830} INFO - Processing file /home/airflow/.local/lib/python3.11/site-packages/airflow/example_dags/example_branch_day_of_week_operator.py for tasks to queue
[2026-03-15T17:57:23.135+0000] {logging_mixin.py:188} INFO - [2026-03-15T17:57:23.135+0000] {dagbag.py:540} INFO - Filling up the DagBag from /home/airflow/.local/lib/python3.11/site-packages/airflow/example_dags/example_branch_day_of_week_operator.py
[2026-03-15T17:57:23.141+0000] {processor.py:840} INFO - DAG(s) 'example_weekday_branch_operator' retrieved from /home/airflow/.local/lib/python3.11/site-packages/airflow/example_dags/example_branch_day_of_week_operator.py
[2026-03-15T17:57:23.158+0000] {logging_mixin.py:188} INFO - [2026-03-15T17:57:23.158+0000] {dag.py:3047} INFO - Sync 1 DAGs
[2026-03-15T17:57:23.174+0000] {logging_mixin.py:188} INFO - [2026-03-15T17:57:23.173+0000] {dag.py:3834} INFO - Setting next_dagrun for example_weekday_branch_operator to 2026-03-14 00:00:00+00:00, run_after=2026-03-15 00:00:00+00:00
[2026-03-15T17:57:23.187+0000] {processor.py:183} INFO - Processing /home/airflow/.local/lib/python3.11/site-packages/airflow/example_dags/example_branch_day_of_week_operator.py took 0.057 seconds
[2026-03-15T17:57:44.353+0000] {processor.py:161} INFO - Started process (PID=1621) to work on /home/airflow/.local/lib/python3.11/site-packages/airflow/example_dags/example_branch_day_of_week_operator.py
[2026-03-15T17:57:44.354+0000] {processor.py:830} INFO - Processing file /home/airflow/.local/lib/python3.11/site-packages/airflow/example_dags/example_branch_day_of_week_operator.py for tasks to queue
[2026-03-15T17:57:44.356+0000] {logging_mixin.py:188} INFO - [2026-03-15T17:57:44.356+0000] {dagbag.py:540} INFO - Filling up the DagBag from /home/airflow/.local/lib/python3.11/site-packages/airflow/example_dags/example_branch_day_of_week_operator.py
[2026-03-15T17:57:44.363+0000] {processor.py:840} INFO - DAG(s) 'example_weekday_branch_operator' retrieved from /home/airflow/.local/lib/python3.11/site-packages/airflow/example_dags/example_branch_day_of_week_operator.py
[2026-03-15T17:57:44.380+0000] {logging_mixin.py:188} INFO - [2026-03-15T17:57:44.379+0000] {dag.py:3047} INFO - Sync 1 DAGs
[2026-03-15T17:57:44.395+0000] {logging_mixin.py:188} INFO - [2026-03-15T17:57:44.395+0000] {dag.py:3834} INFO - Setting next_dagrun for example_weekday_branch_operator to 2026-03-14 00:00:00+00:00, run_after=2026-03-15 00:00:00+00:00
[2026-03-15T17:57:44.413+0000] {processor.py:183} INFO - Processing /home/airflow/.local/lib/python3.11/site-packages/airflow/example_dags/example_branch_day_of_week_operator.py took 0.062 seconds
[2026-03-15T17:57:47.556+0000] {processor.py:161} INFO - Started process (PID=1664) to work on /home/airflow/.local/lib/python3.11/site-packages/airflow/example_dags/example_branch_day_of_week_operator.py
[2026-03-15T17:57:47.557+0000] {processor.py:830} INFO - Processing file /home/airflow/.local/lib/python3.11/site-packages/airflow/example_dags/example_branch_day_of_week_operator.py for tasks to queue
[2026-03-15T17:57:47.558+0000] {logging_mixin.py:188} INFO - [2026-03-15T17:57:47.558+0000] {dagbag.py:540} INFO - Filling up the DagBag from /home/airflow/.local/lib/python3.11/site-packages/airflow/example_dags/example_branch_day_of_week_operator.py
[2026-03-15T17:57:47.565+0000] {processor.py:840} INFO - DAG(s) 'example_weekday_branch_operator' retrieved from /home/airflow/.local/lib/python3.11/site-packages/airflow/example_dags/example_branch_day_of_week_operator.py
[2026-03-15T17:57:47.582+0000] {logging_mixin.py:188} INFO - [2026-03-15T17:57:47.582+0000] {dag.py:3047} INFO - Sync 1 DAGs
[2026-03-15T17:57:47.600+0000] {logging_mixin.py:188} INFO - [2026-03-15T17:57:47.599+0000] {dag.py:3834} INFO - Setting next_dagrun for example_weekday_branch_operator to 2026-03-14 00:00:00+00:00, run_after=2026-03-15 00:00:00+00:00
[2026-03-15T17:57:47.614+0000] {processor.py:183} INFO - Processing /home/airflow/.local/lib/python3.11/site-packages/airflow/example_dags/example_branch_day_of_week_operator.py took 0.061 seconds
[2026-03-15T17:58:12.712+0000] {processor.py:161} INFO - Started process (PID=1715) to work on /home/airflow/.local/lib/python3.11/site-packages/airflow/example_dags/example_branch_day_of_week_operator.py
[2026-03-15T17:58:12.713+0000] {processor.py:830} INFO - Processing file /home/airflow/.local/lib/python3.11/site-packages/airflow/example_dags/example_branch_day_of_week_operator.py for tasks to queue
[2026-03-15T17:58:12.715+0000] {logging_mixin.py:188} INFO - [2026-03-15T17:58:12.715+0000] {dagbag.py:540} INFO - Filling up the DagBag from /home/airflow/.local/lib/python3.11/site-packages/airflow/example_dags/example_branch_day_of_week_operator.py
[2026-03-15T17:58:12.722+0000] {processor.py:840} INFO - DAG(s) 'example_weekday_branch_operator' retrieved from /home/airflow/.local/lib/python3.11/site-packages/airflow/example_dags/example_branch_day_of_week_operator.py
[2026-03-15T17:58:12.739+0000] {logging_mixin.py:188} INFO - [2026-03-15T17:58:12.739+0000] {dag.py:3047} INFO - Sync 1 DAGs
[2026-03-15T17:58:12.754+0000] {logging_mixin.py:188} INFO - [2026-03-15T17:58:12.754+0000] {dag.py:3834} INFO - Setting next_dagrun for example_weekday_branch_operator to 2026-03-14 00:00:00+00:00, run_after=2026-03-15 00:00:00+00:00
[2026-03-15T17:58:12.768+0000] {processor.py:183} INFO - Processing /home/airflow/.local/lib/python3.11/site-packages/airflow/example_dags/example_branch_day_of_week_operator.py took 0.059 seconds
[2026-03-15T17:58:17.646+0000] {processor.py:161} INFO - Started process (PID=1760) to work on /home/airflow/.local/lib/python3.11/site-packages/airflow/example_dags/example_branch_day_of_week_operator.py
[2026-03-15T17:58:17.647+0000] {processor.py:830} INFO - Processing file /home/airflow/.local/lib/python3.11/site-packages/airflow/example_dags/example_branch_day_of_week_operator.py for tasks to queue
[2026-03-15T17:58:17.649+0000] {logging_mixin.py:188} INFO - [2026-03-15T17:58:17.648+0000] {dagbag.py:540} INFO - Filling up the DagBag from /home/airflow/.local/lib/python3.11/site-packages/airflow/example_dags/example_branch_day_of_week_operator.py
[2026-03-15T17:58:17.655+0000] {processor.py:840} INFO - DAG(s) 'example_weekday_branch_operator' retrieved from /home/airflow/.local/lib/python3.11/site-packages/airflow/example_dags/example_branch_day_of_week_operator.py
[2026-03-15T17:58:17.671+0000] {logging_mixin.py:188} INFO - [2026-03-15T17:58:17.671+0000] {dag.py:3047} INFO - Sync 1 DAGs
[2026-03-15T17:58:17.689+0000] {logging_mixin.py:188} INFO - [2026-03-15T17:58:17.688+0000] {dag.py:3834} INFO - Setting next_dagrun for example_weekday_branch_operator to 2026-03-14 00:00:00+00:00, run_after=2026-03-15 00:00:00+00:00
[2026-03-15T17:58:17.703+0000] {processor.py:183} INFO - Processing /home/airflow/.local/lib/python3.11/site-packages/airflow/example_dags/example_branch_day_of_week_operator.py took 0.060 seconds
[2026-03-15T17:58:22.858+0000] {processor.py:161} INFO - Started process (PID=1801) to work on /home/airflow/.local/lib/python3.11/site-packages/airflow/example_dags/example_branch_day_of_week_operator.py
[2026-03-15T17:58:22.859+0000] {processor.py:830} INFO - Processing file /home/airflow/.local/lib/python3.11/site-packages/airflow/example_dags/example_branch_day_of_week_operator.py for tasks to queue
[2026-03-15T17:58:22.861+0000] {logging_mixin.py:188} INFO - [2026-03-15T17:58:22.860+0000] {dagbag.py:540} INFO - Filling up the DagBag from /home/airflow/.local/lib/python3.11/site-packages/airflow/example_dags/example_branch_day_of_week_operator.py
[2026-03-15T17:58:22.867+0000] {processor.py:840} INFO - DAG(s) 'example_weekday_branch_operator' retrieved from /home/airflow/.local/lib/python3.11/site-packages/airflow/example_dags/example_branch_day_of_week_operator.py
[2026-03-15T17:58:22.883+0000] {logging_mixin.py:188} INFO - [2026-03-15T17:58:22.883+0000] {dag.py:3047} INFO - Sync 1 DAGs
[2026-03-15T17:58:22.898+0000] {logging_mixin.py:188} INFO - [2026-03-15T17:58:22.898+0000] {dag.py:3834} INFO - Setting next_dagrun for example_weekday_branch_operator to 2026-03-14 00:00:00+00:00, run_after=2026-03-15 00:00:00+00:00
[2026-03-15T17:58:22.912+0000] {processor.py:183} INFO - Processing /home/airflow/.local/lib/python3.11/site-packages/airflow/example_dags/example_branch_day_of_week_operator.py took 0.058 seconds
[2026-03-15T17:58:37.625+0000] {processor.py:161} INFO - Started process (PID=1846) to work on /home/airflow/.local/lib/python3.11/site-packages/airflow/example_dags/example_branch_day_of_week_operator.py
[2026-03-15T17:58:37.627+0000] {processor.py:830} INFO - Processing file /home/airflow/.local/lib/python3.11/site-packages/airflow/example_dags/example_branch_day_of_week_operator.py for tasks to queue
[2026-03-15T17:58:37.629+0000] {logging_mixin.py:188} INFO - [2026-03-15T17:58:37.629+0000] {dagbag.py:540} INFO - Filling up the DagBag from /home/airflow/.local/lib/python3.11/site-packages/airflow/example_dags/example_branch_day_of_week_operator.py
[2026-03-15T17:58:37.635+0000] {processor.py:840} INFO - DAG(s) 'example_weekday_branch_operator' retrieved from /home/airflow/.local/lib/python3.11/site-packages/airflow/example_dags/example_branch_day_of_week_operator.py
[2026-03-15T17:58:37.656+0000] {logging_mixin.py:188} INFO - [2026-03-15T17:58:37.655+0000] {dag.py:3047} INFO - Sync 1 DAGs
[2026-03-15T17:58:37.671+0000] {logging_mixin.py:188} INFO - [2026-03-15T17:58:37.671+0000] {dag.py:3834} INFO - Setting next_dagrun for example_weekday_branch_operator to 2026-03-14 00:00:00+00:00, run_after=2026-03-15 00:00:00+00:00
[2026-03-15T17:58:37.684+0000] {processor.py:183} INFO - Processing /home/airflow/.local/lib/python3.11/site-packages/airflow/example_dags/example_branch_day_of_week_operator.py took 0.063 seconds
[2026-03-15T17:58:42.594+0000] {processor.py:161} INFO - Started process (PID=1883) to work on /home/airflow/.local/lib/python3.11/site-packages/airflow/example_dags/example_branch_day_of_week_operator.py
[2026-03-15T17:58:42.597+0000] {processor.py:830} INFO - Processing file /home/airflow/.local/lib/python3.11/site-packages/airflow/example_dags/example_branch_day_of_week_operator.py for tasks to queue
[2026-03-15T17:58:42.599+0000] {logging_mixin.py:188} INFO - [2026-03-15T17:58:42.599+0000] {dagbag.py:540} INFO - Filling up the DagBag from /home/airflow/.local/lib/python3.11/site-packages/airflow/example_dags/example_branch_day_of_week_operator.py
[2026-03-15T17:58:42.605+0000] {processor.py:840} INFO - DAG(s) 'example_weekday_branch_operator' retrieved from /home/airflow/.local/lib/python3.11/site-packages/airflow/example_dags/example_branch_day_of_week_operator.py
[2026-03-15T17:58:42.622+0000] {logging_mixin.py:188} INFO - [2026-03-15T17:58:42.622+0000] {dag.py:3047} INFO - Sync 1 DAGs
[2026-03-15T17:58:42.637+0000] {logging_mixin.py:188} INFO - [2026-03-15T17:58:42.637+0000] {dag.py:3834} INFO - Setting next_dagrun for example_weekday_branch_operator to 2026-03-14 00:00:00+00:00, run_after=2026-03-15 00:00:00+00:00
[2026-03-15T17:58:42.651+0000] {processor.py:183} INFO - Processing /home/airflow/.local/lib/python3.11/site-packages/airflow/example_dags/example_branch_day_of_week_operator.py took 0.060 seconds
[2026-03-15T17:58:44.638+0000] {processor.py:161} INFO - Started process (PID=1920) to work on /home/airflow/.local/lib/python3.11/site-packages/airflow/example_dags/example_branch_day_of_week_operator.py
[2026-03-15T17:58:44.639+0000] {processor.py:830} INFO - Processing file /home/airflow/.local/lib/python3.11/site-packages/airflow/example_dags/example_branch_day_of_week_operator.py for tasks to queue
[2026-03-15T17:58:44.642+0000] {logging_mixin.py:188} INFO - [2026-03-15T17:58:44.641+0000] {dagbag.py:540} INFO - Filling up the DagBag from /home/airflow/.local/lib/python3.11/site-packages/airflow/example_dags/example_branch_day_of_week_operator.py
[2026-03-15T17:58:44.652+0000] {processor.py:840} INFO - DAG(s) 'example_weekday_branch_operator' retrieved from /home/airflow/.local/lib/python3.11/site-packages/airflow/example_dags/example_branch_day_of_week_operator.py
[2026-03-15T17:58:44.673+0000] {logging_mixin.py:188} INFO - [2026-03-15T17:58:44.672+0000] {dag.py:3047} INFO - Sync 1 DAGs
[2026-03-15T17:58:44.696+0000] {logging_mixin.py:188} INFO - [2026-03-15T17:58:44.696+0000] {dag.py:3834} INFO - Setting next_dagrun for example_weekday_branch_operator to 2026-03-14 00:00:00+00:00, run_after=2026-03-15 00:00:00+00:00
[2026-03-15T17:58:44.716+0000] {processor.py:183} INFO - Processing /home/airflow/.local/lib/python3.11/site-packages/airflow/example_dags/example_branch_day_of_week_operator.py took 0.082 seconds
[2026-03-15T17:59:15.649+0000] {processor.py:161} INFO - Started process (PID=1960) to work on /home/airflow/.local/lib/python3.11/site-packages/airflow/example_dags/example_branch_day_of_week_operator.py
[2026-03-15T17:59:15.650+0000] {processor.py:830} INFO - Processing file /home/airflow/.local/lib/python3.11/site-packages/airflow/example_dags/example_branch_day_of_week_operator.py for tasks to queue
[2026-03-15T17:59:15.652+0000] {logging_mixin.py:188} INFO - [2026-03-15T17:59:15.651+0000] {dagbag.py:540} INFO - Filling up the DagBag from /home/airflow/.local/lib/python3.11/site-packages/airflow/example_dags/example_branch_day_of_week_operator.py
[2026-03-15T17:59:15.658+0000] {processor.py:840} INFO - DAG(s) 'example_weekday_branch_operator' retrieved from /home/airflow/.local/lib/python3.11/site-packages/airflow/example_dags/example_branch_day_of_week_operator.py
[2026-03-15T17:59:15.676+0000] {logging_mixin.py:188} INFO - [2026-03-15T17:59:15.676+0000] {dag.py:3047} INFO - Sync 1 DAGs
[2026-03-15T17:59:15.693+0000] {logging_mixin.py:188} INFO - [2026-03-15T17:59:15.693+0000] {dag.py:3834} INFO - Setting next_dagrun for example_weekday_branch_operator to 2026-03-14 00:00:00+00:00, run_after=2026-03-15 00:00:00+00:00
[2026-03-15T17:59:15.707+0000] {processor.py:183} INFO - Processing /home/airflow/.local/lib/python3.11/site-packages/airflow/example_dags/example_branch_day_of_week_operator.py took 0.060 seconds
[2026-03-15T17:59:46.478+0000] {processor.py:161} INFO - Started process (PID=2007) to work on /home/airflow/.local/lib/python3.11/site-packages/airflow/example_dags/example_branch_day_of_week_operator.py
[2026-03-15T17:59:46.479+0000] {processor.py:830} INFO - Processing file /home/airflow/.local/lib/python3.11/site-packages/airflow/example_dags/example_branch_day_of_week_operator.py for tasks to queue
[2026-03-15T17:59:46.481+0000] {logging_mixin.py:188} INFO - [2026-03-15T17:59:46.481+0000] {dagbag.py:540} INFO - Filling up the DagBag from /home/airflow/.local/lib/python3.11/site-packages/airflow/example_dags/example_branch_day_of_week_operator.py
[2026-03-15T17:59:46.487+0000] {processor.py:840} INFO - DAG(s) 'example_weekday_branch_operator' retrieved from /home/airflow/.local/lib/python3.11/site-packages/airflow/example_dags/example_branch_day_of_week_operator.py
[2026-03-15T17:59:46.504+0000] {logging_mixin.py:188} INFO - [2026-03-15T17:59:46.504+0000] {dag.py:3047} INFO - Sync 1 DAGs
[2026-03-15T17:59:46.519+0000] {logging_mixin.py:188} INFO - [2026-03-15T17:59:46.518+0000] {dag.py:3834} INFO - Setting next_dagrun for example_weekday_branch_operator to 2026-03-14 00:00:00+00:00, run_after=2026-03-15 00:00:00+00:00
[2026-03-15T17:59:46.531+0000] {processor.py:183} INFO - Processing /home/airflow/.local/lib/python3.11/site-packages/airflow/example_dags/example_branch_day_of_week_operator.py took 0.056 seconds
[2026-03-15T18:00:08.118+0000] {processor.py:161} INFO - Started process (PID=2069) to work on /home/airflow/.local/lib/python3.11/site-packages/airflow/example_dags/example_branch_day_of_week_operator.py
[2026-03-15T18:00:08.119+0000] {processor.py:830} INFO - Processing file /home/airflow/.local/lib/python3.11/site-packages/airflow/example_dags/example_branch_day_of_week_operator.py for tasks to queue
[2026-03-15T18:00:08.121+0000] {logging_mixin.py:188} INFO - [2026-03-15T18:00:08.121+0000] {dagbag.py:540} INFO - Filling up the DagBag from /home/airflow/.local/lib/python3.11/site-packages/airflow/example_dags/example_branch_day_of_week_operator.py
[2026-03-15T18:00:08.127+0000] {processor.py:840} INFO - DAG(s) 'example_weekday_branch_operator' retrieved from /home/airflow/.local/lib/python3.11/site-packages/airflow/example_dags/example_branch_day_of_week_operator.py
[2026-03-15T18:00:08.143+0000] {logging_mixin.py:188} INFO - [2026-03-15T18:00:08.143+0000] {dag.py:3047} INFO - Sync 1 DAGs
[2026-03-15T18:00:08.158+0000] {logging_mixin.py:188} INFO - [2026-03-15T18:00:08.158+0000] {dag.py:3834} INFO - Setting next_dagrun for example_weekday_branch_operator to 2026-03-14 00:00:00+00:00, run_after=2026-03-15 00:00:00+00:00
[2026-03-15T18:00:08.170+0000] {processor.py:183} INFO - Processing /home/airflow/.local/lib/python3.11/site-packages/airflow/example_dags/example_branch_day_of_week_operator.py took 0.055 seconds
[2026-03-15T18:00:13.008+0000] {processor.py:161} INFO - Started process (PID=2110) to work on /home/airflow/.local/lib/python3.11/site-packages/airflow/example_dags/example_branch_day_of_week_operator.py
[2026-03-15T18:00:13.009+0000] {processor.py:830} INFO - Processing file /home/airflow/.local/lib/python3.11/site-packages/airflow/example_dags/example_branch_day_of_week_operator.py for tasks to queue
[2026-03-15T18:00:13.010+0000] {logging_mixin.py:188} INFO - [2026-03-15T18:00:13.010+0000] {dagbag.py:540} INFO - Filling up the DagBag from /home/airflow/.local/lib/python3.11/site-packages/airflow/example_dags/example_branch_day_of_week_operator.py
[2026-03-15T18:00:13.017+0000] {processor.py:840} INFO - DAG(s) 'example_weekday_branch_operator' retrieved from /home/airflow/.local/lib/python3.11/site-packages/airflow/example_dags/example_branch_day_of_week_operator.py
[2026-03-15T18:00:13.033+0000] {logging_mixin.py:188} INFO - [2026-03-15T18:00:13.033+0000] {dag.py:3047} INFO - Sync 1 DAGs
[2026-03-15T18:01:02.238+0000] {logging_mixin.py:188} INFO - [2026-03-15T18:01:02.238+0000] {dag.py:3834} INFO - Setting next_dagrun for example_weekday_branch_operator to 2026-03-14 00:00:00+00:00, run_after=2026-03-15 00:00:00+00:00
[2026-03-15T18:01:02.250+0000] {processor.py:183} INFO - Processing /home/airflow/.local/lib/python3.11/site-packages/airflow/example_dags/example_branch_day_of_week_operator.py took 0.059 seconds
[2026-03-15T18:01:14.419+0000] {processor.py:161} INFO - Started process (PID=2228) to work on /home/airflow/.local/lib/python3.11/site-packages/airflow/example_dags/example_branch_day_of_week_operator.py
[2026-03-15T18:01:14.420+0000] {processor.py:830} INFO - Processing file /home/airflow/.local/lib/python3.11/site-packages/airflow/example_dags/example_branch_day_of_week_operator.py for tasks to queue
[2026-03-15T18:01:14.422+0000] {logging_mixin.py:188} INFO - [2026-03-15T18:01:14.421+0000] {dagbag.py:540} INFO - Filling up the DagBag from /home/airflow/.local/lib/python3.11/site-packages/airflow/example_dags/example_branch_day_of_week_operator.py
[2026-03-15T18:01:14.428+0000] {processor.py:840} INFO - DAG(s) 'example_weekday_branch_operator' retrieved from /home/airflow/.local/lib/python3.11/site-packages/airflow/example_dags/example_branch_day_of_week_operator.py
[2026-03-15T18:01:14.446+0000] {logging_mixin.py:188} INFO - [2026-03-15T18:01:14.445+0000] {dag.py:3047} INFO - Sync 1 DAGs
[2026-03-15T18:01:14.463+0000] {logging_mixin.py:188} INFO - [2026-03-15T18:01:14.462+0000] {dag.py:3834} INFO - Setting next_dagrun for example_weekday_branch_operator to 2026-03-14 00:00:00+00:00, run_after=2026-03-15 00:00:00+00:00
[2026-03-15T18:01:14.476+0000] {processor.py:183} INFO - Processing /home/airflow/.local/lib/python3.11/site-packages/airflow/example_dags/example_branch_day_of_week_operator.py took 0.061 seconds
[2026-03-15T18:01:44.818+0000] {processor.py:161} INFO - Started process (PID=2278) to work on /home/airflow/.local/lib/python3.11/site-packages/airflow/example_dags/example_branch_day_of_week_operator.py
[2026-03-15T18:01:44.819+0000] {processor.py:830} INFO - Processing file /home/airflow/.local/lib/python3.11/site-packages/airflow/example_dags/example_branch_day_of_week_operator.py for tasks to queue
[2026-03-15T18:01:44.821+0000] {logging_mixin.py:188} INFO - [2026-03-15T18:01:44.821+0000] {dagbag.py:540} INFO - Filling up the DagBag from /home/airflow/.local/lib/python3.11/site-packages/airflow/example_dags/example_branch_day_of_week_operator.py
[2026-03-15T18:01:44.827+0000] {processor.py:840} INFO - DAG(s) 'example_weekday_branch_operator' retrieved from /home/airflow/.local/lib/python3.11/site-packages/airflow/example_dags/example_branch_day_of_week_operator.py
[2026-03-15T18:01:44.845+0000] {logging_mixin.py:188} INFO - [2026-03-15T18:01:44.844+0000] {dag.py:3047} INFO - Sync 1 DAGs
[2026-03-15T18:01:44.862+0000] {logging_mixin.py:188} INFO - [2026-03-15T18:01:44.862+0000] {dag.py:3834} INFO - Setting next_dagrun for example_weekday_branch_operator to 2026-03-14 00:00:00+00:00, run_after=2026-03-15 00:00:00+00:00
[2026-03-15T18:01:44.875+0000] {processor.py:183} INFO - Processing /home/airflow/.local/lib/python3.11/site-packages/airflow/example_dags/example_branch_day_of_week_operator.py took 0.060 seconds
[2026-03-15T18:01:48.357+0000] {processor.py:161} INFO - Started process (PID=2328) to work on /home/airflow/.local/lib/python3.11/site-packages/airflow/example_dags/example_branch_day_of_week_operator.py
[2026-03-15T18:01:48.357+0000] {processor.py:830} INFO - Processing file /home/airflow/.local/lib/python3.11/site-packages/airflow/example_dags/example_branch_day_of_week_operator.py for tasks to queue
[2026-03-15T18:01:48.359+0000] {logging_mixin.py:188} INFO - [2026-03-15T18:01:48.359+0000] {dagbag.py:540} INFO - Filling up the DagBag from /home/airflow/.local/lib/python3.11/site-packages/airflow/example_dags/example_branch_day_of_week_operator.py
[2026-03-15T18:01:48.365+0000] {processor.py:840} INFO - DAG(s) 'example_weekday_branch_operator' retrieved from /home/airflow/.local/lib/python3.11/site-packages/airflow/example_dags/example_branch_day_of_week_operator.py
[2026-03-15T18:01:48.381+0000] {logging_mixin.py:188} INFO - [2026-03-15T18:01:48.380+0000] {dag.py:3047} INFO - Sync 1 DAGs
[2026-03-15T18:01:48.395+0000] {logging_mixin.py:188} INFO - [2026-03-15T18:01:48.395+0000] {dag.py:3834} INFO - Setting next_dagrun for example_weekday_branch_operator to 2026-03-14 00:00:00+00:00, run_after=2026-03-15 00:00:00+00:00
[2026-03-15T18:01:48.407+0000] {processor.py:183} INFO - Processing /home/airflow/.local/lib/python3.11/site-packages/airflow/example_dags/example_branch_day_of_week_operator.py took 0.053 seconds
[2026-03-15T18:02:14.527+0000] {processor.py:161} INFO - Started process (PID=2380) to work on /home/airflow/.local/lib/python3.11/site-packages/airflow/example_dags/example_branch_day_of_week_operator.py
[2026-03-15T18:02:14.528+0000] {processor.py:830} INFO - Processing file /home/airflow/.local/lib/python3.11/site-packages/airflow/example_dags/example_branch_day_of_week_operator.py for tasks to queue
[2026-03-15T18:02:14.530+0000] {logging_mixin.py:188} INFO - [2026-03-15T18:02:14.530+0000] {dagbag.py:540} INFO - Filling up the DagBag from /home/airflow/.local/lib/python3.11/site-packages/airflow/example_dags/example_branch_day_of_week_operator.py
[2026-03-15T18:02:14.536+0000] {processor.py:840} INFO - DAG(s) 'example_weekday_branch_operator' retrieved from /home/airflow/.local/lib/python3.11/site-packages/airflow/example_dags/example_branch_day_of_week_operator.py
[2026-03-15T18:02:14.554+0000] {logging_mixin.py:188} INFO - [2026-03-15T18:02:14.554+0000] {dag.py:3047} INFO - Sync 1 DAGs
[2026-03-15T18:02:14.572+0000] {logging_mixin.py:188} INFO - [2026-03-15T18:02:14.572+0000] {dag.py:3834} INFO - Setting next_dagrun for example_weekday_branch_operator to 2026-03-14 00:00:00+00:00, run_after=2026-03-15 00:00:00+00:00
[2026-03-15T18:02:14.585+0000] {processor.py:183} INFO - Processing /home/airflow/.local/lib/python3.11/site-packages/airflow/example_dags/example_branch_day_of_week_operator.py took 0.061 seconds
[2026-03-15T18:02:45.904+0000] {processor.py:161} INFO - Started process (PID=2430) to work on /home/airflow/.local/lib/python3.11/site-packages/airflow/example_dags/example_branch_day_of_week_operator.py
[2026-03-15T18:02:45.905+0000] {processor.py:830} INFO - Processing file /home/airflow/.local/lib/python3.11/site-packages/airflow/example_dags/example_branch_day_of_week_operator.py for tasks to queue
[2026-03-15T18:02:45.907+0000] {logging_mixin.py:188} INFO - [2026-03-15T18:02:45.906+0000] {dagbag.py:540} INFO - Filling up the DagBag from /home/airflow/.local/lib/python3.11/site-packages/airflow/example_dags/example_branch_day_of_week_operator.py
[2026-03-15T18:02:45.913+0000] {processor.py:840} INFO - DAG(s) 'example_weekday_branch_operator' retrieved from /home/airflow/.local/lib/python3.11/site-packages/airflow/example_dags/example_branch_day_of_week_operator.py
[2026-03-15T18:02:45.930+0000] {logging_mixin.py:188} INFO - [2026-03-15T18:02:45.930+0000] {dag.py:3047} INFO - Sync 1 DAGs
[2026-03-15T18:02:45.946+0000] {logging_mixin.py:188} INFO - [2026-03-15T18:02:45.946+0000] {dag.py:3834} INFO - Setting next_dagrun for example_weekday_branch_operator to 2026-03-14 00:00:00+00:00, run_after=2026-03-15 00:00:00+00:00
[2026-03-15T18:02:45.960+0000] {processor.py:183} INFO - Processing /home/airflow/.local/lib/python3.11/site-packages/airflow/example_dags/example_branch_day_of_week_operator.py took 0.060 seconds
[2026-03-15T18:03:16.384+0000] {processor.py:161} INFO - Started process (PID=2484) to work on /home/airflow/.local/lib/python3.11/site-packages/airflow/example_dags/example_branch_day_of_week_operator.py
[2026-03-15T18:03:16.385+0000] {processor.py:830} INFO - Processing file /home/airflow/.local/lib/python3.11/site-packages/airflow/example_dags/example_branch_day_of_week_operator.py for tasks to queue
[2026-03-15T18:03:16.386+0000] {logging_mixin.py:188} INFO - [2026-03-15T18:03:16.386+0000] {dagbag.py:540} INFO - Filling up the DagBag from /home/airflow/.local/lib/python3.11/site-packages/airflow/example_dags/example_branch_day_of_week_operator.py
[2026-03-15T18:03:16.392+0000] {processor.py:840} INFO - DAG(s) 'example_weekday_branch_operator' retrieved from /home/airflow/.local/lib/python3.11/site-packages/airflow/example_dags/example_branch_day_of_week_operator.py
[2026-03-15T18:03:16.408+0000] {logging_mixin.py:188} INFO - [2026-03-15T18:03:16.408+0000] {dag.py:3047} INFO - Sync 1 DAGs
[2026-03-15T18:03:16.422+0000] {logging_mixin.py:188} INFO - [2026-03-15T18:03:16.422+0000] {dag.py:3834} INFO - Setting next_dagrun for example_weekday_branch_operator to 2026-03-14 00:00:00+00:00, run_after=2026-03-15 00:00:00+00:00
[2026-03-15T18:03:16.433+0000] {processor.py:183} INFO - Processing /home/airflow/.local/lib/python3.11/site-packages/airflow/example_dags/example_branch_day_of_week_operator.py took 0.052 seconds
[2026-03-15T18:03:18.574+0000] {processor.py:161} INFO - Started process (PID=2532) to work on /home/airflow/.local/lib/python3.11/site-packages/airflow/example_dags/example_branch_day_of_week_operator.py
[2026-03-15T18:03:18.575+0000] {processor.py:830} INFO - Processing file /home/airflow/.local/lib/python3.11/site-packages/airflow/example_dags/example_branch_day_of_week_operator.py for tasks to queue
[2026-03-15T18:03:18.577+0000] {logging_mixin.py:188} INFO - [2026-03-15T18:03:18.577+0000] {dagbag.py:540} INFO - Filling up the DagBag from /home/airflow/.local/lib/python3.11/site-packages/airflow/example_dags/example_branch_day_of_week_operator.py
[2026-03-15T18:03:18.583+0000] {processor.py:840} INFO - DAG(s) 'example_weekday_branch_operator' retrieved from /home/airflow/.local/lib/python3.11/site-packages/airflow/example_dags/example_branch_day_of_week_operator.py
[2026-03-15T18:03:18.601+0000] {logging_mixin.py:188} INFO - [2026-03-15T18:03:18.601+0000] {dag.py:3047} INFO - Sync 1 DAGs
[2026-03-15T18:03:18.618+0000] {logging_mixin.py:188} INFO - [2026-03-15T18:03:18.618+0000] {dag.py:3834} INFO - Setting next_dagrun for example_weekday_branch_operator to 2026-03-14 00:00:00+00:00, run_after=2026-03-15 00:00:00+00:00
[2026-03-15T18:03:18.632+0000] {processor.py:183} INFO - Processing /home/airflow/.local/lib/python3.11/site-packages/airflow/example_dags/example_branch_day_of_week_operator.py took 0.061 seconds
[2026-03-15T18:03:23.697+0000] {processor.py:161} INFO - Started process (PID=2576) to work on /home/airflow/.local/lib/python3.11/site-packages/airflow/example_dags/example_branch_day_of_week_operator.py
[2026-03-15T18:03:23.698+0000] {processor.py:830} INFO - Processing file /home/airflow/.local/lib/python3.11/site-packages/airflow/example_dags/example_branch_day_of_week_operator.py for tasks to queue
[2026-03-15T18:03:23.699+0000] {logging_mixin.py:188} INFO - [2026-03-15T18:03:23.699+0000] {dagbag.py:540} INFO - Filling up the DagBag from /home/airflow/.local/lib/python3.11/site-packages/airflow/example_dags/example_branch_day_of_week_operator.py
[2026-03-15T18:03:23.705+0000] {processor.py:840} INFO - DAG(s) 'example_weekday_branch_operator' retrieved from /home/airflow/.local/lib/python3.11/site-packages/airflow/example_dags/example_branch_day_of_week_operator.py
[2026-03-15T18:03:23.723+0000] {logging_mixin.py:188} INFO - [2026-03-15T18:03:23.723+0000] {dag.py:3047} INFO - Sync 1 DAGs
[2026-03-15T18:03:23.738+0000] {logging_mixin.py:188} INFO - [2026-03-15T18:03:23.738+0000] {dag.py:3834} INFO - Setting next_dagrun for example_weekday_branch_operator to 2026-03-14 00:00:00+00:00, run_after=2026-03-15 00:00:00+00:00
[2026-03-15T18:03:23.751+0000] {processor.py:183} INFO - Processing /home/airflow/.local/lib/python3.11/site-packages/airflow/example_dags/example_branch_day_of_week_operator.py took 0.057 seconds
[2026-03-15T18:03:44.964+0000] {processor.py:161} INFO - Started process (PID=2627) to work on /home/airflow/.local/lib/python3.11/site-packages/airflow/example_dags/example_branch_day_of_week_operator.py
[2026-03-15T18:03:44.964+0000] {processor.py:830} INFO - Processing file /home/airflow/.local/lib/python3.11/site-packages/airflow/example_dags/example_branch_day_of_week_operator.py for tasks to queue
[2026-03-15T18:03:44.966+0000] {logging_mixin.py:188} INFO - [2026-03-15T18:03:44.966+0000] {dagbag.py:540} INFO - Filling up the DagBag from /home/airflow/.local/lib/python3.11/site-packages/airflow/example_dags/example_branch_day_of_week_operator.py
[2026-03-15T18:03:44.972+0000] {processor.py:840} INFO - DAG(s) 'example_weekday_branch_operator' retrieved from /home/airflow/.local/lib/python3.11/site-packages/airflow/example_dags/example_branch_day_of_week_operator.py
[2026-03-15T18:03:44.988+0000] {logging_mixin.py:188} INFO - [2026-03-15T18:03:44.987+0000] {dag.py:3047} INFO - Sync 1 DAGs
[2026-03-15T18:03:45.003+0000] {logging_mixin.py:188} INFO - [2026-03-15T18:03:45.003+0000] {dag.py:3834} INFO - Setting next_dagrun for example_weekday_branch_operator to 2026-03-14 00:00:00+00:00, run_after=2026-03-15 00:00:00+00:00
[2026-03-15T18:03:45.016+0000] {processor.py:183} INFO - Processing /home/airflow/.local/lib/python3.11/site-packages/airflow/example_dags/example_branch_day_of_week_operator.py took 0.054 seconds
[2026-03-15T18:04:15.071+0000] {processor.py:161} INFO - Started process (PID=2678) to work on /home/airflow/.local/lib/python3.11/site-packages/airflow/example_dags/example_branch_day_of_week_operator.py
[2026-03-15T18:04:15.072+0000] {processor.py:830} INFO - Processing file /home/airflow/.local/lib/python3.11/site-packages/airflow/example_dags/example_branch_day_of_week_operator.py for tasks to queue
[2026-03-15T18:04:15.074+0000] {logging_mixin.py:188} INFO - [2026-03-15T18:04:15.074+0000] {dagbag.py:540} INFO - Filling up the DagBag from /home/airflow/.local/lib/python3.11/site-packages/airflow/example_dags/example_branch_day_of_week_operator.py
[2026-03-15T18:04:15.080+0000] {processor.py:840} INFO - DAG(s) 'example_weekday_branch_operator' retrieved from /home/airflow/.local/lib/python3.11/site-packages/airflow/example_dags/example_branch_day_of_week_operator.py
[2026-03-15T18:04:15.097+0000] {logging_mixin.py:188} INFO - [2026-03-15T18:04:15.097+0000] {dag.py:3047} INFO - Sync 1 DAGs
[2026-03-15T18:04:15.112+0000] {logging_mixin.py:188} INFO - [2026-03-15T18:04:15.112+0000] {dag.py:3834} INFO - Setting next_dagrun for example_weekday_branch_operator to 2026-03-14 00:00:00+00:00, run_after=2026-03-15 00:00:00+00:00
[2026-03-15T18:04:15.126+0000] {processor.py:183} INFO - Processing /home/airflow/.local/lib/python3.11/site-packages/airflow/example_dags/example_branch_day_of_week_operator.py took 0.057 seconds
[2026-03-15T18:04:18.595+0000] {processor.py:161} INFO - Started process (PID=2723) to work on /home/airflow/.local/lib/python3.11/site-packages/airflow/example_dags/example_branch_day_of_week_operator.py
[2026-03-15T18:04:18.596+0000] {processor.py:830} INFO - Processing file /home/airflow/.local/lib/python3.11/site-packages/airflow/example_dags/example_branch_day_of_week_operator.py for tasks to queue
[2026-03-15T18:04:18.597+0000] {logging_mixin.py:188} INFO - [2026-03-15T18:04:18.597+0000] {dagbag.py:540} INFO - Filling up the DagBag from /home/airflow/.local/lib/python3.11/site-packages/airflow/example_dags/example_branch_day_of_week_operator.py
[2026-03-15T18:04:18.603+0000] {processor.py:840} INFO - DAG(s) 'example_weekday_branch_operator' retrieved from /home/airflow/.local/lib/python3.11/site-packages/airflow/example_dags/example_branch_day_of_week_operator.py
[2026-03-15T18:04:18.619+0000] {logging_mixin.py:188} INFO - [2026-03-15T18:04:18.619+0000] {dag.py:3047} INFO - Sync 1 DAGs
[2026-03-15T18:04:18.634+0000] {logging_mixin.py:188} INFO - [2026-03-15T18:04:18.634+0000] {dag.py:3834} INFO - Setting next_dagrun for example_weekday_branch_operator to 2026-03-14 00:00:00+00:00, run_after=2026-03-15 00:00:00+00:00
[2026-03-15T18:04:18.647+0000] {processor.py:183} INFO - Processing /home/airflow/.local/lib/python3.11/site-packages/airflow/example_dags/example_branch_day_of_week_operator.py took 0.054 seconds
[2026-03-15T18:04:23.518+0000] {processor.py:161} INFO - Started process (PID=2767) to work on /home/airflow/.local/lib/python3.11/site-packages/airflow/example_dags/example_branch_day_of_week_operator.py
[2026-03-15T18:04:23.521+0000] {processor.py:830} INFO - Processing file /home/airflow/.local/lib/python3.11/site-packages/airflow/example_dags/example_branch_day_of_week_operator.py for tasks to queue
[2026-03-15T18:04:23.522+0000] {logging_mixin.py:188} INFO - [2026-03-15T18:04:23.522+0000] {dagbag.py:540} INFO - Filling up the DagBag from /home/airflow/.local/lib/python3.11/site-packages/airflow/example_dags/example_branch_day_of_week_operator.py
[2026-03-15T18:04:23.529+0000] {processor.py:840} INFO - DAG(s) 'example_weekday_branch_operator' retrieved from /home/airflow/.local/lib/python3.11/site-packages/airflow/example_dags/example_branch_day_of_week_operator.py
[2026-03-15T18:04:23.546+0000] {logging_mixin.py:188} INFO - [2026-03-15T18:04:23.546+0000] {dag.py:3047} INFO - Sync 1 DAGs
[2026-03-15T18:04:23.561+0000] {logging_mixin.py:188} INFO - [2026-03-15T18:04:23.561+0000] {dag.py:3834} INFO - Setting next_dagrun for example_weekday_branch_operator to 2026-03-14 00:00:00+00:00, run_after=2026-03-15 00:00:00+00:00
[2026-03-15T18:04:23.573+0000] {processor.py:183} INFO - Processing /home/airflow/.local/lib/python3.11/site-packages/airflow/example_dags/example_branch_day_of_week_operator.py took 0.058 seconds
[2026-03-15T18:04:28.389+0000] {processor.py:161} INFO - Started process (PID=2811) to work on /home/airflow/.local/lib/python3.11/site-packages/airflow/example_dags/example_branch_day_of_week_operator.py
[2026-03-15T18:04:28.390+0000] {processor.py:830} INFO - Processing file /home/airflow/.local/lib/python3.11/site-packages/airflow/example_dags/example_branch_day_of_week_operator.py for tasks to queue
[2026-03-15T18:04:28.392+0000] {logging_mixin.py:188} INFO - [2026-03-15T18:04:28.391+0000] {dagbag.py:540} INFO - Filling up the DagBag from /home/airflow/.local/lib/python3.11/site-packages/airflow/example_dags/example_branch_day_of_week_operator.py
[2026-03-15T18:04:28.398+0000] {processor.py:840} INFO - DAG(s) 'example_weekday_branch_operator' retrieved from /home/airflow/.local/lib/python3.11/site-packages/airflow/example_dags/example_branch_day_of_week_operator.py
[2026-03-15T18:04:28.419+0000] {logging_mixin.py:188} INFO - [2026-03-15T18:04:28.418+0000] {dag.py:3047} INFO - Sync 1 DAGs
[2026-03-15T18:04:28.438+0000] {logging_mixin.py:188} INFO - [2026-03-15T18:04:28.438+0000] {dag.py:3834} INFO - Setting next_dagrun for example_weekday_branch_operator to 2026-03-14 00:00:00+00:00, run_after=2026-03-15 00:00:00+00:00
[2026-03-15T18:04:28.456+0000] {processor.py:183} INFO - Processing /home/airflow/.local/lib/python3.11/site-packages/airflow/example_dags/example_branch_day_of_week_operator.py took 0.070 seconds
[2026-03-15T18:04:59.150+0000] {processor.py:161} INFO - Started process (PID=2858) to work on /home/airflow/.local/lib/python3.11/site-packages/airflow/example_dags/example_branch_day_of_week_operator.py
[2026-03-15T18:04:59.151+0000] {processor.py:830} INFO - Processing file /home/airflow/.local/lib/python3.11/site-packages/airflow/example_dags/example_branch_day_of_week_operator.py for tasks to queue
[2026-03-15T18:04:59.153+0000] {logging_mixin.py:188} INFO - [2026-03-15T18:04:59.153+0000] {dagbag.py:540} INFO - Filling up the DagBag from /home/airflow/.local/lib/python3.11/site-packages/airflow/example_dags/example_branch_day_of_week_operator.py
[2026-03-15T18:04:59.162+0000] {processor.py:840} INFO - DAG(s) 'example_weekday_branch_operator' retrieved from /home/airflow/.local/lib/python3.11/site-packages/airflow/example_dags/example_branch_day_of_week_operator.py
[2026-03-15T18:04:59.178+0000] {logging_mixin.py:188} INFO - [2026-03-15T18:04:59.178+0000] {dag.py:3047} INFO - Sync 1 DAGs
[2026-03-15T18:04:59.194+0000] {logging_mixin.py:188} INFO - [2026-03-15T18:04:59.194+0000] {dag.py:3834} INFO - Setting next_dagrun for example_weekday_branch_operator to 2026-03-14 00:00:00+00:00, run_after=2026-03-15 00:00:00+00:00
[2026-03-15T18:04:59.207+0000] {processor.py:183} INFO - Processing /home/airflow/.local/lib/python3.11/site-packages/airflow/example_dags/example_branch_day_of_week_operator.py took 0.060 seconds
[2026-03-15T18:05:14.852+0000] {processor.py:161} INFO - Started process (PID=2912) to work on /home/airflow/.local/lib/python3.11/site-packages/airflow/example_dags/example_branch_day_of_week_operator.py
[2026-03-15T18:05:14.854+0000] {processor.py:830} INFO - Processing file /home/airflow/.local/lib/python3.11/site-packages/airflow/example_dags/example_branch_day_of_week_operator.py for tasks to queue
[2026-03-15T18:05:14.855+0000] {logging_mixin.py:188} INFO - [2026-03-15T18:05:14.855+0000] {dagbag.py:540} INFO - Filling up the DagBag from /home/airflow/.local/lib/python3.11/site-packages/airflow/example_dags/example_branch_day_of_week_operator.py
[2026-03-15T18:05:14.862+0000] {processor.py:840} INFO - DAG(s) 'example_weekday_branch_operator' retrieved from /home/airflow/.local/lib/python3.11/site-packages/airflow/example_dags/example_branch_day_of_week_operator.py
[2026-03-15T18:05:14.878+0000] {logging_mixin.py:188} INFO - [2026-03-15T18:05:14.878+0000] {dag.py:3047} INFO - Sync 1 DAGs
[2026-03-15T18:05:14.896+0000] {logging_mixin.py:188} INFO - [2026-03-15T18:05:14.895+0000] {dag.py:3834} INFO - Setting next_dagrun for example_weekday_branch_operator to 2026-03-14 00:00:00+00:00, run_after=2026-03-15 00:00:00+00:00
[2026-03-15T18:05:14.911+0000] {processor.py:183} INFO - Processing /home/airflow/.local/lib/python3.11/site-packages/airflow/example_dags/example_branch_day_of_week_operator.py took 0.062 seconds
[2026-03-15T18:05:44.654+0000] {processor.py:161} INFO - Started process (PID=2966) to work on /home/airflow/.local/lib/python3.11/site-packages/airflow/example_dags/example_branch_day_of_week_operator.py
[2026-03-15T18:05:44.655+0000] {processor.py:830} INFO - Processing file /home/airflow/.local/lib/python3.11/site-packages/airflow/example_dags/example_branch_day_of_week_operator.py for tasks to queue
[2026-03-15T18:05:44.657+0000] {logging_mixin.py:188} INFO - [2026-03-15T18:05:44.657+0000] {dagbag.py:540} INFO - Filling up the DagBag from /home/airflow/.local/lib/python3.11/site-packages/airflow/example_dags/example_branch_day_of_week_operator.py
[2026-03-15T18:05:44.663+0000] {processor.py:840} INFO - DAG(s) 'example_weekday_branch_operator' retrieved from /home/airflow/.local/lib/python3.11/site-packages/airflow/example_dags/example_branch_day_of_week_operator.py
[2026-03-15T18:05:44.686+0000] {logging_mixin.py:188} INFO - [2026-03-15T18:05:44.686+0000] {dag.py:3047} INFO - Sync 1 DAGs
[2026-03-15T18:05:44.704+0000] {logging_mixin.py:188} INFO - [2026-03-15T18:05:44.704+0000] {dag.py:3834} INFO - Setting next_dagrun for example_weekday_branch_operator to 2026-03-14 00:00:00+00:00, run_after=2026-03-15 00:00:00+00:00
[2026-03-15T18:05:44.719+0000] {processor.py:183} INFO - Processing /home/airflow/.local/lib/python3.11/site-packages/airflow/example_dags/example_branch_day_of_week_operator.py took 0.068 seconds
[2026-03-15T18:06:15.328+0000] {processor.py:161} INFO - Started process (PID=3016) to work on /home/airflow/.local/lib/python3.11/site-packages/airflow/example_dags/example_branch_day_of_week_operator.py
[2026-03-15T18:06:15.330+0000] {processor.py:830} INFO - Processing file /home/airflow/.local/lib/python3.11/site-packages/airflow/example_dags/example_branch_day_of_week_operator.py for tasks to queue
[2026-03-15T18:06:15.332+0000] {logging_mixin.py:188} INFO - [2026-03-15T18:06:15.332+0000] {dagbag.py:540} INFO - Filling up the DagBag from /home/airflow/.local/lib/python3.11/site-packages/airflow/example_dags/example_branch_day_of_week_operator.py
[2026-03-15T18:06:15.339+0000] {processor.py:840} INFO - DAG(s) 'example_weekday_branch_operator' retrieved from /home/airflow/.local/lib/python3.11/site-packages/airflow/example_dags/example_branch_day_of_week_operator.py
[2026-03-15T18:06:15.357+0000] {logging_mixin.py:188} INFO - [2026-03-15T18:06:15.357+0000] {dag.py:3047} INFO - Sync 1 DAGs
[2026-03-15T18:06:15.373+0000] {logging_mixin.py:188} INFO - [2026-03-15T18:06:15.373+0000] {dag.py:3834} INFO - Setting next_dagrun for example_weekday_branch_operator to 2026-03-14 00:00:00+00:00, run_after=2026-03-15 00:00:00+00:00
[2026-03-15T18:06:15.387+0000] {processor.py:183} INFO - Processing /home/airflow/.local/lib/python3.11/site-packages/airflow/example_dags/example_branch_day_of_week_operator.py took 0.062 seconds
[2026-03-15T18:06:19.198+0000] {processor.py:161} INFO - Started process (PID=3066) to work on /home/airflow/.local/lib/python3.11/site-packages/airflow/example_dags/example_branch_day_of_week_operator.py
[2026-03-15T18:06:19.200+0000] {processor.py:830} INFO - Processing file /home/airflow/.local/lib/python3.11/site-packages/airflow/example_dags/example_branch_day_of_week_operator.py for tasks to queue
[2026-03-15T18:06:19.202+0000] {logging_mixin.py:188} INFO - [2026-03-15T18:06:19.201+0000] {dagbag.py:540} INFO - Filling up the DagBag from /home/airflow/.local/lib/python3.11/site-packages/airflow/example_dags/example_branch_day_of_week_operator.py
[2026-03-15T18:06:19.208+0000] {processor.py:840} INFO - DAG(s) 'example_weekday_branch_operator' retrieved from /home/airflow/.local/lib/python3.11/site-packages/airflow/example_dags/example_branch_day_of_week_operator.py
[2026-03-15T18:06:19.228+0000] {logging_mixin.py:188} INFO - [2026-03-15T18:06:19.228+0000] {dag.py:3047} INFO - Sync 1 DAGs
[2026-03-15T18:06:19.245+0000] {logging_mixin.py:188} INFO - [2026-03-15T18:06:19.245+0000] {dag.py:3834} INFO - Setting next_dagrun for example_weekday_branch_operator to 2026-03-14 00:00:00+00:00, run_after=2026-03-15 00:00:00+00:00
[2026-03-15T18:06:19.261+0000] {processor.py:183} INFO - Processing /home/airflow/.local/lib/python3.11/site-packages/airflow/example_dags/example_branch_day_of_week_operator.py took 0.067 seconds
[2026-03-15T18:06:24.192+0000] {processor.py:161} INFO - Started process (PID=3116) to work on /home/airflow/.local/lib/python3.11/site-packages/airflow/example_dags/example_branch_day_of_week_operator.py
[2026-03-15T18:06:24.193+0000] {processor.py:830} INFO - Processing file /home/airflow/.local/lib/python3.11/site-packages/airflow/example_dags/example_branch_day_of_week_operator.py for tasks to queue
[2026-03-15T18:06:24.195+0000] {logging_mixin.py:188} INFO - [2026-03-15T18:06:24.195+0000] {dagbag.py:540} INFO - Filling up the DagBag from /home/airflow/.local/lib/python3.11/site-packages/airflow/example_dags/example_branch_day_of_week_operator.py
[2026-03-15T18:06:24.201+0000] {processor.py:840} INFO - DAG(s) 'example_weekday_branch_operator' retrieved from /home/airflow/.local/lib/python3.11/site-packages/airflow/example_dags/example_branch_day_of_week_operator.py
[2026-03-15T18:06:24.218+0000] {logging_mixin.py:188} INFO - [2026-03-15T18:06:24.218+0000] {dag.py:3047} INFO - Sync 1 DAGs
[2026-03-15T18:06:24.236+0000] {logging_mixin.py:188} INFO - [2026-03-15T18:06:24.236+0000] {dag.py:3834} INFO - Setting next_dagrun for example_weekday_branch_operator to 2026-03-14 00:00:00+00:00, run_after=2026-03-15 00:00:00+00:00
[2026-03-15T18:06:24.256+0000] {processor.py:183} INFO - Processing /home/airflow/.local/lib/python3.11/site-packages/airflow/example_dags/example_branch_day_of_week_operator.py took 0.067 seconds
[2026-03-15T18:06:28.808+0000] {processor.py:161} INFO - Started process (PID=3164) to work on /home/airflow/.local/lib/python3.11/site-packages/airflow/example_dags/example_branch_day_of_week_operator.py
[2026-03-15T18:06:28.809+0000] {processor.py:830} INFO - Processing file /home/airflow/.local/lib/python3.11/site-packages/airflow/example_dags/example_branch_day_of_week_operator.py for tasks to queue
[2026-03-15T18:06:28.811+0000] {logging_mixin.py:188} INFO - [2026-03-15T18:06:28.810+0000] {dagbag.py:540} INFO - Filling up the DagBag from /home/airflow/.local/lib/python3.11/site-packages/airflow/example_dags/example_branch_day_of_week_operator.py
[2026-03-15T18:06:28.817+0000] {processor.py:840} INFO - DAG(s) 'example_weekday_branch_operator' retrieved from /home/airflow/.local/lib/python3.11/site-packages/airflow/example_dags/example_branch_day_of_week_operator.py
[2026-03-15T18:06:28.835+0000] {logging_mixin.py:188} INFO - [2026-03-15T18:06:28.835+0000] {dag.py:3047} INFO - Sync 1 DAGs
[2026-03-15T18:06:28.852+0000] {logging_mixin.py:188} INFO - [2026-03-15T18:06:28.852+0000] {dag.py:3834} INFO - Setting next_dagrun for example_weekday_branch_operator to 2026-03-14 00:00:00+00:00, run_after=2026-03-15 00:00:00+00:00
[2026-03-15T18:06:28.868+0000] {processor.py:183} INFO - Processing /home/airflow/.local/lib/python3.11/site-packages/airflow/example_dags/example_branch_day_of_week_operator.py took 0.064 seconds
[2026-03-15T18:06:59.166+0000] {processor.py:161} INFO - Started process (PID=3214) to work on /home/airflow/.local/lib/python3.11/site-packages/airflow/example_dags/example_branch_day_of_week_operator.py
[2026-03-15T18:06:59.167+0000] {processor.py:830} INFO - Processing file /home/airflow/.local/lib/python3.11/site-packages/airflow/example_dags/example_branch_day_of_week_operator.py for tasks to queue
[2026-03-15T18:06:59.168+0000] {logging_mixin.py:188} INFO - [2026-03-15T18:06:59.168+0000] {dagbag.py:540} INFO - Filling up the DagBag from /home/airflow/.local/lib/python3.11/site-packages/airflow/example_dags/example_branch_day_of_week_operator.py
[2026-03-15T18:06:59.175+0000] {processor.py:840} INFO - DAG(s) 'example_weekday_branch_operator' retrieved from /home/airflow/.local/lib/python3.11/site-packages/airflow/example_dags/example_branch_day_of_week_operator.py
[2026-03-15T18:06:59.194+0000] {logging_mixin.py:188} INFO - [2026-03-15T18:06:59.194+0000] {dag.py:3047} INFO - Sync 1 DAGs
[2026-03-15T18:06:59.212+0000] {logging_mixin.py:188} INFO - [2026-03-15T18:06:59.212+0000] {dag.py:3834} INFO - Setting next_dagrun for example_weekday_branch_operator to 2026-03-14 00:00:00+00:00, run_after=2026-03-15 00:00:00+00:00
[2026-03-15T18:06:59.235+0000] {processor.py:183} INFO - Processing /home/airflow/.local/lib/python3.11/site-packages/airflow/example_dags/example_branch_day_of_week_operator.py took 0.072 seconds
[2026-03-15T18:07:03.848+0000] {processor.py:161} INFO - Started process (PID=3270) to work on /home/airflow/.local/lib/python3.11/site-packages/airflow/example_dags/example_branch_day_of_week_operator.py
[2026-03-15T18:07:03.849+0000] {processor.py:830} INFO - Processing file /home/airflow/.local/lib/python3.11/site-packages/airflow/example_dags/example_branch_day_of_week_operator.py for tasks to queue
[2026-03-15T18:07:03.851+0000] {logging_mixin.py:188} INFO - [2026-03-15T18:07:03.851+0000] {dagbag.py:540} INFO - Filling up the DagBag from /home/airflow/.local/lib/python3.11/site-packages/airflow/example_dags/example_branch_day_of_week_operator.py
[2026-03-15T18:07:03.857+0000] {processor.py:840} INFO - DAG(s) 'example_weekday_branch_operator' retrieved from /home/airflow/.local/lib/python3.11/site-packages/airflow/example_dags/example_branch_day_of_week_operator.py
[2026-03-15T18:07:03.873+0000] {logging_mixin.py:188} INFO - [2026-03-15T18:07:03.873+0000] {dag.py:3047} INFO - Sync 1 DAGs
[2026-03-15T18:07:03.888+0000] {logging_mixin.py:188} INFO - [2026-03-15T18:07:03.888+0000] {dag.py:3834} INFO - Setting next_dagrun for example_weekday_branch_operator to 2026-03-14 00:00:00+00:00, run_after=2026-03-15 00:00:00+00:00
[2026-03-15T18:07:03.904+0000] {processor.py:183} INFO - Processing /home/airflow/.local/lib/python3.11/site-packages/airflow/example_dags/example_branch_day_of_week_operator.py took 0.059 seconds
[2026-03-15T18:07:34.431+0000] {processor.py:161} INFO - Started process (PID=3324) to work on /home/airflow/.local/lib/python3.11/site-packages/airflow/example_dags/example_branch_day_of_week_operator.py
[2026-03-15T18:07:34.432+0000] {processor.py:830} INFO - Processing file /home/airflow/.local/lib/python3.11/site-packages/airflow/example_dags/example_branch_day_of_week_operator.py for tasks to queue
[2026-03-15T18:07:34.434+0000] {logging_mixin.py:188} INFO - [2026-03-15T18:07:34.434+0000] {dagbag.py:540} INFO - Filling up the DagBag from /home/airflow/.local/lib/python3.11/site-packages/airflow/example_dags/example_branch_day_of_week_operator.py
[2026-03-15T18:07:34.440+0000] {processor.py:840} INFO - DAG(s) 'example_weekday_branch_operator' retrieved from /home/airflow/.local/lib/python3.11/site-packages/airflow/example_dags/example_branch_day_of_week_operator.py
[2026-03-15T18:07:34.457+0000] {logging_mixin.py:188} INFO - [2026-03-15T18:07:34.457+0000] {dag.py:3047} INFO - Sync 1 DAGs
[2026-03-15T18:07:34.472+0000] {logging_mixin.py:188} INFO - [2026-03-15T18:07:34.472+0000] {dag.py:3834} INFO - Setting next_dagrun for example_weekday_branch_operator to 2026-03-14 00:00:00+00:00, run_after=2026-03-15 00:00:00+00:00
[2026-03-15T18:07:34.487+0000] {processor.py:183} INFO - Processing /home/airflow/.local/lib/python3.11/site-packages/airflow/example_dags/example_branch_day_of_week_operator.py took 0.059 seconds
[2026-03-15T18:08:04.658+0000] {processor.py:161} INFO - Started process (PID=3378) to work on /home/airflow/.local/lib/python3.11/site-packages/airflow/example_dags/example_branch_day_of_week_operator.py
[2026-03-15T18:08:04.659+0000] {processor.py:830} INFO - Processing file /home/airflow/.local/lib/python3.11/site-packages/airflow/example_dags/example_branch_day_of_week_operator.py for tasks to queue
[2026-03-15T18:08:04.661+0000] {logging_mixin.py:188} INFO - [2026-03-15T18:08:04.661+0000] {dagbag.py:540} INFO - Filling up the DagBag from /home/airflow/.local/lib/python3.11/site-packages/airflow/example_dags/example_branch_day_of_week_operator.py
[2026-03-15T18:08:04.668+0000] {processor.py:840} INFO - DAG(s) 'example_weekday_branch_operator' retrieved from /home/airflow/.local/lib/python3.11/site-packages/airflow/example_dags/example_branch_day_of_week_operator.py
[2026-03-15T18:08:04.685+0000] {logging_mixin.py:188} INFO - [2026-03-15T18:08:04.685+0000] {dag.py:3047} INFO - Sync 1 DAGs
[2026-03-15T18:08:04.703+0000] {logging_mixin.py:188} INFO - [2026-03-15T18:08:04.703+0000] {dag.py:3834} INFO - Setting next_dagrun for example_weekday_branch_operator to 2026-03-14 00:00:00+00:00, run_after=2026-03-15 00:00:00+00:00
[2026-03-15T18:08:04.719+0000] {processor.py:183} INFO - Processing /home/airflow/.local/lib/python3.11/site-packages/airflow/example_dags/example_branch_day_of_week_operator.py took 0.063 seconds
[2026-03-15T18:08:09.138+0000] {processor.py:161} INFO - Started process (PID=3428) to work on /home/airflow/.local/lib/python3.11/site-packages/airflow/example_dags/example_branch_day_of_week_operator.py
[2026-03-15T18:08:09.139+0000] {processor.py:830} INFO - Processing file /home/airflow/.local/lib/python3.11/site-packages/airflow/example_dags/example_branch_day_of_week_operator.py for tasks to queue
[2026-03-15T18:08:09.141+0000] {logging_mixin.py:188} INFO - [2026-03-15T18:08:09.140+0000] {dagbag.py:540} INFO - Filling up the DagBag from /home/airflow/.local/lib/python3.11/site-packages/airflow/example_dags/example_branch_day_of_week_operator.py
[2026-03-15T18:08:09.148+0000] {processor.py:840} INFO - DAG(s) 'example_weekday_branch_operator' retrieved from /home/airflow/.local/lib/python3.11/site-packages/airflow/example_dags/example_branch_day_of_week_operator.py
[2026-03-15T18:08:09.165+0000] {logging_mixin.py:188} INFO - [2026-03-15T18:08:09.164+0000] {dag.py:3047} INFO - Sync 1 DAGs
[2026-03-15T18:08:09.181+0000] {logging_mixin.py:188} INFO - [2026-03-15T18:08:09.180+0000] {dag.py:3834} INFO - Setting next_dagrun for example_weekday_branch_operator to 2026-03-14 00:00:00+00:00, run_after=2026-03-15 00:00:00+00:00
[2026-03-15T18:08:09.196+0000] {processor.py:183} INFO - Processing /home/airflow/.local/lib/python3.11/site-packages/airflow/example_dags/example_branch_day_of_week_operator.py took 0.061 seconds
[2026-03-15T18:08:14.906+0000] {processor.py:161} INFO - Started process (PID=3478) to work on /home/airflow/.local/lib/python3.11/site-packages/airflow/example_dags/example_branch_day_of_week_operator.py
[2026-03-15T18:08:14.907+0000] {processor.py:830} INFO - Processing file /home/airflow/.local/lib/python3.11/site-packages/airflow/example_dags/example_branch_day_of_week_operator.py for tasks to queue
[2026-03-15T18:08:14.909+0000] {logging_mixin.py:188} INFO - [2026-03-15T18:08:14.909+0000] {dagbag.py:540} INFO - Filling up the DagBag from /home/airflow/.local/lib/python3.11/site-packages/airflow/example_dags/example_branch_day_of_week_operator.py
[2026-03-15T18:08:14.916+0000] {processor.py:840} INFO - DAG(s) 'example_weekday_branch_operator' retrieved from /home/airflow/.local/lib/python3.11/site-packages/airflow/example_dags/example_branch_day_of_week_operator.py
[2026-03-15T18:08:14.934+0000] {logging_mixin.py:188} INFO - [2026-03-15T18:08:14.934+0000] {dag.py:3047} INFO - Sync 1 DAGs
[2026-03-15T18:08:14.950+0000] {logging_mixin.py:188} INFO - [2026-03-15T18:08:14.950+0000] {dag.py:3834} INFO - Setting next_dagrun for example_weekday_branch_operator to 2026-03-14 00:00:00+00:00, run_after=2026-03-15 00:00:00+00:00
[2026-03-15T18:08:14.965+0000] {processor.py:183} INFO - Processing /home/airflow/.local/lib/python3.11/site-packages/airflow/example_dags/example_branch_day_of_week_operator.py took 0.062 seconds
[2026-03-15T18:08:44.818+0000] {processor.py:161} INFO - Started process (PID=3534) to work on /home/airflow/.local/lib/python3.11/site-packages/airflow/example_dags/example_branch_day_of_week_operator.py
[2026-03-15T18:08:44.820+0000] {processor.py:830} INFO - Processing file /home/airflow/.local/lib/python3.11/site-packages/airflow/example_dags/example_branch_day_of_week_operator.py for tasks to queue
[2026-03-15T18:08:44.822+0000] {logging_mixin.py:188} INFO - [2026-03-15T18:08:44.821+0000] {dagbag.py:540} INFO - Filling up the DagBag from /home/airflow/.local/lib/python3.11/site-packages/airflow/example_dags/example_branch_day_of_week_operator.py
[2026-03-15T18:08:44.828+0000] {processor.py:840} INFO - DAG(s) 'example_weekday_branch_operator' retrieved from /home/airflow/.local/lib/python3.11/site-packages/airflow/example_dags/example_branch_day_of_week_operator.py
[2026-03-15T18:08:44.846+0000] {logging_mixin.py:188} INFO - [2026-03-15T18:08:44.845+0000] {dag.py:3047} INFO - Sync 1 DAGs
[2026-03-15T18:08:44.867+0000] {logging_mixin.py:188} INFO - [2026-03-15T18:08:44.866+0000] {dag.py:3834} INFO - Setting next_dagrun for example_weekday_branch_operator to 2026-03-14 00:00:00+00:00, run_after=2026-03-15 00:00:00+00:00
[2026-03-15T18:08:44.881+0000] {processor.py:183} INFO - Processing /home/airflow/.local/lib/python3.11/site-packages/airflow/example_dags/example_branch_day_of_week_operator.py took 0.066 seconds
[2026-03-15T18:09:14.686+0000] {processor.py:161} INFO - Started process (PID=3590) to work on /home/airflow/.local/lib/python3.11/site-packages/airflow/example_dags/example_branch_day_of_week_operator.py
[2026-03-15T18:09:14.687+0000] {processor.py:830} INFO - Processing file /home/airflow/.local/lib/python3.11/site-packages/airflow/example_dags/example_branch_day_of_week_operator.py for tasks to queue
[2026-03-15T18:09:14.688+0000] {logging_mixin.py:188} INFO - [2026-03-15T18:09:14.688+0000] {dagbag.py:540} INFO - Filling up the DagBag from /home/airflow/.local/lib/python3.11/site-packages/airflow/example_dags/example_branch_day_of_week_operator.py
[2026-03-15T18:09:14.695+0000] {processor.py:840} INFO - DAG(s) 'example_weekday_branch_operator' retrieved from /home/airflow/.local/lib/python3.11/site-packages/airflow/example_dags/example_branch_day_of_week_operator.py
[2026-03-15T18:09:14.711+0000] {logging_mixin.py:188} INFO - [2026-03-15T18:09:14.711+0000] {dag.py:3047} INFO - Sync 1 DAGs
[2026-03-15T18:09:14.728+0000] {logging_mixin.py:188} INFO - [2026-03-15T18:09:14.727+0000] {dag.py:3834} INFO - Setting next_dagrun for example_weekday_branch_operator to 2026-03-14 00:00:00+00:00, run_after=2026-03-15 00:00:00+00:00
[2026-03-15T18:09:14.742+0000] {processor.py:183} INFO - Processing /home/airflow/.local/lib/python3.11/site-packages/airflow/example_dags/example_branch_day_of_week_operator.py took 0.059 seconds
[2026-03-15T18:09:18.979+0000] {processor.py:161} INFO - Started process (PID=3635) to work on /home/airflow/.local/lib/python3.11/site-packages/airflow/example_dags/example_branch_day_of_week_operator.py
[2026-03-15T18:09:18.980+0000] {processor.py:830} INFO - Processing file /home/airflow/.local/lib/python3.11/site-packages/airflow/example_dags/example_branch_day_of_week_operator.py for tasks to queue
[2026-03-15T18:09:18.982+0000] {logging_mixin.py:188} INFO - [2026-03-15T18:09:18.982+0000] {dagbag.py:540} INFO - Filling up the DagBag from /home/airflow/.local/lib/python3.11/site-packages/airflow/example_dags/example_branch_day_of_week_operator.py
[2026-03-15T18:09:18.989+0000] {processor.py:840} INFO - DAG(s) 'example_weekday_branch_operator' retrieved from /home/airflow/.local/lib/python3.11/site-packages/airflow/example_dags/example_branch_day_of_week_operator.py
[2026-03-15T18:09:19.008+0000] {logging_mixin.py:188} INFO - [2026-03-15T18:09:19.007+0000] {dag.py:3047} INFO - Sync 1 DAGs
[2026-03-15T18:09:19.023+0000] {logging_mixin.py:188} INFO - [2026-03-15T18:09:19.023+0000] {dag.py:3834} INFO - Setting next_dagrun for example_weekday_branch_operator to 2026-03-14 00:00:00+00:00, run_after=2026-03-15 00:00:00+00:00
[2026-03-15T18:09:19.037+0000] {processor.py:183} INFO - Processing /home/airflow/.local/lib/python3.11/site-packages/airflow/example_dags/example_branch_day_of_week_operator.py took 0.061 seconds
[2026-03-15T18:09:34.172+0000] {processor.py:161} INFO - Started process (PID=3683) to work on /home/airflow/.local/lib/python3.11/site-packages/airflow/example_dags/example_branch_day_of_week_operator.py
[2026-03-15T18:09:34.174+0000] {processor.py:830} INFO - Processing file /home/airflow/.local/lib/python3.11/site-packages/airflow/example_dags/example_branch_day_of_week_operator.py for tasks to queue
[2026-03-15T18:09:34.177+0000] {logging_mixin.py:188} INFO - [2026-03-15T18:09:34.176+0000] {dagbag.py:540} INFO - Filling up the DagBag from /home/airflow/.local/lib/python3.11/site-packages/airflow/example_dags/example_branch_day_of_week_operator.py
[2026-03-15T18:09:34.184+0000] {processor.py:840} INFO - DAG(s) 'example_weekday_branch_operator' retrieved from /home/airflow/.local/lib/python3.11/site-packages/airflow/example_dags/example_branch_day_of_week_operator.py
[2026-03-15T18:09:34.206+0000] {logging_mixin.py:188} INFO - [2026-03-15T18:09:34.206+0000] {dag.py:3047} INFO - Sync 1 DAGs
[2026-03-15T18:09:34.224+0000] {logging_mixin.py:188} INFO - [2026-03-15T18:09:34.224+0000] {dag.py:3834} INFO - Setting next_dagrun for example_weekday_branch_operator to 2026-03-14 00:00:00+00:00, run_after=2026-03-15 00:00:00+00:00
[2026-03-15T18:09:34.242+0000] {processor.py:183} INFO - Processing /home/airflow/.local/lib/python3.11/site-packages/airflow/example_dags/example_branch_day_of_week_operator.py took 0.073 seconds
[2026-03-15T18:10:04.479+0000] {processor.py:161} INFO - Started process (PID=3731) to work on /home/airflow/.local/lib/python3.11/site-packages/airflow/example_dags/example_branch_day_of_week_operator.py
[2026-03-15T18:10:04.480+0000] {processor.py:830} INFO - Processing file /home/airflow/.local/lib/python3.11/site-packages/airflow/example_dags/example_branch_day_of_week_operator.py for tasks to queue
[2026-03-15T18:10:04.482+0000] {logging_mixin.py:188} INFO - [2026-03-15T18:10:04.482+0000] {dagbag.py:540} INFO - Filling up the DagBag from /home/airflow/.local/lib/python3.11/site-packages/airflow/example_dags/example_branch_day_of_week_operator.py
[2026-03-15T18:10:04.488+0000] {processor.py:840} INFO - DAG(s) 'example_weekday_branch_operator' retrieved from /home/airflow/.local/lib/python3.11/site-packages/airflow/example_dags/example_branch_day_of_week_operator.py
[2026-03-15T18:10:04.508+0000] {logging_mixin.py:188} INFO - [2026-03-15T18:10:04.507+0000] {dag.py:3047} INFO - Sync 1 DAGs
[2026-03-15T18:10:04.525+0000] {logging_mixin.py:188} INFO - [2026-03-15T18:10:04.524+0000] {dag.py:3834} INFO - Setting next_dagrun for example_weekday_branch_operator to 2026-03-14 00:00:00+00:00, run_after=2026-03-15 00:00:00+00:00
[2026-03-15T18:10:04.540+0000] {processor.py:183} INFO - Processing /home/airflow/.local/lib/python3.11/site-packages/airflow/example_dags/example_branch_day_of_week_operator.py took 0.063 seconds
[2026-03-15T18:10:58.838+0000] {processor.py:161} INFO - Started process (PID=3781) to work on /home/airflow/.local/lib/python3.11/site-packages/airflow/example_dags/example_branch_day_of_week_operator.py
[2026-03-15T18:10:58.840+0000] {processor.py:830} INFO - Processing file /home/airflow/.local/lib/python3.11/site-packages/airflow/example_dags/example_branch_day_of_week_operator.py for tasks to queue
[2026-03-15T18:10:58.842+0000] {logging_mixin.py:188} INFO - [2026-03-15T18:10:58.842+0000] {dagbag.py:540} INFO - Filling up the DagBag from /home/airflow/.local/lib/python3.11/site-packages/airflow/example_dags/example_branch_day_of_week_operator.py
[2026-03-15T18:10:58.849+0000] {processor.py:840} INFO - DAG(s) 'example_weekday_branch_operator' retrieved from /home/airflow/.local/lib/python3.11/site-packages/airflow/example_dags/example_branch_day_of_week_operator.py
[2026-03-15T18:10:58.866+0000] {logging_mixin.py:188} INFO - [2026-03-15T18:10:58.866+0000] {dag.py:3047} INFO - Sync 1 DAGs
[2026-03-15T18:10:58.884+0000] {logging_mixin.py:188} INFO - [2026-03-15T18:10:58.884+0000] {dag.py:3834} INFO - Setting next_dagrun for example_weekday_branch_operator to 2026-03-14 00:00:00+00:00, run_after=2026-03-15 00:00:00+00:00
[2026-03-15T18:10:58.897+0000] {processor.py:183} INFO - Processing /home/airflow/.local/lib/python3.11/site-packages/airflow/example_dags/example_branch_day_of_week_operator.py took 0.062 seconds
[2026-03-15T18:11:29.375+0000] {processor.py:161} INFO - Started process (PID=3837) to work on /home/airflow/.local/lib/python3.11/site-packages/airflow/example_dags/example_branch_day_of_week_operator.py
[2026-03-15T18:11:29.376+0000] {processor.py:830} INFO - Processing file /home/airflow/.local/lib/python3.11/site-packages/airflow/example_dags/example_branch_day_of_week_operator.py for tasks to queue
[2026-03-15T18:11:29.378+0000] {logging_mixin.py:188} INFO - [2026-03-15T18:11:29.377+0000] {dagbag.py:540} INFO - Filling up the DagBag from /home/airflow/.local/lib/python3.11/site-packages/airflow/example_dags/example_branch_day_of_week_operator.py
[2026-03-15T18:11:29.384+0000] {processor.py:840} INFO - DAG(s) 'example_weekday_branch_operator' retrieved from /home/airflow/.local/lib/python3.11/site-packages/airflow/example_dags/example_branch_day_of_week_operator.py
[2026-03-15T18:11:29.399+0000] {logging_mixin.py:188} INFO - [2026-03-15T18:11:29.399+0000] {dag.py:3047} INFO - Sync 1 DAGs
[2026-03-15T18:11:29.416+0000] {logging_mixin.py:188} INFO - [2026-03-15T18:11:29.416+0000] {dag.py:3834} INFO - Setting next_dagrun for example_weekday_branch_operator to 2026-03-14 00:00:00+00:00, run_after=2026-03-15 00:00:00+00:00
[2026-03-15T18:11:29.429+0000] {processor.py:183} INFO - Processing /home/airflow/.local/lib/python3.11/site-packages/airflow/example_dags/example_branch_day_of_week_operator.py took 0.057 seconds
[2026-03-15T18:11:30.675+0000] {processor.py:161} INFO - Started process (PID=70) to work on /home/airflow/.local/lib/python3.11/site-packages/airflow/example_dags/example_branch_day_of_week_operator.py
[2026-03-15T18:11:30.676+0000] {processor.py:830} INFO - Processing file /home/airflow/.local/lib/python3.11/site-packages/airflow/example_dags/example_branch_day_of_week_operator.py for tasks to queue
[2026-03-15T18:11:30.679+0000] {logging_mixin.py:188} INFO - [2026-03-15T18:11:30.678+0000] {dagbag.py:540} INFO - Filling up the DagBag from /home/airflow/.local/lib/python3.11/site-packages/airflow/example_dags/example_branch_day_of_week_operator.py
[2026-03-15T18:11:30.689+0000] {processor.py:840} INFO - DAG(s) 'example_weekday_branch_operator' retrieved from /home/airflow/.local/lib/python3.11/site-packages/airflow/example_dags/example_branch_day_of_week_operator.py
[2026-03-15T18:11:30.707+0000] {logging_mixin.py:188} INFO - [2026-03-15T18:11:30.707+0000] {dag.py:3047} INFO - Sync 1 DAGs
[2026-03-15T18:11:30.756+0000] {logging_mixin.py:188} INFO - [2026-03-15T18:11:30.755+0000] {dag.py:3834} INFO - Setting next_dagrun for example_weekday_branch_operator to 2026-03-14 00:00:00+00:00, run_after=2026-03-15 00:00:00+00:00
[2026-03-15T18:11:30.784+0000] {processor.py:183} INFO - Processing /home/airflow/.local/lib/python3.11/site-packages/airflow/example_dags/example_branch_day_of_week_operator.py took 0.113 seconds
[2026-03-15T18:11:39.604+0000] {processor.py:161} INFO - Started process (PID=120) to work on /home/airflow/.local/lib/python3.11/site-packages/airflow/example_dags/example_branch_day_of_week_operator.py
[2026-03-15T18:11:39.605+0000] {processor.py:830} INFO - Processing file /home/airflow/.local/lib/python3.11/site-packages/airflow/example_dags/example_branch_day_of_week_operator.py for tasks to queue
[2026-03-15T18:11:39.607+0000] {logging_mixin.py:188} INFO - [2026-03-15T18:11:39.607+0000] {dagbag.py:540} INFO - Filling up the DagBag from /home/airflow/.local/lib/python3.11/site-packages/airflow/example_dags/example_branch_day_of_week_operator.py
[2026-03-15T18:11:39.613+0000] {processor.py:840} INFO - DAG(s) 'example_weekday_branch_operator' retrieved from /home/airflow/.local/lib/python3.11/site-packages/airflow/example_dags/example_branch_day_of_week_operator.py
[2026-03-15T18:11:39.625+0000] {logging_mixin.py:188} INFO - [2026-03-15T18:11:39.625+0000] {dag.py:3047} INFO - Sync 1 DAGs
[2026-03-15T18:11:39.642+0000] {logging_mixin.py:188} INFO - [2026-03-15T18:11:39.642+0000] {dag.py:3834} INFO - Setting next_dagrun for example_weekday_branch_operator to 2026-03-14 00:00:00+00:00, run_after=2026-03-15 00:00:00+00:00
[2026-03-15T18:11:39.658+0000] {processor.py:183} INFO - Processing /home/airflow/.local/lib/python3.11/site-packages/airflow/example_dags/example_branch_day_of_week_operator.py took 0.058 seconds
[2026-03-15T18:12:11.116+0000] {processor.py:161} INFO - Started process (PID=176) to work on /home/airflow/.local/lib/python3.11/site-packages/airflow/example_dags/example_branch_day_of_week_operator.py
[2026-03-15T18:12:11.117+0000] {processor.py:830} INFO - Processing file /home/airflow/.local/lib/python3.11/site-packages/airflow/example_dags/example_branch_day_of_week_operator.py for tasks to queue
[2026-03-15T18:12:11.119+0000] {logging_mixin.py:188} INFO - [2026-03-15T18:12:11.118+0000] {dagbag.py:540} INFO - Filling up the DagBag from /home/airflow/.local/lib/python3.11/site-packages/airflow/example_dags/example_branch_day_of_week_operator.py
[2026-03-15T18:12:11.125+0000] {processor.py:840} INFO - DAG(s) 'example_weekday_branch_operator' retrieved from /home/airflow/.local/lib/python3.11/site-packages/airflow/example_dags/example_branch_day_of_week_operator.py
[2026-03-15T18:12:11.190+0000] {logging_mixin.py:188} INFO - [2026-03-15T18:12:11.189+0000] {dag.py:3047} INFO - Sync 1 DAGs
[2026-03-15T18:12:11.202+0000] {logging_mixin.py:188} INFO - [2026-03-15T18:12:11.202+0000] {dag.py:3834} INFO - Setting next_dagrun for example_weekday_branch_operator to 2026-03-14 00:00:00+00:00, run_after=2026-03-15 00:00:00+00:00
[2026-03-15T18:12:11.215+0000] {processor.py:183} INFO - Processing /home/airflow/.local/lib/python3.11/site-packages/airflow/example_dags/example_branch_day_of_week_operator.py took 0.102 seconds
[2026-03-15T18:12:18.283+0000] {processor.py:161} INFO - Started process (PID=233) to work on /home/airflow/.local/lib/python3.11/site-packages/airflow/example_dags/example_branch_day_of_week_operator.py
[2026-03-15T18:12:18.287+0000] {processor.py:830} INFO - Processing file /home/airflow/.local/lib/python3.11/site-packages/airflow/example_dags/example_branch_day_of_week_operator.py for tasks to queue
[2026-03-15T18:12:18.289+0000] {logging_mixin.py:188} INFO - [2026-03-15T18:12:18.289+0000] {dagbag.py:540} INFO - Filling up the DagBag from /home/airflow/.local/lib/python3.11/site-packages/airflow/example_dags/example_branch_day_of_week_operator.py
[2026-03-15T18:12:18.295+0000] {processor.py:840} INFO - DAG(s) 'example_weekday_branch_operator' retrieved from /home/airflow/.local/lib/python3.11/site-packages/airflow/example_dags/example_branch_day_of_week_operator.py
[2026-03-15T18:12:18.304+0000] {logging_mixin.py:188} INFO - [2026-03-15T18:12:18.304+0000] {dag.py:3047} INFO - Sync 1 DAGs
[2026-03-15T18:12:18.325+0000] {logging_mixin.py:188} INFO - [2026-03-15T18:12:18.325+0000] {dag.py:3834} INFO - Setting next_dagrun for example_weekday_branch_operator to 2026-03-14 00:00:00+00:00, run_after=2026-03-15 00:00:00+00:00
[2026-03-15T18:12:18.346+0000] {processor.py:183} INFO - Processing /home/airflow/.local/lib/python3.11/site-packages/airflow/example_dags/example_branch_day_of_week_operator.py took 0.065 seconds
[2026-03-15T18:12:24.011+0000] {processor.py:161} INFO - Started process (PID=275) to work on /home/airflow/.local/lib/python3.11/site-packages/airflow/example_dags/example_branch_day_of_week_operator.py
[2026-03-15T18:12:24.012+0000] {processor.py:830} INFO - Processing file /home/airflow/.local/lib/python3.11/site-packages/airflow/example_dags/example_branch_day_of_week_operator.py for tasks to queue
[2026-03-15T18:12:24.014+0000] {logging_mixin.py:188} INFO - [2026-03-15T18:12:24.014+0000] {dagbag.py:540} INFO - Filling up the DagBag from /home/airflow/.local/lib/python3.11/site-packages/airflow/example_dags/example_branch_day_of_week_operator.py
[2026-03-15T18:12:24.020+0000] {processor.py:840} INFO - DAG(s) 'example_weekday_branch_operator' retrieved from /home/airflow/.local/lib/python3.11/site-packages/airflow/example_dags/example_branch_day_of_week_operator.py
[2026-03-15T18:12:24.030+0000] {logging_mixin.py:188} INFO - [2026-03-15T18:12:24.030+0000] {dag.py:3047} INFO - Sync 1 DAGs
[2026-03-15T18:12:24.047+0000] {logging_mixin.py:188} INFO - [2026-03-15T18:12:24.046+0000] {dag.py:3834} INFO - Setting next_dagrun for example_weekday_branch_operator to 2026-03-14 00:00:00+00:00, run_after=2026-03-15 00:00:00+00:00
[2026-03-15T18:12:24.062+0000] {processor.py:183} INFO - Processing /home/airflow/.local/lib/python3.11/site-packages/airflow/example_dags/example_branch_day_of_week_operator.py took 0.054 seconds
[2026-03-15T18:12:29.193+0000] {processor.py:161} INFO - Started process (PID=315) to work on /home/airflow/.local/lib/python3.11/site-packages/airflow/example_dags/example_branch_day_of_week_operator.py
[2026-03-15T18:12:29.195+0000] {processor.py:830} INFO - Processing file /home/airflow/.local/lib/python3.11/site-packages/airflow/example_dags/example_branch_day_of_week_operator.py for tasks to queue
[2026-03-15T18:12:29.198+0000] {logging_mixin.py:188} INFO - [2026-03-15T18:12:29.197+0000] {dagbag.py:540} INFO - Filling up the DagBag from /home/airflow/.local/lib/python3.11/site-packages/airflow/example_dags/example_branch_day_of_week_operator.py
[2026-03-15T18:12:29.204+0000] {processor.py:840} INFO - DAG(s) 'example_weekday_branch_operator' retrieved from /home/airflow/.local/lib/python3.11/site-packages/airflow/example_dags/example_branch_day_of_week_operator.py
[2026-03-15T18:12:29.218+0000] {logging_mixin.py:188} INFO - [2026-03-15T18:12:29.218+0000] {dag.py:3047} INFO - Sync 1 DAGs
[2026-03-15T18:12:29.240+0000] {logging_mixin.py:188} INFO - [2026-03-15T18:12:29.240+0000] {dag.py:3834} INFO - Setting next_dagrun for example_weekday_branch_operator to 2026-03-14 00:00:00+00:00, run_after=2026-03-15 00:00:00+00:00
[2026-03-15T18:12:29.261+0000] {processor.py:183} INFO - Processing /home/airflow/.local/lib/python3.11/site-packages/airflow/example_dags/example_branch_day_of_week_operator.py took 0.071 seconds
[2026-03-15T18:12:34.008+0000] {processor.py:161} INFO - Started process (PID=355) to work on /home/airflow/.local/lib/python3.11/site-packages/airflow/example_dags/example_branch_day_of_week_operator.py
[2026-03-15T18:12:34.009+0000] {processor.py:830} INFO - Processing file /home/airflow/.local/lib/python3.11/site-packages/airflow/example_dags/example_branch_day_of_week_operator.py for tasks to queue
[2026-03-15T18:12:34.011+0000] {logging_mixin.py:188} INFO - [2026-03-15T18:12:34.011+0000] {dagbag.py:540} INFO - Filling up the DagBag from /home/airflow/.local/lib/python3.11/site-packages/airflow/example_dags/example_branch_day_of_week_operator.py
[2026-03-15T18:12:34.017+0000] {processor.py:840} INFO - DAG(s) 'example_weekday_branch_operator' retrieved from /home/airflow/.local/lib/python3.11/site-packages/airflow/example_dags/example_branch_day_of_week_operator.py
[2026-03-15T18:12:34.028+0000] {logging_mixin.py:188} INFO - [2026-03-15T18:12:34.028+0000] {dag.py:3047} INFO - Sync 1 DAGs
[2026-03-15T18:12:34.045+0000] {logging_mixin.py:188} INFO - [2026-03-15T18:12:34.045+0000] {dag.py:3834} INFO - Setting next_dagrun for example_weekday_branch_operator to 2026-03-14 00:00:00+00:00, run_after=2026-03-15 00:00:00+00:00
[2026-03-15T18:12:34.059+0000] {processor.py:183} INFO - Processing /home/airflow/.local/lib/python3.11/site-packages/airflow/example_dags/example_branch_day_of_week_operator.py took 0.055 seconds
[2026-03-15T18:12:38.872+0000] {processor.py:161} INFO - Started process (PID=393) to work on /home/airflow/.local/lib/python3.11/site-packages/airflow/example_dags/example_branch_day_of_week_operator.py
[2026-03-15T18:12:38.873+0000] {processor.py:830} INFO - Processing file /home/airflow/.local/lib/python3.11/site-packages/airflow/example_dags/example_branch_day_of_week_operator.py for tasks to queue
[2026-03-15T18:12:38.875+0000] {logging_mixin.py:188} INFO - [2026-03-15T18:12:38.875+0000] {dagbag.py:540} INFO - Filling up the DagBag from /home/airflow/.local/lib/python3.11/site-packages/airflow/example_dags/example_branch_day_of_week_operator.py
[2026-03-15T18:12:38.881+0000] {processor.py:840} INFO - DAG(s) 'example_weekday_branch_operator' retrieved from /home/airflow/.local/lib/python3.11/site-packages/airflow/example_dags/example_branch_day_of_week_operator.py
[2026-03-15T18:12:38.892+0000] {logging_mixin.py:188} INFO - [2026-03-15T18:12:38.892+0000] {dag.py:3047} INFO - Sync 1 DAGs
[2026-03-15T18:12:38.911+0000] {logging_mixin.py:188} INFO - [2026-03-15T18:12:38.910+0000] {dag.py:3834} INFO - Setting next_dagrun for example_weekday_branch_operator to 2026-03-14 00:00:00+00:00, run_after=2026-03-15 00:00:00+00:00
[2026-03-15T18:12:38.929+0000] {processor.py:183} INFO - Processing /home/airflow/.local/lib/python3.11/site-packages/airflow/example_dags/example_branch_day_of_week_operator.py took 0.060 seconds
[2026-03-15T18:12:47.724+0000] {processor.py:161} INFO - Started process (PID=436) to work on /home/airflow/.local/lib/python3.11/site-packages/airflow/example_dags/example_branch_day_of_week_operator.py
[2026-03-15T18:12:47.725+0000] {processor.py:830} INFO - Processing file /home/airflow/.local/lib/python3.11/site-packages/airflow/example_dags/example_branch_day_of_week_operator.py for tasks to queue
[2026-03-15T18:12:47.727+0000] {logging_mixin.py:188} INFO - [2026-03-15T18:12:47.726+0000] {dagbag.py:540} INFO - Filling up the DagBag from /home/airflow/.local/lib/python3.11/site-packages/airflow/example_dags/example_branch_day_of_week_operator.py
[2026-03-15T18:12:47.733+0000] {processor.py:840} INFO - DAG(s) 'example_weekday_branch_operator' retrieved from /home/airflow/.local/lib/python3.11/site-packages/airflow/example_dags/example_branch_day_of_week_operator.py
[2026-03-15T18:12:47.750+0000] {logging_mixin.py:188} INFO - [2026-03-15T18:12:47.750+0000] {dag.py:3047} INFO - Sync 1 DAGs
[2026-03-15T18:12:47.767+0000] {logging_mixin.py:188} INFO - [2026-03-15T18:12:47.766+0000] {dag.py:3834} INFO - Setting next_dagrun for example_weekday_branch_operator to 2026-03-14 00:00:00+00:00, run_after=2026-03-15 00:00:00+00:00
[2026-03-15T18:12:47.781+0000] {processor.py:183} INFO - Processing /home/airflow/.local/lib/python3.11/site-packages/airflow/example_dags/example_branch_day_of_week_operator.py took 0.060 seconds
[2026-03-15T18:13:18.305+0000] {processor.py:161} INFO - Started process (PID=492) to work on /home/airflow/.local/lib/python3.11/site-packages/airflow/example_dags/example_branch_day_of_week_operator.py
[2026-03-15T18:13:18.306+0000] {processor.py:830} INFO - Processing file /home/airflow/.local/lib/python3.11/site-packages/airflow/example_dags/example_branch_day_of_week_operator.py for tasks to queue
[2026-03-15T18:13:18.309+0000] {logging_mixin.py:188} INFO - [2026-03-15T18:13:18.308+0000] {dagbag.py:540} INFO - Filling up the DagBag from /home/airflow/.local/lib/python3.11/site-packages/airflow/example_dags/example_branch_day_of_week_operator.py
[2026-03-15T18:13:18.315+0000] {processor.py:840} INFO - DAG(s) 'example_weekday_branch_operator' retrieved from /home/airflow/.local/lib/python3.11/site-packages/airflow/example_dags/example_branch_day_of_week_operator.py
[2026-03-15T18:13:18.334+0000] {logging_mixin.py:188} INFO - [2026-03-15T18:13:18.334+0000] {dag.py:3047} INFO - Sync 1 DAGs
[2026-03-15T18:13:18.352+0000] {logging_mixin.py:188} INFO - [2026-03-15T18:13:18.352+0000] {dag.py:3834} INFO - Setting next_dagrun for example_weekday_branch_operator to 2026-03-14 00:00:00+00:00, run_after=2026-03-15 00:00:00+00:00
[2026-03-15T18:13:18.370+0000] {processor.py:183} INFO - Processing /home/airflow/.local/lib/python3.11/site-packages/airflow/example_dags/example_branch_day_of_week_operator.py took 0.068 seconds
[2026-03-15T18:13:24.392+0000] {processor.py:161} INFO - Started process (PID=530) to work on /home/airflow/.local/lib/python3.11/site-packages/airflow/example_dags/example_branch_day_of_week_operator.py
[2026-03-15T18:13:24.393+0000] {processor.py:830} INFO - Processing file /home/airflow/.local/lib/python3.11/site-packages/airflow/example_dags/example_branch_day_of_week_operator.py for tasks to queue
[2026-03-15T18:13:24.395+0000] {logging_mixin.py:188} INFO - [2026-03-15T18:13:24.395+0000] {dagbag.py:540} INFO - Filling up the DagBag from /home/airflow/.local/lib/python3.11/site-packages/airflow/example_dags/example_branch_day_of_week_operator.py
[2026-03-15T18:13:24.401+0000] {processor.py:840} INFO - DAG(s) 'example_weekday_branch_operator' retrieved from /home/airflow/.local/lib/python3.11/site-packages/airflow/example_dags/example_branch_day_of_week_operator.py
[2026-03-15T18:13:24.418+0000] {logging_mixin.py:188} INFO - [2026-03-15T18:13:24.418+0000] {dag.py:3047} INFO - Sync 1 DAGs
[2026-03-15T18:13:24.435+0000] {logging_mixin.py:188} INFO - [2026-03-15T18:13:24.435+0000] {dag.py:3834} INFO - Setting next_dagrun for example_weekday_branch_operator to 2026-03-14 00:00:00+00:00, run_after=2026-03-15 00:00:00+00:00
[2026-03-15T18:13:24.453+0000] {processor.py:183} INFO - Processing /home/airflow/.local/lib/python3.11/site-packages/airflow/example_dags/example_branch_day_of_week_operator.py took 0.064 seconds
[2026-03-15T18:13:29.281+0000] {processor.py:161} INFO - Started process (PID=570) to work on /home/airflow/.local/lib/python3.11/site-packages/airflow/example_dags/example_branch_day_of_week_operator.py
[2026-03-15T18:13:29.283+0000] {processor.py:830} INFO - Processing file /home/airflow/.local/lib/python3.11/site-packages/airflow/example_dags/example_branch_day_of_week_operator.py for tasks to queue
[2026-03-15T18:13:29.286+0000] {logging_mixin.py:188} INFO - [2026-03-15T18:13:29.285+0000] {dagbag.py:540} INFO - Filling up the DagBag from /home/airflow/.local/lib/python3.11/site-packages/airflow/example_dags/example_branch_day_of_week_operator.py
[2026-03-15T18:13:29.295+0000] {processor.py:840} INFO - DAG(s) 'example_weekday_branch_operator' retrieved from /home/airflow/.local/lib/python3.11/site-packages/airflow/example_dags/example_branch_day_of_week_operator.py
[2026-03-15T18:13:29.315+0000] {logging_mixin.py:188} INFO - [2026-03-15T18:13:29.315+0000] {dag.py:3047} INFO - Sync 1 DAGs
[2026-03-15T18:13:29.334+0000] {logging_mixin.py:188} INFO - [2026-03-15T18:13:29.334+0000] {dag.py:3834} INFO - Setting next_dagrun for example_weekday_branch_operator to 2026-03-14 00:00:00+00:00, run_after=2026-03-15 00:00:00+00:00
[2026-03-15T18:13:29.351+0000] {processor.py:183} INFO - Processing /home/airflow/.local/lib/python3.11/site-packages/airflow/example_dags/example_branch_day_of_week_operator.py took 0.074 seconds
[2026-03-15T18:13:34.129+0000] {processor.py:161} INFO - Started process (PID=608) to work on /home/airflow/.local/lib/python3.11/site-packages/airflow/example_dags/example_branch_day_of_week_operator.py
[2026-03-15T18:13:34.130+0000] {processor.py:830} INFO - Processing file /home/airflow/.local/lib/python3.11/site-packages/airflow/example_dags/example_branch_day_of_week_operator.py for tasks to queue
[2026-03-15T18:13:34.132+0000] {logging_mixin.py:188} INFO - [2026-03-15T18:13:34.132+0000] {dagbag.py:540} INFO - Filling up the DagBag from /home/airflow/.local/lib/python3.11/site-packages/airflow/example_dags/example_branch_day_of_week_operator.py
[2026-03-15T18:13:34.138+0000] {processor.py:840} INFO - DAG(s) 'example_weekday_branch_operator' retrieved from /home/airflow/.local/lib/python3.11/site-packages/airflow/example_dags/example_branch_day_of_week_operator.py
[2026-03-15T18:13:34.155+0000] {logging_mixin.py:188} INFO - [2026-03-15T18:13:34.154+0000] {dag.py:3047} INFO - Sync 1 DAGs
[2026-03-15T18:13:34.170+0000] {logging_mixin.py:188} INFO - [2026-03-15T18:13:34.170+0000] {dag.py:3834} INFO - Setting next_dagrun for example_weekday_branch_operator to 2026-03-14 00:00:00+00:00, run_after=2026-03-15 00:00:00+00:00
[2026-03-15T18:13:34.184+0000] {processor.py:183} INFO - Processing /home/airflow/.local/lib/python3.11/site-packages/airflow/example_dags/example_branch_day_of_week_operator.py took 0.057 seconds
[2026-03-15T18:14:04.532+0000] {processor.py:161} INFO - Started process (PID=662) to work on /home/airflow/.local/lib/python3.11/site-packages/airflow/example_dags/example_branch_day_of_week_operator.py
[2026-03-15T18:14:04.534+0000] {processor.py:830} INFO - Processing file /home/airflow/.local/lib/python3.11/site-packages/airflow/example_dags/example_branch_day_of_week_operator.py for tasks to queue
[2026-03-15T18:14:04.536+0000] {logging_mixin.py:188} INFO - [2026-03-15T18:14:04.535+0000] {dagbag.py:540} INFO - Filling up the DagBag from /home/airflow/.local/lib/python3.11/site-packages/airflow/example_dags/example_branch_day_of_week_operator.py
[2026-03-15T18:14:04.542+0000] {processor.py:840} INFO - DAG(s) 'example_weekday_branch_operator' retrieved from /home/airflow/.local/lib/python3.11/site-packages/airflow/example_dags/example_branch_day_of_week_operator.py
[2026-03-15T18:14:04.560+0000] {logging_mixin.py:188} INFO - [2026-03-15T18:14:04.559+0000] {dag.py:3047} INFO - Sync 1 DAGs
[2026-03-15T18:14:04.577+0000] {logging_mixin.py:188} INFO - [2026-03-15T18:14:04.577+0000] {dag.py:3834} INFO - Setting next_dagrun for example_weekday_branch_operator to 2026-03-14 00:00:00+00:00, run_after=2026-03-15 00:00:00+00:00
[2026-03-15T18:14:04.591+0000] {processor.py:183} INFO - Processing /home/airflow/.local/lib/python3.11/site-packages/airflow/example_dags/example_branch_day_of_week_operator.py took 0.062 seconds
[2026-03-15T18:14:09.500+0000] {processor.py:161} INFO - Started process (PID=709) to work on /home/airflow/.local/lib/python3.11/site-packages/airflow/example_dags/example_branch_day_of_week_operator.py
[2026-03-15T18:14:09.501+0000] {processor.py:830} INFO - Processing file /home/airflow/.local/lib/python3.11/site-packages/airflow/example_dags/example_branch_day_of_week_operator.py for tasks to queue
[2026-03-15T18:14:09.503+0000] {logging_mixin.py:188} INFO - [2026-03-15T18:14:09.502+0000] {dagbag.py:540} INFO - Filling up the DagBag from /home/airflow/.local/lib/python3.11/site-packages/airflow/example_dags/example_branch_day_of_week_operator.py
[2026-03-15T18:14:09.508+0000] {processor.py:840} INFO - DAG(s) 'example_weekday_branch_operator' retrieved from /home/airflow/.local/lib/python3.11/site-packages/airflow/example_dags/example_branch_day_of_week_operator.py
[2026-03-15T18:14:09.525+0000] {logging_mixin.py:188} INFO - [2026-03-15T18:14:09.525+0000] {dag.py:3047} INFO - Sync 1 DAGs
[2026-03-15T18:14:09.540+0000] {logging_mixin.py:188} INFO - [2026-03-15T18:14:09.540+0000] {dag.py:3834} INFO - Setting next_dagrun for example_weekday_branch_operator to 2026-03-14 00:00:00+00:00, run_after=2026-03-15 00:00:00+00:00
[2026-03-15T18:14:09.556+0000] {processor.py:183} INFO - Processing /home/airflow/.local/lib/python3.11/site-packages/airflow/example_dags/example_branch_day_of_week_operator.py took 0.059 seconds
[2026-03-15T18:14:25.035+0000] {processor.py:161} INFO - Started process (PID=762) to work on /home/airflow/.local/lib/python3.11/site-packages/airflow/example_dags/example_branch_day_of_week_operator.py
[2026-03-15T18:14:25.036+0000] {processor.py:830} INFO - Processing file /home/airflow/.local/lib/python3.11/site-packages/airflow/example_dags/example_branch_day_of_week_operator.py for tasks to queue
[2026-03-15T18:14:25.038+0000] {logging_mixin.py:188} INFO - [2026-03-15T18:14:25.038+0000] {dagbag.py:540} INFO - Filling up the DagBag from /home/airflow/.local/lib/python3.11/site-packages/airflow/example_dags/example_branch_day_of_week_operator.py
[2026-03-15T18:14:25.045+0000] {processor.py:840} INFO - DAG(s) 'example_weekday_branch_operator' retrieved from /home/airflow/.local/lib/python3.11/site-packages/airflow/example_dags/example_branch_day_of_week_operator.py
[2026-03-15T18:14:25.073+0000] {logging_mixin.py:188} INFO - [2026-03-15T18:14:25.072+0000] {dag.py:3047} INFO - Sync 1 DAGs
[2026-03-15T18:14:25.093+0000] {logging_mixin.py:188} INFO - [2026-03-15T18:14:25.093+0000] {dag.py:3834} INFO - Setting next_dagrun for example_weekday_branch_operator to 2026-03-14 00:00:00+00:00, run_after=2026-03-15 00:00:00+00:00
[2026-03-15T18:14:25.111+0000] {processor.py:183} INFO - Processing /home/airflow/.local/lib/python3.11/site-packages/airflow/example_dags/example_branch_day_of_week_operator.py took 0.080 seconds
[2026-03-15T18:14:29.837+0000] {processor.py:161} INFO - Started process (PID=809) to work on /home/airflow/.local/lib/python3.11/site-packages/airflow/example_dags/example_branch_day_of_week_operator.py
[2026-03-15T18:14:29.838+0000] {processor.py:830} INFO - Processing file /home/airflow/.local/lib/python3.11/site-packages/airflow/example_dags/example_branch_day_of_week_operator.py for tasks to queue
[2026-03-15T18:14:29.840+0000] {logging_mixin.py:188} INFO - [2026-03-15T18:14:29.840+0000] {dagbag.py:540} INFO - Filling up the DagBag from /home/airflow/.local/lib/python3.11/site-packages/airflow/example_dags/example_branch_day_of_week_operator.py
[2026-03-15T18:14:29.848+0000] {processor.py:840} INFO - DAG(s) 'example_weekday_branch_operator' retrieved from /home/airflow/.local/lib/python3.11/site-packages/airflow/example_dags/example_branch_day_of_week_operator.py
[2026-03-15T18:14:29.865+0000] {logging_mixin.py:188} INFO - [2026-03-15T18:14:29.865+0000] {dag.py:3047} INFO - Sync 1 DAGs
[2026-03-15T18:14:29.883+0000] {logging_mixin.py:188} INFO - [2026-03-15T18:14:29.883+0000] {dag.py:3834} INFO - Setting next_dagrun for example_weekday_branch_operator to 2026-03-14 00:00:00+00:00, run_after=2026-03-15 00:00:00+00:00
[2026-03-15T18:14:29.899+0000] {processor.py:183} INFO - Processing /home/airflow/.local/lib/python3.11/site-packages/airflow/example_dags/example_branch_day_of_week_operator.py took 0.065 seconds
[2026-03-15T18:15:37.500+0000] {processor.py:161} INFO - Started process (PID=863) to work on /home/airflow/.local/lib/python3.11/site-packages/airflow/example_dags/example_branch_day_of_week_operator.py
[2026-03-15T18:15:37.502+0000] {processor.py:830} INFO - Processing file /home/airflow/.local/lib/python3.11/site-packages/airflow/example_dags/example_branch_day_of_week_operator.py for tasks to queue
[2026-03-15T18:15:37.504+0000] {logging_mixin.py:188} INFO - [2026-03-15T18:15:37.503+0000] {dagbag.py:540} INFO - Filling up the DagBag from /home/airflow/.local/lib/python3.11/site-packages/airflow/example_dags/example_branch_day_of_week_operator.py
[2026-03-15T18:15:37.510+0000] {processor.py:840} INFO - DAG(s) 'example_weekday_branch_operator' retrieved from /home/airflow/.local/lib/python3.11/site-packages/airflow/example_dags/example_branch_day_of_week_operator.py
[2026-03-15T18:15:37.528+0000] {logging_mixin.py:188} INFO - [2026-03-15T18:15:37.527+0000] {dag.py:3047} INFO - Sync 1 DAGs
[2026-03-15T18:15:37.545+0000] {logging_mixin.py:188} INFO - [2026-03-15T18:15:37.544+0000] {dag.py:3834} INFO - Setting next_dagrun for example_weekday_branch_operator to 2026-03-14 00:00:00+00:00, run_after=2026-03-15 00:00:00+00:00
[2026-03-15T18:15:37.564+0000] {processor.py:183} INFO - Processing /home/airflow/.local/lib/python3.11/site-packages/airflow/example_dags/example_branch_day_of_week_operator.py took 0.067 seconds
[2026-03-15T18:19:53.281+0000] {processor.py:161} INFO - Started process (PID=82) to work on /home/airflow/.local/lib/python3.11/site-packages/airflow/example_dags/example_branch_day_of_week_operator.py
[2026-03-15T18:19:53.285+0000] {processor.py:830} INFO - Processing file /home/airflow/.local/lib/python3.11/site-packages/airflow/example_dags/example_branch_day_of_week_operator.py for tasks to queue
[2026-03-15T18:19:53.291+0000] {logging_mixin.py:188} INFO - [2026-03-15T18:19:53.290+0000] {dagbag.py:540} INFO - Filling up the DagBag from /home/airflow/.local/lib/python3.11/site-packages/airflow/example_dags/example_branch_day_of_week_operator.py
[2026-03-15T18:19:53.311+0000] {processor.py:840} INFO - DAG(s) 'example_weekday_branch_operator' retrieved from /home/airflow/.local/lib/python3.11/site-packages/airflow/example_dags/example_branch_day_of_week_operator.py
[2026-03-15T18:19:53.332+0000] {logging_mixin.py:188} INFO - [2026-03-15T18:19:53.332+0000] {dag.py:3047} INFO - Sync 1 DAGs
[2026-03-15T18:19:53.360+0000] {logging_mixin.py:188} INFO - [2026-03-15T18:19:53.360+0000] {dag.py:3834} INFO - Setting next_dagrun for example_weekday_branch_operator to 2026-03-14 00:00:00+00:00, run_after=2026-03-15 00:00:00+00:00
[2026-03-15T18:19:53.384+0000] {processor.py:183} INFO - Processing /home/airflow/.local/lib/python3.11/site-packages/airflow/example_dags/example_branch_day_of_week_operator.py took 0.109 seconds
[2026-03-15T18:20:00.566+0000] {processor.py:161} INFO - Started process (PID=138) to work on /home/airflow/.local/lib/python3.11/site-packages/airflow/example_dags/example_branch_day_of_week_operator.py
[2026-03-15T18:20:00.567+0000] {processor.py:830} INFO - Processing file /home/airflow/.local/lib/python3.11/site-packages/airflow/example_dags/example_branch_day_of_week_operator.py for tasks to queue
[2026-03-15T18:20:00.569+0000] {logging_mixin.py:188} INFO - [2026-03-15T18:20:00.569+0000] {dagbag.py:540} INFO - Filling up the DagBag from /home/airflow/.local/lib/python3.11/site-packages/airflow/example_dags/example_branch_day_of_week_operator.py
[2026-03-15T18:20:00.576+0000] {processor.py:840} INFO - DAG(s) 'example_weekday_branch_operator' retrieved from /home/airflow/.local/lib/python3.11/site-packages/airflow/example_dags/example_branch_day_of_week_operator.py
[2026-03-15T18:20:00.587+0000] {logging_mixin.py:188} INFO - [2026-03-15T18:20:00.586+0000] {dag.py:3047} INFO - Sync 1 DAGs
[2026-03-15T18:20:00.603+0000] {logging_mixin.py:188} INFO - [2026-03-15T18:20:00.603+0000] {dag.py:3834} INFO - Setting next_dagrun for example_weekday_branch_operator to 2026-03-14 00:00:00+00:00, run_after=2026-03-15 00:00:00+00:00
[2026-03-15T18:20:00.616+0000] {processor.py:183} INFO - Processing /home/airflow/.local/lib/python3.11/site-packages/airflow/example_dags/example_branch_day_of_week_operator.py took 0.053 seconds
[2026-03-15T18:21:08.032+0000] {processor.py:161} INFO - Started process (PID=187) to work on /home/airflow/.local/lib/python3.11/site-packages/airflow/example_dags/example_branch_day_of_week_operator.py
[2026-03-15T18:21:08.034+0000] {processor.py:830} INFO - Processing file /home/airflow/.local/lib/python3.11/site-packages/airflow/example_dags/example_branch_day_of_week_operator.py for tasks to queue
[2026-03-15T18:21:08.036+0000] {logging_mixin.py:188} INFO - [2026-03-15T18:21:08.035+0000] {dagbag.py:540} INFO - Filling up the DagBag from /home/airflow/.local/lib/python3.11/site-packages/airflow/example_dags/example_branch_day_of_week_operator.py
[2026-03-15T18:21:08.042+0000] {processor.py:840} INFO - DAG(s) 'example_weekday_branch_operator' retrieved from /home/airflow/.local/lib/python3.11/site-packages/airflow/example_dags/example_branch_day_of_week_operator.py
[2026-03-15T18:21:08.114+0000] {logging_mixin.py:188} INFO - [2026-03-15T18:21:08.114+0000] {dag.py:3047} INFO - Sync 1 DAGs
[2026-03-15T18:21:08.128+0000] {logging_mixin.py:188} INFO - [2026-03-15T18:21:08.127+0000] {dag.py:3834} INFO - Setting next_dagrun for example_weekday_branch_operator to 2026-03-14 00:00:00+00:00, run_after=2026-03-15 00:00:00+00:00
[2026-03-15T18:21:08.140+0000] {processor.py:183} INFO - Processing /home/airflow/.local/lib/python3.11/site-packages/airflow/example_dags/example_branch_day_of_week_operator.py took 0.110 seconds
[2026-03-15T18:21:30.636+0000] {processor.py:161} INFO - Started process (PID=386) to work on /home/airflow/.local/lib/python3.11/site-packages/airflow/example_dags/example_branch_day_of_week_operator.py
[2026-03-15T18:21:30.637+0000] {processor.py:830} INFO - Processing file /home/airflow/.local/lib/python3.11/site-packages/airflow/example_dags/example_branch_day_of_week_operator.py for tasks to queue
[2026-03-15T18:21:30.639+0000] {logging_mixin.py:188} INFO - [2026-03-15T18:21:30.639+0000] {dagbag.py:540} INFO - Filling up the DagBag from /home/airflow/.local/lib/python3.11/site-packages/airflow/example_dags/example_branch_day_of_week_operator.py
[2026-03-15T18:21:30.646+0000] {processor.py:840} INFO - DAG(s) 'example_weekday_branch_operator' retrieved from /home/airflow/.local/lib/python3.11/site-packages/airflow/example_dags/example_branch_day_of_week_operator.py
[2026-03-15T18:21:30.657+0000] {logging_mixin.py:188} INFO - [2026-03-15T18:21:30.657+0000] {dag.py:3047} INFO - Sync 1 DAGs
[2026-03-15T18:21:30.677+0000] {logging_mixin.py:188} INFO - [2026-03-15T18:21:30.676+0000] {dag.py:3834} INFO - Setting next_dagrun for example_weekday_branch_operator to 2026-03-14 00:00:00+00:00, run_after=2026-03-15 00:00:00+00:00
[2026-03-15T18:21:30.694+0000] {processor.py:183} INFO - Processing /home/airflow/.local/lib/python3.11/site-packages/airflow/example_dags/example_branch_day_of_week_operator.py took 0.061 seconds
[2026-03-15T18:21:48.179+0000] {processor.py:161} INFO - Started process (PID=432) to work on /home/airflow/.local/lib/python3.11/site-packages/airflow/example_dags/example_branch_day_of_week_operator.py
[2026-03-15T18:21:48.181+0000] {processor.py:830} INFO - Processing file /home/airflow/.local/lib/python3.11/site-packages/airflow/example_dags/example_branch_day_of_week_operator.py for tasks to queue
[2026-03-15T18:21:48.183+0000] {logging_mixin.py:188} INFO - [2026-03-15T18:21:48.183+0000] {dagbag.py:540} INFO - Filling up the DagBag from /home/airflow/.local/lib/python3.11/site-packages/airflow/example_dags/example_branch_day_of_week_operator.py
[2026-03-15T18:21:48.189+0000] {processor.py:840} INFO - DAG(s) 'example_weekday_branch_operator' retrieved from /home/airflow/.local/lib/python3.11/site-packages/airflow/example_dags/example_branch_day_of_week_operator.py
[2026-03-15T18:21:48.207+0000] {logging_mixin.py:188} INFO - [2026-03-15T18:21:48.206+0000] {dag.py:3047} INFO - Sync 1 DAGs
[2026-03-15T18:21:48.224+0000] {logging_mixin.py:188} INFO - [2026-03-15T18:21:48.223+0000] {dag.py:3834} INFO - Setting next_dagrun for example_weekday_branch_operator to 2026-03-14 00:00:00+00:00, run_after=2026-03-15 00:00:00+00:00
[2026-03-15T18:21:48.239+0000] {processor.py:183} INFO - Processing /home/airflow/.local/lib/python3.11/site-packages/airflow/example_dags/example_branch_day_of_week_operator.py took 0.062 seconds
[2026-03-15T18:21:50.262+0000] {processor.py:161} INFO - Started process (PID=476) to work on /home/airflow/.local/lib/python3.11/site-packages/airflow/example_dags/example_branch_day_of_week_operator.py
[2026-03-15T18:21:50.264+0000] {processor.py:830} INFO - Processing file /home/airflow/.local/lib/python3.11/site-packages/airflow/example_dags/example_branch_day_of_week_operator.py for tasks to queue
[2026-03-15T18:21:50.266+0000] {logging_mixin.py:188} INFO - [2026-03-15T18:21:50.265+0000] {dagbag.py:540} INFO - Filling up the DagBag from /home/airflow/.local/lib/python3.11/site-packages/airflow/example_dags/example_branch_day_of_week_operator.py
[2026-03-15T18:21:50.272+0000] {processor.py:840} INFO - DAG(s) 'example_weekday_branch_operator' retrieved from /home/airflow/.local/lib/python3.11/site-packages/airflow/example_dags/example_branch_day_of_week_operator.py
[2026-03-15T18:21:50.290+0000] {logging_mixin.py:188} INFO - [2026-03-15T18:21:50.289+0000] {dag.py:3047} INFO - Sync 1 DAGs
[2026-03-15T18:21:50.305+0000] {logging_mixin.py:188} INFO - [2026-03-15T18:21:50.305+0000] {dag.py:3834} INFO - Setting next_dagrun for example_weekday_branch_operator to 2026-03-14 00:00:00+00:00, run_after=2026-03-15 00:00:00+00:00
[2026-03-15T18:21:50.321+0000] {processor.py:183} INFO - Processing /home/airflow/.local/lib/python3.11/site-packages/airflow/example_dags/example_branch_day_of_week_operator.py took 0.062 seconds
[2026-03-15T18:21:55.181+0000] {processor.py:161} INFO - Started process (PID=518) to work on /home/airflow/.local/lib/python3.11/site-packages/airflow/example_dags/example_branch_day_of_week_operator.py
[2026-03-15T18:21:55.182+0000] {processor.py:830} INFO - Processing file /home/airflow/.local/lib/python3.11/site-packages/airflow/example_dags/example_branch_day_of_week_operator.py for tasks to queue
[2026-03-15T18:21:55.184+0000] {logging_mixin.py:188} INFO - [2026-03-15T18:21:55.184+0000] {dagbag.py:540} INFO - Filling up the DagBag from /home/airflow/.local/lib/python3.11/site-packages/airflow/example_dags/example_branch_day_of_week_operator.py
[2026-03-15T18:21:55.190+0000] {processor.py:840} INFO - DAG(s) 'example_weekday_branch_operator' retrieved from /home/airflow/.local/lib/python3.11/site-packages/airflow/example_dags/example_branch_day_of_week_operator.py
[2026-03-15T18:21:55.206+0000] {logging_mixin.py:188} INFO - [2026-03-15T18:21:55.206+0000] {dag.py:3047} INFO - Sync 1 DAGs
[2026-03-15T18:21:55.223+0000] {logging_mixin.py:188} INFO - [2026-03-15T18:21:55.223+0000] {dag.py:3834} INFO - Setting next_dagrun for example_weekday_branch_operator to 2026-03-14 00:00:00+00:00, run_after=2026-03-15 00:00:00+00:00
[2026-03-15T18:21:55.237+0000] {processor.py:183} INFO - Processing /home/airflow/.local/lib/python3.11/site-packages/airflow/example_dags/example_branch_day_of_week_operator.py took 0.058 seconds
[2026-03-15T18:22:00.437+0000] {processor.py:161} INFO - Started process (PID=564) to work on /home/airflow/.local/lib/python3.11/site-packages/airflow/example_dags/example_branch_day_of_week_operator.py
[2026-03-15T18:22:00.439+0000] {processor.py:830} INFO - Processing file /home/airflow/.local/lib/python3.11/site-packages/airflow/example_dags/example_branch_day_of_week_operator.py for tasks to queue
[2026-03-15T18:22:00.442+0000] {logging_mixin.py:188} INFO - [2026-03-15T18:22:00.441+0000] {dagbag.py:540} INFO - Filling up the DagBag from /home/airflow/.local/lib/python3.11/site-packages/airflow/example_dags/example_branch_day_of_week_operator.py
[2026-03-15T18:22:00.451+0000] {processor.py:840} INFO - DAG(s) 'example_weekday_branch_operator' retrieved from /home/airflow/.local/lib/python3.11/site-packages/airflow/example_dags/example_branch_day_of_week_operator.py
[2026-03-15T18:22:00.475+0000] {logging_mixin.py:188} INFO - [2026-03-15T18:22:00.474+0000] {dag.py:3047} INFO - Sync 1 DAGs
[2026-03-15T18:22:00.498+0000] {logging_mixin.py:188} INFO - [2026-03-15T18:22:00.498+0000] {dag.py:3834} INFO - Setting next_dagrun for example_weekday_branch_operator to 2026-03-14 00:00:00+00:00, run_after=2026-03-15 00:00:00+00:00
[2026-03-15T18:22:00.519+0000] {processor.py:183} INFO - Processing /home/airflow/.local/lib/python3.11/site-packages/airflow/example_dags/example_branch_day_of_week_operator.py took 0.085 seconds
[2026-03-15T18:22:30.629+0000] {processor.py:161} INFO - Started process (PID=608) to work on /home/airflow/.local/lib/python3.11/site-packages/airflow/example_dags/example_branch_day_of_week_operator.py
[2026-03-15T18:22:30.631+0000] {processor.py:830} INFO - Processing file /home/airflow/.local/lib/python3.11/site-packages/airflow/example_dags/example_branch_day_of_week_operator.py for tasks to queue
[2026-03-15T18:22:30.637+0000] {logging_mixin.py:188} INFO - [2026-03-15T18:22:30.637+0000] {dagbag.py:540} INFO - Filling up the DagBag from /home/airflow/.local/lib/python3.11/site-packages/airflow/example_dags/example_branch_day_of_week_operator.py
[2026-03-15T18:22:30.647+0000] {processor.py:840} INFO - DAG(s) 'example_weekday_branch_operator' retrieved from /home/airflow/.local/lib/python3.11/site-packages/airflow/example_dags/example_branch_day_of_week_operator.py
[2026-03-15T18:22:30.677+0000] {logging_mixin.py:188} INFO - [2026-03-15T18:22:30.677+0000] {dag.py:3047} INFO - Sync 1 DAGs
[2026-03-15T18:22:30.693+0000] {logging_mixin.py:188} INFO - [2026-03-15T18:22:30.693+0000] {dag.py:3834} INFO - Setting next_dagrun for example_weekday_branch_operator to 2026-03-14 00:00:00+00:00, run_after=2026-03-15 00:00:00+00:00
[2026-03-15T18:22:30.708+0000] {processor.py:183} INFO - Processing /home/airflow/.local/lib/python3.11/site-packages/airflow/example_dags/example_branch_day_of_week_operator.py took 0.082 seconds
[2026-03-15T18:23:00.770+0000] {processor.py:161} INFO - Started process (PID=656) to work on /home/airflow/.local/lib/python3.11/site-packages/airflow/example_dags/example_branch_day_of_week_operator.py
[2026-03-15T18:23:00.771+0000] {processor.py:830} INFO - Processing file /home/airflow/.local/lib/python3.11/site-packages/airflow/example_dags/example_branch_day_of_week_operator.py for tasks to queue
[2026-03-15T18:23:00.773+0000] {logging_mixin.py:188} INFO - [2026-03-15T18:23:00.772+0000] {dagbag.py:540} INFO - Filling up the DagBag from /home/airflow/.local/lib/python3.11/site-packages/airflow/example_dags/example_branch_day_of_week_operator.py
[2026-03-15T18:23:00.778+0000] {processor.py:840} INFO - DAG(s) 'example_weekday_branch_operator' retrieved from /home/airflow/.local/lib/python3.11/site-packages/airflow/example_dags/example_branch_day_of_week_operator.py
[2026-03-15T18:23:00.795+0000] {logging_mixin.py:188} INFO - [2026-03-15T18:23:00.795+0000] {dag.py:3047} INFO - Sync 1 DAGs
[2026-03-15T18:23:00.810+0000] {logging_mixin.py:188} INFO - [2026-03-15T18:23:00.810+0000] {dag.py:3834} INFO - Setting next_dagrun for example_weekday_branch_operator to 2026-03-14 00:00:00+00:00, run_after=2026-03-15 00:00:00+00:00
[2026-03-15T18:23:00.825+0000] {processor.py:183} INFO - Processing /home/airflow/.local/lib/python3.11/site-packages/airflow/example_dags/example_branch_day_of_week_operator.py took 0.058 seconds
[2026-03-15T18:23:25.557+0000] {processor.py:161} INFO - Started process (PID=712) to work on /home/airflow/.local/lib/python3.11/site-packages/airflow/example_dags/example_branch_day_of_week_operator.py
[2026-03-15T18:23:25.565+0000] {processor.py:830} INFO - Processing file /home/airflow/.local/lib/python3.11/site-packages/airflow/example_dags/example_branch_day_of_week_operator.py for tasks to queue
[2026-03-15T18:23:25.569+0000] {logging_mixin.py:188} INFO - [2026-03-15T18:23:25.569+0000] {dagbag.py:540} INFO - Filling up the DagBag from /home/airflow/.local/lib/python3.11/site-packages/airflow/example_dags/example_branch_day_of_week_operator.py
[2026-03-15T18:23:25.578+0000] {processor.py:840} INFO - DAG(s) 'example_weekday_branch_operator' retrieved from /home/airflow/.local/lib/python3.11/site-packages/airflow/example_dags/example_branch_day_of_week_operator.py
[2026-03-15T18:23:25.596+0000] {logging_mixin.py:188} INFO - [2026-03-15T18:23:25.596+0000] {dag.py:3047} INFO - Sync 1 DAGs
[2026-03-15T18:23:25.614+0000] {logging_mixin.py:188} INFO - [2026-03-15T18:23:25.614+0000] {dag.py:3834} INFO - Setting next_dagrun for example_weekday_branch_operator to 2026-03-14 00:00:00+00:00, run_after=2026-03-15 00:00:00+00:00
[2026-03-15T18:23:25.629+0000] {processor.py:183} INFO - Processing /home/airflow/.local/lib/python3.11/site-packages/airflow/example_dags/example_branch_day_of_week_operator.py took 0.075 seconds
[2026-03-15T18:23:30.786+0000] {processor.py:161} INFO - Started process (PID=762) to work on /home/airflow/.local/lib/python3.11/site-packages/airflow/example_dags/example_branch_day_of_week_operator.py
[2026-03-15T18:23:30.787+0000] {processor.py:830} INFO - Processing file /home/airflow/.local/lib/python3.11/site-packages/airflow/example_dags/example_branch_day_of_week_operator.py for tasks to queue
[2026-03-15T18:23:30.789+0000] {logging_mixin.py:188} INFO - [2026-03-15T18:23:30.789+0000] {dagbag.py:540} INFO - Filling up the DagBag from /home/airflow/.local/lib/python3.11/site-packages/airflow/example_dags/example_branch_day_of_week_operator.py
[2026-03-15T18:23:30.795+0000] {processor.py:840} INFO - DAG(s) 'example_weekday_branch_operator' retrieved from /home/airflow/.local/lib/python3.11/site-packages/airflow/example_dags/example_branch_day_of_week_operator.py
[2026-03-15T18:23:30.812+0000] {logging_mixin.py:188} INFO - [2026-03-15T18:23:30.812+0000] {dag.py:3047} INFO - Sync 1 DAGs
[2026-03-15T18:23:30.828+0000] {logging_mixin.py:188} INFO - [2026-03-15T18:23:30.828+0000] {dag.py:3834} INFO - Setting next_dagrun for example_weekday_branch_operator to 2026-03-14 00:00:00+00:00, run_after=2026-03-15 00:00:00+00:00
[2026-03-15T18:23:30.845+0000] {processor.py:183} INFO - Processing /home/airflow/.local/lib/python3.11/site-packages/airflow/example_dags/example_branch_day_of_week_operator.py took 0.061 seconds
[2026-03-15T18:24:01.247+0000] {processor.py:161} INFO - Started process (PID=812) to work on /home/airflow/.local/lib/python3.11/site-packages/airflow/example_dags/example_branch_day_of_week_operator.py
[2026-03-15T18:24:01.249+0000] {processor.py:830} INFO - Processing file /home/airflow/.local/lib/python3.11/site-packages/airflow/example_dags/example_branch_day_of_week_operator.py for tasks to queue
[2026-03-15T18:24:01.252+0000] {logging_mixin.py:188} INFO - [2026-03-15T18:24:01.251+0000] {dagbag.py:540} INFO - Filling up the DagBag from /home/airflow/.local/lib/python3.11/site-packages/airflow/example_dags/example_branch_day_of_week_operator.py
[2026-03-15T18:24:01.261+0000] {processor.py:840} INFO - DAG(s) 'example_weekday_branch_operator' retrieved from /home/airflow/.local/lib/python3.11/site-packages/airflow/example_dags/example_branch_day_of_week_operator.py
[2026-03-15T18:24:01.284+0000] {logging_mixin.py:188} INFO - [2026-03-15T18:24:01.284+0000] {dag.py:3047} INFO - Sync 1 DAGs
[2026-03-15T18:24:01.305+0000] {logging_mixin.py:188} INFO - [2026-03-15T18:24:01.305+0000] {dag.py:3834} INFO - Setting next_dagrun for example_weekday_branch_operator to 2026-03-14 00:00:00+00:00, run_after=2026-03-15 00:00:00+00:00
[2026-03-15T18:24:01.324+0000] {processor.py:183} INFO - Processing /home/airflow/.local/lib/python3.11/site-packages/airflow/example_dags/example_branch_day_of_week_operator.py took 0.080 seconds
[2026-03-15T18:24:31.396+0000] {processor.py:161} INFO - Started process (PID=862) to work on /home/airflow/.local/lib/python3.11/site-packages/airflow/example_dags/example_branch_day_of_week_operator.py
[2026-03-15T18:24:31.397+0000] {processor.py:830} INFO - Processing file /home/airflow/.local/lib/python3.11/site-packages/airflow/example_dags/example_branch_day_of_week_operator.py for tasks to queue
[2026-03-15T18:24:31.398+0000] {logging_mixin.py:188} INFO - [2026-03-15T18:24:31.398+0000] {dagbag.py:540} INFO - Filling up the DagBag from /home/airflow/.local/lib/python3.11/site-packages/airflow/example_dags/example_branch_day_of_week_operator.py
[2026-03-15T18:24:31.404+0000] {processor.py:840} INFO - DAG(s) 'example_weekday_branch_operator' retrieved from /home/airflow/.local/lib/python3.11/site-packages/airflow/example_dags/example_branch_day_of_week_operator.py
[2026-03-15T18:24:31.417+0000] {logging_mixin.py:188} INFO - [2026-03-15T18:24:31.417+0000] {dag.py:3047} INFO - Sync 1 DAGs
[2026-03-15T18:24:31.431+0000] {logging_mixin.py:188} INFO - [2026-03-15T18:24:31.430+0000] {dag.py:3834} INFO - Setting next_dagrun for example_weekday_branch_operator to 2026-03-14 00:00:00+00:00, run_after=2026-03-15 00:00:00+00:00
[2026-03-15T18:24:31.443+0000] {processor.py:183} INFO - Processing /home/airflow/.local/lib/python3.11/site-packages/airflow/example_dags/example_branch_day_of_week_operator.py took 0.049 seconds
[2026-03-15T18:24:35.699+0000] {processor.py:161} INFO - Started process (PID=912) to work on /home/airflow/.local/lib/python3.11/site-packages/airflow/example_dags/example_branch_day_of_week_operator.py
[2026-03-15T18:24:35.700+0000] {processor.py:830} INFO - Processing file /home/airflow/.local/lib/python3.11/site-packages/airflow/example_dags/example_branch_day_of_week_operator.py for tasks to queue
[2026-03-15T18:24:35.701+0000] {logging_mixin.py:188} INFO - [2026-03-15T18:24:35.701+0000] {dagbag.py:540} INFO - Filling up the DagBag from /home/airflow/.local/lib/python3.11/site-packages/airflow/example_dags/example_branch_day_of_week_operator.py
[2026-03-15T18:24:35.707+0000] {processor.py:840} INFO - DAG(s) 'example_weekday_branch_operator' retrieved from /home/airflow/.local/lib/python3.11/site-packages/airflow/example_dags/example_branch_day_of_week_operator.py
[2026-03-15T18:24:35.725+0000] {logging_mixin.py:188} INFO - [2026-03-15T18:24:35.725+0000] {dag.py:3047} INFO - Sync 1 DAGs
[2026-03-15T18:24:35.742+0000] {logging_mixin.py:188} INFO - [2026-03-15T18:24:35.742+0000] {dag.py:3834} INFO - Setting next_dagrun for example_weekday_branch_operator to 2026-03-14 00:00:00+00:00, run_after=2026-03-15 00:00:00+00:00
[2026-03-15T18:24:35.757+0000] {processor.py:183} INFO - Processing /home/airflow/.local/lib/python3.11/site-packages/airflow/example_dags/example_branch_day_of_week_operator.py took 0.061 seconds
[2026-03-15T18:25:06.213+0000] {processor.py:161} INFO - Started process (PID=965) to work on /home/airflow/.local/lib/python3.11/site-packages/airflow/example_dags/example_branch_day_of_week_operator.py
[2026-03-15T18:25:06.214+0000] {processor.py:830} INFO - Processing file /home/airflow/.local/lib/python3.11/site-packages/airflow/example_dags/example_branch_day_of_week_operator.py for tasks to queue
[2026-03-15T18:25:06.216+0000] {logging_mixin.py:188} INFO - [2026-03-15T18:25:06.215+0000] {dagbag.py:540} INFO - Filling up the DagBag from /home/airflow/.local/lib/python3.11/site-packages/airflow/example_dags/example_branch_day_of_week_operator.py
[2026-03-15T18:25:06.223+0000] {processor.py:840} INFO - DAG(s) 'example_weekday_branch_operator' retrieved from /home/airflow/.local/lib/python3.11/site-packages/airflow/example_dags/example_branch_day_of_week_operator.py
[2026-03-15T18:25:06.233+0000] {logging_mixin.py:188} INFO - [2026-03-15T18:25:06.233+0000] {dag.py:3047} INFO - Sync 1 DAGs
[2026-03-15T18:25:06.253+0000] {logging_mixin.py:188} INFO - [2026-03-15T18:25:06.252+0000] {dag.py:3834} INFO - Setting next_dagrun for example_weekday_branch_operator to 2026-03-14 00:00:00+00:00, run_after=2026-03-15 00:00:00+00:00
[2026-03-15T18:25:06.268+0000] {processor.py:183} INFO - Processing /home/airflow/.local/lib/python3.11/site-packages/airflow/example_dags/example_branch_day_of_week_operator.py took 0.058 seconds
[2026-03-15T18:25:17.076+0000] {processor.py:161} INFO - Started process (PID=1015) to work on /home/airflow/.local/lib/python3.11/site-packages/airflow/example_dags/example_branch_day_of_week_operator.py
[2026-03-15T18:25:17.077+0000] {processor.py:830} INFO - Processing file /home/airflow/.local/lib/python3.11/site-packages/airflow/example_dags/example_branch_day_of_week_operator.py for tasks to queue
[2026-03-15T18:25:17.079+0000] {logging_mixin.py:188} INFO - [2026-03-15T18:25:17.079+0000] {dagbag.py:540} INFO - Filling up the DagBag from /home/airflow/.local/lib/python3.11/site-packages/airflow/example_dags/example_branch_day_of_week_operator.py
[2026-03-15T18:25:17.085+0000] {processor.py:840} INFO - DAG(s) 'example_weekday_branch_operator' retrieved from /home/airflow/.local/lib/python3.11/site-packages/airflow/example_dags/example_branch_day_of_week_operator.py
[2026-03-15T18:25:17.147+0000] {logging_mixin.py:188} INFO - [2026-03-15T18:25:17.147+0000] {dag.py:3047} INFO - Sync 1 DAGs
[2026-03-15T18:25:17.160+0000] {logging_mixin.py:188} INFO - [2026-03-15T18:25:17.159+0000] {dag.py:3834} INFO - Setting next_dagrun for example_weekday_branch_operator to 2026-03-14 00:00:00+00:00, run_after=2026-03-15 00:00:00+00:00
[2026-03-15T18:25:17.174+0000] {processor.py:183} INFO - Processing /home/airflow/.local/lib/python3.11/site-packages/airflow/example_dags/example_branch_day_of_week_operator.py took 0.100 seconds
[2026-03-15T18:25:20.734+0000] {processor.py:161} INFO - Started process (PID=1061) to work on /home/airflow/.local/lib/python3.11/site-packages/airflow/example_dags/example_branch_day_of_week_operator.py
[2026-03-15T18:25:20.735+0000] {processor.py:830} INFO - Processing file /home/airflow/.local/lib/python3.11/site-packages/airflow/example_dags/example_branch_day_of_week_operator.py for tasks to queue
[2026-03-15T18:25:20.737+0000] {logging_mixin.py:188} INFO - [2026-03-15T18:25:20.737+0000] {dagbag.py:540} INFO - Filling up the DagBag from /home/airflow/.local/lib/python3.11/site-packages/airflow/example_dags/example_branch_day_of_week_operator.py
[2026-03-15T18:25:20.743+0000] {processor.py:840} INFO - DAG(s) 'example_weekday_branch_operator' retrieved from /home/airflow/.local/lib/python3.11/site-packages/airflow/example_dags/example_branch_day_of_week_operator.py
[2026-03-15T18:25:20.752+0000] {logging_mixin.py:188} INFO - [2026-03-15T18:25:20.752+0000] {dag.py:3047} INFO - Sync 1 DAGs
[2026-03-15T18:25:20.767+0000] {logging_mixin.py:188} INFO - [2026-03-15T18:25:20.767+0000] {dag.py:3834} INFO - Setting next_dagrun for example_weekday_branch_operator to 2026-03-14 00:00:00+00:00, run_after=2026-03-15 00:00:00+00:00
[2026-03-15T18:25:20.782+0000] {processor.py:183} INFO - Processing /home/airflow/.local/lib/python3.11/site-packages/airflow/example_dags/example_branch_day_of_week_operator.py took 0.051 seconds
[2026-03-15T18:25:25.596+0000] {processor.py:161} INFO - Started process (PID=1107) to work on /home/airflow/.local/lib/python3.11/site-packages/airflow/example_dags/example_branch_day_of_week_operator.py
[2026-03-15T18:25:25.596+0000] {processor.py:830} INFO - Processing file /home/airflow/.local/lib/python3.11/site-packages/airflow/example_dags/example_branch_day_of_week_operator.py for tasks to queue
[2026-03-15T18:25:25.598+0000] {logging_mixin.py:188} INFO - [2026-03-15T18:25:25.598+0000] {dagbag.py:540} INFO - Filling up the DagBag from /home/airflow/.local/lib/python3.11/site-packages/airflow/example_dags/example_branch_day_of_week_operator.py
[2026-03-15T18:25:25.604+0000] {processor.py:840} INFO - DAG(s) 'example_weekday_branch_operator' retrieved from /home/airflow/.local/lib/python3.11/site-packages/airflow/example_dags/example_branch_day_of_week_operator.py
[2026-03-15T18:25:25.613+0000] {logging_mixin.py:188} INFO - [2026-03-15T18:25:25.613+0000] {dag.py:3047} INFO - Sync 1 DAGs
[2026-03-15T18:25:25.629+0000] {logging_mixin.py:188} INFO - [2026-03-15T18:25:25.629+0000] {dag.py:3834} INFO - Setting next_dagrun for example_weekday_branch_operator to 2026-03-14 00:00:00+00:00, run_after=2026-03-15 00:00:00+00:00
[2026-03-15T18:25:25.645+0000] {processor.py:183} INFO - Processing /home/airflow/.local/lib/python3.11/site-packages/airflow/example_dags/example_branch_day_of_week_operator.py took 0.052 seconds
[2026-03-15T18:25:55.880+0000] {processor.py:161} INFO - Started process (PID=1159) to work on /home/airflow/.local/lib/python3.11/site-packages/airflow/example_dags/example_branch_day_of_week_operator.py
[2026-03-15T18:25:55.881+0000] {processor.py:830} INFO - Processing file /home/airflow/.local/lib/python3.11/site-packages/airflow/example_dags/example_branch_day_of_week_operator.py for tasks to queue
[2026-03-15T18:25:55.886+0000] {logging_mixin.py:188} INFO - [2026-03-15T18:25:55.885+0000] {dagbag.py:540} INFO - Filling up the DagBag from /home/airflow/.local/lib/python3.11/site-packages/airflow/example_dags/example_branch_day_of_week_operator.py
[2026-03-15T18:25:55.894+0000] {processor.py:840} INFO - DAG(s) 'example_weekday_branch_operator' retrieved from /home/airflow/.local/lib/python3.11/site-packages/airflow/example_dags/example_branch_day_of_week_operator.py
[2026-03-15T18:25:55.909+0000] {logging_mixin.py:188} INFO - [2026-03-15T18:25:55.909+0000] {dag.py:3047} INFO - Sync 1 DAGs
[2026-03-15T18:25:55.926+0000] {logging_mixin.py:188} INFO - [2026-03-15T18:25:55.925+0000] {dag.py:3834} INFO - Setting next_dagrun for example_weekday_branch_operator to 2026-03-14 00:00:00+00:00, run_after=2026-03-15 00:00:00+00:00
[2026-03-15T18:25:55.941+0000] {processor.py:183} INFO - Processing /home/airflow/.local/lib/python3.11/site-packages/airflow/example_dags/example_branch_day_of_week_operator.py took 0.063 seconds
[2026-03-15T18:26:18.434+0000] {processor.py:161} INFO - Started process (PID=1215) to work on /home/airflow/.local/lib/python3.11/site-packages/airflow/example_dags/example_branch_day_of_week_operator.py
[2026-03-15T18:26:18.435+0000] {processor.py:830} INFO - Processing file /home/airflow/.local/lib/python3.11/site-packages/airflow/example_dags/example_branch_day_of_week_operator.py for tasks to queue
[2026-03-15T18:26:18.437+0000] {logging_mixin.py:188} INFO - [2026-03-15T18:26:18.436+0000] {dagbag.py:540} INFO - Filling up the DagBag from /home/airflow/.local/lib/python3.11/site-packages/airflow/example_dags/example_branch_day_of_week_operator.py
[2026-03-15T18:26:18.443+0000] {processor.py:840} INFO - DAG(s) 'example_weekday_branch_operator' retrieved from /home/airflow/.local/lib/python3.11/site-packages/airflow/example_dags/example_branch_day_of_week_operator.py
[2026-03-15T18:26:18.458+0000] {logging_mixin.py:188} INFO - [2026-03-15T18:26:18.458+0000] {dag.py:3047} INFO - Sync 1 DAGs
[2026-03-15T18:26:18.476+0000] {logging_mixin.py:188} INFO - [2026-03-15T18:26:18.475+0000] {dag.py:3834} INFO - Setting next_dagrun for example_weekday_branch_operator to 2026-03-14 00:00:00+00:00, run_after=2026-03-15 00:00:00+00:00
[2026-03-15T18:26:18.494+0000] {processor.py:183} INFO - Processing /home/airflow/.local/lib/python3.11/site-packages/airflow/example_dags/example_branch_day_of_week_operator.py took 0.063 seconds
[2026-03-15T18:26:20.903+0000] {processor.py:161} INFO - Started process (PID=1265) to work on /home/airflow/.local/lib/python3.11/site-packages/airflow/example_dags/example_branch_day_of_week_operator.py
[2026-03-15T18:26:20.904+0000] {processor.py:830} INFO - Processing file /home/airflow/.local/lib/python3.11/site-packages/airflow/example_dags/example_branch_day_of_week_operator.py for tasks to queue
[2026-03-15T18:26:20.906+0000] {logging_mixin.py:188} INFO - [2026-03-15T18:26:20.906+0000] {dagbag.py:540} INFO - Filling up the DagBag from /home/airflow/.local/lib/python3.11/site-packages/airflow/example_dags/example_branch_day_of_week_operator.py
[2026-03-15T18:26:20.912+0000] {processor.py:840} INFO - DAG(s) 'example_weekday_branch_operator' retrieved from /home/airflow/.local/lib/python3.11/site-packages/airflow/example_dags/example_branch_day_of_week_operator.py
[2026-03-15T18:26:20.927+0000] {logging_mixin.py:188} INFO - [2026-03-15T18:26:20.927+0000] {dag.py:3047} INFO - Sync 1 DAGs
[2026-03-15T18:26:20.942+0000] {logging_mixin.py:188} INFO - [2026-03-15T18:26:20.942+0000] {dag.py:3834} INFO - Setting next_dagrun for example_weekday_branch_operator to 2026-03-14 00:00:00+00:00, run_after=2026-03-15 00:00:00+00:00
[2026-03-15T18:26:20.957+0000] {processor.py:183} INFO - Processing /home/airflow/.local/lib/python3.11/site-packages/airflow/example_dags/example_branch_day_of_week_operator.py took 0.056 seconds
[2026-03-15T18:26:36.075+0000] {processor.py:161} INFO - Started process (PID=1317) to work on /home/airflow/.local/lib/python3.11/site-packages/airflow/example_dags/example_branch_day_of_week_operator.py
[2026-03-15T18:26:36.076+0000] {processor.py:830} INFO - Processing file /home/airflow/.local/lib/python3.11/site-packages/airflow/example_dags/example_branch_day_of_week_operator.py for tasks to queue
[2026-03-15T18:26:36.077+0000] {logging_mixin.py:188} INFO - [2026-03-15T18:26:36.077+0000] {dagbag.py:540} INFO - Filling up the DagBag from /home/airflow/.local/lib/python3.11/site-packages/airflow/example_dags/example_branch_day_of_week_operator.py
[2026-03-15T18:26:36.083+0000] {processor.py:840} INFO - DAG(s) 'example_weekday_branch_operator' retrieved from /home/airflow/.local/lib/python3.11/site-packages/airflow/example_dags/example_branch_day_of_week_operator.py
[2026-03-15T18:26:36.098+0000] {logging_mixin.py:188} INFO - [2026-03-15T18:26:36.098+0000] {dag.py:3047} INFO - Sync 1 DAGs
[2026-03-15T18:26:36.113+0000] {logging_mixin.py:188} INFO - [2026-03-15T18:26:36.113+0000] {dag.py:3834} INFO - Setting next_dagrun for example_weekday_branch_operator to 2026-03-14 00:00:00+00:00, run_after=2026-03-15 00:00:00+00:00
[2026-03-15T18:26:36.128+0000] {processor.py:183} INFO - Processing /home/airflow/.local/lib/python3.11/site-packages/airflow/example_dags/example_branch_day_of_week_operator.py took 0.056 seconds
[2026-03-15T18:27:30.432+0000] {processor.py:161} INFO - Started process (PID=1363) to work on /home/airflow/.local/lib/python3.11/site-packages/airflow/example_dags/example_branch_day_of_week_operator.py
[2026-03-15T18:27:30.433+0000] {processor.py:830} INFO - Processing file /home/airflow/.local/lib/python3.11/site-packages/airflow/example_dags/example_branch_day_of_week_operator.py for tasks to queue
[2026-03-15T18:27:30.434+0000] {logging_mixin.py:188} INFO - [2026-03-15T18:27:30.434+0000] {dagbag.py:540} INFO - Filling up the DagBag from /home/airflow/.local/lib/python3.11/site-packages/airflow/example_dags/example_branch_day_of_week_operator.py
[2026-03-15T18:27:30.440+0000] {processor.py:840} INFO - DAG(s) 'example_weekday_branch_operator' retrieved from /home/airflow/.local/lib/python3.11/site-packages/airflow/example_dags/example_branch_day_of_week_operator.py
[2026-03-15T18:27:30.460+0000] {logging_mixin.py:188} INFO - [2026-03-15T18:27:30.460+0000] {dag.py:3047} INFO - Sync 1 DAGs
[2026-03-15T18:27:30.479+0000] {logging_mixin.py:188} INFO - [2026-03-15T18:27:30.479+0000] {dag.py:3834} INFO - Setting next_dagrun for example_weekday_branch_operator to 2026-03-14 00:00:00+00:00, run_after=2026-03-15 00:00:00+00:00
[2026-03-15T18:27:30.494+0000] {processor.py:183} INFO - Processing /home/airflow/.local/lib/python3.11/site-packages/airflow/example_dags/example_branch_day_of_week_operator.py took 0.065 seconds
[2026-03-15T18:27:41.215+0000] {processor.py:161} INFO - Started process (PID=1427) to work on /home/airflow/.local/lib/python3.11/site-packages/airflow/example_dags/example_branch_day_of_week_operator.py
[2026-03-15T18:27:41.218+0000] {processor.py:830} INFO - Processing file /home/airflow/.local/lib/python3.11/site-packages/airflow/example_dags/example_branch_day_of_week_operator.py for tasks to queue
[2026-03-15T18:27:41.223+0000] {logging_mixin.py:188} INFO - [2026-03-15T18:27:41.223+0000] {dagbag.py:540} INFO - Filling up the DagBag from /home/airflow/.local/lib/python3.11/site-packages/airflow/example_dags/example_branch_day_of_week_operator.py
[2026-03-15T18:27:41.242+0000] {processor.py:840} INFO - DAG(s) 'example_weekday_branch_operator' retrieved from /home/airflow/.local/lib/python3.11/site-packages/airflow/example_dags/example_branch_day_of_week_operator.py
[2026-03-15T18:27:41.299+0000] {logging_mixin.py:188} INFO - [2026-03-15T18:27:41.298+0000] {dag.py:3047} INFO - Sync 1 DAGs
[2026-03-15T18:27:41.314+0000] {logging_mixin.py:188} INFO - [2026-03-15T18:27:41.314+0000] {dag.py:3834} INFO - Setting next_dagrun for example_weekday_branch_operator to 2026-03-14 00:00:00+00:00, run_after=2026-03-15 00:00:00+00:00
[2026-03-15T18:27:41.337+0000] {processor.py:183} INFO - Processing /home/airflow/.local/lib/python3.11/site-packages/airflow/example_dags/example_branch_day_of_week_operator.py took 0.132 seconds
[2026-03-15T18:28:13.309+0000] {processor.py:161} INFO - Started process (PID=1479) to work on /home/airflow/.local/lib/python3.11/site-packages/airflow/example_dags/example_branch_day_of_week_operator.py
[2026-03-15T18:28:13.311+0000] {processor.py:830} INFO - Processing file /home/airflow/.local/lib/python3.11/site-packages/airflow/example_dags/example_branch_day_of_week_operator.py for tasks to queue
[2026-03-15T18:28:13.313+0000] {logging_mixin.py:188} INFO - [2026-03-15T18:28:13.313+0000] {dagbag.py:540} INFO - Filling up the DagBag from /home/airflow/.local/lib/python3.11/site-packages/airflow/example_dags/example_branch_day_of_week_operator.py
[2026-03-15T18:28:13.322+0000] {processor.py:840} INFO - DAG(s) 'example_weekday_branch_operator' retrieved from /home/airflow/.local/lib/python3.11/site-packages/airflow/example_dags/example_branch_day_of_week_operator.py
[2026-03-15T18:28:13.343+0000] {logging_mixin.py:188} INFO - [2026-03-15T18:28:13.343+0000] {dag.py:3047} INFO - Sync 1 DAGs
[2026-03-15T18:28:13.370+0000] {logging_mixin.py:188} INFO - [2026-03-15T18:28:13.370+0000] {dag.py:3834} INFO - Setting next_dagrun for example_weekday_branch_operator to 2026-03-14 00:00:00+00:00, run_after=2026-03-15 00:00:00+00:00
[2026-03-15T18:28:13.400+0000] {processor.py:183} INFO - Processing /home/airflow/.local/lib/python3.11/site-packages/airflow/example_dags/example_branch_day_of_week_operator.py took 0.095 seconds
[2026-03-15T18:28:43.913+0000] {processor.py:161} INFO - Started process (PID=1531) to work on /home/airflow/.local/lib/python3.11/site-packages/airflow/example_dags/example_branch_day_of_week_operator.py
[2026-03-15T18:28:43.914+0000] {processor.py:830} INFO - Processing file /home/airflow/.local/lib/python3.11/site-packages/airflow/example_dags/example_branch_day_of_week_operator.py for tasks to queue
[2026-03-15T18:28:43.916+0000] {logging_mixin.py:188} INFO - [2026-03-15T18:28:43.916+0000] {dagbag.py:540} INFO - Filling up the DagBag from /home/airflow/.local/lib/python3.11/site-packages/airflow/example_dags/example_branch_day_of_week_operator.py
[2026-03-15T18:28:43.922+0000] {processor.py:840} INFO - DAG(s) 'example_weekday_branch_operator' retrieved from /home/airflow/.local/lib/python3.11/site-packages/airflow/example_dags/example_branch_day_of_week_operator.py
[2026-03-15T18:28:43.938+0000] {logging_mixin.py:188} INFO - [2026-03-15T18:28:43.938+0000] {dag.py:3047} INFO - Sync 1 DAGs
[2026-03-15T18:28:43.955+0000] {logging_mixin.py:188} INFO - [2026-03-15T18:28:43.955+0000] {dag.py:3834} INFO - Setting next_dagrun for example_weekday_branch_operator to 2026-03-14 00:00:00+00:00, run_after=2026-03-15 00:00:00+00:00
[2026-03-15T18:28:43.972+0000] {processor.py:183} INFO - Processing /home/airflow/.local/lib/python3.11/site-packages/airflow/example_dags/example_branch_day_of_week_operator.py took 0.062 seconds
[2026-03-15T18:28:46.043+0000] {processor.py:161} INFO - Started process (PID=1579) to work on /home/airflow/.local/lib/python3.11/site-packages/airflow/example_dags/example_branch_day_of_week_operator.py
[2026-03-15T18:28:46.044+0000] {processor.py:830} INFO - Processing file /home/airflow/.local/lib/python3.11/site-packages/airflow/example_dags/example_branch_day_of_week_operator.py for tasks to queue
[2026-03-15T18:28:46.045+0000] {logging_mixin.py:188} INFO - [2026-03-15T18:28:46.045+0000] {dagbag.py:540} INFO - Filling up the DagBag from /home/airflow/.local/lib/python3.11/site-packages/airflow/example_dags/example_branch_day_of_week_operator.py
[2026-03-15T18:28:46.051+0000] {processor.py:840} INFO - DAG(s) 'example_weekday_branch_operator' retrieved from /home/airflow/.local/lib/python3.11/site-packages/airflow/example_dags/example_branch_day_of_week_operator.py
[2026-03-15T18:28:46.067+0000] {logging_mixin.py:188} INFO - [2026-03-15T18:28:46.067+0000] {dag.py:3047} INFO - Sync 1 DAGs
[2026-03-15T18:28:46.083+0000] {logging_mixin.py:188} INFO - [2026-03-15T18:28:46.083+0000] {dag.py:3834} INFO - Setting next_dagrun for example_weekday_branch_operator to 2026-03-14 00:00:00+00:00, run_after=2026-03-15 00:00:00+00:00
[2026-03-15T18:28:46.097+0000] {processor.py:183} INFO - Processing /home/airflow/.local/lib/python3.11/site-packages/airflow/example_dags/example_branch_day_of_week_operator.py took 0.056 seconds
[2026-03-15T18:29:18.081+0000] {processor.py:161} INFO - Started process (PID=1659) to work on /home/airflow/.local/lib/python3.11/site-packages/airflow/example_dags/example_branch_day_of_week_operator.py
[2026-03-15T18:29:18.081+0000] {processor.py:830} INFO - Processing file /home/airflow/.local/lib/python3.11/site-packages/airflow/example_dags/example_branch_day_of_week_operator.py for tasks to queue
[2026-03-15T18:29:18.083+0000] {logging_mixin.py:188} INFO - [2026-03-15T18:29:18.083+0000] {dagbag.py:540} INFO - Filling up the DagBag from /home/airflow/.local/lib/python3.11/site-packages/airflow/example_dags/example_branch_day_of_week_operator.py
[2026-03-15T18:29:18.091+0000] {processor.py:840} INFO - DAG(s) 'example_weekday_branch_operator' retrieved from /home/airflow/.local/lib/python3.11/site-packages/airflow/example_dags/example_branch_day_of_week_operator.py
[2026-03-15T18:29:18.108+0000] {logging_mixin.py:188} INFO - [2026-03-15T18:29:18.108+0000] {dag.py:3047} INFO - Sync 1 DAGs
[2026-03-15T18:29:18.128+0000] {logging_mixin.py:188} INFO - [2026-03-15T18:29:18.128+0000] {dag.py:3834} INFO - Setting next_dagrun for example_weekday_branch_operator to 2026-03-14 00:00:00+00:00, run_after=2026-03-15 00:00:00+00:00
[2026-03-15T18:29:18.141+0000] {processor.py:183} INFO - Processing /home/airflow/.local/lib/python3.11/site-packages/airflow/example_dags/example_branch_day_of_week_operator.py took 0.064 seconds
[2026-03-15T18:29:20.865+0000] {processor.py:161} INFO - Started process (PID=1699) to work on /home/airflow/.local/lib/python3.11/site-packages/airflow/example_dags/example_branch_day_of_week_operator.py
[2026-03-15T18:29:20.866+0000] {processor.py:830} INFO - Processing file /home/airflow/.local/lib/python3.11/site-packages/airflow/example_dags/example_branch_day_of_week_operator.py for tasks to queue
[2026-03-15T18:29:20.868+0000] {logging_mixin.py:188} INFO - [2026-03-15T18:29:20.867+0000] {dagbag.py:540} INFO - Filling up the DagBag from /home/airflow/.local/lib/python3.11/site-packages/airflow/example_dags/example_branch_day_of_week_operator.py
[2026-03-15T18:29:20.874+0000] {processor.py:840} INFO - DAG(s) 'example_weekday_branch_operator' retrieved from /home/airflow/.local/lib/python3.11/site-packages/airflow/example_dags/example_branch_day_of_week_operator.py
[2026-03-15T18:29:20.890+0000] {logging_mixin.py:188} INFO - [2026-03-15T18:29:20.890+0000] {dag.py:3047} INFO - Sync 1 DAGs
[2026-03-15T18:29:20.905+0000] {logging_mixin.py:188} INFO - [2026-03-15T18:29:20.905+0000] {dag.py:3834} INFO - Setting next_dagrun for example_weekday_branch_operator to 2026-03-14 00:00:00+00:00, run_after=2026-03-15 00:00:00+00:00
[2026-03-15T18:29:20.919+0000] {processor.py:183} INFO - Processing /home/airflow/.local/lib/python3.11/site-packages/airflow/example_dags/example_branch_day_of_week_operator.py took 0.057 seconds
[2026-03-15T18:29:51.143+0000] {processor.py:161} INFO - Started process (PID=1746) to work on /home/airflow/.local/lib/python3.11/site-packages/airflow/example_dags/example_branch_day_of_week_operator.py
[2026-03-15T18:29:51.144+0000] {processor.py:830} INFO - Processing file /home/airflow/.local/lib/python3.11/site-packages/airflow/example_dags/example_branch_day_of_week_operator.py for tasks to queue
[2026-03-15T18:29:51.145+0000] {logging_mixin.py:188} INFO - [2026-03-15T18:29:51.145+0000] {dagbag.py:540} INFO - Filling up the DagBag from /home/airflow/.local/lib/python3.11/site-packages/airflow/example_dags/example_branch_day_of_week_operator.py
[2026-03-15T18:29:51.151+0000] {processor.py:840} INFO - DAG(s) 'example_weekday_branch_operator' retrieved from /home/airflow/.local/lib/python3.11/site-packages/airflow/example_dags/example_branch_day_of_week_operator.py
[2026-03-15T18:29:51.167+0000] {logging_mixin.py:188} INFO - [2026-03-15T18:29:51.167+0000] {dag.py:3047} INFO - Sync 1 DAGs
[2026-03-15T18:29:51.182+0000] {logging_mixin.py:188} INFO - [2026-03-15T18:29:51.181+0000] {dag.py:3834} INFO - Setting next_dagrun for example_weekday_branch_operator to 2026-03-14 00:00:00+00:00, run_after=2026-03-15 00:00:00+00:00
[2026-03-15T18:29:51.194+0000] {processor.py:183} INFO - Processing /home/airflow/.local/lib/python3.11/site-packages/airflow/example_dags/example_branch_day_of_week_operator.py took 0.054 seconds
[2026-03-15T18:29:56.537+0000] {processor.py:161} INFO - Started process (PID=1802) to work on /home/airflow/.local/lib/python3.11/site-packages/airflow/example_dags/example_branch_day_of_week_operator.py
[2026-03-15T18:29:56.538+0000] {processor.py:830} INFO - Processing file /home/airflow/.local/lib/python3.11/site-packages/airflow/example_dags/example_branch_day_of_week_operator.py for tasks to queue
[2026-03-15T18:29:56.540+0000] {logging_mixin.py:188} INFO - [2026-03-15T18:29:56.539+0000] {dagbag.py:540} INFO - Filling up the DagBag from /home/airflow/.local/lib/python3.11/site-packages/airflow/example_dags/example_branch_day_of_week_operator.py
[2026-03-15T18:29:56.546+0000] {processor.py:840} INFO - DAG(s) 'example_weekday_branch_operator' retrieved from /home/airflow/.local/lib/python3.11/site-packages/airflow/example_dags/example_branch_day_of_week_operator.py
[2026-03-15T18:29:56.563+0000] {logging_mixin.py:188} INFO - [2026-03-15T18:29:56.562+0000] {dag.py:3047} INFO - Sync 1 DAGs
[2026-03-15T18:29:56.581+0000] {logging_mixin.py:188} INFO - [2026-03-15T18:29:56.581+0000] {dag.py:3834} INFO - Setting next_dagrun for example_weekday_branch_operator to 2026-03-14 00:00:00+00:00, run_after=2026-03-15 00:00:00+00:00
[2026-03-15T18:29:56.601+0000] {processor.py:183} INFO - Processing /home/airflow/.local/lib/python3.11/site-packages/airflow/example_dags/example_branch_day_of_week_operator.py took 0.067 seconds
[2026-03-15T18:31:06.263+0000] {processor.py:161} INFO - Started process (PID=82) to work on /home/airflow/.local/lib/python3.11/site-packages/airflow/example_dags/example_branch_day_of_week_operator.py
[2026-03-15T18:31:06.265+0000] {processor.py:830} INFO - Processing file /home/airflow/.local/lib/python3.11/site-packages/airflow/example_dags/example_branch_day_of_week_operator.py for tasks to queue
[2026-03-15T18:31:06.268+0000] {logging_mixin.py:188} INFO - [2026-03-15T18:31:06.267+0000] {dagbag.py:540} INFO - Filling up the DagBag from /home/airflow/.local/lib/python3.11/site-packages/airflow/example_dags/example_branch_day_of_week_operator.py
[2026-03-15T18:31:06.279+0000] {processor.py:840} INFO - DAG(s) 'example_weekday_branch_operator' retrieved from /home/airflow/.local/lib/python3.11/site-packages/airflow/example_dags/example_branch_day_of_week_operator.py
[2026-03-15T18:31:06.294+0000] {logging_mixin.py:188} INFO - [2026-03-15T18:31:06.294+0000] {dag.py:3047} INFO - Sync 1 DAGs
[2026-03-15T18:31:06.327+0000] {logging_mixin.py:188} INFO - [2026-03-15T18:31:06.326+0000] {dag.py:3834} INFO - Setting next_dagrun for example_weekday_branch_operator to 2026-03-14 00:00:00+00:00, run_after=2026-03-15 00:00:00+00:00
[2026-03-15T18:31:06.357+0000] {processor.py:183} INFO - Processing /home/airflow/.local/lib/python3.11/site-packages/airflow/example_dags/example_branch_day_of_week_operator.py took 0.098 seconds
[2026-03-15T18:32:08.525+0000] {processor.py:161} INFO - Started process (PID=82) to work on /home/airflow/.local/lib/python3.11/site-packages/airflow/example_dags/example_branch_day_of_week_operator.py
[2026-03-15T18:32:08.527+0000] {processor.py:830} INFO - Processing file /home/airflow/.local/lib/python3.11/site-packages/airflow/example_dags/example_branch_day_of_week_operator.py for tasks to queue
[2026-03-15T18:32:08.531+0000] {logging_mixin.py:188} INFO - [2026-03-15T18:32:08.530+0000] {dagbag.py:540} INFO - Filling up the DagBag from /home/airflow/.local/lib/python3.11/site-packages/airflow/example_dags/example_branch_day_of_week_operator.py
[2026-03-15T18:32:08.543+0000] {processor.py:840} INFO - DAG(s) 'example_weekday_branch_operator' retrieved from /home/airflow/.local/lib/python3.11/site-packages/airflow/example_dags/example_branch_day_of_week_operator.py
[2026-03-15T18:32:08.560+0000] {logging_mixin.py:188} INFO - [2026-03-15T18:32:08.560+0000] {dag.py:3047} INFO - Sync 1 DAGs
[2026-03-15T18:32:08.583+0000] {logging_mixin.py:188} INFO - [2026-03-15T18:32:08.583+0000] {dag.py:3834} INFO - Setting next_dagrun for example_weekday_branch_operator to 2026-03-14 00:00:00+00:00, run_after=2026-03-15 00:00:00+00:00
[2026-03-15T18:32:08.607+0000] {processor.py:183} INFO - Processing /home/airflow/.local/lib/python3.11/site-packages/airflow/example_dags/example_branch_day_of_week_operator.py took 0.087 seconds
[2026-03-15T18:32:17.104+0000] {processor.py:161} INFO - Started process (PID=138) to work on /home/airflow/.local/lib/python3.11/site-packages/airflow/example_dags/example_branch_day_of_week_operator.py
[2026-03-15T18:32:17.106+0000] {processor.py:830} INFO - Processing file /home/airflow/.local/lib/python3.11/site-packages/airflow/example_dags/example_branch_day_of_week_operator.py for tasks to queue
[2026-03-15T18:32:17.107+0000] {logging_mixin.py:188} INFO - [2026-03-15T18:32:17.107+0000] {dagbag.py:540} INFO - Filling up the DagBag from /home/airflow/.local/lib/python3.11/site-packages/airflow/example_dags/example_branch_day_of_week_operator.py
[2026-03-15T18:32:17.114+0000] {processor.py:840} INFO - DAG(s) 'example_weekday_branch_operator' retrieved from /home/airflow/.local/lib/python3.11/site-packages/airflow/example_dags/example_branch_day_of_week_operator.py
[2026-03-15T18:32:17.124+0000] {logging_mixin.py:188} INFO - [2026-03-15T18:32:17.124+0000] {dag.py:3047} INFO - Sync 1 DAGs
[2026-03-15T18:32:17.142+0000] {logging_mixin.py:188} INFO - [2026-03-15T18:32:17.142+0000] {dag.py:3834} INFO - Setting next_dagrun for example_weekday_branch_operator to 2026-03-14 00:00:00+00:00, run_after=2026-03-15 00:00:00+00:00
[2026-03-15T18:32:17.158+0000] {processor.py:183} INFO - Processing /home/airflow/.local/lib/python3.11/site-packages/airflow/example_dags/example_branch_day_of_week_operator.py took 0.057 seconds
[2026-03-15T18:33:11.371+0000] {processor.py:161} INFO - Started process (PID=186) to work on /home/airflow/.local/lib/python3.11/site-packages/airflow/example_dags/example_branch_day_of_week_operator.py
[2026-03-15T18:33:11.372+0000] {processor.py:830} INFO - Processing file /home/airflow/.local/lib/python3.11/site-packages/airflow/example_dags/example_branch_day_of_week_operator.py for tasks to queue
[2026-03-15T18:33:11.373+0000] {logging_mixin.py:188} INFO - [2026-03-15T18:33:11.373+0000] {dagbag.py:540} INFO - Filling up the DagBag from /home/airflow/.local/lib/python3.11/site-packages/airflow/example_dags/example_branch_day_of_week_operator.py
[2026-03-15T18:33:11.379+0000] {processor.py:840} INFO - DAG(s) 'example_weekday_branch_operator' retrieved from /home/airflow/.local/lib/python3.11/site-packages/airflow/example_dags/example_branch_day_of_week_operator.py
[2026-03-15T18:33:11.447+0000] {logging_mixin.py:188} INFO - [2026-03-15T18:33:11.447+0000] {dag.py:3047} INFO - Sync 1 DAGs
[2026-03-15T18:33:11.464+0000] {logging_mixin.py:188} INFO - [2026-03-15T18:33:11.464+0000] {dag.py:3834} INFO - Setting next_dagrun for example_weekday_branch_operator to 2026-03-14 00:00:00+00:00, run_after=2026-03-15 00:00:00+00:00
[2026-03-15T18:33:11.477+0000] {processor.py:183} INFO - Processing /home/airflow/.local/lib/python3.11/site-packages/airflow/example_dags/example_branch_day_of_week_operator.py took 0.109 seconds
[2026-03-15T18:33:18.405+0000] {processor.py:161} INFO - Started process (PID=248) to work on /home/airflow/.local/lib/python3.11/site-packages/airflow/example_dags/example_branch_day_of_week_operator.py
[2026-03-15T18:33:18.408+0000] {processor.py:830} INFO - Processing file /home/airflow/.local/lib/python3.11/site-packages/airflow/example_dags/example_branch_day_of_week_operator.py for tasks to queue
[2026-03-15T18:33:18.409+0000] {logging_mixin.py:188} INFO - [2026-03-15T18:33:18.409+0000] {dagbag.py:540} INFO - Filling up the DagBag from /home/airflow/.local/lib/python3.11/site-packages/airflow/example_dags/example_branch_day_of_week_operator.py
[2026-03-15T18:33:18.416+0000] {processor.py:840} INFO - DAG(s) 'example_weekday_branch_operator' retrieved from /home/airflow/.local/lib/python3.11/site-packages/airflow/example_dags/example_branch_day_of_week_operator.py
[2026-03-15T18:33:18.427+0000] {logging_mixin.py:188} INFO - [2026-03-15T18:33:18.426+0000] {dag.py:3047} INFO - Sync 1 DAGs
[2026-03-15T18:33:18.444+0000] {logging_mixin.py:188} INFO - [2026-03-15T18:33:18.444+0000] {dag.py:3834} INFO - Setting next_dagrun for example_weekday_branch_operator to 2026-03-14 00:00:00+00:00, run_after=2026-03-15 00:00:00+00:00
[2026-03-15T18:33:18.459+0000] {processor.py:183} INFO - Processing /home/airflow/.local/lib/python3.11/site-packages/airflow/example_dags/example_branch_day_of_week_operator.py took 0.057 seconds
[2026-03-15T18:33:48.409+0000] {processor.py:161} INFO - Started process (PID=304) to work on /home/airflow/.local/lib/python3.11/site-packages/airflow/example_dags/example_branch_day_of_week_operator.py
[2026-03-15T18:33:48.411+0000] {processor.py:830} INFO - Processing file /home/airflow/.local/lib/python3.11/site-packages/airflow/example_dags/example_branch_day_of_week_operator.py for tasks to queue
[2026-03-15T18:33:48.413+0000] {logging_mixin.py:188} INFO - [2026-03-15T18:33:48.413+0000] {dagbag.py:540} INFO - Filling up the DagBag from /home/airflow/.local/lib/python3.11/site-packages/airflow/example_dags/example_branch_day_of_week_operator.py
[2026-03-15T18:33:48.422+0000] {processor.py:840} INFO - DAG(s) 'example_weekday_branch_operator' retrieved from /home/airflow/.local/lib/python3.11/site-packages/airflow/example_dags/example_branch_day_of_week_operator.py
[2026-03-15T18:33:48.443+0000] {logging_mixin.py:188} INFO - [2026-03-15T18:33:48.443+0000] {dag.py:3047} INFO - Sync 1 DAGs
[2026-03-15T18:33:48.462+0000] {logging_mixin.py:188} INFO - [2026-03-15T18:33:48.461+0000] {dag.py:3834} INFO - Setting next_dagrun for example_weekday_branch_operator to 2026-03-14 00:00:00+00:00, run_after=2026-03-15 00:00:00+00:00
[2026-03-15T18:33:48.482+0000] {processor.py:183} INFO - Processing /home/airflow/.local/lib/python3.11/site-packages/airflow/example_dags/example_branch_day_of_week_operator.py took 0.076 seconds
[2026-03-15T18:34:44.690+0000] {processor.py:161} INFO - Started process (PID=70) to work on /home/airflow/.local/lib/python3.11/site-packages/airflow/example_dags/example_branch_day_of_week_operator.py
[2026-03-15T18:34:44.692+0000] {processor.py:830} INFO - Processing file /home/airflow/.local/lib/python3.11/site-packages/airflow/example_dags/example_branch_day_of_week_operator.py for tasks to queue
[2026-03-15T18:34:44.696+0000] {logging_mixin.py:188} INFO - [2026-03-15T18:34:44.695+0000] {dagbag.py:540} INFO - Filling up the DagBag from /home/airflow/.local/lib/python3.11/site-packages/airflow/example_dags/example_branch_day_of_week_operator.py
[2026-03-15T18:34:44.705+0000] {processor.py:840} INFO - DAG(s) 'example_weekday_branch_operator' retrieved from /home/airflow/.local/lib/python3.11/site-packages/airflow/example_dags/example_branch_day_of_week_operator.py
[2026-03-15T18:34:44.719+0000] {logging_mixin.py:188} INFO - [2026-03-15T18:34:44.718+0000] {dag.py:3047} INFO - Sync 1 DAGs
[2026-03-15T18:34:44.745+0000] {logging_mixin.py:188} INFO - [2026-03-15T18:34:44.744+0000] {dag.py:3834} INFO - Setting next_dagrun for example_weekday_branch_operator to 2026-03-14 00:00:00+00:00, run_after=2026-03-15 00:00:00+00:00
[2026-03-15T18:34:44.766+0000] {processor.py:183} INFO - Processing /home/airflow/.local/lib/python3.11/site-packages/airflow/example_dags/example_branch_day_of_week_operator.py took 0.079 seconds
[2026-03-15T18:34:48.625+0000] {processor.py:161} INFO - Started process (PID=120) to work on /home/airflow/.local/lib/python3.11/site-packages/airflow/example_dags/example_branch_day_of_week_operator.py
[2026-03-15T18:34:48.626+0000] {processor.py:830} INFO - Processing file /home/airflow/.local/lib/python3.11/site-packages/airflow/example_dags/example_branch_day_of_week_operator.py for tasks to queue
[2026-03-15T18:34:48.628+0000] {logging_mixin.py:188} INFO - [2026-03-15T18:34:48.627+0000] {dagbag.py:540} INFO - Filling up the DagBag from /home/airflow/.local/lib/python3.11/site-packages/airflow/example_dags/example_branch_day_of_week_operator.py
[2026-03-15T18:34:48.634+0000] {processor.py:840} INFO - DAG(s) 'example_weekday_branch_operator' retrieved from /home/airflow/.local/lib/python3.11/site-packages/airflow/example_dags/example_branch_day_of_week_operator.py
[2026-03-15T18:34:48.645+0000] {logging_mixin.py:188} INFO - [2026-03-15T18:34:48.645+0000] {dag.py:3047} INFO - Sync 1 DAGs
[2026-03-15T18:34:48.663+0000] {logging_mixin.py:188} INFO - [2026-03-15T18:34:48.663+0000] {dag.py:3834} INFO - Setting next_dagrun for example_weekday_branch_operator to 2026-03-14 00:00:00+00:00, run_after=2026-03-15 00:00:00+00:00
[2026-03-15T18:34:48.678+0000] {processor.py:183} INFO - Processing /home/airflow/.local/lib/python3.11/site-packages/airflow/example_dags/example_branch_day_of_week_operator.py took 0.056 seconds
[2026-03-15T18:35:19.867+0000] {processor.py:161} INFO - Started process (PID=176) to work on /home/airflow/.local/lib/python3.11/site-packages/airflow/example_dags/example_branch_day_of_week_operator.py
[2026-03-15T18:35:19.868+0000] {processor.py:830} INFO - Processing file /home/airflow/.local/lib/python3.11/site-packages/airflow/example_dags/example_branch_day_of_week_operator.py for tasks to queue
[2026-03-15T18:35:19.870+0000] {logging_mixin.py:188} INFO - [2026-03-15T18:35:19.869+0000] {dagbag.py:540} INFO - Filling up the DagBag from /home/airflow/.local/lib/python3.11/site-packages/airflow/example_dags/example_branch_day_of_week_operator.py
[2026-03-15T18:35:19.876+0000] {processor.py:840} INFO - DAG(s) 'example_weekday_branch_operator' retrieved from /home/airflow/.local/lib/python3.11/site-packages/airflow/example_dags/example_branch_day_of_week_operator.py
[2026-03-15T18:35:19.942+0000] {logging_mixin.py:188} INFO - [2026-03-15T18:35:19.942+0000] {dag.py:3047} INFO - Sync 1 DAGs
[2026-03-15T18:35:19.957+0000] {logging_mixin.py:188} INFO - [2026-03-15T18:35:19.956+0000] {dag.py:3834} INFO - Setting next_dagrun for example_weekday_branch_operator to 2026-03-14 00:00:00+00:00, run_after=2026-03-15 00:00:00+00:00
[2026-03-15T18:35:19.973+0000] {processor.py:183} INFO - Processing /home/airflow/.local/lib/python3.11/site-packages/airflow/example_dags/example_branch_day_of_week_operator.py took 0.108 seconds
[2026-03-15T18:39:28.941+0000] {processor.py:161} INFO - Started process (PID=82) to work on /home/airflow/.local/lib/python3.11/site-packages/airflow/example_dags/example_branch_day_of_week_operator.py
[2026-03-15T18:39:28.942+0000] {processor.py:830} INFO - Processing file /home/airflow/.local/lib/python3.11/site-packages/airflow/example_dags/example_branch_day_of_week_operator.py for tasks to queue
[2026-03-15T18:39:28.945+0000] {logging_mixin.py:188} INFO - [2026-03-15T18:39:28.944+0000] {dagbag.py:540} INFO - Filling up the DagBag from /home/airflow/.local/lib/python3.11/site-packages/airflow/example_dags/example_branch_day_of_week_operator.py
[2026-03-15T18:39:28.953+0000] {processor.py:840} INFO - DAG(s) 'example_weekday_branch_operator' retrieved from /home/airflow/.local/lib/python3.11/site-packages/airflow/example_dags/example_branch_day_of_week_operator.py
[2026-03-15T18:39:28.967+0000] {logging_mixin.py:188} INFO - [2026-03-15T18:39:28.967+0000] {dag.py:3047} INFO - Sync 1 DAGs
[2026-03-15T18:39:28.991+0000] {logging_mixin.py:188} INFO - [2026-03-15T18:39:28.990+0000] {dag.py:3834} INFO - Setting next_dagrun for example_weekday_branch_operator to 2026-03-14 00:00:00+00:00, run_after=2026-03-15 00:00:00+00:00
[2026-03-15T18:39:29.010+0000] {processor.py:183} INFO - Processing /home/airflow/.local/lib/python3.11/site-packages/airflow/example_dags/example_branch_day_of_week_operator.py took 0.073 seconds
[2026-03-15T18:39:59.818+0000] {processor.py:161} INFO - Started process (PID=144) to work on /home/airflow/.local/lib/python3.11/site-packages/airflow/example_dags/example_branch_day_of_week_operator.py
[2026-03-15T18:39:59.819+0000] {processor.py:830} INFO - Processing file /home/airflow/.local/lib/python3.11/site-packages/airflow/example_dags/example_branch_day_of_week_operator.py for tasks to queue
[2026-03-15T18:39:59.822+0000] {logging_mixin.py:188} INFO - [2026-03-15T18:39:59.821+0000] {dagbag.py:540} INFO - Filling up the DagBag from /home/airflow/.local/lib/python3.11/site-packages/airflow/example_dags/example_branch_day_of_week_operator.py
[2026-03-15T18:39:59.828+0000] {processor.py:840} INFO - DAG(s) 'example_weekday_branch_operator' retrieved from /home/airflow/.local/lib/python3.11/site-packages/airflow/example_dags/example_branch_day_of_week_operator.py
[2026-03-15T18:39:59.896+0000] {logging_mixin.py:188} INFO - [2026-03-15T18:39:59.896+0000] {dag.py:3047} INFO - Sync 1 DAGs
[2026-03-15T18:39:59.910+0000] {logging_mixin.py:188} INFO - [2026-03-15T18:39:59.910+0000] {dag.py:3834} INFO - Setting next_dagrun for example_weekday_branch_operator to 2026-03-14 00:00:00+00:00, run_after=2026-03-15 00:00:00+00:00
[2026-03-15T18:39:59.925+0000] {processor.py:183} INFO - Processing /home/airflow/.local/lib/python3.11/site-packages/airflow/example_dags/example_branch_day_of_week_operator.py took 0.110 seconds
[2026-03-15T18:40:28.777+0000] {processor.py:161} INFO - Started process (PID=196) to work on /home/airflow/.local/lib/python3.11/site-packages/airflow/example_dags/example_branch_day_of_week_operator.py
[2026-03-15T18:40:28.778+0000] {processor.py:830} INFO - Processing file /home/airflow/.local/lib/python3.11/site-packages/airflow/example_dags/example_branch_day_of_week_operator.py for tasks to queue
[2026-03-15T18:40:28.780+0000] {logging_mixin.py:188} INFO - [2026-03-15T18:40:28.780+0000] {dagbag.py:540} INFO - Filling up the DagBag from /home/airflow/.local/lib/python3.11/site-packages/airflow/example_dags/example_branch_day_of_week_operator.py
[2026-03-15T18:40:28.786+0000] {processor.py:840} INFO - DAG(s) 'example_weekday_branch_operator' retrieved from /home/airflow/.local/lib/python3.11/site-packages/airflow/example_dags/example_branch_day_of_week_operator.py
[2026-03-15T18:40:28.796+0000] {logging_mixin.py:188} INFO - [2026-03-15T18:40:28.796+0000] {dag.py:3047} INFO - Sync 1 DAGs
[2026-03-15T18:40:28.812+0000] {logging_mixin.py:188} INFO - [2026-03-15T18:40:28.812+0000] {dag.py:3834} INFO - Setting next_dagrun for example_weekday_branch_operator to 2026-03-14 00:00:00+00:00, run_after=2026-03-15 00:00:00+00:00
[2026-03-15T18:40:28.826+0000] {processor.py:183} INFO - Processing /home/airflow/.local/lib/python3.11/site-packages/airflow/example_dags/example_branch_day_of_week_operator.py took 0.052 seconds
[2026-03-15T18:40:33.893+0000] {processor.py:161} INFO - Started process (PID=246) to work on /home/airflow/.local/lib/python3.11/site-packages/airflow/example_dags/example_branch_day_of_week_operator.py
[2026-03-15T18:40:33.894+0000] {processor.py:830} INFO - Processing file /home/airflow/.local/lib/python3.11/site-packages/airflow/example_dags/example_branch_day_of_week_operator.py for tasks to queue
[2026-03-15T18:40:33.896+0000] {logging_mixin.py:188} INFO - [2026-03-15T18:40:33.895+0000] {dagbag.py:540} INFO - Filling up the DagBag from /home/airflow/.local/lib/python3.11/site-packages/airflow/example_dags/example_branch_day_of_week_operator.py
[2026-03-15T18:40:33.903+0000] {processor.py:840} INFO - DAG(s) 'example_weekday_branch_operator' retrieved from /home/airflow/.local/lib/python3.11/site-packages/airflow/example_dags/example_branch_day_of_week_operator.py
[2026-03-15T18:40:33.921+0000] {logging_mixin.py:188} INFO - [2026-03-15T18:40:33.920+0000] {dag.py:3047} INFO - Sync 1 DAGs
[2026-03-15T18:40:33.937+0000] {logging_mixin.py:188} INFO - [2026-03-15T18:40:33.937+0000] {dag.py:3834} INFO - Setting next_dagrun for example_weekday_branch_operator to 2026-03-14 00:00:00+00:00, run_after=2026-03-15 00:00:00+00:00
[2026-03-15T18:40:33.952+0000] {processor.py:183} INFO - Processing /home/airflow/.local/lib/python3.11/site-packages/airflow/example_dags/example_branch_day_of_week_operator.py took 0.062 seconds
[2026-03-15T18:40:38.899+0000] {processor.py:161} INFO - Started process (PID=290) to work on /home/airflow/.local/lib/python3.11/site-packages/airflow/example_dags/example_branch_day_of_week_operator.py
[2026-03-15T18:40:38.900+0000] {processor.py:830} INFO - Processing file /home/airflow/.local/lib/python3.11/site-packages/airflow/example_dags/example_branch_day_of_week_operator.py for tasks to queue
[2026-03-15T18:40:38.902+0000] {logging_mixin.py:188} INFO - [2026-03-15T18:40:38.901+0000] {dagbag.py:540} INFO - Filling up the DagBag from /home/airflow/.local/lib/python3.11/site-packages/airflow/example_dags/example_branch_day_of_week_operator.py
[2026-03-15T18:40:38.908+0000] {processor.py:840} INFO - DAG(s) 'example_weekday_branch_operator' retrieved from /home/airflow/.local/lib/python3.11/site-packages/airflow/example_dags/example_branch_day_of_week_operator.py
[2026-03-15T18:40:38.924+0000] {logging_mixin.py:188} INFO - [2026-03-15T18:40:38.923+0000] {dag.py:3047} INFO - Sync 1 DAGs
[2026-03-15T18:40:38.938+0000] {logging_mixin.py:188} INFO - [2026-03-15T18:40:38.938+0000] {dag.py:3834} INFO - Setting next_dagrun for example_weekday_branch_operator to 2026-03-14 00:00:00+00:00, run_after=2026-03-15 00:00:00+00:00
[2026-03-15T18:40:38.951+0000] {processor.py:183} INFO - Processing /home/airflow/.local/lib/python3.11/site-packages/airflow/example_dags/example_branch_day_of_week_operator.py took 0.055 seconds
[2026-03-15T18:40:43.696+0000] {processor.py:161} INFO - Started process (PID=332) to work on /home/airflow/.local/lib/python3.11/site-packages/airflow/example_dags/example_branch_day_of_week_operator.py
[2026-03-15T18:40:43.697+0000] {processor.py:830} INFO - Processing file /home/airflow/.local/lib/python3.11/site-packages/airflow/example_dags/example_branch_day_of_week_operator.py for tasks to queue
[2026-03-15T18:40:43.698+0000] {logging_mixin.py:188} INFO - [2026-03-15T18:40:43.698+0000] {dagbag.py:540} INFO - Filling up the DagBag from /home/airflow/.local/lib/python3.11/site-packages/airflow/example_dags/example_branch_day_of_week_operator.py
[2026-03-15T18:40:43.704+0000] {processor.py:840} INFO - DAG(s) 'example_weekday_branch_operator' retrieved from /home/airflow/.local/lib/python3.11/site-packages/airflow/example_dags/example_branch_day_of_week_operator.py
[2026-03-15T18:40:43.720+0000] {logging_mixin.py:188} INFO - [2026-03-15T18:40:43.720+0000] {dag.py:3047} INFO - Sync 1 DAGs
[2026-03-15T18:40:43.734+0000] {logging_mixin.py:188} INFO - [2026-03-15T18:40:43.734+0000] {dag.py:3834} INFO - Setting next_dagrun for example_weekday_branch_operator to 2026-03-14 00:00:00+00:00, run_after=2026-03-15 00:00:00+00:00
[2026-03-15T18:40:43.748+0000] {processor.py:183} INFO - Processing /home/airflow/.local/lib/python3.11/site-packages/airflow/example_dags/example_branch_day_of_week_operator.py took 0.055 seconds
[2026-03-15T18:40:53.458+0000] {processor.py:161} INFO - Started process (PID=371) to work on /home/airflow/.local/lib/python3.11/site-packages/airflow/example_dags/example_branch_day_of_week_operator.py
[2026-03-15T18:40:53.459+0000] {processor.py:830} INFO - Processing file /home/airflow/.local/lib/python3.11/site-packages/airflow/example_dags/example_branch_day_of_week_operator.py for tasks to queue
[2026-03-15T18:40:53.461+0000] {logging_mixin.py:188} INFO - [2026-03-15T18:40:53.460+0000] {dagbag.py:540} INFO - Filling up the DagBag from /home/airflow/.local/lib/python3.11/site-packages/airflow/example_dags/example_branch_day_of_week_operator.py
[2026-03-15T18:40:53.466+0000] {processor.py:840} INFO - DAG(s) 'example_weekday_branch_operator' retrieved from /home/airflow/.local/lib/python3.11/site-packages/airflow/example_dags/example_branch_day_of_week_operator.py
[2026-03-15T18:40:53.482+0000] {logging_mixin.py:188} INFO - [2026-03-15T18:40:53.482+0000] {dag.py:3047} INFO - Sync 1 DAGs
[2026-03-15T18:40:53.498+0000] {logging_mixin.py:188} INFO - [2026-03-15T18:40:53.497+0000] {dag.py:3834} INFO - Setting next_dagrun for example_weekday_branch_operator to 2026-03-14 00:00:00+00:00, run_after=2026-03-15 00:00:00+00:00
[2026-03-15T18:40:53.512+0000] {processor.py:183} INFO - Processing /home/airflow/.local/lib/python3.11/site-packages/airflow/example_dags/example_branch_day_of_week_operator.py took 0.056 seconds
[2026-03-15T18:41:24.311+0000] {processor.py:161} INFO - Started process (PID=411) to work on /home/airflow/.local/lib/python3.11/site-packages/airflow/example_dags/example_branch_day_of_week_operator.py
[2026-03-15T18:41:24.313+0000] {processor.py:830} INFO - Processing file /home/airflow/.local/lib/python3.11/site-packages/airflow/example_dags/example_branch_day_of_week_operator.py for tasks to queue
[2026-03-15T18:41:24.315+0000] {logging_mixin.py:188} INFO - [2026-03-15T18:41:24.314+0000] {dagbag.py:540} INFO - Filling up the DagBag from /home/airflow/.local/lib/python3.11/site-packages/airflow/example_dags/example_branch_day_of_week_operator.py
[2026-03-15T18:41:24.321+0000] {processor.py:840} INFO - DAG(s) 'example_weekday_branch_operator' retrieved from /home/airflow/.local/lib/python3.11/site-packages/airflow/example_dags/example_branch_day_of_week_operator.py
[2026-03-15T18:41:24.344+0000] {logging_mixin.py:188} INFO - [2026-03-15T18:41:24.343+0000] {dag.py:3047} INFO - Sync 1 DAGs
[2026-03-15T18:41:24.388+0000] {logging_mixin.py:188} INFO - [2026-03-15T18:41:24.387+0000] {dag.py:3834} INFO - Setting next_dagrun for example_weekday_branch_operator to 2026-03-14 00:00:00+00:00, run_after=2026-03-15 00:00:00+00:00
[2026-03-15T18:41:24.406+0000] {processor.py:183} INFO - Processing /home/airflow/.local/lib/python3.11/site-packages/airflow/example_dags/example_branch_day_of_week_operator.py took 0.098 seconds
[2026-03-15T18:41:55.045+0000] {processor.py:161} INFO - Started process (PID=457) to work on /home/airflow/.local/lib/python3.11/site-packages/airflow/example_dags/example_branch_day_of_week_operator.py
[2026-03-15T18:41:55.046+0000] {processor.py:830} INFO - Processing file /home/airflow/.local/lib/python3.11/site-packages/airflow/example_dags/example_branch_day_of_week_operator.py for tasks to queue
[2026-03-15T18:41:55.047+0000] {logging_mixin.py:188} INFO - [2026-03-15T18:41:55.047+0000] {dagbag.py:540} INFO - Filling up the DagBag from /home/airflow/.local/lib/python3.11/site-packages/airflow/example_dags/example_branch_day_of_week_operator.py
[2026-03-15T18:41:55.053+0000] {processor.py:840} INFO - DAG(s) 'example_weekday_branch_operator' retrieved from /home/airflow/.local/lib/python3.11/site-packages/airflow/example_dags/example_branch_day_of_week_operator.py
[2026-03-15T18:41:55.068+0000] {logging_mixin.py:188} INFO - [2026-03-15T18:41:55.068+0000] {dag.py:3047} INFO - Sync 1 DAGs
[2026-03-15T18:41:55.083+0000] {logging_mixin.py:188} INFO - [2026-03-15T18:41:55.082+0000] {dag.py:3834} INFO - Setting next_dagrun for example_weekday_branch_operator to 2026-03-14 00:00:00+00:00, run_after=2026-03-15 00:00:00+00:00
[2026-03-15T18:41:55.097+0000] {processor.py:183} INFO - Processing /home/airflow/.local/lib/python3.11/site-packages/airflow/example_dags/example_branch_day_of_week_operator.py took 0.055 seconds
[2026-03-15T18:42:25.872+0000] {processor.py:161} INFO - Started process (PID=513) to work on /home/airflow/.local/lib/python3.11/site-packages/airflow/example_dags/example_branch_day_of_week_operator.py
[2026-03-15T18:42:25.873+0000] {processor.py:830} INFO - Processing file /home/airflow/.local/lib/python3.11/site-packages/airflow/example_dags/example_branch_day_of_week_operator.py for tasks to queue
[2026-03-15T18:42:25.875+0000] {logging_mixin.py:188} INFO - [2026-03-15T18:42:25.875+0000] {dagbag.py:540} INFO - Filling up the DagBag from /home/airflow/.local/lib/python3.11/site-packages/airflow/example_dags/example_branch_day_of_week_operator.py
[2026-03-15T18:42:25.881+0000] {processor.py:840} INFO - DAG(s) 'example_weekday_branch_operator' retrieved from /home/airflow/.local/lib/python3.11/site-packages/airflow/example_dags/example_branch_day_of_week_operator.py
[2026-03-15T18:42:25.899+0000] {logging_mixin.py:188} INFO - [2026-03-15T18:42:25.899+0000] {dag.py:3047} INFO - Sync 1 DAGs
[2026-03-15T18:42:25.917+0000] {logging_mixin.py:188} INFO - [2026-03-15T18:42:25.916+0000] {dag.py:3834} INFO - Setting next_dagrun for example_weekday_branch_operator to 2026-03-14 00:00:00+00:00, run_after=2026-03-15 00:00:00+00:00
[2026-03-15T18:42:25.930+0000] {processor.py:183} INFO - Processing /home/airflow/.local/lib/python3.11/site-packages/airflow/example_dags/example_branch_day_of_week_operator.py took 0.062 seconds
[2026-03-15T18:42:29.295+0000] {processor.py:161} INFO - Started process (PID=560) to work on /home/airflow/.local/lib/python3.11/site-packages/airflow/example_dags/example_branch_day_of_week_operator.py
[2026-03-15T18:42:29.296+0000] {processor.py:830} INFO - Processing file /home/airflow/.local/lib/python3.11/site-packages/airflow/example_dags/example_branch_day_of_week_operator.py for tasks to queue
[2026-03-15T18:42:29.298+0000] {logging_mixin.py:188} INFO - [2026-03-15T18:42:29.297+0000] {dagbag.py:540} INFO - Filling up the DagBag from /home/airflow/.local/lib/python3.11/site-packages/airflow/example_dags/example_branch_day_of_week_operator.py
[2026-03-15T18:42:29.305+0000] {processor.py:840} INFO - DAG(s) 'example_weekday_branch_operator' retrieved from /home/airflow/.local/lib/python3.11/site-packages/airflow/example_dags/example_branch_day_of_week_operator.py
[2026-03-15T18:42:29.320+0000] {logging_mixin.py:188} INFO - [2026-03-15T18:42:29.320+0000] {dag.py:3047} INFO - Sync 1 DAGs
[2026-03-15T18:42:29.335+0000] {logging_mixin.py:188} INFO - [2026-03-15T18:42:29.335+0000] {dag.py:3834} INFO - Setting next_dagrun for example_weekday_branch_operator to 2026-03-14 00:00:00+00:00, run_after=2026-03-15 00:00:00+00:00
[2026-03-15T18:42:29.348+0000] {processor.py:183} INFO - Processing /home/airflow/.local/lib/python3.11/site-packages/airflow/example_dags/example_branch_day_of_week_operator.py took 0.055 seconds
[2026-03-15T18:42:59.589+0000] {processor.py:161} INFO - Started process (PID=610) to work on /home/airflow/.local/lib/python3.11/site-packages/airflow/example_dags/example_branch_day_of_week_operator.py
[2026-03-15T18:42:59.589+0000] {processor.py:830} INFO - Processing file /home/airflow/.local/lib/python3.11/site-packages/airflow/example_dags/example_branch_day_of_week_operator.py for tasks to queue
[2026-03-15T18:42:59.591+0000] {logging_mixin.py:188} INFO - [2026-03-15T18:42:59.591+0000] {dagbag.py:540} INFO - Filling up the DagBag from /home/airflow/.local/lib/python3.11/site-packages/airflow/example_dags/example_branch_day_of_week_operator.py
[2026-03-15T18:42:59.597+0000] {processor.py:840} INFO - DAG(s) 'example_weekday_branch_operator' retrieved from /home/airflow/.local/lib/python3.11/site-packages/airflow/example_dags/example_branch_day_of_week_operator.py
[2026-03-15T18:42:59.615+0000] {logging_mixin.py:188} INFO - [2026-03-15T18:42:59.614+0000] {dag.py:3047} INFO - Sync 1 DAGs
[2026-03-15T18:42:59.629+0000] {logging_mixin.py:188} INFO - [2026-03-15T18:42:59.629+0000] {dag.py:3834} INFO - Setting next_dagrun for example_weekday_branch_operator to 2026-03-14 00:00:00+00:00, run_after=2026-03-15 00:00:00+00:00
[2026-03-15T18:42:59.641+0000] {processor.py:183} INFO - Processing /home/airflow/.local/lib/python3.11/site-packages/airflow/example_dags/example_branch_day_of_week_operator.py took 0.055 seconds
[2026-03-15T18:43:30.140+0000] {processor.py:161} INFO - Started process (PID=660) to work on /home/airflow/.local/lib/python3.11/site-packages/airflow/example_dags/example_branch_day_of_week_operator.py
[2026-03-15T18:43:30.141+0000] {processor.py:830} INFO - Processing file /home/airflow/.local/lib/python3.11/site-packages/airflow/example_dags/example_branch_day_of_week_operator.py for tasks to queue
[2026-03-15T18:43:30.143+0000] {logging_mixin.py:188} INFO - [2026-03-15T18:43:30.142+0000] {dagbag.py:540} INFO - Filling up the DagBag from /home/airflow/.local/lib/python3.11/site-packages/airflow/example_dags/example_branch_day_of_week_operator.py
[2026-03-15T18:43:30.149+0000] {processor.py:840} INFO - DAG(s) 'example_weekday_branch_operator' retrieved from /home/airflow/.local/lib/python3.11/site-packages/airflow/example_dags/example_branch_day_of_week_operator.py
[2026-03-15T18:43:30.166+0000] {logging_mixin.py:188} INFO - [2026-03-15T18:43:30.166+0000] {dag.py:3047} INFO - Sync 1 DAGs
[2026-03-15T18:43:30.182+0000] {logging_mixin.py:188} INFO - [2026-03-15T18:43:30.181+0000] {dag.py:3834} INFO - Setting next_dagrun for example_weekday_branch_operator to 2026-03-14 00:00:00+00:00, run_after=2026-03-15 00:00:00+00:00
[2026-03-15T18:43:30.196+0000] {processor.py:183} INFO - Processing /home/airflow/.local/lib/python3.11/site-packages/airflow/example_dags/example_branch_day_of_week_operator.py took 0.059 seconds
[2026-03-15T18:43:34.320+0000] {processor.py:161} INFO - Started process (PID=714) to work on /home/airflow/.local/lib/python3.11/site-packages/airflow/example_dags/example_branch_day_of_week_operator.py
[2026-03-15T18:43:34.321+0000] {processor.py:830} INFO - Processing file /home/airflow/.local/lib/python3.11/site-packages/airflow/example_dags/example_branch_day_of_week_operator.py for tasks to queue
[2026-03-15T18:43:34.323+0000] {logging_mixin.py:188} INFO - [2026-03-15T18:43:34.323+0000] {dagbag.py:540} INFO - Filling up the DagBag from /home/airflow/.local/lib/python3.11/site-packages/airflow/example_dags/example_branch_day_of_week_operator.py
[2026-03-15T18:43:34.329+0000] {processor.py:840} INFO - DAG(s) 'example_weekday_branch_operator' retrieved from /home/airflow/.local/lib/python3.11/site-packages/airflow/example_dags/example_branch_day_of_week_operator.py
[2026-03-15T18:43:34.345+0000] {logging_mixin.py:188} INFO - [2026-03-15T18:43:34.345+0000] {dag.py:3047} INFO - Sync 1 DAGs
[2026-03-15T18:43:34.362+0000] {logging_mixin.py:188} INFO - [2026-03-15T18:43:34.362+0000] {dag.py:3834} INFO - Setting next_dagrun for example_weekday_branch_operator to 2026-03-14 00:00:00+00:00, run_after=2026-03-15 00:00:00+00:00
[2026-03-15T18:43:34.377+0000] {processor.py:183} INFO - Processing /home/airflow/.local/lib/python3.11/site-packages/airflow/example_dags/example_branch_day_of_week_operator.py took 0.060 seconds
[2026-03-15T18:44:04.656+0000] {processor.py:161} INFO - Started process (PID=767) to work on /home/airflow/.local/lib/python3.11/site-packages/airflow/example_dags/example_branch_day_of_week_operator.py
[2026-03-15T18:44:04.657+0000] {processor.py:830} INFO - Processing file /home/airflow/.local/lib/python3.11/site-packages/airflow/example_dags/example_branch_day_of_week_operator.py for tasks to queue
[2026-03-15T18:44:04.658+0000] {logging_mixin.py:188} INFO - [2026-03-15T18:44:04.658+0000] {dagbag.py:540} INFO - Filling up the DagBag from /home/airflow/.local/lib/python3.11/site-packages/airflow/example_dags/example_branch_day_of_week_operator.py
[2026-03-15T18:44:04.664+0000] {processor.py:840} INFO - DAG(s) 'example_weekday_branch_operator' retrieved from /home/airflow/.local/lib/python3.11/site-packages/airflow/example_dags/example_branch_day_of_week_operator.py
[2026-03-15T18:44:04.680+0000] {logging_mixin.py:188} INFO - [2026-03-15T18:44:04.680+0000] {dag.py:3047} INFO - Sync 1 DAGs
[2026-03-15T18:44:04.697+0000] {logging_mixin.py:188} INFO - [2026-03-15T18:44:04.696+0000] {dag.py:3834} INFO - Setting next_dagrun for example_weekday_branch_operator to 2026-03-14 00:00:00+00:00, run_after=2026-03-15 00:00:00+00:00
[2026-03-15T18:44:04.710+0000] {processor.py:183} INFO - Processing /home/airflow/.local/lib/python3.11/site-packages/airflow/example_dags/example_branch_day_of_week_operator.py took 0.057 seconds
[2026-03-15T18:44:35.776+0000] {processor.py:161} INFO - Started process (PID=820) to work on /home/airflow/.local/lib/python3.11/site-packages/airflow/example_dags/example_branch_day_of_week_operator.py
[2026-03-15T18:44:35.780+0000] {processor.py:830} INFO - Processing file /home/airflow/.local/lib/python3.11/site-packages/airflow/example_dags/example_branch_day_of_week_operator.py for tasks to queue
[2026-03-15T18:44:35.786+0000] {logging_mixin.py:188} INFO - [2026-03-15T18:44:35.785+0000] {dagbag.py:540} INFO - Filling up the DagBag from /home/airflow/.local/lib/python3.11/site-packages/airflow/example_dags/example_branch_day_of_week_operator.py
[2026-03-15T18:44:35.800+0000] {processor.py:840} INFO - DAG(s) 'example_weekday_branch_operator' retrieved from /home/airflow/.local/lib/python3.11/site-packages/airflow/example_dags/example_branch_day_of_week_operator.py
[2026-03-15T18:44:35.852+0000] {logging_mixin.py:188} INFO - [2026-03-15T18:44:35.851+0000] {dag.py:3047} INFO - Sync 1 DAGs
[2026-03-15T18:44:35.910+0000] {logging_mixin.py:188} INFO - [2026-03-15T18:44:35.909+0000] {dag.py:3834} INFO - Setting next_dagrun for example_weekday_branch_operator to 2026-03-14 00:00:00+00:00, run_after=2026-03-15 00:00:00+00:00
[2026-03-15T18:44:35.957+0000] {processor.py:183} INFO - Processing /home/airflow/.local/lib/python3.11/site-packages/airflow/example_dags/example_branch_day_of_week_operator.py took 0.188 seconds
[2026-03-15T18:44:48.684+0000] {processor.py:161} INFO - Started process (PID=870) to work on /home/airflow/.local/lib/python3.11/site-packages/airflow/example_dags/example_branch_day_of_week_operator.py
[2026-03-15T18:44:48.685+0000] {processor.py:830} INFO - Processing file /home/airflow/.local/lib/python3.11/site-packages/airflow/example_dags/example_branch_day_of_week_operator.py for tasks to queue
[2026-03-15T18:44:48.687+0000] {logging_mixin.py:188} INFO - [2026-03-15T18:44:48.686+0000] {dagbag.py:540} INFO - Filling up the DagBag from /home/airflow/.local/lib/python3.11/site-packages/airflow/example_dags/example_branch_day_of_week_operator.py
[2026-03-15T18:44:48.693+0000] {processor.py:840} INFO - DAG(s) 'example_weekday_branch_operator' retrieved from /home/airflow/.local/lib/python3.11/site-packages/airflow/example_dags/example_branch_day_of_week_operator.py
[2026-03-15T18:44:48.709+0000] {logging_mixin.py:188} INFO - [2026-03-15T18:44:48.709+0000] {dag.py:3047} INFO - Sync 1 DAGs
[2026-03-15T18:44:48.726+0000] {logging_mixin.py:188} INFO - [2026-03-15T18:44:48.726+0000] {dag.py:3834} INFO - Setting next_dagrun for example_weekday_branch_operator to 2026-03-14 00:00:00+00:00, run_after=2026-03-15 00:00:00+00:00
[2026-03-15T18:44:48.742+0000] {processor.py:183} INFO - Processing /home/airflow/.local/lib/python3.11/site-packages/airflow/example_dags/example_branch_day_of_week_operator.py took 0.060 seconds
