[2026-03-15T17:04:59.955+0000] {processor.py:161} INFO - Started process (PID=74) to work on /home/airflow/.local/lib/python3.11/site-packages/airflow/example_dags/example_skip_dag.py
[2026-03-15T17:04:59.956+0000] {processor.py:830} INFO - Processing file /home/airflow/.local/lib/python3.11/site-packages/airflow/example_dags/example_skip_dag.py for tasks to queue
[2026-03-15T17:04:59.960+0000] {logging_mixin.py:188} INFO - [2026-03-15T17:04:59.960+0000] {dagbag.py:540} INFO - Filling up the DagBag from /home/airflow/.local/lib/python3.11/site-packages/airflow/example_dags/example_skip_dag.py
[2026-03-15T17:04:59.970+0000] {processor.py:840} INFO - DAG(s) 'example_skip_dag' retrieved from /home/airflow/.local/lib/python3.11/site-packages/airflow/example_dags/example_skip_dag.py
[2026-03-15T17:04:59.982+0000] {logging_mixin.py:188} INFO - [2026-03-15T17:04:59.982+0000] {dag.py:3047} INFO - Sync 1 DAGs
[2026-03-15T17:05:00.003+0000] {logging_mixin.py:188} INFO - [2026-03-15T17:05:00.003+0000] {dag.py:3834} INFO - Setting next_dagrun for example_skip_dag to 2026-03-14 00:00:00+00:00, run_after=2026-03-15 00:00:00+00:00
[2026-03-15T17:05:00.022+0000] {processor.py:183} INFO - Processing /home/airflow/.local/lib/python3.11/site-packages/airflow/example_dags/example_skip_dag.py took 0.070 seconds
[2026-03-15T17:05:30.777+0000] {processor.py:161} INFO - Started process (PID=130) to work on /home/airflow/.local/lib/python3.11/site-packages/airflow/example_dags/example_skip_dag.py
[2026-03-15T17:05:30.778+0000] {processor.py:830} INFO - Processing file /home/airflow/.local/lib/python3.11/site-packages/airflow/example_dags/example_skip_dag.py for tasks to queue
[2026-03-15T17:05:30.779+0000] {logging_mixin.py:188} INFO - [2026-03-15T17:05:30.779+0000] {dagbag.py:540} INFO - Filling up the DagBag from /home/airflow/.local/lib/python3.11/site-packages/airflow/example_dags/example_skip_dag.py
[2026-03-15T17:05:30.785+0000] {processor.py:840} INFO - DAG(s) 'example_skip_dag' retrieved from /home/airflow/.local/lib/python3.11/site-packages/airflow/example_dags/example_skip_dag.py
[2026-03-15T17:05:30.856+0000] {logging_mixin.py:188} INFO - [2026-03-15T17:05:30.856+0000] {dag.py:3047} INFO - Sync 1 DAGs
[2026-03-15T17:05:30.871+0000] {logging_mixin.py:188} INFO - [2026-03-15T17:05:30.871+0000] {dag.py:3834} INFO - Setting next_dagrun for example_skip_dag to 2026-03-14 00:00:00+00:00, run_after=2026-03-15 00:00:00+00:00
[2026-03-15T17:05:30.887+0000] {processor.py:183} INFO - Processing /home/airflow/.local/lib/python3.11/site-packages/airflow/example_dags/example_skip_dag.py took 0.114 seconds
[2026-03-15T17:05:43.207+0000] {processor.py:161} INFO - Started process (PID=184) to work on /home/airflow/.local/lib/python3.11/site-packages/airflow/example_dags/example_skip_dag.py
[2026-03-15T17:05:43.208+0000] {processor.py:830} INFO - Processing file /home/airflow/.local/lib/python3.11/site-packages/airflow/example_dags/example_skip_dag.py for tasks to queue
[2026-03-15T17:05:43.210+0000] {logging_mixin.py:188} INFO - [2026-03-15T17:05:43.209+0000] {dagbag.py:540} INFO - Filling up the DagBag from /home/airflow/.local/lib/python3.11/site-packages/airflow/example_dags/example_skip_dag.py
[2026-03-15T17:05:43.216+0000] {processor.py:840} INFO - DAG(s) 'example_skip_dag' retrieved from /home/airflow/.local/lib/python3.11/site-packages/airflow/example_dags/example_skip_dag.py
[2026-03-15T17:05:43.226+0000] {logging_mixin.py:188} INFO - [2026-03-15T17:05:43.226+0000] {dag.py:3047} INFO - Sync 1 DAGs
[2026-03-15T17:05:43.241+0000] {logging_mixin.py:188} INFO - [2026-03-15T17:05:43.241+0000] {dag.py:3834} INFO - Setting next_dagrun for example_skip_dag to 2026-03-14 00:00:00+00:00, run_after=2026-03-15 00:00:00+00:00
[2026-03-15T17:05:43.257+0000] {processor.py:183} INFO - Processing /home/airflow/.local/lib/python3.11/site-packages/airflow/example_dags/example_skip_dag.py took 0.053 seconds
[2026-03-15T17:06:13.345+0000] {processor.py:161} INFO - Started process (PID=234) to work on /home/airflow/.local/lib/python3.11/site-packages/airflow/example_dags/example_skip_dag.py
[2026-03-15T17:06:13.346+0000] {processor.py:830} INFO - Processing file /home/airflow/.local/lib/python3.11/site-packages/airflow/example_dags/example_skip_dag.py for tasks to queue
[2026-03-15T17:06:13.347+0000] {logging_mixin.py:188} INFO - [2026-03-15T17:06:13.347+0000] {dagbag.py:540} INFO - Filling up the DagBag from /home/airflow/.local/lib/python3.11/site-packages/airflow/example_dags/example_skip_dag.py
[2026-03-15T17:06:13.352+0000] {processor.py:840} INFO - DAG(s) 'example_skip_dag' retrieved from /home/airflow/.local/lib/python3.11/site-packages/airflow/example_dags/example_skip_dag.py
[2026-03-15T17:06:13.368+0000] {logging_mixin.py:188} INFO - [2026-03-15T17:06:13.368+0000] {dag.py:3047} INFO - Sync 1 DAGs
[2026-03-15T17:06:13.382+0000] {logging_mixin.py:188} INFO - [2026-03-15T17:06:13.381+0000] {dag.py:3834} INFO - Setting next_dagrun for example_skip_dag to 2026-03-14 00:00:00+00:00, run_after=2026-03-15 00:00:00+00:00
[2026-03-15T17:06:13.395+0000] {processor.py:183} INFO - Processing /home/airflow/.local/lib/python3.11/site-packages/airflow/example_dags/example_skip_dag.py took 0.052 seconds
[2026-03-15T17:06:14.281+0000] {processor.py:161} INFO - Started process (PID=251) to work on /home/airflow/.local/lib/python3.11/site-packages/airflow/example_dags/example_skip_dag.py
[2026-03-15T17:06:14.282+0000] {processor.py:830} INFO - Processing file /home/airflow/.local/lib/python3.11/site-packages/airflow/example_dags/example_skip_dag.py for tasks to queue
[2026-03-15T17:06:14.284+0000] {logging_mixin.py:188} INFO - [2026-03-15T17:06:14.283+0000] {dagbag.py:540} INFO - Filling up the DagBag from /home/airflow/.local/lib/python3.11/site-packages/airflow/example_dags/example_skip_dag.py
[2026-03-15T17:06:14.289+0000] {processor.py:840} INFO - DAG(s) 'example_skip_dag' retrieved from /home/airflow/.local/lib/python3.11/site-packages/airflow/example_dags/example_skip_dag.py
[2026-03-15T17:06:14.305+0000] {logging_mixin.py:188} INFO - [2026-03-15T17:06:14.305+0000] {dag.py:3047} INFO - Sync 1 DAGs
[2026-03-15T17:06:14.320+0000] {logging_mixin.py:188} INFO - [2026-03-15T17:06:14.320+0000] {dag.py:3834} INFO - Setting next_dagrun for example_skip_dag to 2026-03-14 00:00:00+00:00, run_after=2026-03-15 00:00:00+00:00
[2026-03-15T17:06:14.335+0000] {processor.py:183} INFO - Processing /home/airflow/.local/lib/python3.11/site-packages/airflow/example_dags/example_skip_dag.py took 0.058 seconds
[2026-03-15T17:06:19.248+0000] {processor.py:161} INFO - Started process (PID=297) to work on /home/airflow/.local/lib/python3.11/site-packages/airflow/example_dags/example_skip_dag.py
[2026-03-15T17:06:19.249+0000] {processor.py:830} INFO - Processing file /home/airflow/.local/lib/python3.11/site-packages/airflow/example_dags/example_skip_dag.py for tasks to queue
[2026-03-15T17:06:19.252+0000] {logging_mixin.py:188} INFO - [2026-03-15T17:06:19.251+0000] {dagbag.py:540} INFO - Filling up the DagBag from /home/airflow/.local/lib/python3.11/site-packages/airflow/example_dags/example_skip_dag.py
[2026-03-15T17:06:19.257+0000] {processor.py:840} INFO - DAG(s) 'example_skip_dag' retrieved from /home/airflow/.local/lib/python3.11/site-packages/airflow/example_dags/example_skip_dag.py
[2026-03-15T17:06:19.274+0000] {logging_mixin.py:188} INFO - [2026-03-15T17:06:19.274+0000] {dag.py:3047} INFO - Sync 1 DAGs
[2026-03-15T17:06:19.290+0000] {logging_mixin.py:188} INFO - [2026-03-15T17:06:19.290+0000] {dag.py:3834} INFO - Setting next_dagrun for example_skip_dag to 2026-03-14 00:00:00+00:00, run_after=2026-03-15 00:00:00+00:00
[2026-03-15T17:06:19.306+0000] {processor.py:183} INFO - Processing /home/airflow/.local/lib/python3.11/site-packages/airflow/example_dags/example_skip_dag.py took 0.062 seconds
[2026-03-15T17:06:29.379+0000] {processor.py:161} INFO - Started process (PID=343) to work on /home/airflow/.local/lib/python3.11/site-packages/airflow/example_dags/example_skip_dag.py
[2026-03-15T17:06:29.383+0000] {processor.py:830} INFO - Processing file /home/airflow/.local/lib/python3.11/site-packages/airflow/example_dags/example_skip_dag.py for tasks to queue
[2026-03-15T17:06:29.386+0000] {logging_mixin.py:188} INFO - [2026-03-15T17:06:29.385+0000] {dagbag.py:540} INFO - Filling up the DagBag from /home/airflow/.local/lib/python3.11/site-packages/airflow/example_dags/example_skip_dag.py
[2026-03-15T17:06:29.392+0000] {processor.py:840} INFO - DAG(s) 'example_skip_dag' retrieved from /home/airflow/.local/lib/python3.11/site-packages/airflow/example_dags/example_skip_dag.py
[2026-03-15T17:06:29.412+0000] {logging_mixin.py:188} INFO - [2026-03-15T17:06:29.412+0000] {dag.py:3047} INFO - Sync 1 DAGs
[2026-03-15T17:06:29.429+0000] {logging_mixin.py:188} INFO - [2026-03-15T17:06:29.429+0000] {dag.py:3834} INFO - Setting next_dagrun for example_skip_dag to 2026-03-14 00:00:00+00:00, run_after=2026-03-15 00:00:00+00:00
[2026-03-15T17:06:29.449+0000] {processor.py:183} INFO - Processing /home/airflow/.local/lib/python3.11/site-packages/airflow/example_dags/example_skip_dag.py took 0.073 seconds
[2026-03-15T17:07:33.935+0000] {processor.py:161} INFO - Started process (PID=396) to work on /home/airflow/.local/lib/python3.11/site-packages/airflow/example_dags/example_skip_dag.py
[2026-03-15T17:07:33.936+0000] {processor.py:830} INFO - Processing file /home/airflow/.local/lib/python3.11/site-packages/airflow/example_dags/example_skip_dag.py for tasks to queue
[2026-03-15T17:07:33.938+0000] {logging_mixin.py:188} INFO - [2026-03-15T17:07:33.937+0000] {dagbag.py:540} INFO - Filling up the DagBag from /home/airflow/.local/lib/python3.11/site-packages/airflow/example_dags/example_skip_dag.py
[2026-03-15T17:07:33.942+0000] {processor.py:840} INFO - DAG(s) 'example_skip_dag' retrieved from /home/airflow/.local/lib/python3.11/site-packages/airflow/example_dags/example_skip_dag.py
[2026-03-15T17:07:33.957+0000] {logging_mixin.py:188} INFO - [2026-03-15T17:07:33.956+0000] {dag.py:3047} INFO - Sync 1 DAGs
[2026-03-15T17:07:33.972+0000] {logging_mixin.py:188} INFO - [2026-03-15T17:07:33.972+0000] {dag.py:3834} INFO - Setting next_dagrun for example_skip_dag to 2026-03-14 00:00:00+00:00, run_after=2026-03-15 00:00:00+00:00
[2026-03-15T17:07:33.986+0000] {processor.py:183} INFO - Processing /home/airflow/.local/lib/python3.11/site-packages/airflow/example_dags/example_skip_dag.py took 0.053 seconds
[2026-03-15T17:08:08.381+0000] {processor.py:161} INFO - Started process (PID=452) to work on /home/airflow/.local/lib/python3.11/site-packages/airflow/example_dags/example_skip_dag.py
[2026-03-15T17:08:08.381+0000] {processor.py:830} INFO - Processing file /home/airflow/.local/lib/python3.11/site-packages/airflow/example_dags/example_skip_dag.py for tasks to queue
[2026-03-15T17:08:08.383+0000] {logging_mixin.py:188} INFO - [2026-03-15T17:08:08.383+0000] {dagbag.py:540} INFO - Filling up the DagBag from /home/airflow/.local/lib/python3.11/site-packages/airflow/example_dags/example_skip_dag.py
[2026-03-15T17:08:08.388+0000] {processor.py:840} INFO - DAG(s) 'example_skip_dag' retrieved from /home/airflow/.local/lib/python3.11/site-packages/airflow/example_dags/example_skip_dag.py
[2026-03-15T17:07:19.223+0000] {logging_mixin.py:188} INFO - [2026-03-15T17:07:19.223+0000] {dag.py:3047} INFO - Sync 1 DAGs
[2026-03-15T17:07:19.237+0000] {logging_mixin.py:188} INFO - [2026-03-15T17:07:19.236+0000] {dag.py:3834} INFO - Setting next_dagrun for example_skip_dag to 2026-03-14 00:00:00+00:00, run_after=2026-03-15 00:00:00+00:00
[2026-03-15T17:07:19.255+0000] {processor.py:183} INFO - Processing /home/airflow/.local/lib/python3.11/site-packages/airflow/example_dags/example_skip_dag.py took 0.060 seconds
[2026-03-15T17:08:13.384+0000] {processor.py:161} INFO - Started process (PID=498) to work on /home/airflow/.local/lib/python3.11/site-packages/airflow/example_dags/example_skip_dag.py
[2026-03-15T17:08:13.385+0000] {processor.py:830} INFO - Processing file /home/airflow/.local/lib/python3.11/site-packages/airflow/example_dags/example_skip_dag.py for tasks to queue
[2026-03-15T17:08:13.389+0000] {logging_mixin.py:188} INFO - [2026-03-15T17:08:13.388+0000] {dagbag.py:540} INFO - Filling up the DagBag from /home/airflow/.local/lib/python3.11/site-packages/airflow/example_dags/example_skip_dag.py
[2026-03-15T17:08:13.394+0000] {processor.py:840} INFO - DAG(s) 'example_skip_dag' retrieved from /home/airflow/.local/lib/python3.11/site-packages/airflow/example_dags/example_skip_dag.py
[2026-03-15T17:07:24.233+0000] {logging_mixin.py:188} INFO - [2026-03-15T17:07:24.233+0000] {dag.py:3047} INFO - Sync 1 DAGs
[2026-03-15T17:07:24.273+0000] {logging_mixin.py:188} INFO - [2026-03-15T17:07:24.273+0000] {dag.py:3834} INFO - Setting next_dagrun for example_skip_dag to 2026-03-14 00:00:00+00:00, run_after=2026-03-15 00:00:00+00:00
[2026-03-15T17:07:24.317+0000] {processor.py:183} INFO - Processing /home/airflow/.local/lib/python3.11/site-packages/airflow/example_dags/example_skip_dag.py took 0.116 seconds
[2026-03-15T17:08:18.914+0000] {processor.py:161} INFO - Started process (PID=544) to work on /home/airflow/.local/lib/python3.11/site-packages/airflow/example_dags/example_skip_dag.py
[2026-03-15T17:08:18.915+0000] {processor.py:830} INFO - Processing file /home/airflow/.local/lib/python3.11/site-packages/airflow/example_dags/example_skip_dag.py for tasks to queue
[2026-03-15T17:08:18.918+0000] {logging_mixin.py:188} INFO - [2026-03-15T17:08:18.917+0000] {dagbag.py:540} INFO - Filling up the DagBag from /home/airflow/.local/lib/python3.11/site-packages/airflow/example_dags/example_skip_dag.py
[2026-03-15T17:08:18.926+0000] {processor.py:840} INFO - DAG(s) 'example_skip_dag' retrieved from /home/airflow/.local/lib/python3.11/site-packages/airflow/example_dags/example_skip_dag.py
[2026-03-15T17:08:18.946+0000] {logging_mixin.py:188} INFO - [2026-03-15T17:08:18.946+0000] {dag.py:3047} INFO - Sync 1 DAGs
[2026-03-15T17:08:18.962+0000] {logging_mixin.py:188} INFO - [2026-03-15T17:08:18.962+0000] {dag.py:3834} INFO - Setting next_dagrun for example_skip_dag to 2026-03-14 00:00:00+00:00, run_after=2026-03-15 00:00:00+00:00
[2026-03-15T17:08:18.979+0000] {processor.py:183} INFO - Processing /home/airflow/.local/lib/python3.11/site-packages/airflow/example_dags/example_skip_dag.py took 0.069 seconds
[2026-03-15T17:14:18.234+0000] {processor.py:161} INFO - Started process (PID=71) to work on /home/airflow/.local/lib/python3.11/site-packages/airflow/example_dags/example_skip_dag.py
[2026-03-15T17:14:18.235+0000] {processor.py:830} INFO - Processing file /home/airflow/.local/lib/python3.11/site-packages/airflow/example_dags/example_skip_dag.py for tasks to queue
[2026-03-15T17:14:18.239+0000] {logging_mixin.py:188} INFO - [2026-03-15T17:14:18.239+0000] {dagbag.py:540} INFO - Filling up the DagBag from /home/airflow/.local/lib/python3.11/site-packages/airflow/example_dags/example_skip_dag.py
[2026-03-15T17:14:18.247+0000] {processor.py:840} INFO - DAG(s) 'example_skip_dag' retrieved from /home/airflow/.local/lib/python3.11/site-packages/airflow/example_dags/example_skip_dag.py
[2026-03-15T17:14:18.275+0000] {logging_mixin.py:188} INFO - [2026-03-15T17:14:18.275+0000] {dag.py:3047} INFO - Sync 1 DAGs
[2026-03-15T17:14:18.296+0000] {logging_mixin.py:188} INFO - [2026-03-15T17:14:18.296+0000] {dag.py:3834} INFO - Setting next_dagrun for example_skip_dag to 2026-03-14 00:00:00+00:00, run_after=2026-03-15 00:00:00+00:00
[2026-03-15T17:14:18.313+0000] {processor.py:183} INFO - Processing /home/airflow/.local/lib/python3.11/site-packages/airflow/example_dags/example_skip_dag.py took 0.082 seconds
[2026-03-15T17:14:49.002+0000] {processor.py:161} INFO - Started process (PID=127) to work on /home/airflow/.local/lib/python3.11/site-packages/airflow/example_dags/example_skip_dag.py
[2026-03-15T17:14:49.002+0000] {processor.py:830} INFO - Processing file /home/airflow/.local/lib/python3.11/site-packages/airflow/example_dags/example_skip_dag.py for tasks to queue
[2026-03-15T17:14:49.004+0000] {logging_mixin.py:188} INFO - [2026-03-15T17:14:49.004+0000] {dagbag.py:540} INFO - Filling up the DagBag from /home/airflow/.local/lib/python3.11/site-packages/airflow/example_dags/example_skip_dag.py
[2026-03-15T17:14:49.009+0000] {processor.py:840} INFO - DAG(s) 'example_skip_dag' retrieved from /home/airflow/.local/lib/python3.11/site-packages/airflow/example_dags/example_skip_dag.py
[2026-03-15T17:14:49.025+0000] {logging_mixin.py:188} INFO - [2026-03-15T17:14:49.024+0000] {dag.py:3047} INFO - Sync 1 DAGs
[2026-03-15T17:14:49.039+0000] {logging_mixin.py:188} INFO - [2026-03-15T17:14:49.039+0000] {dag.py:3834} INFO - Setting next_dagrun for example_skip_dag to 2026-03-14 00:00:00+00:00, run_after=2026-03-15 00:00:00+00:00
[2026-03-15T17:14:49.051+0000] {processor.py:183} INFO - Processing /home/airflow/.local/lib/python3.11/site-packages/airflow/example_dags/example_skip_dag.py took 0.052 seconds
[2026-03-15T17:15:05.616+0000] {processor.py:161} INFO - Started process (PID=172) to work on /home/airflow/.local/lib/python3.11/site-packages/airflow/example_dags/example_skip_dag.py
[2026-03-15T17:15:05.617+0000] {processor.py:830} INFO - Processing file /home/airflow/.local/lib/python3.11/site-packages/airflow/example_dags/example_skip_dag.py for tasks to queue
[2026-03-15T17:15:05.619+0000] {logging_mixin.py:188} INFO - [2026-03-15T17:15:05.618+0000] {dagbag.py:540} INFO - Filling up the DagBag from /home/airflow/.local/lib/python3.11/site-packages/airflow/example_dags/example_skip_dag.py
[2026-03-15T17:15:05.624+0000] {processor.py:840} INFO - DAG(s) 'example_skip_dag' retrieved from /home/airflow/.local/lib/python3.11/site-packages/airflow/example_dags/example_skip_dag.py
[2026-03-15T17:15:05.641+0000] {logging_mixin.py:188} INFO - [2026-03-15T17:15:05.641+0000] {dag.py:3047} INFO - Sync 1 DAGs
[2026-03-15T17:15:05.658+0000] {logging_mixin.py:188} INFO - [2026-03-15T17:15:05.658+0000] {dag.py:3834} INFO - Setting next_dagrun for example_skip_dag to 2026-03-14 00:00:00+00:00, run_after=2026-03-15 00:00:00+00:00
[2026-03-15T17:15:05.672+0000] {processor.py:183} INFO - Processing /home/airflow/.local/lib/python3.11/site-packages/airflow/example_dags/example_skip_dag.py took 0.059 seconds
[2026-03-15T17:16:24.557+0000] {processor.py:161} INFO - Started process (PID=225) to work on /home/airflow/.local/lib/python3.11/site-packages/airflow/example_dags/example_skip_dag.py
[2026-03-15T17:16:24.558+0000] {processor.py:830} INFO - Processing file /home/airflow/.local/lib/python3.11/site-packages/airflow/example_dags/example_skip_dag.py for tasks to queue
[2026-03-15T17:16:24.560+0000] {logging_mixin.py:188} INFO - [2026-03-15T17:16:24.560+0000] {dagbag.py:540} INFO - Filling up the DagBag from /home/airflow/.local/lib/python3.11/site-packages/airflow/example_dags/example_skip_dag.py
[2026-03-15T17:16:24.565+0000] {processor.py:840} INFO - DAG(s) 'example_skip_dag' retrieved from /home/airflow/.local/lib/python3.11/site-packages/airflow/example_dags/example_skip_dag.py
[2026-03-15T17:16:24.582+0000] {logging_mixin.py:188} INFO - [2026-03-15T17:16:24.582+0000] {dag.py:3047} INFO - Sync 1 DAGs
[2026-03-15T17:16:24.599+0000] {logging_mixin.py:188} INFO - [2026-03-15T17:16:24.599+0000] {dag.py:3834} INFO - Setting next_dagrun for example_skip_dag to 2026-03-14 00:00:00+00:00, run_after=2026-03-15 00:00:00+00:00
[2026-03-15T17:16:24.613+0000] {processor.py:183} INFO - Processing /home/airflow/.local/lib/python3.11/site-packages/airflow/example_dags/example_skip_dag.py took 0.058 seconds
[2026-03-15T17:16:35.699+0000] {processor.py:161} INFO - Started process (PID=334) to work on /home/airflow/.local/lib/python3.11/site-packages/airflow/example_dags/example_skip_dag.py
[2026-03-15T17:16:35.700+0000] {processor.py:830} INFO - Processing file /home/airflow/.local/lib/python3.11/site-packages/airflow/example_dags/example_skip_dag.py for tasks to queue
[2026-03-15T17:16:35.702+0000] {logging_mixin.py:188} INFO - [2026-03-15T17:16:35.702+0000] {dagbag.py:540} INFO - Filling up the DagBag from /home/airflow/.local/lib/python3.11/site-packages/airflow/example_dags/example_skip_dag.py
[2026-03-15T17:16:35.711+0000] {processor.py:840} INFO - DAG(s) 'example_skip_dag' retrieved from /home/airflow/.local/lib/python3.11/site-packages/airflow/example_dags/example_skip_dag.py
[2026-03-15T17:16:35.728+0000] {logging_mixin.py:188} INFO - [2026-03-15T17:16:35.728+0000] {dag.py:3047} INFO - Sync 1 DAGs
[2026-03-15T17:16:35.744+0000] {logging_mixin.py:188} INFO - [2026-03-15T17:16:35.744+0000] {dag.py:3834} INFO - Setting next_dagrun for example_skip_dag to 2026-03-14 00:00:00+00:00, run_after=2026-03-15 00:00:00+00:00
[2026-03-15T17:16:35.763+0000] {processor.py:183} INFO - Processing /home/airflow/.local/lib/python3.11/site-packages/airflow/example_dags/example_skip_dag.py took 0.067 seconds
[2026-03-15T17:16:39.599+0000] {processor.py:161} INFO - Started process (PID=384) to work on /home/airflow/.local/lib/python3.11/site-packages/airflow/example_dags/example_skip_dag.py
[2026-03-15T17:16:39.600+0000] {processor.py:830} INFO - Processing file /home/airflow/.local/lib/python3.11/site-packages/airflow/example_dags/example_skip_dag.py for tasks to queue
[2026-03-15T17:16:39.602+0000] {logging_mixin.py:188} INFO - [2026-03-15T17:16:39.602+0000] {dagbag.py:540} INFO - Filling up the DagBag from /home/airflow/.local/lib/python3.11/site-packages/airflow/example_dags/example_skip_dag.py
[2026-03-15T17:16:39.608+0000] {processor.py:840} INFO - DAG(s) 'example_skip_dag' retrieved from /home/airflow/.local/lib/python3.11/site-packages/airflow/example_dags/example_skip_dag.py
[2026-03-15T17:16:39.627+0000] {logging_mixin.py:188} INFO - [2026-03-15T17:16:39.627+0000] {dag.py:3047} INFO - Sync 1 DAGs
[2026-03-15T17:16:39.651+0000] {logging_mixin.py:188} INFO - [2026-03-15T17:16:39.651+0000] {dag.py:3834} INFO - Setting next_dagrun for example_skip_dag to 2026-03-14 00:00:00+00:00, run_after=2026-03-15 00:00:00+00:00
[2026-03-15T17:16:39.666+0000] {processor.py:183} INFO - Processing /home/airflow/.local/lib/python3.11/site-packages/airflow/example_dags/example_skip_dag.py took 0.070 seconds
[2026-03-15T17:17:09.753+0000] {processor.py:161} INFO - Started process (PID=440) to work on /home/airflow/.local/lib/python3.11/site-packages/airflow/example_dags/example_skip_dag.py
[2026-03-15T17:17:09.754+0000] {processor.py:830} INFO - Processing file /home/airflow/.local/lib/python3.11/site-packages/airflow/example_dags/example_skip_dag.py for tasks to queue
[2026-03-15T17:17:09.756+0000] {logging_mixin.py:188} INFO - [2026-03-15T17:17:09.756+0000] {dagbag.py:540} INFO - Filling up the DagBag from /home/airflow/.local/lib/python3.11/site-packages/airflow/example_dags/example_skip_dag.py
[2026-03-15T17:17:09.762+0000] {processor.py:840} INFO - DAG(s) 'example_skip_dag' retrieved from /home/airflow/.local/lib/python3.11/site-packages/airflow/example_dags/example_skip_dag.py
[2026-03-15T17:17:09.780+0000] {logging_mixin.py:188} INFO - [2026-03-15T17:17:09.780+0000] {dag.py:3047} INFO - Sync 1 DAGs
[2026-03-15T17:17:09.796+0000] {logging_mixin.py:188} INFO - [2026-03-15T17:17:09.796+0000] {dag.py:3834} INFO - Setting next_dagrun for example_skip_dag to 2026-03-14 00:00:00+00:00, run_after=2026-03-15 00:00:00+00:00
[2026-03-15T17:17:09.811+0000] {processor.py:183} INFO - Processing /home/airflow/.local/lib/python3.11/site-packages/airflow/example_dags/example_skip_dag.py took 0.061 seconds
[2026-03-15T17:17:14.188+0000] {processor.py:161} INFO - Started process (PID=490) to work on /home/airflow/.local/lib/python3.11/site-packages/airflow/example_dags/example_skip_dag.py
[2026-03-15T17:17:14.189+0000] {processor.py:830} INFO - Processing file /home/airflow/.local/lib/python3.11/site-packages/airflow/example_dags/example_skip_dag.py for tasks to queue
[2026-03-15T17:17:14.191+0000] {logging_mixin.py:188} INFO - [2026-03-15T17:17:14.191+0000] {dagbag.py:540} INFO - Filling up the DagBag from /home/airflow/.local/lib/python3.11/site-packages/airflow/example_dags/example_skip_dag.py
[2026-03-15T17:17:14.197+0000] {processor.py:840} INFO - DAG(s) 'example_skip_dag' retrieved from /home/airflow/.local/lib/python3.11/site-packages/airflow/example_dags/example_skip_dag.py
[2026-03-15T17:17:14.218+0000] {logging_mixin.py:188} INFO - [2026-03-15T17:17:14.218+0000] {dag.py:3047} INFO - Sync 1 DAGs
[2026-03-15T17:17:14.236+0000] {logging_mixin.py:188} INFO - [2026-03-15T17:17:14.236+0000] {dag.py:3834} INFO - Setting next_dagrun for example_skip_dag to 2026-03-14 00:00:00+00:00, run_after=2026-03-15 00:00:00+00:00
[2026-03-15T17:17:14.253+0000] {processor.py:183} INFO - Processing /home/airflow/.local/lib/python3.11/site-packages/airflow/example_dags/example_skip_dag.py took 0.068 seconds
[2026-03-15T17:17:35.674+0000] {processor.py:161} INFO - Started process (PID=546) to work on /home/airflow/.local/lib/python3.11/site-packages/airflow/example_dags/example_skip_dag.py
[2026-03-15T17:17:35.675+0000] {processor.py:830} INFO - Processing file /home/airflow/.local/lib/python3.11/site-packages/airflow/example_dags/example_skip_dag.py for tasks to queue
[2026-03-15T17:17:35.678+0000] {logging_mixin.py:188} INFO - [2026-03-15T17:17:35.677+0000] {dagbag.py:540} INFO - Filling up the DagBag from /home/airflow/.local/lib/python3.11/site-packages/airflow/example_dags/example_skip_dag.py
[2026-03-15T17:17:35.685+0000] {processor.py:840} INFO - DAG(s) 'example_skip_dag' retrieved from /home/airflow/.local/lib/python3.11/site-packages/airflow/example_dags/example_skip_dag.py
[2026-03-15T17:17:35.703+0000] {logging_mixin.py:188} INFO - [2026-03-15T17:17:35.703+0000] {dag.py:3047} INFO - Sync 1 DAGs
[2026-03-15T17:17:35.719+0000] {logging_mixin.py:188} INFO - [2026-03-15T17:17:35.719+0000] {dag.py:3834} INFO - Setting next_dagrun for example_skip_dag to 2026-03-14 00:00:00+00:00, run_after=2026-03-15 00:00:00+00:00
[2026-03-15T17:17:35.735+0000] {processor.py:183} INFO - Processing /home/airflow/.local/lib/python3.11/site-packages/airflow/example_dags/example_skip_dag.py took 0.064 seconds
[2026-03-15T17:18:05.584+0000] {processor.py:161} INFO - Started process (PID=600) to work on /home/airflow/.local/lib/python3.11/site-packages/airflow/example_dags/example_skip_dag.py
[2026-03-15T17:18:05.587+0000] {processor.py:830} INFO - Processing file /home/airflow/.local/lib/python3.11/site-packages/airflow/example_dags/example_skip_dag.py for tasks to queue
[2026-03-15T17:18:05.590+0000] {logging_mixin.py:188} INFO - [2026-03-15T17:18:05.589+0000] {dagbag.py:540} INFO - Filling up the DagBag from /home/airflow/.local/lib/python3.11/site-packages/airflow/example_dags/example_skip_dag.py
[2026-03-15T17:18:05.596+0000] {processor.py:840} INFO - DAG(s) 'example_skip_dag' retrieved from /home/airflow/.local/lib/python3.11/site-packages/airflow/example_dags/example_skip_dag.py
[2026-03-15T17:18:05.614+0000] {logging_mixin.py:188} INFO - [2026-03-15T17:18:05.614+0000] {dag.py:3047} INFO - Sync 1 DAGs
[2026-03-15T17:18:05.630+0000] {logging_mixin.py:188} INFO - [2026-03-15T17:18:05.630+0000] {dag.py:3834} INFO - Setting next_dagrun for example_skip_dag to 2026-03-14 00:00:00+00:00, run_after=2026-03-15 00:00:00+00:00
[2026-03-15T17:18:05.646+0000] {processor.py:183} INFO - Processing /home/airflow/.local/lib/python3.11/site-packages/airflow/example_dags/example_skip_dag.py took 0.064 seconds
[2026-03-15T17:18:36.081+0000] {processor.py:161} INFO - Started process (PID=654) to work on /home/airflow/.local/lib/python3.11/site-packages/airflow/example_dags/example_skip_dag.py
[2026-03-15T17:18:36.083+0000] {processor.py:830} INFO - Processing file /home/airflow/.local/lib/python3.11/site-packages/airflow/example_dags/example_skip_dag.py for tasks to queue
[2026-03-15T17:18:36.085+0000] {logging_mixin.py:188} INFO - [2026-03-15T17:18:36.085+0000] {dagbag.py:540} INFO - Filling up the DagBag from /home/airflow/.local/lib/python3.11/site-packages/airflow/example_dags/example_skip_dag.py
[2026-03-15T17:18:36.100+0000] {processor.py:840} INFO - DAG(s) 'example_skip_dag' retrieved from /home/airflow/.local/lib/python3.11/site-packages/airflow/example_dags/example_skip_dag.py
[2026-03-15T17:18:36.138+0000] {logging_mixin.py:188} INFO - [2026-03-15T17:18:36.138+0000] {dag.py:3047} INFO - Sync 1 DAGs
[2026-03-15T17:18:36.176+0000] {logging_mixin.py:188} INFO - [2026-03-15T17:18:36.175+0000] {dag.py:3834} INFO - Setting next_dagrun for example_skip_dag to 2026-03-14 00:00:00+00:00, run_after=2026-03-15 00:00:00+00:00
[2026-03-15T17:18:36.201+0000] {processor.py:183} INFO - Processing /home/airflow/.local/lib/python3.11/site-packages/airflow/example_dags/example_skip_dag.py took 0.125 seconds
[2026-03-15T17:19:05.676+0000] {processor.py:161} INFO - Started process (PID=712) to work on /home/airflow/.local/lib/python3.11/site-packages/airflow/example_dags/example_skip_dag.py
[2026-03-15T17:19:05.677+0000] {processor.py:830} INFO - Processing file /home/airflow/.local/lib/python3.11/site-packages/airflow/example_dags/example_skip_dag.py for tasks to queue
[2026-03-15T17:19:05.679+0000] {logging_mixin.py:188} INFO - [2026-03-15T17:19:05.679+0000] {dagbag.py:540} INFO - Filling up the DagBag from /home/airflow/.local/lib/python3.11/site-packages/airflow/example_dags/example_skip_dag.py
[2026-03-15T17:19:05.684+0000] {processor.py:840} INFO - DAG(s) 'example_skip_dag' retrieved from /home/airflow/.local/lib/python3.11/site-packages/airflow/example_dags/example_skip_dag.py
[2026-03-15T17:19:05.694+0000] {logging_mixin.py:188} INFO - [2026-03-15T17:19:05.693+0000] {dag.py:3047} INFO - Sync 1 DAGs
[2026-03-15T17:19:05.711+0000] {logging_mixin.py:188} INFO - [2026-03-15T17:19:05.711+0000] {dag.py:3834} INFO - Setting next_dagrun for example_skip_dag to 2026-03-14 00:00:00+00:00, run_after=2026-03-15 00:00:00+00:00
[2026-03-15T17:19:05.731+0000] {processor.py:183} INFO - Processing /home/airflow/.local/lib/python3.11/site-packages/airflow/example_dags/example_skip_dag.py took 0.057 seconds
[2026-03-15T17:19:58.176+0000] {processor.py:161} INFO - Started process (PID=757) to work on /home/airflow/.local/lib/python3.11/site-packages/airflow/example_dags/example_skip_dag.py
[2026-03-15T17:19:58.177+0000] {processor.py:830} INFO - Processing file /home/airflow/.local/lib/python3.11/site-packages/airflow/example_dags/example_skip_dag.py for tasks to queue
[2026-03-15T17:19:58.178+0000] {logging_mixin.py:188} INFO - [2026-03-15T17:19:58.178+0000] {dagbag.py:540} INFO - Filling up the DagBag from /home/airflow/.local/lib/python3.11/site-packages/airflow/example_dags/example_skip_dag.py
[2026-03-15T17:19:58.184+0000] {processor.py:840} INFO - DAG(s) 'example_skip_dag' retrieved from /home/airflow/.local/lib/python3.11/site-packages/airflow/example_dags/example_skip_dag.py
[2026-03-15T17:19:09.080+0000] {logging_mixin.py:188} INFO - [2026-03-15T17:19:09.080+0000] {dag.py:3047} INFO - Sync 1 DAGs
[2026-03-15T17:19:09.093+0000] {logging_mixin.py:188} INFO - [2026-03-15T17:19:09.093+0000] {dag.py:3834} INFO - Setting next_dagrun for example_skip_dag to 2026-03-14 00:00:00+00:00, run_after=2026-03-15 00:00:00+00:00
[2026-03-15T17:19:09.107+0000] {processor.py:183} INFO - Processing /home/airflow/.local/lib/python3.11/site-packages/airflow/example_dags/example_skip_dag.py took 0.112 seconds
[2026-03-15T17:20:03.116+0000] {processor.py:161} INFO - Started process (PID=801) to work on /home/airflow/.local/lib/python3.11/site-packages/airflow/example_dags/example_skip_dag.py
[2026-03-15T17:20:03.119+0000] {processor.py:830} INFO - Processing file /home/airflow/.local/lib/python3.11/site-packages/airflow/example_dags/example_skip_dag.py for tasks to queue
[2026-03-15T17:20:03.121+0000] {logging_mixin.py:188} INFO - [2026-03-15T17:20:03.121+0000] {dagbag.py:540} INFO - Filling up the DagBag from /home/airflow/.local/lib/python3.11/site-packages/airflow/example_dags/example_skip_dag.py
[2026-03-15T17:20:03.127+0000] {processor.py:840} INFO - DAG(s) 'example_skip_dag' retrieved from /home/airflow/.local/lib/python3.11/site-packages/airflow/example_dags/example_skip_dag.py
[2026-03-15T17:20:03.138+0000] {logging_mixin.py:188} INFO - [2026-03-15T17:20:03.138+0000] {dag.py:3047} INFO - Sync 1 DAGs
[2026-03-15T17:20:03.157+0000] {logging_mixin.py:188} INFO - [2026-03-15T17:20:03.157+0000] {dag.py:3834} INFO - Setting next_dagrun for example_skip_dag to 2026-03-14 00:00:00+00:00, run_after=2026-03-15 00:00:00+00:00
[2026-03-15T17:20:03.181+0000] {processor.py:183} INFO - Processing /home/airflow/.local/lib/python3.11/site-packages/airflow/example_dags/example_skip_dag.py took 0.068 seconds
[2026-03-15T17:19:50.477+0000] {processor.py:161} INFO - Started process (PID=74) to work on /home/airflow/.local/lib/python3.11/site-packages/airflow/example_dags/example_skip_dag.py
[2026-03-15T17:19:50.478+0000] {processor.py:830} INFO - Processing file /home/airflow/.local/lib/python3.11/site-packages/airflow/example_dags/example_skip_dag.py for tasks to queue
[2026-03-15T17:19:50.480+0000] {logging_mixin.py:188} INFO - [2026-03-15T17:19:50.480+0000] {dagbag.py:540} INFO - Filling up the DagBag from /home/airflow/.local/lib/python3.11/site-packages/airflow/example_dags/example_skip_dag.py
[2026-03-15T17:19:50.489+0000] {processor.py:840} INFO - DAG(s) 'example_skip_dag' retrieved from /home/airflow/.local/lib/python3.11/site-packages/airflow/example_dags/example_skip_dag.py
[2026-03-15T17:19:50.502+0000] {logging_mixin.py:188} INFO - [2026-03-15T17:19:50.502+0000] {dag.py:3047} INFO - Sync 1 DAGs
[2026-03-15T17:19:50.527+0000] {logging_mixin.py:188} INFO - [2026-03-15T17:19:50.527+0000] {dag.py:3834} INFO - Setting next_dagrun for example_skip_dag to 2026-03-14 00:00:00+00:00, run_after=2026-03-15 00:00:00+00:00
[2026-03-15T17:19:50.547+0000] {processor.py:183} INFO - Processing /home/airflow/.local/lib/python3.11/site-packages/airflow/example_dags/example_skip_dag.py took 0.073 seconds
[2026-03-15T17:19:54.185+0000] {processor.py:161} INFO - Started process (PID=131) to work on /home/airflow/.local/lib/python3.11/site-packages/airflow/example_dags/example_skip_dag.py
[2026-03-15T17:19:54.187+0000] {processor.py:830} INFO - Processing file /home/airflow/.local/lib/python3.11/site-packages/airflow/example_dags/example_skip_dag.py for tasks to queue
[2026-03-15T17:19:54.190+0000] {logging_mixin.py:188} INFO - [2026-03-15T17:19:54.189+0000] {dagbag.py:540} INFO - Filling up the DagBag from /home/airflow/.local/lib/python3.11/site-packages/airflow/example_dags/example_skip_dag.py
[2026-03-15T17:19:54.198+0000] {processor.py:840} INFO - DAG(s) 'example_skip_dag' retrieved from /home/airflow/.local/lib/python3.11/site-packages/airflow/example_dags/example_skip_dag.py
[2026-03-15T17:19:54.212+0000] {logging_mixin.py:188} INFO - [2026-03-15T17:19:54.212+0000] {dag.py:3047} INFO - Sync 1 DAGs
[2026-03-15T17:19:54.235+0000] {logging_mixin.py:188} INFO - [2026-03-15T17:19:54.234+0000] {dag.py:3834} INFO - Setting next_dagrun for example_skip_dag to 2026-03-14 00:00:00+00:00, run_after=2026-03-15 00:00:00+00:00
[2026-03-15T17:19:54.260+0000] {processor.py:183} INFO - Processing /home/airflow/.local/lib/python3.11/site-packages/airflow/example_dags/example_skip_dag.py took 0.078 seconds
[2026-03-15T17:20:05.676+0000] {processor.py:161} INFO - Started process (PID=179) to work on /home/airflow/.local/lib/python3.11/site-packages/airflow/example_dags/example_skip_dag.py
[2026-03-15T17:20:05.677+0000] {processor.py:830} INFO - Processing file /home/airflow/.local/lib/python3.11/site-packages/airflow/example_dags/example_skip_dag.py for tasks to queue
[2026-03-15T17:20:05.679+0000] {logging_mixin.py:188} INFO - [2026-03-15T17:20:05.679+0000] {dagbag.py:540} INFO - Filling up the DagBag from /home/airflow/.local/lib/python3.11/site-packages/airflow/example_dags/example_skip_dag.py
[2026-03-15T17:20:05.684+0000] {processor.py:840} INFO - DAG(s) 'example_skip_dag' retrieved from /home/airflow/.local/lib/python3.11/site-packages/airflow/example_dags/example_skip_dag.py
[2026-03-15T17:20:05.755+0000] {logging_mixin.py:188} INFO - [2026-03-15T17:20:05.755+0000] {dag.py:3047} INFO - Sync 1 DAGs
[2026-03-15T17:20:05.768+0000] {logging_mixin.py:188} INFO - [2026-03-15T17:20:05.768+0000] {dag.py:3834} INFO - Setting next_dagrun for example_skip_dag to 2026-03-14 00:00:00+00:00, run_after=2026-03-15 00:00:00+00:00
[2026-03-15T17:20:05.780+0000] {processor.py:183} INFO - Processing /home/airflow/.local/lib/python3.11/site-packages/airflow/example_dags/example_skip_dag.py took 0.107 seconds
[2026-03-15T17:20:36.055+0000] {processor.py:161} INFO - Started process (PID=234) to work on /home/airflow/.local/lib/python3.11/site-packages/airflow/example_dags/example_skip_dag.py
[2026-03-15T17:20:36.055+0000] {processor.py:830} INFO - Processing file /home/airflow/.local/lib/python3.11/site-packages/airflow/example_dags/example_skip_dag.py for tasks to queue
[2026-03-15T17:20:36.057+0000] {logging_mixin.py:188} INFO - [2026-03-15T17:20:36.057+0000] {dagbag.py:540} INFO - Filling up the DagBag from /home/airflow/.local/lib/python3.11/site-packages/airflow/example_dags/example_skip_dag.py
[2026-03-15T17:20:36.062+0000] {processor.py:840} INFO - DAG(s) 'example_skip_dag' retrieved from /home/airflow/.local/lib/python3.11/site-packages/airflow/example_dags/example_skip_dag.py
[2026-03-15T17:20:36.082+0000] {logging_mixin.py:188} INFO - [2026-03-15T17:20:36.082+0000] {dag.py:3047} INFO - Sync 1 DAGs
[2026-03-15T17:20:36.096+0000] {logging_mixin.py:188} INFO - [2026-03-15T17:20:36.096+0000] {dag.py:3834} INFO - Setting next_dagrun for example_skip_dag to 2026-03-14 00:00:00+00:00, run_after=2026-03-15 00:00:00+00:00
[2026-03-15T17:20:36.112+0000] {processor.py:183} INFO - Processing /home/airflow/.local/lib/python3.11/site-packages/airflow/example_dags/example_skip_dag.py took 0.060 seconds
[2026-03-15T17:20:39.396+0000] {processor.py:161} INFO - Started process (PID=284) to work on /home/airflow/.local/lib/python3.11/site-packages/airflow/example_dags/example_skip_dag.py
[2026-03-15T17:20:39.397+0000] {processor.py:830} INFO - Processing file /home/airflow/.local/lib/python3.11/site-packages/airflow/example_dags/example_skip_dag.py for tasks to queue
[2026-03-15T17:20:39.398+0000] {logging_mixin.py:188} INFO - [2026-03-15T17:20:39.398+0000] {dagbag.py:540} INFO - Filling up the DagBag from /home/airflow/.local/lib/python3.11/site-packages/airflow/example_dags/example_skip_dag.py
[2026-03-15T17:20:39.403+0000] {processor.py:840} INFO - DAG(s) 'example_skip_dag' retrieved from /home/airflow/.local/lib/python3.11/site-packages/airflow/example_dags/example_skip_dag.py
[2026-03-15T17:20:39.421+0000] {logging_mixin.py:188} INFO - [2026-03-15T17:20:39.421+0000] {dag.py:3047} INFO - Sync 1 DAGs
[2026-03-15T17:20:39.437+0000] {logging_mixin.py:188} INFO - [2026-03-15T17:20:39.437+0000] {dag.py:3834} INFO - Setting next_dagrun for example_skip_dag to 2026-03-14 00:00:00+00:00, run_after=2026-03-15 00:00:00+00:00
[2026-03-15T17:20:39.450+0000] {processor.py:183} INFO - Processing /home/airflow/.local/lib/python3.11/site-packages/airflow/example_dags/example_skip_dag.py took 0.057 seconds
[2026-03-15T17:21:09.855+0000] {processor.py:161} INFO - Started process (PID=338) to work on /home/airflow/.local/lib/python3.11/site-packages/airflow/example_dags/example_skip_dag.py
[2026-03-15T17:21:09.856+0000] {processor.py:830} INFO - Processing file /home/airflow/.local/lib/python3.11/site-packages/airflow/example_dags/example_skip_dag.py for tasks to queue
[2026-03-15T17:21:09.857+0000] {logging_mixin.py:188} INFO - [2026-03-15T17:21:09.857+0000] {dagbag.py:540} INFO - Filling up the DagBag from /home/airflow/.local/lib/python3.11/site-packages/airflow/example_dags/example_skip_dag.py
[2026-03-15T17:21:09.863+0000] {processor.py:840} INFO - DAG(s) 'example_skip_dag' retrieved from /home/airflow/.local/lib/python3.11/site-packages/airflow/example_dags/example_skip_dag.py
[2026-03-15T17:21:09.878+0000] {logging_mixin.py:188} INFO - [2026-03-15T17:21:09.878+0000] {dag.py:3047} INFO - Sync 1 DAGs
[2026-03-15T17:21:09.893+0000] {logging_mixin.py:188} INFO - [2026-03-15T17:21:09.892+0000] {dag.py:3834} INFO - Setting next_dagrun for example_skip_dag to 2026-03-14 00:00:00+00:00, run_after=2026-03-15 00:00:00+00:00
[2026-03-15T17:21:09.906+0000] {processor.py:183} INFO - Processing /home/airflow/.local/lib/python3.11/site-packages/airflow/example_dags/example_skip_dag.py took 0.054 seconds
[2026-03-15T17:21:14.381+0000] {processor.py:161} INFO - Started process (PID=386) to work on /home/airflow/.local/lib/python3.11/site-packages/airflow/example_dags/example_skip_dag.py
[2026-03-15T17:21:14.381+0000] {processor.py:830} INFO - Processing file /home/airflow/.local/lib/python3.11/site-packages/airflow/example_dags/example_skip_dag.py for tasks to queue
[2026-03-15T17:21:14.383+0000] {logging_mixin.py:188} INFO - [2026-03-15T17:21:14.383+0000] {dagbag.py:540} INFO - Filling up the DagBag from /home/airflow/.local/lib/python3.11/site-packages/airflow/example_dags/example_skip_dag.py
[2026-03-15T17:21:14.389+0000] {processor.py:840} INFO - DAG(s) 'example_skip_dag' retrieved from /home/airflow/.local/lib/python3.11/site-packages/airflow/example_dags/example_skip_dag.py
[2026-03-15T17:21:14.404+0000] {logging_mixin.py:188} INFO - [2026-03-15T17:21:14.403+0000] {dag.py:3047} INFO - Sync 1 DAGs
[2026-03-15T17:21:14.418+0000] {logging_mixin.py:188} INFO - [2026-03-15T17:21:14.418+0000] {dag.py:3834} INFO - Setting next_dagrun for example_skip_dag to 2026-03-14 00:00:00+00:00, run_after=2026-03-15 00:00:00+00:00
[2026-03-15T17:21:14.433+0000] {processor.py:183} INFO - Processing /home/airflow/.local/lib/python3.11/site-packages/airflow/example_dags/example_skip_dag.py took 0.055 seconds
[2026-03-15T17:21:35.725+0000] {processor.py:161} INFO - Started process (PID=441) to work on /home/airflow/.local/lib/python3.11/site-packages/airflow/example_dags/example_skip_dag.py
[2026-03-15T17:21:35.726+0000] {processor.py:830} INFO - Processing file /home/airflow/.local/lib/python3.11/site-packages/airflow/example_dags/example_skip_dag.py for tasks to queue
[2026-03-15T17:21:35.727+0000] {logging_mixin.py:188} INFO - [2026-03-15T17:21:35.727+0000] {dagbag.py:540} INFO - Filling up the DagBag from /home/airflow/.local/lib/python3.11/site-packages/airflow/example_dags/example_skip_dag.py
[2026-03-15T17:21:35.733+0000] {processor.py:840} INFO - DAG(s) 'example_skip_dag' retrieved from /home/airflow/.local/lib/python3.11/site-packages/airflow/example_dags/example_skip_dag.py
[2026-03-15T17:21:35.748+0000] {logging_mixin.py:188} INFO - [2026-03-15T17:21:35.748+0000] {dag.py:3047} INFO - Sync 1 DAGs
[2026-03-15T17:21:35.772+0000] {logging_mixin.py:188} INFO - [2026-03-15T17:21:35.771+0000] {dag.py:3834} INFO - Setting next_dagrun for example_skip_dag to 2026-03-14 00:00:00+00:00, run_after=2026-03-15 00:00:00+00:00
[2026-03-15T17:21:35.804+0000] {processor.py:183} INFO - Processing /home/airflow/.local/lib/python3.11/site-packages/airflow/example_dags/example_skip_dag.py took 0.082 seconds
[2026-03-15T17:22:06.047+0000] {processor.py:161} INFO - Started process (PID=495) to work on /home/airflow/.local/lib/python3.11/site-packages/airflow/example_dags/example_skip_dag.py
[2026-03-15T17:22:06.047+0000] {processor.py:830} INFO - Processing file /home/airflow/.local/lib/python3.11/site-packages/airflow/example_dags/example_skip_dag.py for tasks to queue
[2026-03-15T17:22:06.049+0000] {logging_mixin.py:188} INFO - [2026-03-15T17:22:06.049+0000] {dagbag.py:540} INFO - Filling up the DagBag from /home/airflow/.local/lib/python3.11/site-packages/airflow/example_dags/example_skip_dag.py
[2026-03-15T17:22:06.054+0000] {processor.py:840} INFO - DAG(s) 'example_skip_dag' retrieved from /home/airflow/.local/lib/python3.11/site-packages/airflow/example_dags/example_skip_dag.py
[2026-03-15T17:22:06.069+0000] {logging_mixin.py:188} INFO - [2026-03-15T17:22:06.069+0000] {dag.py:3047} INFO - Sync 1 DAGs
[2026-03-15T17:22:06.083+0000] {logging_mixin.py:188} INFO - [2026-03-15T17:22:06.083+0000] {dag.py:3834} INFO - Setting next_dagrun for example_skip_dag to 2026-03-14 00:00:00+00:00, run_after=2026-03-15 00:00:00+00:00
[2026-03-15T17:22:06.100+0000] {processor.py:183} INFO - Processing /home/airflow/.local/lib/python3.11/site-packages/airflow/example_dags/example_skip_dag.py took 0.056 seconds
[2026-03-15T17:22:09.411+0000] {processor.py:161} INFO - Started process (PID=545) to work on /home/airflow/.local/lib/python3.11/site-packages/airflow/example_dags/example_skip_dag.py
[2026-03-15T17:22:09.412+0000] {processor.py:830} INFO - Processing file /home/airflow/.local/lib/python3.11/site-packages/airflow/example_dags/example_skip_dag.py for tasks to queue
[2026-03-15T17:22:09.414+0000] {logging_mixin.py:188} INFO - [2026-03-15T17:22:09.414+0000] {dagbag.py:540} INFO - Filling up the DagBag from /home/airflow/.local/lib/python3.11/site-packages/airflow/example_dags/example_skip_dag.py
[2026-03-15T17:22:09.420+0000] {processor.py:840} INFO - DAG(s) 'example_skip_dag' retrieved from /home/airflow/.local/lib/python3.11/site-packages/airflow/example_dags/example_skip_dag.py
[2026-03-15T17:22:09.437+0000] {logging_mixin.py:188} INFO - [2026-03-15T17:22:09.437+0000] {dag.py:3047} INFO - Sync 1 DAGs
[2026-03-15T17:22:09.456+0000] {logging_mixin.py:188} INFO - [2026-03-15T17:22:09.455+0000] {dag.py:3834} INFO - Setting next_dagrun for example_skip_dag to 2026-03-14 00:00:00+00:00, run_after=2026-03-15 00:00:00+00:00
[2026-03-15T17:22:09.469+0000] {processor.py:183} INFO - Processing /home/airflow/.local/lib/python3.11/site-packages/airflow/example_dags/example_skip_dag.py took 0.061 seconds
[2026-03-15T17:22:39.752+0000] {processor.py:161} INFO - Started process (PID=598) to work on /home/airflow/.local/lib/python3.11/site-packages/airflow/example_dags/example_skip_dag.py
[2026-03-15T17:22:39.753+0000] {processor.py:830} INFO - Processing file /home/airflow/.local/lib/python3.11/site-packages/airflow/example_dags/example_skip_dag.py for tasks to queue
[2026-03-15T17:22:39.755+0000] {logging_mixin.py:188} INFO - [2026-03-15T17:22:39.755+0000] {dagbag.py:540} INFO - Filling up the DagBag from /home/airflow/.local/lib/python3.11/site-packages/airflow/example_dags/example_skip_dag.py
[2026-03-15T17:22:39.761+0000] {processor.py:840} INFO - DAG(s) 'example_skip_dag' retrieved from /home/airflow/.local/lib/python3.11/site-packages/airflow/example_dags/example_skip_dag.py
[2026-03-15T17:22:39.776+0000] {logging_mixin.py:188} INFO - [2026-03-15T17:22:39.776+0000] {dag.py:3047} INFO - Sync 1 DAGs
[2026-03-15T17:22:39.790+0000] {logging_mixin.py:188} INFO - [2026-03-15T17:22:39.790+0000] {dag.py:3834} INFO - Setting next_dagrun for example_skip_dag to 2026-03-14 00:00:00+00:00, run_after=2026-03-15 00:00:00+00:00
[2026-03-15T17:22:39.804+0000] {processor.py:183} INFO - Processing /home/airflow/.local/lib/python3.11/site-packages/airflow/example_dags/example_skip_dag.py took 0.055 seconds
[2026-03-15T17:23:10.103+0000] {processor.py:161} INFO - Started process (PID=652) to work on /home/airflow/.local/lib/python3.11/site-packages/airflow/example_dags/example_skip_dag.py
[2026-03-15T17:23:10.104+0000] {processor.py:830} INFO - Processing file /home/airflow/.local/lib/python3.11/site-packages/airflow/example_dags/example_skip_dag.py for tasks to queue
[2026-03-15T17:23:10.107+0000] {logging_mixin.py:188} INFO - [2026-03-15T17:23:10.106+0000] {dagbag.py:540} INFO - Filling up the DagBag from /home/airflow/.local/lib/python3.11/site-packages/airflow/example_dags/example_skip_dag.py
[2026-03-15T17:23:10.112+0000] {processor.py:840} INFO - DAG(s) 'example_skip_dag' retrieved from /home/airflow/.local/lib/python3.11/site-packages/airflow/example_dags/example_skip_dag.py
[2026-03-15T17:23:10.129+0000] {logging_mixin.py:188} INFO - [2026-03-15T17:23:10.129+0000] {dag.py:3047} INFO - Sync 1 DAGs
[2026-03-15T17:23:10.144+0000] {logging_mixin.py:188} INFO - [2026-03-15T17:23:10.144+0000] {dag.py:3834} INFO - Setting next_dagrun for example_skip_dag to 2026-03-14 00:00:00+00:00, run_after=2026-03-15 00:00:00+00:00
[2026-03-15T17:23:10.159+0000] {processor.py:183} INFO - Processing /home/airflow/.local/lib/python3.11/site-packages/airflow/example_dags/example_skip_dag.py took 0.060 seconds
[2026-03-15T17:23:14.513+0000] {processor.py:161} INFO - Started process (PID=702) to work on /home/airflow/.local/lib/python3.11/site-packages/airflow/example_dags/example_skip_dag.py
[2026-03-15T17:23:14.514+0000] {processor.py:830} INFO - Processing file /home/airflow/.local/lib/python3.11/site-packages/airflow/example_dags/example_skip_dag.py for tasks to queue
[2026-03-15T17:23:14.516+0000] {logging_mixin.py:188} INFO - [2026-03-15T17:23:14.515+0000] {dagbag.py:540} INFO - Filling up the DagBag from /home/airflow/.local/lib/python3.11/site-packages/airflow/example_dags/example_skip_dag.py
[2026-03-15T17:23:14.524+0000] {processor.py:840} INFO - DAG(s) 'example_skip_dag' retrieved from /home/airflow/.local/lib/python3.11/site-packages/airflow/example_dags/example_skip_dag.py
[2026-03-15T17:23:14.540+0000] {logging_mixin.py:188} INFO - [2026-03-15T17:23:14.540+0000] {dag.py:3047} INFO - Sync 1 DAGs
[2026-03-15T17:23:14.555+0000] {logging_mixin.py:188} INFO - [2026-03-15T17:23:14.555+0000] {dag.py:3834} INFO - Setting next_dagrun for example_skip_dag to 2026-03-14 00:00:00+00:00, run_after=2026-03-15 00:00:00+00:00
[2026-03-15T17:23:14.570+0000] {processor.py:183} INFO - Processing /home/airflow/.local/lib/python3.11/site-packages/airflow/example_dags/example_skip_dag.py took 0.060 seconds
[2026-03-15T17:24:08.730+0000] {processor.py:161} INFO - Started process (PID=749) to work on /home/airflow/.local/lib/python3.11/site-packages/airflow/example_dags/example_skip_dag.py
[2026-03-15T17:24:08.731+0000] {processor.py:830} INFO - Processing file /home/airflow/.local/lib/python3.11/site-packages/airflow/example_dags/example_skip_dag.py for tasks to queue
[2026-03-15T17:24:08.733+0000] {logging_mixin.py:188} INFO - [2026-03-15T17:24:08.733+0000] {dagbag.py:540} INFO - Filling up the DagBag from /home/airflow/.local/lib/python3.11/site-packages/airflow/example_dags/example_skip_dag.py
[2026-03-15T17:24:08.740+0000] {processor.py:840} INFO - DAG(s) 'example_skip_dag' retrieved from /home/airflow/.local/lib/python3.11/site-packages/airflow/example_dags/example_skip_dag.py
[2026-03-15T17:23:19.607+0000] {logging_mixin.py:188} INFO - [2026-03-15T17:23:19.607+0000] {dag.py:3047} INFO - Sync 1 DAGs
[2026-03-15T17:23:19.626+0000] {logging_mixin.py:188} INFO - [2026-03-15T17:23:19.626+0000] {dag.py:3834} INFO - Setting next_dagrun for example_skip_dag to 2026-03-14 00:00:00+00:00, run_after=2026-03-15 00:00:00+00:00
[2026-03-15T17:23:19.644+0000] {processor.py:183} INFO - Processing /home/airflow/.local/lib/python3.11/site-packages/airflow/example_dags/example_skip_dag.py took 0.069 seconds
[2026-03-15T17:23:50.046+0000] {processor.py:161} INFO - Started process (PID=802) to work on /home/airflow/.local/lib/python3.11/site-packages/airflow/example_dags/example_skip_dag.py
[2026-03-15T17:23:50.046+0000] {processor.py:830} INFO - Processing file /home/airflow/.local/lib/python3.11/site-packages/airflow/example_dags/example_skip_dag.py for tasks to queue
[2026-03-15T17:23:50.048+0000] {logging_mixin.py:188} INFO - [2026-03-15T17:23:50.048+0000] {dagbag.py:540} INFO - Filling up the DagBag from /home/airflow/.local/lib/python3.11/site-packages/airflow/example_dags/example_skip_dag.py
[2026-03-15T17:23:50.054+0000] {processor.py:840} INFO - DAG(s) 'example_skip_dag' retrieved from /home/airflow/.local/lib/python3.11/site-packages/airflow/example_dags/example_skip_dag.py
[2026-03-15T17:23:50.071+0000] {logging_mixin.py:188} INFO - [2026-03-15T17:23:50.071+0000] {dag.py:3047} INFO - Sync 1 DAGs
[2026-03-15T17:23:50.085+0000] {logging_mixin.py:188} INFO - [2026-03-15T17:23:50.085+0000] {dag.py:3834} INFO - Setting next_dagrun for example_skip_dag to 2026-03-14 00:00:00+00:00, run_after=2026-03-15 00:00:00+00:00
[2026-03-15T17:23:50.098+0000] {processor.py:183} INFO - Processing /home/airflow/.local/lib/python3.11/site-packages/airflow/example_dags/example_skip_dag.py took 0.056 seconds
[2026-03-15T17:23:54.581+0000] {processor.py:161} INFO - Started process (PID=858) to work on /home/airflow/.local/lib/python3.11/site-packages/airflow/example_dags/example_skip_dag.py
[2026-03-15T17:23:54.582+0000] {processor.py:830} INFO - Processing file /home/airflow/.local/lib/python3.11/site-packages/airflow/example_dags/example_skip_dag.py for tasks to queue
[2026-03-15T17:23:54.584+0000] {logging_mixin.py:188} INFO - [2026-03-15T17:23:54.583+0000] {dagbag.py:540} INFO - Filling up the DagBag from /home/airflow/.local/lib/python3.11/site-packages/airflow/example_dags/example_skip_dag.py
[2026-03-15T17:23:54.590+0000] {processor.py:840} INFO - DAG(s) 'example_skip_dag' retrieved from /home/airflow/.local/lib/python3.11/site-packages/airflow/example_dags/example_skip_dag.py
[2026-03-15T17:23:54.607+0000] {logging_mixin.py:188} INFO - [2026-03-15T17:23:54.607+0000] {dag.py:3047} INFO - Sync 1 DAGs
[2026-03-15T17:23:54.622+0000] {logging_mixin.py:188} INFO - [2026-03-15T17:23:54.622+0000] {dag.py:3834} INFO - Setting next_dagrun for example_skip_dag to 2026-03-14 00:00:00+00:00, run_after=2026-03-15 00:00:00+00:00
[2026-03-15T17:23:54.637+0000] {processor.py:183} INFO - Processing /home/airflow/.local/lib/python3.11/site-packages/airflow/example_dags/example_skip_dag.py took 0.060 seconds
[2026-03-15T17:24:24.963+0000] {processor.py:161} INFO - Started process (PID=910) to work on /home/airflow/.local/lib/python3.11/site-packages/airflow/example_dags/example_skip_dag.py
[2026-03-15T17:24:24.964+0000] {processor.py:830} INFO - Processing file /home/airflow/.local/lib/python3.11/site-packages/airflow/example_dags/example_skip_dag.py for tasks to queue
[2026-03-15T17:24:24.966+0000] {logging_mixin.py:188} INFO - [2026-03-15T17:24:24.966+0000] {dagbag.py:540} INFO - Filling up the DagBag from /home/airflow/.local/lib/python3.11/site-packages/airflow/example_dags/example_skip_dag.py
[2026-03-15T17:24:24.973+0000] {processor.py:840} INFO - DAG(s) 'example_skip_dag' retrieved from /home/airflow/.local/lib/python3.11/site-packages/airflow/example_dags/example_skip_dag.py
[2026-03-15T17:24:24.993+0000] {logging_mixin.py:188} INFO - [2026-03-15T17:24:24.993+0000] {dag.py:3047} INFO - Sync 1 DAGs
[2026-03-15T17:24:25.012+0000] {logging_mixin.py:188} INFO - [2026-03-15T17:24:25.012+0000] {dag.py:3834} INFO - Setting next_dagrun for example_skip_dag to 2026-03-14 00:00:00+00:00, run_after=2026-03-15 00:00:00+00:00
[2026-03-15T17:24:25.030+0000] {processor.py:183} INFO - Processing /home/airflow/.local/lib/python3.11/site-packages/airflow/example_dags/example_skip_dag.py took 0.071 seconds
[2026-03-15T17:24:29.851+0000] {processor.py:161} INFO - Started process (PID=960) to work on /home/airflow/.local/lib/python3.11/site-packages/airflow/example_dags/example_skip_dag.py
[2026-03-15T17:24:29.852+0000] {processor.py:830} INFO - Processing file /home/airflow/.local/lib/python3.11/site-packages/airflow/example_dags/example_skip_dag.py for tasks to queue
[2026-03-15T17:24:29.854+0000] {logging_mixin.py:188} INFO - [2026-03-15T17:24:29.854+0000] {dagbag.py:540} INFO - Filling up the DagBag from /home/airflow/.local/lib/python3.11/site-packages/airflow/example_dags/example_skip_dag.py
[2026-03-15T17:24:29.860+0000] {processor.py:840} INFO - DAG(s) 'example_skip_dag' retrieved from /home/airflow/.local/lib/python3.11/site-packages/airflow/example_dags/example_skip_dag.py
[2026-03-15T17:24:29.876+0000] {logging_mixin.py:188} INFO - [2026-03-15T17:24:29.876+0000] {dag.py:3047} INFO - Sync 1 DAGs
[2026-03-15T17:24:29.890+0000] {logging_mixin.py:188} INFO - [2026-03-15T17:24:29.890+0000] {dag.py:3834} INFO - Setting next_dagrun for example_skip_dag to 2026-03-14 00:00:00+00:00, run_after=2026-03-15 00:00:00+00:00
[2026-03-15T17:24:29.903+0000] {processor.py:183} INFO - Processing /home/airflow/.local/lib/python3.11/site-packages/airflow/example_dags/example_skip_dag.py took 0.055 seconds
[2026-03-15T17:25:17.847+0000] {processor.py:161} INFO - Started process (PID=80) to work on /home/airflow/.local/lib/python3.11/site-packages/airflow/example_dags/example_skip_dag.py
[2026-03-15T17:25:17.848+0000] {processor.py:830} INFO - Processing file /home/airflow/.local/lib/python3.11/site-packages/airflow/example_dags/example_skip_dag.py for tasks to queue
[2026-03-15T17:25:17.851+0000] {logging_mixin.py:188} INFO - [2026-03-15T17:25:17.850+0000] {dagbag.py:540} INFO - Filling up the DagBag from /home/airflow/.local/lib/python3.11/site-packages/airflow/example_dags/example_skip_dag.py
[2026-03-15T17:25:17.862+0000] {processor.py:840} INFO - DAG(s) 'example_skip_dag' retrieved from /home/airflow/.local/lib/python3.11/site-packages/airflow/example_dags/example_skip_dag.py
[2026-03-15T17:25:17.876+0000] {logging_mixin.py:188} INFO - [2026-03-15T17:25:17.875+0000] {dag.py:3047} INFO - Sync 1 DAGs
[2026-03-15T17:25:17.898+0000] {logging_mixin.py:188} INFO - [2026-03-15T17:25:17.898+0000] {dag.py:3834} INFO - Setting next_dagrun for example_skip_dag to 2026-03-14 00:00:00+00:00, run_after=2026-03-15 00:00:00+00:00
[2026-03-15T17:25:17.919+0000] {processor.py:183} INFO - Processing /home/airflow/.local/lib/python3.11/site-packages/airflow/example_dags/example_skip_dag.py took 0.076 seconds
[2026-03-15T17:25:35.700+0000] {processor.py:161} INFO - Started process (PID=130) to work on /home/airflow/.local/lib/python3.11/site-packages/airflow/example_dags/example_skip_dag.py
[2026-03-15T17:25:35.701+0000] {processor.py:830} INFO - Processing file /home/airflow/.local/lib/python3.11/site-packages/airflow/example_dags/example_skip_dag.py for tasks to queue
[2026-03-15T17:25:35.703+0000] {logging_mixin.py:188} INFO - [2026-03-15T17:25:35.702+0000] {dagbag.py:540} INFO - Filling up the DagBag from /home/airflow/.local/lib/python3.11/site-packages/airflow/example_dags/example_skip_dag.py
[2026-03-15T17:25:35.708+0000] {processor.py:840} INFO - DAG(s) 'example_skip_dag' retrieved from /home/airflow/.local/lib/python3.11/site-packages/airflow/example_dags/example_skip_dag.py
[2026-03-15T17:25:35.778+0000] {logging_mixin.py:188} INFO - [2026-03-15T17:25:35.778+0000] {dag.py:3047} INFO - Sync 1 DAGs
[2026-03-15T17:25:35.791+0000] {logging_mixin.py:188} INFO - [2026-03-15T17:25:35.790+0000] {dag.py:3834} INFO - Setting next_dagrun for example_skip_dag to 2026-03-14 00:00:00+00:00, run_after=2026-03-15 00:00:00+00:00
[2026-03-15T17:25:35.804+0000] {processor.py:183} INFO - Processing /home/airflow/.local/lib/python3.11/site-packages/airflow/example_dags/example_skip_dag.py took 0.107 seconds
[2026-03-15T17:26:28.858+0000] {processor.py:161} INFO - Started process (PID=176) to work on /home/airflow/.local/lib/python3.11/site-packages/airflow/example_dags/example_skip_dag.py
[2026-03-15T17:26:28.859+0000] {processor.py:830} INFO - Processing file /home/airflow/.local/lib/python3.11/site-packages/airflow/example_dags/example_skip_dag.py for tasks to queue
[2026-03-15T17:26:28.861+0000] {logging_mixin.py:188} INFO - [2026-03-15T17:26:28.860+0000] {dagbag.py:540} INFO - Filling up the DagBag from /home/airflow/.local/lib/python3.11/site-packages/airflow/example_dags/example_skip_dag.py
[2026-03-15T17:26:28.866+0000] {processor.py:840} INFO - DAG(s) 'example_skip_dag' retrieved from /home/airflow/.local/lib/python3.11/site-packages/airflow/example_dags/example_skip_dag.py
[2026-03-15T17:26:28.882+0000] {logging_mixin.py:188} INFO - [2026-03-15T17:26:28.882+0000] {dag.py:3047} INFO - Sync 1 DAGs
[2026-03-15T17:26:28.896+0000] {logging_mixin.py:188} INFO - [2026-03-15T17:26:28.896+0000] {dag.py:3834} INFO - Setting next_dagrun for example_skip_dag to 2026-03-14 00:00:00+00:00, run_after=2026-03-15 00:00:00+00:00
[2026-03-15T17:26:28.910+0000] {processor.py:183} INFO - Processing /home/airflow/.local/lib/python3.11/site-packages/airflow/example_dags/example_skip_dag.py took 0.055 seconds
[2026-03-15T17:26:55.092+0000] {processor.py:161} INFO - Started process (PID=420) to work on /home/airflow/.local/lib/python3.11/site-packages/airflow/example_dags/example_skip_dag.py
[2026-03-15T17:26:55.093+0000] {processor.py:830} INFO - Processing file /home/airflow/.local/lib/python3.11/site-packages/airflow/example_dags/example_skip_dag.py for tasks to queue
[2026-03-15T17:26:55.095+0000] {logging_mixin.py:188} INFO - [2026-03-15T17:26:55.095+0000] {dagbag.py:540} INFO - Filling up the DagBag from /home/airflow/.local/lib/python3.11/site-packages/airflow/example_dags/example_skip_dag.py
[2026-03-15T17:26:55.102+0000] {processor.py:840} INFO - DAG(s) 'example_skip_dag' retrieved from /home/airflow/.local/lib/python3.11/site-packages/airflow/example_dags/example_skip_dag.py
[2026-03-15T17:26:55.121+0000] {logging_mixin.py:188} INFO - [2026-03-15T17:26:55.121+0000] {dag.py:3047} INFO - Sync 1 DAGs
[2026-03-15T17:26:55.140+0000] {logging_mixin.py:188} INFO - [2026-03-15T17:26:55.139+0000] {dag.py:3834} INFO - Setting next_dagrun for example_skip_dag to 2026-03-14 00:00:00+00:00, run_after=2026-03-15 00:00:00+00:00
[2026-03-15T17:26:55.167+0000] {processor.py:183} INFO - Processing /home/airflow/.local/lib/python3.11/site-packages/airflow/example_dags/example_skip_dag.py took 0.078 seconds
[2026-03-15T17:27:05.697+0000] {processor.py:161} INFO - Started process (PID=470) to work on /home/airflow/.local/lib/python3.11/site-packages/airflow/example_dags/example_skip_dag.py
[2026-03-15T17:27:05.697+0000] {processor.py:830} INFO - Processing file /home/airflow/.local/lib/python3.11/site-packages/airflow/example_dags/example_skip_dag.py for tasks to queue
[2026-03-15T17:27:05.699+0000] {logging_mixin.py:188} INFO - [2026-03-15T17:27:05.699+0000] {dagbag.py:540} INFO - Filling up the DagBag from /home/airflow/.local/lib/python3.11/site-packages/airflow/example_dags/example_skip_dag.py
[2026-03-15T17:27:05.705+0000] {processor.py:840} INFO - DAG(s) 'example_skip_dag' retrieved from /home/airflow/.local/lib/python3.11/site-packages/airflow/example_dags/example_skip_dag.py
[2026-03-15T17:27:05.722+0000] {logging_mixin.py:188} INFO - [2026-03-15T17:27:05.722+0000] {dag.py:3047} INFO - Sync 1 DAGs
[2026-03-15T17:27:05.737+0000] {logging_mixin.py:188} INFO - [2026-03-15T17:27:05.736+0000] {dag.py:3834} INFO - Setting next_dagrun for example_skip_dag to 2026-03-14 00:00:00+00:00, run_after=2026-03-15 00:00:00+00:00
[2026-03-15T17:27:05.750+0000] {processor.py:183} INFO - Processing /home/airflow/.local/lib/python3.11/site-packages/airflow/example_dags/example_skip_dag.py took 0.056 seconds
[2026-03-15T17:27:10.076+0000] {processor.py:161} INFO - Started process (PID=519) to work on /home/airflow/.local/lib/python3.11/site-packages/airflow/example_dags/example_skip_dag.py
[2026-03-15T17:27:10.077+0000] {processor.py:830} INFO - Processing file /home/airflow/.local/lib/python3.11/site-packages/airflow/example_dags/example_skip_dag.py for tasks to queue
[2026-03-15T17:27:10.079+0000] {logging_mixin.py:188} INFO - [2026-03-15T17:27:10.079+0000] {dagbag.py:540} INFO - Filling up the DagBag from /home/airflow/.local/lib/python3.11/site-packages/airflow/example_dags/example_skip_dag.py
[2026-03-15T17:27:10.086+0000] {processor.py:840} INFO - DAG(s) 'example_skip_dag' retrieved from /home/airflow/.local/lib/python3.11/site-packages/airflow/example_dags/example_skip_dag.py
[2026-03-15T17:27:10.103+0000] {logging_mixin.py:188} INFO - [2026-03-15T17:27:10.103+0000] {dag.py:3047} INFO - Sync 1 DAGs
[2026-03-15T17:27:10.118+0000] {logging_mixin.py:188} INFO - [2026-03-15T17:27:10.118+0000] {dag.py:3834} INFO - Setting next_dagrun for example_skip_dag to 2026-03-14 00:00:00+00:00, run_after=2026-03-15 00:00:00+00:00
[2026-03-15T17:27:10.135+0000] {processor.py:183} INFO - Processing /home/airflow/.local/lib/python3.11/site-packages/airflow/example_dags/example_skip_dag.py took 0.061 seconds
[2026-03-15T17:27:57.595+0000] {processor.py:161} INFO - Started process (PID=75) to work on /home/airflow/.local/lib/python3.11/site-packages/airflow/example_dags/example_skip_dag.py
[2026-03-15T17:27:57.597+0000] {processor.py:830} INFO - Processing file /home/airflow/.local/lib/python3.11/site-packages/airflow/example_dags/example_skip_dag.py for tasks to queue
[2026-03-15T17:27:57.599+0000] {logging_mixin.py:188} INFO - [2026-03-15T17:27:57.598+0000] {dagbag.py:540} INFO - Filling up the DagBag from /home/airflow/.local/lib/python3.11/site-packages/airflow/example_dags/example_skip_dag.py
[2026-03-15T17:27:57.609+0000] {processor.py:840} INFO - DAG(s) 'example_skip_dag' retrieved from /home/airflow/.local/lib/python3.11/site-packages/airflow/example_dags/example_skip_dag.py
[2026-03-15T17:27:57.695+0000] {logging_mixin.py:188} INFO - [2026-03-15T17:27:57.695+0000] {override.py:1769} INFO - Created Permission View: can edit on DAG:example_skip_dag
[2026-03-15T17:27:57.705+0000] {logging_mixin.py:188} INFO - [2026-03-15T17:27:57.704+0000] {override.py:1769} INFO - Created Permission View: can read on DAG:example_skip_dag
[2026-03-15T17:27:57.711+0000] {logging_mixin.py:188} INFO - [2026-03-15T17:27:57.711+0000] {override.py:1769} INFO - Created Permission View: can delete on DAG:example_skip_dag
[2026-03-15T17:27:57.712+0000] {logging_mixin.py:188} INFO - [2026-03-15T17:27:57.712+0000] {dag.py:3047} INFO - Sync 1 DAGs
[2026-03-15T17:27:57.721+0000] {logging_mixin.py:188} INFO - [2026-03-15T17:27:57.720+0000] {dag.py:3069} INFO - Creating ORM DAG for example_skip_dag
[2026-03-15T17:27:57.731+0000] {logging_mixin.py:188} INFO - [2026-03-15T17:27:57.731+0000] {dag.py:3834} INFO - Setting next_dagrun for example_skip_dag to 2026-03-14 00:00:00+00:00, run_after=2026-03-15 00:00:00+00:00
[2026-03-15T17:27:57.746+0000] {processor.py:183} INFO - Processing /home/airflow/.local/lib/python3.11/site-packages/airflow/example_dags/example_skip_dag.py took 0.154 seconds
[2026-03-15T17:28:28.245+0000] {processor.py:161} INFO - Started process (PID=131) to work on /home/airflow/.local/lib/python3.11/site-packages/airflow/example_dags/example_skip_dag.py
[2026-03-15T17:28:28.246+0000] {processor.py:830} INFO - Processing file /home/airflow/.local/lib/python3.11/site-packages/airflow/example_dags/example_skip_dag.py for tasks to queue
[2026-03-15T17:28:28.248+0000] {logging_mixin.py:188} INFO - [2026-03-15T17:28:28.247+0000] {dagbag.py:540} INFO - Filling up the DagBag from /home/airflow/.local/lib/python3.11/site-packages/airflow/example_dags/example_skip_dag.py
[2026-03-15T17:28:28.253+0000] {processor.py:840} INFO - DAG(s) 'example_skip_dag' retrieved from /home/airflow/.local/lib/python3.11/site-packages/airflow/example_dags/example_skip_dag.py
[2026-03-15T17:28:28.271+0000] {logging_mixin.py:188} INFO - [2026-03-15T17:28:28.271+0000] {dag.py:3047} INFO - Sync 1 DAGs
[2026-03-15T17:28:28.287+0000] {logging_mixin.py:188} INFO - [2026-03-15T17:28:28.287+0000] {dag.py:3834} INFO - Setting next_dagrun for example_skip_dag to 2026-03-14 00:00:00+00:00, run_after=2026-03-15 00:00:00+00:00
[2026-03-15T17:28:28.306+0000] {processor.py:183} INFO - Processing /home/airflow/.local/lib/python3.11/site-packages/airflow/example_dags/example_skip_dag.py took 0.064 seconds
[2026-03-15T17:28:32.717+0000] {processor.py:161} INFO - Started process (PID=178) to work on /home/airflow/.local/lib/python3.11/site-packages/airflow/example_dags/example_skip_dag.py
[2026-03-15T17:28:32.718+0000] {processor.py:830} INFO - Processing file /home/airflow/.local/lib/python3.11/site-packages/airflow/example_dags/example_skip_dag.py for tasks to queue
[2026-03-15T17:28:32.720+0000] {logging_mixin.py:188} INFO - [2026-03-15T17:28:32.719+0000] {dagbag.py:540} INFO - Filling up the DagBag from /home/airflow/.local/lib/python3.11/site-packages/airflow/example_dags/example_skip_dag.py
[2026-03-15T17:28:32.725+0000] {processor.py:840} INFO - DAG(s) 'example_skip_dag' retrieved from /home/airflow/.local/lib/python3.11/site-packages/airflow/example_dags/example_skip_dag.py
[2026-03-15T17:28:32.741+0000] {logging_mixin.py:188} INFO - [2026-03-15T17:28:32.741+0000] {dag.py:3047} INFO - Sync 1 DAGs
[2026-03-15T17:28:32.756+0000] {logging_mixin.py:188} INFO - [2026-03-15T17:28:32.756+0000] {dag.py:3834} INFO - Setting next_dagrun for example_skip_dag to 2026-03-14 00:00:00+00:00, run_after=2026-03-15 00:00:00+00:00
[2026-03-15T17:28:32.771+0000] {processor.py:183} INFO - Processing /home/airflow/.local/lib/python3.11/site-packages/airflow/example_dags/example_skip_dag.py took 0.058 seconds
[2026-03-15T17:29:26.078+0000] {processor.py:161} INFO - Started process (PID=220) to work on /home/airflow/.local/lib/python3.11/site-packages/airflow/example_dags/example_skip_dag.py
[2026-03-15T17:29:26.079+0000] {processor.py:830} INFO - Processing file /home/airflow/.local/lib/python3.11/site-packages/airflow/example_dags/example_skip_dag.py for tasks to queue
[2026-03-15T17:29:26.081+0000] {logging_mixin.py:188} INFO - [2026-03-15T17:29:26.081+0000] {dagbag.py:540} INFO - Filling up the DagBag from /home/airflow/.local/lib/python3.11/site-packages/airflow/example_dags/example_skip_dag.py
[2026-03-15T17:29:26.088+0000] {processor.py:840} INFO - DAG(s) 'example_skip_dag' retrieved from /home/airflow/.local/lib/python3.11/site-packages/airflow/example_dags/example_skip_dag.py
[2026-03-15T17:28:36.925+0000] {logging_mixin.py:188} INFO - [2026-03-15T17:28:36.924+0000] {dag.py:3047} INFO - Sync 1 DAGs
[2026-03-15T17:28:36.944+0000] {logging_mixin.py:188} INFO - [2026-03-15T17:28:36.944+0000] {dag.py:3834} INFO - Setting next_dagrun for example_skip_dag to 2026-03-14 00:00:00+00:00, run_after=2026-03-15 00:00:00+00:00
[2026-03-15T17:28:36.962+0000] {processor.py:183} INFO - Processing /home/airflow/.local/lib/python3.11/site-packages/airflow/example_dags/example_skip_dag.py took 0.071 seconds
[2026-03-15T17:29:07.052+0000] {processor.py:161} INFO - Started process (PID=268) to work on /home/airflow/.local/lib/python3.11/site-packages/airflow/example_dags/example_skip_dag.py
[2026-03-15T17:29:07.053+0000] {processor.py:830} INFO - Processing file /home/airflow/.local/lib/python3.11/site-packages/airflow/example_dags/example_skip_dag.py for tasks to queue
[2026-03-15T17:29:07.055+0000] {logging_mixin.py:188} INFO - [2026-03-15T17:29:07.055+0000] {dagbag.py:540} INFO - Filling up the DagBag from /home/airflow/.local/lib/python3.11/site-packages/airflow/example_dags/example_skip_dag.py
[2026-03-15T17:29:07.061+0000] {processor.py:840} INFO - DAG(s) 'example_skip_dag' retrieved from /home/airflow/.local/lib/python3.11/site-packages/airflow/example_dags/example_skip_dag.py
[2026-03-15T17:29:07.079+0000] {logging_mixin.py:188} INFO - [2026-03-15T17:29:07.079+0000] {dag.py:3047} INFO - Sync 1 DAGs
[2026-03-15T17:29:07.094+0000] {logging_mixin.py:188} INFO - [2026-03-15T17:29:07.094+0000] {dag.py:3834} INFO - Setting next_dagrun for example_skip_dag to 2026-03-14 00:00:00+00:00, run_after=2026-03-15 00:00:00+00:00
[2026-03-15T17:29:07.109+0000] {processor.py:183} INFO - Processing /home/airflow/.local/lib/python3.11/site-packages/airflow/example_dags/example_skip_dag.py took 0.060 seconds
[2026-03-15T17:29:07.934+0000] {processor.py:161} INFO - Started process (PID=282) to work on /home/airflow/.local/lib/python3.11/site-packages/airflow/example_dags/example_skip_dag.py
[2026-03-15T17:29:07.943+0000] {processor.py:830} INFO - Processing file /home/airflow/.local/lib/python3.11/site-packages/airflow/example_dags/example_skip_dag.py for tasks to queue
[2026-03-15T17:29:07.947+0000] {logging_mixin.py:188} INFO - [2026-03-15T17:29:07.947+0000] {dagbag.py:540} INFO - Filling up the DagBag from /home/airflow/.local/lib/python3.11/site-packages/airflow/example_dags/example_skip_dag.py
[2026-03-15T17:29:07.954+0000] {processor.py:840} INFO - DAG(s) 'example_skip_dag' retrieved from /home/airflow/.local/lib/python3.11/site-packages/airflow/example_dags/example_skip_dag.py
[2026-03-15T17:29:07.973+0000] {logging_mixin.py:188} INFO - [2026-03-15T17:29:07.972+0000] {dag.py:3047} INFO - Sync 1 DAGs
[2026-03-15T17:29:07.987+0000] {logging_mixin.py:188} INFO - [2026-03-15T17:29:07.987+0000] {dag.py:3834} INFO - Setting next_dagrun for example_skip_dag to 2026-03-14 00:00:00+00:00, run_after=2026-03-15 00:00:00+00:00
[2026-03-15T17:29:08.001+0000] {processor.py:183} INFO - Processing /home/airflow/.local/lib/python3.11/site-packages/airflow/example_dags/example_skip_dag.py took 0.069 seconds
[2026-03-15T17:29:38.193+0000] {processor.py:161} INFO - Started process (PID=333) to work on /home/airflow/.local/lib/python3.11/site-packages/airflow/example_dags/example_skip_dag.py
[2026-03-15T17:29:38.194+0000] {processor.py:830} INFO - Processing file /home/airflow/.local/lib/python3.11/site-packages/airflow/example_dags/example_skip_dag.py for tasks to queue
[2026-03-15T17:29:38.196+0000] {logging_mixin.py:188} INFO - [2026-03-15T17:29:38.195+0000] {dagbag.py:540} INFO - Filling up the DagBag from /home/airflow/.local/lib/python3.11/site-packages/airflow/example_dags/example_skip_dag.py
[2026-03-15T17:29:38.202+0000] {processor.py:840} INFO - DAG(s) 'example_skip_dag' retrieved from /home/airflow/.local/lib/python3.11/site-packages/airflow/example_dags/example_skip_dag.py
[2026-03-15T17:29:38.221+0000] {logging_mixin.py:188} INFO - [2026-03-15T17:29:38.221+0000] {dag.py:3047} INFO - Sync 1 DAGs
[2026-03-15T17:29:38.237+0000] {logging_mixin.py:188} INFO - [2026-03-15T17:29:38.237+0000] {dag.py:3834} INFO - Setting next_dagrun for example_skip_dag to 2026-03-14 00:00:00+00:00, run_after=2026-03-15 00:00:00+00:00
[2026-03-15T17:29:38.251+0000] {processor.py:183} INFO - Processing /home/airflow/.local/lib/python3.11/site-packages/airflow/example_dags/example_skip_dag.py took 0.061 seconds
[2026-03-15T17:30:08.477+0000] {processor.py:161} INFO - Started process (PID=385) to work on /home/airflow/.local/lib/python3.11/site-packages/airflow/example_dags/example_skip_dag.py
[2026-03-15T17:30:08.478+0000] {processor.py:830} INFO - Processing file /home/airflow/.local/lib/python3.11/site-packages/airflow/example_dags/example_skip_dag.py for tasks to queue
[2026-03-15T17:30:08.480+0000] {logging_mixin.py:188} INFO - [2026-03-15T17:30:08.479+0000] {dagbag.py:540} INFO - Filling up the DagBag from /home/airflow/.local/lib/python3.11/site-packages/airflow/example_dags/example_skip_dag.py
[2026-03-15T17:30:08.485+0000] {processor.py:840} INFO - DAG(s) 'example_skip_dag' retrieved from /home/airflow/.local/lib/python3.11/site-packages/airflow/example_dags/example_skip_dag.py
[2026-03-15T17:30:08.503+0000] {logging_mixin.py:188} INFO - [2026-03-15T17:30:08.503+0000] {dag.py:3047} INFO - Sync 1 DAGs
[2026-03-15T17:30:08.521+0000] {logging_mixin.py:188} INFO - [2026-03-15T17:30:08.520+0000] {dag.py:3834} INFO - Setting next_dagrun for example_skip_dag to 2026-03-14 00:00:00+00:00, run_after=2026-03-15 00:00:00+00:00
[2026-03-15T17:30:08.536+0000] {processor.py:183} INFO - Processing /home/airflow/.local/lib/python3.11/site-packages/airflow/example_dags/example_skip_dag.py took 0.061 seconds
[2026-03-15T17:30:32.992+0000] {processor.py:161} INFO - Started process (PID=443) to work on /home/airflow/.local/lib/python3.11/site-packages/airflow/example_dags/example_skip_dag.py
[2026-03-15T17:30:32.993+0000] {processor.py:830} INFO - Processing file /home/airflow/.local/lib/python3.11/site-packages/airflow/example_dags/example_skip_dag.py for tasks to queue
[2026-03-15T17:30:32.995+0000] {logging_mixin.py:188} INFO - [2026-03-15T17:30:32.995+0000] {dagbag.py:540} INFO - Filling up the DagBag from /home/airflow/.local/lib/python3.11/site-packages/airflow/example_dags/example_skip_dag.py
[2026-03-15T17:30:33.004+0000] {processor.py:840} INFO - DAG(s) 'example_skip_dag' retrieved from /home/airflow/.local/lib/python3.11/site-packages/airflow/example_dags/example_skip_dag.py
[2026-03-15T17:30:33.023+0000] {logging_mixin.py:188} INFO - [2026-03-15T17:30:33.022+0000] {dag.py:3047} INFO - Sync 1 DAGs
[2026-03-15T17:30:33.039+0000] {logging_mixin.py:188} INFO - [2026-03-15T17:30:33.039+0000] {dag.py:3834} INFO - Setting next_dagrun for example_skip_dag to 2026-03-14 00:00:00+00:00, run_after=2026-03-15 00:00:00+00:00
[2026-03-15T17:30:33.057+0000] {processor.py:183} INFO - Processing /home/airflow/.local/lib/python3.11/site-packages/airflow/example_dags/example_skip_dag.py took 0.069 seconds
[2026-03-15T17:30:36.990+0000] {processor.py:161} INFO - Started process (PID=491) to work on /home/airflow/.local/lib/python3.11/site-packages/airflow/example_dags/example_skip_dag.py
[2026-03-15T17:30:36.991+0000] {processor.py:830} INFO - Processing file /home/airflow/.local/lib/python3.11/site-packages/airflow/example_dags/example_skip_dag.py for tasks to queue
[2026-03-15T17:30:36.993+0000] {logging_mixin.py:188} INFO - [2026-03-15T17:30:36.992+0000] {dagbag.py:540} INFO - Filling up the DagBag from /home/airflow/.local/lib/python3.11/site-packages/airflow/example_dags/example_skip_dag.py
[2026-03-15T17:30:36.998+0000] {processor.py:840} INFO - DAG(s) 'example_skip_dag' retrieved from /home/airflow/.local/lib/python3.11/site-packages/airflow/example_dags/example_skip_dag.py
[2026-03-15T17:30:37.018+0000] {logging_mixin.py:188} INFO - [2026-03-15T17:30:37.018+0000] {dag.py:3047} INFO - Sync 1 DAGs
[2026-03-15T17:30:37.034+0000] {logging_mixin.py:188} INFO - [2026-03-15T17:30:37.034+0000] {dag.py:3834} INFO - Setting next_dagrun for example_skip_dag to 2026-03-14 00:00:00+00:00, run_after=2026-03-15 00:00:00+00:00
[2026-03-15T17:30:37.049+0000] {processor.py:183} INFO - Processing /home/airflow/.local/lib/python3.11/site-packages/airflow/example_dags/example_skip_dag.py took 0.062 seconds
[2026-03-15T17:31:07.557+0000] {processor.py:161} INFO - Started process (PID=545) to work on /home/airflow/.local/lib/python3.11/site-packages/airflow/example_dags/example_skip_dag.py
[2026-03-15T17:31:07.558+0000] {processor.py:830} INFO - Processing file /home/airflow/.local/lib/python3.11/site-packages/airflow/example_dags/example_skip_dag.py for tasks to queue
[2026-03-15T17:31:07.559+0000] {logging_mixin.py:188} INFO - [2026-03-15T17:31:07.559+0000] {dagbag.py:540} INFO - Filling up the DagBag from /home/airflow/.local/lib/python3.11/site-packages/airflow/example_dags/example_skip_dag.py
[2026-03-15T17:31:07.564+0000] {processor.py:840} INFO - DAG(s) 'example_skip_dag' retrieved from /home/airflow/.local/lib/python3.11/site-packages/airflow/example_dags/example_skip_dag.py
[2026-03-15T17:31:07.580+0000] {logging_mixin.py:188} INFO - [2026-03-15T17:31:07.580+0000] {dag.py:3047} INFO - Sync 1 DAGs
[2026-03-15T17:31:07.594+0000] {logging_mixin.py:188} INFO - [2026-03-15T17:31:07.594+0000] {dag.py:3834} INFO - Setting next_dagrun for example_skip_dag to 2026-03-14 00:00:00+00:00, run_after=2026-03-15 00:00:00+00:00
[2026-03-15T17:31:07.610+0000] {processor.py:183} INFO - Processing /home/airflow/.local/lib/python3.11/site-packages/airflow/example_dags/example_skip_dag.py took 0.055 seconds
[2026-03-15T17:31:08.198+0000] {processor.py:161} INFO - Started process (PID=556) to work on /home/airflow/.local/lib/python3.11/site-packages/airflow/example_dags/example_skip_dag.py
[2026-03-15T17:31:08.199+0000] {processor.py:830} INFO - Processing file /home/airflow/.local/lib/python3.11/site-packages/airflow/example_dags/example_skip_dag.py for tasks to queue
[2026-03-15T17:31:08.200+0000] {logging_mixin.py:188} INFO - [2026-03-15T17:31:08.200+0000] {dagbag.py:540} INFO - Filling up the DagBag from /home/airflow/.local/lib/python3.11/site-packages/airflow/example_dags/example_skip_dag.py
[2026-03-15T17:31:08.206+0000] {processor.py:840} INFO - DAG(s) 'example_skip_dag' retrieved from /home/airflow/.local/lib/python3.11/site-packages/airflow/example_dags/example_skip_dag.py
[2026-03-15T17:31:08.222+0000] {logging_mixin.py:188} INFO - [2026-03-15T17:31:08.222+0000] {dag.py:3047} INFO - Sync 1 DAGs
[2026-03-15T17:31:08.237+0000] {logging_mixin.py:188} INFO - [2026-03-15T17:31:08.237+0000] {dag.py:3834} INFO - Setting next_dagrun for example_skip_dag to 2026-03-14 00:00:00+00:00, run_after=2026-03-15 00:00:00+00:00
[2026-03-15T17:31:08.251+0000] {processor.py:183} INFO - Processing /home/airflow/.local/lib/python3.11/site-packages/airflow/example_dags/example_skip_dag.py took 0.056 seconds
[2026-03-15T17:31:38.586+0000] {processor.py:161} INFO - Started process (PID=608) to work on /home/airflow/.local/lib/python3.11/site-packages/airflow/example_dags/example_skip_dag.py
[2026-03-15T17:31:38.588+0000] {processor.py:830} INFO - Processing file /home/airflow/.local/lib/python3.11/site-packages/airflow/example_dags/example_skip_dag.py for tasks to queue
[2026-03-15T17:31:38.590+0000] {logging_mixin.py:188} INFO - [2026-03-15T17:31:38.589+0000] {dagbag.py:540} INFO - Filling up the DagBag from /home/airflow/.local/lib/python3.11/site-packages/airflow/example_dags/example_skip_dag.py
[2026-03-15T17:31:38.596+0000] {processor.py:840} INFO - DAG(s) 'example_skip_dag' retrieved from /home/airflow/.local/lib/python3.11/site-packages/airflow/example_dags/example_skip_dag.py
[2026-03-15T17:31:38.615+0000] {logging_mixin.py:188} INFO - [2026-03-15T17:31:38.615+0000] {dag.py:3047} INFO - Sync 1 DAGs
[2026-03-15T17:31:38.632+0000] {logging_mixin.py:188} INFO - [2026-03-15T17:31:38.632+0000] {dag.py:3834} INFO - Setting next_dagrun for example_skip_dag to 2026-03-14 00:00:00+00:00, run_after=2026-03-15 00:00:00+00:00
[2026-03-15T17:31:38.648+0000] {processor.py:183} INFO - Processing /home/airflow/.local/lib/python3.11/site-packages/airflow/example_dags/example_skip_dag.py took 0.065 seconds
[2026-03-15T17:31:43.063+0000] {processor.py:161} INFO - Started process (PID=654) to work on /home/airflow/.local/lib/python3.11/site-packages/airflow/example_dags/example_skip_dag.py
[2026-03-15T17:31:43.064+0000] {processor.py:830} INFO - Processing file /home/airflow/.local/lib/python3.11/site-packages/airflow/example_dags/example_skip_dag.py for tasks to queue
[2026-03-15T17:31:43.066+0000] {logging_mixin.py:188} INFO - [2026-03-15T17:31:43.066+0000] {dagbag.py:540} INFO - Filling up the DagBag from /home/airflow/.local/lib/python3.11/site-packages/airflow/example_dags/example_skip_dag.py
[2026-03-15T17:31:43.072+0000] {processor.py:840} INFO - DAG(s) 'example_skip_dag' retrieved from /home/airflow/.local/lib/python3.11/site-packages/airflow/example_dags/example_skip_dag.py
[2026-03-15T17:31:43.088+0000] {logging_mixin.py:188} INFO - [2026-03-15T17:31:43.088+0000] {dag.py:3047} INFO - Sync 1 DAGs
[2026-03-15T17:31:43.103+0000] {logging_mixin.py:188} INFO - [2026-03-15T17:31:43.103+0000] {dag.py:3834} INFO - Setting next_dagrun for example_skip_dag to 2026-03-14 00:00:00+00:00, run_after=2026-03-15 00:00:00+00:00
[2026-03-15T17:31:43.119+0000] {processor.py:183} INFO - Processing /home/airflow/.local/lib/python3.11/site-packages/airflow/example_dags/example_skip_dag.py took 0.059 seconds
[2026-03-15T17:32:13.571+0000] {processor.py:161} INFO - Started process (PID=711) to work on /home/airflow/.local/lib/python3.11/site-packages/airflow/example_dags/example_skip_dag.py
[2026-03-15T17:32:13.572+0000] {processor.py:830} INFO - Processing file /home/airflow/.local/lib/python3.11/site-packages/airflow/example_dags/example_skip_dag.py for tasks to queue
[2026-03-15T17:32:13.579+0000] {logging_mixin.py:188} INFO - [2026-03-15T17:32:13.578+0000] {dagbag.py:540} INFO - Filling up the DagBag from /home/airflow/.local/lib/python3.11/site-packages/airflow/example_dags/example_skip_dag.py
[2026-03-15T17:32:13.598+0000] {processor.py:840} INFO - DAG(s) 'example_skip_dag' retrieved from /home/airflow/.local/lib/python3.11/site-packages/airflow/example_dags/example_skip_dag.py
[2026-03-15T17:32:13.650+0000] {logging_mixin.py:188} INFO - [2026-03-15T17:32:13.650+0000] {dag.py:3047} INFO - Sync 1 DAGs
[2026-03-15T17:32:13.703+0000] {logging_mixin.py:188} INFO - [2026-03-15T17:32:13.702+0000] {dag.py:3834} INFO - Setting next_dagrun for example_skip_dag to 2026-03-14 00:00:00+00:00, run_after=2026-03-15 00:00:00+00:00
[2026-03-15T17:32:13.740+0000] {processor.py:183} INFO - Processing /home/airflow/.local/lib/python3.11/site-packages/airflow/example_dags/example_skip_dag.py took 0.177 seconds
[2026-03-15T17:32:44.446+0000] {processor.py:161} INFO - Started process (PID=764) to work on /home/airflow/.local/lib/python3.11/site-packages/airflow/example_dags/example_skip_dag.py
[2026-03-15T17:32:44.447+0000] {processor.py:830} INFO - Processing file /home/airflow/.local/lib/python3.11/site-packages/airflow/example_dags/example_skip_dag.py for tasks to queue
[2026-03-15T17:32:44.449+0000] {logging_mixin.py:188} INFO - [2026-03-15T17:32:44.448+0000] {dagbag.py:540} INFO - Filling up the DagBag from /home/airflow/.local/lib/python3.11/site-packages/airflow/example_dags/example_skip_dag.py
[2026-03-15T17:32:44.454+0000] {processor.py:840} INFO - DAG(s) 'example_skip_dag' retrieved from /home/airflow/.local/lib/python3.11/site-packages/airflow/example_dags/example_skip_dag.py
[2026-03-15T17:32:44.470+0000] {logging_mixin.py:188} INFO - [2026-03-15T17:32:44.469+0000] {dag.py:3047} INFO - Sync 1 DAGs
[2026-03-15T17:32:44.486+0000] {logging_mixin.py:188} INFO - [2026-03-15T17:32:44.486+0000] {dag.py:3834} INFO - Setting next_dagrun for example_skip_dag to 2026-03-14 00:00:00+00:00, run_after=2026-03-15 00:00:00+00:00
[2026-03-15T17:32:44.503+0000] {processor.py:183} INFO - Processing /home/airflow/.local/lib/python3.11/site-packages/airflow/example_dags/example_skip_dag.py took 0.059 seconds
[2026-03-15T17:32:58.177+0000] {processor.py:161} INFO - Started process (PID=814) to work on /home/airflow/.local/lib/python3.11/site-packages/airflow/example_dags/example_skip_dag.py
[2026-03-15T17:32:58.179+0000] {processor.py:830} INFO - Processing file /home/airflow/.local/lib/python3.11/site-packages/airflow/example_dags/example_skip_dag.py for tasks to queue
[2026-03-15T17:32:58.181+0000] {logging_mixin.py:188} INFO - [2026-03-15T17:32:58.180+0000] {dagbag.py:540} INFO - Filling up the DagBag from /home/airflow/.local/lib/python3.11/site-packages/airflow/example_dags/example_skip_dag.py
[2026-03-15T17:32:58.187+0000] {processor.py:840} INFO - DAG(s) 'example_skip_dag' retrieved from /home/airflow/.local/lib/python3.11/site-packages/airflow/example_dags/example_skip_dag.py
[2026-03-15T17:32:58.207+0000] {logging_mixin.py:188} INFO - [2026-03-15T17:32:58.207+0000] {dag.py:3047} INFO - Sync 1 DAGs
[2026-03-15T17:32:58.225+0000] {logging_mixin.py:188} INFO - [2026-03-15T17:32:58.224+0000] {dag.py:3834} INFO - Setting next_dagrun for example_skip_dag to 2026-03-14 00:00:00+00:00, run_after=2026-03-15 00:00:00+00:00
[2026-03-15T17:32:58.244+0000] {processor.py:183} INFO - Processing /home/airflow/.local/lib/python3.11/site-packages/airflow/example_dags/example_skip_dag.py took 0.070 seconds
[2026-03-15T17:33:13.294+0000] {processor.py:161} INFO - Started process (PID=867) to work on /home/airflow/.local/lib/python3.11/site-packages/airflow/example_dags/example_skip_dag.py
[2026-03-15T17:33:13.295+0000] {processor.py:830} INFO - Processing file /home/airflow/.local/lib/python3.11/site-packages/airflow/example_dags/example_skip_dag.py for tasks to queue
[2026-03-15T17:33:13.297+0000] {logging_mixin.py:188} INFO - [2026-03-15T17:33:13.296+0000] {dagbag.py:540} INFO - Filling up the DagBag from /home/airflow/.local/lib/python3.11/site-packages/airflow/example_dags/example_skip_dag.py
[2026-03-15T17:33:13.302+0000] {processor.py:840} INFO - DAG(s) 'example_skip_dag' retrieved from /home/airflow/.local/lib/python3.11/site-packages/airflow/example_dags/example_skip_dag.py
[2026-03-15T17:33:13.321+0000] {logging_mixin.py:188} INFO - [2026-03-15T17:33:13.321+0000] {dag.py:3047} INFO - Sync 1 DAGs
[2026-03-15T17:33:13.339+0000] {logging_mixin.py:188} INFO - [2026-03-15T17:33:13.338+0000] {dag.py:3834} INFO - Setting next_dagrun for example_skip_dag to 2026-03-14 00:00:00+00:00, run_after=2026-03-15 00:00:00+00:00
[2026-03-15T17:33:13.355+0000] {processor.py:183} INFO - Processing /home/airflow/.local/lib/python3.11/site-packages/airflow/example_dags/example_skip_dag.py took 0.065 seconds
[2026-03-15T17:33:43.626+0000] {processor.py:161} INFO - Started process (PID=924) to work on /home/airflow/.local/lib/python3.11/site-packages/airflow/example_dags/example_skip_dag.py
[2026-03-15T17:33:43.627+0000] {processor.py:830} INFO - Processing file /home/airflow/.local/lib/python3.11/site-packages/airflow/example_dags/example_skip_dag.py for tasks to queue
[2026-03-15T17:33:43.629+0000] {logging_mixin.py:188} INFO - [2026-03-15T17:33:43.628+0000] {dagbag.py:540} INFO - Filling up the DagBag from /home/airflow/.local/lib/python3.11/site-packages/airflow/example_dags/example_skip_dag.py
[2026-03-15T17:33:43.634+0000] {processor.py:840} INFO - DAG(s) 'example_skip_dag' retrieved from /home/airflow/.local/lib/python3.11/site-packages/airflow/example_dags/example_skip_dag.py
[2026-03-15T17:33:43.650+0000] {logging_mixin.py:188} INFO - [2026-03-15T17:33:43.650+0000] {dag.py:3047} INFO - Sync 1 DAGs
[2026-03-15T17:33:43.666+0000] {logging_mixin.py:188} INFO - [2026-03-15T17:33:43.666+0000] {dag.py:3834} INFO - Setting next_dagrun for example_skip_dag to 2026-03-14 00:00:00+00:00, run_after=2026-03-15 00:00:00+00:00
[2026-03-15T17:33:43.682+0000] {processor.py:183} INFO - Processing /home/airflow/.local/lib/python3.11/site-packages/airflow/example_dags/example_skip_dag.py took 0.058 seconds
[2026-03-15T17:33:48.405+0000] {processor.py:161} INFO - Started process (PID=974) to work on /home/airflow/.local/lib/python3.11/site-packages/airflow/example_dags/example_skip_dag.py
[2026-03-15T17:33:48.406+0000] {processor.py:830} INFO - Processing file /home/airflow/.local/lib/python3.11/site-packages/airflow/example_dags/example_skip_dag.py for tasks to queue
[2026-03-15T17:33:48.408+0000] {logging_mixin.py:188} INFO - [2026-03-15T17:33:48.407+0000] {dagbag.py:540} INFO - Filling up the DagBag from /home/airflow/.local/lib/python3.11/site-packages/airflow/example_dags/example_skip_dag.py
[2026-03-15T17:33:48.413+0000] {processor.py:840} INFO - DAG(s) 'example_skip_dag' retrieved from /home/airflow/.local/lib/python3.11/site-packages/airflow/example_dags/example_skip_dag.py
[2026-03-15T17:33:48.429+0000] {logging_mixin.py:188} INFO - [2026-03-15T17:33:48.429+0000] {dag.py:3047} INFO - Sync 1 DAGs
[2026-03-15T17:33:48.446+0000] {logging_mixin.py:188} INFO - [2026-03-15T17:33:48.445+0000] {dag.py:3834} INFO - Setting next_dagrun for example_skip_dag to 2026-03-14 00:00:00+00:00, run_after=2026-03-15 00:00:00+00:00
[2026-03-15T17:33:48.467+0000] {processor.py:183} INFO - Processing /home/airflow/.local/lib/python3.11/site-packages/airflow/example_dags/example_skip_dag.py took 0.065 seconds
[2026-03-15T17:34:07.124+0000] {processor.py:161} INFO - Started process (PID=1030) to work on /home/airflow/.local/lib/python3.11/site-packages/airflow/example_dags/example_skip_dag.py
[2026-03-15T17:34:07.125+0000] {processor.py:830} INFO - Processing file /home/airflow/.local/lib/python3.11/site-packages/airflow/example_dags/example_skip_dag.py for tasks to queue
[2026-03-15T17:34:07.127+0000] {logging_mixin.py:188} INFO - [2026-03-15T17:34:07.127+0000] {dagbag.py:540} INFO - Filling up the DagBag from /home/airflow/.local/lib/python3.11/site-packages/airflow/example_dags/example_skip_dag.py
[2026-03-15T17:34:07.133+0000] {processor.py:840} INFO - DAG(s) 'example_skip_dag' retrieved from /home/airflow/.local/lib/python3.11/site-packages/airflow/example_dags/example_skip_dag.py
[2026-03-15T17:34:07.147+0000] {logging_mixin.py:188} INFO - [2026-03-15T17:34:07.147+0000] {dag.py:3047} INFO - Sync 1 DAGs
[2026-03-15T17:34:07.162+0000] {logging_mixin.py:188} INFO - [2026-03-15T17:34:07.162+0000] {dag.py:3834} INFO - Setting next_dagrun for example_skip_dag to 2026-03-14 00:00:00+00:00, run_after=2026-03-15 00:00:00+00:00
[2026-03-15T17:34:07.175+0000] {processor.py:183} INFO - Processing /home/airflow/.local/lib/python3.11/site-packages/airflow/example_dags/example_skip_dag.py took 0.054 seconds
[2026-03-15T17:35:02.502+0000] {processor.py:161} INFO - Started process (PID=1078) to work on /home/airflow/.local/lib/python3.11/site-packages/airflow/example_dags/example_skip_dag.py
[2026-03-15T17:35:02.503+0000] {processor.py:830} INFO - Processing file /home/airflow/.local/lib/python3.11/site-packages/airflow/example_dags/example_skip_dag.py for tasks to queue
[2026-03-15T17:35:02.505+0000] {logging_mixin.py:188} INFO - [2026-03-15T17:35:02.505+0000] {dagbag.py:540} INFO - Filling up the DagBag from /home/airflow/.local/lib/python3.11/site-packages/airflow/example_dags/example_skip_dag.py
[2026-03-15T17:35:02.511+0000] {processor.py:840} INFO - DAG(s) 'example_skip_dag' retrieved from /home/airflow/.local/lib/python3.11/site-packages/airflow/example_dags/example_skip_dag.py
[2026-03-15T17:35:02.526+0000] {logging_mixin.py:188} INFO - [2026-03-15T17:35:02.526+0000] {dag.py:3047} INFO - Sync 1 DAGs
[2026-03-15T17:34:13.382+0000] {logging_mixin.py:188} INFO - [2026-03-15T17:34:13.382+0000] {dag.py:3834} INFO - Setting next_dagrun for example_skip_dag to 2026-03-14 00:00:00+00:00, run_after=2026-03-15 00:00:00+00:00
[2026-03-15T17:34:13.397+0000] {processor.py:183} INFO - Processing /home/airflow/.local/lib/python3.11/site-packages/airflow/example_dags/example_skip_dag.py took 0.056 seconds
[2026-03-15T17:35:07.413+0000] {processor.py:161} INFO - Started process (PID=1119) to work on /home/airflow/.local/lib/python3.11/site-packages/airflow/example_dags/example_skip_dag.py
[2026-03-15T17:35:07.414+0000] {processor.py:830} INFO - Processing file /home/airflow/.local/lib/python3.11/site-packages/airflow/example_dags/example_skip_dag.py for tasks to queue
[2026-03-15T17:35:07.416+0000] {logging_mixin.py:188} INFO - [2026-03-15T17:35:07.415+0000] {dagbag.py:540} INFO - Filling up the DagBag from /home/airflow/.local/lib/python3.11/site-packages/airflow/example_dags/example_skip_dag.py
[2026-03-15T17:35:07.422+0000] {processor.py:840} INFO - DAG(s) 'example_skip_dag' retrieved from /home/airflow/.local/lib/python3.11/site-packages/airflow/example_dags/example_skip_dag.py
[2026-03-15T17:35:07.439+0000] {logging_mixin.py:188} INFO - [2026-03-15T17:35:07.439+0000] {dag.py:3047} INFO - Sync 1 DAGs
[2026-03-15T17:35:07.454+0000] {logging_mixin.py:188} INFO - [2026-03-15T17:35:07.454+0000] {dag.py:3834} INFO - Setting next_dagrun for example_skip_dag to 2026-03-14 00:00:00+00:00, run_after=2026-03-15 00:00:00+00:00
[2026-03-15T17:35:07.467+0000] {processor.py:183} INFO - Processing /home/airflow/.local/lib/python3.11/site-packages/airflow/example_dags/example_skip_dag.py took 0.056 seconds
[2026-03-15T17:34:53.381+0000] {processor.py:161} INFO - Started process (PID=1326) to work on /home/airflow/.local/lib/python3.11/site-packages/airflow/example_dags/example_skip_dag.py
[2026-03-15T17:34:53.382+0000] {processor.py:830} INFO - Processing file /home/airflow/.local/lib/python3.11/site-packages/airflow/example_dags/example_skip_dag.py for tasks to queue
[2026-03-15T17:34:53.384+0000] {logging_mixin.py:188} INFO - [2026-03-15T17:34:53.384+0000] {dagbag.py:540} INFO - Filling up the DagBag from /home/airflow/.local/lib/python3.11/site-packages/airflow/example_dags/example_skip_dag.py
[2026-03-15T17:34:53.390+0000] {processor.py:840} INFO - DAG(s) 'example_skip_dag' retrieved from /home/airflow/.local/lib/python3.11/site-packages/airflow/example_dags/example_skip_dag.py
[2026-03-15T17:34:53.406+0000] {logging_mixin.py:188} INFO - [2026-03-15T17:34:53.406+0000] {dag.py:3047} INFO - Sync 1 DAGs
[2026-03-15T17:34:53.421+0000] {logging_mixin.py:188} INFO - [2026-03-15T17:34:53.420+0000] {dag.py:3834} INFO - Setting next_dagrun for example_skip_dag to 2026-03-14 00:00:00+00:00, run_after=2026-03-15 00:00:00+00:00
[2026-03-15T17:34:53.435+0000] {processor.py:183} INFO - Processing /home/airflow/.local/lib/python3.11/site-packages/airflow/example_dags/example_skip_dag.py took 0.056 seconds
[2026-03-15T17:35:47.420+0000] {processor.py:161} INFO - Started process (PID=1366) to work on /home/airflow/.local/lib/python3.11/site-packages/airflow/example_dags/example_skip_dag.py
[2026-03-15T17:35:47.421+0000] {processor.py:830} INFO - Processing file /home/airflow/.local/lib/python3.11/site-packages/airflow/example_dags/example_skip_dag.py for tasks to queue
[2026-03-15T17:35:47.423+0000] {logging_mixin.py:188} INFO - [2026-03-15T17:35:47.423+0000] {dagbag.py:540} INFO - Filling up the DagBag from /home/airflow/.local/lib/python3.11/site-packages/airflow/example_dags/example_skip_dag.py
[2026-03-15T17:35:47.428+0000] {processor.py:840} INFO - DAG(s) 'example_skip_dag' retrieved from /home/airflow/.local/lib/python3.11/site-packages/airflow/example_dags/example_skip_dag.py
[2026-03-15T17:35:47.443+0000] {logging_mixin.py:188} INFO - [2026-03-15T17:35:47.443+0000] {dag.py:3047} INFO - Sync 1 DAGs
[2026-03-15T17:35:47.457+0000] {logging_mixin.py:188} INFO - [2026-03-15T17:35:47.457+0000] {dag.py:3834} INFO - Setting next_dagrun for example_skip_dag to 2026-03-14 00:00:00+00:00, run_after=2026-03-15 00:00:00+00:00
[2026-03-15T17:35:47.470+0000] {processor.py:183} INFO - Processing /home/airflow/.local/lib/python3.11/site-packages/airflow/example_dags/example_skip_dag.py took 0.052 seconds
[2026-03-15T17:35:37.725+0000] {processor.py:161} INFO - Started process (PID=1459) to work on /home/airflow/.local/lib/python3.11/site-packages/airflow/example_dags/example_skip_dag.py
[2026-03-15T17:35:37.726+0000] {processor.py:830} INFO - Processing file /home/airflow/.local/lib/python3.11/site-packages/airflow/example_dags/example_skip_dag.py for tasks to queue
[2026-03-15T17:35:37.728+0000] {logging_mixin.py:188} INFO - [2026-03-15T17:35:37.728+0000] {dagbag.py:540} INFO - Filling up the DagBag from /home/airflow/.local/lib/python3.11/site-packages/airflow/example_dags/example_skip_dag.py
[2026-03-15T17:35:37.735+0000] {processor.py:840} INFO - DAG(s) 'example_skip_dag' retrieved from /home/airflow/.local/lib/python3.11/site-packages/airflow/example_dags/example_skip_dag.py
[2026-03-15T17:35:37.752+0000] {logging_mixin.py:188} INFO - [2026-03-15T17:35:37.752+0000] {dag.py:3047} INFO - Sync 1 DAGs
[2026-03-15T17:35:37.768+0000] {logging_mixin.py:188} INFO - [2026-03-15T17:35:37.768+0000] {dag.py:3834} INFO - Setting next_dagrun for example_skip_dag to 2026-03-14 00:00:00+00:00, run_after=2026-03-15 00:00:00+00:00
[2026-03-15T17:35:37.784+0000] {processor.py:183} INFO - Processing /home/airflow/.local/lib/python3.11/site-packages/airflow/example_dags/example_skip_dag.py took 0.062 seconds
[2026-03-15T17:36:37.875+0000] {processor.py:161} INFO - Started process (PID=1499) to work on /home/airflow/.local/lib/python3.11/site-packages/airflow/example_dags/example_skip_dag.py
[2026-03-15T17:36:37.876+0000] {processor.py:830} INFO - Processing file /home/airflow/.local/lib/python3.11/site-packages/airflow/example_dags/example_skip_dag.py for tasks to queue
[2026-03-15T17:36:37.879+0000] {logging_mixin.py:188} INFO - [2026-03-15T17:36:37.878+0000] {dagbag.py:540} INFO - Filling up the DagBag from /home/airflow/.local/lib/python3.11/site-packages/airflow/example_dags/example_skip_dag.py
[2026-03-15T17:36:37.884+0000] {processor.py:840} INFO - DAG(s) 'example_skip_dag' retrieved from /home/airflow/.local/lib/python3.11/site-packages/airflow/example_dags/example_skip_dag.py
[2026-03-15T17:36:37.900+0000] {logging_mixin.py:188} INFO - [2026-03-15T17:36:37.900+0000] {dag.py:3047} INFO - Sync 1 DAGs
[2026-03-15T17:36:37.915+0000] {logging_mixin.py:188} INFO - [2026-03-15T17:36:37.915+0000] {dag.py:3834} INFO - Setting next_dagrun for example_skip_dag to 2026-03-14 00:00:00+00:00, run_after=2026-03-15 00:00:00+00:00
[2026-03-15T17:36:37.930+0000] {processor.py:183} INFO - Processing /home/airflow/.local/lib/python3.11/site-packages/airflow/example_dags/example_skip_dag.py took 0.057 seconds
[2026-03-15T17:37:08.129+0000] {processor.py:161} INFO - Started process (PID=1713) to work on /home/airflow/.local/lib/python3.11/site-packages/airflow/example_dags/example_skip_dag.py
[2026-03-15T17:37:08.130+0000] {processor.py:830} INFO - Processing file /home/airflow/.local/lib/python3.11/site-packages/airflow/example_dags/example_skip_dag.py for tasks to queue
[2026-03-15T17:37:08.132+0000] {logging_mixin.py:188} INFO - [2026-03-15T17:37:08.132+0000] {dagbag.py:540} INFO - Filling up the DagBag from /home/airflow/.local/lib/python3.11/site-packages/airflow/example_dags/example_skip_dag.py
[2026-03-15T17:37:08.138+0000] {processor.py:840} INFO - DAG(s) 'example_skip_dag' retrieved from /home/airflow/.local/lib/python3.11/site-packages/airflow/example_dags/example_skip_dag.py
[2026-03-15T17:37:08.156+0000] {logging_mixin.py:188} INFO - [2026-03-15T17:37:08.155+0000] {dag.py:3047} INFO - Sync 1 DAGs
[2026-03-15T17:37:08.171+0000] {logging_mixin.py:188} INFO - [2026-03-15T17:37:08.171+0000] {dag.py:3834} INFO - Setting next_dagrun for example_skip_dag to 2026-03-14 00:00:00+00:00, run_after=2026-03-15 00:00:00+00:00
[2026-03-15T17:37:08.186+0000] {processor.py:183} INFO - Processing /home/airflow/.local/lib/python3.11/site-packages/airflow/example_dags/example_skip_dag.py took 0.059 seconds
[2026-03-15T17:37:19.026+0000] {processor.py:161} INFO - Started process (PID=1757) to work on /home/airflow/.local/lib/python3.11/site-packages/airflow/example_dags/example_skip_dag.py
[2026-03-15T17:37:19.027+0000] {processor.py:830} INFO - Processing file /home/airflow/.local/lib/python3.11/site-packages/airflow/example_dags/example_skip_dag.py for tasks to queue
[2026-03-15T17:37:19.028+0000] {logging_mixin.py:188} INFO - [2026-03-15T17:37:19.028+0000] {dagbag.py:540} INFO - Filling up the DagBag from /home/airflow/.local/lib/python3.11/site-packages/airflow/example_dags/example_skip_dag.py
[2026-03-15T17:37:19.034+0000] {processor.py:840} INFO - DAG(s) 'example_skip_dag' retrieved from /home/airflow/.local/lib/python3.11/site-packages/airflow/example_dags/example_skip_dag.py
[2026-03-15T17:37:19.048+0000] {logging_mixin.py:188} INFO - [2026-03-15T17:37:19.048+0000] {dag.py:3047} INFO - Sync 1 DAGs
[2026-03-15T17:37:19.062+0000] {logging_mixin.py:188} INFO - [2026-03-15T17:37:19.062+0000] {dag.py:3834} INFO - Setting next_dagrun for example_skip_dag to 2026-03-14 00:00:00+00:00, run_after=2026-03-15 00:00:00+00:00
[2026-03-15T17:37:19.078+0000] {processor.py:183} INFO - Processing /home/airflow/.local/lib/python3.11/site-packages/airflow/example_dags/example_skip_dag.py took 0.055 seconds
[2026-03-15T17:38:26.812+0000] {processor.py:161} INFO - Started process (PID=1812) to work on /home/airflow/.local/lib/python3.11/site-packages/airflow/example_dags/example_skip_dag.py
[2026-03-15T17:38:26.813+0000] {processor.py:830} INFO - Processing file /home/airflow/.local/lib/python3.11/site-packages/airflow/example_dags/example_skip_dag.py for tasks to queue
[2026-03-15T17:38:26.814+0000] {logging_mixin.py:188} INFO - [2026-03-15T17:38:26.814+0000] {dagbag.py:540} INFO - Filling up the DagBag from /home/airflow/.local/lib/python3.11/site-packages/airflow/example_dags/example_skip_dag.py
[2026-03-15T17:38:26.820+0000] {processor.py:840} INFO - DAG(s) 'example_skip_dag' retrieved from /home/airflow/.local/lib/python3.11/site-packages/airflow/example_dags/example_skip_dag.py
[2026-03-15T17:38:26.835+0000] {logging_mixin.py:188} INFO - [2026-03-15T17:38:26.835+0000] {dag.py:3047} INFO - Sync 1 DAGs
[2026-03-15T17:38:26.849+0000] {logging_mixin.py:188} INFO - [2026-03-15T17:38:26.849+0000] {dag.py:3834} INFO - Setting next_dagrun for example_skip_dag to 2026-03-14 00:00:00+00:00, run_after=2026-03-15 00:00:00+00:00
[2026-03-15T17:38:26.865+0000] {processor.py:183} INFO - Processing /home/airflow/.local/lib/python3.11/site-packages/airflow/example_dags/example_skip_dag.py took 0.056 seconds
[2026-03-15T17:38:37.673+0000] {processor.py:161} INFO - Started process (PID=1951) to work on /home/airflow/.local/lib/python3.11/site-packages/airflow/example_dags/example_skip_dag.py
[2026-03-15T17:38:37.674+0000] {processor.py:830} INFO - Processing file /home/airflow/.local/lib/python3.11/site-packages/airflow/example_dags/example_skip_dag.py for tasks to queue
[2026-03-15T17:38:37.676+0000] {logging_mixin.py:188} INFO - [2026-03-15T17:38:37.676+0000] {dagbag.py:540} INFO - Filling up the DagBag from /home/airflow/.local/lib/python3.11/site-packages/airflow/example_dags/example_skip_dag.py
[2026-03-15T17:38:37.681+0000] {processor.py:840} INFO - DAG(s) 'example_skip_dag' retrieved from /home/airflow/.local/lib/python3.11/site-packages/airflow/example_dags/example_skip_dag.py
[2026-03-15T17:38:37.697+0000] {logging_mixin.py:188} INFO - [2026-03-15T17:38:37.697+0000] {dag.py:3047} INFO - Sync 1 DAGs
[2026-03-15T17:38:37.713+0000] {logging_mixin.py:188} INFO - [2026-03-15T17:38:37.712+0000] {dag.py:3834} INFO - Setting next_dagrun for example_skip_dag to 2026-03-14 00:00:00+00:00, run_after=2026-03-15 00:00:00+00:00
[2026-03-15T17:38:37.728+0000] {processor.py:183} INFO - Processing /home/airflow/.local/lib/python3.11/site-packages/airflow/example_dags/example_skip_dag.py took 0.058 seconds
[2026-03-15T17:39:33.199+0000] {processor.py:161} INFO - Started process (PID=1992) to work on /home/airflow/.local/lib/python3.11/site-packages/airflow/example_dags/example_skip_dag.py
[2026-03-15T17:39:33.200+0000] {processor.py:830} INFO - Processing file /home/airflow/.local/lib/python3.11/site-packages/airflow/example_dags/example_skip_dag.py for tasks to queue
[2026-03-15T17:39:33.202+0000] {logging_mixin.py:188} INFO - [2026-03-15T17:39:33.202+0000] {dagbag.py:540} INFO - Filling up the DagBag from /home/airflow/.local/lib/python3.11/site-packages/airflow/example_dags/example_skip_dag.py
[2026-03-15T17:38:44.023+0000] {processor.py:840} INFO - DAG(s) 'example_skip_dag' retrieved from /home/airflow/.local/lib/python3.11/site-packages/airflow/example_dags/example_skip_dag.py
[2026-03-15T17:38:44.043+0000] {logging_mixin.py:188} INFO - [2026-03-15T17:38:44.043+0000] {dag.py:3047} INFO - Sync 1 DAGs
[2026-03-15T17:38:44.062+0000] {logging_mixin.py:188} INFO - [2026-03-15T17:38:44.061+0000] {dag.py:3834} INFO - Setting next_dagrun for example_skip_dag to 2026-03-14 00:00:00+00:00, run_after=2026-03-15 00:00:00+00:00
[2026-03-15T17:38:44.080+0000] {processor.py:183} INFO - Processing /home/airflow/.local/lib/python3.11/site-packages/airflow/example_dags/example_skip_dag.py took 0.068 seconds
[2026-03-15T17:39:07.865+0000] {processor.py:161} INFO - Started process (PID=2042) to work on /home/airflow/.local/lib/python3.11/site-packages/airflow/example_dags/example_skip_dag.py
[2026-03-15T17:39:07.866+0000] {processor.py:830} INFO - Processing file /home/airflow/.local/lib/python3.11/site-packages/airflow/example_dags/example_skip_dag.py for tasks to queue
[2026-03-15T17:39:07.867+0000] {logging_mixin.py:188} INFO - [2026-03-15T17:39:07.867+0000] {dagbag.py:540} INFO - Filling up the DagBag from /home/airflow/.local/lib/python3.11/site-packages/airflow/example_dags/example_skip_dag.py
[2026-03-15T17:39:07.873+0000] {processor.py:840} INFO - DAG(s) 'example_skip_dag' retrieved from /home/airflow/.local/lib/python3.11/site-packages/airflow/example_dags/example_skip_dag.py
[2026-03-15T17:39:07.890+0000] {logging_mixin.py:188} INFO - [2026-03-15T17:39:07.890+0000] {dag.py:3047} INFO - Sync 1 DAGs
[2026-03-15T17:39:07.907+0000] {logging_mixin.py:188} INFO - [2026-03-15T17:39:07.906+0000] {dag.py:3834} INFO - Setting next_dagrun for example_skip_dag to 2026-03-14 00:00:00+00:00, run_after=2026-03-15 00:00:00+00:00
[2026-03-15T17:39:07.921+0000] {processor.py:183} INFO - Processing /home/airflow/.local/lib/python3.11/site-packages/airflow/example_dags/example_skip_dag.py took 0.059 seconds
[2026-03-15T17:39:14.250+0000] {processor.py:161} INFO - Started process (PID=2086) to work on /home/airflow/.local/lib/python3.11/site-packages/airflow/example_dags/example_skip_dag.py
[2026-03-15T17:39:14.250+0000] {processor.py:830} INFO - Processing file /home/airflow/.local/lib/python3.11/site-packages/airflow/example_dags/example_skip_dag.py for tasks to queue
[2026-03-15T17:39:14.252+0000] {logging_mixin.py:188} INFO - [2026-03-15T17:39:14.252+0000] {dagbag.py:540} INFO - Filling up the DagBag from /home/airflow/.local/lib/python3.11/site-packages/airflow/example_dags/example_skip_dag.py
[2026-03-15T17:39:14.257+0000] {processor.py:840} INFO - DAG(s) 'example_skip_dag' retrieved from /home/airflow/.local/lib/python3.11/site-packages/airflow/example_dags/example_skip_dag.py
[2026-03-15T17:39:14.272+0000] {logging_mixin.py:188} INFO - [2026-03-15T17:39:14.272+0000] {dag.py:3047} INFO - Sync 1 DAGs
[2026-03-15T17:39:14.286+0000] {logging_mixin.py:188} INFO - [2026-03-15T17:39:14.286+0000] {dag.py:3834} INFO - Setting next_dagrun for example_skip_dag to 2026-03-14 00:00:00+00:00, run_after=2026-03-15 00:00:00+00:00
[2026-03-15T17:39:14.302+0000] {processor.py:183} INFO - Processing /home/airflow/.local/lib/python3.11/site-packages/airflow/example_dags/example_skip_dag.py took 0.055 seconds
[2026-03-15T17:40:11.954+0000] {processor.py:161} INFO - Started process (PID=54) to work on /home/airflow/.local/lib/python3.11/site-packages/airflow/example_dags/example_skip_dag.py
[2026-03-15T17:40:11.956+0000] {processor.py:830} INFO - Processing file /home/airflow/.local/lib/python3.11/site-packages/airflow/example_dags/example_skip_dag.py for tasks to queue
[2026-03-15T17:40:11.959+0000] {logging_mixin.py:188} INFO - [2026-03-15T17:40:11.958+0000] {dagbag.py:540} INFO - Filling up the DagBag from /home/airflow/.local/lib/python3.11/site-packages/airflow/example_dags/example_skip_dag.py
[2026-03-15T17:40:11.978+0000] {processor.py:840} INFO - DAG(s) 'example_skip_dag' retrieved from /home/airflow/.local/lib/python3.11/site-packages/airflow/example_dags/example_skip_dag.py
[2026-03-15T17:40:12.001+0000] {logging_mixin.py:188} INFO - [2026-03-15T17:40:12.000+0000] {dag.py:3047} INFO - Sync 1 DAGs
[2026-03-15T17:40:12.036+0000] {logging_mixin.py:188} INFO - [2026-03-15T17:40:12.036+0000] {dag.py:3834} INFO - Setting next_dagrun for example_skip_dag to 2026-03-14 00:00:00+00:00, run_after=2026-03-15 00:00:00+00:00
[2026-03-15T17:40:12.092+0000] {processor.py:183} INFO - Processing /home/airflow/.local/lib/python3.11/site-packages/airflow/example_dags/example_skip_dag.py took 0.144 seconds
[2026-03-15T17:40:19.383+0000] {processor.py:161} INFO - Started process (PID=110) to work on /home/airflow/.local/lib/python3.11/site-packages/airflow/example_dags/example_skip_dag.py
[2026-03-15T17:40:19.384+0000] {processor.py:830} INFO - Processing file /home/airflow/.local/lib/python3.11/site-packages/airflow/example_dags/example_skip_dag.py for tasks to queue
[2026-03-15T17:40:19.387+0000] {logging_mixin.py:188} INFO - [2026-03-15T17:40:19.387+0000] {dagbag.py:540} INFO - Filling up the DagBag from /home/airflow/.local/lib/python3.11/site-packages/airflow/example_dags/example_skip_dag.py
[2026-03-15T17:40:19.392+0000] {processor.py:840} INFO - DAG(s) 'example_skip_dag' retrieved from /home/airflow/.local/lib/python3.11/site-packages/airflow/example_dags/example_skip_dag.py
[2026-03-15T17:40:19.403+0000] {logging_mixin.py:188} INFO - [2026-03-15T17:40:19.402+0000] {dag.py:3047} INFO - Sync 1 DAGs
[2026-03-15T17:40:19.422+0000] {logging_mixin.py:188} INFO - [2026-03-15T17:40:19.421+0000] {dag.py:3834} INFO - Setting next_dagrun for example_skip_dag to 2026-03-14 00:00:00+00:00, run_after=2026-03-15 00:00:00+00:00
[2026-03-15T17:40:19.437+0000] {processor.py:183} INFO - Processing /home/airflow/.local/lib/python3.11/site-packages/airflow/example_dags/example_skip_dag.py took 0.057 seconds
[2026-03-15T17:40:50.163+0000] {processor.py:161} INFO - Started process (PID=165) to work on /home/airflow/.local/lib/python3.11/site-packages/airflow/example_dags/example_skip_dag.py
[2026-03-15T17:40:50.165+0000] {processor.py:830} INFO - Processing file /home/airflow/.local/lib/python3.11/site-packages/airflow/example_dags/example_skip_dag.py for tasks to queue
[2026-03-15T17:40:50.168+0000] {logging_mixin.py:188} INFO - [2026-03-15T17:40:50.167+0000] {dagbag.py:540} INFO - Filling up the DagBag from /home/airflow/.local/lib/python3.11/site-packages/airflow/example_dags/example_skip_dag.py
[2026-03-15T17:40:50.176+0000] {processor.py:840} INFO - DAG(s) 'example_skip_dag' retrieved from /home/airflow/.local/lib/python3.11/site-packages/airflow/example_dags/example_skip_dag.py
[2026-03-15T17:40:50.267+0000] {logging_mixin.py:188} INFO - [2026-03-15T17:40:50.267+0000] {dag.py:3047} INFO - Sync 1 DAGs
[2026-03-15T17:40:50.285+0000] {logging_mixin.py:188} INFO - [2026-03-15T17:40:50.285+0000] {dag.py:3834} INFO - Setting next_dagrun for example_skip_dag to 2026-03-14 00:00:00+00:00, run_after=2026-03-15 00:00:00+00:00
[2026-03-15T17:40:50.305+0000] {processor.py:183} INFO - Processing /home/airflow/.local/lib/python3.11/site-packages/airflow/example_dags/example_skip_dag.py took 0.147 seconds
[2026-03-15T17:41:07.801+0000] {processor.py:161} INFO - Started process (PID=214) to work on /home/airflow/.local/lib/python3.11/site-packages/airflow/example_dags/example_skip_dag.py
[2026-03-15T17:41:07.804+0000] {processor.py:830} INFO - Processing file /home/airflow/.local/lib/python3.11/site-packages/airflow/example_dags/example_skip_dag.py for tasks to queue
[2026-03-15T17:41:07.807+0000] {logging_mixin.py:188} INFO - [2026-03-15T17:41:07.807+0000] {dagbag.py:540} INFO - Filling up the DagBag from /home/airflow/.local/lib/python3.11/site-packages/airflow/example_dags/example_skip_dag.py
[2026-03-15T17:41:07.813+0000] {processor.py:840} INFO - DAG(s) 'example_skip_dag' retrieved from /home/airflow/.local/lib/python3.11/site-packages/airflow/example_dags/example_skip_dag.py
[2026-03-15T17:41:07.828+0000] {logging_mixin.py:188} INFO - [2026-03-15T17:41:07.828+0000] {dag.py:3047} INFO - Sync 1 DAGs
[2026-03-15T17:41:07.844+0000] {logging_mixin.py:188} INFO - [2026-03-15T17:41:07.843+0000] {dag.py:3834} INFO - Setting next_dagrun for example_skip_dag to 2026-03-14 00:00:00+00:00, run_after=2026-03-15 00:00:00+00:00
[2026-03-15T17:41:07.858+0000] {processor.py:183} INFO - Processing /home/airflow/.local/lib/python3.11/site-packages/airflow/example_dags/example_skip_dag.py took 0.060 seconds
[2026-03-15T17:42:03.485+0000] {processor.py:161} INFO - Started process (PID=264) to work on /home/airflow/.local/lib/python3.11/site-packages/airflow/example_dags/example_skip_dag.py
[2026-03-15T17:42:03.486+0000] {processor.py:830} INFO - Processing file /home/airflow/.local/lib/python3.11/site-packages/airflow/example_dags/example_skip_dag.py for tasks to queue
[2026-03-15T17:42:03.488+0000] {logging_mixin.py:188} INFO - [2026-03-15T17:42:03.488+0000] {dagbag.py:540} INFO - Filling up the DagBag from /home/airflow/.local/lib/python3.11/site-packages/airflow/example_dags/example_skip_dag.py
[2026-03-15T17:42:03.493+0000] {processor.py:840} INFO - DAG(s) 'example_skip_dag' retrieved from /home/airflow/.local/lib/python3.11/site-packages/airflow/example_dags/example_skip_dag.py
[2026-03-15T17:41:14.325+0000] {logging_mixin.py:188} INFO - [2026-03-15T17:41:14.325+0000] {dag.py:3047} INFO - Sync 1 DAGs
[2026-03-15T17:41:14.340+0000] {logging_mixin.py:188} INFO - [2026-03-15T17:41:14.340+0000] {dag.py:3834} INFO - Setting next_dagrun for example_skip_dag to 2026-03-14 00:00:00+00:00, run_after=2026-03-15 00:00:00+00:00
[2026-03-15T17:41:14.355+0000] {processor.py:183} INFO - Processing /home/airflow/.local/lib/python3.11/site-packages/airflow/example_dags/example_skip_dag.py took 0.054 seconds
[2026-03-15T17:42:08.423+0000] {processor.py:161} INFO - Started process (PID=312) to work on /home/airflow/.local/lib/python3.11/site-packages/airflow/example_dags/example_skip_dag.py
[2026-03-15T17:42:08.424+0000] {processor.py:830} INFO - Processing file /home/airflow/.local/lib/python3.11/site-packages/airflow/example_dags/example_skip_dag.py for tasks to queue
[2026-03-15T17:42:08.426+0000] {logging_mixin.py:188} INFO - [2026-03-15T17:42:08.425+0000] {dagbag.py:540} INFO - Filling up the DagBag from /home/airflow/.local/lib/python3.11/site-packages/airflow/example_dags/example_skip_dag.py
[2026-03-15T17:42:08.430+0000] {processor.py:840} INFO - DAG(s) 'example_skip_dag' retrieved from /home/airflow/.local/lib/python3.11/site-packages/airflow/example_dags/example_skip_dag.py
[2026-03-15T17:42:08.445+0000] {logging_mixin.py:188} INFO - [2026-03-15T17:42:08.445+0000] {dag.py:3047} INFO - Sync 1 DAGs
[2026-03-15T17:42:08.458+0000] {logging_mixin.py:188} INFO - [2026-03-15T17:42:08.458+0000] {dag.py:3834} INFO - Setting next_dagrun for example_skip_dag to 2026-03-14 00:00:00+00:00, run_after=2026-03-15 00:00:00+00:00
[2026-03-15T17:42:08.471+0000] {processor.py:183} INFO - Processing /home/airflow/.local/lib/python3.11/site-packages/airflow/example_dags/example_skip_dag.py took 0.051 seconds
[2026-03-15T17:43:02.616+0000] {processor.py:161} INFO - Started process (PID=403) to work on /home/airflow/.local/lib/python3.11/site-packages/airflow/example_dags/example_skip_dag.py
[2026-03-15T17:43:02.617+0000] {processor.py:830} INFO - Processing file /home/airflow/.local/lib/python3.11/site-packages/airflow/example_dags/example_skip_dag.py for tasks to queue
[2026-03-15T17:43:02.619+0000] {logging_mixin.py:188} INFO - [2026-03-15T17:43:02.619+0000] {dagbag.py:540} INFO - Filling up the DagBag from /home/airflow/.local/lib/python3.11/site-packages/airflow/example_dags/example_skip_dag.py
[2026-03-15T17:43:02.625+0000] {processor.py:840} INFO - DAG(s) 'example_skip_dag' retrieved from /home/airflow/.local/lib/python3.11/site-packages/airflow/example_dags/example_skip_dag.py
[2026-03-15T17:43:02.641+0000] {logging_mixin.py:188} INFO - [2026-03-15T17:43:02.641+0000] {dag.py:3047} INFO - Sync 1 DAGs
[2026-03-15T17:42:13.506+0000] {logging_mixin.py:188} INFO - [2026-03-15T17:42:13.505+0000] {dag.py:3834} INFO - Setting next_dagrun for example_skip_dag to 2026-03-14 00:00:00+00:00, run_after=2026-03-15 00:00:00+00:00
[2026-03-15T17:42:13.523+0000] {processor.py:183} INFO - Processing /home/airflow/.local/lib/python3.11/site-packages/airflow/example_dags/example_skip_dag.py took 0.062 seconds
[2026-03-15T17:42:43.830+0000] {processor.py:161} INFO - Started process (PID=455) to work on /home/airflow/.local/lib/python3.11/site-packages/airflow/example_dags/example_skip_dag.py
[2026-03-15T17:42:43.830+0000] {processor.py:830} INFO - Processing file /home/airflow/.local/lib/python3.11/site-packages/airflow/example_dags/example_skip_dag.py for tasks to queue
[2026-03-15T17:42:43.832+0000] {logging_mixin.py:188} INFO - [2026-03-15T17:42:43.832+0000] {dagbag.py:540} INFO - Filling up the DagBag from /home/airflow/.local/lib/python3.11/site-packages/airflow/example_dags/example_skip_dag.py
[2026-03-15T17:42:43.838+0000] {processor.py:840} INFO - DAG(s) 'example_skip_dag' retrieved from /home/airflow/.local/lib/python3.11/site-packages/airflow/example_dags/example_skip_dag.py
[2026-03-15T17:42:43.854+0000] {logging_mixin.py:188} INFO - [2026-03-15T17:42:43.854+0000] {dag.py:3047} INFO - Sync 1 DAGs
[2026-03-15T17:42:43.867+0000] {logging_mixin.py:188} INFO - [2026-03-15T17:42:43.867+0000] {dag.py:3834} INFO - Setting next_dagrun for example_skip_dag to 2026-03-14 00:00:00+00:00, run_after=2026-03-15 00:00:00+00:00
[2026-03-15T17:42:43.882+0000] {processor.py:183} INFO - Processing /home/airflow/.local/lib/python3.11/site-packages/airflow/example_dags/example_skip_dag.py took 0.055 seconds
[2026-03-15T17:43:14.013+0000] {processor.py:161} INFO - Started process (PID=507) to work on /home/airflow/.local/lib/python3.11/site-packages/airflow/example_dags/example_skip_dag.py
[2026-03-15T17:43:14.014+0000] {processor.py:830} INFO - Processing file /home/airflow/.local/lib/python3.11/site-packages/airflow/example_dags/example_skip_dag.py for tasks to queue
[2026-03-15T17:43:14.016+0000] {logging_mixin.py:188} INFO - [2026-03-15T17:43:14.015+0000] {dagbag.py:540} INFO - Filling up the DagBag from /home/airflow/.local/lib/python3.11/site-packages/airflow/example_dags/example_skip_dag.py
[2026-03-15T17:43:14.020+0000] {processor.py:840} INFO - DAG(s) 'example_skip_dag' retrieved from /home/airflow/.local/lib/python3.11/site-packages/airflow/example_dags/example_skip_dag.py
[2026-03-15T17:43:14.038+0000] {logging_mixin.py:188} INFO - [2026-03-15T17:43:14.037+0000] {dag.py:3047} INFO - Sync 1 DAGs
[2026-03-15T17:43:14.051+0000] {logging_mixin.py:188} INFO - [2026-03-15T17:43:14.051+0000] {dag.py:3834} INFO - Setting next_dagrun for example_skip_dag to 2026-03-14 00:00:00+00:00, run_after=2026-03-15 00:00:00+00:00
[2026-03-15T17:43:14.070+0000] {processor.py:183} INFO - Processing /home/airflow/.local/lib/python3.11/site-packages/airflow/example_dags/example_skip_dag.py took 0.060 seconds
[2026-03-15T17:43:18.678+0000] {processor.py:161} INFO - Started process (PID=563) to work on /home/airflow/.local/lib/python3.11/site-packages/airflow/example_dags/example_skip_dag.py
[2026-03-15T17:43:18.679+0000] {processor.py:830} INFO - Processing file /home/airflow/.local/lib/python3.11/site-packages/airflow/example_dags/example_skip_dag.py for tasks to queue
[2026-03-15T17:43:18.680+0000] {logging_mixin.py:188} INFO - [2026-03-15T17:43:18.680+0000] {dagbag.py:540} INFO - Filling up the DagBag from /home/airflow/.local/lib/python3.11/site-packages/airflow/example_dags/example_skip_dag.py
[2026-03-15T17:43:18.686+0000] {processor.py:840} INFO - DAG(s) 'example_skip_dag' retrieved from /home/airflow/.local/lib/python3.11/site-packages/airflow/example_dags/example_skip_dag.py
[2026-03-15T17:43:18.701+0000] {logging_mixin.py:188} INFO - [2026-03-15T17:43:18.701+0000] {dag.py:3047} INFO - Sync 1 DAGs
[2026-03-15T17:43:18.716+0000] {logging_mixin.py:188} INFO - [2026-03-15T17:43:18.716+0000] {dag.py:3834} INFO - Setting next_dagrun for example_skip_dag to 2026-03-14 00:00:00+00:00, run_after=2026-03-15 00:00:00+00:00
[2026-03-15T17:43:18.728+0000] {processor.py:183} INFO - Processing /home/airflow/.local/lib/python3.11/site-packages/airflow/example_dags/example_skip_dag.py took 0.053 seconds
[2026-03-15T17:43:48.853+0000] {processor.py:161} INFO - Started process (PID=617) to work on /home/airflow/.local/lib/python3.11/site-packages/airflow/example_dags/example_skip_dag.py
[2026-03-15T17:43:48.854+0000] {processor.py:830} INFO - Processing file /home/airflow/.local/lib/python3.11/site-packages/airflow/example_dags/example_skip_dag.py for tasks to queue
[2026-03-15T17:43:48.855+0000] {logging_mixin.py:188} INFO - [2026-03-15T17:43:48.855+0000] {dagbag.py:540} INFO - Filling up the DagBag from /home/airflow/.local/lib/python3.11/site-packages/airflow/example_dags/example_skip_dag.py
[2026-03-15T17:43:48.860+0000] {processor.py:840} INFO - DAG(s) 'example_skip_dag' retrieved from /home/airflow/.local/lib/python3.11/site-packages/airflow/example_dags/example_skip_dag.py
[2026-03-15T17:43:48.876+0000] {logging_mixin.py:188} INFO - [2026-03-15T17:43:48.876+0000] {dag.py:3047} INFO - Sync 1 DAGs
[2026-03-15T17:43:48.892+0000] {logging_mixin.py:188} INFO - [2026-03-15T17:43:48.892+0000] {dag.py:3834} INFO - Setting next_dagrun for example_skip_dag to 2026-03-14 00:00:00+00:00, run_after=2026-03-15 00:00:00+00:00
[2026-03-15T17:43:48.905+0000] {processor.py:183} INFO - Processing /home/airflow/.local/lib/python3.11/site-packages/airflow/example_dags/example_skip_dag.py took 0.055 seconds
[2026-03-15T17:44:13.571+0000] {processor.py:161} INFO - Started process (PID=667) to work on /home/airflow/.local/lib/python3.11/site-packages/airflow/example_dags/example_skip_dag.py
[2026-03-15T17:44:13.572+0000] {processor.py:830} INFO - Processing file /home/airflow/.local/lib/python3.11/site-packages/airflow/example_dags/example_skip_dag.py for tasks to queue
[2026-03-15T17:44:13.574+0000] {logging_mixin.py:188} INFO - [2026-03-15T17:44:13.574+0000] {dagbag.py:540} INFO - Filling up the DagBag from /home/airflow/.local/lib/python3.11/site-packages/airflow/example_dags/example_skip_dag.py
[2026-03-15T17:44:13.579+0000] {processor.py:840} INFO - DAG(s) 'example_skip_dag' retrieved from /home/airflow/.local/lib/python3.11/site-packages/airflow/example_dags/example_skip_dag.py
[2026-03-15T17:44:13.596+0000] {logging_mixin.py:188} INFO - [2026-03-15T17:44:13.596+0000] {dag.py:3047} INFO - Sync 1 DAGs
[2026-03-15T17:44:13.612+0000] {logging_mixin.py:188} INFO - [2026-03-15T17:44:13.612+0000] {dag.py:3834} INFO - Setting next_dagrun for example_skip_dag to 2026-03-14 00:00:00+00:00, run_after=2026-03-15 00:00:00+00:00
[2026-03-15T17:44:13.626+0000] {processor.py:183} INFO - Processing /home/airflow/.local/lib/python3.11/site-packages/airflow/example_dags/example_skip_dag.py took 0.058 seconds
[2026-03-15T17:44:44.251+0000] {processor.py:161} INFO - Started process (PID=723) to work on /home/airflow/.local/lib/python3.11/site-packages/airflow/example_dags/example_skip_dag.py
[2026-03-15T17:44:44.252+0000] {processor.py:830} INFO - Processing file /home/airflow/.local/lib/python3.11/site-packages/airflow/example_dags/example_skip_dag.py for tasks to queue
[2026-03-15T17:44:44.253+0000] {logging_mixin.py:188} INFO - [2026-03-15T17:44:44.253+0000] {dagbag.py:540} INFO - Filling up the DagBag from /home/airflow/.local/lib/python3.11/site-packages/airflow/example_dags/example_skip_dag.py
[2026-03-15T17:44:44.258+0000] {processor.py:840} INFO - DAG(s) 'example_skip_dag' retrieved from /home/airflow/.local/lib/python3.11/site-packages/airflow/example_dags/example_skip_dag.py
[2026-03-15T17:44:44.273+0000] {logging_mixin.py:188} INFO - [2026-03-15T17:44:44.273+0000] {dag.py:3047} INFO - Sync 1 DAGs
[2026-03-15T17:44:44.288+0000] {logging_mixin.py:188} INFO - [2026-03-15T17:44:44.288+0000] {dag.py:3834} INFO - Setting next_dagrun for example_skip_dag to 2026-03-14 00:00:00+00:00, run_after=2026-03-15 00:00:00+00:00
[2026-03-15T17:44:44.302+0000] {processor.py:183} INFO - Processing /home/airflow/.local/lib/python3.11/site-packages/airflow/example_dags/example_skip_dag.py took 0.054 seconds
[2026-03-15T17:44:48.760+0000] {processor.py:161} INFO - Started process (PID=779) to work on /home/airflow/.local/lib/python3.11/site-packages/airflow/example_dags/example_skip_dag.py
[2026-03-15T17:44:48.761+0000] {processor.py:830} INFO - Processing file /home/airflow/.local/lib/python3.11/site-packages/airflow/example_dags/example_skip_dag.py for tasks to queue
[2026-03-15T17:44:48.763+0000] {logging_mixin.py:188} INFO - [2026-03-15T17:44:48.762+0000] {dagbag.py:540} INFO - Filling up the DagBag from /home/airflow/.local/lib/python3.11/site-packages/airflow/example_dags/example_skip_dag.py
[2026-03-15T17:44:48.769+0000] {processor.py:840} INFO - DAG(s) 'example_skip_dag' retrieved from /home/airflow/.local/lib/python3.11/site-packages/airflow/example_dags/example_skip_dag.py
[2026-03-15T17:44:48.785+0000] {logging_mixin.py:188} INFO - [2026-03-15T17:44:48.785+0000] {dag.py:3047} INFO - Sync 1 DAGs
[2026-03-15T17:44:48.801+0000] {logging_mixin.py:188} INFO - [2026-03-15T17:44:48.801+0000] {dag.py:3834} INFO - Setting next_dagrun for example_skip_dag to 2026-03-14 00:00:00+00:00, run_after=2026-03-15 00:00:00+00:00
[2026-03-15T17:44:48.817+0000] {processor.py:183} INFO - Processing /home/airflow/.local/lib/python3.11/site-packages/airflow/example_dags/example_skip_dag.py took 0.059 seconds
[2026-03-15T17:45:18.920+0000] {processor.py:161} INFO - Started process (PID=832) to work on /home/airflow/.local/lib/python3.11/site-packages/airflow/example_dags/example_skip_dag.py
[2026-03-15T17:45:18.921+0000] {processor.py:830} INFO - Processing file /home/airflow/.local/lib/python3.11/site-packages/airflow/example_dags/example_skip_dag.py for tasks to queue
[2026-03-15T17:45:18.922+0000] {logging_mixin.py:188} INFO - [2026-03-15T17:45:18.922+0000] {dagbag.py:540} INFO - Filling up the DagBag from /home/airflow/.local/lib/python3.11/site-packages/airflow/example_dags/example_skip_dag.py
[2026-03-15T17:45:18.929+0000] {processor.py:840} INFO - DAG(s) 'example_skip_dag' retrieved from /home/airflow/.local/lib/python3.11/site-packages/airflow/example_dags/example_skip_dag.py
[2026-03-15T17:45:18.946+0000] {logging_mixin.py:188} INFO - [2026-03-15T17:45:18.946+0000] {dag.py:3047} INFO - Sync 1 DAGs
[2026-03-15T17:45:18.961+0000] {logging_mixin.py:188} INFO - [2026-03-15T17:45:18.960+0000] {dag.py:3834} INFO - Setting next_dagrun for example_skip_dag to 2026-03-14 00:00:00+00:00, run_after=2026-03-15 00:00:00+00:00
[2026-03-15T17:45:18.976+0000] {processor.py:183} INFO - Processing /home/airflow/.local/lib/python3.11/site-packages/airflow/example_dags/example_skip_dag.py took 0.059 seconds
[2026-03-15T17:45:23.713+0000] {processor.py:161} INFO - Started process (PID=882) to work on /home/airflow/.local/lib/python3.11/site-packages/airflow/example_dags/example_skip_dag.py
[2026-03-15T17:45:23.715+0000] {processor.py:830} INFO - Processing file /home/airflow/.local/lib/python3.11/site-packages/airflow/example_dags/example_skip_dag.py for tasks to queue
[2026-03-15T17:45:23.720+0000] {logging_mixin.py:188} INFO - [2026-03-15T17:45:23.719+0000] {dagbag.py:540} INFO - Filling up the DagBag from /home/airflow/.local/lib/python3.11/site-packages/airflow/example_dags/example_skip_dag.py
[2026-03-15T17:45:23.727+0000] {processor.py:840} INFO - DAG(s) 'example_skip_dag' retrieved from /home/airflow/.local/lib/python3.11/site-packages/airflow/example_dags/example_skip_dag.py
[2026-03-15T17:45:23.746+0000] {logging_mixin.py:188} INFO - [2026-03-15T17:45:23.746+0000] {dag.py:3047} INFO - Sync 1 DAGs
[2026-03-15T17:45:23.765+0000] {logging_mixin.py:188} INFO - [2026-03-15T17:45:23.765+0000] {dag.py:3834} INFO - Setting next_dagrun for example_skip_dag to 2026-03-14 00:00:00+00:00, run_after=2026-03-15 00:00:00+00:00
[2026-03-15T17:45:23.786+0000] {processor.py:183} INFO - Processing /home/airflow/.local/lib/python3.11/site-packages/airflow/example_dags/example_skip_dag.py took 0.076 seconds
[2026-03-15T17:45:54.014+0000] {processor.py:161} INFO - Started process (PID=934) to work on /home/airflow/.local/lib/python3.11/site-packages/airflow/example_dags/example_skip_dag.py
[2026-03-15T17:45:54.015+0000] {processor.py:830} INFO - Processing file /home/airflow/.local/lib/python3.11/site-packages/airflow/example_dags/example_skip_dag.py for tasks to queue
[2026-03-15T17:45:54.017+0000] {logging_mixin.py:188} INFO - [2026-03-15T17:45:54.017+0000] {dagbag.py:540} INFO - Filling up the DagBag from /home/airflow/.local/lib/python3.11/site-packages/airflow/example_dags/example_skip_dag.py
[2026-03-15T17:45:54.023+0000] {processor.py:840} INFO - DAG(s) 'example_skip_dag' retrieved from /home/airflow/.local/lib/python3.11/site-packages/airflow/example_dags/example_skip_dag.py
[2026-03-15T17:45:54.040+0000] {logging_mixin.py:188} INFO - [2026-03-15T17:45:54.040+0000] {dag.py:3047} INFO - Sync 1 DAGs
[2026-03-15T17:45:54.055+0000] {logging_mixin.py:188} INFO - [2026-03-15T17:45:54.055+0000] {dag.py:3834} INFO - Setting next_dagrun for example_skip_dag to 2026-03-14 00:00:00+00:00, run_after=2026-03-15 00:00:00+00:00
[2026-03-15T17:45:54.070+0000] {processor.py:183} INFO - Processing /home/airflow/.local/lib/python3.11/site-packages/airflow/example_dags/example_skip_dag.py took 0.060 seconds
[2026-03-15T17:46:13.491+0000] {processor.py:161} INFO - Started process (PID=984) to work on /home/airflow/.local/lib/python3.11/site-packages/airflow/example_dags/example_skip_dag.py
[2026-03-15T17:46:13.492+0000] {processor.py:830} INFO - Processing file /home/airflow/.local/lib/python3.11/site-packages/airflow/example_dags/example_skip_dag.py for tasks to queue
[2026-03-15T17:46:13.494+0000] {logging_mixin.py:188} INFO - [2026-03-15T17:46:13.494+0000] {dagbag.py:540} INFO - Filling up the DagBag from /home/airflow/.local/lib/python3.11/site-packages/airflow/example_dags/example_skip_dag.py
[2026-03-15T17:46:13.499+0000] {processor.py:840} INFO - DAG(s) 'example_skip_dag' retrieved from /home/airflow/.local/lib/python3.11/site-packages/airflow/example_dags/example_skip_dag.py
[2026-03-15T17:46:13.516+0000] {logging_mixin.py:188} INFO - [2026-03-15T17:46:13.515+0000] {dag.py:3047} INFO - Sync 1 DAGs
[2026-03-15T17:46:13.531+0000] {logging_mixin.py:188} INFO - [2026-03-15T17:46:13.531+0000] {dag.py:3834} INFO - Setting next_dagrun for example_skip_dag to 2026-03-14 00:00:00+00:00, run_after=2026-03-15 00:00:00+00:00
[2026-03-15T17:46:13.544+0000] {processor.py:183} INFO - Processing /home/airflow/.local/lib/python3.11/site-packages/airflow/example_dags/example_skip_dag.py took 0.057 seconds
[2026-03-15T17:47:07.948+0000] {processor.py:161} INFO - Started process (PID=1038) to work on /home/airflow/.local/lib/python3.11/site-packages/airflow/example_dags/example_skip_dag.py
[2026-03-15T17:47:07.949+0000] {processor.py:830} INFO - Processing file /home/airflow/.local/lib/python3.11/site-packages/airflow/example_dags/example_skip_dag.py for tasks to queue
[2026-03-15T17:47:07.951+0000] {logging_mixin.py:188} INFO - [2026-03-15T17:47:07.950+0000] {dagbag.py:540} INFO - Filling up the DagBag from /home/airflow/.local/lib/python3.11/site-packages/airflow/example_dags/example_skip_dag.py
[2026-03-15T17:47:07.956+0000] {processor.py:840} INFO - DAG(s) 'example_skip_dag' retrieved from /home/airflow/.local/lib/python3.11/site-packages/airflow/example_dags/example_skip_dag.py
[2026-03-15T17:47:07.972+0000] {logging_mixin.py:188} INFO - [2026-03-15T17:47:07.972+0000] {dag.py:3047} INFO - Sync 1 DAGs
[2026-03-15T17:47:07.987+0000] {logging_mixin.py:188} INFO - [2026-03-15T17:47:07.987+0000] {dag.py:3834} INFO - Setting next_dagrun for example_skip_dag to 2026-03-14 00:00:00+00:00, run_after=2026-03-15 00:00:00+00:00
[2026-03-15T17:47:08.000+0000] {processor.py:183} INFO - Processing /home/airflow/.local/lib/python3.11/site-packages/airflow/example_dags/example_skip_dag.py took 0.054 seconds
[2026-03-15T17:47:43.109+0000] {processor.py:161} INFO - Started process (PID=1131) to work on /home/airflow/.local/lib/python3.11/site-packages/airflow/example_dags/example_skip_dag.py
[2026-03-15T17:47:43.110+0000] {processor.py:830} INFO - Processing file /home/airflow/.local/lib/python3.11/site-packages/airflow/example_dags/example_skip_dag.py for tasks to queue
[2026-03-15T17:47:43.112+0000] {logging_mixin.py:188} INFO - [2026-03-15T17:47:43.111+0000] {dagbag.py:540} INFO - Filling up the DagBag from /home/airflow/.local/lib/python3.11/site-packages/airflow/example_dags/example_skip_dag.py
[2026-03-15T17:47:43.117+0000] {processor.py:840} INFO - DAG(s) 'example_skip_dag' retrieved from /home/airflow/.local/lib/python3.11/site-packages/airflow/example_dags/example_skip_dag.py
[2026-03-15T17:47:43.133+0000] {logging_mixin.py:188} INFO - [2026-03-15T17:47:43.133+0000] {dag.py:3047} INFO - Sync 1 DAGs
[2026-03-15T17:46:53.996+0000] {logging_mixin.py:188} INFO - [2026-03-15T17:46:53.996+0000] {dag.py:3834} INFO - Setting next_dagrun for example_skip_dag to 2026-03-14 00:00:00+00:00, run_after=2026-03-15 00:00:00+00:00
[2026-03-15T17:46:54.015+0000] {processor.py:183} INFO - Processing /home/airflow/.local/lib/python3.11/site-packages/airflow/example_dags/example_skip_dag.py took 0.062 seconds
[2026-03-15T17:48:02.546+0000] {processor.py:161} INFO - Started process (PID=1176) to work on /home/airflow/.local/lib/python3.11/site-packages/airflow/example_dags/example_skip_dag.py
[2026-03-15T17:48:02.547+0000] {processor.py:830} INFO - Processing file /home/airflow/.local/lib/python3.11/site-packages/airflow/example_dags/example_skip_dag.py for tasks to queue
[2026-03-15T17:48:02.548+0000] {logging_mixin.py:188} INFO - [2026-03-15T17:48:02.548+0000] {dagbag.py:540} INFO - Filling up the DagBag from /home/airflow/.local/lib/python3.11/site-packages/airflow/example_dags/example_skip_dag.py
[2026-03-15T17:48:02.554+0000] {processor.py:840} INFO - DAG(s) 'example_skip_dag' retrieved from /home/airflow/.local/lib/python3.11/site-packages/airflow/example_dags/example_skip_dag.py
[2026-03-15T17:48:02.570+0000] {logging_mixin.py:188} INFO - [2026-03-15T17:48:02.570+0000] {dag.py:3047} INFO - Sync 1 DAGs
[2026-03-15T17:48:02.584+0000] {logging_mixin.py:188} INFO - [2026-03-15T17:48:02.584+0000] {dag.py:3834} INFO - Setting next_dagrun for example_skip_dag to 2026-03-14 00:00:00+00:00, run_after=2026-03-15 00:00:00+00:00
[2026-03-15T17:48:02.596+0000] {processor.py:183} INFO - Processing /home/airflow/.local/lib/python3.11/site-packages/airflow/example_dags/example_skip_dag.py took 0.053 seconds
[2026-03-15T17:48:32.896+0000] {processor.py:161} INFO - Started process (PID=1443) to work on /home/airflow/.local/lib/python3.11/site-packages/airflow/example_dags/example_skip_dag.py
[2026-03-15T17:48:32.897+0000] {processor.py:830} INFO - Processing file /home/airflow/.local/lib/python3.11/site-packages/airflow/example_dags/example_skip_dag.py for tasks to queue
[2026-03-15T17:48:32.899+0000] {logging_mixin.py:188} INFO - [2026-03-15T17:48:32.899+0000] {dagbag.py:540} INFO - Filling up the DagBag from /home/airflow/.local/lib/python3.11/site-packages/airflow/example_dags/example_skip_dag.py
[2026-03-15T17:48:32.906+0000] {processor.py:840} INFO - DAG(s) 'example_skip_dag' retrieved from /home/airflow/.local/lib/python3.11/site-packages/airflow/example_dags/example_skip_dag.py
[2026-03-15T17:48:32.923+0000] {logging_mixin.py:188} INFO - [2026-03-15T17:48:32.923+0000] {dag.py:3047} INFO - Sync 1 DAGs
[2026-03-15T17:48:32.937+0000] {logging_mixin.py:188} INFO - [2026-03-15T17:48:32.937+0000] {dag.py:3834} INFO - Setting next_dagrun for example_skip_dag to 2026-03-14 00:00:00+00:00, run_after=2026-03-15 00:00:00+00:00
[2026-03-15T17:48:32.950+0000] {processor.py:183} INFO - Processing /home/airflow/.local/lib/python3.11/site-packages/airflow/example_dags/example_skip_dag.py took 0.057 seconds
[2026-03-15T17:49:32.654+0000] {processor.py:161} INFO - Started process (PID=1452) to work on /home/airflow/.local/lib/python3.11/site-packages/airflow/example_dags/example_skip_dag.py
[2026-03-15T17:49:32.655+0000] {processor.py:830} INFO - Processing file /home/airflow/.local/lib/python3.11/site-packages/airflow/example_dags/example_skip_dag.py for tasks to queue
[2026-03-15T17:49:32.656+0000] {logging_mixin.py:188} INFO - [2026-03-15T17:49:32.656+0000] {dagbag.py:540} INFO - Filling up the DagBag from /home/airflow/.local/lib/python3.11/site-packages/airflow/example_dags/example_skip_dag.py
[2026-03-15T17:49:32.661+0000] {processor.py:840} INFO - DAG(s) 'example_skip_dag' retrieved from /home/airflow/.local/lib/python3.11/site-packages/airflow/example_dags/example_skip_dag.py
[2026-03-15T17:49:32.679+0000] {logging_mixin.py:188} INFO - [2026-03-15T17:49:32.679+0000] {dag.py:3047} INFO - Sync 1 DAGs
[2026-03-15T17:49:32.699+0000] {logging_mixin.py:188} INFO - [2026-03-15T17:49:32.699+0000] {dag.py:3834} INFO - Setting next_dagrun for example_skip_dag to 2026-03-14 00:00:00+00:00, run_after=2026-03-15 00:00:00+00:00
[2026-03-15T17:48:43.563+0000] {processor.py:183} INFO - Processing /home/airflow/.local/lib/python3.11/site-packages/airflow/example_dags/example_skip_dag.py took 0.067 seconds
[2026-03-15T17:49:13.906+0000] {processor.py:161} INFO - Started process (PID=1501) to work on /home/airflow/.local/lib/python3.11/site-packages/airflow/example_dags/example_skip_dag.py
[2026-03-15T17:49:13.907+0000] {processor.py:830} INFO - Processing file /home/airflow/.local/lib/python3.11/site-packages/airflow/example_dags/example_skip_dag.py for tasks to queue
[2026-03-15T17:49:13.909+0000] {logging_mixin.py:188} INFO - [2026-03-15T17:49:13.908+0000] {dagbag.py:540} INFO - Filling up the DagBag from /home/airflow/.local/lib/python3.11/site-packages/airflow/example_dags/example_skip_dag.py
[2026-03-15T17:49:13.914+0000] {processor.py:840} INFO - DAG(s) 'example_skip_dag' retrieved from /home/airflow/.local/lib/python3.11/site-packages/airflow/example_dags/example_skip_dag.py
[2026-03-15T17:49:13.931+0000] {logging_mixin.py:188} INFO - [2026-03-15T17:49:13.931+0000] {dag.py:3047} INFO - Sync 1 DAGs
[2026-03-15T17:49:13.946+0000] {logging_mixin.py:188} INFO - [2026-03-15T17:49:13.946+0000] {dag.py:3834} INFO - Setting next_dagrun for example_skip_dag to 2026-03-14 00:00:00+00:00, run_after=2026-03-15 00:00:00+00:00
[2026-03-15T17:50:03.115+0000] {processor.py:183} INFO - Processing /home/airflow/.local/lib/python3.11/site-packages/airflow/example_dags/example_skip_dag.py took 0.058 seconds
[2026-03-15T17:49:57.504+0000] {processor.py:161} INFO - Started process (PID=54) to work on /home/airflow/.local/lib/python3.11/site-packages/airflow/example_dags/example_skip_dag.py
[2026-03-15T17:49:57.506+0000] {processor.py:830} INFO - Processing file /home/airflow/.local/lib/python3.11/site-packages/airflow/example_dags/example_skip_dag.py for tasks to queue
[2026-03-15T17:49:57.508+0000] {logging_mixin.py:188} INFO - [2026-03-15T17:49:57.508+0000] {dagbag.py:540} INFO - Filling up the DagBag from /home/airflow/.local/lib/python3.11/site-packages/airflow/example_dags/example_skip_dag.py
[2026-03-15T17:49:57.520+0000] {processor.py:840} INFO - DAG(s) 'example_skip_dag' retrieved from /home/airflow/.local/lib/python3.11/site-packages/airflow/example_dags/example_skip_dag.py
[2026-03-15T17:49:57.535+0000] {logging_mixin.py:188} INFO - [2026-03-15T17:49:57.535+0000] {dag.py:3047} INFO - Sync 1 DAGs
[2026-03-15T17:49:57.557+0000] {logging_mixin.py:188} INFO - [2026-03-15T17:49:57.557+0000] {dag.py:3834} INFO - Setting next_dagrun for example_skip_dag to 2026-03-14 00:00:00+00:00, run_after=2026-03-15 00:00:00+00:00
[2026-03-15T17:49:57.577+0000] {processor.py:183} INFO - Processing /home/airflow/.local/lib/python3.11/site-packages/airflow/example_dags/example_skip_dag.py took 0.077 seconds
[2026-03-15T17:50:13.749+0000] {processor.py:161} INFO - Started process (PID=110) to work on /home/airflow/.local/lib/python3.11/site-packages/airflow/example_dags/example_skip_dag.py
[2026-03-15T17:50:13.750+0000] {processor.py:830} INFO - Processing file /home/airflow/.local/lib/python3.11/site-packages/airflow/example_dags/example_skip_dag.py for tasks to queue
[2026-03-15T17:50:13.752+0000] {logging_mixin.py:188} INFO - [2026-03-15T17:50:13.751+0000] {dagbag.py:540} INFO - Filling up the DagBag from /home/airflow/.local/lib/python3.11/site-packages/airflow/example_dags/example_skip_dag.py
[2026-03-15T17:50:13.757+0000] {processor.py:840} INFO - DAG(s) 'example_skip_dag' retrieved from /home/airflow/.local/lib/python3.11/site-packages/airflow/example_dags/example_skip_dag.py
[2026-03-15T17:50:13.826+0000] {logging_mixin.py:188} INFO - [2026-03-15T17:50:13.826+0000] {dag.py:3047} INFO - Sync 1 DAGs
[2026-03-15T17:50:13.841+0000] {logging_mixin.py:188} INFO - [2026-03-15T17:50:13.841+0000] {dag.py:3834} INFO - Setting next_dagrun for example_skip_dag to 2026-03-14 00:00:00+00:00, run_after=2026-03-15 00:00:00+00:00
[2026-03-15T17:50:13.855+0000] {processor.py:183} INFO - Processing /home/airflow/.local/lib/python3.11/site-packages/airflow/example_dags/example_skip_dag.py took 0.109 seconds
[2026-03-15T17:51:08.463+0000] {processor.py:161} INFO - Started process (PID=158) to work on /home/airflow/.local/lib/python3.11/site-packages/airflow/example_dags/example_skip_dag.py
[2026-03-15T17:51:08.464+0000] {processor.py:830} INFO - Processing file /home/airflow/.local/lib/python3.11/site-packages/airflow/example_dags/example_skip_dag.py for tasks to queue
[2026-03-15T17:51:08.466+0000] {logging_mixin.py:188} INFO - [2026-03-15T17:51:08.465+0000] {dagbag.py:540} INFO - Filling up the DagBag from /home/airflow/.local/lib/python3.11/site-packages/airflow/example_dags/example_skip_dag.py
[2026-03-15T17:50:19.285+0000] {processor.py:840} INFO - DAG(s) 'example_skip_dag' retrieved from /home/airflow/.local/lib/python3.11/site-packages/airflow/example_dags/example_skip_dag.py
[2026-03-15T17:50:19.295+0000] {logging_mixin.py:188} INFO - [2026-03-15T17:50:19.295+0000] {dag.py:3047} INFO - Sync 1 DAGs
[2026-03-15T17:50:19.311+0000] {logging_mixin.py:188} INFO - [2026-03-15T17:50:19.311+0000] {dag.py:3834} INFO - Setting next_dagrun for example_skip_dag to 2026-03-14 00:00:00+00:00, run_after=2026-03-15 00:00:00+00:00
[2026-03-15T17:50:19.331+0000] {processor.py:183} INFO - Processing /home/airflow/.local/lib/python3.11/site-packages/airflow/example_dags/example_skip_dag.py took 0.059 seconds
[2026-03-15T17:51:13.428+0000] {processor.py:161} INFO - Started process (PID=200) to work on /home/airflow/.local/lib/python3.11/site-packages/airflow/example_dags/example_skip_dag.py
[2026-03-15T17:51:13.429+0000] {processor.py:830} INFO - Processing file /home/airflow/.local/lib/python3.11/site-packages/airflow/example_dags/example_skip_dag.py for tasks to queue
[2026-03-15T17:51:13.431+0000] {logging_mixin.py:188} INFO - [2026-03-15T17:51:13.430+0000] {dagbag.py:540} INFO - Filling up the DagBag from /home/airflow/.local/lib/python3.11/site-packages/airflow/example_dags/example_skip_dag.py
[2026-03-15T17:51:13.436+0000] {processor.py:840} INFO - DAG(s) 'example_skip_dag' retrieved from /home/airflow/.local/lib/python3.11/site-packages/airflow/example_dags/example_skip_dag.py
[2026-03-15T17:51:13.453+0000] {logging_mixin.py:188} INFO - [2026-03-15T17:51:13.452+0000] {dag.py:3047} INFO - Sync 1 DAGs
[2026-03-15T17:50:24.279+0000] {logging_mixin.py:188} INFO - [2026-03-15T17:50:24.279+0000] {dag.py:3834} INFO - Setting next_dagrun for example_skip_dag to 2026-03-14 00:00:00+00:00, run_after=2026-03-15 00:00:00+00:00
[2026-03-15T17:50:24.292+0000] {processor.py:183} INFO - Processing /home/airflow/.local/lib/python3.11/site-packages/airflow/example_dags/example_skip_dag.py took 0.055 seconds
[2026-03-15T17:51:18.435+0000] {processor.py:161} INFO - Started process (PID=242) to work on /home/airflow/.local/lib/python3.11/site-packages/airflow/example_dags/example_skip_dag.py
[2026-03-15T17:51:18.435+0000] {processor.py:830} INFO - Processing file /home/airflow/.local/lib/python3.11/site-packages/airflow/example_dags/example_skip_dag.py for tasks to queue
[2026-03-15T17:51:18.437+0000] {logging_mixin.py:188} INFO - [2026-03-15T17:51:18.437+0000] {dagbag.py:540} INFO - Filling up the DagBag from /home/airflow/.local/lib/python3.11/site-packages/airflow/example_dags/example_skip_dag.py
[2026-03-15T17:51:18.443+0000] {processor.py:840} INFO - DAG(s) 'example_skip_dag' retrieved from /home/airflow/.local/lib/python3.11/site-packages/airflow/example_dags/example_skip_dag.py
[2026-03-15T17:51:18.458+0000] {logging_mixin.py:188} INFO - [2026-03-15T17:51:18.458+0000] {dag.py:3047} INFO - Sync 1 DAGs
[2026-03-15T17:51:18.473+0000] {logging_mixin.py:188} INFO - [2026-03-15T17:51:18.472+0000] {dag.py:3834} INFO - Setting next_dagrun for example_skip_dag to 2026-03-14 00:00:00+00:00, run_after=2026-03-15 00:00:00+00:00
[2026-03-15T17:50:29.301+0000] {processor.py:183} INFO - Processing /home/airflow/.local/lib/python3.11/site-packages/airflow/example_dags/example_skip_dag.py took 0.055 seconds
[2026-03-15T17:50:59.757+0000] {processor.py:161} INFO - Started process (PID=292) to work on /home/airflow/.local/lib/python3.11/site-packages/airflow/example_dags/example_skip_dag.py
[2026-03-15T17:50:59.758+0000] {processor.py:830} INFO - Processing file /home/airflow/.local/lib/python3.11/site-packages/airflow/example_dags/example_skip_dag.py for tasks to queue
[2026-03-15T17:50:59.759+0000] {logging_mixin.py:188} INFO - [2026-03-15T17:50:59.759+0000] {dagbag.py:540} INFO - Filling up the DagBag from /home/airflow/.local/lib/python3.11/site-packages/airflow/example_dags/example_skip_dag.py
[2026-03-15T17:50:59.765+0000] {processor.py:840} INFO - DAG(s) 'example_skip_dag' retrieved from /home/airflow/.local/lib/python3.11/site-packages/airflow/example_dags/example_skip_dag.py
[2026-03-15T17:50:59.780+0000] {logging_mixin.py:188} INFO - [2026-03-15T17:50:59.780+0000] {dag.py:3047} INFO - Sync 1 DAGs
[2026-03-15T17:50:59.796+0000] {logging_mixin.py:188} INFO - [2026-03-15T17:50:59.795+0000] {dag.py:3834} INFO - Setting next_dagrun for example_skip_dag to 2026-03-14 00:00:00+00:00, run_after=2026-03-15 00:00:00+00:00
[2026-03-15T17:50:59.810+0000] {processor.py:183} INFO - Processing /home/airflow/.local/lib/python3.11/site-packages/airflow/example_dags/example_skip_dag.py took 0.056 seconds
[2026-03-15T17:51:30.024+0000] {processor.py:161} INFO - Started process (PID=342) to work on /home/airflow/.local/lib/python3.11/site-packages/airflow/example_dags/example_skip_dag.py
[2026-03-15T17:51:30.025+0000] {processor.py:830} INFO - Processing file /home/airflow/.local/lib/python3.11/site-packages/airflow/example_dags/example_skip_dag.py for tasks to queue
[2026-03-15T17:51:30.027+0000] {logging_mixin.py:188} INFO - [2026-03-15T17:51:30.026+0000] {dagbag.py:540} INFO - Filling up the DagBag from /home/airflow/.local/lib/python3.11/site-packages/airflow/example_dags/example_skip_dag.py
[2026-03-15T17:51:30.032+0000] {processor.py:840} INFO - DAG(s) 'example_skip_dag' retrieved from /home/airflow/.local/lib/python3.11/site-packages/airflow/example_dags/example_skip_dag.py
[2026-03-15T17:51:30.048+0000] {logging_mixin.py:188} INFO - [2026-03-15T17:51:30.048+0000] {dag.py:3047} INFO - Sync 1 DAGs
[2026-03-15T17:51:30.062+0000] {logging_mixin.py:188} INFO - [2026-03-15T17:51:30.062+0000] {dag.py:3834} INFO - Setting next_dagrun for example_skip_dag to 2026-03-14 00:00:00+00:00, run_after=2026-03-15 00:00:00+00:00
[2026-03-15T17:51:30.077+0000] {processor.py:183} INFO - Processing /home/airflow/.local/lib/python3.11/site-packages/airflow/example_dags/example_skip_dag.py took 0.055 seconds
[2026-03-15T17:51:34.608+0000] {processor.py:161} INFO - Started process (PID=399) to work on /home/airflow/.local/lib/python3.11/site-packages/airflow/example_dags/example_skip_dag.py
[2026-03-15T17:51:34.609+0000] {processor.py:830} INFO - Processing file /home/airflow/.local/lib/python3.11/site-packages/airflow/example_dags/example_skip_dag.py for tasks to queue
[2026-03-15T17:51:34.611+0000] {logging_mixin.py:188} INFO - [2026-03-15T17:51:34.610+0000] {dagbag.py:540} INFO - Filling up the DagBag from /home/airflow/.local/lib/python3.11/site-packages/airflow/example_dags/example_skip_dag.py
[2026-03-15T17:51:34.616+0000] {processor.py:840} INFO - DAG(s) 'example_skip_dag' retrieved from /home/airflow/.local/lib/python3.11/site-packages/airflow/example_dags/example_skip_dag.py
[2026-03-15T17:51:34.634+0000] {logging_mixin.py:188} INFO - [2026-03-15T17:51:34.633+0000] {dag.py:3047} INFO - Sync 1 DAGs
[2026-03-15T17:51:34.649+0000] {logging_mixin.py:188} INFO - [2026-03-15T17:51:34.649+0000] {dag.py:3834} INFO - Setting next_dagrun for example_skip_dag to 2026-03-14 00:00:00+00:00, run_after=2026-03-15 00:00:00+00:00
[2026-03-15T17:51:34.663+0000] {processor.py:183} INFO - Processing /home/airflow/.local/lib/python3.11/site-packages/airflow/example_dags/example_skip_dag.py took 0.058 seconds
[2026-03-15T17:52:28.636+0000] {processor.py:161} INFO - Started process (PID=449) to work on /home/airflow/.local/lib/python3.11/site-packages/airflow/example_dags/example_skip_dag.py
[2026-03-15T17:52:28.637+0000] {processor.py:830} INFO - Processing file /home/airflow/.local/lib/python3.11/site-packages/airflow/example_dags/example_skip_dag.py for tasks to queue
[2026-03-15T17:52:28.639+0000] {logging_mixin.py:188} INFO - [2026-03-15T17:52:28.639+0000] {dagbag.py:540} INFO - Filling up the DagBag from /home/airflow/.local/lib/python3.11/site-packages/airflow/example_dags/example_skip_dag.py
[2026-03-15T17:52:28.645+0000] {processor.py:840} INFO - DAG(s) 'example_skip_dag' retrieved from /home/airflow/.local/lib/python3.11/site-packages/airflow/example_dags/example_skip_dag.py
[2026-03-15T17:51:39.503+0000] {logging_mixin.py:188} INFO - [2026-03-15T17:51:39.503+0000] {dag.py:3047} INFO - Sync 1 DAGs
[2026-03-15T17:51:39.519+0000] {logging_mixin.py:188} INFO - [2026-03-15T17:51:39.519+0000] {dag.py:3834} INFO - Setting next_dagrun for example_skip_dag to 2026-03-14 00:00:00+00:00, run_after=2026-03-15 00:00:00+00:00
[2026-03-15T17:51:39.551+0000] {processor.py:183} INFO - Processing /home/airflow/.local/lib/python3.11/site-packages/airflow/example_dags/example_skip_dag.py took 0.076 seconds
[2026-03-15T17:52:09.758+0000] {processor.py:161} INFO - Started process (PID=503) to work on /home/airflow/.local/lib/python3.11/site-packages/airflow/example_dags/example_skip_dag.py
[2026-03-15T17:52:09.759+0000] {processor.py:830} INFO - Processing file /home/airflow/.local/lib/python3.11/site-packages/airflow/example_dags/example_skip_dag.py for tasks to queue
[2026-03-15T17:52:09.760+0000] {logging_mixin.py:188} INFO - [2026-03-15T17:52:09.760+0000] {dagbag.py:540} INFO - Filling up the DagBag from /home/airflow/.local/lib/python3.11/site-packages/airflow/example_dags/example_skip_dag.py
[2026-03-15T17:52:09.766+0000] {processor.py:840} INFO - DAG(s) 'example_skip_dag' retrieved from /home/airflow/.local/lib/python3.11/site-packages/airflow/example_dags/example_skip_dag.py
[2026-03-15T17:52:09.783+0000] {logging_mixin.py:188} INFO - [2026-03-15T17:52:09.783+0000] {dag.py:3047} INFO - Sync 1 DAGs
[2026-03-15T17:52:09.799+0000] {logging_mixin.py:188} INFO - [2026-03-15T17:52:09.799+0000] {dag.py:3834} INFO - Setting next_dagrun for example_skip_dag to 2026-03-14 00:00:00+00:00, run_after=2026-03-15 00:00:00+00:00
[2026-03-15T17:52:09.812+0000] {processor.py:183} INFO - Processing /home/airflow/.local/lib/python3.11/site-packages/airflow/example_dags/example_skip_dag.py took 0.057 seconds
[2026-03-15T17:52:13.343+0000] {processor.py:161} INFO - Started process (PID=553) to work on /home/airflow/.local/lib/python3.11/site-packages/airflow/example_dags/example_skip_dag.py
[2026-03-15T17:52:13.344+0000] {processor.py:830} INFO - Processing file /home/airflow/.local/lib/python3.11/site-packages/airflow/example_dags/example_skip_dag.py for tasks to queue
[2026-03-15T17:52:13.346+0000] {logging_mixin.py:188} INFO - [2026-03-15T17:52:13.345+0000] {dagbag.py:540} INFO - Filling up the DagBag from /home/airflow/.local/lib/python3.11/site-packages/airflow/example_dags/example_skip_dag.py
[2026-03-15T17:52:13.351+0000] {processor.py:840} INFO - DAG(s) 'example_skip_dag' retrieved from /home/airflow/.local/lib/python3.11/site-packages/airflow/example_dags/example_skip_dag.py
[2026-03-15T17:52:13.368+0000] {logging_mixin.py:188} INFO - [2026-03-15T17:52:13.367+0000] {dag.py:3047} INFO - Sync 1 DAGs
[2026-03-15T17:52:13.383+0000] {logging_mixin.py:188} INFO - [2026-03-15T17:52:13.382+0000] {dag.py:3834} INFO - Setting next_dagrun for example_skip_dag to 2026-03-14 00:00:00+00:00, run_after=2026-03-15 00:00:00+00:00
[2026-03-15T17:52:13.400+0000] {processor.py:183} INFO - Processing /home/airflow/.local/lib/python3.11/site-packages/airflow/example_dags/example_skip_dag.py took 0.060 seconds
[2026-03-15T17:52:19.570+0000] {processor.py:161} INFO - Started process (PID=601) to work on /home/airflow/.local/lib/python3.11/site-packages/airflow/example_dags/example_skip_dag.py
[2026-03-15T17:52:19.571+0000] {processor.py:830} INFO - Processing file /home/airflow/.local/lib/python3.11/site-packages/airflow/example_dags/example_skip_dag.py for tasks to queue
[2026-03-15T17:52:19.573+0000] {logging_mixin.py:188} INFO - [2026-03-15T17:52:19.573+0000] {dagbag.py:540} INFO - Filling up the DagBag from /home/airflow/.local/lib/python3.11/site-packages/airflow/example_dags/example_skip_dag.py
[2026-03-15T17:52:19.579+0000] {processor.py:840} INFO - DAG(s) 'example_skip_dag' retrieved from /home/airflow/.local/lib/python3.11/site-packages/airflow/example_dags/example_skip_dag.py
[2026-03-15T17:52:19.597+0000] {logging_mixin.py:188} INFO - [2026-03-15T17:52:19.597+0000] {dag.py:3047} INFO - Sync 1 DAGs
[2026-03-15T17:52:19.613+0000] {logging_mixin.py:188} INFO - [2026-03-15T17:52:19.613+0000] {dag.py:3834} INFO - Setting next_dagrun for example_skip_dag to 2026-03-14 00:00:00+00:00, run_after=2026-03-15 00:00:00+00:00
[2026-03-15T17:52:19.629+0000] {processor.py:183} INFO - Processing /home/airflow/.local/lib/python3.11/site-packages/airflow/example_dags/example_skip_dag.py took 0.062 seconds
[2026-03-15T17:53:13.599+0000] {processor.py:161} INFO - Started process (PID=641) to work on /home/airflow/.local/lib/python3.11/site-packages/airflow/example_dags/example_skip_dag.py
[2026-03-15T17:53:13.601+0000] {processor.py:830} INFO - Processing file /home/airflow/.local/lib/python3.11/site-packages/airflow/example_dags/example_skip_dag.py for tasks to queue
[2026-03-15T17:53:13.602+0000] {logging_mixin.py:188} INFO - [2026-03-15T17:53:13.602+0000] {dagbag.py:540} INFO - Filling up the DagBag from /home/airflow/.local/lib/python3.11/site-packages/airflow/example_dags/example_skip_dag.py
[2026-03-15T17:53:13.608+0000] {processor.py:840} INFO - DAG(s) 'example_skip_dag' retrieved from /home/airflow/.local/lib/python3.11/site-packages/airflow/example_dags/example_skip_dag.py
[2026-03-15T17:53:13.624+0000] {logging_mixin.py:188} INFO - [2026-03-15T17:53:13.624+0000] {dag.py:3047} INFO - Sync 1 DAGs
[2026-03-15T17:53:13.638+0000] {logging_mixin.py:188} INFO - [2026-03-15T17:53:13.638+0000] {dag.py:3834} INFO - Setting next_dagrun for example_skip_dag to 2026-03-14 00:00:00+00:00, run_after=2026-03-15 00:00:00+00:00
[2026-03-15T17:53:13.653+0000] {processor.py:183} INFO - Processing /home/airflow/.local/lib/python3.11/site-packages/airflow/example_dags/example_skip_dag.py took 0.056 seconds
[2026-03-15T17:53:14.878+0000] {processor.py:161} INFO - Started process (PID=750) to work on /home/airflow/.local/lib/python3.11/site-packages/airflow/example_dags/example_skip_dag.py
[2026-03-15T17:53:14.878+0000] {processor.py:830} INFO - Processing file /home/airflow/.local/lib/python3.11/site-packages/airflow/example_dags/example_skip_dag.py for tasks to queue
[2026-03-15T17:53:14.880+0000] {logging_mixin.py:188} INFO - [2026-03-15T17:53:14.880+0000] {dagbag.py:540} INFO - Filling up the DagBag from /home/airflow/.local/lib/python3.11/site-packages/airflow/example_dags/example_skip_dag.py
[2026-03-15T17:53:14.886+0000] {processor.py:840} INFO - DAG(s) 'example_skip_dag' retrieved from /home/airflow/.local/lib/python3.11/site-packages/airflow/example_dags/example_skip_dag.py
[2026-03-15T17:53:14.902+0000] {logging_mixin.py:188} INFO - [2026-03-15T17:53:14.901+0000] {dag.py:3047} INFO - Sync 1 DAGs
[2026-03-15T17:53:14.916+0000] {logging_mixin.py:188} INFO - [2026-03-15T17:53:14.916+0000] {dag.py:3834} INFO - Setting next_dagrun for example_skip_dag to 2026-03-14 00:00:00+00:00, run_after=2026-03-15 00:00:00+00:00
[2026-03-15T17:53:14.930+0000] {processor.py:183} INFO - Processing /home/airflow/.local/lib/python3.11/site-packages/airflow/example_dags/example_skip_dag.py took 0.055 seconds
[2026-03-15T17:53:45.875+0000] {processor.py:161} INFO - Started process (PID=799) to work on /home/airflow/.local/lib/python3.11/site-packages/airflow/example_dags/example_skip_dag.py
[2026-03-15T17:53:45.876+0000] {processor.py:830} INFO - Processing file /home/airflow/.local/lib/python3.11/site-packages/airflow/example_dags/example_skip_dag.py for tasks to queue
[2026-03-15T17:53:45.878+0000] {logging_mixin.py:188} INFO - [2026-03-15T17:53:45.877+0000] {dagbag.py:540} INFO - Filling up the DagBag from /home/airflow/.local/lib/python3.11/site-packages/airflow/example_dags/example_skip_dag.py
[2026-03-15T17:53:45.883+0000] {processor.py:840} INFO - DAG(s) 'example_skip_dag' retrieved from /home/airflow/.local/lib/python3.11/site-packages/airflow/example_dags/example_skip_dag.py
[2026-03-15T17:53:45.898+0000] {logging_mixin.py:188} INFO - [2026-03-15T17:53:45.898+0000] {dag.py:3047} INFO - Sync 1 DAGs
[2026-03-15T17:53:45.912+0000] {logging_mixin.py:188} INFO - [2026-03-15T17:53:45.912+0000] {dag.py:3834} INFO - Setting next_dagrun for example_skip_dag to 2026-03-14 00:00:00+00:00, run_after=2026-03-15 00:00:00+00:00
[2026-03-15T17:53:45.930+0000] {processor.py:183} INFO - Processing /home/airflow/.local/lib/python3.11/site-packages/airflow/example_dags/example_skip_dag.py took 0.057 seconds
[2026-03-15T17:54:15.968+0000] {processor.py:161} INFO - Started process (PID=849) to work on /home/airflow/.local/lib/python3.11/site-packages/airflow/example_dags/example_skip_dag.py
[2026-03-15T17:54:15.969+0000] {processor.py:830} INFO - Processing file /home/airflow/.local/lib/python3.11/site-packages/airflow/example_dags/example_skip_dag.py for tasks to queue
[2026-03-15T17:54:15.970+0000] {logging_mixin.py:188} INFO - [2026-03-15T17:54:15.970+0000] {dagbag.py:540} INFO - Filling up the DagBag from /home/airflow/.local/lib/python3.11/site-packages/airflow/example_dags/example_skip_dag.py
[2026-03-15T17:54:15.975+0000] {processor.py:840} INFO - DAG(s) 'example_skip_dag' retrieved from /home/airflow/.local/lib/python3.11/site-packages/airflow/example_dags/example_skip_dag.py
[2026-03-15T17:54:15.989+0000] {logging_mixin.py:188} INFO - [2026-03-15T17:54:15.989+0000] {dag.py:3047} INFO - Sync 1 DAGs
[2026-03-15T17:54:16.003+0000] {logging_mixin.py:188} INFO - [2026-03-15T17:54:16.002+0000] {dag.py:3834} INFO - Setting next_dagrun for example_skip_dag to 2026-03-14 00:00:00+00:00, run_after=2026-03-15 00:00:00+00:00
[2026-03-15T17:55:05.203+0000] {processor.py:183} INFO - Processing /home/airflow/.local/lib/python3.11/site-packages/airflow/example_dags/example_skip_dag.py took 0.052 seconds
[2026-03-15T17:54:56.364+0000] {processor.py:161} INFO - Started process (PID=995) to work on /home/airflow/.local/lib/python3.11/site-packages/airflow/example_dags/example_skip_dag.py
[2026-03-15T17:54:56.366+0000] {processor.py:830} INFO - Processing file /home/airflow/.local/lib/python3.11/site-packages/airflow/example_dags/example_skip_dag.py for tasks to queue
[2026-03-15T17:54:56.368+0000] {logging_mixin.py:188} INFO - [2026-03-15T17:54:56.368+0000] {dagbag.py:540} INFO - Filling up the DagBag from /home/airflow/.local/lib/python3.11/site-packages/airflow/example_dags/example_skip_dag.py
[2026-03-15T17:54:56.375+0000] {processor.py:840} INFO - DAG(s) 'example_skip_dag' retrieved from /home/airflow/.local/lib/python3.11/site-packages/airflow/example_dags/example_skip_dag.py
[2026-03-15T17:54:56.393+0000] {logging_mixin.py:188} INFO - [2026-03-15T17:54:56.393+0000] {dag.py:3047} INFO - Sync 1 DAGs
[2026-03-15T17:54:56.413+0000] {logging_mixin.py:188} INFO - [2026-03-15T17:54:56.412+0000] {dag.py:3834} INFO - Setting next_dagrun for example_skip_dag to 2026-03-14 00:00:00+00:00, run_after=2026-03-15 00:00:00+00:00
[2026-03-15T17:54:56.434+0000] {processor.py:183} INFO - Processing /home/airflow/.local/lib/python3.11/site-packages/airflow/example_dags/example_skip_dag.py took 0.074 seconds
[2026-03-15T17:55:50.407+0000] {processor.py:161} INFO - Started process (PID=1049) to work on /home/airflow/.local/lib/python3.11/site-packages/airflow/example_dags/example_skip_dag.py
[2026-03-15T17:55:50.408+0000] {processor.py:830} INFO - Processing file /home/airflow/.local/lib/python3.11/site-packages/airflow/example_dags/example_skip_dag.py for tasks to queue
[2026-03-15T17:55:50.410+0000] {logging_mixin.py:188} INFO - [2026-03-15T17:55:50.410+0000] {dagbag.py:540} INFO - Filling up the DagBag from /home/airflow/.local/lib/python3.11/site-packages/airflow/example_dags/example_skip_dag.py
[2026-03-15T17:55:50.417+0000] {processor.py:840} INFO - DAG(s) 'example_skip_dag' retrieved from /home/airflow/.local/lib/python3.11/site-packages/airflow/example_dags/example_skip_dag.py
[2026-03-15T17:55:50.436+0000] {logging_mixin.py:188} INFO - [2026-03-15T17:55:50.436+0000] {dag.py:3047} INFO - Sync 1 DAGs
[2026-03-15T17:55:50.457+0000] {logging_mixin.py:188} INFO - [2026-03-15T17:55:50.457+0000] {dag.py:3834} INFO - Setting next_dagrun for example_skip_dag to 2026-03-14 00:00:00+00:00, run_after=2026-03-15 00:00:00+00:00
[2026-03-15T17:55:01.290+0000] {processor.py:183} INFO - Processing /home/airflow/.local/lib/python3.11/site-packages/airflow/example_dags/example_skip_dag.py took 0.070 seconds
[2026-03-15T17:56:02.321+0000] {processor.py:161} INFO - Started process (PID=1095) to work on /home/airflow/.local/lib/python3.11/site-packages/airflow/example_dags/example_skip_dag.py
[2026-03-15T17:56:02.323+0000] {processor.py:830} INFO - Processing file /home/airflow/.local/lib/python3.11/site-packages/airflow/example_dags/example_skip_dag.py for tasks to queue
[2026-03-15T17:56:02.325+0000] {logging_mixin.py:188} INFO - [2026-03-15T17:56:02.325+0000] {dagbag.py:540} INFO - Filling up the DagBag from /home/airflow/.local/lib/python3.11/site-packages/airflow/example_dags/example_skip_dag.py
[2026-03-15T17:56:02.332+0000] {processor.py:840} INFO - DAG(s) 'example_skip_dag' retrieved from /home/airflow/.local/lib/python3.11/site-packages/airflow/example_dags/example_skip_dag.py
[2026-03-15T17:56:02.357+0000] {logging_mixin.py:188} INFO - [2026-03-15T17:56:02.356+0000] {dag.py:3047} INFO - Sync 1 DAGs
[2026-03-15T17:56:02.374+0000] {logging_mixin.py:188} INFO - [2026-03-15T17:56:02.374+0000] {dag.py:3834} INFO - Setting next_dagrun for example_skip_dag to 2026-03-14 00:00:00+00:00, run_after=2026-03-15 00:00:00+00:00
[2026-03-15T17:56:02.395+0000] {processor.py:183} INFO - Processing /home/airflow/.local/lib/python3.11/site-packages/airflow/example_dags/example_skip_dag.py took 0.077 seconds
[2026-03-15T17:55:51.544+0000] {processor.py:161} INFO - Started process (PID=1235) to work on /home/airflow/.local/lib/python3.11/site-packages/airflow/example_dags/example_skip_dag.py
[2026-03-15T17:55:51.545+0000] {processor.py:830} INFO - Processing file /home/airflow/.local/lib/python3.11/site-packages/airflow/example_dags/example_skip_dag.py for tasks to queue
[2026-03-15T17:55:51.547+0000] {logging_mixin.py:188} INFO - [2026-03-15T17:55:51.547+0000] {dagbag.py:540} INFO - Filling up the DagBag from /home/airflow/.local/lib/python3.11/site-packages/airflow/example_dags/example_skip_dag.py
[2026-03-15T17:55:51.553+0000] {processor.py:840} INFO - DAG(s) 'example_skip_dag' retrieved from /home/airflow/.local/lib/python3.11/site-packages/airflow/example_dags/example_skip_dag.py
[2026-03-15T17:55:51.573+0000] {logging_mixin.py:188} INFO - [2026-03-15T17:55:51.573+0000] {dag.py:3047} INFO - Sync 1 DAGs
[2026-03-15T17:55:51.593+0000] {logging_mixin.py:188} INFO - [2026-03-15T17:55:51.593+0000] {dag.py:3834} INFO - Setting next_dagrun for example_skip_dag to 2026-03-14 00:00:00+00:00, run_after=2026-03-15 00:00:00+00:00
[2026-03-15T17:55:51.612+0000] {processor.py:183} INFO - Processing /home/airflow/.local/lib/python3.11/site-packages/airflow/example_dags/example_skip_dag.py took 0.071 seconds
[2026-03-15T17:56:45.559+0000] {processor.py:161} INFO - Started process (PID=1283) to work on /home/airflow/.local/lib/python3.11/site-packages/airflow/example_dags/example_skip_dag.py
[2026-03-15T17:56:45.560+0000] {processor.py:830} INFO - Processing file /home/airflow/.local/lib/python3.11/site-packages/airflow/example_dags/example_skip_dag.py for tasks to queue
[2026-03-15T17:56:45.562+0000] {logging_mixin.py:188} INFO - [2026-03-15T17:56:45.562+0000] {dagbag.py:540} INFO - Filling up the DagBag from /home/airflow/.local/lib/python3.11/site-packages/airflow/example_dags/example_skip_dag.py
[2026-03-15T17:56:45.567+0000] {processor.py:840} INFO - DAG(s) 'example_skip_dag' retrieved from /home/airflow/.local/lib/python3.11/site-packages/airflow/example_dags/example_skip_dag.py
[2026-03-15T17:56:45.584+0000] {logging_mixin.py:188} INFO - [2026-03-15T17:56:45.584+0000] {dag.py:3047} INFO - Sync 1 DAGs
[2026-03-15T17:56:45.600+0000] {logging_mixin.py:188} INFO - [2026-03-15T17:56:45.600+0000] {dag.py:3834} INFO - Setting next_dagrun for example_skip_dag to 2026-03-14 00:00:00+00:00, run_after=2026-03-15 00:00:00+00:00
[2026-03-15T17:56:45.618+0000] {processor.py:183} INFO - Processing /home/airflow/.local/lib/python3.11/site-packages/airflow/example_dags/example_skip_dag.py took 0.062 seconds
[2026-03-15T17:56:43.290+0000] {processor.py:161} INFO - Started process (PID=1389) to work on /home/airflow/.local/lib/python3.11/site-packages/airflow/example_dags/example_skip_dag.py
[2026-03-15T17:56:43.291+0000] {processor.py:830} INFO - Processing file /home/airflow/.local/lib/python3.11/site-packages/airflow/example_dags/example_skip_dag.py for tasks to queue
[2026-03-15T17:56:43.293+0000] {logging_mixin.py:188} INFO - [2026-03-15T17:56:43.292+0000] {dagbag.py:540} INFO - Filling up the DagBag from /home/airflow/.local/lib/python3.11/site-packages/airflow/example_dags/example_skip_dag.py
[2026-03-15T17:56:43.300+0000] {processor.py:840} INFO - DAG(s) 'example_skip_dag' retrieved from /home/airflow/.local/lib/python3.11/site-packages/airflow/example_dags/example_skip_dag.py
[2026-03-15T17:56:43.319+0000] {logging_mixin.py:188} INFO - [2026-03-15T17:56:43.319+0000] {dag.py:3047} INFO - Sync 1 DAGs
[2026-03-15T17:56:43.334+0000] {logging_mixin.py:188} INFO - [2026-03-15T17:56:43.333+0000] {dag.py:3834} INFO - Setting next_dagrun for example_skip_dag to 2026-03-14 00:00:00+00:00, run_after=2026-03-15 00:00:00+00:00
[2026-03-15T17:56:43.348+0000] {processor.py:183} INFO - Processing /home/airflow/.local/lib/python3.11/site-packages/airflow/example_dags/example_skip_dag.py took 0.061 seconds
[2026-03-15T17:56:46.627+0000] {processor.py:161} INFO - Started process (PID=1437) to work on /home/airflow/.local/lib/python3.11/site-packages/airflow/example_dags/example_skip_dag.py
[2026-03-15T17:56:46.629+0000] {processor.py:830} INFO - Processing file /home/airflow/.local/lib/python3.11/site-packages/airflow/example_dags/example_skip_dag.py for tasks to queue
[2026-03-15T17:56:46.631+0000] {logging_mixin.py:188} INFO - [2026-03-15T17:56:46.630+0000] {dagbag.py:540} INFO - Filling up the DagBag from /home/airflow/.local/lib/python3.11/site-packages/airflow/example_dags/example_skip_dag.py
[2026-03-15T17:56:46.636+0000] {processor.py:840} INFO - DAG(s) 'example_skip_dag' retrieved from /home/airflow/.local/lib/python3.11/site-packages/airflow/example_dags/example_skip_dag.py
[2026-03-15T17:56:46.654+0000] {logging_mixin.py:188} INFO - [2026-03-15T17:56:46.654+0000] {dag.py:3047} INFO - Sync 1 DAGs
[2026-03-15T17:56:46.670+0000] {logging_mixin.py:188} INFO - [2026-03-15T17:56:46.670+0000] {dag.py:3834} INFO - Setting next_dagrun for example_skip_dag to 2026-03-14 00:00:00+00:00, run_after=2026-03-15 00:00:00+00:00
[2026-03-15T17:56:46.685+0000] {processor.py:183} INFO - Processing /home/airflow/.local/lib/python3.11/site-packages/airflow/example_dags/example_skip_dag.py took 0.061 seconds
[2026-03-15T17:57:16.800+0000] {processor.py:161} INFO - Started process (PID=1491) to work on /home/airflow/.local/lib/python3.11/site-packages/airflow/example_dags/example_skip_dag.py
[2026-03-15T17:57:16.801+0000] {processor.py:830} INFO - Processing file /home/airflow/.local/lib/python3.11/site-packages/airflow/example_dags/example_skip_dag.py for tasks to queue
[2026-03-15T17:57:16.803+0000] {logging_mixin.py:188} INFO - [2026-03-15T17:57:16.803+0000] {dagbag.py:540} INFO - Filling up the DagBag from /home/airflow/.local/lib/python3.11/site-packages/airflow/example_dags/example_skip_dag.py
[2026-03-15T17:57:16.810+0000] {processor.py:840} INFO - DAG(s) 'example_skip_dag' retrieved from /home/airflow/.local/lib/python3.11/site-packages/airflow/example_dags/example_skip_dag.py
[2026-03-15T17:57:16.829+0000] {logging_mixin.py:188} INFO - [2026-03-15T17:57:16.829+0000] {dag.py:3047} INFO - Sync 1 DAGs
[2026-03-15T17:57:16.846+0000] {logging_mixin.py:188} INFO - [2026-03-15T17:57:16.846+0000] {dag.py:3834} INFO - Setting next_dagrun for example_skip_dag to 2026-03-14 00:00:00+00:00, run_after=2026-03-15 00:00:00+00:00
[2026-03-15T17:57:16.862+0000] {processor.py:183} INFO - Processing /home/airflow/.local/lib/python3.11/site-packages/airflow/example_dags/example_skip_dag.py took 0.065 seconds
[2026-03-15T17:58:10.740+0000] {processor.py:161} INFO - Started process (PID=1541) to work on /home/airflow/.local/lib/python3.11/site-packages/airflow/example_dags/example_skip_dag.py
[2026-03-15T17:58:10.741+0000] {processor.py:830} INFO - Processing file /home/airflow/.local/lib/python3.11/site-packages/airflow/example_dags/example_skip_dag.py for tasks to queue
[2026-03-15T17:58:10.742+0000] {logging_mixin.py:188} INFO - [2026-03-15T17:58:10.742+0000] {dagbag.py:540} INFO - Filling up the DagBag from /home/airflow/.local/lib/python3.11/site-packages/airflow/example_dags/example_skip_dag.py
[2026-03-15T17:58:10.748+0000] {processor.py:840} INFO - DAG(s) 'example_skip_dag' retrieved from /home/airflow/.local/lib/python3.11/site-packages/airflow/example_dags/example_skip_dag.py
[2026-03-15T17:58:10.764+0000] {logging_mixin.py:188} INFO - [2026-03-15T17:58:10.764+0000] {dag.py:3047} INFO - Sync 1 DAGs
[2026-03-15T17:58:10.779+0000] {logging_mixin.py:188} INFO - [2026-03-15T17:58:10.779+0000] {dag.py:3834} INFO - Setting next_dagrun for example_skip_dag to 2026-03-14 00:00:00+00:00, run_after=2026-03-15 00:00:00+00:00
[2026-03-15T17:57:21.637+0000] {processor.py:183} INFO - Processing /home/airflow/.local/lib/python3.11/site-packages/airflow/example_dags/example_skip_dag.py took 0.058 seconds
[2026-03-15T17:58:32.280+0000] {processor.py:161} INFO - Started process (PID=1593) to work on /home/airflow/.local/lib/python3.11/site-packages/airflow/example_dags/example_skip_dag.py
[2026-03-15T17:58:32.281+0000] {processor.py:830} INFO - Processing file /home/airflow/.local/lib/python3.11/site-packages/airflow/example_dags/example_skip_dag.py for tasks to queue
[2026-03-15T17:58:32.283+0000] {logging_mixin.py:188} INFO - [2026-03-15T17:58:32.283+0000] {dagbag.py:540} INFO - Filling up the DagBag from /home/airflow/.local/lib/python3.11/site-packages/airflow/example_dags/example_skip_dag.py
[2026-03-15T17:58:32.289+0000] {processor.py:840} INFO - DAG(s) 'example_skip_dag' retrieved from /home/airflow/.local/lib/python3.11/site-packages/airflow/example_dags/example_skip_dag.py
[2026-03-15T17:58:32.306+0000] {logging_mixin.py:188} INFO - [2026-03-15T17:58:32.306+0000] {dag.py:3047} INFO - Sync 1 DAGs
[2026-03-15T17:58:32.320+0000] {logging_mixin.py:188} INFO - [2026-03-15T17:58:32.320+0000] {dag.py:3834} INFO - Setting next_dagrun for example_skip_dag to 2026-03-14 00:00:00+00:00, run_after=2026-03-15 00:00:00+00:00
[2026-03-15T17:58:32.336+0000] {processor.py:183} INFO - Processing /home/airflow/.local/lib/python3.11/site-packages/airflow/example_dags/example_skip_dag.py took 0.059 seconds
[2026-03-15T17:59:05.665+0000] {processor.py:161} INFO - Started process (PID=1734) to work on /home/airflow/.local/lib/python3.11/site-packages/airflow/example_dags/example_skip_dag.py
[2026-03-15T17:59:05.666+0000] {processor.py:830} INFO - Processing file /home/airflow/.local/lib/python3.11/site-packages/airflow/example_dags/example_skip_dag.py for tasks to queue
[2026-03-15T17:59:05.668+0000] {logging_mixin.py:188} INFO - [2026-03-15T17:59:05.668+0000] {dagbag.py:540} INFO - Filling up the DagBag from /home/airflow/.local/lib/python3.11/site-packages/airflow/example_dags/example_skip_dag.py
[2026-03-15T17:59:05.673+0000] {processor.py:840} INFO - DAG(s) 'example_skip_dag' retrieved from /home/airflow/.local/lib/python3.11/site-packages/airflow/example_dags/example_skip_dag.py
[2026-03-15T17:59:05.689+0000] {logging_mixin.py:188} INFO - [2026-03-15T17:59:05.688+0000] {dag.py:3047} INFO - Sync 1 DAGs
[2026-03-15T17:59:05.704+0000] {logging_mixin.py:188} INFO - [2026-03-15T17:59:05.704+0000] {dag.py:3834} INFO - Setting next_dagrun for example_skip_dag to 2026-03-14 00:00:00+00:00, run_after=2026-03-15 00:00:00+00:00
[2026-03-15T17:59:05.720+0000] {processor.py:183} INFO - Processing /home/airflow/.local/lib/python3.11/site-packages/airflow/example_dags/example_skip_dag.py took 0.057 seconds
[2026-03-15T17:59:36.258+0000] {processor.py:161} INFO - Started process (PID=1981) to work on /home/airflow/.local/lib/python3.11/site-packages/airflow/example_dags/example_skip_dag.py
[2026-03-15T17:59:36.259+0000] {processor.py:830} INFO - Processing file /home/airflow/.local/lib/python3.11/site-packages/airflow/example_dags/example_skip_dag.py for tasks to queue
[2026-03-15T17:59:36.261+0000] {logging_mixin.py:188} INFO - [2026-03-15T17:59:36.260+0000] {dagbag.py:540} INFO - Filling up the DagBag from /home/airflow/.local/lib/python3.11/site-packages/airflow/example_dags/example_skip_dag.py
[2026-03-15T17:59:36.266+0000] {processor.py:840} INFO - DAG(s) 'example_skip_dag' retrieved from /home/airflow/.local/lib/python3.11/site-packages/airflow/example_dags/example_skip_dag.py
[2026-03-15T17:59:36.283+0000] {logging_mixin.py:188} INFO - [2026-03-15T17:59:36.283+0000] {dag.py:3047} INFO - Sync 1 DAGs
[2026-03-15T17:59:36.298+0000] {logging_mixin.py:188} INFO - [2026-03-15T17:59:36.298+0000] {dag.py:3834} INFO - Setting next_dagrun for example_skip_dag to 2026-03-14 00:00:00+00:00, run_after=2026-03-15 00:00:00+00:00
[2026-03-15T17:59:36.312+0000] {processor.py:183} INFO - Processing /home/airflow/.local/lib/python3.11/site-packages/airflow/example_dags/example_skip_dag.py took 0.057 seconds
[2026-03-15T18:00:06.528+0000] {processor.py:161} INFO - Started process (PID=2037) to work on /home/airflow/.local/lib/python3.11/site-packages/airflow/example_dags/example_skip_dag.py
[2026-03-15T18:00:06.530+0000] {processor.py:830} INFO - Processing file /home/airflow/.local/lib/python3.11/site-packages/airflow/example_dags/example_skip_dag.py for tasks to queue
[2026-03-15T18:00:06.533+0000] {logging_mixin.py:188} INFO - [2026-03-15T18:00:06.533+0000] {dagbag.py:540} INFO - Filling up the DagBag from /home/airflow/.local/lib/python3.11/site-packages/airflow/example_dags/example_skip_dag.py
[2026-03-15T18:00:06.539+0000] {processor.py:840} INFO - DAG(s) 'example_skip_dag' retrieved from /home/airflow/.local/lib/python3.11/site-packages/airflow/example_dags/example_skip_dag.py
[2026-03-15T18:00:06.559+0000] {logging_mixin.py:188} INFO - [2026-03-15T18:00:06.559+0000] {dag.py:3047} INFO - Sync 1 DAGs
[2026-03-15T18:00:06.573+0000] {logging_mixin.py:188} INFO - [2026-03-15T18:00:06.573+0000] {dag.py:3834} INFO - Setting next_dagrun for example_skip_dag to 2026-03-14 00:00:00+00:00, run_after=2026-03-15 00:00:00+00:00
[2026-03-15T18:00:06.585+0000] {processor.py:183} INFO - Processing /home/airflow/.local/lib/python3.11/site-packages/airflow/example_dags/example_skip_dag.py took 0.060 seconds
[2026-03-15T18:00:55.972+0000] {processor.py:161} INFO - Started process (PID=2041) to work on /home/airflow/.local/lib/python3.11/site-packages/airflow/example_dags/example_skip_dag.py
[2026-03-15T18:00:55.973+0000] {processor.py:830} INFO - Processing file /home/airflow/.local/lib/python3.11/site-packages/airflow/example_dags/example_skip_dag.py for tasks to queue
[2026-03-15T18:00:55.975+0000] {logging_mixin.py:188} INFO - [2026-03-15T18:00:55.975+0000] {dagbag.py:540} INFO - Filling up the DagBag from /home/airflow/.local/lib/python3.11/site-packages/airflow/example_dags/example_skip_dag.py
[2026-03-15T18:00:06.791+0000] {processor.py:840} INFO - DAG(s) 'example_skip_dag' retrieved from /home/airflow/.local/lib/python3.11/site-packages/airflow/example_dags/example_skip_dag.py
[2026-03-15T18:00:06.812+0000] {logging_mixin.py:188} INFO - [2026-03-15T18:00:06.811+0000] {dag.py:3047} INFO - Sync 1 DAGs
[2026-03-15T18:00:06.828+0000] {logging_mixin.py:188} INFO - [2026-03-15T18:00:06.828+0000] {dag.py:3834} INFO - Setting next_dagrun for example_skip_dag to 2026-03-14 00:00:00+00:00, run_after=2026-03-15 00:00:00+00:00
[2026-03-15T18:00:06.840+0000] {processor.py:183} INFO - Processing /home/airflow/.local/lib/python3.11/site-packages/airflow/example_dags/example_skip_dag.py took 0.061 seconds
[2026-03-15T18:01:00.941+0000] {processor.py:161} INFO - Started process (PID=2082) to work on /home/airflow/.local/lib/python3.11/site-packages/airflow/example_dags/example_skip_dag.py
[2026-03-15T18:01:00.942+0000] {processor.py:830} INFO - Processing file /home/airflow/.local/lib/python3.11/site-packages/airflow/example_dags/example_skip_dag.py for tasks to queue
[2026-03-15T18:01:00.944+0000] {logging_mixin.py:188} INFO - [2026-03-15T18:01:00.944+0000] {dagbag.py:540} INFO - Filling up the DagBag from /home/airflow/.local/lib/python3.11/site-packages/airflow/example_dags/example_skip_dag.py
[2026-03-15T18:01:00.949+0000] {processor.py:840} INFO - DAG(s) 'example_skip_dag' retrieved from /home/airflow/.local/lib/python3.11/site-packages/airflow/example_dags/example_skip_dag.py
[2026-03-15T18:01:00.967+0000] {logging_mixin.py:188} INFO - [2026-03-15T18:01:00.967+0000] {dag.py:3047} INFO - Sync 1 DAGs
[2026-03-15T18:01:00.987+0000] {logging_mixin.py:188} INFO - [2026-03-15T18:01:00.987+0000] {dag.py:3834} INFO - Setting next_dagrun for example_skip_dag to 2026-03-14 00:00:00+00:00, run_after=2026-03-15 00:00:00+00:00
[2026-03-15T18:00:11.813+0000] {processor.py:183} INFO - Processing /home/airflow/.local/lib/python3.11/site-packages/airflow/example_dags/example_skip_dag.py took 0.062 seconds
[2026-03-15T18:00:42.151+0000] {processor.py:161} INFO - Started process (PID=2129) to work on /home/airflow/.local/lib/python3.11/site-packages/airflow/example_dags/example_skip_dag.py
[2026-03-15T18:00:42.153+0000] {processor.py:830} INFO - Processing file /home/airflow/.local/lib/python3.11/site-packages/airflow/example_dags/example_skip_dag.py for tasks to queue
[2026-03-15T18:00:42.155+0000] {logging_mixin.py:188} INFO - [2026-03-15T18:00:42.154+0000] {dagbag.py:540} INFO - Filling up the DagBag from /home/airflow/.local/lib/python3.11/site-packages/airflow/example_dags/example_skip_dag.py
[2026-03-15T18:00:42.160+0000] {processor.py:840} INFO - DAG(s) 'example_skip_dag' retrieved from /home/airflow/.local/lib/python3.11/site-packages/airflow/example_dags/example_skip_dag.py
[2026-03-15T18:00:42.175+0000] {logging_mixin.py:188} INFO - [2026-03-15T18:00:42.175+0000] {dag.py:3047} INFO - Sync 1 DAGs
[2026-03-15T18:00:42.189+0000] {logging_mixin.py:188} INFO - [2026-03-15T18:00:42.189+0000] {dag.py:3834} INFO - Setting next_dagrun for example_skip_dag to 2026-03-14 00:00:00+00:00, run_after=2026-03-15 00:00:00+00:00
[2026-03-15T18:00:42.202+0000] {processor.py:183} INFO - Processing /home/airflow/.local/lib/python3.11/site-packages/airflow/example_dags/example_skip_dag.py took 0.054 seconds
[2026-03-15T18:01:32.451+0000] {processor.py:161} INFO - Started process (PID=2154) to work on /home/airflow/.local/lib/python3.11/site-packages/airflow/example_dags/example_skip_dag.py
[2026-03-15T18:01:32.452+0000] {processor.py:830} INFO - Processing file /home/airflow/.local/lib/python3.11/site-packages/airflow/example_dags/example_skip_dag.py for tasks to queue
[2026-03-15T18:01:32.454+0000] {logging_mixin.py:188} INFO - [2026-03-15T18:01:32.454+0000] {dagbag.py:540} INFO - Filling up the DagBag from /home/airflow/.local/lib/python3.11/site-packages/airflow/example_dags/example_skip_dag.py
[2026-03-15T18:01:32.459+0000] {processor.py:840} INFO - DAG(s) 'example_skip_dag' retrieved from /home/airflow/.local/lib/python3.11/site-packages/airflow/example_dags/example_skip_dag.py
[2026-03-15T18:01:32.475+0000] {logging_mixin.py:188} INFO - [2026-03-15T18:01:32.475+0000] {dag.py:3047} INFO - Sync 1 DAGs
[2026-03-15T18:01:32.492+0000] {logging_mixin.py:188} INFO - [2026-03-15T18:01:32.492+0000] {dag.py:3834} INFO - Setting next_dagrun for example_skip_dag to 2026-03-14 00:00:00+00:00, run_after=2026-03-15 00:00:00+00:00
[2026-03-15T18:00:43.348+0000] {processor.py:183} INFO - Processing /home/airflow/.local/lib/python3.11/site-packages/airflow/example_dags/example_skip_dag.py took 0.060 seconds
[2026-03-15T18:02:02.321+0000] {processor.py:161} INFO - Started process (PID=2200) to work on /home/airflow/.local/lib/python3.11/site-packages/airflow/example_dags/example_skip_dag.py
[2026-03-15T18:02:02.322+0000] {processor.py:830} INFO - Processing file /home/airflow/.local/lib/python3.11/site-packages/airflow/example_dags/example_skip_dag.py for tasks to queue
[2026-03-15T18:02:02.323+0000] {logging_mixin.py:188} INFO - [2026-03-15T18:02:02.323+0000] {dagbag.py:540} INFO - Filling up the DagBag from /home/airflow/.local/lib/python3.11/site-packages/airflow/example_dags/example_skip_dag.py
[2026-03-15T18:02:02.329+0000] {processor.py:840} INFO - DAG(s) 'example_skip_dag' retrieved from /home/airflow/.local/lib/python3.11/site-packages/airflow/example_dags/example_skip_dag.py
[2026-03-15T18:02:02.346+0000] {logging_mixin.py:188} INFO - [2026-03-15T18:02:02.346+0000] {dag.py:3047} INFO - Sync 1 DAGs
[2026-03-15T18:02:02.361+0000] {logging_mixin.py:188} INFO - [2026-03-15T18:02:02.360+0000] {dag.py:3834} INFO - Setting next_dagrun for example_skip_dag to 2026-03-14 00:00:00+00:00, run_after=2026-03-15 00:00:00+00:00
[2026-03-15T18:02:02.374+0000] {processor.py:183} INFO - Processing /home/airflow/.local/lib/python3.11/site-packages/airflow/example_dags/example_skip_dag.py took 0.058 seconds
[2026-03-15T18:01:47.031+0000] {processor.py:161} INFO - Started process (PID=2300) to work on /home/airflow/.local/lib/python3.11/site-packages/airflow/example_dags/example_skip_dag.py
[2026-03-15T18:01:47.032+0000] {processor.py:830} INFO - Processing file /home/airflow/.local/lib/python3.11/site-packages/airflow/example_dags/example_skip_dag.py for tasks to queue
[2026-03-15T18:01:47.034+0000] {logging_mixin.py:188} INFO - [2026-03-15T18:01:47.033+0000] {dagbag.py:540} INFO - Filling up the DagBag from /home/airflow/.local/lib/python3.11/site-packages/airflow/example_dags/example_skip_dag.py
[2026-03-15T18:01:47.040+0000] {processor.py:840} INFO - DAG(s) 'example_skip_dag' retrieved from /home/airflow/.local/lib/python3.11/site-packages/airflow/example_dags/example_skip_dag.py
[2026-03-15T18:01:47.059+0000] {logging_mixin.py:188} INFO - [2026-03-15T18:01:47.059+0000] {dag.py:3047} INFO - Sync 1 DAGs
[2026-03-15T18:01:47.073+0000] {logging_mixin.py:188} INFO - [2026-03-15T18:01:47.073+0000] {dag.py:3834} INFO - Setting next_dagrun for example_skip_dag to 2026-03-14 00:00:00+00:00, run_after=2026-03-15 00:00:00+00:00
[2026-03-15T18:01:47.087+0000] {processor.py:183} INFO - Processing /home/airflow/.local/lib/python3.11/site-packages/airflow/example_dags/example_skip_dag.py took 0.059 seconds
[2026-03-15T18:02:13.272+0000] {processor.py:161} INFO - Started process (PID=2352) to work on /home/airflow/.local/lib/python3.11/site-packages/airflow/example_dags/example_skip_dag.py
[2026-03-15T18:02:13.273+0000] {processor.py:830} INFO - Processing file /home/airflow/.local/lib/python3.11/site-packages/airflow/example_dags/example_skip_dag.py for tasks to queue
[2026-03-15T18:02:13.275+0000] {logging_mixin.py:188} INFO - [2026-03-15T18:02:13.275+0000] {dagbag.py:540} INFO - Filling up the DagBag from /home/airflow/.local/lib/python3.11/site-packages/airflow/example_dags/example_skip_dag.py
[2026-03-15T18:02:13.281+0000] {processor.py:840} INFO - DAG(s) 'example_skip_dag' retrieved from /home/airflow/.local/lib/python3.11/site-packages/airflow/example_dags/example_skip_dag.py
[2026-03-15T18:02:13.299+0000] {logging_mixin.py:188} INFO - [2026-03-15T18:02:13.298+0000] {dag.py:3047} INFO - Sync 1 DAGs
[2026-03-15T18:02:13.314+0000] {logging_mixin.py:188} INFO - [2026-03-15T18:02:13.313+0000] {dag.py:3834} INFO - Setting next_dagrun for example_skip_dag to 2026-03-14 00:00:00+00:00, run_after=2026-03-15 00:00:00+00:00
[2026-03-15T18:02:13.326+0000] {processor.py:183} INFO - Processing /home/airflow/.local/lib/python3.11/site-packages/airflow/example_dags/example_skip_dag.py took 0.057 seconds
[2026-03-15T18:02:44.344+0000] {processor.py:161} INFO - Started process (PID=2402) to work on /home/airflow/.local/lib/python3.11/site-packages/airflow/example_dags/example_skip_dag.py
[2026-03-15T18:02:44.345+0000] {processor.py:830} INFO - Processing file /home/airflow/.local/lib/python3.11/site-packages/airflow/example_dags/example_skip_dag.py for tasks to queue
[2026-03-15T18:02:44.347+0000] {logging_mixin.py:188} INFO - [2026-03-15T18:02:44.346+0000] {dagbag.py:540} INFO - Filling up the DagBag from /home/airflow/.local/lib/python3.11/site-packages/airflow/example_dags/example_skip_dag.py
[2026-03-15T18:02:44.353+0000] {processor.py:840} INFO - DAG(s) 'example_skip_dag' retrieved from /home/airflow/.local/lib/python3.11/site-packages/airflow/example_dags/example_skip_dag.py
[2026-03-15T18:02:44.369+0000] {logging_mixin.py:188} INFO - [2026-03-15T18:02:44.369+0000] {dag.py:3047} INFO - Sync 1 DAGs
[2026-03-15T18:02:44.384+0000] {logging_mixin.py:188} INFO - [2026-03-15T18:02:44.384+0000] {dag.py:3834} INFO - Setting next_dagrun for example_skip_dag to 2026-03-14 00:00:00+00:00, run_after=2026-03-15 00:00:00+00:00
[2026-03-15T18:02:44.396+0000] {processor.py:183} INFO - Processing /home/airflow/.local/lib/python3.11/site-packages/airflow/example_dags/example_skip_dag.py took 0.055 seconds
[2026-03-15T18:03:14.941+0000] {processor.py:161} INFO - Started process (PID=2456) to work on /home/airflow/.local/lib/python3.11/site-packages/airflow/example_dags/example_skip_dag.py
[2026-03-15T18:03:14.942+0000] {processor.py:830} INFO - Processing file /home/airflow/.local/lib/python3.11/site-packages/airflow/example_dags/example_skip_dag.py for tasks to queue
[2026-03-15T18:03:14.947+0000] {logging_mixin.py:188} INFO - [2026-03-15T18:03:14.947+0000] {dagbag.py:540} INFO - Filling up the DagBag from /home/airflow/.local/lib/python3.11/site-packages/airflow/example_dags/example_skip_dag.py
[2026-03-15T18:03:14.953+0000] {processor.py:840} INFO - DAG(s) 'example_skip_dag' retrieved from /home/airflow/.local/lib/python3.11/site-packages/airflow/example_dags/example_skip_dag.py
[2026-03-15T18:03:14.970+0000] {logging_mixin.py:188} INFO - [2026-03-15T18:03:14.970+0000] {dag.py:3047} INFO - Sync 1 DAGs
[2026-03-15T18:03:14.986+0000] {logging_mixin.py:188} INFO - [2026-03-15T18:03:14.986+0000] {dag.py:3834} INFO - Setting next_dagrun for example_skip_dag to 2026-03-14 00:00:00+00:00, run_after=2026-03-15 00:00:00+00:00
[2026-03-15T18:03:15.001+0000] {processor.py:183} INFO - Processing /home/airflow/.local/lib/python3.11/site-packages/airflow/example_dags/example_skip_dag.py took 0.062 seconds
[2026-03-15T18:03:17.342+0000] {processor.py:161} INFO - Started process (PID=2504) to work on /home/airflow/.local/lib/python3.11/site-packages/airflow/example_dags/example_skip_dag.py
[2026-03-15T18:03:17.345+0000] {processor.py:830} INFO - Processing file /home/airflow/.local/lib/python3.11/site-packages/airflow/example_dags/example_skip_dag.py for tasks to queue
[2026-03-15T18:03:17.347+0000] {logging_mixin.py:188} INFO - [2026-03-15T18:03:17.347+0000] {dagbag.py:540} INFO - Filling up the DagBag from /home/airflow/.local/lib/python3.11/site-packages/airflow/example_dags/example_skip_dag.py
[2026-03-15T18:03:17.353+0000] {processor.py:840} INFO - DAG(s) 'example_skip_dag' retrieved from /home/airflow/.local/lib/python3.11/site-packages/airflow/example_dags/example_skip_dag.py
[2026-03-15T18:03:17.371+0000] {logging_mixin.py:188} INFO - [2026-03-15T18:03:17.371+0000] {dag.py:3047} INFO - Sync 1 DAGs
[2026-03-15T18:03:17.388+0000] {logging_mixin.py:188} INFO - [2026-03-15T18:03:17.388+0000] {dag.py:3834} INFO - Setting next_dagrun for example_skip_dag to 2026-03-14 00:00:00+00:00, run_after=2026-03-15 00:00:00+00:00
[2026-03-15T18:03:17.403+0000] {processor.py:183} INFO - Processing /home/airflow/.local/lib/python3.11/site-packages/airflow/example_dags/example_skip_dag.py took 0.063 seconds
[2026-03-15T18:03:22.267+0000] {processor.py:161} INFO - Started process (PID=2548) to work on /home/airflow/.local/lib/python3.11/site-packages/airflow/example_dags/example_skip_dag.py
[2026-03-15T18:03:22.268+0000] {processor.py:830} INFO - Processing file /home/airflow/.local/lib/python3.11/site-packages/airflow/example_dags/example_skip_dag.py for tasks to queue
[2026-03-15T18:03:22.270+0000] {logging_mixin.py:188} INFO - [2026-03-15T18:03:22.270+0000] {dagbag.py:540} INFO - Filling up the DagBag from /home/airflow/.local/lib/python3.11/site-packages/airflow/example_dags/example_skip_dag.py
[2026-03-15T18:03:22.275+0000] {processor.py:840} INFO - DAG(s) 'example_skip_dag' retrieved from /home/airflow/.local/lib/python3.11/site-packages/airflow/example_dags/example_skip_dag.py
[2026-03-15T18:03:22.291+0000] {logging_mixin.py:188} INFO - [2026-03-15T18:03:22.291+0000] {dag.py:3047} INFO - Sync 1 DAGs
[2026-03-15T18:03:22.305+0000] {logging_mixin.py:188} INFO - [2026-03-15T18:03:22.305+0000] {dag.py:3834} INFO - Setting next_dagrun for example_skip_dag to 2026-03-14 00:00:00+00:00, run_after=2026-03-15 00:00:00+00:00
[2026-03-15T18:03:22.318+0000] {processor.py:183} INFO - Processing /home/airflow/.local/lib/python3.11/site-packages/airflow/example_dags/example_skip_dag.py took 0.054 seconds
[2026-03-15T18:03:43.549+0000] {processor.py:161} INFO - Started process (PID=2599) to work on /home/airflow/.local/lib/python3.11/site-packages/airflow/example_dags/example_skip_dag.py
[2026-03-15T18:03:43.550+0000] {processor.py:830} INFO - Processing file /home/airflow/.local/lib/python3.11/site-packages/airflow/example_dags/example_skip_dag.py for tasks to queue
[2026-03-15T18:03:43.551+0000] {logging_mixin.py:188} INFO - [2026-03-15T18:03:43.551+0000] {dagbag.py:540} INFO - Filling up the DagBag from /home/airflow/.local/lib/python3.11/site-packages/airflow/example_dags/example_skip_dag.py
[2026-03-15T18:03:43.557+0000] {processor.py:840} INFO - DAG(s) 'example_skip_dag' retrieved from /home/airflow/.local/lib/python3.11/site-packages/airflow/example_dags/example_skip_dag.py
[2026-03-15T18:03:43.571+0000] {logging_mixin.py:188} INFO - [2026-03-15T18:03:43.571+0000] {dag.py:3047} INFO - Sync 1 DAGs
[2026-03-15T18:03:43.585+0000] {logging_mixin.py:188} INFO - [2026-03-15T18:03:43.585+0000] {dag.py:3834} INFO - Setting next_dagrun for example_skip_dag to 2026-03-14 00:00:00+00:00, run_after=2026-03-15 00:00:00+00:00
[2026-03-15T18:03:43.598+0000] {processor.py:183} INFO - Processing /home/airflow/.local/lib/python3.11/site-packages/airflow/example_dags/example_skip_dag.py took 0.051 seconds
[2026-03-15T18:04:13.761+0000] {processor.py:161} INFO - Started process (PID=2650) to work on /home/airflow/.local/lib/python3.11/site-packages/airflow/example_dags/example_skip_dag.py
[2026-03-15T18:04:13.761+0000] {processor.py:830} INFO - Processing file /home/airflow/.local/lib/python3.11/site-packages/airflow/example_dags/example_skip_dag.py for tasks to queue
[2026-03-15T18:04:13.763+0000] {logging_mixin.py:188} INFO - [2026-03-15T18:04:13.763+0000] {dagbag.py:540} INFO - Filling up the DagBag from /home/airflow/.local/lib/python3.11/site-packages/airflow/example_dags/example_skip_dag.py
[2026-03-15T18:04:13.768+0000] {processor.py:840} INFO - DAG(s) 'example_skip_dag' retrieved from /home/airflow/.local/lib/python3.11/site-packages/airflow/example_dags/example_skip_dag.py
[2026-03-15T18:04:13.784+0000] {logging_mixin.py:188} INFO - [2026-03-15T18:04:13.784+0000] {dag.py:3047} INFO - Sync 1 DAGs
[2026-03-15T18:04:13.799+0000] {logging_mixin.py:188} INFO - [2026-03-15T18:04:13.799+0000] {dag.py:3834} INFO - Setting next_dagrun for example_skip_dag to 2026-03-14 00:00:00+00:00, run_after=2026-03-15 00:00:00+00:00
[2026-03-15T18:04:13.813+0000] {processor.py:183} INFO - Processing /home/airflow/.local/lib/python3.11/site-packages/airflow/example_dags/example_skip_dag.py took 0.055 seconds
[2026-03-15T18:05:06.443+0000] {processor.py:161} INFO - Started process (PID=2695) to work on /home/airflow/.local/lib/python3.11/site-packages/airflow/example_dags/example_skip_dag.py
[2026-03-15T18:05:06.444+0000] {processor.py:830} INFO - Processing file /home/airflow/.local/lib/python3.11/site-packages/airflow/example_dags/example_skip_dag.py for tasks to queue
[2026-03-15T18:05:06.445+0000] {logging_mixin.py:188} INFO - [2026-03-15T18:05:06.445+0000] {dagbag.py:540} INFO - Filling up the DagBag from /home/airflow/.local/lib/python3.11/site-packages/airflow/example_dags/example_skip_dag.py
[2026-03-15T18:05:06.451+0000] {processor.py:840} INFO - DAG(s) 'example_skip_dag' retrieved from /home/airflow/.local/lib/python3.11/site-packages/airflow/example_dags/example_skip_dag.py
[2026-03-15T18:05:06.468+0000] {logging_mixin.py:188} INFO - [2026-03-15T18:05:06.468+0000] {dag.py:3047} INFO - Sync 1 DAGs
[2026-03-15T18:05:06.483+0000] {logging_mixin.py:188} INFO - [2026-03-15T18:05:06.482+0000] {dag.py:3834} INFO - Setting next_dagrun for example_skip_dag to 2026-03-14 00:00:00+00:00, run_after=2026-03-15 00:00:00+00:00
[2026-03-15T18:05:06.495+0000] {processor.py:183} INFO - Processing /home/airflow/.local/lib/python3.11/site-packages/airflow/example_dags/example_skip_dag.py took 0.056 seconds
[2026-03-15T18:05:11.456+0000] {processor.py:161} INFO - Started process (PID=2739) to work on /home/airflow/.local/lib/python3.11/site-packages/airflow/example_dags/example_skip_dag.py
[2026-03-15T18:05:11.456+0000] {processor.py:830} INFO - Processing file /home/airflow/.local/lib/python3.11/site-packages/airflow/example_dags/example_skip_dag.py for tasks to queue
[2026-03-15T18:05:11.458+0000] {logging_mixin.py:188} INFO - [2026-03-15T18:05:11.458+0000] {dagbag.py:540} INFO - Filling up the DagBag from /home/airflow/.local/lib/python3.11/site-packages/airflow/example_dags/example_skip_dag.py
[2026-03-15T18:05:11.463+0000] {processor.py:840} INFO - DAG(s) 'example_skip_dag' retrieved from /home/airflow/.local/lib/python3.11/site-packages/airflow/example_dags/example_skip_dag.py
[2026-03-15T18:05:11.479+0000] {logging_mixin.py:188} INFO - [2026-03-15T18:05:11.478+0000] {dag.py:3047} INFO - Sync 1 DAGs
[2026-03-15T18:05:11.495+0000] {logging_mixin.py:188} INFO - [2026-03-15T18:05:11.495+0000] {dag.py:3834} INFO - Setting next_dagrun for example_skip_dag to 2026-03-14 00:00:00+00:00, run_after=2026-03-15 00:00:00+00:00
[2026-03-15T18:05:11.508+0000] {processor.py:183} INFO - Processing /home/airflow/.local/lib/python3.11/site-packages/airflow/example_dags/example_skip_dag.py took 0.055 seconds
[2026-03-15T18:05:16.299+0000] {processor.py:161} INFO - Started process (PID=2783) to work on /home/airflow/.local/lib/python3.11/site-packages/airflow/example_dags/example_skip_dag.py
[2026-03-15T18:05:16.300+0000] {processor.py:830} INFO - Processing file /home/airflow/.local/lib/python3.11/site-packages/airflow/example_dags/example_skip_dag.py for tasks to queue
[2026-03-15T18:05:16.304+0000] {logging_mixin.py:188} INFO - [2026-03-15T18:05:16.304+0000] {dagbag.py:540} INFO - Filling up the DagBag from /home/airflow/.local/lib/python3.11/site-packages/airflow/example_dags/example_skip_dag.py
[2026-03-15T18:05:16.311+0000] {processor.py:840} INFO - DAG(s) 'example_skip_dag' retrieved from /home/airflow/.local/lib/python3.11/site-packages/airflow/example_dags/example_skip_dag.py
[2026-03-15T18:05:16.329+0000] {logging_mixin.py:188} INFO - [2026-03-15T18:05:16.328+0000] {dag.py:3047} INFO - Sync 1 DAGs
[2026-03-15T18:05:16.345+0000] {logging_mixin.py:188} INFO - [2026-03-15T18:05:16.345+0000] {dag.py:3834} INFO - Setting next_dagrun for example_skip_dag to 2026-03-14 00:00:00+00:00, run_after=2026-03-15 00:00:00+00:00
[2026-03-15T18:05:16.359+0000] {processor.py:183} INFO - Processing /home/airflow/.local/lib/python3.11/site-packages/airflow/example_dags/example_skip_dag.py took 0.063 seconds
[2026-03-15T18:05:13.309+0000] {processor.py:161} INFO - Started process (PID=2884) to work on /home/airflow/.local/lib/python3.11/site-packages/airflow/example_dags/example_skip_dag.py
[2026-03-15T18:05:13.310+0000] {processor.py:830} INFO - Processing file /home/airflow/.local/lib/python3.11/site-packages/airflow/example_dags/example_skip_dag.py for tasks to queue
[2026-03-15T18:05:13.312+0000] {logging_mixin.py:188} INFO - [2026-03-15T18:05:13.312+0000] {dagbag.py:540} INFO - Filling up the DagBag from /home/airflow/.local/lib/python3.11/site-packages/airflow/example_dags/example_skip_dag.py
[2026-03-15T18:05:13.318+0000] {processor.py:840} INFO - DAG(s) 'example_skip_dag' retrieved from /home/airflow/.local/lib/python3.11/site-packages/airflow/example_dags/example_skip_dag.py
[2026-03-15T18:05:13.334+0000] {logging_mixin.py:188} INFO - [2026-03-15T18:05:13.334+0000] {dag.py:3047} INFO - Sync 1 DAGs
[2026-03-15T18:05:13.352+0000] {logging_mixin.py:188} INFO - [2026-03-15T18:05:13.352+0000] {dag.py:3834} INFO - Setting next_dagrun for example_skip_dag to 2026-03-14 00:00:00+00:00, run_after=2026-03-15 00:00:00+00:00
[2026-03-15T18:05:13.393+0000] {processor.py:183} INFO - Processing /home/airflow/.local/lib/python3.11/site-packages/airflow/example_dags/example_skip_dag.py took 0.086 seconds
[2026-03-15T18:06:32.392+0000] {processor.py:161} INFO - Started process (PID=2938) to work on /home/airflow/.local/lib/python3.11/site-packages/airflow/example_dags/example_skip_dag.py
[2026-03-15T18:06:32.393+0000] {processor.py:830} INFO - Processing file /home/airflow/.local/lib/python3.11/site-packages/airflow/example_dags/example_skip_dag.py for tasks to queue
[2026-03-15T18:06:32.395+0000] {logging_mixin.py:188} INFO - [2026-03-15T18:06:32.395+0000] {dagbag.py:540} INFO - Filling up the DagBag from /home/airflow/.local/lib/python3.11/site-packages/airflow/example_dags/example_skip_dag.py
[2026-03-15T18:06:32.401+0000] {processor.py:840} INFO - DAG(s) 'example_skip_dag' retrieved from /home/airflow/.local/lib/python3.11/site-packages/airflow/example_dags/example_skip_dag.py
[2026-03-15T18:06:32.418+0000] {logging_mixin.py:188} INFO - [2026-03-15T18:06:32.418+0000] {dag.py:3047} INFO - Sync 1 DAGs
[2026-03-15T18:06:32.433+0000] {logging_mixin.py:188} INFO - [2026-03-15T18:06:32.433+0000] {dag.py:3834} INFO - Setting next_dagrun for example_skip_dag to 2026-03-14 00:00:00+00:00, run_after=2026-03-15 00:00:00+00:00
[2026-03-15T18:06:32.446+0000] {processor.py:183} INFO - Processing /home/airflow/.local/lib/python3.11/site-packages/airflow/example_dags/example_skip_dag.py took 0.058 seconds
[2026-03-15T18:06:17.586+0000] {processor.py:161} INFO - Started process (PID=3038) to work on /home/airflow/.local/lib/python3.11/site-packages/airflow/example_dags/example_skip_dag.py
[2026-03-15T18:06:17.587+0000] {processor.py:830} INFO - Processing file /home/airflow/.local/lib/python3.11/site-packages/airflow/example_dags/example_skip_dag.py for tasks to queue
[2026-03-15T18:06:17.589+0000] {logging_mixin.py:188} INFO - [2026-03-15T18:06:17.588+0000] {dagbag.py:540} INFO - Filling up the DagBag from /home/airflow/.local/lib/python3.11/site-packages/airflow/example_dags/example_skip_dag.py
[2026-03-15T18:06:17.594+0000] {processor.py:840} INFO - DAG(s) 'example_skip_dag' retrieved from /home/airflow/.local/lib/python3.11/site-packages/airflow/example_dags/example_skip_dag.py
[2026-03-15T18:06:17.611+0000] {logging_mixin.py:188} INFO - [2026-03-15T18:06:17.611+0000] {dag.py:3047} INFO - Sync 1 DAGs
[2026-03-15T18:06:17.628+0000] {logging_mixin.py:188} INFO - [2026-03-15T18:06:17.628+0000] {dag.py:3834} INFO - Setting next_dagrun for example_skip_dag to 2026-03-14 00:00:00+00:00, run_after=2026-03-15 00:00:00+00:00
[2026-03-15T18:06:17.644+0000] {processor.py:183} INFO - Processing /home/airflow/.local/lib/python3.11/site-packages/airflow/example_dags/example_skip_dag.py took 0.061 seconds
[2026-03-15T18:06:22.629+0000] {processor.py:161} INFO - Started process (PID=3088) to work on /home/airflow/.local/lib/python3.11/site-packages/airflow/example_dags/example_skip_dag.py
[2026-03-15T18:06:22.630+0000] {processor.py:830} INFO - Processing file /home/airflow/.local/lib/python3.11/site-packages/airflow/example_dags/example_skip_dag.py for tasks to queue
[2026-03-15T18:06:22.632+0000] {logging_mixin.py:188} INFO - [2026-03-15T18:06:22.631+0000] {dagbag.py:540} INFO - Filling up the DagBag from /home/airflow/.local/lib/python3.11/site-packages/airflow/example_dags/example_skip_dag.py
[2026-03-15T18:06:22.638+0000] {processor.py:840} INFO - DAG(s) 'example_skip_dag' retrieved from /home/airflow/.local/lib/python3.11/site-packages/airflow/example_dags/example_skip_dag.py
[2026-03-15T18:06:22.655+0000] {logging_mixin.py:188} INFO - [2026-03-15T18:06:22.655+0000] {dag.py:3047} INFO - Sync 1 DAGs
[2026-03-15T18:06:22.670+0000] {logging_mixin.py:188} INFO - [2026-03-15T18:06:22.670+0000] {dag.py:3834} INFO - Setting next_dagrun for example_skip_dag to 2026-03-14 00:00:00+00:00, run_after=2026-03-15 00:00:00+00:00
[2026-03-15T18:06:22.685+0000] {processor.py:183} INFO - Processing /home/airflow/.local/lib/python3.11/site-packages/airflow/example_dags/example_skip_dag.py took 0.060 seconds
[2026-03-15T18:07:16.633+0000] {processor.py:161} INFO - Started process (PID=3136) to work on /home/airflow/.local/lib/python3.11/site-packages/airflow/example_dags/example_skip_dag.py
[2026-03-15T18:07:16.634+0000] {processor.py:830} INFO - Processing file /home/airflow/.local/lib/python3.11/site-packages/airflow/example_dags/example_skip_dag.py for tasks to queue
[2026-03-15T18:07:16.636+0000] {logging_mixin.py:188} INFO - [2026-03-15T18:07:16.636+0000] {dagbag.py:540} INFO - Filling up the DagBag from /home/airflow/.local/lib/python3.11/site-packages/airflow/example_dags/example_skip_dag.py
[2026-03-15T18:07:16.642+0000] {processor.py:840} INFO - DAG(s) 'example_skip_dag' retrieved from /home/airflow/.local/lib/python3.11/site-packages/airflow/example_dags/example_skip_dag.py
[2026-03-15T18:07:16.659+0000] {logging_mixin.py:188} INFO - [2026-03-15T18:07:16.659+0000] {dag.py:3047} INFO - Sync 1 DAGs
[2026-03-15T18:07:16.674+0000] {logging_mixin.py:188} INFO - [2026-03-15T18:07:16.674+0000] {dag.py:3834} INFO - Setting next_dagrun for example_skip_dag to 2026-03-14 00:00:00+00:00, run_after=2026-03-15 00:00:00+00:00
[2026-03-15T18:07:16.689+0000] {processor.py:183} INFO - Processing /home/airflow/.local/lib/python3.11/site-packages/airflow/example_dags/example_skip_dag.py took 0.059 seconds
[2026-03-15T18:07:02.604+0000] {processor.py:161} INFO - Started process (PID=3242) to work on /home/airflow/.local/lib/python3.11/site-packages/airflow/example_dags/example_skip_dag.py
[2026-03-15T18:07:02.605+0000] {processor.py:830} INFO - Processing file /home/airflow/.local/lib/python3.11/site-packages/airflow/example_dags/example_skip_dag.py for tasks to queue
[2026-03-15T18:07:02.606+0000] {logging_mixin.py:188} INFO - [2026-03-15T18:07:02.606+0000] {dagbag.py:540} INFO - Filling up the DagBag from /home/airflow/.local/lib/python3.11/site-packages/airflow/example_dags/example_skip_dag.py
[2026-03-15T18:07:02.613+0000] {processor.py:840} INFO - DAG(s) 'example_skip_dag' retrieved from /home/airflow/.local/lib/python3.11/site-packages/airflow/example_dags/example_skip_dag.py
[2026-03-15T18:07:02.630+0000] {logging_mixin.py:188} INFO - [2026-03-15T18:07:02.630+0000] {dag.py:3047} INFO - Sync 1 DAGs
[2026-03-15T18:07:02.644+0000] {logging_mixin.py:188} INFO - [2026-03-15T18:07:02.644+0000] {dag.py:3834} INFO - Setting next_dagrun for example_skip_dag to 2026-03-14 00:00:00+00:00, run_after=2026-03-15 00:00:00+00:00
[2026-03-15T18:07:02.660+0000] {processor.py:183} INFO - Processing /home/airflow/.local/lib/python3.11/site-packages/airflow/example_dags/example_skip_dag.py took 0.060 seconds
[2026-03-15T18:07:32.974+0000] {processor.py:161} INFO - Started process (PID=3296) to work on /home/airflow/.local/lib/python3.11/site-packages/airflow/example_dags/example_skip_dag.py
[2026-03-15T18:07:32.975+0000] {processor.py:830} INFO - Processing file /home/airflow/.local/lib/python3.11/site-packages/airflow/example_dags/example_skip_dag.py for tasks to queue
[2026-03-15T18:07:32.977+0000] {logging_mixin.py:188} INFO - [2026-03-15T18:07:32.977+0000] {dagbag.py:540} INFO - Filling up the DagBag from /home/airflow/.local/lib/python3.11/site-packages/airflow/example_dags/example_skip_dag.py
[2026-03-15T18:07:32.983+0000] {processor.py:840} INFO - DAG(s) 'example_skip_dag' retrieved from /home/airflow/.local/lib/python3.11/site-packages/airflow/example_dags/example_skip_dag.py
[2026-03-15T18:07:32.999+0000] {logging_mixin.py:188} INFO - [2026-03-15T18:07:32.999+0000] {dag.py:3047} INFO - Sync 1 DAGs
[2026-03-15T18:07:33.013+0000] {logging_mixin.py:188} INFO - [2026-03-15T18:07:33.013+0000] {dag.py:3834} INFO - Setting next_dagrun for example_skip_dag to 2026-03-14 00:00:00+00:00, run_after=2026-03-15 00:00:00+00:00
[2026-03-15T18:07:33.025+0000] {processor.py:183} INFO - Processing /home/airflow/.local/lib/python3.11/site-packages/airflow/example_dags/example_skip_dag.py took 0.054 seconds
[2026-03-15T18:08:03.093+0000] {processor.py:161} INFO - Started process (PID=3350) to work on /home/airflow/.local/lib/python3.11/site-packages/airflow/example_dags/example_skip_dag.py
[2026-03-15T18:08:03.094+0000] {processor.py:830} INFO - Processing file /home/airflow/.local/lib/python3.11/site-packages/airflow/example_dags/example_skip_dag.py for tasks to queue
[2026-03-15T18:08:03.096+0000] {logging_mixin.py:188} INFO - [2026-03-15T18:08:03.096+0000] {dagbag.py:540} INFO - Filling up the DagBag from /home/airflow/.local/lib/python3.11/site-packages/airflow/example_dags/example_skip_dag.py
[2026-03-15T18:08:03.102+0000] {processor.py:840} INFO - DAG(s) 'example_skip_dag' retrieved from /home/airflow/.local/lib/python3.11/site-packages/airflow/example_dags/example_skip_dag.py
[2026-03-15T18:08:03.120+0000] {logging_mixin.py:188} INFO - [2026-03-15T18:08:03.120+0000] {dag.py:3047} INFO - Sync 1 DAGs
[2026-03-15T18:08:03.135+0000] {logging_mixin.py:188} INFO - [2026-03-15T18:08:03.135+0000] {dag.py:3834} INFO - Setting next_dagrun for example_skip_dag to 2026-03-14 00:00:00+00:00, run_after=2026-03-15 00:00:00+00:00
[2026-03-15T18:08:03.149+0000] {processor.py:183} INFO - Processing /home/airflow/.local/lib/python3.11/site-packages/airflow/example_dags/example_skip_dag.py took 0.059 seconds
[2026-03-15T18:08:07.748+0000] {processor.py:161} INFO - Started process (PID=3400) to work on /home/airflow/.local/lib/python3.11/site-packages/airflow/example_dags/example_skip_dag.py
[2026-03-15T18:08:07.749+0000] {processor.py:830} INFO - Processing file /home/airflow/.local/lib/python3.11/site-packages/airflow/example_dags/example_skip_dag.py for tasks to queue
[2026-03-15T18:08:07.751+0000] {logging_mixin.py:188} INFO - [2026-03-15T18:08:07.751+0000] {dagbag.py:540} INFO - Filling up the DagBag from /home/airflow/.local/lib/python3.11/site-packages/airflow/example_dags/example_skip_dag.py
[2026-03-15T18:08:07.757+0000] {processor.py:840} INFO - DAG(s) 'example_skip_dag' retrieved from /home/airflow/.local/lib/python3.11/site-packages/airflow/example_dags/example_skip_dag.py
[2026-03-15T18:08:07.775+0000] {logging_mixin.py:188} INFO - [2026-03-15T18:08:07.775+0000] {dag.py:3047} INFO - Sync 1 DAGs
[2026-03-15T18:08:07.791+0000] {logging_mixin.py:188} INFO - [2026-03-15T18:08:07.791+0000] {dag.py:3834} INFO - Setting next_dagrun for example_skip_dag to 2026-03-14 00:00:00+00:00, run_after=2026-03-15 00:00:00+00:00
[2026-03-15T18:08:07.806+0000] {processor.py:183} INFO - Processing /home/airflow/.local/lib/python3.11/site-packages/airflow/example_dags/example_skip_dag.py took 0.060 seconds
[2026-03-15T18:08:13.372+0000] {processor.py:161} INFO - Started process (PID=3450) to work on /home/airflow/.local/lib/python3.11/site-packages/airflow/example_dags/example_skip_dag.py
[2026-03-15T18:08:13.373+0000] {processor.py:830} INFO - Processing file /home/airflow/.local/lib/python3.11/site-packages/airflow/example_dags/example_skip_dag.py for tasks to queue
[2026-03-15T18:08:13.374+0000] {logging_mixin.py:188} INFO - [2026-03-15T18:08:13.374+0000] {dagbag.py:540} INFO - Filling up the DagBag from /home/airflow/.local/lib/python3.11/site-packages/airflow/example_dags/example_skip_dag.py
[2026-03-15T18:08:13.380+0000] {processor.py:840} INFO - DAG(s) 'example_skip_dag' retrieved from /home/airflow/.local/lib/python3.11/site-packages/airflow/example_dags/example_skip_dag.py
[2026-03-15T18:08:13.396+0000] {logging_mixin.py:188} INFO - [2026-03-15T18:08:13.396+0000] {dag.py:3047} INFO - Sync 1 DAGs
[2026-03-15T18:08:13.412+0000] {logging_mixin.py:188} INFO - [2026-03-15T18:08:13.412+0000] {dag.py:3834} INFO - Setting next_dagrun for example_skip_dag to 2026-03-14 00:00:00+00:00, run_after=2026-03-15 00:00:00+00:00
[2026-03-15T18:08:13.428+0000] {processor.py:183} INFO - Processing /home/airflow/.local/lib/python3.11/site-packages/airflow/example_dags/example_skip_dag.py took 0.059 seconds
[2026-03-15T18:08:43.510+0000] {processor.py:161} INFO - Started process (PID=3506) to work on /home/airflow/.local/lib/python3.11/site-packages/airflow/example_dags/example_skip_dag.py
[2026-03-15T18:08:43.511+0000] {processor.py:830} INFO - Processing file /home/airflow/.local/lib/python3.11/site-packages/airflow/example_dags/example_skip_dag.py for tasks to queue
[2026-03-15T18:08:43.513+0000] {logging_mixin.py:188} INFO - [2026-03-15T18:08:43.513+0000] {dagbag.py:540} INFO - Filling up the DagBag from /home/airflow/.local/lib/python3.11/site-packages/airflow/example_dags/example_skip_dag.py
[2026-03-15T18:08:43.519+0000] {processor.py:840} INFO - DAG(s) 'example_skip_dag' retrieved from /home/airflow/.local/lib/python3.11/site-packages/airflow/example_dags/example_skip_dag.py
[2026-03-15T18:08:43.536+0000] {logging_mixin.py:188} INFO - [2026-03-15T18:08:43.536+0000] {dag.py:3047} INFO - Sync 1 DAGs
[2026-03-15T18:08:43.553+0000] {logging_mixin.py:188} INFO - [2026-03-15T18:08:43.552+0000] {dag.py:3834} INFO - Setting next_dagrun for example_skip_dag to 2026-03-14 00:00:00+00:00, run_after=2026-03-15 00:00:00+00:00
[2026-03-15T18:08:43.567+0000] {processor.py:183} INFO - Processing /home/airflow/.local/lib/python3.11/site-packages/airflow/example_dags/example_skip_dag.py took 0.060 seconds
[2026-03-15T18:10:02.475+0000] {processor.py:161} INFO - Started process (PID=3562) to work on /home/airflow/.local/lib/python3.11/site-packages/airflow/example_dags/example_skip_dag.py
[2026-03-15T18:10:02.476+0000] {processor.py:830} INFO - Processing file /home/airflow/.local/lib/python3.11/site-packages/airflow/example_dags/example_skip_dag.py for tasks to queue
[2026-03-15T18:10:02.478+0000] {logging_mixin.py:188} INFO - [2026-03-15T18:10:02.477+0000] {dagbag.py:540} INFO - Filling up the DagBag from /home/airflow/.local/lib/python3.11/site-packages/airflow/example_dags/example_skip_dag.py
[2026-03-15T18:10:02.483+0000] {processor.py:840} INFO - DAG(s) 'example_skip_dag' retrieved from /home/airflow/.local/lib/python3.11/site-packages/airflow/example_dags/example_skip_dag.py
[2026-03-15T18:10:02.499+0000] {logging_mixin.py:188} INFO - [2026-03-15T18:10:02.499+0000] {dag.py:3047} INFO - Sync 1 DAGs
[2026-03-15T18:10:02.514+0000] {logging_mixin.py:188} INFO - [2026-03-15T18:10:02.514+0000] {dag.py:3834} INFO - Setting next_dagrun for example_skip_dag to 2026-03-14 00:00:00+00:00, run_after=2026-03-15 00:00:00+00:00
[2026-03-15T18:10:02.533+0000] {processor.py:183} INFO - Processing /home/airflow/.local/lib/python3.11/site-packages/airflow/example_dags/example_skip_dag.py took 0.061 seconds
[2026-03-15T18:10:57.589+0000] {processor.py:161} INFO - Started process (PID=3753) to work on /home/airflow/.local/lib/python3.11/site-packages/airflow/example_dags/example_skip_dag.py
[2026-03-15T18:10:57.590+0000] {processor.py:830} INFO - Processing file /home/airflow/.local/lib/python3.11/site-packages/airflow/example_dags/example_skip_dag.py for tasks to queue
[2026-03-15T18:10:57.592+0000] {logging_mixin.py:188} INFO - [2026-03-15T18:10:57.591+0000] {dagbag.py:540} INFO - Filling up the DagBag from /home/airflow/.local/lib/python3.11/site-packages/airflow/example_dags/example_skip_dag.py
[2026-03-15T18:10:57.597+0000] {processor.py:840} INFO - DAG(s) 'example_skip_dag' retrieved from /home/airflow/.local/lib/python3.11/site-packages/airflow/example_dags/example_skip_dag.py
[2026-03-15T18:10:57.613+0000] {logging_mixin.py:188} INFO - [2026-03-15T18:10:57.613+0000] {dag.py:3047} INFO - Sync 1 DAGs
[2026-03-15T18:10:57.627+0000] {logging_mixin.py:188} INFO - [2026-03-15T18:10:57.627+0000] {dag.py:3834} INFO - Setting next_dagrun for example_skip_dag to 2026-03-14 00:00:00+00:00, run_after=2026-03-15 00:00:00+00:00
[2026-03-15T18:10:57.641+0000] {processor.py:183} INFO - Processing /home/airflow/.local/lib/python3.11/site-packages/airflow/example_dags/example_skip_dag.py took 0.054 seconds
[2026-03-15T18:11:27.914+0000] {processor.py:161} INFO - Started process (PID=3809) to work on /home/airflow/.local/lib/python3.11/site-packages/airflow/example_dags/example_skip_dag.py
[2026-03-15T18:11:27.915+0000] {processor.py:830} INFO - Processing file /home/airflow/.local/lib/python3.11/site-packages/airflow/example_dags/example_skip_dag.py for tasks to queue
[2026-03-15T18:11:27.917+0000] {logging_mixin.py:188} INFO - [2026-03-15T18:11:27.916+0000] {dagbag.py:540} INFO - Filling up the DagBag from /home/airflow/.local/lib/python3.11/site-packages/airflow/example_dags/example_skip_dag.py
[2026-03-15T18:11:27.922+0000] {processor.py:840} INFO - DAG(s) 'example_skip_dag' retrieved from /home/airflow/.local/lib/python3.11/site-packages/airflow/example_dags/example_skip_dag.py
[2026-03-15T18:11:27.938+0000] {logging_mixin.py:188} INFO - [2026-03-15T18:11:27.937+0000] {dag.py:3047} INFO - Sync 1 DAGs
[2026-03-15T18:11:27.952+0000] {logging_mixin.py:188} INFO - [2026-03-15T18:11:27.952+0000] {dag.py:3834} INFO - Setting next_dagrun for example_skip_dag to 2026-03-14 00:00:00+00:00, run_after=2026-03-15 00:00:00+00:00
[2026-03-15T18:11:27.966+0000] {processor.py:183} INFO - Processing /home/airflow/.local/lib/python3.11/site-packages/airflow/example_dags/example_skip_dag.py took 0.055 seconds
[2026-03-15T18:11:28.535+0000] {processor.py:161} INFO - Started process (PID=42) to work on /home/airflow/.local/lib/python3.11/site-packages/airflow/example_dags/example_skip_dag.py
[2026-03-15T18:11:28.536+0000] {processor.py:830} INFO - Processing file /home/airflow/.local/lib/python3.11/site-packages/airflow/example_dags/example_skip_dag.py for tasks to queue
[2026-03-15T18:11:28.538+0000] {logging_mixin.py:188} INFO - [2026-03-15T18:11:28.538+0000] {dagbag.py:540} INFO - Filling up the DagBag from /home/airflow/.local/lib/python3.11/site-packages/airflow/example_dags/example_skip_dag.py
[2026-03-15T18:11:28.551+0000] {processor.py:840} INFO - DAG(s) 'example_skip_dag' retrieved from /home/airflow/.local/lib/python3.11/site-packages/airflow/example_dags/example_skip_dag.py
[2026-03-15T18:11:28.566+0000] {logging_mixin.py:188} INFO - [2026-03-15T18:11:28.566+0000] {dag.py:3047} INFO - Sync 1 DAGs
[2026-03-15T18:11:28.592+0000] {logging_mixin.py:188} INFO - [2026-03-15T18:11:28.592+0000] {dag.py:3834} INFO - Setting next_dagrun for example_skip_dag to 2026-03-14 00:00:00+00:00, run_after=2026-03-15 00:00:00+00:00
[2026-03-15T18:11:28.612+0000] {processor.py:183} INFO - Processing /home/airflow/.local/lib/python3.11/site-packages/airflow/example_dags/example_skip_dag.py took 0.080 seconds
[2026-03-15T18:11:38.253+0000] {processor.py:161} INFO - Started process (PID=92) to work on /home/airflow/.local/lib/python3.11/site-packages/airflow/example_dags/example_skip_dag.py
[2026-03-15T18:11:38.254+0000] {processor.py:830} INFO - Processing file /home/airflow/.local/lib/python3.11/site-packages/airflow/example_dags/example_skip_dag.py for tasks to queue
[2026-03-15T18:11:38.256+0000] {logging_mixin.py:188} INFO - [2026-03-15T18:11:38.255+0000] {dagbag.py:540} INFO - Filling up the DagBag from /home/airflow/.local/lib/python3.11/site-packages/airflow/example_dags/example_skip_dag.py
[2026-03-15T18:11:38.261+0000] {processor.py:840} INFO - DAG(s) 'example_skip_dag' retrieved from /home/airflow/.local/lib/python3.11/site-packages/airflow/example_dags/example_skip_dag.py
[2026-03-15T18:11:38.273+0000] {logging_mixin.py:188} INFO - [2026-03-15T18:11:38.273+0000] {dag.py:3047} INFO - Sync 1 DAGs
[2026-03-15T18:11:38.289+0000] {logging_mixin.py:188} INFO - [2026-03-15T18:11:38.289+0000] {dag.py:3834} INFO - Setting next_dagrun for example_skip_dag to 2026-03-14 00:00:00+00:00, run_after=2026-03-15 00:00:00+00:00
[2026-03-15T18:11:38.303+0000] {processor.py:183} INFO - Processing /home/airflow/.local/lib/python3.11/site-packages/airflow/example_dags/example_skip_dag.py took 0.053 seconds
[2026-03-15T18:12:08.770+0000] {processor.py:161} INFO - Started process (PID=148) to work on /home/airflow/.local/lib/python3.11/site-packages/airflow/example_dags/example_skip_dag.py
[2026-03-15T18:12:08.771+0000] {processor.py:830} INFO - Processing file /home/airflow/.local/lib/python3.11/site-packages/airflow/example_dags/example_skip_dag.py for tasks to queue
[2026-03-15T18:12:08.773+0000] {logging_mixin.py:188} INFO - [2026-03-15T18:12:08.773+0000] {dagbag.py:540} INFO - Filling up the DagBag from /home/airflow/.local/lib/python3.11/site-packages/airflow/example_dags/example_skip_dag.py
[2026-03-15T18:12:08.782+0000] {processor.py:840} INFO - DAG(s) 'example_skip_dag' retrieved from /home/airflow/.local/lib/python3.11/site-packages/airflow/example_dags/example_skip_dag.py
[2026-03-15T18:12:08.877+0000] {logging_mixin.py:188} INFO - [2026-03-15T18:12:08.877+0000] {dag.py:3047} INFO - Sync 1 DAGs
[2026-03-15T18:12:08.892+0000] {logging_mixin.py:188} INFO - [2026-03-15T18:12:08.892+0000] {dag.py:3834} INFO - Setting next_dagrun for example_skip_dag to 2026-03-14 00:00:00+00:00, run_after=2026-03-15 00:00:00+00:00
[2026-03-15T18:12:08.911+0000] {processor.py:183} INFO - Processing /home/airflow/.local/lib/python3.11/site-packages/airflow/example_dags/example_skip_dag.py took 0.143 seconds
[2026-03-15T18:12:16.821+0000] {processor.py:161} INFO - Started process (PID=198) to work on /home/airflow/.local/lib/python3.11/site-packages/airflow/example_dags/example_skip_dag.py
[2026-03-15T18:12:16.821+0000] {processor.py:830} INFO - Processing file /home/airflow/.local/lib/python3.11/site-packages/airflow/example_dags/example_skip_dag.py for tasks to queue
[2026-03-15T18:12:16.824+0000] {logging_mixin.py:188} INFO - [2026-03-15T18:12:16.823+0000] {dagbag.py:540} INFO - Filling up the DagBag from /home/airflow/.local/lib/python3.11/site-packages/airflow/example_dags/example_skip_dag.py
[2026-03-15T18:12:16.829+0000] {processor.py:840} INFO - DAG(s) 'example_skip_dag' retrieved from /home/airflow/.local/lib/python3.11/site-packages/airflow/example_dags/example_skip_dag.py
[2026-03-15T18:12:16.838+0000] {logging_mixin.py:188} INFO - [2026-03-15T18:12:16.838+0000] {dag.py:3047} INFO - Sync 1 DAGs
[2026-03-15T18:12:16.855+0000] {logging_mixin.py:188} INFO - [2026-03-15T18:12:16.854+0000] {dag.py:3834} INFO - Setting next_dagrun for example_skip_dag to 2026-03-14 00:00:00+00:00, run_after=2026-03-15 00:00:00+00:00
[2026-03-15T18:12:16.875+0000] {processor.py:183} INFO - Processing /home/airflow/.local/lib/python3.11/site-packages/airflow/example_dags/example_skip_dag.py took 0.057 seconds
[2026-03-15T18:13:12.314+0000] {processor.py:161} INFO - Started process (PID=253) to work on /home/airflow/.local/lib/python3.11/site-packages/airflow/example_dags/example_skip_dag.py
[2026-03-15T18:13:12.315+0000] {processor.py:830} INFO - Processing file /home/airflow/.local/lib/python3.11/site-packages/airflow/example_dags/example_skip_dag.py for tasks to queue
[2026-03-15T18:13:12.317+0000] {logging_mixin.py:188} INFO - [2026-03-15T18:13:12.317+0000] {dagbag.py:540} INFO - Filling up the DagBag from /home/airflow/.local/lib/python3.11/site-packages/airflow/example_dags/example_skip_dag.py
[2026-03-15T18:13:12.323+0000] {processor.py:840} INFO - DAG(s) 'example_skip_dag' retrieved from /home/airflow/.local/lib/python3.11/site-packages/airflow/example_dags/example_skip_dag.py
[2026-03-15T18:13:12.339+0000] {logging_mixin.py:188} INFO - [2026-03-15T18:13:12.339+0000] {dag.py:3047} INFO - Sync 1 DAGs
[2026-03-15T18:13:12.354+0000] {logging_mixin.py:188} INFO - [2026-03-15T18:13:12.354+0000] {dag.py:3834} INFO - Setting next_dagrun for example_skip_dag to 2026-03-14 00:00:00+00:00, run_after=2026-03-15 00:00:00+00:00
[2026-03-15T18:12:23.206+0000] {processor.py:183} INFO - Processing /home/airflow/.local/lib/python3.11/site-packages/airflow/example_dags/example_skip_dag.py took 0.058 seconds
[2026-03-15T18:13:17.198+0000] {processor.py:161} INFO - Started process (PID=293) to work on /home/airflow/.local/lib/python3.11/site-packages/airflow/example_dags/example_skip_dag.py
[2026-03-15T18:13:17.204+0000] {processor.py:830} INFO - Processing file /home/airflow/.local/lib/python3.11/site-packages/airflow/example_dags/example_skip_dag.py for tasks to queue
[2026-03-15T18:13:17.207+0000] {logging_mixin.py:188} INFO - [2026-03-15T18:13:17.206+0000] {dagbag.py:540} INFO - Filling up the DagBag from /home/airflow/.local/lib/python3.11/site-packages/airflow/example_dags/example_skip_dag.py
[2026-03-15T18:13:17.214+0000] {processor.py:840} INFO - DAG(s) 'example_skip_dag' retrieved from /home/airflow/.local/lib/python3.11/site-packages/airflow/example_dags/example_skip_dag.py
[2026-03-15T18:13:17.259+0000] {logging_mixin.py:188} INFO - [2026-03-15T18:13:17.259+0000] {dag.py:3047} INFO - Sync 1 DAGs
[2026-03-15T18:13:17.288+0000] {logging_mixin.py:188} INFO - [2026-03-15T18:13:17.288+0000] {dag.py:3834} INFO - Setting next_dagrun for example_skip_dag to 2026-03-14 00:00:00+00:00, run_after=2026-03-15 00:00:00+00:00
[2026-03-15T18:12:28.125+0000] {processor.py:183} INFO - Processing /home/airflow/.local/lib/python3.11/site-packages/airflow/example_dags/example_skip_dag.py took 0.121 seconds
[2026-03-15T18:13:22.181+0000] {processor.py:161} INFO - Started process (PID=333) to work on /home/airflow/.local/lib/python3.11/site-packages/airflow/example_dags/example_skip_dag.py
[2026-03-15T18:13:22.182+0000] {processor.py:830} INFO - Processing file /home/airflow/.local/lib/python3.11/site-packages/airflow/example_dags/example_skip_dag.py for tasks to queue
[2026-03-15T18:13:22.186+0000] {logging_mixin.py:188} INFO - [2026-03-15T18:13:22.186+0000] {dagbag.py:540} INFO - Filling up the DagBag from /home/airflow/.local/lib/python3.11/site-packages/airflow/example_dags/example_skip_dag.py
[2026-03-15T18:13:22.193+0000] {processor.py:840} INFO - DAG(s) 'example_skip_dag' retrieved from /home/airflow/.local/lib/python3.11/site-packages/airflow/example_dags/example_skip_dag.py
[2026-03-15T18:13:22.212+0000] {logging_mixin.py:188} INFO - [2026-03-15T18:13:22.212+0000] {dag.py:3047} INFO - Sync 1 DAGs
[2026-03-15T18:13:22.229+0000] {logging_mixin.py:188} INFO - [2026-03-15T18:13:22.229+0000] {dag.py:3834} INFO - Setting next_dagrun for example_skip_dag to 2026-03-14 00:00:00+00:00, run_after=2026-03-15 00:00:00+00:00
[2026-03-15T18:13:22.246+0000] {processor.py:183} INFO - Processing /home/airflow/.local/lib/python3.11/site-packages/airflow/example_dags/example_skip_dag.py took 0.068 seconds
[2026-03-15T18:13:16.960+0000] {processor.py:161} INFO - Started process (PID=464) to work on /home/airflow/.local/lib/python3.11/site-packages/airflow/example_dags/example_skip_dag.py
[2026-03-15T18:13:16.961+0000] {processor.py:830} INFO - Processing file /home/airflow/.local/lib/python3.11/site-packages/airflow/example_dags/example_skip_dag.py for tasks to queue
[2026-03-15T18:13:16.963+0000] {logging_mixin.py:188} INFO - [2026-03-15T18:13:16.963+0000] {dagbag.py:540} INFO - Filling up the DagBag from /home/airflow/.local/lib/python3.11/site-packages/airflow/example_dags/example_skip_dag.py
[2026-03-15T18:13:16.968+0000] {processor.py:840} INFO - DAG(s) 'example_skip_dag' retrieved from /home/airflow/.local/lib/python3.11/site-packages/airflow/example_dags/example_skip_dag.py
[2026-03-15T18:13:16.984+0000] {logging_mixin.py:188} INFO - [2026-03-15T18:13:16.984+0000] {dag.py:3047} INFO - Sync 1 DAGs
[2026-03-15T18:13:16.999+0000] {logging_mixin.py:188} INFO - [2026-03-15T18:13:16.999+0000] {dag.py:3834} INFO - Setting next_dagrun for example_skip_dag to 2026-03-14 00:00:00+00:00, run_after=2026-03-15 00:00:00+00:00
[2026-03-15T18:13:17.016+0000] {processor.py:183} INFO - Processing /home/airflow/.local/lib/python3.11/site-packages/airflow/example_dags/example_skip_dag.py took 0.059 seconds
[2026-03-15T18:13:23.331+0000] {processor.py:161} INFO - Started process (PID=509) to work on /home/airflow/.local/lib/python3.11/site-packages/airflow/example_dags/example_skip_dag.py
[2026-03-15T18:13:23.332+0000] {processor.py:830} INFO - Processing file /home/airflow/.local/lib/python3.11/site-packages/airflow/example_dags/example_skip_dag.py for tasks to queue
[2026-03-15T18:13:23.334+0000] {logging_mixin.py:188} INFO - [2026-03-15T18:13:23.334+0000] {dagbag.py:540} INFO - Filling up the DagBag from /home/airflow/.local/lib/python3.11/site-packages/airflow/example_dags/example_skip_dag.py
[2026-03-15T18:13:23.340+0000] {processor.py:840} INFO - DAG(s) 'example_skip_dag' retrieved from /home/airflow/.local/lib/python3.11/site-packages/airflow/example_dags/example_skip_dag.py
[2026-03-15T18:13:23.357+0000] {logging_mixin.py:188} INFO - [2026-03-15T18:13:23.357+0000] {dag.py:3047} INFO - Sync 1 DAGs
[2026-03-15T18:13:23.376+0000] {logging_mixin.py:188} INFO - [2026-03-15T18:13:23.376+0000] {dag.py:3834} INFO - Setting next_dagrun for example_skip_dag to 2026-03-14 00:00:00+00:00, run_after=2026-03-15 00:00:00+00:00
[2026-03-15T18:13:23.400+0000] {processor.py:183} INFO - Processing /home/airflow/.local/lib/python3.11/site-packages/airflow/example_dags/example_skip_dag.py took 0.072 seconds
[2026-03-15T18:14:17.335+0000] {processor.py:161} INFO - Started process (PID=549) to work on /home/airflow/.local/lib/python3.11/site-packages/airflow/example_dags/example_skip_dag.py
[2026-03-15T18:14:17.336+0000] {processor.py:830} INFO - Processing file /home/airflow/.local/lib/python3.11/site-packages/airflow/example_dags/example_skip_dag.py for tasks to queue
[2026-03-15T18:14:17.338+0000] {logging_mixin.py:188} INFO - [2026-03-15T18:14:17.337+0000] {dagbag.py:540} INFO - Filling up the DagBag from /home/airflow/.local/lib/python3.11/site-packages/airflow/example_dags/example_skip_dag.py
[2026-03-15T18:14:17.343+0000] {processor.py:840} INFO - DAG(s) 'example_skip_dag' retrieved from /home/airflow/.local/lib/python3.11/site-packages/airflow/example_dags/example_skip_dag.py
[2026-03-15T18:14:17.360+0000] {logging_mixin.py:188} INFO - [2026-03-15T18:14:17.360+0000] {dag.py:3047} INFO - Sync 1 DAGs
[2026-03-15T18:14:17.377+0000] {logging_mixin.py:188} INFO - [2026-03-15T18:14:17.377+0000] {dag.py:3834} INFO - Setting next_dagrun for example_skip_dag to 2026-03-14 00:00:00+00:00, run_after=2026-03-15 00:00:00+00:00
[2026-03-15T18:14:17.396+0000] {processor.py:183} INFO - Processing /home/airflow/.local/lib/python3.11/site-packages/airflow/example_dags/example_skip_dag.py took 0.063 seconds
[2026-03-15T18:14:52.490+0000] {processor.py:161} INFO - Started process (PID=636) to work on /home/airflow/.local/lib/python3.11/site-packages/airflow/example_dags/example_skip_dag.py
[2026-03-15T18:14:52.491+0000] {processor.py:830} INFO - Processing file /home/airflow/.local/lib/python3.11/site-packages/airflow/example_dags/example_skip_dag.py for tasks to queue
[2026-03-15T18:14:03.305+0000] {logging_mixin.py:188} INFO - [2026-03-15T18:14:03.305+0000] {dagbag.py:540} INFO - Filling up the DagBag from /home/airflow/.local/lib/python3.11/site-packages/airflow/example_dags/example_skip_dag.py
[2026-03-15T18:14:03.311+0000] {processor.py:840} INFO - DAG(s) 'example_skip_dag' retrieved from /home/airflow/.local/lib/python3.11/site-packages/airflow/example_dags/example_skip_dag.py
[2026-03-15T18:14:03.327+0000] {logging_mixin.py:188} INFO - [2026-03-15T18:14:03.327+0000] {dag.py:3047} INFO - Sync 1 DAGs
[2026-03-15T18:14:03.343+0000] {logging_mixin.py:188} INFO - [2026-03-15T18:14:03.343+0000] {dag.py:3834} INFO - Setting next_dagrun for example_skip_dag to 2026-03-14 00:00:00+00:00, run_after=2026-03-15 00:00:00+00:00
[2026-03-15T18:14:03.359+0000] {processor.py:183} INFO - Processing /home/airflow/.local/lib/python3.11/site-packages/airflow/example_dags/example_skip_dag.py took 0.059 seconds
[2026-03-15T18:14:57.495+0000] {processor.py:161} INFO - Started process (PID=681) to work on /home/airflow/.local/lib/python3.11/site-packages/airflow/example_dags/example_skip_dag.py
[2026-03-15T18:14:57.496+0000] {processor.py:830} INFO - Processing file /home/airflow/.local/lib/python3.11/site-packages/airflow/example_dags/example_skip_dag.py for tasks to queue
[2026-03-15T18:14:57.498+0000] {logging_mixin.py:188} INFO - [2026-03-15T18:14:57.497+0000] {dagbag.py:540} INFO - Filling up the DagBag from /home/airflow/.local/lib/python3.11/site-packages/airflow/example_dags/example_skip_dag.py
[2026-03-15T18:14:57.503+0000] {processor.py:840} INFO - DAG(s) 'example_skip_dag' retrieved from /home/airflow/.local/lib/python3.11/site-packages/airflow/example_dags/example_skip_dag.py
[2026-03-15T18:14:08.331+0000] {logging_mixin.py:188} INFO - [2026-03-15T18:14:08.331+0000] {dag.py:3047} INFO - Sync 1 DAGs
[2026-03-15T18:14:08.346+0000] {logging_mixin.py:188} INFO - [2026-03-15T18:14:08.346+0000] {dag.py:3834} INFO - Setting next_dagrun for example_skip_dag to 2026-03-14 00:00:00+00:00, run_after=2026-03-15 00:00:00+00:00
[2026-03-15T18:14:08.363+0000] {processor.py:183} INFO - Processing /home/airflow/.local/lib/python3.11/site-packages/airflow/example_dags/example_skip_dag.py took 0.060 seconds
[2026-03-15T18:14:23.436+0000] {processor.py:161} INFO - Started process (PID=734) to work on /home/airflow/.local/lib/python3.11/site-packages/airflow/example_dags/example_skip_dag.py
[2026-03-15T18:14:23.437+0000] {processor.py:830} INFO - Processing file /home/airflow/.local/lib/python3.11/site-packages/airflow/example_dags/example_skip_dag.py for tasks to queue
[2026-03-15T18:14:23.439+0000] {logging_mixin.py:188} INFO - [2026-03-15T18:14:23.439+0000] {dagbag.py:540} INFO - Filling up the DagBag from /home/airflow/.local/lib/python3.11/site-packages/airflow/example_dags/example_skip_dag.py
[2026-03-15T18:14:23.446+0000] {processor.py:840} INFO - DAG(s) 'example_skip_dag' retrieved from /home/airflow/.local/lib/python3.11/site-packages/airflow/example_dags/example_skip_dag.py
[2026-03-15T18:14:23.464+0000] {logging_mixin.py:188} INFO - [2026-03-15T18:14:23.464+0000] {dag.py:3047} INFO - Sync 1 DAGs
[2026-03-15T18:14:23.484+0000] {logging_mixin.py:188} INFO - [2026-03-15T18:14:23.483+0000] {dag.py:3834} INFO - Setting next_dagrun for example_skip_dag to 2026-03-14 00:00:00+00:00, run_after=2026-03-15 00:00:00+00:00
[2026-03-15T18:14:23.502+0000] {processor.py:183} INFO - Processing /home/airflow/.local/lib/python3.11/site-packages/airflow/example_dags/example_skip_dag.py took 0.069 seconds
[2026-03-15T18:15:17.445+0000] {processor.py:161} INFO - Started process (PID=781) to work on /home/airflow/.local/lib/python3.11/site-packages/airflow/example_dags/example_skip_dag.py
[2026-03-15T18:15:17.446+0000] {processor.py:830} INFO - Processing file /home/airflow/.local/lib/python3.11/site-packages/airflow/example_dags/example_skip_dag.py for tasks to queue
[2026-03-15T18:15:17.448+0000] {logging_mixin.py:188} INFO - [2026-03-15T18:15:17.447+0000] {dagbag.py:540} INFO - Filling up the DagBag from /home/airflow/.local/lib/python3.11/site-packages/airflow/example_dags/example_skip_dag.py
[2026-03-15T18:15:17.454+0000] {processor.py:840} INFO - DAG(s) 'example_skip_dag' retrieved from /home/airflow/.local/lib/python3.11/site-packages/airflow/example_dags/example_skip_dag.py
[2026-03-15T18:15:17.472+0000] {logging_mixin.py:188} INFO - [2026-03-15T18:15:17.472+0000] {dag.py:3047} INFO - Sync 1 DAGs
[2026-03-15T18:15:17.489+0000] {logging_mixin.py:188} INFO - [2026-03-15T18:15:17.489+0000] {dag.py:3834} INFO - Setting next_dagrun for example_skip_dag to 2026-03-14 00:00:00+00:00, run_after=2026-03-15 00:00:00+00:00
[2026-03-15T18:15:17.507+0000] {processor.py:183} INFO - Processing /home/airflow/.local/lib/python3.11/site-packages/airflow/example_dags/example_skip_dag.py took 0.064 seconds
[2026-03-15T18:19:51.391+0000] {processor.py:161} INFO - Started process (PID=54) to work on /home/airflow/.local/lib/python3.11/site-packages/airflow/example_dags/example_skip_dag.py
[2026-03-15T18:19:51.393+0000] {processor.py:830} INFO - Processing file /home/airflow/.local/lib/python3.11/site-packages/airflow/example_dags/example_skip_dag.py for tasks to queue
[2026-03-15T18:19:51.396+0000] {logging_mixin.py:188} INFO - [2026-03-15T18:19:51.395+0000] {dagbag.py:540} INFO - Filling up the DagBag from /home/airflow/.local/lib/python3.11/site-packages/airflow/example_dags/example_skip_dag.py
[2026-03-15T18:19:51.408+0000] {processor.py:840} INFO - DAG(s) 'example_skip_dag' retrieved from /home/airflow/.local/lib/python3.11/site-packages/airflow/example_dags/example_skip_dag.py
[2026-03-15T18:19:51.424+0000] {logging_mixin.py:188} INFO - [2026-03-15T18:19:51.424+0000] {dag.py:3047} INFO - Sync 1 DAGs
[2026-03-15T18:19:51.452+0000] {logging_mixin.py:188} INFO - [2026-03-15T18:19:51.452+0000] {dag.py:3834} INFO - Setting next_dagrun for example_skip_dag to 2026-03-14 00:00:00+00:00, run_after=2026-03-15 00:00:00+00:00
[2026-03-15T18:19:51.479+0000] {processor.py:183} INFO - Processing /home/airflow/.local/lib/python3.11/site-packages/airflow/example_dags/example_skip_dag.py took 0.093 seconds
[2026-03-15T18:19:59.124+0000] {processor.py:161} INFO - Started process (PID=110) to work on /home/airflow/.local/lib/python3.11/site-packages/airflow/example_dags/example_skip_dag.py
[2026-03-15T18:19:59.125+0000] {processor.py:830} INFO - Processing file /home/airflow/.local/lib/python3.11/site-packages/airflow/example_dags/example_skip_dag.py for tasks to queue
[2026-03-15T18:19:59.127+0000] {logging_mixin.py:188} INFO - [2026-03-15T18:19:59.127+0000] {dagbag.py:540} INFO - Filling up the DagBag from /home/airflow/.local/lib/python3.11/site-packages/airflow/example_dags/example_skip_dag.py
[2026-03-15T18:19:59.132+0000] {processor.py:840} INFO - DAG(s) 'example_skip_dag' retrieved from /home/airflow/.local/lib/python3.11/site-packages/airflow/example_dags/example_skip_dag.py
[2026-03-15T18:19:59.143+0000] {logging_mixin.py:188} INFO - [2026-03-15T18:19:59.143+0000] {dag.py:3047} INFO - Sync 1 DAGs
[2026-03-15T18:19:59.163+0000] {logging_mixin.py:188} INFO - [2026-03-15T18:19:59.163+0000] {dag.py:3834} INFO - Setting next_dagrun for example_skip_dag to 2026-03-14 00:00:00+00:00, run_after=2026-03-15 00:00:00+00:00
[2026-03-15T18:19:59.178+0000] {processor.py:183} INFO - Processing /home/airflow/.local/lib/python3.11/site-packages/airflow/example_dags/example_skip_dag.py took 0.056 seconds
[2026-03-15T18:20:16.935+0000] {processor.py:161} INFO - Started process (PID=159) to work on /home/airflow/.local/lib/python3.11/site-packages/airflow/example_dags/example_skip_dag.py
[2026-03-15T18:20:16.936+0000] {processor.py:830} INFO - Processing file /home/airflow/.local/lib/python3.11/site-packages/airflow/example_dags/example_skip_dag.py for tasks to queue
[2026-03-15T18:20:16.938+0000] {logging_mixin.py:188} INFO - [2026-03-15T18:20:16.938+0000] {dagbag.py:540} INFO - Filling up the DagBag from /home/airflow/.local/lib/python3.11/site-packages/airflow/example_dags/example_skip_dag.py
[2026-03-15T18:20:16.945+0000] {processor.py:840} INFO - DAG(s) 'example_skip_dag' retrieved from /home/airflow/.local/lib/python3.11/site-packages/airflow/example_dags/example_skip_dag.py
[2026-03-15T18:20:17.015+0000] {logging_mixin.py:188} INFO - [2026-03-15T18:20:17.015+0000] {dag.py:3047} INFO - Sync 1 DAGs
[2026-03-15T18:20:17.030+0000] {logging_mixin.py:188} INFO - [2026-03-15T18:20:17.029+0000] {dag.py:3834} INFO - Setting next_dagrun for example_skip_dag to 2026-03-14 00:00:00+00:00, run_after=2026-03-15 00:00:00+00:00
[2026-03-15T18:20:17.044+0000] {processor.py:183} INFO - Processing /home/airflow/.local/lib/python3.11/site-packages/airflow/example_dags/example_skip_dag.py took 0.111 seconds
[2026-03-15T18:20:24.083+0000] {processor.py:161} INFO - Started process (PID=205) to work on /home/airflow/.local/lib/python3.11/site-packages/airflow/example_dags/example_skip_dag.py
[2026-03-15T18:20:24.084+0000] {processor.py:830} INFO - Processing file /home/airflow/.local/lib/python3.11/site-packages/airflow/example_dags/example_skip_dag.py for tasks to queue
[2026-03-15T18:20:24.086+0000] {logging_mixin.py:188} INFO - [2026-03-15T18:20:24.085+0000] {dagbag.py:540} INFO - Filling up the DagBag from /home/airflow/.local/lib/python3.11/site-packages/airflow/example_dags/example_skip_dag.py
[2026-03-15T18:20:24.093+0000] {processor.py:840} INFO - DAG(s) 'example_skip_dag' retrieved from /home/airflow/.local/lib/python3.11/site-packages/airflow/example_dags/example_skip_dag.py
[2026-03-15T18:20:24.103+0000] {logging_mixin.py:188} INFO - [2026-03-15T18:20:24.103+0000] {dag.py:3047} INFO - Sync 1 DAGs
[2026-03-15T18:20:24.119+0000] {logging_mixin.py:188} INFO - [2026-03-15T18:20:24.118+0000] {dag.py:3834} INFO - Setting next_dagrun for example_skip_dag to 2026-03-14 00:00:00+00:00, run_after=2026-03-15 00:00:00+00:00
[2026-03-15T18:20:24.135+0000] {processor.py:183} INFO - Processing /home/airflow/.local/lib/python3.11/site-packages/airflow/example_dags/example_skip_dag.py took 0.055 seconds
[2026-03-15T18:20:54.404+0000] {processor.py:161} INFO - Started process (PID=255) to work on /home/airflow/.local/lib/python3.11/site-packages/airflow/example_dags/example_skip_dag.py
[2026-03-15T18:20:54.405+0000] {processor.py:830} INFO - Processing file /home/airflow/.local/lib/python3.11/site-packages/airflow/example_dags/example_skip_dag.py for tasks to queue
[2026-03-15T18:20:54.407+0000] {logging_mixin.py:188} INFO - [2026-03-15T18:20:54.406+0000] {dagbag.py:540} INFO - Filling up the DagBag from /home/airflow/.local/lib/python3.11/site-packages/airflow/example_dags/example_skip_dag.py
[2026-03-15T18:20:54.412+0000] {processor.py:840} INFO - DAG(s) 'example_skip_dag' retrieved from /home/airflow/.local/lib/python3.11/site-packages/airflow/example_dags/example_skip_dag.py
[2026-03-15T18:20:54.431+0000] {logging_mixin.py:188} INFO - [2026-03-15T18:20:54.431+0000] {dag.py:3047} INFO - Sync 1 DAGs
[2026-03-15T18:20:54.447+0000] {logging_mixin.py:188} INFO - [2026-03-15T18:20:54.447+0000] {dag.py:3834} INFO - Setting next_dagrun for example_skip_dag to 2026-03-14 00:00:00+00:00, run_after=2026-03-15 00:00:00+00:00
[2026-03-15T18:20:54.460+0000] {processor.py:183} INFO - Processing /home/airflow/.local/lib/python3.11/site-packages/airflow/example_dags/example_skip_dag.py took 0.059 seconds
[2026-03-15T18:21:24.530+0000] {processor.py:161} INFO - Started process (PID=305) to work on /home/airflow/.local/lib/python3.11/site-packages/airflow/example_dags/example_skip_dag.py
[2026-03-15T18:21:24.531+0000] {processor.py:830} INFO - Processing file /home/airflow/.local/lib/python3.11/site-packages/airflow/example_dags/example_skip_dag.py for tasks to queue
[2026-03-15T18:21:24.533+0000] {logging_mixin.py:188} INFO - [2026-03-15T18:21:24.533+0000] {dagbag.py:540} INFO - Filling up the DagBag from /home/airflow/.local/lib/python3.11/site-packages/airflow/example_dags/example_skip_dag.py
[2026-03-15T18:21:24.539+0000] {processor.py:840} INFO - DAG(s) 'example_skip_dag' retrieved from /home/airflow/.local/lib/python3.11/site-packages/airflow/example_dags/example_skip_dag.py
[2026-03-15T18:21:24.557+0000] {logging_mixin.py:188} INFO - [2026-03-15T18:21:24.557+0000] {dag.py:3047} INFO - Sync 1 DAGs
[2026-03-15T18:21:24.573+0000] {logging_mixin.py:188} INFO - [2026-03-15T18:21:24.573+0000] {dag.py:3834} INFO - Setting next_dagrun for example_skip_dag to 2026-03-14 00:00:00+00:00, run_after=2026-03-15 00:00:00+00:00
[2026-03-15T18:21:24.590+0000] {processor.py:183} INFO - Processing /home/airflow/.local/lib/python3.11/site-packages/airflow/example_dags/example_skip_dag.py took 0.063 seconds
[2026-03-15T18:22:18.347+0000] {processor.py:161} INFO - Started process (PID=358) to work on /home/airflow/.local/lib/python3.11/site-packages/airflow/example_dags/example_skip_dag.py
[2026-03-15T18:22:18.348+0000] {processor.py:830} INFO - Processing file /home/airflow/.local/lib/python3.11/site-packages/airflow/example_dags/example_skip_dag.py for tasks to queue
[2026-03-15T18:22:18.350+0000] {logging_mixin.py:188} INFO - [2026-03-15T18:22:18.350+0000] {dagbag.py:540} INFO - Filling up the DagBag from /home/airflow/.local/lib/python3.11/site-packages/airflow/example_dags/example_skip_dag.py
[2026-03-15T18:21:29.196+0000] {processor.py:840} INFO - DAG(s) 'example_skip_dag' retrieved from /home/airflow/.local/lib/python3.11/site-packages/airflow/example_dags/example_skip_dag.py
[2026-03-15T18:21:29.215+0000] {logging_mixin.py:188} INFO - [2026-03-15T18:21:29.215+0000] {dag.py:3047} INFO - Sync 1 DAGs
[2026-03-15T18:21:29.232+0000] {logging_mixin.py:188} INFO - [2026-03-15T18:21:29.232+0000] {dag.py:3834} INFO - Setting next_dagrun for example_skip_dag to 2026-03-14 00:00:00+00:00, run_after=2026-03-15 00:00:00+00:00
[2026-03-15T18:21:29.249+0000] {processor.py:183} INFO - Processing /home/airflow/.local/lib/python3.11/site-packages/airflow/example_dags/example_skip_dag.py took 0.066 seconds
[2026-03-15T18:22:35.896+0000] {processor.py:161} INFO - Started process (PID=404) to work on /home/airflow/.local/lib/python3.11/site-packages/airflow/example_dags/example_skip_dag.py
[2026-03-15T18:22:35.901+0000] {processor.py:830} INFO - Processing file /home/airflow/.local/lib/python3.11/site-packages/airflow/example_dags/example_skip_dag.py for tasks to queue
[2026-03-15T18:22:35.906+0000] {logging_mixin.py:188} INFO - [2026-03-15T18:22:35.905+0000] {dagbag.py:540} INFO - Filling up the DagBag from /home/airflow/.local/lib/python3.11/site-packages/airflow/example_dags/example_skip_dag.py
[2026-03-15T18:22:35.917+0000] {processor.py:840} INFO - DAG(s) 'example_skip_dag' retrieved from /home/airflow/.local/lib/python3.11/site-packages/airflow/example_dags/example_skip_dag.py
[2026-03-15T18:22:35.942+0000] {logging_mixin.py:188} INFO - [2026-03-15T18:22:35.942+0000] {dag.py:3047} INFO - Sync 1 DAGs
[2026-03-15T18:22:35.963+0000] {logging_mixin.py:188} INFO - [2026-03-15T18:22:35.963+0000] {dag.py:3834} INFO - Setting next_dagrun for example_skip_dag to 2026-03-14 00:00:00+00:00, run_after=2026-03-15 00:00:00+00:00
[2026-03-15T18:22:35.983+0000] {processor.py:183} INFO - Processing /home/airflow/.local/lib/python3.11/site-packages/airflow/example_dags/example_skip_dag.py took 0.091 seconds
[2026-03-15T18:23:06.693+0000] {processor.py:161} INFO - Started process (PID=672) to work on /home/airflow/.local/lib/python3.11/site-packages/airflow/example_dags/example_skip_dag.py
[2026-03-15T18:23:06.695+0000] {processor.py:830} INFO - Processing file /home/airflow/.local/lib/python3.11/site-packages/airflow/example_dags/example_skip_dag.py for tasks to queue
[2026-03-15T18:23:06.697+0000] {logging_mixin.py:188} INFO - [2026-03-15T18:23:06.697+0000] {dagbag.py:540} INFO - Filling up the DagBag from /home/airflow/.local/lib/python3.11/site-packages/airflow/example_dags/example_skip_dag.py
[2026-03-15T18:23:06.703+0000] {processor.py:840} INFO - DAG(s) 'example_skip_dag' retrieved from /home/airflow/.local/lib/python3.11/site-packages/airflow/example_dags/example_skip_dag.py
[2026-03-15T18:23:06.720+0000] {logging_mixin.py:188} INFO - [2026-03-15T18:23:06.720+0000] {dag.py:3047} INFO - Sync 1 DAGs
[2026-03-15T18:23:06.734+0000] {logging_mixin.py:188} INFO - [2026-03-15T18:23:06.734+0000] {dag.py:3834} INFO - Setting next_dagrun for example_skip_dag to 2026-03-14 00:00:00+00:00, run_after=2026-03-15 00:00:00+00:00
[2026-03-15T18:23:06.747+0000] {processor.py:183} INFO - Processing /home/airflow/.local/lib/python3.11/site-packages/airflow/example_dags/example_skip_dag.py took 0.056 seconds
[2026-03-15T18:24:13.520+0000] {processor.py:161} INFO - Started process (PID=686) to work on /home/airflow/.local/lib/python3.11/site-packages/airflow/example_dags/example_skip_dag.py
[2026-03-15T18:24:13.521+0000] {processor.py:830} INFO - Processing file /home/airflow/.local/lib/python3.11/site-packages/airflow/example_dags/example_skip_dag.py for tasks to queue
[2026-03-15T18:24:13.523+0000] {logging_mixin.py:188} INFO - [2026-03-15T18:24:13.523+0000] {dagbag.py:540} INFO - Filling up the DagBag from /home/airflow/.local/lib/python3.11/site-packages/airflow/example_dags/example_skip_dag.py
[2026-03-15T18:24:13.529+0000] {processor.py:840} INFO - DAG(s) 'example_skip_dag' retrieved from /home/airflow/.local/lib/python3.11/site-packages/airflow/example_dags/example_skip_dag.py
[2026-03-15T18:23:24.380+0000] {logging_mixin.py:188} INFO - [2026-03-15T18:23:24.380+0000] {dag.py:3047} INFO - Sync 1 DAGs
[2026-03-15T18:23:24.397+0000] {logging_mixin.py:188} INFO - [2026-03-15T18:23:24.396+0000] {dag.py:3834} INFO - Setting next_dagrun for example_skip_dag to 2026-03-14 00:00:00+00:00, run_after=2026-03-15 00:00:00+00:00
[2026-03-15T18:23:24.411+0000] {processor.py:183} INFO - Processing /home/airflow/.local/lib/python3.11/site-packages/airflow/example_dags/example_skip_dag.py took 0.061 seconds
[2026-03-15T18:24:18.488+0000] {processor.py:161} INFO - Started process (PID=736) to work on /home/airflow/.local/lib/python3.11/site-packages/airflow/example_dags/example_skip_dag.py
[2026-03-15T18:24:18.490+0000] {processor.py:830} INFO - Processing file /home/airflow/.local/lib/python3.11/site-packages/airflow/example_dags/example_skip_dag.py for tasks to queue
[2026-03-15T18:24:18.492+0000] {logging_mixin.py:188} INFO - [2026-03-15T18:24:18.491+0000] {dagbag.py:540} INFO - Filling up the DagBag from /home/airflow/.local/lib/python3.11/site-packages/airflow/example_dags/example_skip_dag.py
[2026-03-15T18:24:18.498+0000] {processor.py:840} INFO - DAG(s) 'example_skip_dag' retrieved from /home/airflow/.local/lib/python3.11/site-packages/airflow/example_dags/example_skip_dag.py
[2026-03-15T18:24:18.517+0000] {logging_mixin.py:188} INFO - [2026-03-15T18:24:18.517+0000] {dag.py:3047} INFO - Sync 1 DAGs
[2026-03-15T18:24:18.536+0000] {logging_mixin.py:188} INFO - [2026-03-15T18:24:18.536+0000] {dag.py:3834} INFO - Setting next_dagrun for example_skip_dag to 2026-03-14 00:00:00+00:00, run_after=2026-03-15 00:00:00+00:00
[2026-03-15T18:23:29.390+0000] {processor.py:183} INFO - Processing /home/airflow/.local/lib/python3.11/site-packages/airflow/example_dags/example_skip_dag.py took 0.073 seconds
[2026-03-15T18:23:59.581+0000] {processor.py:161} INFO - Started process (PID=786) to work on /home/airflow/.local/lib/python3.11/site-packages/airflow/example_dags/example_skip_dag.py
[2026-03-15T18:23:59.582+0000] {processor.py:830} INFO - Processing file /home/airflow/.local/lib/python3.11/site-packages/airflow/example_dags/example_skip_dag.py for tasks to queue
[2026-03-15T18:23:59.584+0000] {logging_mixin.py:188} INFO - [2026-03-15T18:23:59.584+0000] {dagbag.py:540} INFO - Filling up the DagBag from /home/airflow/.local/lib/python3.11/site-packages/airflow/example_dags/example_skip_dag.py
[2026-03-15T18:23:59.589+0000] {processor.py:840} INFO - DAG(s) 'example_skip_dag' retrieved from /home/airflow/.local/lib/python3.11/site-packages/airflow/example_dags/example_skip_dag.py
[2026-03-15T18:23:59.605+0000] {logging_mixin.py:188} INFO - [2026-03-15T18:23:59.605+0000] {dag.py:3047} INFO - Sync 1 DAGs
[2026-03-15T18:23:59.620+0000] {logging_mixin.py:188} INFO - [2026-03-15T18:23:59.620+0000] {dag.py:3834} INFO - Setting next_dagrun for example_skip_dag to 2026-03-14 00:00:00+00:00, run_after=2026-03-15 00:00:00+00:00
[2026-03-15T18:23:59.635+0000] {processor.py:183} INFO - Processing /home/airflow/.local/lib/python3.11/site-packages/airflow/example_dags/example_skip_dag.py took 0.056 seconds
[2026-03-15T18:24:30.105+0000] {processor.py:161} INFO - Started process (PID=836) to work on /home/airflow/.local/lib/python3.11/site-packages/airflow/example_dags/example_skip_dag.py
[2026-03-15T18:24:30.106+0000] {processor.py:830} INFO - Processing file /home/airflow/.local/lib/python3.11/site-packages/airflow/example_dags/example_skip_dag.py for tasks to queue
[2026-03-15T18:24:30.107+0000] {logging_mixin.py:188} INFO - [2026-03-15T18:24:30.107+0000] {dagbag.py:540} INFO - Filling up the DagBag from /home/airflow/.local/lib/python3.11/site-packages/airflow/example_dags/example_skip_dag.py
[2026-03-15T18:24:30.113+0000] {processor.py:840} INFO - DAG(s) 'example_skip_dag' retrieved from /home/airflow/.local/lib/python3.11/site-packages/airflow/example_dags/example_skip_dag.py
[2026-03-15T18:24:30.130+0000] {logging_mixin.py:188} INFO - [2026-03-15T18:24:30.130+0000] {dag.py:3047} INFO - Sync 1 DAGs
[2026-03-15T18:24:30.146+0000] {logging_mixin.py:188} INFO - [2026-03-15T18:24:30.146+0000] {dag.py:3834} INFO - Setting next_dagrun for example_skip_dag to 2026-03-14 00:00:00+00:00, run_after=2026-03-15 00:00:00+00:00
[2026-03-15T18:24:30.162+0000] {processor.py:183} INFO - Processing /home/airflow/.local/lib/python3.11/site-packages/airflow/example_dags/example_skip_dag.py took 0.060 seconds
[2026-03-15T18:24:34.468+0000] {processor.py:161} INFO - Started process (PID=884) to work on /home/airflow/.local/lib/python3.11/site-packages/airflow/example_dags/example_skip_dag.py
[2026-03-15T18:24:34.469+0000] {processor.py:830} INFO - Processing file /home/airflow/.local/lib/python3.11/site-packages/airflow/example_dags/example_skip_dag.py for tasks to queue
[2026-03-15T18:24:34.471+0000] {logging_mixin.py:188} INFO - [2026-03-15T18:24:34.471+0000] {dagbag.py:540} INFO - Filling up the DagBag from /home/airflow/.local/lib/python3.11/site-packages/airflow/example_dags/example_skip_dag.py
[2026-03-15T18:24:34.478+0000] {processor.py:840} INFO - DAG(s) 'example_skip_dag' retrieved from /home/airflow/.local/lib/python3.11/site-packages/airflow/example_dags/example_skip_dag.py
[2026-03-15T18:24:34.496+0000] {logging_mixin.py:188} INFO - [2026-03-15T18:24:34.496+0000] {dag.py:3047} INFO - Sync 1 DAGs
[2026-03-15T18:24:34.521+0000] {logging_mixin.py:188} INFO - [2026-03-15T18:24:34.521+0000] {dag.py:3834} INFO - Setting next_dagrun for example_skip_dag to 2026-03-14 00:00:00+00:00, run_after=2026-03-15 00:00:00+00:00
[2026-03-15T18:24:34.540+0000] {processor.py:183} INFO - Processing /home/airflow/.local/lib/python3.11/site-packages/airflow/example_dags/example_skip_dag.py took 0.075 seconds
[2026-03-15T18:25:04.591+0000] {processor.py:161} INFO - Started process (PID=937) to work on /home/airflow/.local/lib/python3.11/site-packages/airflow/example_dags/example_skip_dag.py
[2026-03-15T18:25:04.592+0000] {processor.py:830} INFO - Processing file /home/airflow/.local/lib/python3.11/site-packages/airflow/example_dags/example_skip_dag.py for tasks to queue
[2026-03-15T18:25:04.594+0000] {logging_mixin.py:188} INFO - [2026-03-15T18:25:04.593+0000] {dagbag.py:540} INFO - Filling up the DagBag from /home/airflow/.local/lib/python3.11/site-packages/airflow/example_dags/example_skip_dag.py
[2026-03-15T18:25:04.599+0000] {processor.py:840} INFO - DAG(s) 'example_skip_dag' retrieved from /home/airflow/.local/lib/python3.11/site-packages/airflow/example_dags/example_skip_dag.py
[2026-03-15T18:25:04.609+0000] {logging_mixin.py:188} INFO - [2026-03-15T18:25:04.609+0000] {dag.py:3047} INFO - Sync 1 DAGs
[2026-03-15T18:25:04.629+0000] {logging_mixin.py:188} INFO - [2026-03-15T18:25:04.629+0000] {dag.py:3834} INFO - Setting next_dagrun for example_skip_dag to 2026-03-14 00:00:00+00:00, run_after=2026-03-15 00:00:00+00:00
[2026-03-15T18:25:04.646+0000] {processor.py:183} INFO - Processing /home/airflow/.local/lib/python3.11/site-packages/airflow/example_dags/example_skip_dag.py took 0.058 seconds
[2026-03-15T18:25:14.604+0000] {processor.py:161} INFO - Started process (PID=987) to work on /home/airflow/.local/lib/python3.11/site-packages/airflow/example_dags/example_skip_dag.py
[2026-03-15T18:25:14.605+0000] {processor.py:830} INFO - Processing file /home/airflow/.local/lib/python3.11/site-packages/airflow/example_dags/example_skip_dag.py for tasks to queue
[2026-03-15T18:25:14.607+0000] {logging_mixin.py:188} INFO - [2026-03-15T18:25:14.607+0000] {dagbag.py:540} INFO - Filling up the DagBag from /home/airflow/.local/lib/python3.11/site-packages/airflow/example_dags/example_skip_dag.py
[2026-03-15T18:25:14.613+0000] {processor.py:840} INFO - DAG(s) 'example_skip_dag' retrieved from /home/airflow/.local/lib/python3.11/site-packages/airflow/example_dags/example_skip_dag.py
[2026-03-15T18:25:14.680+0000] {logging_mixin.py:188} INFO - [2026-03-15T18:25:14.680+0000] {dag.py:3047} INFO - Sync 1 DAGs
[2026-03-15T18:25:14.693+0000] {logging_mixin.py:188} INFO - [2026-03-15T18:25:14.693+0000] {dag.py:3834} INFO - Setting next_dagrun for example_skip_dag to 2026-03-14 00:00:00+00:00, run_after=2026-03-15 00:00:00+00:00
[2026-03-15T18:25:14.709+0000] {processor.py:183} INFO - Processing /home/airflow/.local/lib/python3.11/site-packages/airflow/example_dags/example_skip_dag.py took 0.107 seconds
[2026-03-15T18:25:19.546+0000] {processor.py:161} INFO - Started process (PID=1035) to work on /home/airflow/.local/lib/python3.11/site-packages/airflow/example_dags/example_skip_dag.py
[2026-03-15T18:25:19.546+0000] {processor.py:830} INFO - Processing file /home/airflow/.local/lib/python3.11/site-packages/airflow/example_dags/example_skip_dag.py for tasks to queue
[2026-03-15T18:25:19.548+0000] {logging_mixin.py:188} INFO - [2026-03-15T18:25:19.548+0000] {dagbag.py:540} INFO - Filling up the DagBag from /home/airflow/.local/lib/python3.11/site-packages/airflow/example_dags/example_skip_dag.py
[2026-03-15T18:25:19.553+0000] {processor.py:840} INFO - DAG(s) 'example_skip_dag' retrieved from /home/airflow/.local/lib/python3.11/site-packages/airflow/example_dags/example_skip_dag.py
[2026-03-15T18:25:19.562+0000] {logging_mixin.py:188} INFO - [2026-03-15T18:25:19.562+0000] {dag.py:3047} INFO - Sync 1 DAGs
[2026-03-15T18:25:19.577+0000] {logging_mixin.py:188} INFO - [2026-03-15T18:25:19.577+0000] {dag.py:3834} INFO - Setting next_dagrun for example_skip_dag to 2026-03-14 00:00:00+00:00, run_after=2026-03-15 00:00:00+00:00
[2026-03-15T18:25:19.593+0000] {processor.py:183} INFO - Processing /home/airflow/.local/lib/python3.11/site-packages/airflow/example_dags/example_skip_dag.py took 0.049 seconds
[2026-03-15T18:25:24.555+0000] {processor.py:161} INFO - Started process (PID=1081) to work on /home/airflow/.local/lib/python3.11/site-packages/airflow/example_dags/example_skip_dag.py
[2026-03-15T18:25:24.556+0000] {processor.py:830} INFO - Processing file /home/airflow/.local/lib/python3.11/site-packages/airflow/example_dags/example_skip_dag.py for tasks to queue
[2026-03-15T18:25:24.558+0000] {logging_mixin.py:188} INFO - [2026-03-15T18:25:24.558+0000] {dagbag.py:540} INFO - Filling up the DagBag from /home/airflow/.local/lib/python3.11/site-packages/airflow/example_dags/example_skip_dag.py
[2026-03-15T18:25:24.564+0000] {processor.py:840} INFO - DAG(s) 'example_skip_dag' retrieved from /home/airflow/.local/lib/python3.11/site-packages/airflow/example_dags/example_skip_dag.py
[2026-03-15T18:25:24.572+0000] {logging_mixin.py:188} INFO - [2026-03-15T18:25:24.572+0000] {dag.py:3047} INFO - Sync 1 DAGs
[2026-03-15T18:25:24.587+0000] {logging_mixin.py:188} INFO - [2026-03-15T18:25:24.587+0000] {dag.py:3834} INFO - Setting next_dagrun for example_skip_dag to 2026-03-14 00:00:00+00:00, run_after=2026-03-15 00:00:00+00:00
[2026-03-15T18:25:24.600+0000] {processor.py:183} INFO - Processing /home/airflow/.local/lib/python3.11/site-packages/airflow/example_dags/example_skip_dag.py took 0.047 seconds
[2026-03-15T18:25:54.708+0000] {processor.py:161} INFO - Started process (PID=1133) to work on /home/airflow/.local/lib/python3.11/site-packages/airflow/example_dags/example_skip_dag.py
[2026-03-15T18:25:54.709+0000] {processor.py:830} INFO - Processing file /home/airflow/.local/lib/python3.11/site-packages/airflow/example_dags/example_skip_dag.py for tasks to queue
[2026-03-15T18:25:54.711+0000] {logging_mixin.py:188} INFO - [2026-03-15T18:25:54.711+0000] {dagbag.py:540} INFO - Filling up the DagBag from /home/airflow/.local/lib/python3.11/site-packages/airflow/example_dags/example_skip_dag.py
[2026-03-15T18:25:54.716+0000] {processor.py:840} INFO - DAG(s) 'example_skip_dag' retrieved from /home/airflow/.local/lib/python3.11/site-packages/airflow/example_dags/example_skip_dag.py
[2026-03-15T18:25:54.731+0000] {logging_mixin.py:188} INFO - [2026-03-15T18:25:54.731+0000] {dag.py:3047} INFO - Sync 1 DAGs
[2026-03-15T18:25:54.745+0000] {logging_mixin.py:188} INFO - [2026-03-15T18:25:54.745+0000] {dag.py:3834} INFO - Setting next_dagrun for example_skip_dag to 2026-03-14 00:00:00+00:00, run_after=2026-03-15 00:00:00+00:00
[2026-03-15T18:25:54.759+0000] {processor.py:183} INFO - Processing /home/airflow/.local/lib/python3.11/site-packages/airflow/example_dags/example_skip_dag.py took 0.053 seconds
[2026-03-15T18:26:16.998+0000] {processor.py:161} INFO - Started process (PID=1187) to work on /home/airflow/.local/lib/python3.11/site-packages/airflow/example_dags/example_skip_dag.py
[2026-03-15T18:26:16.999+0000] {processor.py:830} INFO - Processing file /home/airflow/.local/lib/python3.11/site-packages/airflow/example_dags/example_skip_dag.py for tasks to queue
[2026-03-15T18:26:17.000+0000] {logging_mixin.py:188} INFO - [2026-03-15T18:26:17.000+0000] {dagbag.py:540} INFO - Filling up the DagBag from /home/airflow/.local/lib/python3.11/site-packages/airflow/example_dags/example_skip_dag.py
[2026-03-15T18:26:17.006+0000] {processor.py:840} INFO - DAG(s) 'example_skip_dag' retrieved from /home/airflow/.local/lib/python3.11/site-packages/airflow/example_dags/example_skip_dag.py
[2026-03-15T18:26:17.023+0000] {logging_mixin.py:188} INFO - [2026-03-15T18:26:17.023+0000] {dag.py:3047} INFO - Sync 1 DAGs
[2026-03-15T18:26:17.040+0000] {logging_mixin.py:188} INFO - [2026-03-15T18:26:17.040+0000] {dag.py:3834} INFO - Setting next_dagrun for example_skip_dag to 2026-03-14 00:00:00+00:00, run_after=2026-03-15 00:00:00+00:00
[2026-03-15T18:26:17.057+0000] {processor.py:183} INFO - Processing /home/airflow/.local/lib/python3.11/site-packages/airflow/example_dags/example_skip_dag.py took 0.062 seconds
[2026-03-15T18:26:19.676+0000] {processor.py:161} INFO - Started process (PID=1237) to work on /home/airflow/.local/lib/python3.11/site-packages/airflow/example_dags/example_skip_dag.py
[2026-03-15T18:26:19.677+0000] {processor.py:830} INFO - Processing file /home/airflow/.local/lib/python3.11/site-packages/airflow/example_dags/example_skip_dag.py for tasks to queue
[2026-03-15T18:26:19.679+0000] {logging_mixin.py:188} INFO - [2026-03-15T18:26:19.679+0000] {dagbag.py:540} INFO - Filling up the DagBag from /home/airflow/.local/lib/python3.11/site-packages/airflow/example_dags/example_skip_dag.py
[2026-03-15T18:26:19.684+0000] {processor.py:840} INFO - DAG(s) 'example_skip_dag' retrieved from /home/airflow/.local/lib/python3.11/site-packages/airflow/example_dags/example_skip_dag.py
[2026-03-15T18:26:19.700+0000] {logging_mixin.py:188} INFO - [2026-03-15T18:26:19.699+0000] {dag.py:3047} INFO - Sync 1 DAGs
[2026-03-15T18:26:19.713+0000] {logging_mixin.py:188} INFO - [2026-03-15T18:26:19.713+0000] {dag.py:3834} INFO - Setting next_dagrun for example_skip_dag to 2026-03-14 00:00:00+00:00, run_after=2026-03-15 00:00:00+00:00
[2026-03-15T18:26:19.727+0000] {processor.py:183} INFO - Processing /home/airflow/.local/lib/python3.11/site-packages/airflow/example_dags/example_skip_dag.py took 0.054 seconds
[2026-03-15T18:26:34.778+0000] {processor.py:161} INFO - Started process (PID=1289) to work on /home/airflow/.local/lib/python3.11/site-packages/airflow/example_dags/example_skip_dag.py
[2026-03-15T18:26:34.779+0000] {processor.py:830} INFO - Processing file /home/airflow/.local/lib/python3.11/site-packages/airflow/example_dags/example_skip_dag.py for tasks to queue
[2026-03-15T18:26:34.781+0000] {logging_mixin.py:188} INFO - [2026-03-15T18:26:34.781+0000] {dagbag.py:540} INFO - Filling up the DagBag from /home/airflow/.local/lib/python3.11/site-packages/airflow/example_dags/example_skip_dag.py
[2026-03-15T18:26:34.786+0000] {processor.py:840} INFO - DAG(s) 'example_skip_dag' retrieved from /home/airflow/.local/lib/python3.11/site-packages/airflow/example_dags/example_skip_dag.py
[2026-03-15T18:26:34.803+0000] {logging_mixin.py:188} INFO - [2026-03-15T18:26:34.803+0000] {dag.py:3047} INFO - Sync 1 DAGs
[2026-03-15T18:26:34.819+0000] {logging_mixin.py:188} INFO - [2026-03-15T18:26:34.819+0000] {dag.py:3834} INFO - Setting next_dagrun for example_skip_dag to 2026-03-14 00:00:00+00:00, run_after=2026-03-15 00:00:00+00:00
[2026-03-15T18:26:34.833+0000] {processor.py:183} INFO - Processing /home/airflow/.local/lib/python3.11/site-packages/airflow/example_dags/example_skip_dag.py took 0.058 seconds
[2026-03-15T18:27:29.164+0000] {processor.py:161} INFO - Started process (PID=1335) to work on /home/airflow/.local/lib/python3.11/site-packages/airflow/example_dags/example_skip_dag.py
[2026-03-15T18:27:29.165+0000] {processor.py:830} INFO - Processing file /home/airflow/.local/lib/python3.11/site-packages/airflow/example_dags/example_skip_dag.py for tasks to queue
[2026-03-15T18:27:29.167+0000] {logging_mixin.py:188} INFO - [2026-03-15T18:27:29.167+0000] {dagbag.py:540} INFO - Filling up the DagBag from /home/airflow/.local/lib/python3.11/site-packages/airflow/example_dags/example_skip_dag.py
[2026-03-15T18:27:29.172+0000] {processor.py:840} INFO - DAG(s) 'example_skip_dag' retrieved from /home/airflow/.local/lib/python3.11/site-packages/airflow/example_dags/example_skip_dag.py
[2026-03-15T18:27:29.188+0000] {logging_mixin.py:188} INFO - [2026-03-15T18:27:29.187+0000] {dag.py:3047} INFO - Sync 1 DAGs
[2026-03-15T18:27:29.202+0000] {logging_mixin.py:188} INFO - [2026-03-15T18:27:29.202+0000] {dag.py:3834} INFO - Setting next_dagrun for example_skip_dag to 2026-03-14 00:00:00+00:00, run_after=2026-03-15 00:00:00+00:00
[2026-03-15T18:27:29.214+0000] {processor.py:183} INFO - Processing /home/airflow/.local/lib/python3.11/site-packages/airflow/example_dags/example_skip_dag.py took 0.053 seconds
[2026-03-15T18:27:39.888+0000] {processor.py:161} INFO - Started process (PID=1399) to work on /home/airflow/.local/lib/python3.11/site-packages/airflow/example_dags/example_skip_dag.py
[2026-03-15T18:27:39.889+0000] {processor.py:830} INFO - Processing file /home/airflow/.local/lib/python3.11/site-packages/airflow/example_dags/example_skip_dag.py for tasks to queue
[2026-03-15T18:27:39.892+0000] {logging_mixin.py:188} INFO - [2026-03-15T18:27:39.891+0000] {dagbag.py:540} INFO - Filling up the DagBag from /home/airflow/.local/lib/python3.11/site-packages/airflow/example_dags/example_skip_dag.py
[2026-03-15T18:27:39.897+0000] {processor.py:840} INFO - DAG(s) 'example_skip_dag' retrieved from /home/airflow/.local/lib/python3.11/site-packages/airflow/example_dags/example_skip_dag.py
[2026-03-15T18:27:39.914+0000] {logging_mixin.py:188} INFO - [2026-03-15T18:27:39.914+0000] {dag.py:3047} INFO - Sync 1 DAGs
[2026-03-15T18:27:39.928+0000] {logging_mixin.py:188} INFO - [2026-03-15T18:27:39.928+0000] {dag.py:3834} INFO - Setting next_dagrun for example_skip_dag to 2026-03-14 00:00:00+00:00, run_after=2026-03-15 00:00:00+00:00
[2026-03-15T18:27:39.946+0000] {processor.py:183} INFO - Processing /home/airflow/.local/lib/python3.11/site-packages/airflow/example_dags/example_skip_dag.py took 0.060 seconds
[2026-03-15T18:28:10.583+0000] {processor.py:161} INFO - Started process (PID=1451) to work on /home/airflow/.local/lib/python3.11/site-packages/airflow/example_dags/example_skip_dag.py
[2026-03-15T18:28:10.585+0000] {processor.py:830} INFO - Processing file /home/airflow/.local/lib/python3.11/site-packages/airflow/example_dags/example_skip_dag.py for tasks to queue
[2026-03-15T18:28:10.588+0000] {logging_mixin.py:188} INFO - [2026-03-15T18:28:10.587+0000] {dagbag.py:540} INFO - Filling up the DagBag from /home/airflow/.local/lib/python3.11/site-packages/airflow/example_dags/example_skip_dag.py
[2026-03-15T18:28:10.596+0000] {processor.py:840} INFO - DAG(s) 'example_skip_dag' retrieved from /home/airflow/.local/lib/python3.11/site-packages/airflow/example_dags/example_skip_dag.py
[2026-03-15T18:28:10.634+0000] {logging_mixin.py:188} INFO - [2026-03-15T18:28:10.633+0000] {dag.py:3047} INFO - Sync 1 DAGs
[2026-03-15T18:28:10.682+0000] {logging_mixin.py:188} INFO - [2026-03-15T18:28:10.682+0000] {dag.py:3834} INFO - Setting next_dagrun for example_skip_dag to 2026-03-14 00:00:00+00:00, run_after=2026-03-15 00:00:00+00:00
[2026-03-15T18:28:10.728+0000] {processor.py:183} INFO - Processing /home/airflow/.local/lib/python3.11/site-packages/airflow/example_dags/example_skip_dag.py took 0.149 seconds
[2026-03-15T18:28:41.549+0000] {processor.py:161} INFO - Started process (PID=1503) to work on /home/airflow/.local/lib/python3.11/site-packages/airflow/example_dags/example_skip_dag.py
[2026-03-15T18:28:41.550+0000] {processor.py:830} INFO - Processing file /home/airflow/.local/lib/python3.11/site-packages/airflow/example_dags/example_skip_dag.py for tasks to queue
[2026-03-15T18:28:41.552+0000] {logging_mixin.py:188} INFO - [2026-03-15T18:28:41.551+0000] {dagbag.py:540} INFO - Filling up the DagBag from /home/airflow/.local/lib/python3.11/site-packages/airflow/example_dags/example_skip_dag.py
[2026-03-15T18:28:41.557+0000] {processor.py:840} INFO - DAG(s) 'example_skip_dag' retrieved from /home/airflow/.local/lib/python3.11/site-packages/airflow/example_dags/example_skip_dag.py
[2026-03-15T18:28:41.572+0000] {logging_mixin.py:188} INFO - [2026-03-15T18:28:41.571+0000] {dag.py:3047} INFO - Sync 1 DAGs
[2026-03-15T18:28:41.585+0000] {logging_mixin.py:188} INFO - [2026-03-15T18:28:41.585+0000] {dag.py:3834} INFO - Setting next_dagrun for example_skip_dag to 2026-03-14 00:00:00+00:00, run_after=2026-03-15 00:00:00+00:00
[2026-03-15T18:28:41.600+0000] {processor.py:183} INFO - Processing /home/airflow/.local/lib/python3.11/site-packages/airflow/example_dags/example_skip_dag.py took 0.053 seconds
[2026-03-15T18:28:44.813+0000] {processor.py:161} INFO - Started process (PID=1551) to work on /home/airflow/.local/lib/python3.11/site-packages/airflow/example_dags/example_skip_dag.py
[2026-03-15T18:28:44.814+0000] {processor.py:830} INFO - Processing file /home/airflow/.local/lib/python3.11/site-packages/airflow/example_dags/example_skip_dag.py for tasks to queue
[2026-03-15T18:28:44.816+0000] {logging_mixin.py:188} INFO - [2026-03-15T18:28:44.816+0000] {dagbag.py:540} INFO - Filling up the DagBag from /home/airflow/.local/lib/python3.11/site-packages/airflow/example_dags/example_skip_dag.py
[2026-03-15T18:28:44.822+0000] {processor.py:840} INFO - DAG(s) 'example_skip_dag' retrieved from /home/airflow/.local/lib/python3.11/site-packages/airflow/example_dags/example_skip_dag.py
[2026-03-15T18:28:44.842+0000] {logging_mixin.py:188} INFO - [2026-03-15T18:28:44.842+0000] {dag.py:3047} INFO - Sync 1 DAGs
[2026-03-15T18:28:44.859+0000] {logging_mixin.py:188} INFO - [2026-03-15T18:28:44.859+0000] {dag.py:3834} INFO - Setting next_dagrun for example_skip_dag to 2026-03-14 00:00:00+00:00, run_after=2026-03-15 00:00:00+00:00
[2026-03-15T18:28:44.880+0000] {processor.py:183} INFO - Processing /home/airflow/.local/lib/python3.11/site-packages/airflow/example_dags/example_skip_dag.py took 0.070 seconds
[2026-03-15T18:29:15.172+0000] {processor.py:161} INFO - Started process (PID=1603) to work on /home/airflow/.local/lib/python3.11/site-packages/airflow/example_dags/example_skip_dag.py
[2026-03-15T18:29:15.173+0000] {processor.py:830} INFO - Processing file /home/airflow/.local/lib/python3.11/site-packages/airflow/example_dags/example_skip_dag.py for tasks to queue
[2026-03-15T18:29:15.177+0000] {logging_mixin.py:188} INFO - [2026-03-15T18:29:15.176+0000] {dagbag.py:540} INFO - Filling up the DagBag from /home/airflow/.local/lib/python3.11/site-packages/airflow/example_dags/example_skip_dag.py
[2026-03-15T18:29:15.185+0000] {processor.py:840} INFO - DAG(s) 'example_skip_dag' retrieved from /home/airflow/.local/lib/python3.11/site-packages/airflow/example_dags/example_skip_dag.py
[2026-03-15T18:29:15.205+0000] {logging_mixin.py:188} INFO - [2026-03-15T18:29:15.205+0000] {dag.py:3047} INFO - Sync 1 DAGs
[2026-03-15T18:29:15.224+0000] {logging_mixin.py:188} INFO - [2026-03-15T18:29:15.224+0000] {dag.py:3834} INFO - Setting next_dagrun for example_skip_dag to 2026-03-14 00:00:00+00:00, run_after=2026-03-15 00:00:00+00:00
[2026-03-15T18:29:15.243+0000] {processor.py:183} INFO - Processing /home/airflow/.local/lib/python3.11/site-packages/airflow/example_dags/example_skip_dag.py took 0.075 seconds
[2026-03-15T18:30:06.096+0000] {processor.py:161} INFO - Started process (PID=1634) to work on /home/airflow/.local/lib/python3.11/site-packages/airflow/example_dags/example_skip_dag.py
[2026-03-15T18:30:06.097+0000] {processor.py:830} INFO - Processing file /home/airflow/.local/lib/python3.11/site-packages/airflow/example_dags/example_skip_dag.py for tasks to queue
[2026-03-15T18:30:06.099+0000] {logging_mixin.py:188} INFO - [2026-03-15T18:30:06.098+0000] {dagbag.py:540} INFO - Filling up the DagBag from /home/airflow/.local/lib/python3.11/site-packages/airflow/example_dags/example_skip_dag.py
[2026-03-15T18:30:06.104+0000] {processor.py:840} INFO - DAG(s) 'example_skip_dag' retrieved from /home/airflow/.local/lib/python3.11/site-packages/airflow/example_dags/example_skip_dag.py
[2026-03-15T18:30:06.121+0000] {logging_mixin.py:188} INFO - [2026-03-15T18:30:06.121+0000] {dag.py:3047} INFO - Sync 1 DAGs
[2026-03-15T18:30:06.137+0000] {logging_mixin.py:188} INFO - [2026-03-15T18:30:06.137+0000] {dag.py:3834} INFO - Setting next_dagrun for example_skip_dag to 2026-03-14 00:00:00+00:00, run_after=2026-03-15 00:00:00+00:00
[2026-03-15T18:29:16.986+0000] {processor.py:183} INFO - Processing /home/airflow/.local/lib/python3.11/site-packages/airflow/example_dags/example_skip_dag.py took 0.059 seconds
[2026-03-15T18:30:08.967+0000] {processor.py:161} INFO - Started process (PID=1674) to work on /home/airflow/.local/lib/python3.11/site-packages/airflow/example_dags/example_skip_dag.py
[2026-03-15T18:30:08.969+0000] {processor.py:830} INFO - Processing file /home/airflow/.local/lib/python3.11/site-packages/airflow/example_dags/example_skip_dag.py for tasks to queue
[2026-03-15T18:30:08.970+0000] {logging_mixin.py:188} INFO - [2026-03-15T18:30:08.970+0000] {dagbag.py:540} INFO - Filling up the DagBag from /home/airflow/.local/lib/python3.11/site-packages/airflow/example_dags/example_skip_dag.py
[2026-03-15T18:30:08.975+0000] {processor.py:840} INFO - DAG(s) 'example_skip_dag' retrieved from /home/airflow/.local/lib/python3.11/site-packages/airflow/example_dags/example_skip_dag.py
[2026-03-15T18:30:08.992+0000] {logging_mixin.py:188} INFO - [2026-03-15T18:30:08.992+0000] {dag.py:3047} INFO - Sync 1 DAGs
[2026-03-15T18:30:09.008+0000] {logging_mixin.py:188} INFO - [2026-03-15T18:30:09.008+0000] {dag.py:3834} INFO - Setting next_dagrun for example_skip_dag to 2026-03-14 00:00:00+00:00, run_after=2026-03-15 00:00:00+00:00
[2026-03-15T18:30:09.022+0000] {processor.py:183} INFO - Processing /home/airflow/.local/lib/python3.11/site-packages/airflow/example_dags/example_skip_dag.py took 0.057 seconds
[2026-03-15T18:29:55.170+0000] {processor.py:161} INFO - Started process (PID=1768) to work on /home/airflow/.local/lib/python3.11/site-packages/airflow/example_dags/example_skip_dag.py
[2026-03-15T18:29:55.171+0000] {processor.py:830} INFO - Processing file /home/airflow/.local/lib/python3.11/site-packages/airflow/example_dags/example_skip_dag.py for tasks to queue
[2026-03-15T18:29:55.175+0000] {logging_mixin.py:188} INFO - [2026-03-15T18:29:55.175+0000] {dagbag.py:540} INFO - Filling up the DagBag from /home/airflow/.local/lib/python3.11/site-packages/airflow/example_dags/example_skip_dag.py
[2026-03-15T18:29:55.184+0000] {processor.py:840} INFO - DAG(s) 'example_skip_dag' retrieved from /home/airflow/.local/lib/python3.11/site-packages/airflow/example_dags/example_skip_dag.py
[2026-03-15T18:29:55.209+0000] {logging_mixin.py:188} INFO - [2026-03-15T18:29:55.209+0000] {dag.py:3047} INFO - Sync 1 DAGs
[2026-03-15T18:29:55.231+0000] {logging_mixin.py:188} INFO - [2026-03-15T18:29:55.231+0000] {dag.py:3834} INFO - Setting next_dagrun for example_skip_dag to 2026-03-14 00:00:00+00:00, run_after=2026-03-15 00:00:00+00:00
[2026-03-15T18:29:55.257+0000] {processor.py:183} INFO - Processing /home/airflow/.local/lib/python3.11/site-packages/airflow/example_dags/example_skip_dag.py took 0.091 seconds
[2026-03-15T18:31:04.321+0000] {processor.py:161} INFO - Started process (PID=54) to work on /home/airflow/.local/lib/python3.11/site-packages/airflow/example_dags/example_skip_dag.py
[2026-03-15T18:31:04.322+0000] {processor.py:830} INFO - Processing file /home/airflow/.local/lib/python3.11/site-packages/airflow/example_dags/example_skip_dag.py for tasks to queue
[2026-03-15T18:31:04.324+0000] {logging_mixin.py:188} INFO - [2026-03-15T18:31:04.324+0000] {dagbag.py:540} INFO - Filling up the DagBag from /home/airflow/.local/lib/python3.11/site-packages/airflow/example_dags/example_skip_dag.py
[2026-03-15T18:31:04.332+0000] {processor.py:840} INFO - DAG(s) 'example_skip_dag' retrieved from /home/airflow/.local/lib/python3.11/site-packages/airflow/example_dags/example_skip_dag.py
[2026-03-15T18:31:04.344+0000] {logging_mixin.py:188} INFO - [2026-03-15T18:31:04.344+0000] {dag.py:3047} INFO - Sync 1 DAGs
[2026-03-15T18:31:04.368+0000] {logging_mixin.py:188} INFO - [2026-03-15T18:31:04.367+0000] {dag.py:3834} INFO - Setting next_dagrun for example_skip_dag to 2026-03-14 00:00:00+00:00, run_after=2026-03-15 00:00:00+00:00
[2026-03-15T18:31:04.389+0000] {processor.py:183} INFO - Processing /home/airflow/.local/lib/python3.11/site-packages/airflow/example_dags/example_skip_dag.py took 0.071 seconds
[2026-03-15T18:32:06.802+0000] {processor.py:161} INFO - Started process (PID=54) to work on /home/airflow/.local/lib/python3.11/site-packages/airflow/example_dags/example_skip_dag.py
[2026-03-15T18:32:06.804+0000] {processor.py:830} INFO - Processing file /home/airflow/.local/lib/python3.11/site-packages/airflow/example_dags/example_skip_dag.py for tasks to queue
[2026-03-15T18:32:06.806+0000] {logging_mixin.py:188} INFO - [2026-03-15T18:32:06.805+0000] {dagbag.py:540} INFO - Filling up the DagBag from /home/airflow/.local/lib/python3.11/site-packages/airflow/example_dags/example_skip_dag.py
[2026-03-15T18:32:06.816+0000] {processor.py:840} INFO - DAG(s) 'example_skip_dag' retrieved from /home/airflow/.local/lib/python3.11/site-packages/airflow/example_dags/example_skip_dag.py
[2026-03-15T18:32:06.832+0000] {logging_mixin.py:188} INFO - [2026-03-15T18:32:06.832+0000] {dag.py:3047} INFO - Sync 1 DAGs
[2026-03-15T18:32:06.856+0000] {logging_mixin.py:188} INFO - [2026-03-15T18:32:06.855+0000] {dag.py:3834} INFO - Setting next_dagrun for example_skip_dag to 2026-03-14 00:00:00+00:00, run_after=2026-03-15 00:00:00+00:00
[2026-03-15T18:32:06.886+0000] {processor.py:183} INFO - Processing /home/airflow/.local/lib/python3.11/site-packages/airflow/example_dags/example_skip_dag.py took 0.087 seconds
[2026-03-15T18:32:15.561+0000] {processor.py:161} INFO - Started process (PID=110) to work on /home/airflow/.local/lib/python3.11/site-packages/airflow/example_dags/example_skip_dag.py
[2026-03-15T18:32:15.562+0000] {processor.py:830} INFO - Processing file /home/airflow/.local/lib/python3.11/site-packages/airflow/example_dags/example_skip_dag.py for tasks to queue
[2026-03-15T18:32:15.564+0000] {logging_mixin.py:188} INFO - [2026-03-15T18:32:15.564+0000] {dagbag.py:540} INFO - Filling up the DagBag from /home/airflow/.local/lib/python3.11/site-packages/airflow/example_dags/example_skip_dag.py
[2026-03-15T18:32:15.571+0000] {processor.py:840} INFO - DAG(s) 'example_skip_dag' retrieved from /home/airflow/.local/lib/python3.11/site-packages/airflow/example_dags/example_skip_dag.py
[2026-03-15T18:32:15.584+0000] {logging_mixin.py:188} INFO - [2026-03-15T18:32:15.584+0000] {dag.py:3047} INFO - Sync 1 DAGs
[2026-03-15T18:32:15.606+0000] {logging_mixin.py:188} INFO - [2026-03-15T18:32:15.606+0000] {dag.py:3834} INFO - Setting next_dagrun for example_skip_dag to 2026-03-14 00:00:00+00:00, run_after=2026-03-15 00:00:00+00:00
[2026-03-15T18:32:15.623+0000] {processor.py:183} INFO - Processing /home/airflow/.local/lib/python3.11/site-packages/airflow/example_dags/example_skip_dag.py took 0.065 seconds
[2026-03-15T18:33:09.582+0000] {processor.py:161} INFO - Started process (PID=160) to work on /home/airflow/.local/lib/python3.11/site-packages/airflow/example_dags/example_skip_dag.py
[2026-03-15T18:33:09.588+0000] {processor.py:830} INFO - Processing file /home/airflow/.local/lib/python3.11/site-packages/airflow/example_dags/example_skip_dag.py for tasks to queue
[2026-03-15T18:33:09.590+0000] {logging_mixin.py:188} INFO - [2026-03-15T18:33:09.590+0000] {dagbag.py:540} INFO - Filling up the DagBag from /home/airflow/.local/lib/python3.11/site-packages/airflow/example_dags/example_skip_dag.py
[2026-03-15T18:33:09.596+0000] {processor.py:840} INFO - DAG(s) 'example_skip_dag' retrieved from /home/airflow/.local/lib/python3.11/site-packages/airflow/example_dags/example_skip_dag.py
[2026-03-15T18:33:09.668+0000] {logging_mixin.py:188} INFO - [2026-03-15T18:33:09.668+0000] {dag.py:3047} INFO - Sync 1 DAGs
[2026-03-15T18:33:09.685+0000] {logging_mixin.py:188} INFO - [2026-03-15T18:33:09.685+0000] {dag.py:3834} INFO - Setting next_dagrun for example_skip_dag to 2026-03-14 00:00:00+00:00, run_after=2026-03-15 00:00:00+00:00
[2026-03-15T18:33:09.707+0000] {processor.py:183} INFO - Processing /home/airflow/.local/lib/python3.11/site-packages/airflow/example_dags/example_skip_dag.py took 0.128 seconds
[2026-03-15T18:33:16.923+0000] {processor.py:161} INFO - Started process (PID=220) to work on /home/airflow/.local/lib/python3.11/site-packages/airflow/example_dags/example_skip_dag.py
[2026-03-15T18:33:16.924+0000] {processor.py:830} INFO - Processing file /home/airflow/.local/lib/python3.11/site-packages/airflow/example_dags/example_skip_dag.py for tasks to queue
[2026-03-15T18:33:16.927+0000] {logging_mixin.py:188} INFO - [2026-03-15T18:33:16.927+0000] {dagbag.py:540} INFO - Filling up the DagBag from /home/airflow/.local/lib/python3.11/site-packages/airflow/example_dags/example_skip_dag.py
[2026-03-15T18:33:16.935+0000] {processor.py:840} INFO - DAG(s) 'example_skip_dag' retrieved from /home/airflow/.local/lib/python3.11/site-packages/airflow/example_dags/example_skip_dag.py
[2026-03-15T18:33:16.946+0000] {logging_mixin.py:188} INFO - [2026-03-15T18:33:16.946+0000] {dag.py:3047} INFO - Sync 1 DAGs
[2026-03-15T18:33:16.962+0000] {logging_mixin.py:188} INFO - [2026-03-15T18:33:16.962+0000] {dag.py:3834} INFO - Setting next_dagrun for example_skip_dag to 2026-03-14 00:00:00+00:00, run_after=2026-03-15 00:00:00+00:00
[2026-03-15T18:33:16.977+0000] {processor.py:183} INFO - Processing /home/airflow/.local/lib/python3.11/site-packages/airflow/example_dags/example_skip_dag.py took 0.062 seconds
[2026-03-15T18:33:47.116+0000] {processor.py:161} INFO - Started process (PID=276) to work on /home/airflow/.local/lib/python3.11/site-packages/airflow/example_dags/example_skip_dag.py
[2026-03-15T18:33:47.117+0000] {processor.py:830} INFO - Processing file /home/airflow/.local/lib/python3.11/site-packages/airflow/example_dags/example_skip_dag.py for tasks to queue
[2026-03-15T18:33:47.119+0000] {logging_mixin.py:188} INFO - [2026-03-15T18:33:47.119+0000] {dagbag.py:540} INFO - Filling up the DagBag from /home/airflow/.local/lib/python3.11/site-packages/airflow/example_dags/example_skip_dag.py
[2026-03-15T18:33:47.125+0000] {processor.py:840} INFO - DAG(s) 'example_skip_dag' retrieved from /home/airflow/.local/lib/python3.11/site-packages/airflow/example_dags/example_skip_dag.py
[2026-03-15T18:33:47.143+0000] {logging_mixin.py:188} INFO - [2026-03-15T18:33:47.142+0000] {dag.py:3047} INFO - Sync 1 DAGs
[2026-03-15T18:33:47.157+0000] {logging_mixin.py:188} INFO - [2026-03-15T18:33:47.157+0000] {dag.py:3834} INFO - Setting next_dagrun for example_skip_dag to 2026-03-14 00:00:00+00:00, run_after=2026-03-15 00:00:00+00:00
[2026-03-15T18:33:47.171+0000] {processor.py:183} INFO - Processing /home/airflow/.local/lib/python3.11/site-packages/airflow/example_dags/example_skip_dag.py took 0.057 seconds
[2026-03-15T18:34:43.038+0000] {processor.py:161} INFO - Started process (PID=42) to work on /home/airflow/.local/lib/python3.11/site-packages/airflow/example_dags/example_skip_dag.py
[2026-03-15T18:34:43.040+0000] {processor.py:830} INFO - Processing file /home/airflow/.local/lib/python3.11/site-packages/airflow/example_dags/example_skip_dag.py for tasks to queue
[2026-03-15T18:34:43.041+0000] {logging_mixin.py:188} INFO - [2026-03-15T18:34:43.041+0000] {dagbag.py:540} INFO - Filling up the DagBag from /home/airflow/.local/lib/python3.11/site-packages/airflow/example_dags/example_skip_dag.py
[2026-03-15T18:34:43.050+0000] {processor.py:840} INFO - DAG(s) 'example_skip_dag' retrieved from /home/airflow/.local/lib/python3.11/site-packages/airflow/example_dags/example_skip_dag.py
[2026-03-15T18:34:43.061+0000] {logging_mixin.py:188} INFO - [2026-03-15T18:34:43.061+0000] {dag.py:3047} INFO - Sync 1 DAGs
[2026-03-15T18:34:43.082+0000] {logging_mixin.py:188} INFO - [2026-03-15T18:34:43.081+0000] {dag.py:3834} INFO - Setting next_dagrun for example_skip_dag to 2026-03-14 00:00:00+00:00, run_after=2026-03-15 00:00:00+00:00
[2026-03-15T18:34:43.107+0000] {processor.py:183} INFO - Processing /home/airflow/.local/lib/python3.11/site-packages/airflow/example_dags/example_skip_dag.py took 0.072 seconds
[2026-03-15T18:34:47.390+0000] {processor.py:161} INFO - Started process (PID=92) to work on /home/airflow/.local/lib/python3.11/site-packages/airflow/example_dags/example_skip_dag.py
[2026-03-15T18:34:47.393+0000] {processor.py:830} INFO - Processing file /home/airflow/.local/lib/python3.11/site-packages/airflow/example_dags/example_skip_dag.py for tasks to queue
[2026-03-15T18:34:47.395+0000] {logging_mixin.py:188} INFO - [2026-03-15T18:34:47.394+0000] {dagbag.py:540} INFO - Filling up the DagBag from /home/airflow/.local/lib/python3.11/site-packages/airflow/example_dags/example_skip_dag.py
[2026-03-15T18:34:47.400+0000] {processor.py:840} INFO - DAG(s) 'example_skip_dag' retrieved from /home/airflow/.local/lib/python3.11/site-packages/airflow/example_dags/example_skip_dag.py
[2026-03-15T18:34:47.410+0000] {logging_mixin.py:188} INFO - [2026-03-15T18:34:47.410+0000] {dag.py:3047} INFO - Sync 1 DAGs
[2026-03-15T18:34:47.428+0000] {logging_mixin.py:188} INFO - [2026-03-15T18:34:47.428+0000] {dag.py:3834} INFO - Setting next_dagrun for example_skip_dag to 2026-03-14 00:00:00+00:00, run_after=2026-03-15 00:00:00+00:00
[2026-03-15T18:34:47.443+0000] {processor.py:183} INFO - Processing /home/airflow/.local/lib/python3.11/site-packages/airflow/example_dags/example_skip_dag.py took 0.056 seconds
[2026-03-15T18:35:17.713+0000] {processor.py:161} INFO - Started process (PID=148) to work on /home/airflow/.local/lib/python3.11/site-packages/airflow/example_dags/example_skip_dag.py
[2026-03-15T18:35:17.714+0000] {processor.py:830} INFO - Processing file /home/airflow/.local/lib/python3.11/site-packages/airflow/example_dags/example_skip_dag.py for tasks to queue
[2026-03-15T18:35:17.716+0000] {logging_mixin.py:188} INFO - [2026-03-15T18:35:17.715+0000] {dagbag.py:540} INFO - Filling up the DagBag from /home/airflow/.local/lib/python3.11/site-packages/airflow/example_dags/example_skip_dag.py
[2026-03-15T18:35:17.721+0000] {processor.py:840} INFO - DAG(s) 'example_skip_dag' retrieved from /home/airflow/.local/lib/python3.11/site-packages/airflow/example_dags/example_skip_dag.py
[2026-03-15T18:35:17.797+0000] {logging_mixin.py:188} INFO - [2026-03-15T18:35:17.796+0000] {dag.py:3047} INFO - Sync 1 DAGs
[2026-03-15T18:35:17.814+0000] {logging_mixin.py:188} INFO - [2026-03-15T18:35:17.814+0000] {dag.py:3834} INFO - Setting next_dagrun for example_skip_dag to 2026-03-14 00:00:00+00:00, run_after=2026-03-15 00:00:00+00:00
[2026-03-15T18:35:17.830+0000] {processor.py:183} INFO - Processing /home/airflow/.local/lib/python3.11/site-packages/airflow/example_dags/example_skip_dag.py took 0.120 seconds
[2026-03-15T18:39:27.224+0000] {processor.py:161} INFO - Started process (PID=54) to work on /home/airflow/.local/lib/python3.11/site-packages/airflow/example_dags/example_skip_dag.py
[2026-03-15T18:39:27.225+0000] {processor.py:830} INFO - Processing file /home/airflow/.local/lib/python3.11/site-packages/airflow/example_dags/example_skip_dag.py for tasks to queue
[2026-03-15T18:39:27.227+0000] {logging_mixin.py:188} INFO - [2026-03-15T18:39:27.227+0000] {dagbag.py:540} INFO - Filling up the DagBag from /home/airflow/.local/lib/python3.11/site-packages/airflow/example_dags/example_skip_dag.py
[2026-03-15T18:39:27.239+0000] {processor.py:840} INFO - DAG(s) 'example_skip_dag' retrieved from /home/airflow/.local/lib/python3.11/site-packages/airflow/example_dags/example_skip_dag.py
[2026-03-15T18:39:27.252+0000] {logging_mixin.py:188} INFO - [2026-03-15T18:39:27.252+0000] {dag.py:3047} INFO - Sync 1 DAGs
[2026-03-15T18:39:27.275+0000] {logging_mixin.py:188} INFO - [2026-03-15T18:39:27.275+0000] {dag.py:3834} INFO - Setting next_dagrun for example_skip_dag to 2026-03-14 00:00:00+00:00, run_after=2026-03-15 00:00:00+00:00
[2026-03-15T18:39:27.293+0000] {processor.py:183} INFO - Processing /home/airflow/.local/lib/python3.11/site-packages/airflow/example_dags/example_skip_dag.py took 0.073 seconds
[2026-03-15T18:39:57.502+0000] {processor.py:161} INFO - Started process (PID=114) to work on /home/airflow/.local/lib/python3.11/site-packages/airflow/example_dags/example_skip_dag.py
[2026-03-15T18:39:57.503+0000] {processor.py:830} INFO - Processing file /home/airflow/.local/lib/python3.11/site-packages/airflow/example_dags/example_skip_dag.py for tasks to queue
[2026-03-15T18:39:57.505+0000] {logging_mixin.py:188} INFO - [2026-03-15T18:39:57.505+0000] {dagbag.py:540} INFO - Filling up the DagBag from /home/airflow/.local/lib/python3.11/site-packages/airflow/example_dags/example_skip_dag.py
[2026-03-15T18:39:57.512+0000] {processor.py:840} INFO - DAG(s) 'example_skip_dag' retrieved from /home/airflow/.local/lib/python3.11/site-packages/airflow/example_dags/example_skip_dag.py
[2026-03-15T18:40:46.758+0000] {logging_mixin.py:188} INFO - [2026-03-15T18:40:46.758+0000] {dag.py:3047} INFO - Sync 1 DAGs
[2026-03-15T18:40:46.771+0000] {logging_mixin.py:188} INFO - [2026-03-15T18:40:46.771+0000] {dag.py:3834} INFO - Setting next_dagrun for example_skip_dag to 2026-03-14 00:00:00+00:00, run_after=2026-03-15 00:00:00+00:00
[2026-03-15T18:40:46.792+0000] {processor.py:183} INFO - Processing /home/airflow/.local/lib/python3.11/site-packages/airflow/example_dags/example_skip_dag.py took 0.120 seconds
[2026-03-15T18:40:32.801+0000] {processor.py:161} INFO - Started process (PID=222) to work on /home/airflow/.local/lib/python3.11/site-packages/airflow/example_dags/example_skip_dag.py
[2026-03-15T18:40:32.802+0000] {processor.py:830} INFO - Processing file /home/airflow/.local/lib/python3.11/site-packages/airflow/example_dags/example_skip_dag.py for tasks to queue
[2026-03-15T18:40:32.804+0000] {logging_mixin.py:188} INFO - [2026-03-15T18:40:32.804+0000] {dagbag.py:540} INFO - Filling up the DagBag from /home/airflow/.local/lib/python3.11/site-packages/airflow/example_dags/example_skip_dag.py
[2026-03-15T18:40:32.810+0000] {processor.py:840} INFO - DAG(s) 'example_skip_dag' retrieved from /home/airflow/.local/lib/python3.11/site-packages/airflow/example_dags/example_skip_dag.py
[2026-03-15T18:40:32.819+0000] {logging_mixin.py:188} INFO - [2026-03-15T18:40:32.819+0000] {dag.py:3047} INFO - Sync 1 DAGs
[2026-03-15T18:40:32.834+0000] {logging_mixin.py:188} INFO - [2026-03-15T18:40:32.834+0000] {dag.py:3834} INFO - Setting next_dagrun for example_skip_dag to 2026-03-14 00:00:00+00:00, run_after=2026-03-15 00:00:00+00:00
[2026-03-15T18:40:32.848+0000] {processor.py:183} INFO - Processing /home/airflow/.local/lib/python3.11/site-packages/airflow/example_dags/example_skip_dag.py took 0.049 seconds
[2026-03-15T18:40:37.773+0000] {processor.py:161} INFO - Started process (PID=266) to work on /home/airflow/.local/lib/python3.11/site-packages/airflow/example_dags/example_skip_dag.py
[2026-03-15T18:40:37.775+0000] {processor.py:830} INFO - Processing file /home/airflow/.local/lib/python3.11/site-packages/airflow/example_dags/example_skip_dag.py for tasks to queue
[2026-03-15T18:40:37.780+0000] {logging_mixin.py:188} INFO - [2026-03-15T18:40:37.780+0000] {dagbag.py:540} INFO - Filling up the DagBag from /home/airflow/.local/lib/python3.11/site-packages/airflow/example_dags/example_skip_dag.py
[2026-03-15T18:40:37.786+0000] {processor.py:840} INFO - DAG(s) 'example_skip_dag' retrieved from /home/airflow/.local/lib/python3.11/site-packages/airflow/example_dags/example_skip_dag.py
[2026-03-15T18:40:37.795+0000] {logging_mixin.py:188} INFO - [2026-03-15T18:40:37.795+0000] {dag.py:3047} INFO - Sync 1 DAGs
[2026-03-15T18:40:37.810+0000] {logging_mixin.py:188} INFO - [2026-03-15T18:40:37.810+0000] {dag.py:3834} INFO - Setting next_dagrun for example_skip_dag to 2026-03-14 00:00:00+00:00, run_after=2026-03-15 00:00:00+00:00
[2026-03-15T18:40:37.824+0000] {processor.py:183} INFO - Processing /home/airflow/.local/lib/python3.11/site-packages/airflow/example_dags/example_skip_dag.py took 0.054 seconds
[2026-03-15T18:41:31.800+0000] {processor.py:161} INFO - Started process (PID=308) to work on /home/airflow/.local/lib/python3.11/site-packages/airflow/example_dags/example_skip_dag.py
[2026-03-15T18:41:31.801+0000] {processor.py:830} INFO - Processing file /home/airflow/.local/lib/python3.11/site-packages/airflow/example_dags/example_skip_dag.py for tasks to queue
[2026-03-15T18:41:31.803+0000] {logging_mixin.py:188} INFO - [2026-03-15T18:41:31.803+0000] {dagbag.py:540} INFO - Filling up the DagBag from /home/airflow/.local/lib/python3.11/site-packages/airflow/example_dags/example_skip_dag.py
[2026-03-15T18:41:31.808+0000] {processor.py:840} INFO - DAG(s) 'example_skip_dag' retrieved from /home/airflow/.local/lib/python3.11/site-packages/airflow/example_dags/example_skip_dag.py
[2026-03-15T18:41:31.836+0000] {logging_mixin.py:188} INFO - [2026-03-15T18:41:31.836+0000] {dag.py:3047} INFO - Sync 1 DAGs
[2026-03-15T18:41:31.853+0000] {logging_mixin.py:188} INFO - [2026-03-15T18:41:31.853+0000] {dag.py:3834} INFO - Setting next_dagrun for example_skip_dag to 2026-03-14 00:00:00+00:00, run_after=2026-03-15 00:00:00+00:00
[2026-03-15T18:41:31.869+0000] {processor.py:183} INFO - Processing /home/airflow/.local/lib/python3.11/site-packages/airflow/example_dags/example_skip_dag.py took 0.071 seconds
[2026-03-15T18:42:02.149+0000] {processor.py:161} INFO - Started process (PID=483) to work on /home/airflow/.local/lib/python3.11/site-packages/airflow/example_dags/example_skip_dag.py
[2026-03-15T18:42:02.151+0000] {processor.py:830} INFO - Processing file /home/airflow/.local/lib/python3.11/site-packages/airflow/example_dags/example_skip_dag.py for tasks to queue
[2026-03-15T18:42:02.156+0000] {logging_mixin.py:188} INFO - [2026-03-15T18:42:02.155+0000] {dagbag.py:540} INFO - Filling up the DagBag from /home/airflow/.local/lib/python3.11/site-packages/airflow/example_dags/example_skip_dag.py
[2026-03-15T18:42:02.172+0000] {processor.py:840} INFO - DAG(s) 'example_skip_dag' retrieved from /home/airflow/.local/lib/python3.11/site-packages/airflow/example_dags/example_skip_dag.py
[2026-03-15T18:42:02.228+0000] {logging_mixin.py:188} INFO - [2026-03-15T18:42:02.228+0000] {dag.py:3047} INFO - Sync 1 DAGs
[2026-03-15T18:42:02.259+0000] {logging_mixin.py:188} INFO - [2026-03-15T18:42:02.259+0000] {dag.py:3834} INFO - Setting next_dagrun for example_skip_dag to 2026-03-14 00:00:00+00:00, run_after=2026-03-15 00:00:00+00:00
[2026-03-15T18:42:02.303+0000] {processor.py:183} INFO - Processing /home/airflow/.local/lib/python3.11/site-packages/airflow/example_dags/example_skip_dag.py took 0.161 seconds
[2026-03-15T18:43:17.116+0000] {processor.py:161} INFO - Started process (PID=532) to work on /home/airflow/.local/lib/python3.11/site-packages/airflow/example_dags/example_skip_dag.py
[2026-03-15T18:43:17.117+0000] {processor.py:830} INFO - Processing file /home/airflow/.local/lib/python3.11/site-packages/airflow/example_dags/example_skip_dag.py for tasks to queue
[2026-03-15T18:43:17.118+0000] {logging_mixin.py:188} INFO - [2026-03-15T18:43:17.118+0000] {dagbag.py:540} INFO - Filling up the DagBag from /home/airflow/.local/lib/python3.11/site-packages/airflow/example_dags/example_skip_dag.py
[2026-03-15T18:43:17.124+0000] {processor.py:840} INFO - DAG(s) 'example_skip_dag' retrieved from /home/airflow/.local/lib/python3.11/site-packages/airflow/example_dags/example_skip_dag.py
[2026-03-15T18:43:17.146+0000] {logging_mixin.py:188} INFO - [2026-03-15T18:43:17.146+0000] {dag.py:3047} INFO - Sync 1 DAGs
[2026-03-15T18:43:17.168+0000] {logging_mixin.py:188} INFO - [2026-03-15T18:43:17.168+0000] {dag.py:3834} INFO - Setting next_dagrun for example_skip_dag to 2026-03-14 00:00:00+00:00, run_after=2026-03-15 00:00:00+00:00
[2026-03-15T18:43:17.181+0000] {processor.py:183} INFO - Processing /home/airflow/.local/lib/python3.11/site-packages/airflow/example_dags/example_skip_dag.py took 0.068 seconds
[2026-03-15T18:43:33.063+0000] {processor.py:161} INFO - Started process (PID=686) to work on /home/airflow/.local/lib/python3.11/site-packages/airflow/example_dags/example_skip_dag.py
[2026-03-15T18:43:33.064+0000] {processor.py:830} INFO - Processing file /home/airflow/.local/lib/python3.11/site-packages/airflow/example_dags/example_skip_dag.py for tasks to queue
[2026-03-15T18:43:33.066+0000] {logging_mixin.py:188} INFO - [2026-03-15T18:43:33.066+0000] {dagbag.py:540} INFO - Filling up the DagBag from /home/airflow/.local/lib/python3.11/site-packages/airflow/example_dags/example_skip_dag.py
[2026-03-15T18:43:33.072+0000] {processor.py:840} INFO - DAG(s) 'example_skip_dag' retrieved from /home/airflow/.local/lib/python3.11/site-packages/airflow/example_dags/example_skip_dag.py
[2026-03-15T18:43:33.091+0000] {logging_mixin.py:188} INFO - [2026-03-15T18:43:33.091+0000] {dag.py:3047} INFO - Sync 1 DAGs
[2026-03-15T18:43:33.106+0000] {logging_mixin.py:188} INFO - [2026-03-15T18:43:33.106+0000] {dag.py:3834} INFO - Setting next_dagrun for example_skip_dag to 2026-03-14 00:00:00+00:00, run_after=2026-03-15 00:00:00+00:00
[2026-03-15T18:43:33.122+0000] {processor.py:183} INFO - Processing /home/airflow/.local/lib/python3.11/site-packages/airflow/example_dags/example_skip_dag.py took 0.062 seconds
[2026-03-15T18:44:03.396+0000] {processor.py:161} INFO - Started process (PID=739) to work on /home/airflow/.local/lib/python3.11/site-packages/airflow/example_dags/example_skip_dag.py
[2026-03-15T18:44:03.398+0000] {processor.py:830} INFO - Processing file /home/airflow/.local/lib/python3.11/site-packages/airflow/example_dags/example_skip_dag.py for tasks to queue
[2026-03-15T18:44:03.400+0000] {logging_mixin.py:188} INFO - [2026-03-15T18:44:03.399+0000] {dagbag.py:540} INFO - Filling up the DagBag from /home/airflow/.local/lib/python3.11/site-packages/airflow/example_dags/example_skip_dag.py
[2026-03-15T18:44:03.405+0000] {processor.py:840} INFO - DAG(s) 'example_skip_dag' retrieved from /home/airflow/.local/lib/python3.11/site-packages/airflow/example_dags/example_skip_dag.py
[2026-03-15T18:44:03.421+0000] {logging_mixin.py:188} INFO - [2026-03-15T18:44:03.421+0000] {dag.py:3047} INFO - Sync 1 DAGs
[2026-03-15T18:44:03.436+0000] {logging_mixin.py:188} INFO - [2026-03-15T18:44:03.436+0000] {dag.py:3834} INFO - Setting next_dagrun for example_skip_dag to 2026-03-14 00:00:00+00:00, run_after=2026-03-15 00:00:00+00:00
[2026-03-15T18:44:03.449+0000] {processor.py:183} INFO - Processing /home/airflow/.local/lib/python3.11/site-packages/airflow/example_dags/example_skip_dag.py took 0.056 seconds
[2026-03-15T18:44:33.513+0000] {processor.py:161} INFO - Started process (PID=792) to work on /home/airflow/.local/lib/python3.11/site-packages/airflow/example_dags/example_skip_dag.py
[2026-03-15T18:44:33.514+0000] {processor.py:830} INFO - Processing file /home/airflow/.local/lib/python3.11/site-packages/airflow/example_dags/example_skip_dag.py for tasks to queue
[2026-03-15T18:44:33.515+0000] {logging_mixin.py:188} INFO - [2026-03-15T18:44:33.515+0000] {dagbag.py:540} INFO - Filling up the DagBag from /home/airflow/.local/lib/python3.11/site-packages/airflow/example_dags/example_skip_dag.py
[2026-03-15T18:44:33.522+0000] {processor.py:840} INFO - DAG(s) 'example_skip_dag' retrieved from /home/airflow/.local/lib/python3.11/site-packages/airflow/example_dags/example_skip_dag.py
[2026-03-15T18:44:33.539+0000] {logging_mixin.py:188} INFO - [2026-03-15T18:44:33.539+0000] {dag.py:3047} INFO - Sync 1 DAGs
[2026-03-15T18:44:33.556+0000] {logging_mixin.py:188} INFO - [2026-03-15T18:44:33.556+0000] {dag.py:3834} INFO - Setting next_dagrun for example_skip_dag to 2026-03-14 00:00:00+00:00, run_after=2026-03-15 00:00:00+00:00
[2026-03-15T18:44:33.571+0000] {processor.py:183} INFO - Processing /home/airflow/.local/lib/python3.11/site-packages/airflow/example_dags/example_skip_dag.py took 0.062 seconds
[2026-03-15T18:44:47.250+0000] {processor.py:161} INFO - Started process (PID=842) to work on /home/airflow/.local/lib/python3.11/site-packages/airflow/example_dags/example_skip_dag.py
[2026-03-15T18:44:47.251+0000] {processor.py:830} INFO - Processing file /home/airflow/.local/lib/python3.11/site-packages/airflow/example_dags/example_skip_dag.py for tasks to queue
[2026-03-15T18:44:47.253+0000] {logging_mixin.py:188} INFO - [2026-03-15T18:44:47.252+0000] {dagbag.py:540} INFO - Filling up the DagBag from /home/airflow/.local/lib/python3.11/site-packages/airflow/example_dags/example_skip_dag.py
[2026-03-15T18:44:47.259+0000] {processor.py:840} INFO - DAG(s) 'example_skip_dag' retrieved from /home/airflow/.local/lib/python3.11/site-packages/airflow/example_dags/example_skip_dag.py
[2026-03-15T18:44:47.281+0000] {logging_mixin.py:188} INFO - [2026-03-15T18:44:47.281+0000] {dag.py:3047} INFO - Sync 1 DAGs
[2026-03-15T18:44:47.297+0000] {logging_mixin.py:188} INFO - [2026-03-15T18:44:47.297+0000] {dag.py:3834} INFO - Setting next_dagrun for example_skip_dag to 2026-03-14 00:00:00+00:00, run_after=2026-03-15 00:00:00+00:00
[2026-03-15T18:44:47.313+0000] {processor.py:183} INFO - Processing /home/airflow/.local/lib/python3.11/site-packages/airflow/example_dags/example_skip_dag.py took 0.066 seconds
