[2026-03-15T17:05:08.372+0000] {processor.py:161} INFO - Started process (PID=117) to work on /home/airflow/.local/lib/python3.11/site-packages/airflow/example_dags/example_kubernetes_executor.py
[2026-03-15T17:05:08.373+0000] {processor.py:830} INFO - Processing file /home/airflow/.local/lib/python3.11/site-packages/airflow/example_dags/example_kubernetes_executor.py for tasks to queue
[2026-03-15T17:05:08.376+0000] {logging_mixin.py:188} INFO - [2026-03-15T17:05:08.375+0000] {dagbag.py:540} INFO - Filling up the DagBag from /home/airflow/.local/lib/python3.11/site-packages/airflow/example_dags/example_kubernetes_executor.py
[2026-03-15T17:05:08.390+0000] {processor.py:840} INFO - DAG(s) 'example_kubernetes_executor' retrieved from /home/airflow/.local/lib/python3.11/site-packages/airflow/example_dags/example_kubernetes_executor.py
[2026-03-15T17:05:08.599+0000] {logging_mixin.py:188} INFO - [2026-03-15T17:05:08.599+0000] {dag.py:3047} INFO - Sync 1 DAGs
[2026-03-15T17:05:08.609+0000] {logging_mixin.py:188} INFO - [2026-03-15T17:05:08.608+0000] {dag.py:3834} INFO - Setting next_dagrun for example_kubernetes_executor to None, run_after=None
[2026-03-15T17:05:57.974+0000] {processor.py:183} INFO - Processing /home/airflow/.local/lib/python3.11/site-packages/airflow/example_dags/example_kubernetes_executor.py took 0.422 seconds
[2026-03-15T17:05:44.694+0000] {processor.py:161} INFO - Started process (PID=218) to work on /home/airflow/.local/lib/python3.11/site-packages/airflow/example_dags/example_kubernetes_executor.py
[2026-03-15T17:05:44.695+0000] {processor.py:830} INFO - Processing file /home/airflow/.local/lib/python3.11/site-packages/airflow/example_dags/example_kubernetes_executor.py for tasks to queue
[2026-03-15T17:05:44.697+0000] {logging_mixin.py:188} INFO - [2026-03-15T17:05:44.696+0000] {dagbag.py:540} INFO - Filling up the DagBag from /home/airflow/.local/lib/python3.11/site-packages/airflow/example_dags/example_kubernetes_executor.py
[2026-03-15T17:05:44.706+0000] {processor.py:840} INFO - DAG(s) 'example_kubernetes_executor' retrieved from /home/airflow/.local/lib/python3.11/site-packages/airflow/example_dags/example_kubernetes_executor.py
[2026-03-15T17:05:44.793+0000] {logging_mixin.py:188} INFO - [2026-03-15T17:05:44.792+0000] {dag.py:3047} INFO - Sync 1 DAGs
[2026-03-15T17:05:44.799+0000] {logging_mixin.py:188} INFO - [2026-03-15T17:05:44.799+0000] {dag.py:3834} INFO - Setting next_dagrun for example_kubernetes_executor to None, run_after=None
[2026-03-15T17:05:44.813+0000] {processor.py:183} INFO - Processing /home/airflow/.local/lib/python3.11/site-packages/airflow/example_dags/example_kubernetes_executor.py took 0.122 seconds
[2026-03-15T17:06:15.819+0000] {processor.py:161} INFO - Started process (PID=285) to work on /home/airflow/.local/lib/python3.11/site-packages/airflow/example_dags/example_kubernetes_executor.py
[2026-03-15T17:06:15.820+0000] {processor.py:830} INFO - Processing file /home/airflow/.local/lib/python3.11/site-packages/airflow/example_dags/example_kubernetes_executor.py for tasks to queue
[2026-03-15T17:06:15.822+0000] {logging_mixin.py:188} INFO - [2026-03-15T17:06:15.822+0000] {dagbag.py:540} INFO - Filling up the DagBag from /home/airflow/.local/lib/python3.11/site-packages/airflow/example_dags/example_kubernetes_executor.py
[2026-03-15T17:06:15.831+0000] {processor.py:840} INFO - DAG(s) 'example_kubernetes_executor' retrieved from /home/airflow/.local/lib/python3.11/site-packages/airflow/example_dags/example_kubernetes_executor.py
[2026-03-15T17:06:15.859+0000] {logging_mixin.py:188} INFO - [2026-03-15T17:06:15.858+0000] {dag.py:3047} INFO - Sync 1 DAGs
[2026-03-15T17:06:15.867+0000] {logging_mixin.py:188} INFO - [2026-03-15T17:06:15.867+0000] {dag.py:3834} INFO - Setting next_dagrun for example_kubernetes_executor to None, run_after=None
[2026-03-15T17:06:15.881+0000] {processor.py:183} INFO - Processing /home/airflow/.local/lib/python3.11/site-packages/airflow/example_dags/example_kubernetes_executor.py took 0.065 seconds
[2026-03-15T17:06:20.818+0000] {processor.py:161} INFO - Started process (PID=331) to work on /home/airflow/.local/lib/python3.11/site-packages/airflow/example_dags/example_kubernetes_executor.py
[2026-03-15T17:06:20.819+0000] {processor.py:830} INFO - Processing file /home/airflow/.local/lib/python3.11/site-packages/airflow/example_dags/example_kubernetes_executor.py for tasks to queue
[2026-03-15T17:06:20.821+0000] {logging_mixin.py:188} INFO - [2026-03-15T17:06:20.820+0000] {dagbag.py:540} INFO - Filling up the DagBag from /home/airflow/.local/lib/python3.11/site-packages/airflow/example_dags/example_kubernetes_executor.py
[2026-03-15T17:06:20.831+0000] {processor.py:840} INFO - DAG(s) 'example_kubernetes_executor' retrieved from /home/airflow/.local/lib/python3.11/site-packages/airflow/example_dags/example_kubernetes_executor.py
[2026-03-15T17:06:20.862+0000] {logging_mixin.py:188} INFO - [2026-03-15T17:06:20.861+0000] {dag.py:3047} INFO - Sync 1 DAGs
[2026-03-15T17:06:20.870+0000] {logging_mixin.py:188} INFO - [2026-03-15T17:06:20.870+0000] {dag.py:3834} INFO - Setting next_dagrun for example_kubernetes_executor to None, run_after=None
[2026-03-15T17:06:20.887+0000] {processor.py:183} INFO - Processing /home/airflow/.local/lib/python3.11/site-packages/airflow/example_dags/example_kubernetes_executor.py took 0.072 seconds
[2026-03-15T17:06:31.245+0000] {processor.py:161} INFO - Started process (PID=377) to work on /home/airflow/.local/lib/python3.11/site-packages/airflow/example_dags/example_kubernetes_executor.py
[2026-03-15T17:06:31.246+0000] {processor.py:830} INFO - Processing file /home/airflow/.local/lib/python3.11/site-packages/airflow/example_dags/example_kubernetes_executor.py for tasks to queue
[2026-03-15T17:06:31.248+0000] {logging_mixin.py:188} INFO - [2026-03-15T17:06:31.248+0000] {dagbag.py:540} INFO - Filling up the DagBag from /home/airflow/.local/lib/python3.11/site-packages/airflow/example_dags/example_kubernetes_executor.py
[2026-03-15T17:06:31.256+0000] {processor.py:840} INFO - DAG(s) 'example_kubernetes_executor' retrieved from /home/airflow/.local/lib/python3.11/site-packages/airflow/example_dags/example_kubernetes_executor.py
[2026-03-15T17:06:31.283+0000] {logging_mixin.py:188} INFO - [2026-03-15T17:06:31.283+0000] {dag.py:3047} INFO - Sync 1 DAGs
[2026-03-15T17:06:31.292+0000] {logging_mixin.py:188} INFO - [2026-03-15T17:06:31.291+0000] {dag.py:3834} INFO - Setting next_dagrun for example_kubernetes_executor to None, run_after=None
[2026-03-15T17:06:31.306+0000] {processor.py:183} INFO - Processing /home/airflow/.local/lib/python3.11/site-packages/airflow/example_dags/example_kubernetes_executor.py took 0.063 seconds
[2026-03-15T17:07:35.746+0000] {processor.py:161} INFO - Started process (PID=433) to work on /home/airflow/.local/lib/python3.11/site-packages/airflow/example_dags/example_kubernetes_executor.py
[2026-03-15T17:07:35.747+0000] {processor.py:830} INFO - Processing file /home/airflow/.local/lib/python3.11/site-packages/airflow/example_dags/example_kubernetes_executor.py for tasks to queue
[2026-03-15T17:07:35.749+0000] {logging_mixin.py:188} INFO - [2026-03-15T17:07:35.749+0000] {dagbag.py:540} INFO - Filling up the DagBag from /home/airflow/.local/lib/python3.11/site-packages/airflow/example_dags/example_kubernetes_executor.py
[2026-03-15T17:07:35.759+0000] {processor.py:840} INFO - DAG(s) 'example_kubernetes_executor' retrieved from /home/airflow/.local/lib/python3.11/site-packages/airflow/example_dags/example_kubernetes_executor.py
[2026-03-15T17:07:35.787+0000] {logging_mixin.py:188} INFO - [2026-03-15T17:07:35.787+0000] {dag.py:3047} INFO - Sync 1 DAGs
[2026-03-15T17:07:35.800+0000] {logging_mixin.py:188} INFO - [2026-03-15T17:07:35.799+0000] {dag.py:3834} INFO - Setting next_dagrun for example_kubernetes_executor to None, run_after=None
[2026-03-15T17:07:35.815+0000] {processor.py:183} INFO - Processing /home/airflow/.local/lib/python3.11/site-packages/airflow/example_dags/example_kubernetes_executor.py took 0.072 seconds
[2026-03-15T17:07:20.896+0000] {processor.py:161} INFO - Started process (PID=489) to work on /home/airflow/.local/lib/python3.11/site-packages/airflow/example_dags/example_kubernetes_executor.py
[2026-03-15T17:07:20.897+0000] {processor.py:830} INFO - Processing file /home/airflow/.local/lib/python3.11/site-packages/airflow/example_dags/example_kubernetes_executor.py for tasks to queue
[2026-03-15T17:07:20.898+0000] {logging_mixin.py:188} INFO - [2026-03-15T17:07:20.898+0000] {dagbag.py:540} INFO - Filling up the DagBag from /home/airflow/.local/lib/python3.11/site-packages/airflow/example_dags/example_kubernetes_executor.py
[2026-03-15T17:07:20.908+0000] {processor.py:840} INFO - DAG(s) 'example_kubernetes_executor' retrieved from /home/airflow/.local/lib/python3.11/site-packages/airflow/example_dags/example_kubernetes_executor.py
[2026-03-15T17:07:20.934+0000] {logging_mixin.py:188} INFO - [2026-03-15T17:07:20.934+0000] {dag.py:3047} INFO - Sync 1 DAGs
[2026-03-15T17:07:20.942+0000] {logging_mixin.py:188} INFO - [2026-03-15T17:07:20.942+0000] {dag.py:3834} INFO - Setting next_dagrun for example_kubernetes_executor to None, run_after=None
[2026-03-15T17:07:20.957+0000] {processor.py:183} INFO - Processing /home/airflow/.local/lib/python3.11/site-packages/airflow/example_dags/example_kubernetes_executor.py took 0.063 seconds
[2026-03-15T17:07:26.332+0000] {processor.py:161} INFO - Started process (PID=535) to work on /home/airflow/.local/lib/python3.11/site-packages/airflow/example_dags/example_kubernetes_executor.py
[2026-03-15T17:07:26.333+0000] {processor.py:830} INFO - Processing file /home/airflow/.local/lib/python3.11/site-packages/airflow/example_dags/example_kubernetes_executor.py for tasks to queue
[2026-03-15T17:07:26.334+0000] {logging_mixin.py:188} INFO - [2026-03-15T17:07:26.334+0000] {dagbag.py:540} INFO - Filling up the DagBag from /home/airflow/.local/lib/python3.11/site-packages/airflow/example_dags/example_kubernetes_executor.py
[2026-03-15T17:07:26.343+0000] {processor.py:840} INFO - DAG(s) 'example_kubernetes_executor' retrieved from /home/airflow/.local/lib/python3.11/site-packages/airflow/example_dags/example_kubernetes_executor.py
[2026-03-15T17:07:26.371+0000] {logging_mixin.py:188} INFO - [2026-03-15T17:07:26.371+0000] {dag.py:3047} INFO - Sync 1 DAGs
[2026-03-15T17:07:26.382+0000] {logging_mixin.py:188} INFO - [2026-03-15T17:07:26.382+0000] {dag.py:3834} INFO - Setting next_dagrun for example_kubernetes_executor to None, run_after=None
[2026-03-15T17:07:26.402+0000] {processor.py:183} INFO - Processing /home/airflow/.local/lib/python3.11/site-packages/airflow/example_dags/example_kubernetes_executor.py took 0.073 seconds
[2026-03-15T17:08:21.000+0000] {processor.py:161} INFO - Started process (PID=587) to work on /home/airflow/.local/lib/python3.11/site-packages/airflow/example_dags/example_kubernetes_executor.py
[2026-03-15T17:08:21.001+0000] {processor.py:830} INFO - Processing file /home/airflow/.local/lib/python3.11/site-packages/airflow/example_dags/example_kubernetes_executor.py for tasks to queue
[2026-03-15T17:08:21.003+0000] {logging_mixin.py:188} INFO - [2026-03-15T17:08:21.003+0000] {dagbag.py:540} INFO - Filling up the DagBag from /home/airflow/.local/lib/python3.11/site-packages/airflow/example_dags/example_kubernetes_executor.py
[2026-03-15T17:08:21.012+0000] {processor.py:840} INFO - DAG(s) 'example_kubernetes_executor' retrieved from /home/airflow/.local/lib/python3.11/site-packages/airflow/example_dags/example_kubernetes_executor.py
[2026-03-15T17:08:21.040+0000] {logging_mixin.py:188} INFO - [2026-03-15T17:08:21.040+0000] {dag.py:3047} INFO - Sync 1 DAGs
[2026-03-15T17:08:21.049+0000] {logging_mixin.py:188} INFO - [2026-03-15T17:08:21.048+0000] {dag.py:3834} INFO - Setting next_dagrun for example_kubernetes_executor to None, run_after=None
[2026-03-15T17:08:21.065+0000] {processor.py:183} INFO - Processing /home/airflow/.local/lib/python3.11/site-packages/airflow/example_dags/example_kubernetes_executor.py took 0.067 seconds
[2026-03-15T17:14:20.295+0000] {processor.py:161} INFO - Started process (PID=108) to work on /home/airflow/.local/lib/python3.11/site-packages/airflow/example_dags/example_kubernetes_executor.py
[2026-03-15T17:14:20.296+0000] {processor.py:830} INFO - Processing file /home/airflow/.local/lib/python3.11/site-packages/airflow/example_dags/example_kubernetes_executor.py for tasks to queue
[2026-03-15T17:14:20.298+0000] {logging_mixin.py:188} INFO - [2026-03-15T17:14:20.298+0000] {dagbag.py:540} INFO - Filling up the DagBag from /home/airflow/.local/lib/python3.11/site-packages/airflow/example_dags/example_kubernetes_executor.py
[2026-03-15T17:14:20.308+0000] {processor.py:840} INFO - DAG(s) 'example_kubernetes_executor' retrieved from /home/airflow/.local/lib/python3.11/site-packages/airflow/example_dags/example_kubernetes_executor.py
[2026-03-15T17:14:20.345+0000] {logging_mixin.py:188} INFO - [2026-03-15T17:14:20.345+0000] {dag.py:3047} INFO - Sync 1 DAGs
[2026-03-15T17:14:20.356+0000] {logging_mixin.py:188} INFO - [2026-03-15T17:14:20.356+0000] {dag.py:3834} INFO - Setting next_dagrun for example_kubernetes_executor to None, run_after=None
[2026-03-15T17:14:20.371+0000] {processor.py:183} INFO - Processing /home/airflow/.local/lib/python3.11/site-packages/airflow/example_dags/example_kubernetes_executor.py took 0.079 seconds
[2026-03-15T17:14:50.685+0000] {processor.py:161} INFO - Started process (PID=159) to work on /home/airflow/.local/lib/python3.11/site-packages/airflow/example_dags/example_kubernetes_executor.py
[2026-03-15T17:14:50.686+0000] {processor.py:830} INFO - Processing file /home/airflow/.local/lib/python3.11/site-packages/airflow/example_dags/example_kubernetes_executor.py for tasks to queue
[2026-03-15T17:14:50.689+0000] {logging_mixin.py:188} INFO - [2026-03-15T17:14:50.688+0000] {dagbag.py:540} INFO - Filling up the DagBag from /home/airflow/.local/lib/python3.11/site-packages/airflow/example_dags/example_kubernetes_executor.py
[2026-03-15T17:14:50.703+0000] {processor.py:840} INFO - DAG(s) 'example_kubernetes_executor' retrieved from /home/airflow/.local/lib/python3.11/site-packages/airflow/example_dags/example_kubernetes_executor.py
[2026-03-15T17:14:50.736+0000] {logging_mixin.py:188} INFO - [2026-03-15T17:14:50.735+0000] {dag.py:3047} INFO - Sync 1 DAGs
[2026-03-15T17:14:50.748+0000] {logging_mixin.py:188} INFO - [2026-03-15T17:14:50.748+0000] {dag.py:3834} INFO - Setting next_dagrun for example_kubernetes_executor to None, run_after=None
[2026-03-15T17:14:50.766+0000] {processor.py:183} INFO - Processing /home/airflow/.local/lib/python3.11/site-packages/airflow/example_dags/example_kubernetes_executor.py took 0.086 seconds
[2026-03-15T17:15:07.699+0000] {processor.py:161} INFO - Started process (PID=209) to work on /home/airflow/.local/lib/python3.11/site-packages/airflow/example_dags/example_kubernetes_executor.py
[2026-03-15T17:15:07.700+0000] {processor.py:830} INFO - Processing file /home/airflow/.local/lib/python3.11/site-packages/airflow/example_dags/example_kubernetes_executor.py for tasks to queue
[2026-03-15T17:15:07.704+0000] {logging_mixin.py:188} INFO - [2026-03-15T17:15:07.703+0000] {dagbag.py:540} INFO - Filling up the DagBag from /home/airflow/.local/lib/python3.11/site-packages/airflow/example_dags/example_kubernetes_executor.py
[2026-03-15T17:15:07.717+0000] {processor.py:840} INFO - DAG(s) 'example_kubernetes_executor' retrieved from /home/airflow/.local/lib/python3.11/site-packages/airflow/example_dags/example_kubernetes_executor.py
[2026-03-15T17:15:07.752+0000] {logging_mixin.py:188} INFO - [2026-03-15T17:15:07.752+0000] {dag.py:3047} INFO - Sync 1 DAGs
[2026-03-15T17:15:07.762+0000] {logging_mixin.py:188} INFO - [2026-03-15T17:15:07.762+0000] {dag.py:3834} INFO - Setting next_dagrun for example_kubernetes_executor to None, run_after=None
[2026-03-15T17:15:07.779+0000] {processor.py:183} INFO - Processing /home/airflow/.local/lib/python3.11/site-packages/airflow/example_dags/example_kubernetes_executor.py took 0.084 seconds
[2026-03-15T17:15:37.476+0000] {processor.py:161} INFO - Started process (PID=262) to work on /home/airflow/.local/lib/python3.11/site-packages/airflow/example_dags/example_kubernetes_executor.py
[2026-03-15T17:15:37.478+0000] {processor.py:830} INFO - Processing file /home/airflow/.local/lib/python3.11/site-packages/airflow/example_dags/example_kubernetes_executor.py for tasks to queue
[2026-03-15T17:15:37.480+0000] {logging_mixin.py:188} INFO - [2026-03-15T17:15:37.480+0000] {dagbag.py:540} INFO - Filling up the DagBag from /home/airflow/.local/lib/python3.11/site-packages/airflow/example_dags/example_kubernetes_executor.py
[2026-03-15T17:15:37.492+0000] {processor.py:840} INFO - DAG(s) 'example_kubernetes_executor' retrieved from /home/airflow/.local/lib/python3.11/site-packages/airflow/example_dags/example_kubernetes_executor.py
[2026-03-15T17:15:37.525+0000] {logging_mixin.py:188} INFO - [2026-03-15T17:15:37.525+0000] {dag.py:3047} INFO - Sync 1 DAGs
[2026-03-15T17:15:37.539+0000] {logging_mixin.py:188} INFO - [2026-03-15T17:15:37.539+0000] {dag.py:3834} INFO - Setting next_dagrun for example_kubernetes_executor to None, run_after=None
[2026-03-15T17:15:37.555+0000] {processor.py:183} INFO - Processing /home/airflow/.local/lib/python3.11/site-packages/airflow/example_dags/example_kubernetes_executor.py took 0.082 seconds
[2026-03-15T17:16:07.917+0000] {processor.py:161} INFO - Started process (PID=312) to work on /home/airflow/.local/lib/python3.11/site-packages/airflow/example_dags/example_kubernetes_executor.py
[2026-03-15T17:16:07.918+0000] {processor.py:830} INFO - Processing file /home/airflow/.local/lib/python3.11/site-packages/airflow/example_dags/example_kubernetes_executor.py for tasks to queue
[2026-03-15T17:16:07.920+0000] {logging_mixin.py:188} INFO - [2026-03-15T17:16:07.919+0000] {dagbag.py:540} INFO - Filling up the DagBag from /home/airflow/.local/lib/python3.11/site-packages/airflow/example_dags/example_kubernetes_executor.py
[2026-03-15T17:16:07.931+0000] {processor.py:840} INFO - DAG(s) 'example_kubernetes_executor' retrieved from /home/airflow/.local/lib/python3.11/site-packages/airflow/example_dags/example_kubernetes_executor.py
[2026-03-15T17:16:07.964+0000] {logging_mixin.py:188} INFO - [2026-03-15T17:16:07.964+0000] {dag.py:3047} INFO - Sync 1 DAGs
[2026-03-15T17:16:07.973+0000] {logging_mixin.py:188} INFO - [2026-03-15T17:16:07.973+0000] {dag.py:3834} INFO - Setting next_dagrun for example_kubernetes_executor to None, run_after=None
[2026-03-15T17:16:07.990+0000] {processor.py:183} INFO - Processing /home/airflow/.local/lib/python3.11/site-packages/airflow/example_dags/example_kubernetes_executor.py took 0.076 seconds
[2026-03-15T17:16:37.493+0000] {processor.py:161} INFO - Started process (PID=371) to work on /home/airflow/.local/lib/python3.11/site-packages/airflow/example_dags/example_kubernetes_executor.py
[2026-03-15T17:16:37.495+0000] {processor.py:830} INFO - Processing file /home/airflow/.local/lib/python3.11/site-packages/airflow/example_dags/example_kubernetes_executor.py for tasks to queue
[2026-03-15T17:16:37.497+0000] {logging_mixin.py:188} INFO - [2026-03-15T17:16:37.496+0000] {dagbag.py:540} INFO - Filling up the DagBag from /home/airflow/.local/lib/python3.11/site-packages/airflow/example_dags/example_kubernetes_executor.py
[2026-03-15T17:16:37.507+0000] {processor.py:840} INFO - DAG(s) 'example_kubernetes_executor' retrieved from /home/airflow/.local/lib/python3.11/site-packages/airflow/example_dags/example_kubernetes_executor.py
[2026-03-15T17:16:37.534+0000] {logging_mixin.py:188} INFO - [2026-03-15T17:16:37.534+0000] {dag.py:3047} INFO - Sync 1 DAGs
[2026-03-15T17:16:37.543+0000] {logging_mixin.py:188} INFO - [2026-03-15T17:16:37.543+0000] {dag.py:3834} INFO - Setting next_dagrun for example_kubernetes_executor to None, run_after=None
[2026-03-15T17:16:37.561+0000] {processor.py:183} INFO - Processing /home/airflow/.local/lib/python3.11/site-packages/airflow/example_dags/example_kubernetes_executor.py took 0.071 seconds
[2026-03-15T17:16:41.640+0000] {processor.py:161} INFO - Started process (PID=421) to work on /home/airflow/.local/lib/python3.11/site-packages/airflow/example_dags/example_kubernetes_executor.py
[2026-03-15T17:16:41.641+0000] {processor.py:830} INFO - Processing file /home/airflow/.local/lib/python3.11/site-packages/airflow/example_dags/example_kubernetes_executor.py for tasks to queue
[2026-03-15T17:16:41.643+0000] {logging_mixin.py:188} INFO - [2026-03-15T17:16:41.643+0000] {dagbag.py:540} INFO - Filling up the DagBag from /home/airflow/.local/lib/python3.11/site-packages/airflow/example_dags/example_kubernetes_executor.py
[2026-03-15T17:16:41.652+0000] {processor.py:840} INFO - DAG(s) 'example_kubernetes_executor' retrieved from /home/airflow/.local/lib/python3.11/site-packages/airflow/example_dags/example_kubernetes_executor.py
[2026-03-15T17:16:41.679+0000] {logging_mixin.py:188} INFO - [2026-03-15T17:16:41.679+0000] {dag.py:3047} INFO - Sync 1 DAGs
[2026-03-15T17:16:41.688+0000] {logging_mixin.py:188} INFO - [2026-03-15T17:16:41.687+0000] {dag.py:3834} INFO - Setting next_dagrun for example_kubernetes_executor to None, run_after=None
[2026-03-15T17:16:41.702+0000] {processor.py:183} INFO - Processing /home/airflow/.local/lib/python3.11/site-packages/airflow/example_dags/example_kubernetes_executor.py took 0.064 seconds
[2026-03-15T17:17:12.045+0000] {processor.py:161} INFO - Started process (PID=477) to work on /home/airflow/.local/lib/python3.11/site-packages/airflow/example_dags/example_kubernetes_executor.py
[2026-03-15T17:17:12.047+0000] {processor.py:830} INFO - Processing file /home/airflow/.local/lib/python3.11/site-packages/airflow/example_dags/example_kubernetes_executor.py for tasks to queue
[2026-03-15T17:17:12.050+0000] {logging_mixin.py:188} INFO - [2026-03-15T17:17:12.050+0000] {dagbag.py:540} INFO - Filling up the DagBag from /home/airflow/.local/lib/python3.11/site-packages/airflow/example_dags/example_kubernetes_executor.py
[2026-03-15T17:17:12.065+0000] {processor.py:840} INFO - DAG(s) 'example_kubernetes_executor' retrieved from /home/airflow/.local/lib/python3.11/site-packages/airflow/example_dags/example_kubernetes_executor.py
[2026-03-15T17:17:12.112+0000] {logging_mixin.py:188} INFO - [2026-03-15T17:17:12.112+0000] {dag.py:3047} INFO - Sync 1 DAGs
[2026-03-15T17:17:12.124+0000] {logging_mixin.py:188} INFO - [2026-03-15T17:17:12.123+0000] {dag.py:3834} INFO - Setting next_dagrun for example_kubernetes_executor to None, run_after=None
[2026-03-15T17:17:12.148+0000] {processor.py:183} INFO - Processing /home/airflow/.local/lib/python3.11/site-packages/airflow/example_dags/example_kubernetes_executor.py took 0.107 seconds
[2026-03-15T17:17:16.939+0000] {processor.py:161} INFO - Started process (PID=527) to work on /home/airflow/.local/lib/python3.11/site-packages/airflow/example_dags/example_kubernetes_executor.py
[2026-03-15T17:17:16.940+0000] {processor.py:830} INFO - Processing file /home/airflow/.local/lib/python3.11/site-packages/airflow/example_dags/example_kubernetes_executor.py for tasks to queue
[2026-03-15T17:17:16.942+0000] {logging_mixin.py:188} INFO - [2026-03-15T17:17:16.942+0000] {dagbag.py:540} INFO - Filling up the DagBag from /home/airflow/.local/lib/python3.11/site-packages/airflow/example_dags/example_kubernetes_executor.py
[2026-03-15T17:17:16.953+0000] {processor.py:840} INFO - DAG(s) 'example_kubernetes_executor' retrieved from /home/airflow/.local/lib/python3.11/site-packages/airflow/example_dags/example_kubernetes_executor.py
[2026-03-15T17:17:16.990+0000] {logging_mixin.py:188} INFO - [2026-03-15T17:17:16.989+0000] {dag.py:3047} INFO - Sync 1 DAGs
[2026-03-15T17:17:17.001+0000] {logging_mixin.py:188} INFO - [2026-03-15T17:17:17.001+0000] {dag.py:3834} INFO - Setting next_dagrun for example_kubernetes_executor to None, run_after=None
[2026-03-15T17:17:17.018+0000] {processor.py:183} INFO - Processing /home/airflow/.local/lib/python3.11/site-packages/airflow/example_dags/example_kubernetes_executor.py took 0.082 seconds
[2026-03-15T17:17:37.578+0000] {processor.py:161} INFO - Started process (PID=583) to work on /home/airflow/.local/lib/python3.11/site-packages/airflow/example_dags/example_kubernetes_executor.py
[2026-03-15T17:17:37.579+0000] {processor.py:830} INFO - Processing file /home/airflow/.local/lib/python3.11/site-packages/airflow/example_dags/example_kubernetes_executor.py for tasks to queue
[2026-03-15T17:17:37.581+0000] {logging_mixin.py:188} INFO - [2026-03-15T17:17:37.581+0000] {dagbag.py:540} INFO - Filling up the DagBag from /home/airflow/.local/lib/python3.11/site-packages/airflow/example_dags/example_kubernetes_executor.py
[2026-03-15T17:17:37.591+0000] {processor.py:840} INFO - DAG(s) 'example_kubernetes_executor' retrieved from /home/airflow/.local/lib/python3.11/site-packages/airflow/example_dags/example_kubernetes_executor.py
[2026-03-15T17:17:37.620+0000] {logging_mixin.py:188} INFO - [2026-03-15T17:17:37.619+0000] {dag.py:3047} INFO - Sync 1 DAGs
[2026-03-15T17:17:37.639+0000] {logging_mixin.py:188} INFO - [2026-03-15T17:17:37.639+0000] {dag.py:3834} INFO - Setting next_dagrun for example_kubernetes_executor to None, run_after=None
[2026-03-15T17:17:37.662+0000] {processor.py:183} INFO - Processing /home/airflow/.local/lib/python3.11/site-packages/airflow/example_dags/example_kubernetes_executor.py took 0.086 seconds
[2026-03-15T17:18:07.869+0000] {processor.py:161} INFO - Started process (PID=637) to work on /home/airflow/.local/lib/python3.11/site-packages/airflow/example_dags/example_kubernetes_executor.py
[2026-03-15T17:18:07.870+0000] {processor.py:830} INFO - Processing file /home/airflow/.local/lib/python3.11/site-packages/airflow/example_dags/example_kubernetes_executor.py for tasks to queue
[2026-03-15T17:18:07.872+0000] {logging_mixin.py:188} INFO - [2026-03-15T17:18:07.872+0000] {dagbag.py:540} INFO - Filling up the DagBag from /home/airflow/.local/lib/python3.11/site-packages/airflow/example_dags/example_kubernetes_executor.py
[2026-03-15T17:18:07.881+0000] {processor.py:840} INFO - DAG(s) 'example_kubernetes_executor' retrieved from /home/airflow/.local/lib/python3.11/site-packages/airflow/example_dags/example_kubernetes_executor.py
[2026-03-15T17:18:07.909+0000] {logging_mixin.py:188} INFO - [2026-03-15T17:18:07.908+0000] {dag.py:3047} INFO - Sync 1 DAGs
[2026-03-15T17:18:07.925+0000] {logging_mixin.py:188} INFO - [2026-03-15T17:18:07.925+0000] {dag.py:3834} INFO - Setting next_dagrun for example_kubernetes_executor to None, run_after=None
[2026-03-15T17:18:07.941+0000] {processor.py:183} INFO - Processing /home/airflow/.local/lib/python3.11/site-packages/airflow/example_dags/example_kubernetes_executor.py took 0.076 seconds
[2026-03-15T17:18:43.259+0000] {processor.py:161} INFO - Started process (PID=691) to work on /home/airflow/.local/lib/python3.11/site-packages/airflow/example_dags/example_kubernetes_executor.py
[2026-03-15T17:18:43.260+0000] {processor.py:830} INFO - Processing file /home/airflow/.local/lib/python3.11/site-packages/airflow/example_dags/example_kubernetes_executor.py for tasks to queue
[2026-03-15T17:18:43.262+0000] {logging_mixin.py:188} INFO - [2026-03-15T17:18:43.262+0000] {dagbag.py:540} INFO - Filling up the DagBag from /home/airflow/.local/lib/python3.11/site-packages/airflow/example_dags/example_kubernetes_executor.py
[2026-03-15T17:18:43.273+0000] {processor.py:840} INFO - DAG(s) 'example_kubernetes_executor' retrieved from /home/airflow/.local/lib/python3.11/site-packages/airflow/example_dags/example_kubernetes_executor.py
[2026-03-15T17:18:43.325+0000] {logging_mixin.py:188} INFO - [2026-03-15T17:18:43.324+0000] {dag.py:3047} INFO - Sync 1 DAGs
[2026-03-15T17:18:43.345+0000] {logging_mixin.py:188} INFO - [2026-03-15T17:18:43.345+0000] {dag.py:3834} INFO - Setting next_dagrun for example_kubernetes_executor to None, run_after=None
[2026-03-15T17:18:44.372+0000] {processor.py:183} INFO - Processing /home/airflow/.local/lib/python3.11/site-packages/airflow/example_dags/example_kubernetes_executor.py took 1.116 seconds
[2026-03-15T17:19:07.303+0000] {processor.py:161} INFO - Started process (PID=746) to work on /home/airflow/.local/lib/python3.11/site-packages/airflow/example_dags/example_kubernetes_executor.py
[2026-03-15T17:19:07.305+0000] {processor.py:830} INFO - Processing file /home/airflow/.local/lib/python3.11/site-packages/airflow/example_dags/example_kubernetes_executor.py for tasks to queue
[2026-03-15T17:19:07.307+0000] {logging_mixin.py:188} INFO - [2026-03-15T17:19:07.307+0000] {dagbag.py:540} INFO - Filling up the DagBag from /home/airflow/.local/lib/python3.11/site-packages/airflow/example_dags/example_kubernetes_executor.py
[2026-03-15T17:19:07.317+0000] {processor.py:840} INFO - DAG(s) 'example_kubernetes_executor' retrieved from /home/airflow/.local/lib/python3.11/site-packages/airflow/example_dags/example_kubernetes_executor.py
[2026-03-15T17:19:07.327+0000] {logging_mixin.py:188} INFO - [2026-03-15T17:19:07.327+0000] {dag.py:3047} INFO - Sync 1 DAGs
[2026-03-15T17:19:07.338+0000] {logging_mixin.py:188} INFO - [2026-03-15T17:19:07.338+0000] {dag.py:3834} INFO - Setting next_dagrun for example_kubernetes_executor to None, run_after=None
[2026-03-15T17:19:07.353+0000] {processor.py:183} INFO - Processing /home/airflow/.local/lib/python3.11/site-packages/airflow/example_dags/example_kubernetes_executor.py took 0.053 seconds
[2026-03-15T17:19:10.430+0000] {processor.py:161} INFO - Started process (PID=792) to work on /home/airflow/.local/lib/python3.11/site-packages/airflow/example_dags/example_kubernetes_executor.py
[2026-03-15T17:19:10.431+0000] {processor.py:830} INFO - Processing file /home/airflow/.local/lib/python3.11/site-packages/airflow/example_dags/example_kubernetes_executor.py for tasks to queue
[2026-03-15T17:19:10.433+0000] {logging_mixin.py:188} INFO - [2026-03-15T17:19:10.432+0000] {dagbag.py:540} INFO - Filling up the DagBag from /home/airflow/.local/lib/python3.11/site-packages/airflow/example_dags/example_kubernetes_executor.py
[2026-03-15T17:19:10.442+0000] {processor.py:840} INFO - DAG(s) 'example_kubernetes_executor' retrieved from /home/airflow/.local/lib/python3.11/site-packages/airflow/example_dags/example_kubernetes_executor.py
[2026-03-15T17:19:10.454+0000] {logging_mixin.py:188} INFO - [2026-03-15T17:19:10.454+0000] {dag.py:3047} INFO - Sync 1 DAGs
[2026-03-15T17:19:10.465+0000] {logging_mixin.py:188} INFO - [2026-03-15T17:19:10.465+0000] {dag.py:3834} INFO - Setting next_dagrun for example_kubernetes_executor to None, run_after=None
[2026-03-15T17:19:10.478+0000] {processor.py:183} INFO - Processing /home/airflow/.local/lib/python3.11/site-packages/airflow/example_dags/example_kubernetes_executor.py took 0.051 seconds
[2026-03-15T17:19:15.655+0000] {processor.py:161} INFO - Started process (PID=837) to work on /home/airflow/.local/lib/python3.11/site-packages/airflow/example_dags/example_kubernetes_executor.py
[2026-03-15T17:19:15.656+0000] {processor.py:830} INFO - Processing file /home/airflow/.local/lib/python3.11/site-packages/airflow/example_dags/example_kubernetes_executor.py for tasks to queue
[2026-03-15T17:19:15.658+0000] {logging_mixin.py:188} INFO - [2026-03-15T17:19:15.658+0000] {dagbag.py:540} INFO - Filling up the DagBag from /home/airflow/.local/lib/python3.11/site-packages/airflow/example_dags/example_kubernetes_executor.py
[2026-03-15T17:19:15.667+0000] {processor.py:840} INFO - DAG(s) 'example_kubernetes_executor' retrieved from /home/airflow/.local/lib/python3.11/site-packages/airflow/example_dags/example_kubernetes_executor.py
[2026-03-15T17:19:15.678+0000] {logging_mixin.py:188} INFO - [2026-03-15T17:19:15.677+0000] {dag.py:3047} INFO - Sync 1 DAGs
[2026-03-15T17:19:15.689+0000] {logging_mixin.py:188} INFO - [2026-03-15T17:19:15.689+0000] {dag.py:3834} INFO - Setting next_dagrun for example_kubernetes_executor to None, run_after=None
[2026-03-15T17:19:15.702+0000] {processor.py:183} INFO - Processing /home/airflow/.local/lib/python3.11/site-packages/airflow/example_dags/example_kubernetes_executor.py took 0.049 seconds
[2026-03-15T17:19:20.574+0000] {processor.py:161} INFO - Started process (PID=888) to work on /home/airflow/.local/lib/python3.11/site-packages/airflow/example_dags/example_kubernetes_executor.py
[2026-03-15T17:19:20.575+0000] {processor.py:830} INFO - Processing file /home/airflow/.local/lib/python3.11/site-packages/airflow/example_dags/example_kubernetes_executor.py for tasks to queue
[2026-03-15T17:19:20.577+0000] {logging_mixin.py:188} INFO - [2026-03-15T17:19:20.577+0000] {dagbag.py:540} INFO - Filling up the DagBag from /home/airflow/.local/lib/python3.11/site-packages/airflow/example_dags/example_kubernetes_executor.py
[2026-03-15T17:19:20.586+0000] {processor.py:840} INFO - DAG(s) 'example_kubernetes_executor' retrieved from /home/airflow/.local/lib/python3.11/site-packages/airflow/example_dags/example_kubernetes_executor.py
[2026-03-15T17:19:20.595+0000] {logging_mixin.py:188} INFO - [2026-03-15T17:19:20.595+0000] {dag.py:3047} INFO - Sync 1 DAGs
[2026-03-15T17:19:20.605+0000] {logging_mixin.py:188} INFO - [2026-03-15T17:19:20.604+0000] {dag.py:3834} INFO - Setting next_dagrun for example_kubernetes_executor to None, run_after=None
[2026-03-15T17:19:20.619+0000] {processor.py:183} INFO - Processing /home/airflow/.local/lib/python3.11/site-packages/airflow/example_dags/example_kubernetes_executor.py took 0.047 seconds
[2026-03-15T17:19:52.519+0000] {processor.py:161} INFO - Started process (PID=118) to work on /home/airflow/.local/lib/python3.11/site-packages/airflow/example_dags/example_kubernetes_executor.py
[2026-03-15T17:19:52.521+0000] {processor.py:830} INFO - Processing file /home/airflow/.local/lib/python3.11/site-packages/airflow/example_dags/example_kubernetes_executor.py for tasks to queue
[2026-03-15T17:19:52.524+0000] {logging_mixin.py:188} INFO - [2026-03-15T17:19:52.523+0000] {dagbag.py:540} INFO - Filling up the DagBag from /home/airflow/.local/lib/python3.11/site-packages/airflow/example_dags/example_kubernetes_executor.py
[2026-03-15T17:19:52.539+0000] {processor.py:840} INFO - DAG(s) 'example_kubernetes_executor' retrieved from /home/airflow/.local/lib/python3.11/site-packages/airflow/example_dags/example_kubernetes_executor.py
[2026-03-15T17:19:52.554+0000] {logging_mixin.py:188} INFO - [2026-03-15T17:19:52.554+0000] {dag.py:3047} INFO - Sync 1 DAGs
[2026-03-15T17:19:52.565+0000] {logging_mixin.py:188} INFO - [2026-03-15T17:19:52.565+0000] {dag.py:3834} INFO - Setting next_dagrun for example_kubernetes_executor to None, run_after=None
[2026-03-15T17:19:52.581+0000] {processor.py:183} INFO - Processing /home/airflow/.local/lib/python3.11/site-packages/airflow/example_dags/example_kubernetes_executor.py took 0.066 seconds
[2026-03-15T17:19:55.898+0000] {processor.py:161} INFO - Started process (PID=168) to work on /home/airflow/.local/lib/python3.11/site-packages/airflow/example_dags/example_kubernetes_executor.py
[2026-03-15T17:19:55.899+0000] {processor.py:830} INFO - Processing file /home/airflow/.local/lib/python3.11/site-packages/airflow/example_dags/example_kubernetes_executor.py for tasks to queue
[2026-03-15T17:19:55.901+0000] {logging_mixin.py:188} INFO - [2026-03-15T17:19:55.901+0000] {dagbag.py:540} INFO - Filling up the DagBag from /home/airflow/.local/lib/python3.11/site-packages/airflow/example_dags/example_kubernetes_executor.py
[2026-03-15T17:19:55.911+0000] {processor.py:840} INFO - DAG(s) 'example_kubernetes_executor' retrieved from /home/airflow/.local/lib/python3.11/site-packages/airflow/example_dags/example_kubernetes_executor.py
[2026-03-15T17:19:55.921+0000] {logging_mixin.py:188} INFO - [2026-03-15T17:19:55.921+0000] {dag.py:3047} INFO - Sync 1 DAGs
[2026-03-15T17:19:55.932+0000] {logging_mixin.py:188} INFO - [2026-03-15T17:19:55.932+0000] {dag.py:3834} INFO - Setting next_dagrun for example_kubernetes_executor to None, run_after=None
[2026-03-15T17:19:55.948+0000] {processor.py:183} INFO - Processing /home/airflow/.local/lib/python3.11/site-packages/airflow/example_dags/example_kubernetes_executor.py took 0.053 seconds
[2026-03-15T17:20:08.144+0000] {processor.py:161} INFO - Started process (PID=216) to work on /home/airflow/.local/lib/python3.11/site-packages/airflow/example_dags/example_kubernetes_executor.py
[2026-03-15T17:20:08.145+0000] {processor.py:830} INFO - Processing file /home/airflow/.local/lib/python3.11/site-packages/airflow/example_dags/example_kubernetes_executor.py for tasks to queue
[2026-03-15T17:20:08.147+0000] {logging_mixin.py:188} INFO - [2026-03-15T17:20:08.146+0000] {dagbag.py:540} INFO - Filling up the DagBag from /home/airflow/.local/lib/python3.11/site-packages/airflow/example_dags/example_kubernetes_executor.py
[2026-03-15T17:20:08.156+0000] {processor.py:840} INFO - DAG(s) 'example_kubernetes_executor' retrieved from /home/airflow/.local/lib/python3.11/site-packages/airflow/example_dags/example_kubernetes_executor.py
[2026-03-15T17:20:08.241+0000] {logging_mixin.py:188} INFO - [2026-03-15T17:20:08.241+0000] {dag.py:3047} INFO - Sync 1 DAGs
[2026-03-15T17:20:08.248+0000] {logging_mixin.py:188} INFO - [2026-03-15T17:20:08.248+0000] {dag.py:3834} INFO - Setting next_dagrun for example_kubernetes_executor to None, run_after=None
[2026-03-15T17:20:08.261+0000] {processor.py:183} INFO - Processing /home/airflow/.local/lib/python3.11/site-packages/airflow/example_dags/example_kubernetes_executor.py took 0.120 seconds
[2026-03-15T17:20:38.687+0000] {processor.py:161} INFO - Started process (PID=271) to work on /home/airflow/.local/lib/python3.11/site-packages/airflow/example_dags/example_kubernetes_executor.py
[2026-03-15T17:20:38.687+0000] {processor.py:830} INFO - Processing file /home/airflow/.local/lib/python3.11/site-packages/airflow/example_dags/example_kubernetes_executor.py for tasks to queue
[2026-03-15T17:20:38.689+0000] {logging_mixin.py:188} INFO - [2026-03-15T17:20:38.689+0000] {dagbag.py:540} INFO - Filling up the DagBag from /home/airflow/.local/lib/python3.11/site-packages/airflow/example_dags/example_kubernetes_executor.py
[2026-03-15T17:20:38.699+0000] {processor.py:840} INFO - DAG(s) 'example_kubernetes_executor' retrieved from /home/airflow/.local/lib/python3.11/site-packages/airflow/example_dags/example_kubernetes_executor.py
[2026-03-15T17:20:38.727+0000] {logging_mixin.py:188} INFO - [2026-03-15T17:20:38.727+0000] {dag.py:3047} INFO - Sync 1 DAGs
[2026-03-15T17:20:38.736+0000] {logging_mixin.py:188} INFO - [2026-03-15T17:20:38.735+0000] {dag.py:3834} INFO - Setting next_dagrun for example_kubernetes_executor to None, run_after=None
[2026-03-15T17:20:38.749+0000] {processor.py:183} INFO - Processing /home/airflow/.local/lib/python3.11/site-packages/airflow/example_dags/example_kubernetes_executor.py took 0.065 seconds
[2026-03-15T17:20:41.230+0000] {processor.py:161} INFO - Started process (PID=321) to work on /home/airflow/.local/lib/python3.11/site-packages/airflow/example_dags/example_kubernetes_executor.py
[2026-03-15T17:20:41.231+0000] {processor.py:830} INFO - Processing file /home/airflow/.local/lib/python3.11/site-packages/airflow/example_dags/example_kubernetes_executor.py for tasks to queue
[2026-03-15T17:20:41.233+0000] {logging_mixin.py:188} INFO - [2026-03-15T17:20:41.233+0000] {dagbag.py:540} INFO - Filling up the DagBag from /home/airflow/.local/lib/python3.11/site-packages/airflow/example_dags/example_kubernetes_executor.py
[2026-03-15T17:20:41.243+0000] {processor.py:840} INFO - DAG(s) 'example_kubernetes_executor' retrieved from /home/airflow/.local/lib/python3.11/site-packages/airflow/example_dags/example_kubernetes_executor.py
[2026-03-15T17:20:41.273+0000] {logging_mixin.py:188} INFO - [2026-03-15T17:20:41.273+0000] {dag.py:3047} INFO - Sync 1 DAGs
[2026-03-15T17:20:41.282+0000] {logging_mixin.py:188} INFO - [2026-03-15T17:20:41.282+0000] {dag.py:3834} INFO - Setting next_dagrun for example_kubernetes_executor to None, run_after=None
[2026-03-15T17:20:41.298+0000] {processor.py:183} INFO - Processing /home/airflow/.local/lib/python3.11/site-packages/airflow/example_dags/example_kubernetes_executor.py took 0.071 seconds
[2026-03-15T17:21:11.917+0000] {processor.py:161} INFO - Started process (PID=375) to work on /home/airflow/.local/lib/python3.11/site-packages/airflow/example_dags/example_kubernetes_executor.py
[2026-03-15T17:21:11.918+0000] {processor.py:830} INFO - Processing file /home/airflow/.local/lib/python3.11/site-packages/airflow/example_dags/example_kubernetes_executor.py for tasks to queue
[2026-03-15T17:21:11.920+0000] {logging_mixin.py:188} INFO - [2026-03-15T17:21:11.920+0000] {dagbag.py:540} INFO - Filling up the DagBag from /home/airflow/.local/lib/python3.11/site-packages/airflow/example_dags/example_kubernetes_executor.py
[2026-03-15T17:21:11.929+0000] {processor.py:840} INFO - DAG(s) 'example_kubernetes_executor' retrieved from /home/airflow/.local/lib/python3.11/site-packages/airflow/example_dags/example_kubernetes_executor.py
[2026-03-15T17:21:11.958+0000] {logging_mixin.py:188} INFO - [2026-03-15T17:21:11.958+0000] {dag.py:3047} INFO - Sync 1 DAGs
[2026-03-15T17:21:11.967+0000] {logging_mixin.py:188} INFO - [2026-03-15T17:21:11.967+0000] {dag.py:3834} INFO - Setting next_dagrun for example_kubernetes_executor to None, run_after=None
[2026-03-15T17:21:11.983+0000] {processor.py:183} INFO - Processing /home/airflow/.local/lib/python3.11/site-packages/airflow/example_dags/example_kubernetes_executor.py took 0.069 seconds
[2026-03-15T17:21:16.098+0000] {processor.py:161} INFO - Started process (PID=423) to work on /home/airflow/.local/lib/python3.11/site-packages/airflow/example_dags/example_kubernetes_executor.py
[2026-03-15T17:21:16.099+0000] {processor.py:830} INFO - Processing file /home/airflow/.local/lib/python3.11/site-packages/airflow/example_dags/example_kubernetes_executor.py for tasks to queue
[2026-03-15T17:21:16.101+0000] {logging_mixin.py:188} INFO - [2026-03-15T17:21:16.100+0000] {dagbag.py:540} INFO - Filling up the DagBag from /home/airflow/.local/lib/python3.11/site-packages/airflow/example_dags/example_kubernetes_executor.py
[2026-03-15T17:21:16.109+0000] {processor.py:840} INFO - DAG(s) 'example_kubernetes_executor' retrieved from /home/airflow/.local/lib/python3.11/site-packages/airflow/example_dags/example_kubernetes_executor.py
[2026-03-15T17:21:16.142+0000] {logging_mixin.py:188} INFO - [2026-03-15T17:21:16.142+0000] {dag.py:3047} INFO - Sync 1 DAGs
[2026-03-15T17:21:16.151+0000] {logging_mixin.py:188} INFO - [2026-03-15T17:21:16.151+0000] {dag.py:3834} INFO - Setting next_dagrun for example_kubernetes_executor to None, run_after=None
[2026-03-15T17:21:16.167+0000] {processor.py:183} INFO - Processing /home/airflow/.local/lib/python3.11/site-packages/airflow/example_dags/example_kubernetes_executor.py took 0.072 seconds
[2026-03-15T17:21:37.449+0000] {processor.py:161} INFO - Started process (PID=478) to work on /home/airflow/.local/lib/python3.11/site-packages/airflow/example_dags/example_kubernetes_executor.py
[2026-03-15T17:21:37.449+0000] {processor.py:830} INFO - Processing file /home/airflow/.local/lib/python3.11/site-packages/airflow/example_dags/example_kubernetes_executor.py for tasks to queue
[2026-03-15T17:21:37.451+0000] {logging_mixin.py:188} INFO - [2026-03-15T17:21:37.451+0000] {dagbag.py:540} INFO - Filling up the DagBag from /home/airflow/.local/lib/python3.11/site-packages/airflow/example_dags/example_kubernetes_executor.py
[2026-03-15T17:21:37.460+0000] {processor.py:840} INFO - DAG(s) 'example_kubernetes_executor' retrieved from /home/airflow/.local/lib/python3.11/site-packages/airflow/example_dags/example_kubernetes_executor.py
[2026-03-15T17:21:37.487+0000] {logging_mixin.py:188} INFO - [2026-03-15T17:21:37.487+0000] {dag.py:3047} INFO - Sync 1 DAGs
[2026-03-15T17:21:37.497+0000] {logging_mixin.py:188} INFO - [2026-03-15T17:21:37.497+0000] {dag.py:3834} INFO - Setting next_dagrun for example_kubernetes_executor to None, run_after=None
[2026-03-15T17:21:37.517+0000] {processor.py:183} INFO - Processing /home/airflow/.local/lib/python3.11/site-packages/airflow/example_dags/example_kubernetes_executor.py took 0.071 seconds
[2026-03-15T17:22:07.714+0000] {processor.py:161} INFO - Started process (PID=532) to work on /home/airflow/.local/lib/python3.11/site-packages/airflow/example_dags/example_kubernetes_executor.py
[2026-03-15T17:22:07.715+0000] {processor.py:830} INFO - Processing file /home/airflow/.local/lib/python3.11/site-packages/airflow/example_dags/example_kubernetes_executor.py for tasks to queue
[2026-03-15T17:22:07.717+0000] {logging_mixin.py:188} INFO - [2026-03-15T17:22:07.716+0000] {dagbag.py:540} INFO - Filling up the DagBag from /home/airflow/.local/lib/python3.11/site-packages/airflow/example_dags/example_kubernetes_executor.py
[2026-03-15T17:22:07.726+0000] {processor.py:840} INFO - DAG(s) 'example_kubernetes_executor' retrieved from /home/airflow/.local/lib/python3.11/site-packages/airflow/example_dags/example_kubernetes_executor.py
[2026-03-15T17:22:07.753+0000] {logging_mixin.py:188} INFO - [2026-03-15T17:22:07.753+0000] {dag.py:3047} INFO - Sync 1 DAGs
[2026-03-15T17:22:07.761+0000] {logging_mixin.py:188} INFO - [2026-03-15T17:22:07.761+0000] {dag.py:3834} INFO - Setting next_dagrun for example_kubernetes_executor to None, run_after=None
[2026-03-15T17:22:07.774+0000] {processor.py:183} INFO - Processing /home/airflow/.local/lib/python3.11/site-packages/airflow/example_dags/example_kubernetes_executor.py took 0.063 seconds
[2026-03-15T17:22:11.151+0000] {processor.py:161} INFO - Started process (PID=582) to work on /home/airflow/.local/lib/python3.11/site-packages/airflow/example_dags/example_kubernetes_executor.py
[2026-03-15T17:22:11.152+0000] {processor.py:830} INFO - Processing file /home/airflow/.local/lib/python3.11/site-packages/airflow/example_dags/example_kubernetes_executor.py for tasks to queue
[2026-03-15T17:22:11.153+0000] {logging_mixin.py:188} INFO - [2026-03-15T17:22:11.153+0000] {dagbag.py:540} INFO - Filling up the DagBag from /home/airflow/.local/lib/python3.11/site-packages/airflow/example_dags/example_kubernetes_executor.py
[2026-03-15T17:22:11.163+0000] {processor.py:840} INFO - DAG(s) 'example_kubernetes_executor' retrieved from /home/airflow/.local/lib/python3.11/site-packages/airflow/example_dags/example_kubernetes_executor.py
[2026-03-15T17:22:11.191+0000] {logging_mixin.py:188} INFO - [2026-03-15T17:22:11.191+0000] {dag.py:3047} INFO - Sync 1 DAGs
[2026-03-15T17:22:11.200+0000] {logging_mixin.py:188} INFO - [2026-03-15T17:22:11.199+0000] {dag.py:3834} INFO - Setting next_dagrun for example_kubernetes_executor to None, run_after=None
[2026-03-15T17:22:11.214+0000] {processor.py:183} INFO - Processing /home/airflow/.local/lib/python3.11/site-packages/airflow/example_dags/example_kubernetes_executor.py took 0.066 seconds
[2026-03-15T17:22:41.554+0000] {processor.py:161} INFO - Started process (PID=635) to work on /home/airflow/.local/lib/python3.11/site-packages/airflow/example_dags/example_kubernetes_executor.py
[2026-03-15T17:22:41.555+0000] {processor.py:830} INFO - Processing file /home/airflow/.local/lib/python3.11/site-packages/airflow/example_dags/example_kubernetes_executor.py for tasks to queue
[2026-03-15T17:22:41.557+0000] {logging_mixin.py:188} INFO - [2026-03-15T17:22:41.557+0000] {dagbag.py:540} INFO - Filling up the DagBag from /home/airflow/.local/lib/python3.11/site-packages/airflow/example_dags/example_kubernetes_executor.py
[2026-03-15T17:22:41.566+0000] {processor.py:840} INFO - DAG(s) 'example_kubernetes_executor' retrieved from /home/airflow/.local/lib/python3.11/site-packages/airflow/example_dags/example_kubernetes_executor.py
[2026-03-15T17:22:41.593+0000] {logging_mixin.py:188} INFO - [2026-03-15T17:22:41.593+0000] {dag.py:3047} INFO - Sync 1 DAGs
[2026-03-15T17:22:41.602+0000] {logging_mixin.py:188} INFO - [2026-03-15T17:22:41.602+0000] {dag.py:3834} INFO - Setting next_dagrun for example_kubernetes_executor to None, run_after=None
[2026-03-15T17:22:41.616+0000] {processor.py:183} INFO - Processing /home/airflow/.local/lib/python3.11/site-packages/airflow/example_dags/example_kubernetes_executor.py took 0.065 seconds
[2026-03-15T17:23:11.985+0000] {processor.py:161} INFO - Started process (PID=689) to work on /home/airflow/.local/lib/python3.11/site-packages/airflow/example_dags/example_kubernetes_executor.py
[2026-03-15T17:23:11.986+0000] {processor.py:830} INFO - Processing file /home/airflow/.local/lib/python3.11/site-packages/airflow/example_dags/example_kubernetes_executor.py for tasks to queue
[2026-03-15T17:23:11.987+0000] {logging_mixin.py:188} INFO - [2026-03-15T17:23:11.987+0000] {dagbag.py:540} INFO - Filling up the DagBag from /home/airflow/.local/lib/python3.11/site-packages/airflow/example_dags/example_kubernetes_executor.py
[2026-03-15T17:23:11.997+0000] {processor.py:840} INFO - DAG(s) 'example_kubernetes_executor' retrieved from /home/airflow/.local/lib/python3.11/site-packages/airflow/example_dags/example_kubernetes_executor.py
[2026-03-15T17:23:12.022+0000] {logging_mixin.py:188} INFO - [2026-03-15T17:23:12.022+0000] {dag.py:3047} INFO - Sync 1 DAGs
[2026-03-15T17:23:12.032+0000] {logging_mixin.py:188} INFO - [2026-03-15T17:23:12.032+0000] {dag.py:3834} INFO - Setting next_dagrun for example_kubernetes_executor to None, run_after=None
[2026-03-15T17:23:12.046+0000] {processor.py:183} INFO - Processing /home/airflow/.local/lib/python3.11/site-packages/airflow/example_dags/example_kubernetes_executor.py took 0.064 seconds
[2026-03-15T17:23:16.217+0000] {processor.py:161} INFO - Started process (PID=739) to work on /home/airflow/.local/lib/python3.11/site-packages/airflow/example_dags/example_kubernetes_executor.py
[2026-03-15T17:23:16.218+0000] {processor.py:830} INFO - Processing file /home/airflow/.local/lib/python3.11/site-packages/airflow/example_dags/example_kubernetes_executor.py for tasks to queue
[2026-03-15T17:23:16.220+0000] {logging_mixin.py:188} INFO - [2026-03-15T17:23:16.220+0000] {dagbag.py:540} INFO - Filling up the DagBag from /home/airflow/.local/lib/python3.11/site-packages/airflow/example_dags/example_kubernetes_executor.py
[2026-03-15T17:23:16.229+0000] {processor.py:840} INFO - DAG(s) 'example_kubernetes_executor' retrieved from /home/airflow/.local/lib/python3.11/site-packages/airflow/example_dags/example_kubernetes_executor.py
[2026-03-15T17:23:16.255+0000] {logging_mixin.py:188} INFO - [2026-03-15T17:23:16.254+0000] {dag.py:3047} INFO - Sync 1 DAGs
[2026-03-15T17:23:16.262+0000] {logging_mixin.py:188} INFO - [2026-03-15T17:23:16.262+0000] {dag.py:3834} INFO - Setting next_dagrun for example_kubernetes_executor to None, run_after=None
[2026-03-15T17:23:16.276+0000] {processor.py:183} INFO - Processing /home/airflow/.local/lib/python3.11/site-packages/airflow/example_dags/example_kubernetes_executor.py took 0.062 seconds
[2026-03-15T17:23:21.589+0000] {processor.py:161} INFO - Started process (PID=786) to work on /home/airflow/.local/lib/python3.11/site-packages/airflow/example_dags/example_kubernetes_executor.py
[2026-03-15T17:23:21.590+0000] {processor.py:830} INFO - Processing file /home/airflow/.local/lib/python3.11/site-packages/airflow/example_dags/example_kubernetes_executor.py for tasks to queue
[2026-03-15T17:23:21.592+0000] {logging_mixin.py:188} INFO - [2026-03-15T17:23:21.592+0000] {dagbag.py:540} INFO - Filling up the DagBag from /home/airflow/.local/lib/python3.11/site-packages/airflow/example_dags/example_kubernetes_executor.py
[2026-03-15T17:23:21.601+0000] {processor.py:840} INFO - DAG(s) 'example_kubernetes_executor' retrieved from /home/airflow/.local/lib/python3.11/site-packages/airflow/example_dags/example_kubernetes_executor.py
[2026-03-15T17:23:21.630+0000] {logging_mixin.py:188} INFO - [2026-03-15T17:23:21.630+0000] {dag.py:3047} INFO - Sync 1 DAGs
[2026-03-15T17:23:21.639+0000] {logging_mixin.py:188} INFO - [2026-03-15T17:23:21.639+0000] {dag.py:3834} INFO - Setting next_dagrun for example_kubernetes_executor to None, run_after=None
[2026-03-15T17:23:21.655+0000] {processor.py:183} INFO - Processing /home/airflow/.local/lib/python3.11/site-packages/airflow/example_dags/example_kubernetes_executor.py took 0.068 seconds
[2026-03-15T17:23:51.902+0000] {processor.py:161} INFO - Started process (PID=839) to work on /home/airflow/.local/lib/python3.11/site-packages/airflow/example_dags/example_kubernetes_executor.py
[2026-03-15T17:23:51.903+0000] {processor.py:830} INFO - Processing file /home/airflow/.local/lib/python3.11/site-packages/airflow/example_dags/example_kubernetes_executor.py for tasks to queue
[2026-03-15T17:23:51.904+0000] {logging_mixin.py:188} INFO - [2026-03-15T17:23:51.904+0000] {dagbag.py:540} INFO - Filling up the DagBag from /home/airflow/.local/lib/python3.11/site-packages/airflow/example_dags/example_kubernetes_executor.py
[2026-03-15T17:23:51.913+0000] {processor.py:840} INFO - DAG(s) 'example_kubernetes_executor' retrieved from /home/airflow/.local/lib/python3.11/site-packages/airflow/example_dags/example_kubernetes_executor.py
[2026-03-15T17:23:51.938+0000] {logging_mixin.py:188} INFO - [2026-03-15T17:23:51.938+0000] {dag.py:3047} INFO - Sync 1 DAGs
[2026-03-15T17:23:51.947+0000] {logging_mixin.py:188} INFO - [2026-03-15T17:23:51.947+0000] {dag.py:3834} INFO - Setting next_dagrun for example_kubernetes_executor to None, run_after=None
[2026-03-15T17:23:51.961+0000] {processor.py:183} INFO - Processing /home/airflow/.local/lib/python3.11/site-packages/airflow/example_dags/example_kubernetes_executor.py took 0.062 seconds
[2026-03-15T17:23:56.385+0000] {processor.py:161} INFO - Started process (PID=895) to work on /home/airflow/.local/lib/python3.11/site-packages/airflow/example_dags/example_kubernetes_executor.py
[2026-03-15T17:23:56.385+0000] {processor.py:830} INFO - Processing file /home/airflow/.local/lib/python3.11/site-packages/airflow/example_dags/example_kubernetes_executor.py for tasks to queue
[2026-03-15T17:23:56.388+0000] {logging_mixin.py:188} INFO - [2026-03-15T17:23:56.387+0000] {dagbag.py:540} INFO - Filling up the DagBag from /home/airflow/.local/lib/python3.11/site-packages/airflow/example_dags/example_kubernetes_executor.py
[2026-03-15T17:23:56.397+0000] {processor.py:840} INFO - DAG(s) 'example_kubernetes_executor' retrieved from /home/airflow/.local/lib/python3.11/site-packages/airflow/example_dags/example_kubernetes_executor.py
[2026-03-15T17:23:56.425+0000] {logging_mixin.py:188} INFO - [2026-03-15T17:23:56.425+0000] {dag.py:3047} INFO - Sync 1 DAGs
[2026-03-15T17:23:56.436+0000] {logging_mixin.py:188} INFO - [2026-03-15T17:23:56.436+0000] {dag.py:3834} INFO - Setting next_dagrun for example_kubernetes_executor to None, run_after=None
[2026-03-15T17:23:56.454+0000] {processor.py:183} INFO - Processing /home/airflow/.local/lib/python3.11/site-packages/airflow/example_dags/example_kubernetes_executor.py took 0.072 seconds
[2026-03-15T17:24:26.813+0000] {processor.py:161} INFO - Started process (PID=947) to work on /home/airflow/.local/lib/python3.11/site-packages/airflow/example_dags/example_kubernetes_executor.py
[2026-03-15T17:24:26.814+0000] {processor.py:830} INFO - Processing file /home/airflow/.local/lib/python3.11/site-packages/airflow/example_dags/example_kubernetes_executor.py for tasks to queue
[2026-03-15T17:24:26.815+0000] {logging_mixin.py:188} INFO - [2026-03-15T17:24:26.815+0000] {dagbag.py:540} INFO - Filling up the DagBag from /home/airflow/.local/lib/python3.11/site-packages/airflow/example_dags/example_kubernetes_executor.py
[2026-03-15T17:24:26.825+0000] {processor.py:840} INFO - DAG(s) 'example_kubernetes_executor' retrieved from /home/airflow/.local/lib/python3.11/site-packages/airflow/example_dags/example_kubernetes_executor.py
[2026-03-15T17:24:26.855+0000] {logging_mixin.py:188} INFO - [2026-03-15T17:24:26.854+0000] {dag.py:3047} INFO - Sync 1 DAGs
[2026-03-15T17:24:26.864+0000] {logging_mixin.py:188} INFO - [2026-03-15T17:24:26.864+0000] {dag.py:3834} INFO - Setting next_dagrun for example_kubernetes_executor to None, run_after=None
[2026-03-15T17:24:26.880+0000] {processor.py:183} INFO - Processing /home/airflow/.local/lib/python3.11/site-packages/airflow/example_dags/example_kubernetes_executor.py took 0.070 seconds
[2026-03-15T17:24:31.494+0000] {processor.py:161} INFO - Started process (PID=997) to work on /home/airflow/.local/lib/python3.11/site-packages/airflow/example_dags/example_kubernetes_executor.py
[2026-03-15T17:24:31.495+0000] {processor.py:830} INFO - Processing file /home/airflow/.local/lib/python3.11/site-packages/airflow/example_dags/example_kubernetes_executor.py for tasks to queue
[2026-03-15T17:24:31.496+0000] {logging_mixin.py:188} INFO - [2026-03-15T17:24:31.496+0000] {dagbag.py:540} INFO - Filling up the DagBag from /home/airflow/.local/lib/python3.11/site-packages/airflow/example_dags/example_kubernetes_executor.py
[2026-03-15T17:24:31.507+0000] {processor.py:840} INFO - DAG(s) 'example_kubernetes_executor' retrieved from /home/airflow/.local/lib/python3.11/site-packages/airflow/example_dags/example_kubernetes_executor.py
[2026-03-15T17:24:31.539+0000] {logging_mixin.py:188} INFO - [2026-03-15T17:24:31.538+0000] {dag.py:3047} INFO - Sync 1 DAGs
[2026-03-15T17:24:31.547+0000] {logging_mixin.py:188} INFO - [2026-03-15T17:24:31.546+0000] {dag.py:3834} INFO - Setting next_dagrun for example_kubernetes_executor to None, run_after=None
[2026-03-15T17:24:31.560+0000] {processor.py:183} INFO - Processing /home/airflow/.local/lib/python3.11/site-packages/airflow/example_dags/example_kubernetes_executor.py took 0.069 seconds
[2026-03-15T17:25:20.607+0000] {processor.py:161} INFO - Started process (PID=117) to work on /home/airflow/.local/lib/python3.11/site-packages/airflow/example_dags/example_kubernetes_executor.py
[2026-03-15T17:25:20.609+0000] {processor.py:830} INFO - Processing file /home/airflow/.local/lib/python3.11/site-packages/airflow/example_dags/example_kubernetes_executor.py for tasks to queue
[2026-03-15T17:25:20.612+0000] {logging_mixin.py:188} INFO - [2026-03-15T17:25:20.611+0000] {dagbag.py:540} INFO - Filling up the DagBag from /home/airflow/.local/lib/python3.11/site-packages/airflow/example_dags/example_kubernetes_executor.py
[2026-03-15T17:25:20.627+0000] {processor.py:840} INFO - DAG(s) 'example_kubernetes_executor' retrieved from /home/airflow/.local/lib/python3.11/site-packages/airflow/example_dags/example_kubernetes_executor.py
[2026-03-15T17:25:20.645+0000] {logging_mixin.py:188} INFO - [2026-03-15T17:25:20.644+0000] {dag.py:3047} INFO - Sync 1 DAGs
[2026-03-15T17:25:20.657+0000] {logging_mixin.py:188} INFO - [2026-03-15T17:25:20.657+0000] {dag.py:3834} INFO - Setting next_dagrun for example_kubernetes_executor to None, run_after=None
[2026-03-15T17:25:20.678+0000] {processor.py:183} INFO - Processing /home/airflow/.local/lib/python3.11/site-packages/airflow/example_dags/example_kubernetes_executor.py took 0.074 seconds
[2026-03-15T17:25:38.127+0000] {processor.py:161} INFO - Started process (PID=165) to work on /home/airflow/.local/lib/python3.11/site-packages/airflow/example_dags/example_kubernetes_executor.py
[2026-03-15T17:25:38.128+0000] {processor.py:830} INFO - Processing file /home/airflow/.local/lib/python3.11/site-packages/airflow/example_dags/example_kubernetes_executor.py for tasks to queue
[2026-03-15T17:25:38.130+0000] {logging_mixin.py:188} INFO - [2026-03-15T17:25:38.130+0000] {dagbag.py:540} INFO - Filling up the DagBag from /home/airflow/.local/lib/python3.11/site-packages/airflow/example_dags/example_kubernetes_executor.py
[2026-03-15T17:25:38.139+0000] {processor.py:840} INFO - DAG(s) 'example_kubernetes_executor' retrieved from /home/airflow/.local/lib/python3.11/site-packages/airflow/example_dags/example_kubernetes_executor.py
[2026-03-15T17:25:38.225+0000] {logging_mixin.py:188} INFO - [2026-03-15T17:25:38.225+0000] {dag.py:3047} INFO - Sync 1 DAGs
[2026-03-15T17:25:38.232+0000] {logging_mixin.py:188} INFO - [2026-03-15T17:25:38.232+0000] {dag.py:3834} INFO - Setting next_dagrun for example_kubernetes_executor to None, run_after=None
[2026-03-15T17:25:38.248+0000] {processor.py:183} INFO - Processing /home/airflow/.local/lib/python3.11/site-packages/airflow/example_dags/example_kubernetes_executor.py took 0.124 seconds
[2026-03-15T17:25:41.235+0000] {processor.py:161} INFO - Started process (PID=211) to work on /home/airflow/.local/lib/python3.11/site-packages/airflow/example_dags/example_kubernetes_executor.py
[2026-03-15T17:25:41.236+0000] {processor.py:830} INFO - Processing file /home/airflow/.local/lib/python3.11/site-packages/airflow/example_dags/example_kubernetes_executor.py for tasks to queue
[2026-03-15T17:25:41.238+0000] {logging_mixin.py:188} INFO - [2026-03-15T17:25:41.238+0000] {dagbag.py:540} INFO - Filling up the DagBag from /home/airflow/.local/lib/python3.11/site-packages/airflow/example_dags/example_kubernetes_executor.py
[2026-03-15T17:25:41.247+0000] {processor.py:840} INFO - DAG(s) 'example_kubernetes_executor' retrieved from /home/airflow/.local/lib/python3.11/site-packages/airflow/example_dags/example_kubernetes_executor.py
[2026-03-15T17:25:41.256+0000] {logging_mixin.py:188} INFO - [2026-03-15T17:25:41.256+0000] {dag.py:3047} INFO - Sync 1 DAGs
[2026-03-15T17:25:41.266+0000] {logging_mixin.py:188} INFO - [2026-03-15T17:25:41.265+0000] {dag.py:3834} INFO - Setting next_dagrun for example_kubernetes_executor to None, run_after=None
[2026-03-15T17:25:41.281+0000] {processor.py:183} INFO - Processing /home/airflow/.local/lib/python3.11/site-packages/airflow/example_dags/example_kubernetes_executor.py took 0.048 seconds
[2026-03-15T17:25:46.526+0000] {processor.py:161} INFO - Started process (PID=254) to work on /home/airflow/.local/lib/python3.11/site-packages/airflow/example_dags/example_kubernetes_executor.py
[2026-03-15T17:25:46.527+0000] {processor.py:830} INFO - Processing file /home/airflow/.local/lib/python3.11/site-packages/airflow/example_dags/example_kubernetes_executor.py for tasks to queue
[2026-03-15T17:25:46.529+0000] {logging_mixin.py:188} INFO - [2026-03-15T17:25:46.529+0000] {dagbag.py:540} INFO - Filling up the DagBag from /home/airflow/.local/lib/python3.11/site-packages/airflow/example_dags/example_kubernetes_executor.py
[2026-03-15T17:25:46.539+0000] {processor.py:840} INFO - DAG(s) 'example_kubernetes_executor' retrieved from /home/airflow/.local/lib/python3.11/site-packages/airflow/example_dags/example_kubernetes_executor.py
[2026-03-15T17:25:46.550+0000] {logging_mixin.py:188} INFO - [2026-03-15T17:25:46.550+0000] {dag.py:3047} INFO - Sync 1 DAGs
[2026-03-15T17:25:46.561+0000] {logging_mixin.py:188} INFO - [2026-03-15T17:25:46.561+0000] {dag.py:3834} INFO - Setting next_dagrun for example_kubernetes_executor to None, run_after=None
[2026-03-15T17:25:46.575+0000] {processor.py:183} INFO - Processing /home/airflow/.local/lib/python3.11/site-packages/airflow/example_dags/example_kubernetes_executor.py took 0.052 seconds
[2026-03-15T17:25:51.608+0000] {processor.py:161} INFO - Started process (PID=305) to work on /home/airflow/.local/lib/python3.11/site-packages/airflow/example_dags/example_kubernetes_executor.py
[2026-03-15T17:25:51.609+0000] {processor.py:830} INFO - Processing file /home/airflow/.local/lib/python3.11/site-packages/airflow/example_dags/example_kubernetes_executor.py for tasks to queue
[2026-03-15T17:25:51.610+0000] {logging_mixin.py:188} INFO - [2026-03-15T17:25:51.610+0000] {dagbag.py:540} INFO - Filling up the DagBag from /home/airflow/.local/lib/python3.11/site-packages/airflow/example_dags/example_kubernetes_executor.py
[2026-03-15T17:25:51.619+0000] {processor.py:840} INFO - DAG(s) 'example_kubernetes_executor' retrieved from /home/airflow/.local/lib/python3.11/site-packages/airflow/example_dags/example_kubernetes_executor.py
[2026-03-15T17:25:51.628+0000] {logging_mixin.py:188} INFO - [2026-03-15T17:25:51.628+0000] {dag.py:3047} INFO - Sync 1 DAGs
[2026-03-15T17:25:51.638+0000] {logging_mixin.py:188} INFO - [2026-03-15T17:25:51.638+0000] {dag.py:3834} INFO - Setting next_dagrun for example_kubernetes_executor to None, run_after=None
[2026-03-15T17:25:51.651+0000] {processor.py:183} INFO - Processing /home/airflow/.local/lib/python3.11/site-packages/airflow/example_dags/example_kubernetes_executor.py took 0.046 seconds
[2026-03-15T17:26:21.883+0000] {processor.py:161} INFO - Started process (PID=356) to work on /home/airflow/.local/lib/python3.11/site-packages/airflow/example_dags/example_kubernetes_executor.py
[2026-03-15T17:26:21.884+0000] {processor.py:830} INFO - Processing file /home/airflow/.local/lib/python3.11/site-packages/airflow/example_dags/example_kubernetes_executor.py for tasks to queue
[2026-03-15T17:26:21.886+0000] {logging_mixin.py:188} INFO - [2026-03-15T17:26:21.885+0000] {dagbag.py:540} INFO - Filling up the DagBag from /home/airflow/.local/lib/python3.11/site-packages/airflow/example_dags/example_kubernetes_executor.py
[2026-03-15T17:26:21.895+0000] {processor.py:840} INFO - DAG(s) 'example_kubernetes_executor' retrieved from /home/airflow/.local/lib/python3.11/site-packages/airflow/example_dags/example_kubernetes_executor.py
[2026-03-15T17:26:21.925+0000] {logging_mixin.py:188} INFO - [2026-03-15T17:26:21.925+0000] {dag.py:3047} INFO - Sync 1 DAGs
[2026-03-15T17:26:21.936+0000] {logging_mixin.py:188} INFO - [2026-03-15T17:26:21.935+0000] {dag.py:3834} INFO - Setting next_dagrun for example_kubernetes_executor to None, run_after=None
[2026-03-15T17:26:21.951+0000] {processor.py:183} INFO - Processing /home/airflow/.local/lib/python3.11/site-packages/airflow/example_dags/example_kubernetes_executor.py took 0.071 seconds
[2026-03-15T17:26:52.422+0000] {processor.py:161} INFO - Started process (PID=407) to work on /home/airflow/.local/lib/python3.11/site-packages/airflow/example_dags/example_kubernetes_executor.py
[2026-03-15T17:26:52.423+0000] {processor.py:830} INFO - Processing file /home/airflow/.local/lib/python3.11/site-packages/airflow/example_dags/example_kubernetes_executor.py for tasks to queue
[2026-03-15T17:26:52.425+0000] {logging_mixin.py:188} INFO - [2026-03-15T17:26:52.425+0000] {dagbag.py:540} INFO - Filling up the DagBag from /home/airflow/.local/lib/python3.11/site-packages/airflow/example_dags/example_kubernetes_executor.py
[2026-03-15T17:26:52.438+0000] {processor.py:840} INFO - DAG(s) 'example_kubernetes_executor' retrieved from /home/airflow/.local/lib/python3.11/site-packages/airflow/example_dags/example_kubernetes_executor.py
[2026-03-15T17:26:52.476+0000] {logging_mixin.py:188} INFO - [2026-03-15T17:26:52.475+0000] {dag.py:3047} INFO - Sync 1 DAGs
[2026-03-15T17:26:52.487+0000] {logging_mixin.py:188} INFO - [2026-03-15T17:26:52.487+0000] {dag.py:3834} INFO - Setting next_dagrun for example_kubernetes_executor to None, run_after=None
[2026-03-15T17:26:52.508+0000] {processor.py:183} INFO - Processing /home/airflow/.local/lib/python3.11/site-packages/airflow/example_dags/example_kubernetes_executor.py took 0.089 seconds
[2026-03-15T17:26:57.140+0000] {processor.py:161} INFO - Started process (PID=457) to work on /home/airflow/.local/lib/python3.11/site-packages/airflow/example_dags/example_kubernetes_executor.py
[2026-03-15T17:26:57.141+0000] {processor.py:830} INFO - Processing file /home/airflow/.local/lib/python3.11/site-packages/airflow/example_dags/example_kubernetes_executor.py for tasks to queue
[2026-03-15T17:26:57.143+0000] {logging_mixin.py:188} INFO - [2026-03-15T17:26:57.142+0000] {dagbag.py:540} INFO - Filling up the DagBag from /home/airflow/.local/lib/python3.11/site-packages/airflow/example_dags/example_kubernetes_executor.py
[2026-03-15T17:26:57.153+0000] {processor.py:840} INFO - DAG(s) 'example_kubernetes_executor' retrieved from /home/airflow/.local/lib/python3.11/site-packages/airflow/example_dags/example_kubernetes_executor.py
[2026-03-15T17:26:57.182+0000] {logging_mixin.py:188} INFO - [2026-03-15T17:26:57.182+0000] {dag.py:3047} INFO - Sync 1 DAGs
[2026-03-15T17:26:57.191+0000] {logging_mixin.py:188} INFO - [2026-03-15T17:26:57.191+0000] {dag.py:3834} INFO - Setting next_dagrun for example_kubernetes_executor to None, run_after=None
[2026-03-15T17:26:57.206+0000] {processor.py:183} INFO - Processing /home/airflow/.local/lib/python3.11/site-packages/airflow/example_dags/example_kubernetes_executor.py took 0.070 seconds
[2026-03-15T17:27:07.517+0000] {processor.py:161} INFO - Started process (PID=507) to work on /home/airflow/.local/lib/python3.11/site-packages/airflow/example_dags/example_kubernetes_executor.py
[2026-03-15T17:27:07.518+0000] {processor.py:830} INFO - Processing file /home/airflow/.local/lib/python3.11/site-packages/airflow/example_dags/example_kubernetes_executor.py for tasks to queue
[2026-03-15T17:27:07.520+0000] {logging_mixin.py:188} INFO - [2026-03-15T17:27:07.520+0000] {dagbag.py:540} INFO - Filling up the DagBag from /home/airflow/.local/lib/python3.11/site-packages/airflow/example_dags/example_kubernetes_executor.py
[2026-03-15T17:27:07.529+0000] {processor.py:840} INFO - DAG(s) 'example_kubernetes_executor' retrieved from /home/airflow/.local/lib/python3.11/site-packages/airflow/example_dags/example_kubernetes_executor.py
[2026-03-15T17:27:07.558+0000] {logging_mixin.py:188} INFO - [2026-03-15T17:27:07.557+0000] {dag.py:3047} INFO - Sync 1 DAGs
[2026-03-15T17:27:07.567+0000] {logging_mixin.py:188} INFO - [2026-03-15T17:27:07.567+0000] {dag.py:3834} INFO - Setting next_dagrun for example_kubernetes_executor to None, run_after=None
[2026-03-15T17:27:07.582+0000] {processor.py:183} INFO - Processing /home/airflow/.local/lib/python3.11/site-packages/airflow/example_dags/example_kubernetes_executor.py took 0.067 seconds
[2026-03-15T17:27:11.746+0000] {processor.py:161} INFO - Started process (PID=556) to work on /home/airflow/.local/lib/python3.11/site-packages/airflow/example_dags/example_kubernetes_executor.py
[2026-03-15T17:27:11.748+0000] {processor.py:830} INFO - Processing file /home/airflow/.local/lib/python3.11/site-packages/airflow/example_dags/example_kubernetes_executor.py for tasks to queue
[2026-03-15T17:27:11.750+0000] {logging_mixin.py:188} INFO - [2026-03-15T17:27:11.750+0000] {dagbag.py:540} INFO - Filling up the DagBag from /home/airflow/.local/lib/python3.11/site-packages/airflow/example_dags/example_kubernetes_executor.py
[2026-03-15T17:27:11.759+0000] {processor.py:840} INFO - DAG(s) 'example_kubernetes_executor' retrieved from /home/airflow/.local/lib/python3.11/site-packages/airflow/example_dags/example_kubernetes_executor.py
[2026-03-15T17:27:11.787+0000] {logging_mixin.py:188} INFO - [2026-03-15T17:27:11.787+0000] {dag.py:3047} INFO - Sync 1 DAGs
[2026-03-15T17:27:11.795+0000] {logging_mixin.py:188} INFO - [2026-03-15T17:27:11.795+0000] {dag.py:3834} INFO - Setting next_dagrun for example_kubernetes_executor to None, run_after=None
[2026-03-15T17:27:11.810+0000] {processor.py:183} INFO - Processing /home/airflow/.local/lib/python3.11/site-packages/airflow/example_dags/example_kubernetes_executor.py took 0.067 seconds
[2026-03-15T17:28:01.889+0000] {processor.py:161} INFO - Started process (PID=118) to work on /home/airflow/.local/lib/python3.11/site-packages/airflow/example_dags/example_kubernetes_executor.py
[2026-03-15T17:28:01.890+0000] {processor.py:830} INFO - Processing file /home/airflow/.local/lib/python3.11/site-packages/airflow/example_dags/example_kubernetes_executor.py for tasks to queue
[2026-03-15T17:28:01.893+0000] {logging_mixin.py:188} INFO - [2026-03-15T17:28:01.892+0000] {dagbag.py:540} INFO - Filling up the DagBag from /home/airflow/.local/lib/python3.11/site-packages/airflow/example_dags/example_kubernetes_executor.py
[2026-03-15T17:28:01.905+0000] {processor.py:840} INFO - DAG(s) 'example_kubernetes_executor' retrieved from /home/airflow/.local/lib/python3.11/site-packages/airflow/example_dags/example_kubernetes_executor.py
[2026-03-15T17:28:02.012+0000] {logging_mixin.py:188} INFO - [2026-03-15T17:28:02.011+0000] {override.py:1769} INFO - Created Permission View: can edit on DAG:example_kubernetes_executor
[2026-03-15T17:28:02.024+0000] {logging_mixin.py:188} INFO - [2026-03-15T17:28:02.023+0000] {override.py:1769} INFO - Created Permission View: can read on DAG:example_kubernetes_executor
[2026-03-15T17:28:02.033+0000] {logging_mixin.py:188} INFO - [2026-03-15T17:28:02.033+0000] {override.py:1769} INFO - Created Permission View: can delete on DAG:example_kubernetes_executor
[2026-03-15T17:28:02.034+0000] {logging_mixin.py:188} INFO - [2026-03-15T17:28:02.034+0000] {dag.py:3047} INFO - Sync 1 DAGs
[2026-03-15T17:28:02.045+0000] {logging_mixin.py:188} INFO - [2026-03-15T17:28:02.045+0000] {dag.py:3069} INFO - Creating ORM DAG for example_kubernetes_executor
[2026-03-15T17:28:02.046+0000] {logging_mixin.py:188} INFO - [2026-03-15T17:28:02.046+0000] {dag.py:3834} INFO - Setting next_dagrun for example_kubernetes_executor to None, run_after=None
[2026-03-15T17:28:02.063+0000] {processor.py:183} INFO - Processing /home/airflow/.local/lib/python3.11/site-packages/airflow/example_dags/example_kubernetes_executor.py took 0.177 seconds
[2026-03-15T17:28:32.324+0000] {processor.py:161} INFO - Started process (PID=172) to work on /home/airflow/.local/lib/python3.11/site-packages/airflow/example_dags/example_kubernetes_executor.py
[2026-03-15T17:28:32.325+0000] {processor.py:830} INFO - Processing file /home/airflow/.local/lib/python3.11/site-packages/airflow/example_dags/example_kubernetes_executor.py for tasks to queue
[2026-03-15T17:28:32.327+0000] {logging_mixin.py:188} INFO - [2026-03-15T17:28:32.327+0000] {dagbag.py:540} INFO - Filling up the DagBag from /home/airflow/.local/lib/python3.11/site-packages/airflow/example_dags/example_kubernetes_executor.py
[2026-03-15T17:28:32.336+0000] {processor.py:840} INFO - DAG(s) 'example_kubernetes_executor' retrieved from /home/airflow/.local/lib/python3.11/site-packages/airflow/example_dags/example_kubernetes_executor.py
[2026-03-15T17:28:32.366+0000] {logging_mixin.py:188} INFO - [2026-03-15T17:28:32.366+0000] {dag.py:3047} INFO - Sync 1 DAGs
[2026-03-15T17:28:32.376+0000] {logging_mixin.py:188} INFO - [2026-03-15T17:28:32.376+0000] {dag.py:3834} INFO - Setting next_dagrun for example_kubernetes_executor to None, run_after=None
[2026-03-15T17:28:32.392+0000] {processor.py:183} INFO - Processing /home/airflow/.local/lib/python3.11/site-packages/airflow/example_dags/example_kubernetes_executor.py took 0.070 seconds
[2026-03-15T17:28:34.559+0000] {processor.py:161} INFO - Started process (PID=215) to work on /home/airflow/.local/lib/python3.11/site-packages/airflow/example_dags/example_kubernetes_executor.py
[2026-03-15T17:28:34.560+0000] {processor.py:830} INFO - Processing file /home/airflow/.local/lib/python3.11/site-packages/airflow/example_dags/example_kubernetes_executor.py for tasks to queue
[2026-03-15T17:28:34.562+0000] {logging_mixin.py:188} INFO - [2026-03-15T17:28:34.562+0000] {dagbag.py:540} INFO - Filling up the DagBag from /home/airflow/.local/lib/python3.11/site-packages/airflow/example_dags/example_kubernetes_executor.py
[2026-03-15T17:28:34.572+0000] {processor.py:840} INFO - DAG(s) 'example_kubernetes_executor' retrieved from /home/airflow/.local/lib/python3.11/site-packages/airflow/example_dags/example_kubernetes_executor.py
[2026-03-15T17:28:34.602+0000] {logging_mixin.py:188} INFO - [2026-03-15T17:28:34.601+0000] {dag.py:3047} INFO - Sync 1 DAGs
[2026-03-15T17:28:34.611+0000] {logging_mixin.py:188} INFO - [2026-03-15T17:28:34.611+0000] {dag.py:3834} INFO - Setting next_dagrun for example_kubernetes_executor to None, run_after=None
[2026-03-15T17:28:34.625+0000] {processor.py:183} INFO - Processing /home/airflow/.local/lib/python3.11/site-packages/airflow/example_dags/example_kubernetes_executor.py took 0.068 seconds
[2026-03-15T17:28:38.793+0000] {processor.py:161} INFO - Started process (PID=257) to work on /home/airflow/.local/lib/python3.11/site-packages/airflow/example_dags/example_kubernetes_executor.py
[2026-03-15T17:28:38.794+0000] {processor.py:830} INFO - Processing file /home/airflow/.local/lib/python3.11/site-packages/airflow/example_dags/example_kubernetes_executor.py for tasks to queue
[2026-03-15T17:28:38.795+0000] {logging_mixin.py:188} INFO - [2026-03-15T17:28:38.795+0000] {dagbag.py:540} INFO - Filling up the DagBag from /home/airflow/.local/lib/python3.11/site-packages/airflow/example_dags/example_kubernetes_executor.py
[2026-03-15T17:28:38.805+0000] {processor.py:840} INFO - DAG(s) 'example_kubernetes_executor' retrieved from /home/airflow/.local/lib/python3.11/site-packages/airflow/example_dags/example_kubernetes_executor.py
[2026-03-15T17:28:38.842+0000] {logging_mixin.py:188} INFO - [2026-03-15T17:28:38.842+0000] {dag.py:3047} INFO - Sync 1 DAGs
[2026-03-15T17:28:38.856+0000] {logging_mixin.py:188} INFO - [2026-03-15T17:28:38.856+0000] {dag.py:3834} INFO - Setting next_dagrun for example_kubernetes_executor to None, run_after=None
[2026-03-15T17:28:38.881+0000] {processor.py:183} INFO - Processing /home/airflow/.local/lib/python3.11/site-packages/airflow/example_dags/example_kubernetes_executor.py took 0.091 seconds
[2026-03-15T17:29:09.600+0000] {processor.py:161} INFO - Started process (PID=316) to work on /home/airflow/.local/lib/python3.11/site-packages/airflow/example_dags/example_kubernetes_executor.py
[2026-03-15T17:29:09.601+0000] {processor.py:830} INFO - Processing file /home/airflow/.local/lib/python3.11/site-packages/airflow/example_dags/example_kubernetes_executor.py for tasks to queue
[2026-03-15T17:29:09.604+0000] {logging_mixin.py:188} INFO - [2026-03-15T17:29:09.604+0000] {dagbag.py:540} INFO - Filling up the DagBag from /home/airflow/.local/lib/python3.11/site-packages/airflow/example_dags/example_kubernetes_executor.py
[2026-03-15T17:29:09.615+0000] {processor.py:840} INFO - DAG(s) 'example_kubernetes_executor' retrieved from /home/airflow/.local/lib/python3.11/site-packages/airflow/example_dags/example_kubernetes_executor.py
[2026-03-15T17:29:09.655+0000] {logging_mixin.py:188} INFO - [2026-03-15T17:29:09.655+0000] {dag.py:3047} INFO - Sync 1 DAGs
[2026-03-15T17:29:09.670+0000] {logging_mixin.py:188} INFO - [2026-03-15T17:29:09.670+0000] {dag.py:3834} INFO - Setting next_dagrun for example_kubernetes_executor to None, run_after=None
[2026-03-15T17:29:09.691+0000] {processor.py:183} INFO - Processing /home/airflow/.local/lib/python3.11/site-packages/airflow/example_dags/example_kubernetes_executor.py took 0.095 seconds
[2026-03-15T17:29:39.889+0000] {processor.py:161} INFO - Started process (PID=367) to work on /home/airflow/.local/lib/python3.11/site-packages/airflow/example_dags/example_kubernetes_executor.py
[2026-03-15T17:29:39.890+0000] {processor.py:830} INFO - Processing file /home/airflow/.local/lib/python3.11/site-packages/airflow/example_dags/example_kubernetes_executor.py for tasks to queue
[2026-03-15T17:29:39.892+0000] {logging_mixin.py:188} INFO - [2026-03-15T17:29:39.892+0000] {dagbag.py:540} INFO - Filling up the DagBag from /home/airflow/.local/lib/python3.11/site-packages/airflow/example_dags/example_kubernetes_executor.py
[2026-03-15T17:29:39.901+0000] {processor.py:840} INFO - DAG(s) 'example_kubernetes_executor' retrieved from /home/airflow/.local/lib/python3.11/site-packages/airflow/example_dags/example_kubernetes_executor.py
[2026-03-15T17:29:39.933+0000] {logging_mixin.py:188} INFO - [2026-03-15T17:29:39.932+0000] {dag.py:3047} INFO - Sync 1 DAGs
[2026-03-15T17:29:39.941+0000] {logging_mixin.py:188} INFO - [2026-03-15T17:29:39.941+0000] {dag.py:3834} INFO - Setting next_dagrun for example_kubernetes_executor to None, run_after=None
[2026-03-15T17:29:39.956+0000] {processor.py:183} INFO - Processing /home/airflow/.local/lib/python3.11/site-packages/airflow/example_dags/example_kubernetes_executor.py took 0.070 seconds
[2026-03-15T17:30:10.919+0000] {processor.py:161} INFO - Started process (PID=419) to work on /home/airflow/.local/lib/python3.11/site-packages/airflow/example_dags/example_kubernetes_executor.py
[2026-03-15T17:30:10.921+0000] {processor.py:830} INFO - Processing file /home/airflow/.local/lib/python3.11/site-packages/airflow/example_dags/example_kubernetes_executor.py for tasks to queue
[2026-03-15T17:30:10.923+0000] {logging_mixin.py:188} INFO - [2026-03-15T17:30:10.923+0000] {dagbag.py:540} INFO - Filling up the DagBag from /home/airflow/.local/lib/python3.11/site-packages/airflow/example_dags/example_kubernetes_executor.py
[2026-03-15T17:30:10.935+0000] {processor.py:840} INFO - DAG(s) 'example_kubernetes_executor' retrieved from /home/airflow/.local/lib/python3.11/site-packages/airflow/example_dags/example_kubernetes_executor.py
[2026-03-15T17:30:10.962+0000] {logging_mixin.py:188} INFO - [2026-03-15T17:30:10.962+0000] {dag.py:3047} INFO - Sync 1 DAGs
[2026-03-15T17:30:10.970+0000] {logging_mixin.py:188} INFO - [2026-03-15T17:30:10.970+0000] {dag.py:3834} INFO - Setting next_dagrun for example_kubernetes_executor to None, run_after=None
[2026-03-15T17:30:10.984+0000] {processor.py:183} INFO - Processing /home/airflow/.local/lib/python3.11/site-packages/airflow/example_dags/example_kubernetes_executor.py took 0.069 seconds
[2026-03-15T17:30:35.279+0000] {processor.py:161} INFO - Started process (PID=480) to work on /home/airflow/.local/lib/python3.11/site-packages/airflow/example_dags/example_kubernetes_executor.py
[2026-03-15T17:30:35.280+0000] {processor.py:830} INFO - Processing file /home/airflow/.local/lib/python3.11/site-packages/airflow/example_dags/example_kubernetes_executor.py for tasks to queue
[2026-03-15T17:30:35.284+0000] {logging_mixin.py:188} INFO - [2026-03-15T17:30:35.283+0000] {dagbag.py:540} INFO - Filling up the DagBag from /home/airflow/.local/lib/python3.11/site-packages/airflow/example_dags/example_kubernetes_executor.py
[2026-03-15T17:30:35.295+0000] {processor.py:840} INFO - DAG(s) 'example_kubernetes_executor' retrieved from /home/airflow/.local/lib/python3.11/site-packages/airflow/example_dags/example_kubernetes_executor.py
[2026-03-15T17:30:35.350+0000] {logging_mixin.py:188} INFO - [2026-03-15T17:30:35.350+0000] {dag.py:3047} INFO - Sync 1 DAGs
[2026-03-15T17:30:35.363+0000] {logging_mixin.py:188} INFO - [2026-03-15T17:30:35.363+0000] {dag.py:3834} INFO - Setting next_dagrun for example_kubernetes_executor to None, run_after=None
[2026-03-15T17:30:35.385+0000] {processor.py:183} INFO - Processing /home/airflow/.local/lib/python3.11/site-packages/airflow/example_dags/example_kubernetes_executor.py took 0.109 seconds
[2026-03-15T17:30:38.810+0000] {processor.py:161} INFO - Started process (PID=528) to work on /home/airflow/.local/lib/python3.11/site-packages/airflow/example_dags/example_kubernetes_executor.py
[2026-03-15T17:30:38.811+0000] {processor.py:830} INFO - Processing file /home/airflow/.local/lib/python3.11/site-packages/airflow/example_dags/example_kubernetes_executor.py for tasks to queue
[2026-03-15T17:30:38.813+0000] {logging_mixin.py:188} INFO - [2026-03-15T17:30:38.813+0000] {dagbag.py:540} INFO - Filling up the DagBag from /home/airflow/.local/lib/python3.11/site-packages/airflow/example_dags/example_kubernetes_executor.py
[2026-03-15T17:30:38.823+0000] {processor.py:840} INFO - DAG(s) 'example_kubernetes_executor' retrieved from /home/airflow/.local/lib/python3.11/site-packages/airflow/example_dags/example_kubernetes_executor.py
[2026-03-15T17:30:38.851+0000] {logging_mixin.py:188} INFO - [2026-03-15T17:30:38.851+0000] {dag.py:3047} INFO - Sync 1 DAGs
[2026-03-15T17:30:38.861+0000] {logging_mixin.py:188} INFO - [2026-03-15T17:30:38.860+0000] {dag.py:3834} INFO - Setting next_dagrun for example_kubernetes_executor to None, run_after=None
[2026-03-15T17:30:38.875+0000] {processor.py:183} INFO - Processing /home/airflow/.local/lib/python3.11/site-packages/airflow/example_dags/example_kubernetes_executor.py took 0.068 seconds
[2026-03-15T17:31:09.932+0000] {processor.py:161} INFO - Started process (PID=589) to work on /home/airflow/.local/lib/python3.11/site-packages/airflow/example_dags/example_kubernetes_executor.py
[2026-03-15T17:31:09.933+0000] {processor.py:830} INFO - Processing file /home/airflow/.local/lib/python3.11/site-packages/airflow/example_dags/example_kubernetes_executor.py for tasks to queue
[2026-03-15T17:31:09.935+0000] {logging_mixin.py:188} INFO - [2026-03-15T17:31:09.934+0000] {dagbag.py:540} INFO - Filling up the DagBag from /home/airflow/.local/lib/python3.11/site-packages/airflow/example_dags/example_kubernetes_executor.py
[2026-03-15T17:31:09.944+0000] {processor.py:840} INFO - DAG(s) 'example_kubernetes_executor' retrieved from /home/airflow/.local/lib/python3.11/site-packages/airflow/example_dags/example_kubernetes_executor.py
[2026-03-15T17:31:09.973+0000] {logging_mixin.py:188} INFO - [2026-03-15T17:31:09.972+0000] {dag.py:3047} INFO - Sync 1 DAGs
[2026-03-15T17:31:09.983+0000] {logging_mixin.py:188} INFO - [2026-03-15T17:31:09.983+0000] {dag.py:3834} INFO - Setting next_dagrun for example_kubernetes_executor to None, run_after=None
[2026-03-15T17:31:09.999+0000] {processor.py:183} INFO - Processing /home/airflow/.local/lib/python3.11/site-packages/airflow/example_dags/example_kubernetes_executor.py took 0.070 seconds
[2026-03-15T17:31:40.177+0000] {processor.py:161} INFO - Started process (PID=641) to work on /home/airflow/.local/lib/python3.11/site-packages/airflow/example_dags/example_kubernetes_executor.py
[2026-03-15T17:31:40.178+0000] {processor.py:830} INFO - Processing file /home/airflow/.local/lib/python3.11/site-packages/airflow/example_dags/example_kubernetes_executor.py for tasks to queue
[2026-03-15T17:31:40.180+0000] {logging_mixin.py:188} INFO - [2026-03-15T17:31:40.180+0000] {dagbag.py:540} INFO - Filling up the DagBag from /home/airflow/.local/lib/python3.11/site-packages/airflow/example_dags/example_kubernetes_executor.py
[2026-03-15T17:31:40.189+0000] {processor.py:840} INFO - DAG(s) 'example_kubernetes_executor' retrieved from /home/airflow/.local/lib/python3.11/site-packages/airflow/example_dags/example_kubernetes_executor.py
[2026-03-15T17:31:40.220+0000] {logging_mixin.py:188} INFO - [2026-03-15T17:31:40.219+0000] {dag.py:3047} INFO - Sync 1 DAGs
[2026-03-15T17:31:40.237+0000] {logging_mixin.py:188} INFO - [2026-03-15T17:31:40.237+0000] {dag.py:3834} INFO - Setting next_dagrun for example_kubernetes_executor to None, run_after=None
[2026-03-15T17:31:40.262+0000] {processor.py:183} INFO - Processing /home/airflow/.local/lib/python3.11/site-packages/airflow/example_dags/example_kubernetes_executor.py took 0.087 seconds
[2026-03-15T17:31:44.811+0000] {processor.py:161} INFO - Started process (PID=691) to work on /home/airflow/.local/lib/python3.11/site-packages/airflow/example_dags/example_kubernetes_executor.py
[2026-03-15T17:31:44.812+0000] {processor.py:830} INFO - Processing file /home/airflow/.local/lib/python3.11/site-packages/airflow/example_dags/example_kubernetes_executor.py for tasks to queue
[2026-03-15T17:31:44.816+0000] {logging_mixin.py:188} INFO - [2026-03-15T17:31:44.815+0000] {dagbag.py:540} INFO - Filling up the DagBag from /home/airflow/.local/lib/python3.11/site-packages/airflow/example_dags/example_kubernetes_executor.py
[2026-03-15T17:31:44.828+0000] {processor.py:840} INFO - DAG(s) 'example_kubernetes_executor' retrieved from /home/airflow/.local/lib/python3.11/site-packages/airflow/example_dags/example_kubernetes_executor.py
[2026-03-15T17:31:44.860+0000] {logging_mixin.py:188} INFO - [2026-03-15T17:31:44.860+0000] {dag.py:3047} INFO - Sync 1 DAGs
[2026-03-15T17:31:44.870+0000] {logging_mixin.py:188} INFO - [2026-03-15T17:31:44.870+0000] {dag.py:3834} INFO - Setting next_dagrun for example_kubernetes_executor to None, run_after=None
[2026-03-15T17:31:44.886+0000] {processor.py:183} INFO - Processing /home/airflow/.local/lib/python3.11/site-packages/airflow/example_dags/example_kubernetes_executor.py took 0.080 seconds
[2026-03-15T17:32:15.923+0000] {processor.py:161} INFO - Started process (PID=748) to work on /home/airflow/.local/lib/python3.11/site-packages/airflow/example_dags/example_kubernetes_executor.py
[2026-03-15T17:32:15.924+0000] {processor.py:830} INFO - Processing file /home/airflow/.local/lib/python3.11/site-packages/airflow/example_dags/example_kubernetes_executor.py for tasks to queue
[2026-03-15T17:32:15.926+0000] {logging_mixin.py:188} INFO - [2026-03-15T17:32:15.925+0000] {dagbag.py:540} INFO - Filling up the DagBag from /home/airflow/.local/lib/python3.11/site-packages/airflow/example_dags/example_kubernetes_executor.py
[2026-03-15T17:32:15.936+0000] {processor.py:840} INFO - DAG(s) 'example_kubernetes_executor' retrieved from /home/airflow/.local/lib/python3.11/site-packages/airflow/example_dags/example_kubernetes_executor.py
[2026-03-15T17:32:15.967+0000] {logging_mixin.py:188} INFO - [2026-03-15T17:32:15.966+0000] {dag.py:3047} INFO - Sync 1 DAGs
[2026-03-15T17:32:15.977+0000] {logging_mixin.py:188} INFO - [2026-03-15T17:32:15.977+0000] {dag.py:3834} INFO - Setting next_dagrun for example_kubernetes_executor to None, run_after=None
[2026-03-15T17:32:15.993+0000] {processor.py:183} INFO - Processing /home/airflow/.local/lib/python3.11/site-packages/airflow/example_dags/example_kubernetes_executor.py took 0.074 seconds
[2026-03-15T17:32:46.303+0000] {processor.py:161} INFO - Started process (PID=801) to work on /home/airflow/.local/lib/python3.11/site-packages/airflow/example_dags/example_kubernetes_executor.py
[2026-03-15T17:32:46.303+0000] {processor.py:830} INFO - Processing file /home/airflow/.local/lib/python3.11/site-packages/airflow/example_dags/example_kubernetes_executor.py for tasks to queue
[2026-03-15T17:32:46.305+0000] {logging_mixin.py:188} INFO - [2026-03-15T17:32:46.305+0000] {dagbag.py:540} INFO - Filling up the DagBag from /home/airflow/.local/lib/python3.11/site-packages/airflow/example_dags/example_kubernetes_executor.py
[2026-03-15T17:32:46.314+0000] {processor.py:840} INFO - DAG(s) 'example_kubernetes_executor' retrieved from /home/airflow/.local/lib/python3.11/site-packages/airflow/example_dags/example_kubernetes_executor.py
[2026-03-15T17:32:46.344+0000] {logging_mixin.py:188} INFO - [2026-03-15T17:32:46.344+0000] {dag.py:3047} INFO - Sync 1 DAGs
[2026-03-15T17:32:46.354+0000] {logging_mixin.py:188} INFO - [2026-03-15T17:32:46.354+0000] {dag.py:3834} INFO - Setting next_dagrun for example_kubernetes_executor to None, run_after=None
[2026-03-15T17:32:46.370+0000] {processor.py:183} INFO - Processing /home/airflow/.local/lib/python3.11/site-packages/airflow/example_dags/example_kubernetes_executor.py took 0.071 seconds
[2026-03-15T17:32:59.879+0000] {processor.py:161} INFO - Started process (PID=857) to work on /home/airflow/.local/lib/python3.11/site-packages/airflow/example_dags/example_kubernetes_executor.py
[2026-03-15T17:32:59.880+0000] {processor.py:830} INFO - Processing file /home/airflow/.local/lib/python3.11/site-packages/airflow/example_dags/example_kubernetes_executor.py for tasks to queue
[2026-03-15T17:32:59.881+0000] {logging_mixin.py:188} INFO - [2026-03-15T17:32:59.881+0000] {dagbag.py:540} INFO - Filling up the DagBag from /home/airflow/.local/lib/python3.11/site-packages/airflow/example_dags/example_kubernetes_executor.py
[2026-03-15T17:32:59.891+0000] {processor.py:840} INFO - DAG(s) 'example_kubernetes_executor' retrieved from /home/airflow/.local/lib/python3.11/site-packages/airflow/example_dags/example_kubernetes_executor.py
[2026-03-15T17:32:59.923+0000] {logging_mixin.py:188} INFO - [2026-03-15T17:32:59.923+0000] {dag.py:3047} INFO - Sync 1 DAGs
[2026-03-15T17:32:59.935+0000] {logging_mixin.py:188} INFO - [2026-03-15T17:32:59.934+0000] {dag.py:3834} INFO - Setting next_dagrun for example_kubernetes_executor to None, run_after=None
[2026-03-15T17:32:59.949+0000] {processor.py:183} INFO - Processing /home/airflow/.local/lib/python3.11/site-packages/airflow/example_dags/example_kubernetes_executor.py took 0.073 seconds
[2026-03-15T17:33:15.164+0000] {processor.py:161} INFO - Started process (PID=904) to work on /home/airflow/.local/lib/python3.11/site-packages/airflow/example_dags/example_kubernetes_executor.py
[2026-03-15T17:33:15.165+0000] {processor.py:830} INFO - Processing file /home/airflow/.local/lib/python3.11/site-packages/airflow/example_dags/example_kubernetes_executor.py for tasks to queue
[2026-03-15T17:33:15.167+0000] {logging_mixin.py:188} INFO - [2026-03-15T17:33:15.166+0000] {dagbag.py:540} INFO - Filling up the DagBag from /home/airflow/.local/lib/python3.11/site-packages/airflow/example_dags/example_kubernetes_executor.py
[2026-03-15T17:33:15.176+0000] {processor.py:840} INFO - DAG(s) 'example_kubernetes_executor' retrieved from /home/airflow/.local/lib/python3.11/site-packages/airflow/example_dags/example_kubernetes_executor.py
[2026-03-15T17:33:15.204+0000] {logging_mixin.py:188} INFO - [2026-03-15T17:33:15.204+0000] {dag.py:3047} INFO - Sync 1 DAGs
[2026-03-15T17:33:15.214+0000] {logging_mixin.py:188} INFO - [2026-03-15T17:33:15.214+0000] {dag.py:3834} INFO - Setting next_dagrun for example_kubernetes_executor to None, run_after=None
[2026-03-15T17:33:15.228+0000] {processor.py:183} INFO - Processing /home/airflow/.local/lib/python3.11/site-packages/airflow/example_dags/example_kubernetes_executor.py took 0.067 seconds
[2026-03-15T17:33:45.680+0000] {processor.py:161} INFO - Started process (PID=961) to work on /home/airflow/.local/lib/python3.11/site-packages/airflow/example_dags/example_kubernetes_executor.py
[2026-03-15T17:33:45.682+0000] {processor.py:830} INFO - Processing file /home/airflow/.local/lib/python3.11/site-packages/airflow/example_dags/example_kubernetes_executor.py for tasks to queue
[2026-03-15T17:33:45.684+0000] {logging_mixin.py:188} INFO - [2026-03-15T17:33:45.683+0000] {dagbag.py:540} INFO - Filling up the DagBag from /home/airflow/.local/lib/python3.11/site-packages/airflow/example_dags/example_kubernetes_executor.py
[2026-03-15T17:33:45.694+0000] {processor.py:840} INFO - DAG(s) 'example_kubernetes_executor' retrieved from /home/airflow/.local/lib/python3.11/site-packages/airflow/example_dags/example_kubernetes_executor.py
[2026-03-15T17:33:45.722+0000] {logging_mixin.py:188} INFO - [2026-03-15T17:33:45.722+0000] {dag.py:3047} INFO - Sync 1 DAGs
[2026-03-15T17:33:45.732+0000] {logging_mixin.py:188} INFO - [2026-03-15T17:33:45.731+0000] {dag.py:3834} INFO - Setting next_dagrun for example_kubernetes_executor to None, run_after=None
[2026-03-15T17:33:45.748+0000] {processor.py:183} INFO - Processing /home/airflow/.local/lib/python3.11/site-packages/airflow/example_dags/example_kubernetes_executor.py took 0.070 seconds
[2026-03-15T17:33:50.206+0000] {processor.py:161} INFO - Started process (PID=1011) to work on /home/airflow/.local/lib/python3.11/site-packages/airflow/example_dags/example_kubernetes_executor.py
[2026-03-15T17:33:50.207+0000] {processor.py:830} INFO - Processing file /home/airflow/.local/lib/python3.11/site-packages/airflow/example_dags/example_kubernetes_executor.py for tasks to queue
[2026-03-15T17:33:50.209+0000] {logging_mixin.py:188} INFO - [2026-03-15T17:33:50.209+0000] {dagbag.py:540} INFO - Filling up the DagBag from /home/airflow/.local/lib/python3.11/site-packages/airflow/example_dags/example_kubernetes_executor.py
[2026-03-15T17:33:50.219+0000] {processor.py:840} INFO - DAG(s) 'example_kubernetes_executor' retrieved from /home/airflow/.local/lib/python3.11/site-packages/airflow/example_dags/example_kubernetes_executor.py
[2026-03-15T17:33:50.246+0000] {logging_mixin.py:188} INFO - [2026-03-15T17:33:50.246+0000] {dag.py:3047} INFO - Sync 1 DAGs
[2026-03-15T17:33:50.255+0000] {logging_mixin.py:188} INFO - [2026-03-15T17:33:50.255+0000] {dag.py:3834} INFO - Setting next_dagrun for example_kubernetes_executor to None, run_after=None
[2026-03-15T17:33:50.269+0000] {processor.py:183} INFO - Processing /home/airflow/.local/lib/python3.11/site-packages/airflow/example_dags/example_kubernetes_executor.py took 0.066 seconds
[2026-03-15T17:34:08.738+0000] {processor.py:161} INFO - Started process (PID=1067) to work on /home/airflow/.local/lib/python3.11/site-packages/airflow/example_dags/example_kubernetes_executor.py
[2026-03-15T17:34:08.738+0000] {processor.py:830} INFO - Processing file /home/airflow/.local/lib/python3.11/site-packages/airflow/example_dags/example_kubernetes_executor.py for tasks to queue
[2026-03-15T17:34:08.740+0000] {logging_mixin.py:188} INFO - [2026-03-15T17:34:08.740+0000] {dagbag.py:540} INFO - Filling up the DagBag from /home/airflow/.local/lib/python3.11/site-packages/airflow/example_dags/example_kubernetes_executor.py
[2026-03-15T17:34:08.749+0000] {processor.py:840} INFO - DAG(s) 'example_kubernetes_executor' retrieved from /home/airflow/.local/lib/python3.11/site-packages/airflow/example_dags/example_kubernetes_executor.py
[2026-03-15T17:34:08.778+0000] {logging_mixin.py:188} INFO - [2026-03-15T17:34:08.777+0000] {dag.py:3047} INFO - Sync 1 DAGs
[2026-03-15T17:34:08.788+0000] {logging_mixin.py:188} INFO - [2026-03-15T17:34:08.788+0000] {dag.py:3834} INFO - Setting next_dagrun for example_kubernetes_executor to None, run_after=None
[2026-03-15T17:34:08.804+0000] {processor.py:183} INFO - Processing /home/airflow/.local/lib/python3.11/site-packages/airflow/example_dags/example_kubernetes_executor.py took 0.069 seconds
[2026-03-15T17:34:14.931+0000] {processor.py:161} INFO - Started process (PID=1110) to work on /home/airflow/.local/lib/python3.11/site-packages/airflow/example_dags/example_kubernetes_executor.py
[2026-03-15T17:34:14.932+0000] {processor.py:830} INFO - Processing file /home/airflow/.local/lib/python3.11/site-packages/airflow/example_dags/example_kubernetes_executor.py for tasks to queue
[2026-03-15T17:34:14.934+0000] {logging_mixin.py:188} INFO - [2026-03-15T17:34:14.934+0000] {dagbag.py:540} INFO - Filling up the DagBag from /home/airflow/.local/lib/python3.11/site-packages/airflow/example_dags/example_kubernetes_executor.py
[2026-03-15T17:34:14.944+0000] {processor.py:840} INFO - DAG(s) 'example_kubernetes_executor' retrieved from /home/airflow/.local/lib/python3.11/site-packages/airflow/example_dags/example_kubernetes_executor.py
[2026-03-15T17:34:14.971+0000] {logging_mixin.py:188} INFO - [2026-03-15T17:34:14.971+0000] {dag.py:3047} INFO - Sync 1 DAGs
[2026-03-15T17:34:14.980+0000] {logging_mixin.py:188} INFO - [2026-03-15T17:34:14.980+0000] {dag.py:3834} INFO - Setting next_dagrun for example_kubernetes_executor to None, run_after=None
[2026-03-15T17:34:14.995+0000] {processor.py:183} INFO - Processing /home/airflow/.local/lib/python3.11/site-packages/airflow/example_dags/example_kubernetes_executor.py took 0.067 seconds
[2026-03-15T17:34:19.838+0000] {processor.py:161} INFO - Started process (PID=1151) to work on /home/airflow/.local/lib/python3.11/site-packages/airflow/example_dags/example_kubernetes_executor.py
[2026-03-15T17:34:19.842+0000] {processor.py:830} INFO - Processing file /home/airflow/.local/lib/python3.11/site-packages/airflow/example_dags/example_kubernetes_executor.py for tasks to queue
[2026-03-15T17:34:19.845+0000] {logging_mixin.py:188} INFO - [2026-03-15T17:34:19.845+0000] {dagbag.py:540} INFO - Filling up the DagBag from /home/airflow/.local/lib/python3.11/site-packages/airflow/example_dags/example_kubernetes_executor.py
[2026-03-15T17:34:19.859+0000] {processor.py:840} INFO - DAG(s) 'example_kubernetes_executor' retrieved from /home/airflow/.local/lib/python3.11/site-packages/airflow/example_dags/example_kubernetes_executor.py
[2026-03-15T17:34:19.894+0000] {logging_mixin.py:188} INFO - [2026-03-15T17:34:19.894+0000] {dag.py:3047} INFO - Sync 1 DAGs
[2026-03-15T17:34:19.903+0000] {logging_mixin.py:188} INFO - [2026-03-15T17:34:19.903+0000] {dag.py:3834} INFO - Setting next_dagrun for example_kubernetes_executor to None, run_after=None
[2026-03-15T17:34:19.919+0000] {processor.py:183} INFO - Processing /home/airflow/.local/lib/python3.11/site-packages/airflow/example_dags/example_kubernetes_executor.py took 0.085 seconds
[2026-03-15T17:34:24.776+0000] {processor.py:161} INFO - Started process (PID=1190) to work on /home/airflow/.local/lib/python3.11/site-packages/airflow/example_dags/example_kubernetes_executor.py
[2026-03-15T17:34:24.777+0000] {processor.py:830} INFO - Processing file /home/airflow/.local/lib/python3.11/site-packages/airflow/example_dags/example_kubernetes_executor.py for tasks to queue
[2026-03-15T17:34:24.779+0000] {logging_mixin.py:188} INFO - [2026-03-15T17:34:24.778+0000] {dagbag.py:540} INFO - Filling up the DagBag from /home/airflow/.local/lib/python3.11/site-packages/airflow/example_dags/example_kubernetes_executor.py
[2026-03-15T17:34:24.788+0000] {processor.py:840} INFO - DAG(s) 'example_kubernetes_executor' retrieved from /home/airflow/.local/lib/python3.11/site-packages/airflow/example_dags/example_kubernetes_executor.py
[2026-03-15T17:34:24.817+0000] {logging_mixin.py:188} INFO - [2026-03-15T17:34:24.817+0000] {dag.py:3047} INFO - Sync 1 DAGs
[2026-03-15T17:34:24.827+0000] {logging_mixin.py:188} INFO - [2026-03-15T17:34:24.827+0000] {dag.py:3834} INFO - Setting next_dagrun for example_kubernetes_executor to None, run_after=None
[2026-03-15T17:34:24.840+0000] {processor.py:183} INFO - Processing /home/airflow/.local/lib/python3.11/site-packages/airflow/example_dags/example_kubernetes_executor.py took 0.067 seconds
[2026-03-15T17:34:39.504+0000] {processor.py:161} INFO - Started process (PID=1237) to work on /home/airflow/.local/lib/python3.11/site-packages/airflow/example_dags/example_kubernetes_executor.py
[2026-03-15T17:34:39.505+0000] {processor.py:830} INFO - Processing file /home/airflow/.local/lib/python3.11/site-packages/airflow/example_dags/example_kubernetes_executor.py for tasks to queue
[2026-03-15T17:34:39.507+0000] {logging_mixin.py:188} INFO - [2026-03-15T17:34:39.507+0000] {dagbag.py:540} INFO - Filling up the DagBag from /home/airflow/.local/lib/python3.11/site-packages/airflow/example_dags/example_kubernetes_executor.py
[2026-03-15T17:34:39.517+0000] {processor.py:840} INFO - DAG(s) 'example_kubernetes_executor' retrieved from /home/airflow/.local/lib/python3.11/site-packages/airflow/example_dags/example_kubernetes_executor.py
[2026-03-15T17:34:39.545+0000] {logging_mixin.py:188} INFO - [2026-03-15T17:34:39.544+0000] {dag.py:3047} INFO - Sync 1 DAGs
[2026-03-15T17:34:39.554+0000] {logging_mixin.py:188} INFO - [2026-03-15T17:34:39.553+0000] {dag.py:3834} INFO - Setting next_dagrun for example_kubernetes_executor to None, run_after=None
[2026-03-15T17:34:39.569+0000] {processor.py:183} INFO - Processing /home/airflow/.local/lib/python3.11/site-packages/airflow/example_dags/example_kubernetes_executor.py took 0.067 seconds
[2026-03-15T17:34:44.616+0000] {processor.py:161} INFO - Started process (PID=1277) to work on /home/airflow/.local/lib/python3.11/site-packages/airflow/example_dags/example_kubernetes_executor.py
[2026-03-15T17:34:44.617+0000] {processor.py:830} INFO - Processing file /home/airflow/.local/lib/python3.11/site-packages/airflow/example_dags/example_kubernetes_executor.py for tasks to queue
[2026-03-15T17:34:44.619+0000] {logging_mixin.py:188} INFO - [2026-03-15T17:34:44.618+0000] {dagbag.py:540} INFO - Filling up the DagBag from /home/airflow/.local/lib/python3.11/site-packages/airflow/example_dags/example_kubernetes_executor.py
[2026-03-15T17:34:44.628+0000] {processor.py:840} INFO - DAG(s) 'example_kubernetes_executor' retrieved from /home/airflow/.local/lib/python3.11/site-packages/airflow/example_dags/example_kubernetes_executor.py
[2026-03-15T17:34:44.655+0000] {logging_mixin.py:188} INFO - [2026-03-15T17:34:44.655+0000] {dag.py:3047} INFO - Sync 1 DAGs
[2026-03-15T17:34:44.663+0000] {logging_mixin.py:188} INFO - [2026-03-15T17:34:44.663+0000] {dag.py:3834} INFO - Setting next_dagrun for example_kubernetes_executor to None, run_after=None
[2026-03-15T17:34:44.678+0000] {processor.py:183} INFO - Processing /home/airflow/.local/lib/python3.11/site-packages/airflow/example_dags/example_kubernetes_executor.py took 0.065 seconds
[2026-03-15T17:34:49.685+0000] {processor.py:161} INFO - Started process (PID=1317) to work on /home/airflow/.local/lib/python3.11/site-packages/airflow/example_dags/example_kubernetes_executor.py
[2026-03-15T17:34:49.686+0000] {processor.py:830} INFO - Processing file /home/airflow/.local/lib/python3.11/site-packages/airflow/example_dags/example_kubernetes_executor.py for tasks to queue
[2026-03-15T17:34:49.689+0000] {logging_mixin.py:188} INFO - [2026-03-15T17:34:49.688+0000] {dagbag.py:540} INFO - Filling up the DagBag from /home/airflow/.local/lib/python3.11/site-packages/airflow/example_dags/example_kubernetes_executor.py
[2026-03-15T17:34:49.701+0000] {processor.py:840} INFO - DAG(s) 'example_kubernetes_executor' retrieved from /home/airflow/.local/lib/python3.11/site-packages/airflow/example_dags/example_kubernetes_executor.py
[2026-03-15T17:34:49.745+0000] {logging_mixin.py:188} INFO - [2026-03-15T17:34:49.744+0000] {dag.py:3047} INFO - Sync 1 DAGs
[2026-03-15T17:34:49.757+0000] {logging_mixin.py:188} INFO - [2026-03-15T17:34:49.756+0000] {dag.py:3834} INFO - Setting next_dagrun for example_kubernetes_executor to None, run_after=None
[2026-03-15T17:34:49.778+0000] {processor.py:183} INFO - Processing /home/airflow/.local/lib/python3.11/site-packages/airflow/example_dags/example_kubernetes_executor.py took 0.096 seconds
[2026-03-15T17:34:54.832+0000] {processor.py:161} INFO - Started process (PID=1357) to work on /home/airflow/.local/lib/python3.11/site-packages/airflow/example_dags/example_kubernetes_executor.py
[2026-03-15T17:34:54.833+0000] {processor.py:830} INFO - Processing file /home/airflow/.local/lib/python3.11/site-packages/airflow/example_dags/example_kubernetes_executor.py for tasks to queue
[2026-03-15T17:34:54.835+0000] {logging_mixin.py:188} INFO - [2026-03-15T17:34:54.835+0000] {dagbag.py:540} INFO - Filling up the DagBag from /home/airflow/.local/lib/python3.11/site-packages/airflow/example_dags/example_kubernetes_executor.py
[2026-03-15T17:34:54.846+0000] {processor.py:840} INFO - DAG(s) 'example_kubernetes_executor' retrieved from /home/airflow/.local/lib/python3.11/site-packages/airflow/example_dags/example_kubernetes_executor.py
[2026-03-15T17:34:54.874+0000] {logging_mixin.py:188} INFO - [2026-03-15T17:34:54.873+0000] {dag.py:3047} INFO - Sync 1 DAGs
[2026-03-15T17:34:54.882+0000] {logging_mixin.py:188} INFO - [2026-03-15T17:34:54.882+0000] {dag.py:3834} INFO - Setting next_dagrun for example_kubernetes_executor to None, run_after=None
[2026-03-15T17:34:54.897+0000] {processor.py:183} INFO - Processing /home/airflow/.local/lib/python3.11/site-packages/airflow/example_dags/example_kubernetes_executor.py took 0.069 seconds
[2026-03-15T17:34:59.632+0000] {processor.py:161} INFO - Started process (PID=1403) to work on /home/airflow/.local/lib/python3.11/site-packages/airflow/example_dags/example_kubernetes_executor.py
[2026-03-15T17:34:59.633+0000] {processor.py:830} INFO - Processing file /home/airflow/.local/lib/python3.11/site-packages/airflow/example_dags/example_kubernetes_executor.py for tasks to queue
[2026-03-15T17:34:59.635+0000] {logging_mixin.py:188} INFO - [2026-03-15T17:34:59.634+0000] {dagbag.py:540} INFO - Filling up the DagBag from /home/airflow/.local/lib/python3.11/site-packages/airflow/example_dags/example_kubernetes_executor.py
[2026-03-15T17:34:59.643+0000] {processor.py:840} INFO - DAG(s) 'example_kubernetes_executor' retrieved from /home/airflow/.local/lib/python3.11/site-packages/airflow/example_dags/example_kubernetes_executor.py
[2026-03-15T17:34:59.670+0000] {logging_mixin.py:188} INFO - [2026-03-15T17:34:59.669+0000] {dag.py:3047} INFO - Sync 1 DAGs
[2026-03-15T17:34:59.679+0000] {logging_mixin.py:188} INFO - [2026-03-15T17:34:59.679+0000] {dag.py:3834} INFO - Setting next_dagrun for example_kubernetes_executor to None, run_after=None
[2026-03-15T17:34:59.694+0000] {processor.py:183} INFO - Processing /home/airflow/.local/lib/python3.11/site-packages/airflow/example_dags/example_kubernetes_executor.py took 0.065 seconds
[2026-03-15T17:35:08.745+0000] {processor.py:161} INFO - Started process (PID=1440) to work on /home/airflow/.local/lib/python3.11/site-packages/airflow/example_dags/example_kubernetes_executor.py
[2026-03-15T17:35:08.746+0000] {processor.py:830} INFO - Processing file /home/airflow/.local/lib/python3.11/site-packages/airflow/example_dags/example_kubernetes_executor.py for tasks to queue
[2026-03-15T17:35:08.748+0000] {logging_mixin.py:188} INFO - [2026-03-15T17:35:08.747+0000] {dagbag.py:540} INFO - Filling up the DagBag from /home/airflow/.local/lib/python3.11/site-packages/airflow/example_dags/example_kubernetes_executor.py
[2026-03-15T17:35:08.757+0000] {processor.py:840} INFO - DAG(s) 'example_kubernetes_executor' retrieved from /home/airflow/.local/lib/python3.11/site-packages/airflow/example_dags/example_kubernetes_executor.py
[2026-03-15T17:35:08.785+0000] {logging_mixin.py:188} INFO - [2026-03-15T17:35:08.785+0000] {dag.py:3047} INFO - Sync 1 DAGs
[2026-03-15T17:35:08.794+0000] {logging_mixin.py:188} INFO - [2026-03-15T17:35:08.794+0000] {dag.py:3834} INFO - Setting next_dagrun for example_kubernetes_executor to None, run_after=None
[2026-03-15T17:35:08.811+0000] {processor.py:183} INFO - Processing /home/airflow/.local/lib/python3.11/site-packages/airflow/example_dags/example_kubernetes_executor.py took 0.069 seconds
[2026-03-15T17:35:39.127+0000] {processor.py:161} INFO - Started process (PID=1488) to work on /home/airflow/.local/lib/python3.11/site-packages/airflow/example_dags/example_kubernetes_executor.py
[2026-03-15T17:35:39.129+0000] {processor.py:830} INFO - Processing file /home/airflow/.local/lib/python3.11/site-packages/airflow/example_dags/example_kubernetes_executor.py for tasks to queue
[2026-03-15T17:35:39.130+0000] {logging_mixin.py:188} INFO - [2026-03-15T17:35:39.130+0000] {dagbag.py:540} INFO - Filling up the DagBag from /home/airflow/.local/lib/python3.11/site-packages/airflow/example_dags/example_kubernetes_executor.py
[2026-03-15T17:35:39.140+0000] {processor.py:840} INFO - DAG(s) 'example_kubernetes_executor' retrieved from /home/airflow/.local/lib/python3.11/site-packages/airflow/example_dags/example_kubernetes_executor.py
[2026-03-15T17:35:39.176+0000] {logging_mixin.py:188} INFO - [2026-03-15T17:35:39.176+0000] {dag.py:3047} INFO - Sync 1 DAGs
[2026-03-15T17:35:39.186+0000] {logging_mixin.py:188} INFO - [2026-03-15T17:35:39.186+0000] {dag.py:3834} INFO - Setting next_dagrun for example_kubernetes_executor to None, run_after=None
[2026-03-15T17:35:39.202+0000] {processor.py:183} INFO - Processing /home/airflow/.local/lib/python3.11/site-packages/airflow/example_dags/example_kubernetes_executor.py took 0.077 seconds
[2026-03-15T17:35:50.148+0000] {processor.py:161} INFO - Started process (PID=1530) to work on /home/airflow/.local/lib/python3.11/site-packages/airflow/example_dags/example_kubernetes_executor.py
[2026-03-15T17:35:50.149+0000] {processor.py:830} INFO - Processing file /home/airflow/.local/lib/python3.11/site-packages/airflow/example_dags/example_kubernetes_executor.py for tasks to queue
[2026-03-15T17:35:50.151+0000] {logging_mixin.py:188} INFO - [2026-03-15T17:35:50.151+0000] {dagbag.py:540} INFO - Filling up the DagBag from /home/airflow/.local/lib/python3.11/site-packages/airflow/example_dags/example_kubernetes_executor.py
[2026-03-15T17:35:50.160+0000] {processor.py:840} INFO - DAG(s) 'example_kubernetes_executor' retrieved from /home/airflow/.local/lib/python3.11/site-packages/airflow/example_dags/example_kubernetes_executor.py
[2026-03-15T17:35:50.188+0000] {logging_mixin.py:188} INFO - [2026-03-15T17:35:50.188+0000] {dag.py:3047} INFO - Sync 1 DAGs
[2026-03-15T17:35:50.199+0000] {logging_mixin.py:188} INFO - [2026-03-15T17:35:50.199+0000] {dag.py:3834} INFO - Setting next_dagrun for example_kubernetes_executor to None, run_after=None
[2026-03-15T17:35:50.213+0000] {processor.py:183} INFO - Processing /home/airflow/.local/lib/python3.11/site-packages/airflow/example_dags/example_kubernetes_executor.py took 0.068 seconds
[2026-03-15T17:35:55.156+0000] {processor.py:161} INFO - Started process (PID=1568) to work on /home/airflow/.local/lib/python3.11/site-packages/airflow/example_dags/example_kubernetes_executor.py
[2026-03-15T17:35:55.157+0000] {processor.py:830} INFO - Processing file /home/airflow/.local/lib/python3.11/site-packages/airflow/example_dags/example_kubernetes_executor.py for tasks to queue
[2026-03-15T17:35:55.159+0000] {logging_mixin.py:188} INFO - [2026-03-15T17:35:55.159+0000] {dagbag.py:540} INFO - Filling up the DagBag from /home/airflow/.local/lib/python3.11/site-packages/airflow/example_dags/example_kubernetes_executor.py
[2026-03-15T17:35:55.168+0000] {processor.py:840} INFO - DAG(s) 'example_kubernetes_executor' retrieved from /home/airflow/.local/lib/python3.11/site-packages/airflow/example_dags/example_kubernetes_executor.py
[2026-03-15T17:35:55.193+0000] {logging_mixin.py:188} INFO - [2026-03-15T17:35:55.193+0000] {dag.py:3047} INFO - Sync 1 DAGs
[2026-03-15T17:35:55.201+0000] {logging_mixin.py:188} INFO - [2026-03-15T17:35:55.201+0000] {dag.py:3834} INFO - Setting next_dagrun for example_kubernetes_executor to None, run_after=None
[2026-03-15T17:35:55.215+0000] {processor.py:183} INFO - Processing /home/airflow/.local/lib/python3.11/site-packages/airflow/example_dags/example_kubernetes_executor.py took 0.061 seconds
[2026-03-15T17:36:08.992+0000] {processor.py:161} INFO - Started process (PID=1612) to work on /home/airflow/.local/lib/python3.11/site-packages/airflow/example_dags/example_kubernetes_executor.py
[2026-03-15T17:36:08.993+0000] {processor.py:830} INFO - Processing file /home/airflow/.local/lib/python3.11/site-packages/airflow/example_dags/example_kubernetes_executor.py for tasks to queue
[2026-03-15T17:36:08.994+0000] {logging_mixin.py:188} INFO - [2026-03-15T17:36:08.994+0000] {dagbag.py:540} INFO - Filling up the DagBag from /home/airflow/.local/lib/python3.11/site-packages/airflow/example_dags/example_kubernetes_executor.py
[2026-03-15T17:36:09.004+0000] {processor.py:840} INFO - DAG(s) 'example_kubernetes_executor' retrieved from /home/airflow/.local/lib/python3.11/site-packages/airflow/example_dags/example_kubernetes_executor.py
[2026-03-15T17:36:09.033+0000] {logging_mixin.py:188} INFO - [2026-03-15T17:36:09.032+0000] {dag.py:3047} INFO - Sync 1 DAGs
[2026-03-15T17:36:09.043+0000] {logging_mixin.py:188} INFO - [2026-03-15T17:36:09.042+0000] {dag.py:3834} INFO - Setting next_dagrun for example_kubernetes_executor to None, run_after=None
[2026-03-15T17:36:09.060+0000] {processor.py:183} INFO - Processing /home/airflow/.local/lib/python3.11/site-packages/airflow/example_dags/example_kubernetes_executor.py took 0.071 seconds
[2026-03-15T17:36:15.336+0000] {processor.py:161} INFO - Started process (PID=1652) to work on /home/airflow/.local/lib/python3.11/site-packages/airflow/example_dags/example_kubernetes_executor.py
[2026-03-15T17:36:15.339+0000] {processor.py:830} INFO - Processing file /home/airflow/.local/lib/python3.11/site-packages/airflow/example_dags/example_kubernetes_executor.py for tasks to queue
[2026-03-15T17:36:15.343+0000] {logging_mixin.py:188} INFO - [2026-03-15T17:36:15.342+0000] {dagbag.py:540} INFO - Filling up the DagBag from /home/airflow/.local/lib/python3.11/site-packages/airflow/example_dags/example_kubernetes_executor.py
[2026-03-15T17:36:15.358+0000] {processor.py:840} INFO - DAG(s) 'example_kubernetes_executor' retrieved from /home/airflow/.local/lib/python3.11/site-packages/airflow/example_dags/example_kubernetes_executor.py
[2026-03-15T17:36:15.399+0000] {logging_mixin.py:188} INFO - [2026-03-15T17:36:15.398+0000] {dag.py:3047} INFO - Sync 1 DAGs
[2026-03-15T17:36:15.416+0000] {logging_mixin.py:188} INFO - [2026-03-15T17:36:15.416+0000] {dag.py:3834} INFO - Setting next_dagrun for example_kubernetes_executor to None, run_after=None
[2026-03-15T17:36:15.441+0000] {processor.py:183} INFO - Processing /home/airflow/.local/lib/python3.11/site-packages/airflow/example_dags/example_kubernetes_executor.py took 0.111 seconds
[2026-03-15T17:36:45.480+0000] {processor.py:161} INFO - Started process (PID=1696) to work on /home/airflow/.local/lib/python3.11/site-packages/airflow/example_dags/example_kubernetes_executor.py
[2026-03-15T17:36:45.481+0000] {processor.py:830} INFO - Processing file /home/airflow/.local/lib/python3.11/site-packages/airflow/example_dags/example_kubernetes_executor.py for tasks to queue
[2026-03-15T17:36:45.483+0000] {logging_mixin.py:188} INFO - [2026-03-15T17:36:45.483+0000] {dagbag.py:540} INFO - Filling up the DagBag from /home/airflow/.local/lib/python3.11/site-packages/airflow/example_dags/example_kubernetes_executor.py
[2026-03-15T17:36:45.492+0000] {processor.py:840} INFO - DAG(s) 'example_kubernetes_executor' retrieved from /home/airflow/.local/lib/python3.11/site-packages/airflow/example_dags/example_kubernetes_executor.py
[2026-03-15T17:36:45.520+0000] {logging_mixin.py:188} INFO - [2026-03-15T17:36:45.520+0000] {dag.py:3047} INFO - Sync 1 DAGs
[2026-03-15T17:36:45.529+0000] {logging_mixin.py:188} INFO - [2026-03-15T17:36:45.528+0000] {dag.py:3834} INFO - Setting next_dagrun for example_kubernetes_executor to None, run_after=None
[2026-03-15T17:36:45.544+0000] {processor.py:183} INFO - Processing /home/airflow/.local/lib/python3.11/site-packages/airflow/example_dags/example_kubernetes_executor.py took 0.067 seconds
[2026-03-15T17:37:16.480+0000] {processor.py:161} INFO - Started process (PID=1744) to work on /home/airflow/.local/lib/python3.11/site-packages/airflow/example_dags/example_kubernetes_executor.py
[2026-03-15T17:37:16.481+0000] {processor.py:830} INFO - Processing file /home/airflow/.local/lib/python3.11/site-packages/airflow/example_dags/example_kubernetes_executor.py for tasks to queue
[2026-03-15T17:37:16.483+0000] {logging_mixin.py:188} INFO - [2026-03-15T17:37:16.483+0000] {dagbag.py:540} INFO - Filling up the DagBag from /home/airflow/.local/lib/python3.11/site-packages/airflow/example_dags/example_kubernetes_executor.py
[2026-03-15T17:37:16.492+0000] {processor.py:840} INFO - DAG(s) 'example_kubernetes_executor' retrieved from /home/airflow/.local/lib/python3.11/site-packages/airflow/example_dags/example_kubernetes_executor.py
[2026-03-15T17:37:16.523+0000] {logging_mixin.py:188} INFO - [2026-03-15T17:37:16.523+0000] {dag.py:3047} INFO - Sync 1 DAGs
[2026-03-15T17:37:16.531+0000] {logging_mixin.py:188} INFO - [2026-03-15T17:37:16.531+0000] {dag.py:3834} INFO - Setting next_dagrun for example_kubernetes_executor to None, run_after=None
[2026-03-15T17:37:16.544+0000] {processor.py:183} INFO - Processing /home/airflow/.local/lib/python3.11/site-packages/airflow/example_dags/example_kubernetes_executor.py took 0.067 seconds
[2026-03-15T17:37:20.718+0000] {processor.py:161} INFO - Started process (PID=1794) to work on /home/airflow/.local/lib/python3.11/site-packages/airflow/example_dags/example_kubernetes_executor.py
[2026-03-15T17:37:20.719+0000] {processor.py:830} INFO - Processing file /home/airflow/.local/lib/python3.11/site-packages/airflow/example_dags/example_kubernetes_executor.py for tasks to queue
[2026-03-15T17:37:20.720+0000] {logging_mixin.py:188} INFO - [2026-03-15T17:37:20.720+0000] {dagbag.py:540} INFO - Filling up the DagBag from /home/airflow/.local/lib/python3.11/site-packages/airflow/example_dags/example_kubernetes_executor.py
[2026-03-15T17:37:20.729+0000] {processor.py:840} INFO - DAG(s) 'example_kubernetes_executor' retrieved from /home/airflow/.local/lib/python3.11/site-packages/airflow/example_dags/example_kubernetes_executor.py
[2026-03-15T17:37:20.756+0000] {logging_mixin.py:188} INFO - [2026-03-15T17:37:20.756+0000] {dag.py:3047} INFO - Sync 1 DAGs
[2026-03-15T17:37:20.765+0000] {logging_mixin.py:188} INFO - [2026-03-15T17:37:20.765+0000] {dag.py:3834} INFO - Setting next_dagrun for example_kubernetes_executor to None, run_after=None
[2026-03-15T17:37:20.781+0000] {processor.py:183} INFO - Processing /home/airflow/.local/lib/python3.11/site-packages/airflow/example_dags/example_kubernetes_executor.py took 0.066 seconds
[2026-03-15T17:37:39.399+0000] {processor.py:161} INFO - Started process (PID=1849) to work on /home/airflow/.local/lib/python3.11/site-packages/airflow/example_dags/example_kubernetes_executor.py
[2026-03-15T17:37:39.400+0000] {processor.py:830} INFO - Processing file /home/airflow/.local/lib/python3.11/site-packages/airflow/example_dags/example_kubernetes_executor.py for tasks to queue
[2026-03-15T17:37:39.402+0000] {logging_mixin.py:188} INFO - [2026-03-15T17:37:39.401+0000] {dagbag.py:540} INFO - Filling up the DagBag from /home/airflow/.local/lib/python3.11/site-packages/airflow/example_dags/example_kubernetes_executor.py
[2026-03-15T17:37:39.411+0000] {processor.py:840} INFO - DAG(s) 'example_kubernetes_executor' retrieved from /home/airflow/.local/lib/python3.11/site-packages/airflow/example_dags/example_kubernetes_executor.py
[2026-03-15T17:37:39.438+0000] {logging_mixin.py:188} INFO - [2026-03-15T17:37:39.438+0000] {dag.py:3047} INFO - Sync 1 DAGs
[2026-03-15T17:37:39.448+0000] {logging_mixin.py:188} INFO - [2026-03-15T17:37:39.448+0000] {dag.py:3834} INFO - Setting next_dagrun for example_kubernetes_executor to None, run_after=None
[2026-03-15T17:37:39.465+0000] {processor.py:183} INFO - Processing /home/airflow/.local/lib/python3.11/site-packages/airflow/example_dags/example_kubernetes_executor.py took 0.068 seconds
[2026-03-15T17:37:45.827+0000] {processor.py:161} INFO - Started process (PID=1888) to work on /home/airflow/.local/lib/python3.11/site-packages/airflow/example_dags/example_kubernetes_executor.py
[2026-03-15T17:37:45.828+0000] {processor.py:830} INFO - Processing file /home/airflow/.local/lib/python3.11/site-packages/airflow/example_dags/example_kubernetes_executor.py for tasks to queue
[2026-03-15T17:37:45.830+0000] {logging_mixin.py:188} INFO - [2026-03-15T17:37:45.830+0000] {dagbag.py:540} INFO - Filling up the DagBag from /home/airflow/.local/lib/python3.11/site-packages/airflow/example_dags/example_kubernetes_executor.py
[2026-03-15T17:37:45.841+0000] {processor.py:840} INFO - DAG(s) 'example_kubernetes_executor' retrieved from /home/airflow/.local/lib/python3.11/site-packages/airflow/example_dags/example_kubernetes_executor.py
[2026-03-15T17:37:45.870+0000] {logging_mixin.py:188} INFO - [2026-03-15T17:37:45.870+0000] {dag.py:3047} INFO - Sync 1 DAGs
[2026-03-15T17:37:45.879+0000] {logging_mixin.py:188} INFO - [2026-03-15T17:37:45.879+0000] {dag.py:3834} INFO - Setting next_dagrun for example_kubernetes_executor to None, run_after=None
[2026-03-15T17:37:45.892+0000] {processor.py:183} INFO - Processing /home/airflow/.local/lib/python3.11/site-packages/airflow/example_dags/example_kubernetes_executor.py took 0.069 seconds
[2026-03-15T17:38:58.193+0000] {processor.py:161} INFO - Started process (PID=1933) to work on /home/airflow/.local/lib/python3.11/site-packages/airflow/example_dags/example_kubernetes_executor.py
[2026-03-15T17:38:58.194+0000] {processor.py:830} INFO - Processing file /home/airflow/.local/lib/python3.11/site-packages/airflow/example_dags/example_kubernetes_executor.py for tasks to queue
[2026-03-15T17:38:58.195+0000] {logging_mixin.py:188} INFO - [2026-03-15T17:38:58.195+0000] {dagbag.py:540} INFO - Filling up the DagBag from /home/airflow/.local/lib/python3.11/site-packages/airflow/example_dags/example_kubernetes_executor.py
[2026-03-15T17:38:09.046+0000] {processor.py:840} INFO - DAG(s) 'example_kubernetes_executor' retrieved from /home/airflow/.local/lib/python3.11/site-packages/airflow/example_dags/example_kubernetes_executor.py
[2026-03-15T17:38:09.079+0000] {logging_mixin.py:188} INFO - [2026-03-15T17:38:09.079+0000] {dag.py:3047} INFO - Sync 1 DAGs
[2026-03-15T17:38:09.088+0000] {logging_mixin.py:188} INFO - [2026-03-15T17:38:09.087+0000] {dag.py:3834} INFO - Setting next_dagrun for example_kubernetes_executor to None, run_after=None
[2026-03-15T17:38:09.103+0000] {processor.py:183} INFO - Processing /home/airflow/.local/lib/python3.11/site-packages/airflow/example_dags/example_kubernetes_executor.py took 0.071 seconds
[2026-03-15T17:38:39.189+0000] {processor.py:161} INFO - Started process (PID=1982) to work on /home/airflow/.local/lib/python3.11/site-packages/airflow/example_dags/example_kubernetes_executor.py
[2026-03-15T17:38:39.190+0000] {processor.py:830} INFO - Processing file /home/airflow/.local/lib/python3.11/site-packages/airflow/example_dags/example_kubernetes_executor.py for tasks to queue
[2026-03-15T17:38:39.193+0000] {logging_mixin.py:188} INFO - [2026-03-15T17:38:39.192+0000] {dagbag.py:540} INFO - Filling up the DagBag from /home/airflow/.local/lib/python3.11/site-packages/airflow/example_dags/example_kubernetes_executor.py
[2026-03-15T17:38:39.202+0000] {processor.py:840} INFO - DAG(s) 'example_kubernetes_executor' retrieved from /home/airflow/.local/lib/python3.11/site-packages/airflow/example_dags/example_kubernetes_executor.py
[2026-03-15T17:38:39.230+0000] {logging_mixin.py:188} INFO - [2026-03-15T17:38:39.229+0000] {dag.py:3047} INFO - Sync 1 DAGs
[2026-03-15T17:38:39.238+0000] {logging_mixin.py:188} INFO - [2026-03-15T17:38:39.238+0000] {dag.py:3834} INFO - Setting next_dagrun for example_kubernetes_executor to None, run_after=None
[2026-03-15T17:38:39.251+0000] {processor.py:183} INFO - Processing /home/airflow/.local/lib/python3.11/site-packages/airflow/example_dags/example_kubernetes_executor.py took 0.065 seconds
[2026-03-15T17:38:45.656+0000] {processor.py:161} INFO - Started process (PID=2023) to work on /home/airflow/.local/lib/python3.11/site-packages/airflow/example_dags/example_kubernetes_executor.py
[2026-03-15T17:38:45.658+0000] {processor.py:830} INFO - Processing file /home/airflow/.local/lib/python3.11/site-packages/airflow/example_dags/example_kubernetes_executor.py for tasks to queue
[2026-03-15T17:38:45.683+0000] {logging_mixin.py:188} INFO - [2026-03-15T17:38:45.682+0000] {dagbag.py:540} INFO - Filling up the DagBag from /home/airflow/.local/lib/python3.11/site-packages/airflow/example_dags/example_kubernetes_executor.py
[2026-03-15T17:38:45.708+0000] {processor.py:840} INFO - DAG(s) 'example_kubernetes_executor' retrieved from /home/airflow/.local/lib/python3.11/site-packages/airflow/example_dags/example_kubernetes_executor.py
[2026-03-15T17:38:45.762+0000] {logging_mixin.py:188} INFO - [2026-03-15T17:38:45.762+0000] {dag.py:3047} INFO - Sync 1 DAGs
[2026-03-15T17:38:45.778+0000] {logging_mixin.py:188} INFO - [2026-03-15T17:38:45.777+0000] {dag.py:3834} INFO - Setting next_dagrun for example_kubernetes_executor to None, run_after=None
[2026-03-15T17:38:45.818+0000] {processor.py:183} INFO - Processing /home/airflow/.local/lib/python3.11/site-packages/airflow/example_dags/example_kubernetes_executor.py took 0.166 seconds
[2026-03-15T17:39:09.616+0000] {processor.py:161} INFO - Started process (PID=2073) to work on /home/airflow/.local/lib/python3.11/site-packages/airflow/example_dags/example_kubernetes_executor.py
[2026-03-15T17:39:09.617+0000] {processor.py:830} INFO - Processing file /home/airflow/.local/lib/python3.11/site-packages/airflow/example_dags/example_kubernetes_executor.py for tasks to queue
[2026-03-15T17:39:09.619+0000] {logging_mixin.py:188} INFO - [2026-03-15T17:39:09.619+0000] {dagbag.py:540} INFO - Filling up the DagBag from /home/airflow/.local/lib/python3.11/site-packages/airflow/example_dags/example_kubernetes_executor.py
[2026-03-15T17:39:09.629+0000] {processor.py:840} INFO - DAG(s) 'example_kubernetes_executor' retrieved from /home/airflow/.local/lib/python3.11/site-packages/airflow/example_dags/example_kubernetes_executor.py
[2026-03-15T17:39:09.656+0000] {logging_mixin.py:188} INFO - [2026-03-15T17:39:09.656+0000] {dag.py:3047} INFO - Sync 1 DAGs
[2026-03-15T17:39:09.667+0000] {logging_mixin.py:188} INFO - [2026-03-15T17:39:09.666+0000] {dag.py:3834} INFO - Setting next_dagrun for example_kubernetes_executor to None, run_after=None
[2026-03-15T17:39:09.683+0000] {processor.py:183} INFO - Processing /home/airflow/.local/lib/python3.11/site-packages/airflow/example_dags/example_kubernetes_executor.py took 0.070 seconds
[2026-03-15T17:39:16.116+0000] {processor.py:161} INFO - Started process (PID=2120) to work on /home/airflow/.local/lib/python3.11/site-packages/airflow/example_dags/example_kubernetes_executor.py
[2026-03-15T17:39:16.118+0000] {processor.py:830} INFO - Processing file /home/airflow/.local/lib/python3.11/site-packages/airflow/example_dags/example_kubernetes_executor.py for tasks to queue
[2026-03-15T17:39:16.120+0000] {logging_mixin.py:188} INFO - [2026-03-15T17:39:16.119+0000] {dagbag.py:540} INFO - Filling up the DagBag from /home/airflow/.local/lib/python3.11/site-packages/airflow/example_dags/example_kubernetes_executor.py
[2026-03-15T17:39:16.133+0000] {processor.py:840} INFO - DAG(s) 'example_kubernetes_executor' retrieved from /home/airflow/.local/lib/python3.11/site-packages/airflow/example_dags/example_kubernetes_executor.py
[2026-03-15T17:39:16.161+0000] {logging_mixin.py:188} INFO - [2026-03-15T17:39:16.161+0000] {dag.py:3047} INFO - Sync 1 DAGs
[2026-03-15T17:39:16.170+0000] {logging_mixin.py:188} INFO - [2026-03-15T17:39:16.169+0000] {dag.py:3834} INFO - Setting next_dagrun for example_kubernetes_executor to None, run_after=None
[2026-03-15T17:39:16.188+0000] {processor.py:183} INFO - Processing /home/airflow/.local/lib/python3.11/site-packages/airflow/example_dags/example_kubernetes_executor.py took 0.074 seconds
[2026-03-15T17:40:14.673+0000] {processor.py:161} INFO - Started process (PID=91) to work on /home/airflow/.local/lib/python3.11/site-packages/airflow/example_dags/example_kubernetes_executor.py
[2026-03-15T17:40:14.674+0000] {processor.py:830} INFO - Processing file /home/airflow/.local/lib/python3.11/site-packages/airflow/example_dags/example_kubernetes_executor.py for tasks to queue
[2026-03-15T17:40:14.677+0000] {logging_mixin.py:188} INFO - [2026-03-15T17:40:14.676+0000] {dagbag.py:540} INFO - Filling up the DagBag from /home/airflow/.local/lib/python3.11/site-packages/airflow/example_dags/example_kubernetes_executor.py
[2026-03-15T17:40:14.691+0000] {processor.py:840} INFO - DAG(s) 'example_kubernetes_executor' retrieved from /home/airflow/.local/lib/python3.11/site-packages/airflow/example_dags/example_kubernetes_executor.py
[2026-03-15T17:40:14.708+0000] {logging_mixin.py:188} INFO - [2026-03-15T17:40:14.707+0000] {dag.py:3047} INFO - Sync 1 DAGs
[2026-03-15T17:40:14.724+0000] {logging_mixin.py:188} INFO - [2026-03-15T17:40:14.723+0000] {dag.py:3834} INFO - Setting next_dagrun for example_kubernetes_executor to None, run_after=None
[2026-03-15T17:40:14.750+0000] {processor.py:183} INFO - Processing /home/airflow/.local/lib/python3.11/site-packages/airflow/example_dags/example_kubernetes_executor.py took 0.082 seconds
[2026-03-15T17:40:21.293+0000] {processor.py:161} INFO - Started process (PID=146) to work on /home/airflow/.local/lib/python3.11/site-packages/airflow/example_dags/example_kubernetes_executor.py
[2026-03-15T17:40:21.294+0000] {processor.py:830} INFO - Processing file /home/airflow/.local/lib/python3.11/site-packages/airflow/example_dags/example_kubernetes_executor.py for tasks to queue
[2026-03-15T17:40:21.296+0000] {logging_mixin.py:188} INFO - [2026-03-15T17:40:21.296+0000] {dagbag.py:540} INFO - Filling up the DagBag from /home/airflow/.local/lib/python3.11/site-packages/airflow/example_dags/example_kubernetes_executor.py
[2026-03-15T17:40:21.305+0000] {processor.py:840} INFO - DAG(s) 'example_kubernetes_executor' retrieved from /home/airflow/.local/lib/python3.11/site-packages/airflow/example_dags/example_kubernetes_executor.py
[2026-03-15T17:40:21.315+0000] {logging_mixin.py:188} INFO - [2026-03-15T17:40:21.315+0000] {dag.py:3047} INFO - Sync 1 DAGs
[2026-03-15T17:40:21.324+0000] {logging_mixin.py:188} INFO - [2026-03-15T17:40:21.324+0000] {dag.py:3834} INFO - Setting next_dagrun for example_kubernetes_executor to None, run_after=None
[2026-03-15T17:40:21.339+0000] {processor.py:183} INFO - Processing /home/airflow/.local/lib/python3.11/site-packages/airflow/example_dags/example_kubernetes_executor.py took 0.049 seconds
[2026-03-15T17:40:52.970+0000] {processor.py:161} INFO - Started process (PID=201) to work on /home/airflow/.local/lib/python3.11/site-packages/airflow/example_dags/example_kubernetes_executor.py
[2026-03-15T17:40:52.971+0000] {processor.py:830} INFO - Processing file /home/airflow/.local/lib/python3.11/site-packages/airflow/example_dags/example_kubernetes_executor.py for tasks to queue
[2026-03-15T17:40:52.973+0000] {logging_mixin.py:188} INFO - [2026-03-15T17:40:52.973+0000] {dagbag.py:540} INFO - Filling up the DagBag from /home/airflow/.local/lib/python3.11/site-packages/airflow/example_dags/example_kubernetes_executor.py
[2026-03-15T17:40:52.983+0000] {processor.py:840} INFO - DAG(s) 'example_kubernetes_executor' retrieved from /home/airflow/.local/lib/python3.11/site-packages/airflow/example_dags/example_kubernetes_executor.py
[2026-03-15T17:40:53.059+0000] {logging_mixin.py:188} INFO - [2026-03-15T17:40:53.059+0000] {dag.py:3047} INFO - Sync 1 DAGs
[2026-03-15T17:40:53.065+0000] {logging_mixin.py:188} INFO - [2026-03-15T17:40:53.065+0000] {dag.py:3834} INFO - Setting next_dagrun for example_kubernetes_executor to None, run_after=None
[2026-03-15T17:40:53.079+0000] {processor.py:183} INFO - Processing /home/airflow/.local/lib/python3.11/site-packages/airflow/example_dags/example_kubernetes_executor.py took 0.111 seconds
[2026-03-15T17:41:09.652+0000] {processor.py:161} INFO - Started process (PID=251) to work on /home/airflow/.local/lib/python3.11/site-packages/airflow/example_dags/example_kubernetes_executor.py
[2026-03-15T17:41:09.652+0000] {processor.py:830} INFO - Processing file /home/airflow/.local/lib/python3.11/site-packages/airflow/example_dags/example_kubernetes_executor.py for tasks to queue
[2026-03-15T17:41:09.654+0000] {logging_mixin.py:188} INFO - [2026-03-15T17:41:09.654+0000] {dagbag.py:540} INFO - Filling up the DagBag from /home/airflow/.local/lib/python3.11/site-packages/airflow/example_dags/example_kubernetes_executor.py
[2026-03-15T17:41:09.662+0000] {processor.py:840} INFO - DAG(s) 'example_kubernetes_executor' retrieved from /home/airflow/.local/lib/python3.11/site-packages/airflow/example_dags/example_kubernetes_executor.py
[2026-03-15T17:41:09.672+0000] {logging_mixin.py:188} INFO - [2026-03-15T17:41:09.671+0000] {dag.py:3047} INFO - Sync 1 DAGs
[2026-03-15T17:41:09.683+0000] {logging_mixin.py:188} INFO - [2026-03-15T17:41:09.683+0000] {dag.py:3834} INFO - Setting next_dagrun for example_kubernetes_executor to None, run_after=None
[2026-03-15T17:41:09.696+0000] {processor.py:183} INFO - Processing /home/airflow/.local/lib/python3.11/site-packages/airflow/example_dags/example_kubernetes_executor.py took 0.047 seconds
[2026-03-15T17:41:15.939+0000] {processor.py:161} INFO - Started process (PID=302) to work on /home/airflow/.local/lib/python3.11/site-packages/airflow/example_dags/example_kubernetes_executor.py
[2026-03-15T17:41:15.940+0000] {processor.py:830} INFO - Processing file /home/airflow/.local/lib/python3.11/site-packages/airflow/example_dags/example_kubernetes_executor.py for tasks to queue
[2026-03-15T17:41:15.942+0000] {logging_mixin.py:188} INFO - [2026-03-15T17:41:15.942+0000] {dagbag.py:540} INFO - Filling up the DagBag from /home/airflow/.local/lib/python3.11/site-packages/airflow/example_dags/example_kubernetes_executor.py
[2026-03-15T17:41:15.952+0000] {processor.py:840} INFO - DAG(s) 'example_kubernetes_executor' retrieved from /home/airflow/.local/lib/python3.11/site-packages/airflow/example_dags/example_kubernetes_executor.py
[2026-03-15T17:41:15.962+0000] {logging_mixin.py:188} INFO - [2026-03-15T17:41:15.961+0000] {dag.py:3047} INFO - Sync 1 DAGs
[2026-03-15T17:41:15.972+0000] {logging_mixin.py:188} INFO - [2026-03-15T17:41:15.972+0000] {dag.py:3834} INFO - Setting next_dagrun for example_kubernetes_executor to None, run_after=None
[2026-03-15T17:41:15.987+0000] {processor.py:183} INFO - Processing /home/airflow/.local/lib/python3.11/site-packages/airflow/example_dags/example_kubernetes_executor.py took 0.051 seconds
[2026-03-15T17:41:20.573+0000] {processor.py:161} INFO - Started process (PID=344) to work on /home/airflow/.local/lib/python3.11/site-packages/airflow/example_dags/example_kubernetes_executor.py
[2026-03-15T17:41:20.577+0000] {processor.py:830} INFO - Processing file /home/airflow/.local/lib/python3.11/site-packages/airflow/example_dags/example_kubernetes_executor.py for tasks to queue
[2026-03-15T17:41:20.579+0000] {logging_mixin.py:188} INFO - [2026-03-15T17:41:20.579+0000] {dagbag.py:540} INFO - Filling up the DagBag from /home/airflow/.local/lib/python3.11/site-packages/airflow/example_dags/example_kubernetes_executor.py
[2026-03-15T17:41:20.589+0000] {processor.py:840} INFO - DAG(s) 'example_kubernetes_executor' retrieved from /home/airflow/.local/lib/python3.11/site-packages/airflow/example_dags/example_kubernetes_executor.py
[2026-03-15T17:41:20.600+0000] {logging_mixin.py:188} INFO - [2026-03-15T17:41:20.600+0000] {dag.py:3047} INFO - Sync 1 DAGs
[2026-03-15T17:41:20.611+0000] {logging_mixin.py:188} INFO - [2026-03-15T17:41:20.611+0000] {dag.py:3834} INFO - Setting next_dagrun for example_kubernetes_executor to None, run_after=None
[2026-03-15T17:41:20.626+0000] {processor.py:183} INFO - Processing /home/airflow/.local/lib/python3.11/site-packages/airflow/example_dags/example_kubernetes_executor.py took 0.057 seconds
[2026-03-15T17:41:51.463+0000] {processor.py:161} INFO - Started process (PID=390) to work on /home/airflow/.local/lib/python3.11/site-packages/airflow/example_dags/example_kubernetes_executor.py
[2026-03-15T17:41:51.464+0000] {processor.py:830} INFO - Processing file /home/airflow/.local/lib/python3.11/site-packages/airflow/example_dags/example_kubernetes_executor.py for tasks to queue
[2026-03-15T17:41:51.465+0000] {logging_mixin.py:188} INFO - [2026-03-15T17:41:51.465+0000] {dagbag.py:540} INFO - Filling up the DagBag from /home/airflow/.local/lib/python3.11/site-packages/airflow/example_dags/example_kubernetes_executor.py
[2026-03-15T17:41:51.474+0000] {processor.py:840} INFO - DAG(s) 'example_kubernetes_executor' retrieved from /home/airflow/.local/lib/python3.11/site-packages/airflow/example_dags/example_kubernetes_executor.py
[2026-03-15T17:41:51.500+0000] {logging_mixin.py:188} INFO - [2026-03-15T17:41:51.500+0000] {dag.py:3047} INFO - Sync 1 DAGs
[2026-03-15T17:41:51.514+0000] {logging_mixin.py:188} INFO - [2026-03-15T17:41:51.513+0000] {dag.py:3834} INFO - Setting next_dagrun for example_kubernetes_executor to None, run_after=None
[2026-03-15T17:41:51.529+0000] {processor.py:183} INFO - Processing /home/airflow/.local/lib/python3.11/site-packages/airflow/example_dags/example_kubernetes_executor.py took 0.070 seconds
[2026-03-15T17:42:15.421+0000] {processor.py:161} INFO - Started process (PID=440) to work on /home/airflow/.local/lib/python3.11/site-packages/airflow/example_dags/example_kubernetes_executor.py
[2026-03-15T17:42:15.422+0000] {processor.py:830} INFO - Processing file /home/airflow/.local/lib/python3.11/site-packages/airflow/example_dags/example_kubernetes_executor.py for tasks to queue
[2026-03-15T17:42:15.424+0000] {logging_mixin.py:188} INFO - [2026-03-15T17:42:15.423+0000] {dagbag.py:540} INFO - Filling up the DagBag from /home/airflow/.local/lib/python3.11/site-packages/airflow/example_dags/example_kubernetes_executor.py
[2026-03-15T17:42:15.433+0000] {processor.py:840} INFO - DAG(s) 'example_kubernetes_executor' retrieved from /home/airflow/.local/lib/python3.11/site-packages/airflow/example_dags/example_kubernetes_executor.py
[2026-03-15T17:42:15.461+0000] {logging_mixin.py:188} INFO - [2026-03-15T17:42:15.461+0000] {dag.py:3047} INFO - Sync 1 DAGs
[2026-03-15T17:42:15.471+0000] {logging_mixin.py:188} INFO - [2026-03-15T17:42:15.470+0000] {dag.py:3834} INFO - Setting next_dagrun for example_kubernetes_executor to None, run_after=None
[2026-03-15T17:42:15.485+0000] {processor.py:183} INFO - Processing /home/airflow/.local/lib/python3.11/site-packages/airflow/example_dags/example_kubernetes_executor.py took 0.067 seconds
[2026-03-15T17:42:45.542+0000] {processor.py:161} INFO - Started process (PID=492) to work on /home/airflow/.local/lib/python3.11/site-packages/airflow/example_dags/example_kubernetes_executor.py
[2026-03-15T17:42:45.543+0000] {processor.py:830} INFO - Processing file /home/airflow/.local/lib/python3.11/site-packages/airflow/example_dags/example_kubernetes_executor.py for tasks to queue
[2026-03-15T17:42:45.545+0000] {logging_mixin.py:188} INFO - [2026-03-15T17:42:45.545+0000] {dagbag.py:540} INFO - Filling up the DagBag from /home/airflow/.local/lib/python3.11/site-packages/airflow/example_dags/example_kubernetes_executor.py
[2026-03-15T17:42:45.554+0000] {processor.py:840} INFO - DAG(s) 'example_kubernetes_executor' retrieved from /home/airflow/.local/lib/python3.11/site-packages/airflow/example_dags/example_kubernetes_executor.py
[2026-03-15T17:42:45.582+0000] {logging_mixin.py:188} INFO - [2026-03-15T17:42:45.582+0000] {dag.py:3047} INFO - Sync 1 DAGs
[2026-03-15T17:42:45.591+0000] {logging_mixin.py:188} INFO - [2026-03-15T17:42:45.591+0000] {dag.py:3834} INFO - Setting next_dagrun for example_kubernetes_executor to None, run_after=None
[2026-03-15T17:42:45.604+0000] {processor.py:183} INFO - Processing /home/airflow/.local/lib/python3.11/site-packages/airflow/example_dags/example_kubernetes_executor.py took 0.065 seconds
[2026-03-15T17:43:15.888+0000] {processor.py:161} INFO - Started process (PID=544) to work on /home/airflow/.local/lib/python3.11/site-packages/airflow/example_dags/example_kubernetes_executor.py
[2026-03-15T17:43:15.889+0000] {processor.py:830} INFO - Processing file /home/airflow/.local/lib/python3.11/site-packages/airflow/example_dags/example_kubernetes_executor.py for tasks to queue
[2026-03-15T17:43:15.891+0000] {logging_mixin.py:188} INFO - [2026-03-15T17:43:15.891+0000] {dagbag.py:540} INFO - Filling up the DagBag from /home/airflow/.local/lib/python3.11/site-packages/airflow/example_dags/example_kubernetes_executor.py
[2026-03-15T17:43:15.902+0000] {processor.py:840} INFO - DAG(s) 'example_kubernetes_executor' retrieved from /home/airflow/.local/lib/python3.11/site-packages/airflow/example_dags/example_kubernetes_executor.py
[2026-03-15T17:43:15.936+0000] {logging_mixin.py:188} INFO - [2026-03-15T17:43:15.936+0000] {dag.py:3047} INFO - Sync 1 DAGs
[2026-03-15T17:43:15.947+0000] {logging_mixin.py:188} INFO - [2026-03-15T17:43:15.947+0000] {dag.py:3834} INFO - Setting next_dagrun for example_kubernetes_executor to None, run_after=None
[2026-03-15T17:43:15.964+0000] {processor.py:183} INFO - Processing /home/airflow/.local/lib/python3.11/site-packages/airflow/example_dags/example_kubernetes_executor.py took 0.080 seconds
[2026-03-15T17:43:20.375+0000] {processor.py:161} INFO - Started process (PID=600) to work on /home/airflow/.local/lib/python3.11/site-packages/airflow/example_dags/example_kubernetes_executor.py
[2026-03-15T17:43:20.376+0000] {processor.py:830} INFO - Processing file /home/airflow/.local/lib/python3.11/site-packages/airflow/example_dags/example_kubernetes_executor.py for tasks to queue
[2026-03-15T17:43:20.378+0000] {logging_mixin.py:188} INFO - [2026-03-15T17:43:20.377+0000] {dagbag.py:540} INFO - Filling up the DagBag from /home/airflow/.local/lib/python3.11/site-packages/airflow/example_dags/example_kubernetes_executor.py
[2026-03-15T17:43:20.387+0000] {processor.py:840} INFO - DAG(s) 'example_kubernetes_executor' retrieved from /home/airflow/.local/lib/python3.11/site-packages/airflow/example_dags/example_kubernetes_executor.py
[2026-03-15T17:43:20.416+0000] {logging_mixin.py:188} INFO - [2026-03-15T17:43:20.415+0000] {dag.py:3047} INFO - Sync 1 DAGs
[2026-03-15T17:43:20.424+0000] {logging_mixin.py:188} INFO - [2026-03-15T17:43:20.424+0000] {dag.py:3834} INFO - Setting next_dagrun for example_kubernetes_executor to None, run_after=None
[2026-03-15T17:43:20.438+0000] {processor.py:183} INFO - Processing /home/airflow/.local/lib/python3.11/site-packages/airflow/example_dags/example_kubernetes_executor.py took 0.066 seconds
[2026-03-15T17:43:50.681+0000] {processor.py:161} INFO - Started process (PID=654) to work on /home/airflow/.local/lib/python3.11/site-packages/airflow/example_dags/example_kubernetes_executor.py
[2026-03-15T17:43:50.683+0000] {processor.py:830} INFO - Processing file /home/airflow/.local/lib/python3.11/site-packages/airflow/example_dags/example_kubernetes_executor.py for tasks to queue
[2026-03-15T17:43:50.686+0000] {logging_mixin.py:188} INFO - [2026-03-15T17:43:50.685+0000] {dagbag.py:540} INFO - Filling up the DagBag from /home/airflow/.local/lib/python3.11/site-packages/airflow/example_dags/example_kubernetes_executor.py
[2026-03-15T17:43:50.695+0000] {processor.py:840} INFO - DAG(s) 'example_kubernetes_executor' retrieved from /home/airflow/.local/lib/python3.11/site-packages/airflow/example_dags/example_kubernetes_executor.py
[2026-03-15T17:43:50.723+0000] {logging_mixin.py:188} INFO - [2026-03-15T17:43:50.723+0000] {dag.py:3047} INFO - Sync 1 DAGs
[2026-03-15T17:43:50.732+0000] {logging_mixin.py:188} INFO - [2026-03-15T17:43:50.732+0000] {dag.py:3834} INFO - Setting next_dagrun for example_kubernetes_executor to None, run_after=None
[2026-03-15T17:43:50.749+0000] {processor.py:183} INFO - Processing /home/airflow/.local/lib/python3.11/site-packages/airflow/example_dags/example_kubernetes_executor.py took 0.071 seconds
[2026-03-15T17:44:15.453+0000] {processor.py:161} INFO - Started process (PID=704) to work on /home/airflow/.local/lib/python3.11/site-packages/airflow/example_dags/example_kubernetes_executor.py
[2026-03-15T17:44:15.453+0000] {processor.py:830} INFO - Processing file /home/airflow/.local/lib/python3.11/site-packages/airflow/example_dags/example_kubernetes_executor.py for tasks to queue
[2026-03-15T17:44:15.455+0000] {logging_mixin.py:188} INFO - [2026-03-15T17:44:15.455+0000] {dagbag.py:540} INFO - Filling up the DagBag from /home/airflow/.local/lib/python3.11/site-packages/airflow/example_dags/example_kubernetes_executor.py
[2026-03-15T17:44:15.464+0000] {processor.py:840} INFO - DAG(s) 'example_kubernetes_executor' retrieved from /home/airflow/.local/lib/python3.11/site-packages/airflow/example_dags/example_kubernetes_executor.py
[2026-03-15T17:44:15.492+0000] {logging_mixin.py:188} INFO - [2026-03-15T17:44:15.491+0000] {dag.py:3047} INFO - Sync 1 DAGs
[2026-03-15T17:44:15.500+0000] {logging_mixin.py:188} INFO - [2026-03-15T17:44:15.500+0000] {dag.py:3834} INFO - Setting next_dagrun for example_kubernetes_executor to None, run_after=None
[2026-03-15T17:44:15.514+0000] {processor.py:183} INFO - Processing /home/airflow/.local/lib/python3.11/site-packages/airflow/example_dags/example_kubernetes_executor.py took 0.064 seconds
[2026-03-15T17:44:45.962+0000] {processor.py:161} INFO - Started process (PID=760) to work on /home/airflow/.local/lib/python3.11/site-packages/airflow/example_dags/example_kubernetes_executor.py
[2026-03-15T17:44:45.963+0000] {processor.py:830} INFO - Processing file /home/airflow/.local/lib/python3.11/site-packages/airflow/example_dags/example_kubernetes_executor.py for tasks to queue
[2026-03-15T17:44:45.965+0000] {logging_mixin.py:188} INFO - [2026-03-15T17:44:45.964+0000] {dagbag.py:540} INFO - Filling up the DagBag from /home/airflow/.local/lib/python3.11/site-packages/airflow/example_dags/example_kubernetes_executor.py
[2026-03-15T17:44:45.975+0000] {processor.py:840} INFO - DAG(s) 'example_kubernetes_executor' retrieved from /home/airflow/.local/lib/python3.11/site-packages/airflow/example_dags/example_kubernetes_executor.py
[2026-03-15T17:44:46.004+0000] {logging_mixin.py:188} INFO - [2026-03-15T17:44:46.004+0000] {dag.py:3047} INFO - Sync 1 DAGs
[2026-03-15T17:44:46.015+0000] {logging_mixin.py:188} INFO - [2026-03-15T17:44:46.015+0000] {dag.py:3834} INFO - Setting next_dagrun for example_kubernetes_executor to None, run_after=None
[2026-03-15T17:44:46.029+0000] {processor.py:183} INFO - Processing /home/airflow/.local/lib/python3.11/site-packages/airflow/example_dags/example_kubernetes_executor.py took 0.070 seconds
[2026-03-15T17:44:50.465+0000] {processor.py:161} INFO - Started process (PID=816) to work on /home/airflow/.local/lib/python3.11/site-packages/airflow/example_dags/example_kubernetes_executor.py
[2026-03-15T17:44:50.465+0000] {processor.py:830} INFO - Processing file /home/airflow/.local/lib/python3.11/site-packages/airflow/example_dags/example_kubernetes_executor.py for tasks to queue
[2026-03-15T17:44:50.467+0000] {logging_mixin.py:188} INFO - [2026-03-15T17:44:50.467+0000] {dagbag.py:540} INFO - Filling up the DagBag from /home/airflow/.local/lib/python3.11/site-packages/airflow/example_dags/example_kubernetes_executor.py
[2026-03-15T17:44:50.477+0000] {processor.py:840} INFO - DAG(s) 'example_kubernetes_executor' retrieved from /home/airflow/.local/lib/python3.11/site-packages/airflow/example_dags/example_kubernetes_executor.py
[2026-03-15T17:44:50.506+0000] {logging_mixin.py:188} INFO - [2026-03-15T17:44:50.506+0000] {dag.py:3047} INFO - Sync 1 DAGs
[2026-03-15T17:44:50.516+0000] {logging_mixin.py:188} INFO - [2026-03-15T17:44:50.516+0000] {dag.py:3834} INFO - Setting next_dagrun for example_kubernetes_executor to None, run_after=None
[2026-03-15T17:44:50.535+0000] {processor.py:183} INFO - Processing /home/airflow/.local/lib/python3.11/site-packages/airflow/example_dags/example_kubernetes_executor.py took 0.074 seconds
[2026-03-15T17:45:20.774+0000] {processor.py:161} INFO - Started process (PID=869) to work on /home/airflow/.local/lib/python3.11/site-packages/airflow/example_dags/example_kubernetes_executor.py
[2026-03-15T17:45:20.774+0000] {processor.py:830} INFO - Processing file /home/airflow/.local/lib/python3.11/site-packages/airflow/example_dags/example_kubernetes_executor.py for tasks to queue
[2026-03-15T17:45:20.776+0000] {logging_mixin.py:188} INFO - [2026-03-15T17:45:20.776+0000] {dagbag.py:540} INFO - Filling up the DagBag from /home/airflow/.local/lib/python3.11/site-packages/airflow/example_dags/example_kubernetes_executor.py
[2026-03-15T17:45:20.786+0000] {processor.py:840} INFO - DAG(s) 'example_kubernetes_executor' retrieved from /home/airflow/.local/lib/python3.11/site-packages/airflow/example_dags/example_kubernetes_executor.py
[2026-03-15T17:45:20.816+0000] {logging_mixin.py:188} INFO - [2026-03-15T17:45:20.815+0000] {dag.py:3047} INFO - Sync 1 DAGs
[2026-03-15T17:45:20.825+0000] {logging_mixin.py:188} INFO - [2026-03-15T17:45:20.825+0000] {dag.py:3834} INFO - Setting next_dagrun for example_kubernetes_executor to None, run_after=None
[2026-03-15T17:45:20.840+0000] {processor.py:183} INFO - Processing /home/airflow/.local/lib/python3.11/site-packages/airflow/example_dags/example_kubernetes_executor.py took 0.069 seconds
[2026-03-15T17:45:25.557+0000] {processor.py:161} INFO - Started process (PID=919) to work on /home/airflow/.local/lib/python3.11/site-packages/airflow/example_dags/example_kubernetes_executor.py
[2026-03-15T17:45:25.558+0000] {processor.py:830} INFO - Processing file /home/airflow/.local/lib/python3.11/site-packages/airflow/example_dags/example_kubernetes_executor.py for tasks to queue
[2026-03-15T17:45:25.560+0000] {logging_mixin.py:188} INFO - [2026-03-15T17:45:25.560+0000] {dagbag.py:540} INFO - Filling up the DagBag from /home/airflow/.local/lib/python3.11/site-packages/airflow/example_dags/example_kubernetes_executor.py
[2026-03-15T17:45:25.570+0000] {processor.py:840} INFO - DAG(s) 'example_kubernetes_executor' retrieved from /home/airflow/.local/lib/python3.11/site-packages/airflow/example_dags/example_kubernetes_executor.py
[2026-03-15T17:45:25.601+0000] {logging_mixin.py:188} INFO - [2026-03-15T17:45:25.601+0000] {dag.py:3047} INFO - Sync 1 DAGs
[2026-03-15T17:45:25.610+0000] {logging_mixin.py:188} INFO - [2026-03-15T17:45:25.610+0000] {dag.py:3834} INFO - Setting next_dagrun for example_kubernetes_executor to None, run_after=None
[2026-03-15T17:45:25.625+0000] {processor.py:183} INFO - Processing /home/airflow/.local/lib/python3.11/site-packages/airflow/example_dags/example_kubernetes_executor.py took 0.070 seconds
[2026-03-15T17:45:55.872+0000] {processor.py:161} INFO - Started process (PID=971) to work on /home/airflow/.local/lib/python3.11/site-packages/airflow/example_dags/example_kubernetes_executor.py
[2026-03-15T17:45:55.876+0000] {processor.py:830} INFO - Processing file /home/airflow/.local/lib/python3.11/site-packages/airflow/example_dags/example_kubernetes_executor.py for tasks to queue
[2026-03-15T17:45:55.878+0000] {logging_mixin.py:188} INFO - [2026-03-15T17:45:55.878+0000] {dagbag.py:540} INFO - Filling up the DagBag from /home/airflow/.local/lib/python3.11/site-packages/airflow/example_dags/example_kubernetes_executor.py
[2026-03-15T17:45:55.888+0000] {processor.py:840} INFO - DAG(s) 'example_kubernetes_executor' retrieved from /home/airflow/.local/lib/python3.11/site-packages/airflow/example_dags/example_kubernetes_executor.py
[2026-03-15T17:45:55.929+0000] {logging_mixin.py:188} INFO - [2026-03-15T17:45:55.929+0000] {dag.py:3047} INFO - Sync 1 DAGs
[2026-03-15T17:45:55.938+0000] {logging_mixin.py:188} INFO - [2026-03-15T17:45:55.938+0000] {dag.py:3834} INFO - Setting next_dagrun for example_kubernetes_executor to None, run_after=None
[2026-03-15T17:45:55.954+0000] {processor.py:183} INFO - Processing /home/airflow/.local/lib/python3.11/site-packages/airflow/example_dags/example_kubernetes_executor.py took 0.085 seconds
[2026-03-15T17:46:15.336+0000] {processor.py:161} INFO - Started process (PID=1021) to work on /home/airflow/.local/lib/python3.11/site-packages/airflow/example_dags/example_kubernetes_executor.py
[2026-03-15T17:46:15.337+0000] {processor.py:830} INFO - Processing file /home/airflow/.local/lib/python3.11/site-packages/airflow/example_dags/example_kubernetes_executor.py for tasks to queue
[2026-03-15T17:46:15.339+0000] {logging_mixin.py:188} INFO - [2026-03-15T17:46:15.339+0000] {dagbag.py:540} INFO - Filling up the DagBag from /home/airflow/.local/lib/python3.11/site-packages/airflow/example_dags/example_kubernetes_executor.py
[2026-03-15T17:46:15.348+0000] {processor.py:840} INFO - DAG(s) 'example_kubernetes_executor' retrieved from /home/airflow/.local/lib/python3.11/site-packages/airflow/example_dags/example_kubernetes_executor.py
[2026-03-15T17:46:15.373+0000] {logging_mixin.py:188} INFO - [2026-03-15T17:46:15.373+0000] {dag.py:3047} INFO - Sync 1 DAGs
[2026-03-15T17:46:15.381+0000] {logging_mixin.py:188} INFO - [2026-03-15T17:46:15.381+0000] {dag.py:3834} INFO - Setting next_dagrun for example_kubernetes_executor to None, run_after=None
[2026-03-15T17:46:15.394+0000] {processor.py:183} INFO - Processing /home/airflow/.local/lib/python3.11/site-packages/airflow/example_dags/example_kubernetes_executor.py took 0.061 seconds
[2026-03-15T17:46:20.383+0000] {processor.py:161} INFO - Started process (PID=1071) to work on /home/airflow/.local/lib/python3.11/site-packages/airflow/example_dags/example_kubernetes_executor.py
[2026-03-15T17:46:20.384+0000] {processor.py:830} INFO - Processing file /home/airflow/.local/lib/python3.11/site-packages/airflow/example_dags/example_kubernetes_executor.py for tasks to queue
[2026-03-15T17:46:20.386+0000] {logging_mixin.py:188} INFO - [2026-03-15T17:46:20.386+0000] {dagbag.py:540} INFO - Filling up the DagBag from /home/airflow/.local/lib/python3.11/site-packages/airflow/example_dags/example_kubernetes_executor.py
[2026-03-15T17:46:20.395+0000] {processor.py:840} INFO - DAG(s) 'example_kubernetes_executor' retrieved from /home/airflow/.local/lib/python3.11/site-packages/airflow/example_dags/example_kubernetes_executor.py
[2026-03-15T17:46:20.425+0000] {logging_mixin.py:188} INFO - [2026-03-15T17:46:20.424+0000] {dag.py:3047} INFO - Sync 1 DAGs
[2026-03-15T17:46:20.435+0000] {logging_mixin.py:188} INFO - [2026-03-15T17:46:20.435+0000] {dag.py:3834} INFO - Setting next_dagrun for example_kubernetes_executor to None, run_after=None
[2026-03-15T17:46:20.450+0000] {processor.py:183} INFO - Processing /home/airflow/.local/lib/python3.11/site-packages/airflow/example_dags/example_kubernetes_executor.py took 0.070 seconds
[2026-03-15T17:46:25.190+0000] {processor.py:161} INFO - Started process (PID=1112) to work on /home/airflow/.local/lib/python3.11/site-packages/airflow/example_dags/example_kubernetes_executor.py
[2026-03-15T17:46:25.191+0000] {processor.py:830} INFO - Processing file /home/airflow/.local/lib/python3.11/site-packages/airflow/example_dags/example_kubernetes_executor.py for tasks to queue
[2026-03-15T17:46:25.193+0000] {logging_mixin.py:188} INFO - [2026-03-15T17:46:25.192+0000] {dagbag.py:540} INFO - Filling up the DagBag from /home/airflow/.local/lib/python3.11/site-packages/airflow/example_dags/example_kubernetes_executor.py
[2026-03-15T17:46:25.203+0000] {processor.py:840} INFO - DAG(s) 'example_kubernetes_executor' retrieved from /home/airflow/.local/lib/python3.11/site-packages/airflow/example_dags/example_kubernetes_executor.py
[2026-03-15T17:46:25.230+0000] {logging_mixin.py:188} INFO - [2026-03-15T17:46:25.230+0000] {dag.py:3047} INFO - Sync 1 DAGs
[2026-03-15T17:46:25.239+0000] {logging_mixin.py:188} INFO - [2026-03-15T17:46:25.239+0000] {dag.py:3834} INFO - Setting next_dagrun for example_kubernetes_executor to None, run_after=None
[2026-03-15T17:46:25.254+0000] {processor.py:183} INFO - Processing /home/airflow/.local/lib/python3.11/site-packages/airflow/example_dags/example_kubernetes_executor.py took 0.068 seconds
[2026-03-15T17:46:55.624+0000] {processor.py:161} INFO - Started process (PID=1166) to work on /home/airflow/.local/lib/python3.11/site-packages/airflow/example_dags/example_kubernetes_executor.py
[2026-03-15T17:46:55.625+0000] {processor.py:830} INFO - Processing file /home/airflow/.local/lib/python3.11/site-packages/airflow/example_dags/example_kubernetes_executor.py for tasks to queue
[2026-03-15T17:46:55.627+0000] {logging_mixin.py:188} INFO - [2026-03-15T17:46:55.626+0000] {dagbag.py:540} INFO - Filling up the DagBag from /home/airflow/.local/lib/python3.11/site-packages/airflow/example_dags/example_kubernetes_executor.py
[2026-03-15T17:46:55.637+0000] {processor.py:840} INFO - DAG(s) 'example_kubernetes_executor' retrieved from /home/airflow/.local/lib/python3.11/site-packages/airflow/example_dags/example_kubernetes_executor.py
[2026-03-15T17:46:55.668+0000] {logging_mixin.py:188} INFO - [2026-03-15T17:46:55.668+0000] {dag.py:3047} INFO - Sync 1 DAGs
[2026-03-15T17:46:55.677+0000] {logging_mixin.py:188} INFO - [2026-03-15T17:46:55.677+0000] {dag.py:3834} INFO - Setting next_dagrun for example_kubernetes_executor to None, run_after=None
[2026-03-15T17:46:55.694+0000] {processor.py:183} INFO - Processing /home/airflow/.local/lib/python3.11/site-packages/airflow/example_dags/example_kubernetes_executor.py took 0.074 seconds
[2026-03-15T17:47:15.316+0000] {processor.py:161} INFO - Started process (PID=1213) to work on /home/airflow/.local/lib/python3.11/site-packages/airflow/example_dags/example_kubernetes_executor.py
[2026-03-15T17:47:15.317+0000] {processor.py:830} INFO - Processing file /home/airflow/.local/lib/python3.11/site-packages/airflow/example_dags/example_kubernetes_executor.py for tasks to queue
[2026-03-15T17:47:15.319+0000] {logging_mixin.py:188} INFO - [2026-03-15T17:47:15.319+0000] {dagbag.py:540} INFO - Filling up the DagBag from /home/airflow/.local/lib/python3.11/site-packages/airflow/example_dags/example_kubernetes_executor.py
[2026-03-15T17:47:15.329+0000] {processor.py:840} INFO - DAG(s) 'example_kubernetes_executor' retrieved from /home/airflow/.local/lib/python3.11/site-packages/airflow/example_dags/example_kubernetes_executor.py
[2026-03-15T17:47:15.363+0000] {logging_mixin.py:188} INFO - [2026-03-15T17:47:15.362+0000] {dag.py:3047} INFO - Sync 1 DAGs
[2026-03-15T17:47:15.371+0000] {logging_mixin.py:188} INFO - [2026-03-15T17:47:15.371+0000] {dag.py:3834} INFO - Setting next_dagrun for example_kubernetes_executor to None, run_after=None
[2026-03-15T17:47:15.387+0000] {processor.py:183} INFO - Processing /home/airflow/.local/lib/python3.11/site-packages/airflow/example_dags/example_kubernetes_executor.py took 0.075 seconds
[2026-03-15T17:47:20.496+0000] {processor.py:161} INFO - Started process (PID=1259) to work on /home/airflow/.local/lib/python3.11/site-packages/airflow/example_dags/example_kubernetes_executor.py
[2026-03-15T17:47:20.497+0000] {processor.py:830} INFO - Processing file /home/airflow/.local/lib/python3.11/site-packages/airflow/example_dags/example_kubernetes_executor.py for tasks to queue
[2026-03-15T17:47:20.500+0000] {logging_mixin.py:188} INFO - [2026-03-15T17:47:20.499+0000] {dagbag.py:540} INFO - Filling up the DagBag from /home/airflow/.local/lib/python3.11/site-packages/airflow/example_dags/example_kubernetes_executor.py
[2026-03-15T17:47:20.510+0000] {processor.py:840} INFO - DAG(s) 'example_kubernetes_executor' retrieved from /home/airflow/.local/lib/python3.11/site-packages/airflow/example_dags/example_kubernetes_executor.py
[2026-03-15T17:47:20.546+0000] {logging_mixin.py:188} INFO - [2026-03-15T17:47:20.546+0000] {dag.py:3047} INFO - Sync 1 DAGs
[2026-03-15T17:47:20.557+0000] {logging_mixin.py:188} INFO - [2026-03-15T17:47:20.556+0000] {dag.py:3834} INFO - Setting next_dagrun for example_kubernetes_executor to None, run_after=None
[2026-03-15T17:47:20.573+0000] {processor.py:183} INFO - Processing /home/airflow/.local/lib/python3.11/site-packages/airflow/example_dags/example_kubernetes_executor.py took 0.081 seconds
[2026-03-15T17:47:26.213+0000] {processor.py:161} INFO - Started process (PID=1301) to work on /home/airflow/.local/lib/python3.11/site-packages/airflow/example_dags/example_kubernetes_executor.py
[2026-03-15T17:47:26.215+0000] {processor.py:830} INFO - Processing file /home/airflow/.local/lib/python3.11/site-packages/airflow/example_dags/example_kubernetes_executor.py for tasks to queue
[2026-03-15T17:47:26.216+0000] {logging_mixin.py:188} INFO - [2026-03-15T17:47:26.216+0000] {dagbag.py:540} INFO - Filling up the DagBag from /home/airflow/.local/lib/python3.11/site-packages/airflow/example_dags/example_kubernetes_executor.py
[2026-03-15T17:47:26.226+0000] {processor.py:840} INFO - DAG(s) 'example_kubernetes_executor' retrieved from /home/airflow/.local/lib/python3.11/site-packages/airflow/example_dags/example_kubernetes_executor.py
[2026-03-15T17:47:26.259+0000] {logging_mixin.py:188} INFO - [2026-03-15T17:47:26.259+0000] {dag.py:3047} INFO - Sync 1 DAGs
[2026-03-15T17:47:26.270+0000] {logging_mixin.py:188} INFO - [2026-03-15T17:47:26.270+0000] {dag.py:3834} INFO - Setting next_dagrun for example_kubernetes_executor to None, run_after=None
[2026-03-15T17:47:26.291+0000] {processor.py:183} INFO - Processing /home/airflow/.local/lib/python3.11/site-packages/airflow/example_dags/example_kubernetes_executor.py took 0.081 seconds
[2026-03-15T17:47:30.618+0000] {processor.py:161} INFO - Started process (PID=1344) to work on /home/airflow/.local/lib/python3.11/site-packages/airflow/example_dags/example_kubernetes_executor.py
[2026-03-15T17:47:30.619+0000] {processor.py:830} INFO - Processing file /home/airflow/.local/lib/python3.11/site-packages/airflow/example_dags/example_kubernetes_executor.py for tasks to queue
[2026-03-15T17:47:30.621+0000] {logging_mixin.py:188} INFO - [2026-03-15T17:47:30.621+0000] {dagbag.py:540} INFO - Filling up the DagBag from /home/airflow/.local/lib/python3.11/site-packages/airflow/example_dags/example_kubernetes_executor.py
[2026-03-15T17:47:30.630+0000] {processor.py:840} INFO - DAG(s) 'example_kubernetes_executor' retrieved from /home/airflow/.local/lib/python3.11/site-packages/airflow/example_dags/example_kubernetes_executor.py
[2026-03-15T17:47:30.659+0000] {logging_mixin.py:188} INFO - [2026-03-15T17:47:30.659+0000] {dag.py:3047} INFO - Sync 1 DAGs
[2026-03-15T17:47:30.669+0000] {logging_mixin.py:188} INFO - [2026-03-15T17:47:30.669+0000] {dag.py:3834} INFO - Setting next_dagrun for example_kubernetes_executor to None, run_after=None
[2026-03-15T17:47:30.684+0000] {processor.py:183} INFO - Processing /home/airflow/.local/lib/python3.11/site-packages/airflow/example_dags/example_kubernetes_executor.py took 0.069 seconds
[2026-03-15T17:47:45.055+0000] {processor.py:161} INFO - Started process (PID=1385) to work on /home/airflow/.local/lib/python3.11/site-packages/airflow/example_dags/example_kubernetes_executor.py
[2026-03-15T17:47:45.056+0000] {processor.py:830} INFO - Processing file /home/airflow/.local/lib/python3.11/site-packages/airflow/example_dags/example_kubernetes_executor.py for tasks to queue
[2026-03-15T17:47:45.058+0000] {logging_mixin.py:188} INFO - [2026-03-15T17:47:45.058+0000] {dagbag.py:540} INFO - Filling up the DagBag from /home/airflow/.local/lib/python3.11/site-packages/airflow/example_dags/example_kubernetes_executor.py
[2026-03-15T17:47:45.068+0000] {processor.py:840} INFO - DAG(s) 'example_kubernetes_executor' retrieved from /home/airflow/.local/lib/python3.11/site-packages/airflow/example_dags/example_kubernetes_executor.py
[2026-03-15T17:47:45.098+0000] {logging_mixin.py:188} INFO - [2026-03-15T17:47:45.098+0000] {dag.py:3047} INFO - Sync 1 DAGs
[2026-03-15T17:47:45.109+0000] {logging_mixin.py:188} INFO - [2026-03-15T17:47:45.109+0000] {dag.py:3834} INFO - Setting next_dagrun for example_kubernetes_executor to None, run_after=None
[2026-03-15T17:47:45.123+0000] {processor.py:183} INFO - Processing /home/airflow/.local/lib/python3.11/site-packages/airflow/example_dags/example_kubernetes_executor.py took 0.071 seconds
[2026-03-15T17:48:15.146+0000] {processor.py:161} INFO - Started process (PID=1427) to work on /home/airflow/.local/lib/python3.11/site-packages/airflow/example_dags/example_kubernetes_executor.py
[2026-03-15T17:48:15.154+0000] {processor.py:830} INFO - Processing file /home/airflow/.local/lib/python3.11/site-packages/airflow/example_dags/example_kubernetes_executor.py for tasks to queue
[2026-03-15T17:48:15.155+0000] {logging_mixin.py:188} INFO - [2026-03-15T17:48:15.155+0000] {dagbag.py:540} INFO - Filling up the DagBag from /home/airflow/.local/lib/python3.11/site-packages/airflow/example_dags/example_kubernetes_executor.py
[2026-03-15T17:48:15.165+0000] {processor.py:840} INFO - DAG(s) 'example_kubernetes_executor' retrieved from /home/airflow/.local/lib/python3.11/site-packages/airflow/example_dags/example_kubernetes_executor.py
[2026-03-15T17:48:15.196+0000] {logging_mixin.py:188} INFO - [2026-03-15T17:48:15.195+0000] {dag.py:3047} INFO - Sync 1 DAGs
[2026-03-15T17:48:15.205+0000] {logging_mixin.py:188} INFO - [2026-03-15T17:48:15.205+0000] {dag.py:3834} INFO - Setting next_dagrun for example_kubernetes_executor to None, run_after=None
[2026-03-15T17:48:15.221+0000] {processor.py:183} INFO - Processing /home/airflow/.local/lib/python3.11/site-packages/airflow/example_dags/example_kubernetes_executor.py took 0.078 seconds
[2026-03-15T17:48:45.088+0000] {processor.py:161} INFO - Started process (PID=1486) to work on /home/airflow/.local/lib/python3.11/site-packages/airflow/example_dags/example_kubernetes_executor.py
[2026-03-15T17:48:45.088+0000] {processor.py:830} INFO - Processing file /home/airflow/.local/lib/python3.11/site-packages/airflow/example_dags/example_kubernetes_executor.py for tasks to queue
[2026-03-15T17:48:45.090+0000] {logging_mixin.py:188} INFO - [2026-03-15T17:48:45.090+0000] {dagbag.py:540} INFO - Filling up the DagBag from /home/airflow/.local/lib/python3.11/site-packages/airflow/example_dags/example_kubernetes_executor.py
[2026-03-15T17:48:45.099+0000] {processor.py:840} INFO - DAG(s) 'example_kubernetes_executor' retrieved from /home/airflow/.local/lib/python3.11/site-packages/airflow/example_dags/example_kubernetes_executor.py
[2026-03-15T17:48:45.129+0000] {logging_mixin.py:188} INFO - [2026-03-15T17:48:45.129+0000] {dag.py:3047} INFO - Sync 1 DAGs
[2026-03-15T17:48:45.139+0000] {logging_mixin.py:188} INFO - [2026-03-15T17:48:45.138+0000] {dag.py:3834} INFO - Setting next_dagrun for example_kubernetes_executor to None, run_after=None
[2026-03-15T17:48:45.152+0000] {processor.py:183} INFO - Processing /home/airflow/.local/lib/python3.11/site-packages/airflow/example_dags/example_kubernetes_executor.py took 0.067 seconds
[2026-03-15T17:49:15.718+0000] {processor.py:161} INFO - Started process (PID=1542) to work on /home/airflow/.local/lib/python3.11/site-packages/airflow/example_dags/example_kubernetes_executor.py
[2026-03-15T17:49:15.719+0000] {processor.py:830} INFO - Processing file /home/airflow/.local/lib/python3.11/site-packages/airflow/example_dags/example_kubernetes_executor.py for tasks to queue
[2026-03-15T17:49:15.722+0000] {logging_mixin.py:188} INFO - [2026-03-15T17:49:15.722+0000] {dagbag.py:540} INFO - Filling up the DagBag from /home/airflow/.local/lib/python3.11/site-packages/airflow/example_dags/example_kubernetes_executor.py
[2026-03-15T17:49:15.733+0000] {processor.py:840} INFO - DAG(s) 'example_kubernetes_executor' retrieved from /home/airflow/.local/lib/python3.11/site-packages/airflow/example_dags/example_kubernetes_executor.py
[2026-03-15T17:49:15.763+0000] {logging_mixin.py:188} INFO - [2026-03-15T17:49:15.762+0000] {dag.py:3047} INFO - Sync 1 DAGs
[2026-03-15T17:49:15.772+0000] {logging_mixin.py:188} INFO - [2026-03-15T17:49:15.772+0000] {dag.py:3834} INFO - Setting next_dagrun for example_kubernetes_executor to None, run_after=None
[2026-03-15T17:49:15.786+0000] {processor.py:183} INFO - Processing /home/airflow/.local/lib/python3.11/site-packages/airflow/example_dags/example_kubernetes_executor.py took 0.071 seconds
[2026-03-15T17:49:59.909+0000] {processor.py:161} INFO - Started process (PID=91) to work on /home/airflow/.local/lib/python3.11/site-packages/airflow/example_dags/example_kubernetes_executor.py
[2026-03-15T17:49:59.910+0000] {processor.py:830} INFO - Processing file /home/airflow/.local/lib/python3.11/site-packages/airflow/example_dags/example_kubernetes_executor.py for tasks to queue
[2026-03-15T17:49:59.912+0000] {logging_mixin.py:188} INFO - [2026-03-15T17:49:59.911+0000] {dagbag.py:540} INFO - Filling up the DagBag from /home/airflow/.local/lib/python3.11/site-packages/airflow/example_dags/example_kubernetes_executor.py
[2026-03-15T17:49:59.922+0000] {processor.py:840} INFO - DAG(s) 'example_kubernetes_executor' retrieved from /home/airflow/.local/lib/python3.11/site-packages/airflow/example_dags/example_kubernetes_executor.py
[2026-03-15T17:49:59.932+0000] {logging_mixin.py:188} INFO - [2026-03-15T17:49:59.931+0000] {dag.py:3047} INFO - Sync 1 DAGs
[2026-03-15T17:49:59.942+0000] {logging_mixin.py:188} INFO - [2026-03-15T17:49:59.942+0000] {dag.py:3834} INFO - Setting next_dagrun for example_kubernetes_executor to None, run_after=None
[2026-03-15T17:49:59.964+0000] {processor.py:183} INFO - Processing /home/airflow/.local/lib/python3.11/site-packages/airflow/example_dags/example_kubernetes_executor.py took 0.058 seconds
[2026-03-15T17:50:16.439+0000] {processor.py:161} INFO - Started process (PID=145) to work on /home/airflow/.local/lib/python3.11/site-packages/airflow/example_dags/example_kubernetes_executor.py
[2026-03-15T17:50:16.440+0000] {processor.py:830} INFO - Processing file /home/airflow/.local/lib/python3.11/site-packages/airflow/example_dags/example_kubernetes_executor.py for tasks to queue
[2026-03-15T17:50:16.443+0000] {logging_mixin.py:188} INFO - [2026-03-15T17:50:16.442+0000] {dagbag.py:540} INFO - Filling up the DagBag from /home/airflow/.local/lib/python3.11/site-packages/airflow/example_dags/example_kubernetes_executor.py
[2026-03-15T17:50:16.454+0000] {processor.py:840} INFO - DAG(s) 'example_kubernetes_executor' retrieved from /home/airflow/.local/lib/python3.11/site-packages/airflow/example_dags/example_kubernetes_executor.py
[2026-03-15T17:50:16.544+0000] {logging_mixin.py:188} INFO - [2026-03-15T17:50:16.543+0000] {dag.py:3047} INFO - Sync 1 DAGs
[2026-03-15T17:50:16.552+0000] {logging_mixin.py:188} INFO - [2026-03-15T17:50:16.551+0000] {dag.py:3834} INFO - Setting next_dagrun for example_kubernetes_executor to None, run_after=None
[2026-03-15T17:50:16.572+0000] {processor.py:183} INFO - Processing /home/airflow/.local/lib/python3.11/site-packages/airflow/example_dags/example_kubernetes_executor.py took 0.135 seconds
[2026-03-15T17:50:20.679+0000] {processor.py:161} INFO - Started process (PID=190) to work on /home/airflow/.local/lib/python3.11/site-packages/airflow/example_dags/example_kubernetes_executor.py
[2026-03-15T17:50:20.680+0000] {processor.py:830} INFO - Processing file /home/airflow/.local/lib/python3.11/site-packages/airflow/example_dags/example_kubernetes_executor.py for tasks to queue
[2026-03-15T17:50:20.682+0000] {logging_mixin.py:188} INFO - [2026-03-15T17:50:20.682+0000] {dagbag.py:540} INFO - Filling up the DagBag from /home/airflow/.local/lib/python3.11/site-packages/airflow/example_dags/example_kubernetes_executor.py
[2026-03-15T17:50:20.691+0000] {processor.py:840} INFO - DAG(s) 'example_kubernetes_executor' retrieved from /home/airflow/.local/lib/python3.11/site-packages/airflow/example_dags/example_kubernetes_executor.py
[2026-03-15T17:50:20.701+0000] {logging_mixin.py:188} INFO - [2026-03-15T17:50:20.701+0000] {dag.py:3047} INFO - Sync 1 DAGs
[2026-03-15T17:50:20.710+0000] {logging_mixin.py:188} INFO - [2026-03-15T17:50:20.710+0000] {dag.py:3834} INFO - Setting next_dagrun for example_kubernetes_executor to None, run_after=None
[2026-03-15T17:50:20.726+0000] {processor.py:183} INFO - Processing /home/airflow/.local/lib/python3.11/site-packages/airflow/example_dags/example_kubernetes_executor.py took 0.050 seconds
[2026-03-15T17:50:25.749+0000] {processor.py:161} INFO - Started process (PID=232) to work on /home/airflow/.local/lib/python3.11/site-packages/airflow/example_dags/example_kubernetes_executor.py
[2026-03-15T17:50:25.750+0000] {processor.py:830} INFO - Processing file /home/airflow/.local/lib/python3.11/site-packages/airflow/example_dags/example_kubernetes_executor.py for tasks to queue
[2026-03-15T17:50:25.751+0000] {logging_mixin.py:188} INFO - [2026-03-15T17:50:25.751+0000] {dagbag.py:540} INFO - Filling up the DagBag from /home/airflow/.local/lib/python3.11/site-packages/airflow/example_dags/example_kubernetes_executor.py
[2026-03-15T17:50:25.761+0000] {processor.py:840} INFO - DAG(s) 'example_kubernetes_executor' retrieved from /home/airflow/.local/lib/python3.11/site-packages/airflow/example_dags/example_kubernetes_executor.py
[2026-03-15T17:50:25.770+0000] {logging_mixin.py:188} INFO - [2026-03-15T17:50:25.770+0000] {dag.py:3047} INFO - Sync 1 DAGs
[2026-03-15T17:50:25.782+0000] {logging_mixin.py:188} INFO - [2026-03-15T17:50:25.781+0000] {dag.py:3834} INFO - Setting next_dagrun for example_kubernetes_executor to None, run_after=None
[2026-03-15T17:50:25.797+0000] {processor.py:183} INFO - Processing /home/airflow/.local/lib/python3.11/site-packages/airflow/example_dags/example_kubernetes_executor.py took 0.052 seconds
[2026-03-15T17:50:31.202+0000] {processor.py:161} INFO - Started process (PID=282) to work on /home/airflow/.local/lib/python3.11/site-packages/airflow/example_dags/example_kubernetes_executor.py
[2026-03-15T17:50:31.203+0000] {processor.py:830} INFO - Processing file /home/airflow/.local/lib/python3.11/site-packages/airflow/example_dags/example_kubernetes_executor.py for tasks to queue
[2026-03-15T17:50:31.205+0000] {logging_mixin.py:188} INFO - [2026-03-15T17:50:31.205+0000] {dagbag.py:540} INFO - Filling up the DagBag from /home/airflow/.local/lib/python3.11/site-packages/airflow/example_dags/example_kubernetes_executor.py
[2026-03-15T17:50:31.217+0000] {processor.py:840} INFO - DAG(s) 'example_kubernetes_executor' retrieved from /home/airflow/.local/lib/python3.11/site-packages/airflow/example_dags/example_kubernetes_executor.py
[2026-03-15T17:50:31.231+0000] {logging_mixin.py:188} INFO - [2026-03-15T17:50:31.230+0000] {dag.py:3047} INFO - Sync 1 DAGs
[2026-03-15T17:50:31.245+0000] {logging_mixin.py:188} INFO - [2026-03-15T17:50:31.244+0000] {dag.py:3834} INFO - Setting next_dagrun for example_kubernetes_executor to None, run_after=None
[2026-03-15T17:50:31.269+0000] {processor.py:183} INFO - Processing /home/airflow/.local/lib/python3.11/site-packages/airflow/example_dags/example_kubernetes_executor.py took 0.069 seconds
[2026-03-15T17:51:01.507+0000] {processor.py:161} INFO - Started process (PID=332) to work on /home/airflow/.local/lib/python3.11/site-packages/airflow/example_dags/example_kubernetes_executor.py
[2026-03-15T17:51:01.508+0000] {processor.py:830} INFO - Processing file /home/airflow/.local/lib/python3.11/site-packages/airflow/example_dags/example_kubernetes_executor.py for tasks to queue
[2026-03-15T17:51:01.509+0000] {logging_mixin.py:188} INFO - [2026-03-15T17:51:01.509+0000] {dagbag.py:540} INFO - Filling up the DagBag from /home/airflow/.local/lib/python3.11/site-packages/airflow/example_dags/example_kubernetes_executor.py
[2026-03-15T17:51:01.518+0000] {processor.py:840} INFO - DAG(s) 'example_kubernetes_executor' retrieved from /home/airflow/.local/lib/python3.11/site-packages/airflow/example_dags/example_kubernetes_executor.py
[2026-03-15T17:51:01.543+0000] {logging_mixin.py:188} INFO - [2026-03-15T17:51:01.543+0000] {dag.py:3047} INFO - Sync 1 DAGs
[2026-03-15T17:51:01.553+0000] {logging_mixin.py:188} INFO - [2026-03-15T17:51:01.553+0000] {dag.py:3834} INFO - Setting next_dagrun for example_kubernetes_executor to None, run_after=None
[2026-03-15T17:51:01.570+0000] {processor.py:183} INFO - Processing /home/airflow/.local/lib/python3.11/site-packages/airflow/example_dags/example_kubernetes_executor.py took 0.066 seconds
[2026-03-15T17:51:31.845+0000] {processor.py:161} INFO - Started process (PID=383) to work on /home/airflow/.local/lib/python3.11/site-packages/airflow/example_dags/example_kubernetes_executor.py
[2026-03-15T17:51:31.847+0000] {processor.py:830} INFO - Processing file /home/airflow/.local/lib/python3.11/site-packages/airflow/example_dags/example_kubernetes_executor.py for tasks to queue
[2026-03-15T17:51:31.850+0000] {logging_mixin.py:188} INFO - [2026-03-15T17:51:31.850+0000] {dagbag.py:540} INFO - Filling up the DagBag from /home/airflow/.local/lib/python3.11/site-packages/airflow/example_dags/example_kubernetes_executor.py
[2026-03-15T17:51:31.862+0000] {processor.py:840} INFO - DAG(s) 'example_kubernetes_executor' retrieved from /home/airflow/.local/lib/python3.11/site-packages/airflow/example_dags/example_kubernetes_executor.py
[2026-03-15T17:51:31.890+0000] {logging_mixin.py:188} INFO - [2026-03-15T17:51:31.890+0000] {dag.py:3047} INFO - Sync 1 DAGs
[2026-03-15T17:51:31.900+0000] {logging_mixin.py:188} INFO - [2026-03-15T17:51:31.900+0000] {dag.py:3834} INFO - Setting next_dagrun for example_kubernetes_executor to None, run_after=None
[2026-03-15T17:51:31.925+0000] {processor.py:183} INFO - Processing /home/airflow/.local/lib/python3.11/site-packages/airflow/example_dags/example_kubernetes_executor.py took 0.083 seconds
[2026-03-15T17:51:36.726+0000] {processor.py:161} INFO - Started process (PID=436) to work on /home/airflow/.local/lib/python3.11/site-packages/airflow/example_dags/example_kubernetes_executor.py
[2026-03-15T17:51:36.727+0000] {processor.py:830} INFO - Processing file /home/airflow/.local/lib/python3.11/site-packages/airflow/example_dags/example_kubernetes_executor.py for tasks to queue
[2026-03-15T17:51:36.729+0000] {logging_mixin.py:188} INFO - [2026-03-15T17:51:36.729+0000] {dagbag.py:540} INFO - Filling up the DagBag from /home/airflow/.local/lib/python3.11/site-packages/airflow/example_dags/example_kubernetes_executor.py
[2026-03-15T17:51:36.740+0000] {processor.py:840} INFO - DAG(s) 'example_kubernetes_executor' retrieved from /home/airflow/.local/lib/python3.11/site-packages/airflow/example_dags/example_kubernetes_executor.py
[2026-03-15T17:51:36.769+0000] {logging_mixin.py:188} INFO - [2026-03-15T17:51:36.769+0000] {dag.py:3047} INFO - Sync 1 DAGs
[2026-03-15T17:51:36.777+0000] {logging_mixin.py:188} INFO - [2026-03-15T17:51:36.777+0000] {dag.py:3834} INFO - Setting next_dagrun for example_kubernetes_executor to None, run_after=None
[2026-03-15T17:51:36.793+0000] {processor.py:183} INFO - Processing /home/airflow/.local/lib/python3.11/site-packages/airflow/example_dags/example_kubernetes_executor.py took 0.070 seconds
[2026-03-15T17:51:41.383+0000] {processor.py:161} INFO - Started process (PID=486) to work on /home/airflow/.local/lib/python3.11/site-packages/airflow/example_dags/example_kubernetes_executor.py
[2026-03-15T17:51:41.384+0000] {processor.py:830} INFO - Processing file /home/airflow/.local/lib/python3.11/site-packages/airflow/example_dags/example_kubernetes_executor.py for tasks to queue
[2026-03-15T17:51:41.385+0000] {logging_mixin.py:188} INFO - [2026-03-15T17:51:41.385+0000] {dagbag.py:540} INFO - Filling up the DagBag from /home/airflow/.local/lib/python3.11/site-packages/airflow/example_dags/example_kubernetes_executor.py
[2026-03-15T17:51:41.394+0000] {processor.py:840} INFO - DAG(s) 'example_kubernetes_executor' retrieved from /home/airflow/.local/lib/python3.11/site-packages/airflow/example_dags/example_kubernetes_executor.py
[2026-03-15T17:51:41.421+0000] {logging_mixin.py:188} INFO - [2026-03-15T17:51:41.421+0000] {dag.py:3047} INFO - Sync 1 DAGs
[2026-03-15T17:51:41.430+0000] {logging_mixin.py:188} INFO - [2026-03-15T17:51:41.429+0000] {dag.py:3834} INFO - Setting next_dagrun for example_kubernetes_executor to None, run_after=None
[2026-03-15T17:51:41.445+0000] {processor.py:183} INFO - Processing /home/airflow/.local/lib/python3.11/site-packages/airflow/example_dags/example_kubernetes_executor.py took 0.065 seconds
[2026-03-15T17:52:11.587+0000] {processor.py:161} INFO - Started process (PID=540) to work on /home/airflow/.local/lib/python3.11/site-packages/airflow/example_dags/example_kubernetes_executor.py
[2026-03-15T17:52:11.588+0000] {processor.py:830} INFO - Processing file /home/airflow/.local/lib/python3.11/site-packages/airflow/example_dags/example_kubernetes_executor.py for tasks to queue
[2026-03-15T17:52:11.590+0000] {logging_mixin.py:188} INFO - [2026-03-15T17:52:11.590+0000] {dagbag.py:540} INFO - Filling up the DagBag from /home/airflow/.local/lib/python3.11/site-packages/airflow/example_dags/example_kubernetes_executor.py
[2026-03-15T17:52:11.601+0000] {processor.py:840} INFO - DAG(s) 'example_kubernetes_executor' retrieved from /home/airflow/.local/lib/python3.11/site-packages/airflow/example_dags/example_kubernetes_executor.py
[2026-03-15T17:52:11.636+0000] {logging_mixin.py:188} INFO - [2026-03-15T17:52:11.636+0000] {dag.py:3047} INFO - Sync 1 DAGs
[2026-03-15T17:52:11.645+0000] {logging_mixin.py:188} INFO - [2026-03-15T17:52:11.645+0000] {dag.py:3834} INFO - Setting next_dagrun for example_kubernetes_executor to None, run_after=None
[2026-03-15T17:52:11.659+0000] {processor.py:183} INFO - Processing /home/airflow/.local/lib/python3.11/site-packages/airflow/example_dags/example_kubernetes_executor.py took 0.074 seconds
[2026-03-15T17:52:15.131+0000] {processor.py:161} INFO - Started process (PID=590) to work on /home/airflow/.local/lib/python3.11/site-packages/airflow/example_dags/example_kubernetes_executor.py
[2026-03-15T17:52:15.132+0000] {processor.py:830} INFO - Processing file /home/airflow/.local/lib/python3.11/site-packages/airflow/example_dags/example_kubernetes_executor.py for tasks to queue
[2026-03-15T17:52:15.133+0000] {logging_mixin.py:188} INFO - [2026-03-15T17:52:15.133+0000] {dagbag.py:540} INFO - Filling up the DagBag from /home/airflow/.local/lib/python3.11/site-packages/airflow/example_dags/example_kubernetes_executor.py
[2026-03-15T17:52:15.143+0000] {processor.py:840} INFO - DAG(s) 'example_kubernetes_executor' retrieved from /home/airflow/.local/lib/python3.11/site-packages/airflow/example_dags/example_kubernetes_executor.py
[2026-03-15T17:52:15.171+0000] {logging_mixin.py:188} INFO - [2026-03-15T17:52:15.171+0000] {dag.py:3047} INFO - Sync 1 DAGs
[2026-03-15T17:52:15.183+0000] {logging_mixin.py:188} INFO - [2026-03-15T17:52:15.183+0000] {dag.py:3834} INFO - Setting next_dagrun for example_kubernetes_executor to None, run_after=None
[2026-03-15T17:52:15.199+0000] {processor.py:183} INFO - Processing /home/airflow/.local/lib/python3.11/site-packages/airflow/example_dags/example_kubernetes_executor.py took 0.071 seconds
[2026-03-15T17:52:20.944+0000] {processor.py:161} INFO - Started process (PID=632) to work on /home/airflow/.local/lib/python3.11/site-packages/airflow/example_dags/example_kubernetes_executor.py
[2026-03-15T17:52:20.945+0000] {processor.py:830} INFO - Processing file /home/airflow/.local/lib/python3.11/site-packages/airflow/example_dags/example_kubernetes_executor.py for tasks to queue
[2026-03-15T17:52:20.947+0000] {logging_mixin.py:188} INFO - [2026-03-15T17:52:20.946+0000] {dagbag.py:540} INFO - Filling up the DagBag from /home/airflow/.local/lib/python3.11/site-packages/airflow/example_dags/example_kubernetes_executor.py
[2026-03-15T17:52:20.956+0000] {processor.py:840} INFO - DAG(s) 'example_kubernetes_executor' retrieved from /home/airflow/.local/lib/python3.11/site-packages/airflow/example_dags/example_kubernetes_executor.py
[2026-03-15T17:52:20.985+0000] {logging_mixin.py:188} INFO - [2026-03-15T17:52:20.985+0000] {dag.py:3047} INFO - Sync 1 DAGs
[2026-03-15T17:52:20.995+0000] {logging_mixin.py:188} INFO - [2026-03-15T17:52:20.994+0000] {dag.py:3834} INFO - Setting next_dagrun for example_kubernetes_executor to None, run_after=None
[2026-03-15T17:52:21.008+0000] {processor.py:183} INFO - Processing /home/airflow/.local/lib/python3.11/site-packages/airflow/example_dags/example_kubernetes_executor.py took 0.068 seconds
[2026-03-15T17:52:25.707+0000] {processor.py:161} INFO - Started process (PID=672) to work on /home/airflow/.local/lib/python3.11/site-packages/airflow/example_dags/example_kubernetes_executor.py
[2026-03-15T17:52:25.709+0000] {processor.py:830} INFO - Processing file /home/airflow/.local/lib/python3.11/site-packages/airflow/example_dags/example_kubernetes_executor.py for tasks to queue
[2026-03-15T17:52:25.710+0000] {logging_mixin.py:188} INFO - [2026-03-15T17:52:25.710+0000] {dagbag.py:540} INFO - Filling up the DagBag from /home/airflow/.local/lib/python3.11/site-packages/airflow/example_dags/example_kubernetes_executor.py
[2026-03-15T17:52:25.720+0000] {processor.py:840} INFO - DAG(s) 'example_kubernetes_executor' retrieved from /home/airflow/.local/lib/python3.11/site-packages/airflow/example_dags/example_kubernetes_executor.py
[2026-03-15T17:52:25.750+0000] {logging_mixin.py:188} INFO - [2026-03-15T17:52:25.750+0000] {dag.py:3047} INFO - Sync 1 DAGs
[2026-03-15T17:52:25.759+0000] {logging_mixin.py:188} INFO - [2026-03-15T17:52:25.758+0000] {dag.py:3834} INFO - Setting next_dagrun for example_kubernetes_executor to None, run_after=None
[2026-03-15T17:52:25.772+0000] {processor.py:183} INFO - Processing /home/airflow/.local/lib/python3.11/site-packages/airflow/example_dags/example_kubernetes_executor.py took 0.068 seconds
[2026-03-15T17:53:33.537+0000] {processor.py:161} INFO - Started process (PID=716) to work on /home/airflow/.local/lib/python3.11/site-packages/airflow/example_dags/example_kubernetes_executor.py
[2026-03-15T17:53:33.538+0000] {processor.py:830} INFO - Processing file /home/airflow/.local/lib/python3.11/site-packages/airflow/example_dags/example_kubernetes_executor.py for tasks to queue
[2026-03-15T17:53:33.540+0000] {logging_mixin.py:188} INFO - [2026-03-15T17:53:33.540+0000] {dagbag.py:540} INFO - Filling up the DagBag from /home/airflow/.local/lib/python3.11/site-packages/airflow/example_dags/example_kubernetes_executor.py
[2026-03-15T17:53:33.551+0000] {processor.py:840} INFO - DAG(s) 'example_kubernetes_executor' retrieved from /home/airflow/.local/lib/python3.11/site-packages/airflow/example_dags/example_kubernetes_executor.py
[2026-03-15T17:53:33.579+0000] {logging_mixin.py:188} INFO - [2026-03-15T17:53:33.579+0000] {dag.py:3047} INFO - Sync 1 DAGs
[2026-03-15T17:53:33.587+0000] {logging_mixin.py:188} INFO - [2026-03-15T17:53:33.587+0000] {dag.py:3834} INFO - Setting next_dagrun for example_kubernetes_executor to None, run_after=None
[2026-03-15T17:53:33.606+0000] {processor.py:183} INFO - Processing /home/airflow/.local/lib/python3.11/site-packages/airflow/example_dags/example_kubernetes_executor.py took 0.072 seconds
[2026-03-15T17:53:16.431+0000] {processor.py:161} INFO - Started process (PID=780) to work on /home/airflow/.local/lib/python3.11/site-packages/airflow/example_dags/example_kubernetes_executor.py
[2026-03-15T17:53:16.432+0000] {processor.py:830} INFO - Processing file /home/airflow/.local/lib/python3.11/site-packages/airflow/example_dags/example_kubernetes_executor.py for tasks to queue
[2026-03-15T17:53:16.433+0000] {logging_mixin.py:188} INFO - [2026-03-15T17:53:16.433+0000] {dagbag.py:540} INFO - Filling up the DagBag from /home/airflow/.local/lib/python3.11/site-packages/airflow/example_dags/example_kubernetes_executor.py
[2026-03-15T17:53:16.444+0000] {processor.py:840} INFO - DAG(s) 'example_kubernetes_executor' retrieved from /home/airflow/.local/lib/python3.11/site-packages/airflow/example_dags/example_kubernetes_executor.py
[2026-03-15T17:53:16.474+0000] {logging_mixin.py:188} INFO - [2026-03-15T17:53:16.474+0000] {dag.py:3047} INFO - Sync 1 DAGs
[2026-03-15T17:53:16.490+0000] {logging_mixin.py:188} INFO - [2026-03-15T17:53:16.490+0000] {dag.py:3834} INFO - Setting next_dagrun for example_kubernetes_executor to None, run_after=None
[2026-03-15T17:53:16.507+0000] {processor.py:183} INFO - Processing /home/airflow/.local/lib/python3.11/site-packages/airflow/example_dags/example_kubernetes_executor.py took 0.079 seconds
[2026-03-15T17:53:47.366+0000] {processor.py:161} INFO - Started process (PID=830) to work on /home/airflow/.local/lib/python3.11/site-packages/airflow/example_dags/example_kubernetes_executor.py
[2026-03-15T17:53:47.367+0000] {processor.py:830} INFO - Processing file /home/airflow/.local/lib/python3.11/site-packages/airflow/example_dags/example_kubernetes_executor.py for tasks to queue
[2026-03-15T17:53:47.369+0000] {logging_mixin.py:188} INFO - [2026-03-15T17:53:47.369+0000] {dagbag.py:540} INFO - Filling up the DagBag from /home/airflow/.local/lib/python3.11/site-packages/airflow/example_dags/example_kubernetes_executor.py
[2026-03-15T17:53:47.378+0000] {processor.py:840} INFO - DAG(s) 'example_kubernetes_executor' retrieved from /home/airflow/.local/lib/python3.11/site-packages/airflow/example_dags/example_kubernetes_executor.py
[2026-03-15T17:53:47.408+0000] {logging_mixin.py:188} INFO - [2026-03-15T17:53:47.408+0000] {dag.py:3047} INFO - Sync 1 DAGs
[2026-03-15T17:53:47.416+0000] {logging_mixin.py:188} INFO - [2026-03-15T17:53:47.416+0000] {dag.py:3834} INFO - Setting next_dagrun for example_kubernetes_executor to None, run_after=None
[2026-03-15T17:53:47.430+0000] {processor.py:183} INFO - Processing /home/airflow/.local/lib/python3.11/site-packages/airflow/example_dags/example_kubernetes_executor.py took 0.066 seconds
[2026-03-15T17:54:17.810+0000] {processor.py:161} INFO - Started process (PID=888) to work on /home/airflow/.local/lib/python3.11/site-packages/airflow/example_dags/example_kubernetes_executor.py
[2026-03-15T17:54:17.811+0000] {processor.py:830} INFO - Processing file /home/airflow/.local/lib/python3.11/site-packages/airflow/example_dags/example_kubernetes_executor.py for tasks to queue
[2026-03-15T17:54:17.813+0000] {logging_mixin.py:188} INFO - [2026-03-15T17:54:17.812+0000] {dagbag.py:540} INFO - Filling up the DagBag from /home/airflow/.local/lib/python3.11/site-packages/airflow/example_dags/example_kubernetes_executor.py
[2026-03-15T17:54:17.821+0000] {processor.py:840} INFO - DAG(s) 'example_kubernetes_executor' retrieved from /home/airflow/.local/lib/python3.11/site-packages/airflow/example_dags/example_kubernetes_executor.py
[2026-03-15T17:54:17.851+0000] {logging_mixin.py:188} INFO - [2026-03-15T17:54:17.850+0000] {dag.py:3047} INFO - Sync 1 DAGs
[2026-03-15T17:54:17.861+0000] {logging_mixin.py:188} INFO - [2026-03-15T17:54:17.861+0000] {dag.py:3834} INFO - Setting next_dagrun for example_kubernetes_executor to None, run_after=None
[2026-03-15T17:54:17.876+0000] {processor.py:183} INFO - Processing /home/airflow/.local/lib/python3.11/site-packages/airflow/example_dags/example_kubernetes_executor.py took 0.069 seconds
[2026-03-15T17:54:23.019+0000] {processor.py:161} INFO - Started process (PID=933) to work on /home/airflow/.local/lib/python3.11/site-packages/airflow/example_dags/example_kubernetes_executor.py
[2026-03-15T17:54:23.020+0000] {processor.py:830} INFO - Processing file /home/airflow/.local/lib/python3.11/site-packages/airflow/example_dags/example_kubernetes_executor.py for tasks to queue
[2026-03-15T17:54:23.022+0000] {logging_mixin.py:188} INFO - [2026-03-15T17:54:23.021+0000] {dagbag.py:540} INFO - Filling up the DagBag from /home/airflow/.local/lib/python3.11/site-packages/airflow/example_dags/example_kubernetes_executor.py
[2026-03-15T17:54:23.032+0000] {processor.py:840} INFO - DAG(s) 'example_kubernetes_executor' retrieved from /home/airflow/.local/lib/python3.11/site-packages/airflow/example_dags/example_kubernetes_executor.py
[2026-03-15T17:54:23.064+0000] {logging_mixin.py:188} INFO - [2026-03-15T17:54:23.064+0000] {dag.py:3047} INFO - Sync 1 DAGs
[2026-03-15T17:54:23.073+0000] {logging_mixin.py:188} INFO - [2026-03-15T17:54:23.073+0000] {dag.py:3834} INFO - Setting next_dagrun for example_kubernetes_executor to None, run_after=None
[2026-03-15T17:54:23.088+0000] {processor.py:183} INFO - Processing /home/airflow/.local/lib/python3.11/site-packages/airflow/example_dags/example_kubernetes_executor.py took 0.072 seconds
[2026-03-15T17:54:53.301+0000] {processor.py:161} INFO - Started process (PID=982) to work on /home/airflow/.local/lib/python3.11/site-packages/airflow/example_dags/example_kubernetes_executor.py
[2026-03-15T17:54:53.302+0000] {processor.py:830} INFO - Processing file /home/airflow/.local/lib/python3.11/site-packages/airflow/example_dags/example_kubernetes_executor.py for tasks to queue
[2026-03-15T17:54:53.304+0000] {logging_mixin.py:188} INFO - [2026-03-15T17:54:53.304+0000] {dagbag.py:540} INFO - Filling up the DagBag from /home/airflow/.local/lib/python3.11/site-packages/airflow/example_dags/example_kubernetes_executor.py
[2026-03-15T17:54:53.315+0000] {processor.py:840} INFO - DAG(s) 'example_kubernetes_executor' retrieved from /home/airflow/.local/lib/python3.11/site-packages/airflow/example_dags/example_kubernetes_executor.py
[2026-03-15T17:54:53.346+0000] {logging_mixin.py:188} INFO - [2026-03-15T17:54:53.345+0000] {dag.py:3047} INFO - Sync 1 DAGs
[2026-03-15T17:54:53.356+0000] {logging_mixin.py:188} INFO - [2026-03-15T17:54:53.356+0000] {dag.py:3834} INFO - Setting next_dagrun for example_kubernetes_executor to None, run_after=None
[2026-03-15T17:54:53.371+0000] {processor.py:183} INFO - Processing /home/airflow/.local/lib/python3.11/site-packages/airflow/example_dags/example_kubernetes_executor.py took 0.073 seconds
[2026-03-15T17:54:58.658+0000] {processor.py:161} INFO - Started process (PID=1032) to work on /home/airflow/.local/lib/python3.11/site-packages/airflow/example_dags/example_kubernetes_executor.py
[2026-03-15T17:54:58.660+0000] {processor.py:830} INFO - Processing file /home/airflow/.local/lib/python3.11/site-packages/airflow/example_dags/example_kubernetes_executor.py for tasks to queue
[2026-03-15T17:54:58.664+0000] {logging_mixin.py:188} INFO - [2026-03-15T17:54:58.663+0000] {dagbag.py:540} INFO - Filling up the DagBag from /home/airflow/.local/lib/python3.11/site-packages/airflow/example_dags/example_kubernetes_executor.py
[2026-03-15T17:54:58.676+0000] {processor.py:840} INFO - DAG(s) 'example_kubernetes_executor' retrieved from /home/airflow/.local/lib/python3.11/site-packages/airflow/example_dags/example_kubernetes_executor.py
[2026-03-15T17:54:58.708+0000] {logging_mixin.py:188} INFO - [2026-03-15T17:54:58.708+0000] {dag.py:3047} INFO - Sync 1 DAGs
[2026-03-15T17:54:58.718+0000] {logging_mixin.py:188} INFO - [2026-03-15T17:54:58.717+0000] {dag.py:3834} INFO - Setting next_dagrun for example_kubernetes_executor to None, run_after=None
[2026-03-15T17:54:58.737+0000] {processor.py:183} INFO - Processing /home/airflow/.local/lib/python3.11/site-packages/airflow/example_dags/example_kubernetes_executor.py took 0.083 seconds
[2026-03-15T17:55:03.331+0000] {processor.py:161} INFO - Started process (PID=1086) to work on /home/airflow/.local/lib/python3.11/site-packages/airflow/example_dags/example_kubernetes_executor.py
[2026-03-15T17:55:03.332+0000] {processor.py:830} INFO - Processing file /home/airflow/.local/lib/python3.11/site-packages/airflow/example_dags/example_kubernetes_executor.py for tasks to queue
[2026-03-15T17:55:03.334+0000] {logging_mixin.py:188} INFO - [2026-03-15T17:55:03.334+0000] {dagbag.py:540} INFO - Filling up the DagBag from /home/airflow/.local/lib/python3.11/site-packages/airflow/example_dags/example_kubernetes_executor.py
[2026-03-15T17:55:03.344+0000] {processor.py:840} INFO - DAG(s) 'example_kubernetes_executor' retrieved from /home/airflow/.local/lib/python3.11/site-packages/airflow/example_dags/example_kubernetes_executor.py
[2026-03-15T17:55:03.378+0000] {logging_mixin.py:188} INFO - [2026-03-15T17:55:03.378+0000] {dag.py:3047} INFO - Sync 1 DAGs
[2026-03-15T17:55:03.390+0000] {logging_mixin.py:188} INFO - [2026-03-15T17:55:03.390+0000] {dag.py:3834} INFO - Setting next_dagrun for example_kubernetes_executor to None, run_after=None
[2026-03-15T17:55:03.407+0000] {processor.py:183} INFO - Processing /home/airflow/.local/lib/python3.11/site-packages/airflow/example_dags/example_kubernetes_executor.py took 0.079 seconds
[2026-03-15T17:55:15.593+0000] {processor.py:161} INFO - Started process (PID=1132) to work on /home/airflow/.local/lib/python3.11/site-packages/airflow/example_dags/example_kubernetes_executor.py
[2026-03-15T17:55:15.595+0000] {processor.py:830} INFO - Processing file /home/airflow/.local/lib/python3.11/site-packages/airflow/example_dags/example_kubernetes_executor.py for tasks to queue
[2026-03-15T17:55:15.597+0000] {logging_mixin.py:188} INFO - [2026-03-15T17:55:15.597+0000] {dagbag.py:540} INFO - Filling up the DagBag from /home/airflow/.local/lib/python3.11/site-packages/airflow/example_dags/example_kubernetes_executor.py
[2026-03-15T17:55:15.610+0000] {processor.py:840} INFO - DAG(s) 'example_kubernetes_executor' retrieved from /home/airflow/.local/lib/python3.11/site-packages/airflow/example_dags/example_kubernetes_executor.py
[2026-03-15T17:55:15.645+0000] {logging_mixin.py:188} INFO - [2026-03-15T17:55:15.645+0000] {dag.py:3047} INFO - Sync 1 DAGs
[2026-03-15T17:55:15.654+0000] {logging_mixin.py:188} INFO - [2026-03-15T17:55:15.654+0000] {dag.py:3834} INFO - Setting next_dagrun for example_kubernetes_executor to None, run_after=None
[2026-03-15T17:55:15.670+0000] {processor.py:183} INFO - Processing /home/airflow/.local/lib/python3.11/site-packages/airflow/example_dags/example_kubernetes_executor.py took 0.080 seconds
[2026-03-15T17:55:18.153+0000] {processor.py:161} INFO - Started process (PID=1176) to work on /home/airflow/.local/lib/python3.11/site-packages/airflow/example_dags/example_kubernetes_executor.py
[2026-03-15T17:55:18.154+0000] {processor.py:830} INFO - Processing file /home/airflow/.local/lib/python3.11/site-packages/airflow/example_dags/example_kubernetes_executor.py for tasks to queue
[2026-03-15T17:55:18.156+0000] {logging_mixin.py:188} INFO - [2026-03-15T17:55:18.156+0000] {dagbag.py:540} INFO - Filling up the DagBag from /home/airflow/.local/lib/python3.11/site-packages/airflow/example_dags/example_kubernetes_executor.py
[2026-03-15T17:55:18.165+0000] {processor.py:840} INFO - DAG(s) 'example_kubernetes_executor' retrieved from /home/airflow/.local/lib/python3.11/site-packages/airflow/example_dags/example_kubernetes_executor.py
[2026-03-15T17:55:18.197+0000] {logging_mixin.py:188} INFO - [2026-03-15T17:55:18.197+0000] {dag.py:3047} INFO - Sync 1 DAGs
[2026-03-15T17:55:18.206+0000] {logging_mixin.py:188} INFO - [2026-03-15T17:55:18.206+0000] {dag.py:3834} INFO - Setting next_dagrun for example_kubernetes_executor to None, run_after=None
[2026-03-15T17:55:18.221+0000] {processor.py:183} INFO - Processing /home/airflow/.local/lib/python3.11/site-packages/airflow/example_dags/example_kubernetes_executor.py took 0.071 seconds
[2026-03-15T17:55:48.947+0000] {processor.py:161} INFO - Started process (PID=1224) to work on /home/airflow/.local/lib/python3.11/site-packages/airflow/example_dags/example_kubernetes_executor.py
[2026-03-15T17:55:48.948+0000] {processor.py:830} INFO - Processing file /home/airflow/.local/lib/python3.11/site-packages/airflow/example_dags/example_kubernetes_executor.py for tasks to queue
[2026-03-15T17:55:48.950+0000] {logging_mixin.py:188} INFO - [2026-03-15T17:55:48.950+0000] {dagbag.py:540} INFO - Filling up the DagBag from /home/airflow/.local/lib/python3.11/site-packages/airflow/example_dags/example_kubernetes_executor.py
[2026-03-15T17:55:48.962+0000] {processor.py:840} INFO - DAG(s) 'example_kubernetes_executor' retrieved from /home/airflow/.local/lib/python3.11/site-packages/airflow/example_dags/example_kubernetes_executor.py
[2026-03-15T17:55:49.003+0000] {logging_mixin.py:188} INFO - [2026-03-15T17:55:49.003+0000] {dag.py:3047} INFO - Sync 1 DAGs
[2026-03-15T17:55:49.016+0000] {logging_mixin.py:188} INFO - [2026-03-15T17:55:49.016+0000] {dag.py:3834} INFO - Setting next_dagrun for example_kubernetes_executor to None, run_after=None
[2026-03-15T17:55:49.039+0000] {processor.py:183} INFO - Processing /home/airflow/.local/lib/python3.11/site-packages/airflow/example_dags/example_kubernetes_executor.py took 0.096 seconds
[2026-03-15T17:55:53.621+0000] {processor.py:161} INFO - Started process (PID=1272) to work on /home/airflow/.local/lib/python3.11/site-packages/airflow/example_dags/example_kubernetes_executor.py
[2026-03-15T17:55:53.623+0000] {processor.py:830} INFO - Processing file /home/airflow/.local/lib/python3.11/site-packages/airflow/example_dags/example_kubernetes_executor.py for tasks to queue
[2026-03-15T17:55:53.625+0000] {logging_mixin.py:188} INFO - [2026-03-15T17:55:53.624+0000] {dagbag.py:540} INFO - Filling up the DagBag from /home/airflow/.local/lib/python3.11/site-packages/airflow/example_dags/example_kubernetes_executor.py
[2026-03-15T17:55:53.636+0000] {processor.py:840} INFO - DAG(s) 'example_kubernetes_executor' retrieved from /home/airflow/.local/lib/python3.11/site-packages/airflow/example_dags/example_kubernetes_executor.py
[2026-03-15T17:55:53.668+0000] {logging_mixin.py:188} INFO - [2026-03-15T17:55:53.668+0000] {dag.py:3047} INFO - Sync 1 DAGs
[2026-03-15T17:55:53.681+0000] {logging_mixin.py:188} INFO - [2026-03-15T17:55:53.681+0000] {dag.py:3834} INFO - Setting next_dagrun for example_kubernetes_executor to None, run_after=None
[2026-03-15T17:55:53.698+0000] {processor.py:183} INFO - Processing /home/airflow/.local/lib/python3.11/site-packages/airflow/example_dags/example_kubernetes_executor.py took 0.080 seconds
[2026-03-15T17:55:58.164+0000] {processor.py:161} INFO - Started process (PID=1320) to work on /home/airflow/.local/lib/python3.11/site-packages/airflow/example_dags/example_kubernetes_executor.py
[2026-03-15T17:55:58.165+0000] {processor.py:830} INFO - Processing file /home/airflow/.local/lib/python3.11/site-packages/airflow/example_dags/example_kubernetes_executor.py for tasks to queue
[2026-03-15T17:55:58.167+0000] {logging_mixin.py:188} INFO - [2026-03-15T17:55:58.167+0000] {dagbag.py:540} INFO - Filling up the DagBag from /home/airflow/.local/lib/python3.11/site-packages/airflow/example_dags/example_kubernetes_executor.py
[2026-03-15T17:55:58.177+0000] {processor.py:840} INFO - DAG(s) 'example_kubernetes_executor' retrieved from /home/airflow/.local/lib/python3.11/site-packages/airflow/example_dags/example_kubernetes_executor.py
[2026-03-15T17:55:58.212+0000] {logging_mixin.py:188} INFO - [2026-03-15T17:55:58.212+0000] {dag.py:3047} INFO - Sync 1 DAGs
[2026-03-15T17:55:58.221+0000] {logging_mixin.py:188} INFO - [2026-03-15T17:55:58.221+0000] {dag.py:3834} INFO - Setting next_dagrun for example_kubernetes_executor to None, run_after=None
[2026-03-15T17:55:58.237+0000] {processor.py:183} INFO - Processing /home/airflow/.local/lib/python3.11/site-packages/airflow/example_dags/example_kubernetes_executor.py took 0.076 seconds
[2026-03-15T17:56:28.265+0000] {processor.py:161} INFO - Started process (PID=1370) to work on /home/airflow/.local/lib/python3.11/site-packages/airflow/example_dags/example_kubernetes_executor.py
[2026-03-15T17:56:28.268+0000] {processor.py:830} INFO - Processing file /home/airflow/.local/lib/python3.11/site-packages/airflow/example_dags/example_kubernetes_executor.py for tasks to queue
[2026-03-15T17:56:28.274+0000] {logging_mixin.py:188} INFO - [2026-03-15T17:56:28.274+0000] {dagbag.py:540} INFO - Filling up the DagBag from /home/airflow/.local/lib/python3.11/site-packages/airflow/example_dags/example_kubernetes_executor.py
[2026-03-15T17:56:28.284+0000] {processor.py:840} INFO - DAG(s) 'example_kubernetes_executor' retrieved from /home/airflow/.local/lib/python3.11/site-packages/airflow/example_dags/example_kubernetes_executor.py
[2026-03-15T17:56:28.312+0000] {logging_mixin.py:188} INFO - [2026-03-15T17:56:28.312+0000] {dag.py:3047} INFO - Sync 1 DAGs
[2026-03-15T17:56:28.320+0000] {logging_mixin.py:188} INFO - [2026-03-15T17:56:28.320+0000] {dag.py:3834} INFO - Setting next_dagrun for example_kubernetes_executor to None, run_after=None
[2026-03-15T17:56:28.343+0000] {processor.py:183} INFO - Processing /home/airflow/.local/lib/python3.11/site-packages/airflow/example_dags/example_kubernetes_executor.py took 0.081 seconds
[2026-03-15T17:56:45.126+0000] {processor.py:161} INFO - Started process (PID=1426) to work on /home/airflow/.local/lib/python3.11/site-packages/airflow/example_dags/example_kubernetes_executor.py
[2026-03-15T17:56:45.127+0000] {processor.py:830} INFO - Processing file /home/airflow/.local/lib/python3.11/site-packages/airflow/example_dags/example_kubernetes_executor.py for tasks to queue
[2026-03-15T17:56:45.129+0000] {logging_mixin.py:188} INFO - [2026-03-15T17:56:45.129+0000] {dagbag.py:540} INFO - Filling up the DagBag from /home/airflow/.local/lib/python3.11/site-packages/airflow/example_dags/example_kubernetes_executor.py
[2026-03-15T17:56:45.139+0000] {processor.py:840} INFO - DAG(s) 'example_kubernetes_executor' retrieved from /home/airflow/.local/lib/python3.11/site-packages/airflow/example_dags/example_kubernetes_executor.py
[2026-03-15T17:56:45.172+0000] {logging_mixin.py:188} INFO - [2026-03-15T17:56:45.171+0000] {dag.py:3047} INFO - Sync 1 DAGs
[2026-03-15T17:56:45.181+0000] {logging_mixin.py:188} INFO - [2026-03-15T17:56:45.181+0000] {dag.py:3834} INFO - Setting next_dagrun for example_kubernetes_executor to None, run_after=None
[2026-03-15T17:56:45.194+0000] {processor.py:183} INFO - Processing /home/airflow/.local/lib/python3.11/site-packages/airflow/example_dags/example_kubernetes_executor.py took 0.071 seconds
[2026-03-15T17:56:48.298+0000] {processor.py:161} INFO - Started process (PID=1474) to work on /home/airflow/.local/lib/python3.11/site-packages/airflow/example_dags/example_kubernetes_executor.py
[2026-03-15T17:56:48.299+0000] {processor.py:830} INFO - Processing file /home/airflow/.local/lib/python3.11/site-packages/airflow/example_dags/example_kubernetes_executor.py for tasks to queue
[2026-03-15T17:56:48.301+0000] {logging_mixin.py:188} INFO - [2026-03-15T17:56:48.301+0000] {dagbag.py:540} INFO - Filling up the DagBag from /home/airflow/.local/lib/python3.11/site-packages/airflow/example_dags/example_kubernetes_executor.py
[2026-03-15T17:56:48.311+0000] {processor.py:840} INFO - DAG(s) 'example_kubernetes_executor' retrieved from /home/airflow/.local/lib/python3.11/site-packages/airflow/example_dags/example_kubernetes_executor.py
[2026-03-15T17:56:48.342+0000] {logging_mixin.py:188} INFO - [2026-03-15T17:56:48.342+0000] {dag.py:3047} INFO - Sync 1 DAGs
[2026-03-15T17:56:48.352+0000] {logging_mixin.py:188} INFO - [2026-03-15T17:56:48.352+0000] {dag.py:3834} INFO - Setting next_dagrun for example_kubernetes_executor to None, run_after=None
[2026-03-15T17:56:48.368+0000] {processor.py:183} INFO - Processing /home/airflow/.local/lib/python3.11/site-packages/airflow/example_dags/example_kubernetes_executor.py took 0.073 seconds
[2026-03-15T17:57:18.969+0000] {processor.py:161} INFO - Started process (PID=1528) to work on /home/airflow/.local/lib/python3.11/site-packages/airflow/example_dags/example_kubernetes_executor.py
[2026-03-15T17:57:18.970+0000] {processor.py:830} INFO - Processing file /home/airflow/.local/lib/python3.11/site-packages/airflow/example_dags/example_kubernetes_executor.py for tasks to queue
[2026-03-15T17:57:18.973+0000] {logging_mixin.py:188} INFO - [2026-03-15T17:57:18.972+0000] {dagbag.py:540} INFO - Filling up the DagBag from /home/airflow/.local/lib/python3.11/site-packages/airflow/example_dags/example_kubernetes_executor.py
[2026-03-15T17:57:18.985+0000] {processor.py:840} INFO - DAG(s) 'example_kubernetes_executor' retrieved from /home/airflow/.local/lib/python3.11/site-packages/airflow/example_dags/example_kubernetes_executor.py
[2026-03-15T17:57:19.016+0000] {logging_mixin.py:188} INFO - [2026-03-15T17:57:19.016+0000] {dag.py:3047} INFO - Sync 1 DAGs
[2026-03-15T17:57:19.026+0000] {logging_mixin.py:188} INFO - [2026-03-15T17:57:19.025+0000] {dag.py:3834} INFO - Setting next_dagrun for example_kubernetes_executor to None, run_after=None
[2026-03-15T17:57:19.045+0000] {processor.py:183} INFO - Processing /home/airflow/.local/lib/python3.11/site-packages/airflow/example_dags/example_kubernetes_executor.py took 0.079 seconds
[2026-03-15T17:57:23.503+0000] {processor.py:161} INFO - Started process (PID=1578) to work on /home/airflow/.local/lib/python3.11/site-packages/airflow/example_dags/example_kubernetes_executor.py
[2026-03-15T17:57:23.504+0000] {processor.py:830} INFO - Processing file /home/airflow/.local/lib/python3.11/site-packages/airflow/example_dags/example_kubernetes_executor.py for tasks to queue
[2026-03-15T17:57:23.506+0000] {logging_mixin.py:188} INFO - [2026-03-15T17:57:23.506+0000] {dagbag.py:540} INFO - Filling up the DagBag from /home/airflow/.local/lib/python3.11/site-packages/airflow/example_dags/example_kubernetes_executor.py
[2026-03-15T17:57:23.516+0000] {processor.py:840} INFO - DAG(s) 'example_kubernetes_executor' retrieved from /home/airflow/.local/lib/python3.11/site-packages/airflow/example_dags/example_kubernetes_executor.py
[2026-03-15T17:57:23.545+0000] {logging_mixin.py:188} INFO - [2026-03-15T17:57:23.545+0000] {dag.py:3047} INFO - Sync 1 DAGs
[2026-03-15T17:57:23.555+0000] {logging_mixin.py:188} INFO - [2026-03-15T17:57:23.555+0000] {dag.py:3834} INFO - Setting next_dagrun for example_kubernetes_executor to None, run_after=None
[2026-03-15T17:57:23.570+0000] {processor.py:183} INFO - Processing /home/airflow/.local/lib/python3.11/site-packages/airflow/example_dags/example_kubernetes_executor.py took 0.070 seconds
[2026-03-15T17:57:44.855+0000] {processor.py:161} INFO - Started process (PID=1630) to work on /home/airflow/.local/lib/python3.11/site-packages/airflow/example_dags/example_kubernetes_executor.py
[2026-03-15T17:57:44.856+0000] {processor.py:830} INFO - Processing file /home/airflow/.local/lib/python3.11/site-packages/airflow/example_dags/example_kubernetes_executor.py for tasks to queue
[2026-03-15T17:57:44.857+0000] {logging_mixin.py:188} INFO - [2026-03-15T17:57:44.857+0000] {dagbag.py:540} INFO - Filling up the DagBag from /home/airflow/.local/lib/python3.11/site-packages/airflow/example_dags/example_kubernetes_executor.py
[2026-03-15T17:57:44.867+0000] {processor.py:840} INFO - DAG(s) 'example_kubernetes_executor' retrieved from /home/airflow/.local/lib/python3.11/site-packages/airflow/example_dags/example_kubernetes_executor.py
[2026-03-15T17:57:44.895+0000] {logging_mixin.py:188} INFO - [2026-03-15T17:57:44.895+0000] {dag.py:3047} INFO - Sync 1 DAGs
[2026-03-15T17:57:44.903+0000] {logging_mixin.py:188} INFO - [2026-03-15T17:57:44.903+0000] {dag.py:3834} INFO - Setting next_dagrun for example_kubernetes_executor to None, run_after=None
[2026-03-15T17:57:44.918+0000] {processor.py:183} INFO - Processing /home/airflow/.local/lib/python3.11/site-packages/airflow/example_dags/example_kubernetes_executor.py took 0.066 seconds
[2026-03-15T17:57:47.950+0000] {processor.py:161} INFO - Started process (PID=1673) to work on /home/airflow/.local/lib/python3.11/site-packages/airflow/example_dags/example_kubernetes_executor.py
[2026-03-15T17:57:47.951+0000] {processor.py:830} INFO - Processing file /home/airflow/.local/lib/python3.11/site-packages/airflow/example_dags/example_kubernetes_executor.py for tasks to queue
[2026-03-15T17:57:47.953+0000] {logging_mixin.py:188} INFO - [2026-03-15T17:57:47.952+0000] {dagbag.py:540} INFO - Filling up the DagBag from /home/airflow/.local/lib/python3.11/site-packages/airflow/example_dags/example_kubernetes_executor.py
[2026-03-15T17:57:47.962+0000] {processor.py:840} INFO - DAG(s) 'example_kubernetes_executor' retrieved from /home/airflow/.local/lib/python3.11/site-packages/airflow/example_dags/example_kubernetes_executor.py
[2026-03-15T17:57:47.993+0000] {logging_mixin.py:188} INFO - [2026-03-15T17:57:47.993+0000] {dag.py:3047} INFO - Sync 1 DAGs
[2026-03-15T17:57:48.003+0000] {logging_mixin.py:188} INFO - [2026-03-15T17:57:48.003+0000] {dag.py:3834} INFO - Setting next_dagrun for example_kubernetes_executor to None, run_after=None
[2026-03-15T17:57:48.017+0000] {processor.py:183} INFO - Processing /home/airflow/.local/lib/python3.11/site-packages/airflow/example_dags/example_kubernetes_executor.py took 0.071 seconds
[2026-03-15T17:59:02.327+0000] {processor.py:161} INFO - Started process (PID=1724) to work on /home/airflow/.local/lib/python3.11/site-packages/airflow/example_dags/example_kubernetes_executor.py
[2026-03-15T17:59:02.328+0000] {processor.py:830} INFO - Processing file /home/airflow/.local/lib/python3.11/site-packages/airflow/example_dags/example_kubernetes_executor.py for tasks to queue
[2026-03-15T17:59:02.330+0000] {logging_mixin.py:188} INFO - [2026-03-15T17:59:02.330+0000] {dagbag.py:540} INFO - Filling up the DagBag from /home/airflow/.local/lib/python3.11/site-packages/airflow/example_dags/example_kubernetes_executor.py
[2026-03-15T17:59:02.339+0000] {processor.py:840} INFO - DAG(s) 'example_kubernetes_executor' retrieved from /home/airflow/.local/lib/python3.11/site-packages/airflow/example_dags/example_kubernetes_executor.py
[2026-03-15T17:59:02.367+0000] {logging_mixin.py:188} INFO - [2026-03-15T17:59:02.366+0000] {dag.py:3047} INFO - Sync 1 DAGs
[2026-03-15T17:59:02.376+0000] {logging_mixin.py:188} INFO - [2026-03-15T17:59:02.375+0000] {dag.py:3834} INFO - Setting next_dagrun for example_kubernetes_executor to None, run_after=None
[2026-03-15T17:59:02.389+0000] {processor.py:183} INFO - Processing /home/airflow/.local/lib/python3.11/site-packages/airflow/example_dags/example_kubernetes_executor.py took 0.065 seconds
[2026-03-15T17:59:33.154+0000] {processor.py:161} INFO - Started process (PID=1978) to work on /home/airflow/.local/lib/python3.11/site-packages/airflow/example_dags/example_kubernetes_executor.py
[2026-03-15T17:59:33.155+0000] {processor.py:830} INFO - Processing file /home/airflow/.local/lib/python3.11/site-packages/airflow/example_dags/example_kubernetes_executor.py for tasks to queue
[2026-03-15T17:59:33.156+0000] {logging_mixin.py:188} INFO - [2026-03-15T17:59:33.156+0000] {dagbag.py:540} INFO - Filling up the DagBag from /home/airflow/.local/lib/python3.11/site-packages/airflow/example_dags/example_kubernetes_executor.py
[2026-03-15T17:59:33.165+0000] {processor.py:840} INFO - DAG(s) 'example_kubernetes_executor' retrieved from /home/airflow/.local/lib/python3.11/site-packages/airflow/example_dags/example_kubernetes_executor.py
[2026-03-15T17:59:33.192+0000] {logging_mixin.py:188} INFO - [2026-03-15T17:59:33.191+0000] {dag.py:3047} INFO - Sync 1 DAGs
[2026-03-15T17:59:33.201+0000] {logging_mixin.py:188} INFO - [2026-03-15T17:59:33.200+0000] {dag.py:3834} INFO - Setting next_dagrun for example_kubernetes_executor to None, run_after=None
[2026-03-15T17:59:33.215+0000] {processor.py:183} INFO - Processing /home/airflow/.local/lib/python3.11/site-packages/airflow/example_dags/example_kubernetes_executor.py took 0.064 seconds
[2026-03-15T18:00:03.415+0000] {processor.py:161} INFO - Started process (PID=2034) to work on /home/airflow/.local/lib/python3.11/site-packages/airflow/example_dags/example_kubernetes_executor.py
[2026-03-15T18:00:03.415+0000] {processor.py:830} INFO - Processing file /home/airflow/.local/lib/python3.11/site-packages/airflow/example_dags/example_kubernetes_executor.py for tasks to queue
[2026-03-15T18:00:03.417+0000] {logging_mixin.py:188} INFO - [2026-03-15T18:00:03.417+0000] {dagbag.py:540} INFO - Filling up the DagBag from /home/airflow/.local/lib/python3.11/site-packages/airflow/example_dags/example_kubernetes_executor.py
[2026-03-15T18:00:03.426+0000] {processor.py:840} INFO - DAG(s) 'example_kubernetes_executor' retrieved from /home/airflow/.local/lib/python3.11/site-packages/airflow/example_dags/example_kubernetes_executor.py
[2026-03-15T18:00:03.455+0000] {logging_mixin.py:188} INFO - [2026-03-15T18:00:03.455+0000] {dag.py:3047} INFO - Sync 1 DAGs
[2026-03-15T18:00:03.464+0000] {logging_mixin.py:188} INFO - [2026-03-15T18:00:03.464+0000] {dag.py:3834} INFO - Setting next_dagrun for example_kubernetes_executor to None, run_after=None
[2026-03-15T18:00:03.477+0000] {processor.py:183} INFO - Processing /home/airflow/.local/lib/python3.11/site-packages/airflow/example_dags/example_kubernetes_executor.py took 0.066 seconds
[2026-03-15T18:00:08.392+0000] {processor.py:161} INFO - Started process (PID=2073) to work on /home/airflow/.local/lib/python3.11/site-packages/airflow/example_dags/example_kubernetes_executor.py
[2026-03-15T18:00:08.397+0000] {processor.py:830} INFO - Processing file /home/airflow/.local/lib/python3.11/site-packages/airflow/example_dags/example_kubernetes_executor.py for tasks to queue
[2026-03-15T18:00:08.399+0000] {logging_mixin.py:188} INFO - [2026-03-15T18:00:08.398+0000] {dagbag.py:540} INFO - Filling up the DagBag from /home/airflow/.local/lib/python3.11/site-packages/airflow/example_dags/example_kubernetes_executor.py
[2026-03-15T18:00:08.408+0000] {processor.py:840} INFO - DAG(s) 'example_kubernetes_executor' retrieved from /home/airflow/.local/lib/python3.11/site-packages/airflow/example_dags/example_kubernetes_executor.py
[2026-03-15T18:00:08.441+0000] {logging_mixin.py:188} INFO - [2026-03-15T18:00:08.441+0000] {dag.py:3047} INFO - Sync 1 DAGs
[2026-03-15T18:00:08.450+0000] {logging_mixin.py:188} INFO - [2026-03-15T18:00:08.450+0000] {dag.py:3834} INFO - Setting next_dagrun for example_kubernetes_executor to None, run_after=None
[2026-03-15T18:00:08.463+0000] {processor.py:183} INFO - Processing /home/airflow/.local/lib/python3.11/site-packages/airflow/example_dags/example_kubernetes_executor.py took 0.074 seconds
[2026-03-15T18:01:02.456+0000] {processor.py:161} INFO - Started process (PID=2114) to work on /home/airflow/.local/lib/python3.11/site-packages/airflow/example_dags/example_kubernetes_executor.py
[2026-03-15T18:01:02.457+0000] {processor.py:830} INFO - Processing file /home/airflow/.local/lib/python3.11/site-packages/airflow/example_dags/example_kubernetes_executor.py for tasks to queue
[2026-03-15T18:01:02.459+0000] {logging_mixin.py:188} INFO - [2026-03-15T18:01:02.459+0000] {dagbag.py:540} INFO - Filling up the DagBag from /home/airflow/.local/lib/python3.11/site-packages/airflow/example_dags/example_kubernetes_executor.py
[2026-03-15T18:01:02.468+0000] {processor.py:840} INFO - DAG(s) 'example_kubernetes_executor' retrieved from /home/airflow/.local/lib/python3.11/site-packages/airflow/example_dags/example_kubernetes_executor.py
[2026-03-15T18:01:02.496+0000] {logging_mixin.py:188} INFO - [2026-03-15T18:01:02.495+0000] {dag.py:3047} INFO - Sync 1 DAGs
[2026-03-15T18:00:13.345+0000] {logging_mixin.py:188} INFO - [2026-03-15T18:00:13.345+0000] {dag.py:3834} INFO - Setting next_dagrun for example_kubernetes_executor to None, run_after=None
[2026-03-15T18:00:13.358+0000] {processor.py:183} INFO - Processing /home/airflow/.local/lib/python3.11/site-packages/airflow/example_dags/example_kubernetes_executor.py took 0.064 seconds
[2026-03-15T18:00:44.684+0000] {processor.py:161} INFO - Started process (PID=2185) to work on /home/airflow/.local/lib/python3.11/site-packages/airflow/example_dags/example_kubernetes_executor.py
[2026-03-15T18:00:44.685+0000] {processor.py:830} INFO - Processing file /home/airflow/.local/lib/python3.11/site-packages/airflow/example_dags/example_kubernetes_executor.py for tasks to queue
[2026-03-15T18:00:44.687+0000] {logging_mixin.py:188} INFO - [2026-03-15T18:00:44.687+0000] {dagbag.py:540} INFO - Filling up the DagBag from /home/airflow/.local/lib/python3.11/site-packages/airflow/example_dags/example_kubernetes_executor.py
[2026-03-15T18:00:44.697+0000] {processor.py:840} INFO - DAG(s) 'example_kubernetes_executor' retrieved from /home/airflow/.local/lib/python3.11/site-packages/airflow/example_dags/example_kubernetes_executor.py
[2026-03-15T18:00:44.724+0000] {logging_mixin.py:188} INFO - [2026-03-15T18:00:44.724+0000] {dag.py:3047} INFO - Sync 1 DAGs
[2026-03-15T18:00:44.732+0000] {logging_mixin.py:188} INFO - [2026-03-15T18:00:44.732+0000] {dag.py:3834} INFO - Setting next_dagrun for example_kubernetes_executor to None, run_after=None
[2026-03-15T18:00:44.746+0000] {processor.py:183} INFO - Processing /home/airflow/.local/lib/python3.11/site-packages/airflow/example_dags/example_kubernetes_executor.py took 0.064 seconds
[2026-03-15T18:01:14.929+0000] {processor.py:161} INFO - Started process (PID=2237) to work on /home/airflow/.local/lib/python3.11/site-packages/airflow/example_dags/example_kubernetes_executor.py
[2026-03-15T18:01:14.930+0000] {processor.py:830} INFO - Processing file /home/airflow/.local/lib/python3.11/site-packages/airflow/example_dags/example_kubernetes_executor.py for tasks to queue
[2026-03-15T18:01:14.932+0000] {logging_mixin.py:188} INFO - [2026-03-15T18:01:14.931+0000] {dagbag.py:540} INFO - Filling up the DagBag from /home/airflow/.local/lib/python3.11/site-packages/airflow/example_dags/example_kubernetes_executor.py
[2026-03-15T18:01:14.941+0000] {processor.py:840} INFO - DAG(s) 'example_kubernetes_executor' retrieved from /home/airflow/.local/lib/python3.11/site-packages/airflow/example_dags/example_kubernetes_executor.py
[2026-03-15T18:01:14.971+0000] {logging_mixin.py:188} INFO - [2026-03-15T18:01:14.971+0000] {dag.py:3047} INFO - Sync 1 DAGs
[2026-03-15T18:01:14.979+0000] {logging_mixin.py:188} INFO - [2026-03-15T18:01:14.979+0000] {dag.py:3834} INFO - Setting next_dagrun for example_kubernetes_executor to None, run_after=None
[2026-03-15T18:01:14.992+0000] {processor.py:183} INFO - Processing /home/airflow/.local/lib/python3.11/site-packages/airflow/example_dags/example_kubernetes_executor.py took 0.066 seconds
[2026-03-15T18:01:45.203+0000] {processor.py:161} INFO - Started process (PID=2287) to work on /home/airflow/.local/lib/python3.11/site-packages/airflow/example_dags/example_kubernetes_executor.py
[2026-03-15T18:01:45.204+0000] {processor.py:830} INFO - Processing file /home/airflow/.local/lib/python3.11/site-packages/airflow/example_dags/example_kubernetes_executor.py for tasks to queue
[2026-03-15T18:01:45.206+0000] {logging_mixin.py:188} INFO - [2026-03-15T18:01:45.206+0000] {dagbag.py:540} INFO - Filling up the DagBag from /home/airflow/.local/lib/python3.11/site-packages/airflow/example_dags/example_kubernetes_executor.py
[2026-03-15T18:01:45.216+0000] {processor.py:840} INFO - DAG(s) 'example_kubernetes_executor' retrieved from /home/airflow/.local/lib/python3.11/site-packages/airflow/example_dags/example_kubernetes_executor.py
[2026-03-15T18:01:45.258+0000] {logging_mixin.py:188} INFO - [2026-03-15T18:01:45.258+0000] {dag.py:3047} INFO - Sync 1 DAGs
[2026-03-15T18:01:45.267+0000] {logging_mixin.py:188} INFO - [2026-03-15T18:01:45.267+0000] {dag.py:3834} INFO - Setting next_dagrun for example_kubernetes_executor to None, run_after=None
[2026-03-15T18:01:45.279+0000] {processor.py:183} INFO - Processing /home/airflow/.local/lib/python3.11/site-packages/airflow/example_dags/example_kubernetes_executor.py took 0.079 seconds
[2026-03-15T18:01:48.779+0000] {processor.py:161} INFO - Started process (PID=2337) to work on /home/airflow/.local/lib/python3.11/site-packages/airflow/example_dags/example_kubernetes_executor.py
[2026-03-15T18:01:48.780+0000] {processor.py:830} INFO - Processing file /home/airflow/.local/lib/python3.11/site-packages/airflow/example_dags/example_kubernetes_executor.py for tasks to queue
[2026-03-15T18:01:48.784+0000] {logging_mixin.py:188} INFO - [2026-03-15T18:01:48.784+0000] {dagbag.py:540} INFO - Filling up the DagBag from /home/airflow/.local/lib/python3.11/site-packages/airflow/example_dags/example_kubernetes_executor.py
[2026-03-15T18:01:48.793+0000] {processor.py:840} INFO - DAG(s) 'example_kubernetes_executor' retrieved from /home/airflow/.local/lib/python3.11/site-packages/airflow/example_dags/example_kubernetes_executor.py
[2026-03-15T18:01:48.822+0000] {logging_mixin.py:188} INFO - [2026-03-15T18:01:48.822+0000] {dag.py:3047} INFO - Sync 1 DAGs
[2026-03-15T18:01:48.830+0000] {logging_mixin.py:188} INFO - [2026-03-15T18:01:48.830+0000] {dag.py:3834} INFO - Setting next_dagrun for example_kubernetes_executor to None, run_after=None
[2026-03-15T18:01:48.843+0000] {processor.py:183} INFO - Processing /home/airflow/.local/lib/python3.11/site-packages/airflow/example_dags/example_kubernetes_executor.py took 0.067 seconds
[2026-03-15T18:02:14.927+0000] {processor.py:161} INFO - Started process (PID=2389) to work on /home/airflow/.local/lib/python3.11/site-packages/airflow/example_dags/example_kubernetes_executor.py
[2026-03-15T18:02:14.928+0000] {processor.py:830} INFO - Processing file /home/airflow/.local/lib/python3.11/site-packages/airflow/example_dags/example_kubernetes_executor.py for tasks to queue
[2026-03-15T18:02:14.930+0000] {logging_mixin.py:188} INFO - [2026-03-15T18:02:14.930+0000] {dagbag.py:540} INFO - Filling up the DagBag from /home/airflow/.local/lib/python3.11/site-packages/airflow/example_dags/example_kubernetes_executor.py
[2026-03-15T18:02:14.939+0000] {processor.py:840} INFO - DAG(s) 'example_kubernetes_executor' retrieved from /home/airflow/.local/lib/python3.11/site-packages/airflow/example_dags/example_kubernetes_executor.py
[2026-03-15T18:02:14.966+0000] {logging_mixin.py:188} INFO - [2026-03-15T18:02:14.965+0000] {dag.py:3047} INFO - Sync 1 DAGs
[2026-03-15T18:02:14.973+0000] {logging_mixin.py:188} INFO - [2026-03-15T18:02:14.973+0000] {dag.py:3834} INFO - Setting next_dagrun for example_kubernetes_executor to None, run_after=None
[2026-03-15T18:02:14.985+0000] {processor.py:183} INFO - Processing /home/airflow/.local/lib/python3.11/site-packages/airflow/example_dags/example_kubernetes_executor.py took 0.061 seconds
[2026-03-15T18:02:46.344+0000] {processor.py:161} INFO - Started process (PID=2439) to work on /home/airflow/.local/lib/python3.11/site-packages/airflow/example_dags/example_kubernetes_executor.py
[2026-03-15T18:02:46.345+0000] {processor.py:830} INFO - Processing file /home/airflow/.local/lib/python3.11/site-packages/airflow/example_dags/example_kubernetes_executor.py for tasks to queue
[2026-03-15T18:02:46.347+0000] {logging_mixin.py:188} INFO - [2026-03-15T18:02:46.347+0000] {dagbag.py:540} INFO - Filling up the DagBag from /home/airflow/.local/lib/python3.11/site-packages/airflow/example_dags/example_kubernetes_executor.py
[2026-03-15T18:02:46.357+0000] {processor.py:840} INFO - DAG(s) 'example_kubernetes_executor' retrieved from /home/airflow/.local/lib/python3.11/site-packages/airflow/example_dags/example_kubernetes_executor.py
[2026-03-15T18:02:46.388+0000] {logging_mixin.py:188} INFO - [2026-03-15T18:02:46.388+0000] {dag.py:3047} INFO - Sync 1 DAGs
[2026-03-15T18:02:46.398+0000] {logging_mixin.py:188} INFO - [2026-03-15T18:02:46.397+0000] {dag.py:3834} INFO - Setting next_dagrun for example_kubernetes_executor to None, run_after=None
[2026-03-15T18:02:46.411+0000] {processor.py:183} INFO - Processing /home/airflow/.local/lib/python3.11/site-packages/airflow/example_dags/example_kubernetes_executor.py took 0.070 seconds
[2026-03-15T18:03:16.812+0000] {processor.py:161} INFO - Started process (PID=2493) to work on /home/airflow/.local/lib/python3.11/site-packages/airflow/example_dags/example_kubernetes_executor.py
[2026-03-15T18:03:16.813+0000] {processor.py:830} INFO - Processing file /home/airflow/.local/lib/python3.11/site-packages/airflow/example_dags/example_kubernetes_executor.py for tasks to queue
[2026-03-15T18:03:16.815+0000] {logging_mixin.py:188} INFO - [2026-03-15T18:03:16.814+0000] {dagbag.py:540} INFO - Filling up the DagBag from /home/airflow/.local/lib/python3.11/site-packages/airflow/example_dags/example_kubernetes_executor.py
[2026-03-15T18:03:16.824+0000] {processor.py:840} INFO - DAG(s) 'example_kubernetes_executor' retrieved from /home/airflow/.local/lib/python3.11/site-packages/airflow/example_dags/example_kubernetes_executor.py
[2026-03-15T18:03:16.850+0000] {logging_mixin.py:188} INFO - [2026-03-15T18:03:16.850+0000] {dag.py:3047} INFO - Sync 1 DAGs
[2026-03-15T18:03:16.860+0000] {logging_mixin.py:188} INFO - [2026-03-15T18:03:16.860+0000] {dag.py:3834} INFO - Setting next_dagrun for example_kubernetes_executor to None, run_after=None
[2026-03-15T18:03:16.872+0000] {processor.py:183} INFO - Processing /home/airflow/.local/lib/python3.11/site-packages/airflow/example_dags/example_kubernetes_executor.py took 0.064 seconds
[2026-03-15T18:03:18.988+0000] {processor.py:161} INFO - Started process (PID=2541) to work on /home/airflow/.local/lib/python3.11/site-packages/airflow/example_dags/example_kubernetes_executor.py
[2026-03-15T18:03:18.989+0000] {processor.py:830} INFO - Processing file /home/airflow/.local/lib/python3.11/site-packages/airflow/example_dags/example_kubernetes_executor.py for tasks to queue
[2026-03-15T18:03:18.990+0000] {logging_mixin.py:188} INFO - [2026-03-15T18:03:18.990+0000] {dagbag.py:540} INFO - Filling up the DagBag from /home/airflow/.local/lib/python3.11/site-packages/airflow/example_dags/example_kubernetes_executor.py
[2026-03-15T18:03:19.001+0000] {processor.py:840} INFO - DAG(s) 'example_kubernetes_executor' retrieved from /home/airflow/.local/lib/python3.11/site-packages/airflow/example_dags/example_kubernetes_executor.py
[2026-03-15T18:03:19.028+0000] {logging_mixin.py:188} INFO - [2026-03-15T18:03:19.028+0000] {dag.py:3047} INFO - Sync 1 DAGs
[2026-03-15T18:03:19.036+0000] {logging_mixin.py:188} INFO - [2026-03-15T18:03:19.036+0000] {dag.py:3834} INFO - Setting next_dagrun for example_kubernetes_executor to None, run_after=None
[2026-03-15T18:03:19.048+0000] {processor.py:183} INFO - Processing /home/airflow/.local/lib/python3.11/site-packages/airflow/example_dags/example_kubernetes_executor.py took 0.063 seconds
[2026-03-15T18:03:24.062+0000] {processor.py:161} INFO - Started process (PID=2585) to work on /home/airflow/.local/lib/python3.11/site-packages/airflow/example_dags/example_kubernetes_executor.py
[2026-03-15T18:03:24.064+0000] {processor.py:830} INFO - Processing file /home/airflow/.local/lib/python3.11/site-packages/airflow/example_dags/example_kubernetes_executor.py for tasks to queue
[2026-03-15T18:03:24.069+0000] {logging_mixin.py:188} INFO - [2026-03-15T18:03:24.068+0000] {dagbag.py:540} INFO - Filling up the DagBag from /home/airflow/.local/lib/python3.11/site-packages/airflow/example_dags/example_kubernetes_executor.py
[2026-03-15T18:03:24.087+0000] {processor.py:840} INFO - DAG(s) 'example_kubernetes_executor' retrieved from /home/airflow/.local/lib/python3.11/site-packages/airflow/example_dags/example_kubernetes_executor.py
[2026-03-15T18:03:24.136+0000] {logging_mixin.py:188} INFO - [2026-03-15T18:03:24.136+0000] {dag.py:3047} INFO - Sync 1 DAGs
[2026-03-15T18:03:24.148+0000] {logging_mixin.py:188} INFO - [2026-03-15T18:03:24.148+0000] {dag.py:3834} INFO - Setting next_dagrun for example_kubernetes_executor to None, run_after=None
[2026-03-15T18:03:24.168+0000] {processor.py:183} INFO - Processing /home/airflow/.local/lib/python3.11/site-packages/airflow/example_dags/example_kubernetes_executor.py took 0.110 seconds
[2026-03-15T18:03:45.368+0000] {processor.py:161} INFO - Started process (PID=2636) to work on /home/airflow/.local/lib/python3.11/site-packages/airflow/example_dags/example_kubernetes_executor.py
[2026-03-15T18:03:45.369+0000] {processor.py:830} INFO - Processing file /home/airflow/.local/lib/python3.11/site-packages/airflow/example_dags/example_kubernetes_executor.py for tasks to queue
[2026-03-15T18:03:45.371+0000] {logging_mixin.py:188} INFO - [2026-03-15T18:03:45.371+0000] {dagbag.py:540} INFO - Filling up the DagBag from /home/airflow/.local/lib/python3.11/site-packages/airflow/example_dags/example_kubernetes_executor.py
[2026-03-15T18:03:45.381+0000] {processor.py:840} INFO - DAG(s) 'example_kubernetes_executor' retrieved from /home/airflow/.local/lib/python3.11/site-packages/airflow/example_dags/example_kubernetes_executor.py
[2026-03-15T18:03:45.409+0000] {logging_mixin.py:188} INFO - [2026-03-15T18:03:45.409+0000] {dag.py:3047} INFO - Sync 1 DAGs
[2026-03-15T18:03:45.418+0000] {logging_mixin.py:188} INFO - [2026-03-15T18:03:45.418+0000] {dag.py:3834} INFO - Setting next_dagrun for example_kubernetes_executor to None, run_after=None
[2026-03-15T18:03:45.432+0000] {processor.py:183} INFO - Processing /home/airflow/.local/lib/python3.11/site-packages/airflow/example_dags/example_kubernetes_executor.py took 0.066 seconds
[2026-03-15T18:04:15.658+0000] {processor.py:161} INFO - Started process (PID=2687) to work on /home/airflow/.local/lib/python3.11/site-packages/airflow/example_dags/example_kubernetes_executor.py
[2026-03-15T18:04:15.659+0000] {processor.py:830} INFO - Processing file /home/airflow/.local/lib/python3.11/site-packages/airflow/example_dags/example_kubernetes_executor.py for tasks to queue
[2026-03-15T18:04:15.661+0000] {logging_mixin.py:188} INFO - [2026-03-15T18:04:15.660+0000] {dagbag.py:540} INFO - Filling up the DagBag from /home/airflow/.local/lib/python3.11/site-packages/airflow/example_dags/example_kubernetes_executor.py
[2026-03-15T18:04:15.671+0000] {processor.py:840} INFO - DAG(s) 'example_kubernetes_executor' retrieved from /home/airflow/.local/lib/python3.11/site-packages/airflow/example_dags/example_kubernetes_executor.py
[2026-03-15T18:04:15.699+0000] {logging_mixin.py:188} INFO - [2026-03-15T18:04:15.699+0000] {dag.py:3047} INFO - Sync 1 DAGs
[2026-03-15T18:04:15.708+0000] {logging_mixin.py:188} INFO - [2026-03-15T18:04:15.708+0000] {dag.py:3834} INFO - Setting next_dagrun for example_kubernetes_executor to None, run_after=None
[2026-03-15T18:04:15.722+0000] {processor.py:183} INFO - Processing /home/airflow/.local/lib/python3.11/site-packages/airflow/example_dags/example_kubernetes_executor.py took 0.067 seconds
[2026-03-15T18:04:18.937+0000] {processor.py:161} INFO - Started process (PID=2732) to work on /home/airflow/.local/lib/python3.11/site-packages/airflow/example_dags/example_kubernetes_executor.py
[2026-03-15T18:04:18.939+0000] {processor.py:830} INFO - Processing file /home/airflow/.local/lib/python3.11/site-packages/airflow/example_dags/example_kubernetes_executor.py for tasks to queue
[2026-03-15T18:04:18.941+0000] {logging_mixin.py:188} INFO - [2026-03-15T18:04:18.940+0000] {dagbag.py:540} INFO - Filling up the DagBag from /home/airflow/.local/lib/python3.11/site-packages/airflow/example_dags/example_kubernetes_executor.py
[2026-03-15T18:04:18.952+0000] {processor.py:840} INFO - DAG(s) 'example_kubernetes_executor' retrieved from /home/airflow/.local/lib/python3.11/site-packages/airflow/example_dags/example_kubernetes_executor.py
[2026-03-15T18:04:18.982+0000] {logging_mixin.py:188} INFO - [2026-03-15T18:04:18.982+0000] {dag.py:3047} INFO - Sync 1 DAGs
[2026-03-15T18:04:18.992+0000] {logging_mixin.py:188} INFO - [2026-03-15T18:04:18.992+0000] {dag.py:3834} INFO - Setting next_dagrun for example_kubernetes_executor to None, run_after=None
[2026-03-15T18:04:19.006+0000] {processor.py:183} INFO - Processing /home/airflow/.local/lib/python3.11/site-packages/airflow/example_dags/example_kubernetes_executor.py took 0.073 seconds
[2026-03-15T18:04:23.872+0000] {processor.py:161} INFO - Started process (PID=2776) to work on /home/airflow/.local/lib/python3.11/site-packages/airflow/example_dags/example_kubernetes_executor.py
[2026-03-15T18:04:23.873+0000] {processor.py:830} INFO - Processing file /home/airflow/.local/lib/python3.11/site-packages/airflow/example_dags/example_kubernetes_executor.py for tasks to queue
[2026-03-15T18:04:23.875+0000] {logging_mixin.py:188} INFO - [2026-03-15T18:04:23.875+0000] {dagbag.py:540} INFO - Filling up the DagBag from /home/airflow/.local/lib/python3.11/site-packages/airflow/example_dags/example_kubernetes_executor.py
[2026-03-15T18:04:23.884+0000] {processor.py:840} INFO - DAG(s) 'example_kubernetes_executor' retrieved from /home/airflow/.local/lib/python3.11/site-packages/airflow/example_dags/example_kubernetes_executor.py
[2026-03-15T18:04:23.913+0000] {logging_mixin.py:188} INFO - [2026-03-15T18:04:23.913+0000] {dag.py:3047} INFO - Sync 1 DAGs
[2026-03-15T18:04:23.922+0000] {logging_mixin.py:188} INFO - [2026-03-15T18:04:23.921+0000] {dag.py:3834} INFO - Setting next_dagrun for example_kubernetes_executor to None, run_after=None
[2026-03-15T18:04:23.934+0000] {processor.py:183} INFO - Processing /home/airflow/.local/lib/python3.11/site-packages/airflow/example_dags/example_kubernetes_executor.py took 0.064 seconds
[2026-03-15T18:04:28.746+0000] {processor.py:161} INFO - Started process (PID=2820) to work on /home/airflow/.local/lib/python3.11/site-packages/airflow/example_dags/example_kubernetes_executor.py
[2026-03-15T18:04:28.747+0000] {processor.py:830} INFO - Processing file /home/airflow/.local/lib/python3.11/site-packages/airflow/example_dags/example_kubernetes_executor.py for tasks to queue
[2026-03-15T18:04:28.749+0000] {logging_mixin.py:188} INFO - [2026-03-15T18:04:28.748+0000] {dagbag.py:540} INFO - Filling up the DagBag from /home/airflow/.local/lib/python3.11/site-packages/airflow/example_dags/example_kubernetes_executor.py
[2026-03-15T18:04:28.759+0000] {processor.py:840} INFO - DAG(s) 'example_kubernetes_executor' retrieved from /home/airflow/.local/lib/python3.11/site-packages/airflow/example_dags/example_kubernetes_executor.py
[2026-03-15T18:04:28.788+0000] {logging_mixin.py:188} INFO - [2026-03-15T18:04:28.787+0000] {dag.py:3047} INFO - Sync 1 DAGs
[2026-03-15T18:04:28.797+0000] {logging_mixin.py:188} INFO - [2026-03-15T18:04:28.796+0000] {dag.py:3834} INFO - Setting next_dagrun for example_kubernetes_executor to None, run_after=None
[2026-03-15T18:04:28.810+0000] {processor.py:183} INFO - Processing /home/airflow/.local/lib/python3.11/site-packages/airflow/example_dags/example_kubernetes_executor.py took 0.067 seconds
[2026-03-15T18:04:59.669+0000] {processor.py:161} INFO - Started process (PID=2867) to work on /home/airflow/.local/lib/python3.11/site-packages/airflow/example_dags/example_kubernetes_executor.py
[2026-03-15T18:04:59.670+0000] {processor.py:830} INFO - Processing file /home/airflow/.local/lib/python3.11/site-packages/airflow/example_dags/example_kubernetes_executor.py for tasks to queue
[2026-03-15T18:04:59.672+0000] {logging_mixin.py:188} INFO - [2026-03-15T18:04:59.671+0000] {dagbag.py:540} INFO - Filling up the DagBag from /home/airflow/.local/lib/python3.11/site-packages/airflow/example_dags/example_kubernetes_executor.py
[2026-03-15T18:04:59.680+0000] {processor.py:840} INFO - DAG(s) 'example_kubernetes_executor' retrieved from /home/airflow/.local/lib/python3.11/site-packages/airflow/example_dags/example_kubernetes_executor.py
[2026-03-15T18:04:59.706+0000] {logging_mixin.py:188} INFO - [2026-03-15T18:04:59.706+0000] {dag.py:3047} INFO - Sync 1 DAGs
[2026-03-15T18:04:59.715+0000] {logging_mixin.py:188} INFO - [2026-03-15T18:04:59.715+0000] {dag.py:3834} INFO - Setting next_dagrun for example_kubernetes_executor to None, run_after=None
[2026-03-15T18:04:59.727+0000] {processor.py:183} INFO - Processing /home/airflow/.local/lib/python3.11/site-packages/airflow/example_dags/example_kubernetes_executor.py took 0.060 seconds
[2026-03-15T18:05:15.391+0000] {processor.py:161} INFO - Started process (PID=2921) to work on /home/airflow/.local/lib/python3.11/site-packages/airflow/example_dags/example_kubernetes_executor.py
[2026-03-15T18:05:15.392+0000] {processor.py:830} INFO - Processing file /home/airflow/.local/lib/python3.11/site-packages/airflow/example_dags/example_kubernetes_executor.py for tasks to queue
[2026-03-15T18:05:15.394+0000] {logging_mixin.py:188} INFO - [2026-03-15T18:05:15.394+0000] {dagbag.py:540} INFO - Filling up the DagBag from /home/airflow/.local/lib/python3.11/site-packages/airflow/example_dags/example_kubernetes_executor.py
[2026-03-15T18:05:15.404+0000] {processor.py:840} INFO - DAG(s) 'example_kubernetes_executor' retrieved from /home/airflow/.local/lib/python3.11/site-packages/airflow/example_dags/example_kubernetes_executor.py
[2026-03-15T18:05:15.433+0000] {logging_mixin.py:188} INFO - [2026-03-15T18:05:15.433+0000] {dag.py:3047} INFO - Sync 1 DAGs
[2026-03-15T18:05:15.445+0000] {logging_mixin.py:188} INFO - [2026-03-15T18:05:15.445+0000] {dag.py:3834} INFO - Setting next_dagrun for example_kubernetes_executor to None, run_after=None
[2026-03-15T18:05:15.463+0000] {processor.py:183} INFO - Processing /home/airflow/.local/lib/python3.11/site-packages/airflow/example_dags/example_kubernetes_executor.py took 0.075 seconds
[2026-03-15T18:05:45.026+0000] {processor.py:161} INFO - Started process (PID=2975) to work on /home/airflow/.local/lib/python3.11/site-packages/airflow/example_dags/example_kubernetes_executor.py
[2026-03-15T18:05:45.027+0000] {processor.py:830} INFO - Processing file /home/airflow/.local/lib/python3.11/site-packages/airflow/example_dags/example_kubernetes_executor.py for tasks to queue
[2026-03-15T18:05:45.029+0000] {logging_mixin.py:188} INFO - [2026-03-15T18:05:45.029+0000] {dagbag.py:540} INFO - Filling up the DagBag from /home/airflow/.local/lib/python3.11/site-packages/airflow/example_dags/example_kubernetes_executor.py
[2026-03-15T18:05:45.039+0000] {processor.py:840} INFO - DAG(s) 'example_kubernetes_executor' retrieved from /home/airflow/.local/lib/python3.11/site-packages/airflow/example_dags/example_kubernetes_executor.py
[2026-03-15T18:05:45.074+0000] {logging_mixin.py:188} INFO - [2026-03-15T18:05:45.074+0000] {dag.py:3047} INFO - Sync 1 DAGs
[2026-03-15T18:05:45.083+0000] {logging_mixin.py:188} INFO - [2026-03-15T18:05:45.083+0000] {dag.py:3834} INFO - Setting next_dagrun for example_kubernetes_executor to None, run_after=None
[2026-03-15T18:05:45.099+0000] {processor.py:183} INFO - Processing /home/airflow/.local/lib/python3.11/site-packages/airflow/example_dags/example_kubernetes_executor.py took 0.076 seconds
[2026-03-15T18:06:15.907+0000] {processor.py:161} INFO - Started process (PID=3025) to work on /home/airflow/.local/lib/python3.11/site-packages/airflow/example_dags/example_kubernetes_executor.py
[2026-03-15T18:06:15.912+0000] {processor.py:830} INFO - Processing file /home/airflow/.local/lib/python3.11/site-packages/airflow/example_dags/example_kubernetes_executor.py for tasks to queue
[2026-03-15T18:06:15.917+0000] {logging_mixin.py:188} INFO - [2026-03-15T18:06:15.917+0000] {dagbag.py:540} INFO - Filling up the DagBag from /home/airflow/.local/lib/python3.11/site-packages/airflow/example_dags/example_kubernetes_executor.py
[2026-03-15T18:06:15.931+0000] {processor.py:840} INFO - DAG(s) 'example_kubernetes_executor' retrieved from /home/airflow/.local/lib/python3.11/site-packages/airflow/example_dags/example_kubernetes_executor.py
[2026-03-15T18:06:15.964+0000] {logging_mixin.py:188} INFO - [2026-03-15T18:06:15.963+0000] {dag.py:3047} INFO - Sync 1 DAGs
[2026-03-15T18:06:15.975+0000] {logging_mixin.py:188} INFO - [2026-03-15T18:06:15.975+0000] {dag.py:3834} INFO - Setting next_dagrun for example_kubernetes_executor to None, run_after=None
[2026-03-15T18:06:16.000+0000] {processor.py:183} INFO - Processing /home/airflow/.local/lib/python3.11/site-packages/airflow/example_dags/example_kubernetes_executor.py took 0.096 seconds
[2026-03-15T18:06:19.625+0000] {processor.py:161} INFO - Started process (PID=3075) to work on /home/airflow/.local/lib/python3.11/site-packages/airflow/example_dags/example_kubernetes_executor.py
[2026-03-15T18:06:19.626+0000] {processor.py:830} INFO - Processing file /home/airflow/.local/lib/python3.11/site-packages/airflow/example_dags/example_kubernetes_executor.py for tasks to queue
[2026-03-15T18:06:19.629+0000] {logging_mixin.py:188} INFO - [2026-03-15T18:06:19.628+0000] {dagbag.py:540} INFO - Filling up the DagBag from /home/airflow/.local/lib/python3.11/site-packages/airflow/example_dags/example_kubernetes_executor.py
[2026-03-15T18:06:19.640+0000] {processor.py:840} INFO - DAG(s) 'example_kubernetes_executor' retrieved from /home/airflow/.local/lib/python3.11/site-packages/airflow/example_dags/example_kubernetes_executor.py
[2026-03-15T18:06:19.673+0000] {logging_mixin.py:188} INFO - [2026-03-15T18:06:19.672+0000] {dag.py:3047} INFO - Sync 1 DAGs
[2026-03-15T18:06:19.685+0000] {logging_mixin.py:188} INFO - [2026-03-15T18:06:19.684+0000] {dag.py:3834} INFO - Setting next_dagrun for example_kubernetes_executor to None, run_after=None
[2026-03-15T18:06:19.704+0000] {processor.py:183} INFO - Processing /home/airflow/.local/lib/python3.11/site-packages/airflow/example_dags/example_kubernetes_executor.py took 0.083 seconds
[2026-03-15T18:06:24.741+0000] {processor.py:161} INFO - Started process (PID=3125) to work on /home/airflow/.local/lib/python3.11/site-packages/airflow/example_dags/example_kubernetes_executor.py
[2026-03-15T18:06:24.742+0000] {processor.py:830} INFO - Processing file /home/airflow/.local/lib/python3.11/site-packages/airflow/example_dags/example_kubernetes_executor.py for tasks to queue
[2026-03-15T18:06:24.744+0000] {logging_mixin.py:188} INFO - [2026-03-15T18:06:24.744+0000] {dagbag.py:540} INFO - Filling up the DagBag from /home/airflow/.local/lib/python3.11/site-packages/airflow/example_dags/example_kubernetes_executor.py
[2026-03-15T18:06:24.753+0000] {processor.py:840} INFO - DAG(s) 'example_kubernetes_executor' retrieved from /home/airflow/.local/lib/python3.11/site-packages/airflow/example_dags/example_kubernetes_executor.py
[2026-03-15T18:06:24.783+0000] {logging_mixin.py:188} INFO - [2026-03-15T18:06:24.783+0000] {dag.py:3047} INFO - Sync 1 DAGs
[2026-03-15T18:06:24.793+0000] {logging_mixin.py:188} INFO - [2026-03-15T18:06:24.792+0000] {dag.py:3834} INFO - Setting next_dagrun for example_kubernetes_executor to None, run_after=None
[2026-03-15T18:06:24.807+0000] {processor.py:183} INFO - Processing /home/airflow/.local/lib/python3.11/site-packages/airflow/example_dags/example_kubernetes_executor.py took 0.070 seconds
[2026-03-15T18:06:29.232+0000] {processor.py:161} INFO - Started process (PID=3173) to work on /home/airflow/.local/lib/python3.11/site-packages/airflow/example_dags/example_kubernetes_executor.py
[2026-03-15T18:06:29.233+0000] {processor.py:830} INFO - Processing file /home/airflow/.local/lib/python3.11/site-packages/airflow/example_dags/example_kubernetes_executor.py for tasks to queue
[2026-03-15T18:06:29.235+0000] {logging_mixin.py:188} INFO - [2026-03-15T18:06:29.234+0000] {dagbag.py:540} INFO - Filling up the DagBag from /home/airflow/.local/lib/python3.11/site-packages/airflow/example_dags/example_kubernetes_executor.py
[2026-03-15T18:06:29.246+0000] {processor.py:840} INFO - DAG(s) 'example_kubernetes_executor' retrieved from /home/airflow/.local/lib/python3.11/site-packages/airflow/example_dags/example_kubernetes_executor.py
[2026-03-15T18:06:29.275+0000] {logging_mixin.py:188} INFO - [2026-03-15T18:06:29.274+0000] {dag.py:3047} INFO - Sync 1 DAGs
[2026-03-15T18:06:29.284+0000] {logging_mixin.py:188} INFO - [2026-03-15T18:06:29.284+0000] {dag.py:3834} INFO - Setting next_dagrun for example_kubernetes_executor to None, run_after=None
[2026-03-15T18:06:29.299+0000] {processor.py:183} INFO - Processing /home/airflow/.local/lib/python3.11/site-packages/airflow/example_dags/example_kubernetes_executor.py took 0.070 seconds
[2026-03-15T18:06:59.700+0000] {processor.py:161} INFO - Started process (PID=3223) to work on /home/airflow/.local/lib/python3.11/site-packages/airflow/example_dags/example_kubernetes_executor.py
[2026-03-15T18:06:59.701+0000] {processor.py:830} INFO - Processing file /home/airflow/.local/lib/python3.11/site-packages/airflow/example_dags/example_kubernetes_executor.py for tasks to queue
[2026-03-15T18:06:59.703+0000] {logging_mixin.py:188} INFO - [2026-03-15T18:06:59.703+0000] {dagbag.py:540} INFO - Filling up the DagBag from /home/airflow/.local/lib/python3.11/site-packages/airflow/example_dags/example_kubernetes_executor.py
[2026-03-15T18:06:59.712+0000] {processor.py:840} INFO - DAG(s) 'example_kubernetes_executor' retrieved from /home/airflow/.local/lib/python3.11/site-packages/airflow/example_dags/example_kubernetes_executor.py
[2026-03-15T18:06:59.740+0000] {logging_mixin.py:188} INFO - [2026-03-15T18:06:59.740+0000] {dag.py:3047} INFO - Sync 1 DAGs
[2026-03-15T18:06:59.749+0000] {logging_mixin.py:188} INFO - [2026-03-15T18:06:59.749+0000] {dag.py:3834} INFO - Setting next_dagrun for example_kubernetes_executor to None, run_after=None
[2026-03-15T18:06:59.764+0000] {processor.py:183} INFO - Processing /home/airflow/.local/lib/python3.11/site-packages/airflow/example_dags/example_kubernetes_executor.py took 0.066 seconds
[2026-03-15T18:07:04.368+0000] {processor.py:161} INFO - Started process (PID=3279) to work on /home/airflow/.local/lib/python3.11/site-packages/airflow/example_dags/example_kubernetes_executor.py
[2026-03-15T18:07:04.369+0000] {processor.py:830} INFO - Processing file /home/airflow/.local/lib/python3.11/site-packages/airflow/example_dags/example_kubernetes_executor.py for tasks to queue
[2026-03-15T18:07:04.371+0000] {logging_mixin.py:188} INFO - [2026-03-15T18:07:04.371+0000] {dagbag.py:540} INFO - Filling up the DagBag from /home/airflow/.local/lib/python3.11/site-packages/airflow/example_dags/example_kubernetes_executor.py
[2026-03-15T18:07:04.381+0000] {processor.py:840} INFO - DAG(s) 'example_kubernetes_executor' retrieved from /home/airflow/.local/lib/python3.11/site-packages/airflow/example_dags/example_kubernetes_executor.py
[2026-03-15T18:07:04.409+0000] {logging_mixin.py:188} INFO - [2026-03-15T18:07:04.408+0000] {dag.py:3047} INFO - Sync 1 DAGs
[2026-03-15T18:07:04.419+0000] {logging_mixin.py:188} INFO - [2026-03-15T18:07:04.418+0000] {dag.py:3834} INFO - Setting next_dagrun for example_kubernetes_executor to None, run_after=None
[2026-03-15T18:07:04.434+0000] {processor.py:183} INFO - Processing /home/airflow/.local/lib/python3.11/site-packages/airflow/example_dags/example_kubernetes_executor.py took 0.068 seconds
[2026-03-15T18:07:34.955+0000] {processor.py:161} INFO - Started process (PID=3333) to work on /home/airflow/.local/lib/python3.11/site-packages/airflow/example_dags/example_kubernetes_executor.py
[2026-03-15T18:07:34.956+0000] {processor.py:830} INFO - Processing file /home/airflow/.local/lib/python3.11/site-packages/airflow/example_dags/example_kubernetes_executor.py for tasks to queue
[2026-03-15T18:07:34.958+0000] {logging_mixin.py:188} INFO - [2026-03-15T18:07:34.957+0000] {dagbag.py:540} INFO - Filling up the DagBag from /home/airflow/.local/lib/python3.11/site-packages/airflow/example_dags/example_kubernetes_executor.py
[2026-03-15T18:07:34.967+0000] {processor.py:840} INFO - DAG(s) 'example_kubernetes_executor' retrieved from /home/airflow/.local/lib/python3.11/site-packages/airflow/example_dags/example_kubernetes_executor.py
[2026-03-15T18:07:34.994+0000] {logging_mixin.py:188} INFO - [2026-03-15T18:07:34.994+0000] {dag.py:3047} INFO - Sync 1 DAGs
[2026-03-15T18:07:35.002+0000] {logging_mixin.py:188} INFO - [2026-03-15T18:07:35.002+0000] {dag.py:3834} INFO - Setting next_dagrun for example_kubernetes_executor to None, run_after=None
[2026-03-15T18:07:35.017+0000] {processor.py:183} INFO - Processing /home/airflow/.local/lib/python3.11/site-packages/airflow/example_dags/example_kubernetes_executor.py took 0.065 seconds
[2026-03-15T18:08:05.200+0000] {processor.py:161} INFO - Started process (PID=3387) to work on /home/airflow/.local/lib/python3.11/site-packages/airflow/example_dags/example_kubernetes_executor.py
[2026-03-15T18:08:05.205+0000] {processor.py:830} INFO - Processing file /home/airflow/.local/lib/python3.11/site-packages/airflow/example_dags/example_kubernetes_executor.py for tasks to queue
[2026-03-15T18:08:05.207+0000] {logging_mixin.py:188} INFO - [2026-03-15T18:08:05.207+0000] {dagbag.py:540} INFO - Filling up the DagBag from /home/airflow/.local/lib/python3.11/site-packages/airflow/example_dags/example_kubernetes_executor.py
[2026-03-15T18:08:05.217+0000] {processor.py:840} INFO - DAG(s) 'example_kubernetes_executor' retrieved from /home/airflow/.local/lib/python3.11/site-packages/airflow/example_dags/example_kubernetes_executor.py
[2026-03-15T18:08:05.245+0000] {logging_mixin.py:188} INFO - [2026-03-15T18:08:05.245+0000] {dag.py:3047} INFO - Sync 1 DAGs
[2026-03-15T18:08:05.255+0000] {logging_mixin.py:188} INFO - [2026-03-15T18:08:05.255+0000] {dag.py:3834} INFO - Setting next_dagrun for example_kubernetes_executor to None, run_after=None
[2026-03-15T18:08:05.272+0000] {processor.py:183} INFO - Processing /home/airflow/.local/lib/python3.11/site-packages/airflow/example_dags/example_kubernetes_executor.py took 0.074 seconds
[2026-03-15T18:08:09.545+0000] {processor.py:161} INFO - Started process (PID=3437) to work on /home/airflow/.local/lib/python3.11/site-packages/airflow/example_dags/example_kubernetes_executor.py
[2026-03-15T18:08:09.546+0000] {processor.py:830} INFO - Processing file /home/airflow/.local/lib/python3.11/site-packages/airflow/example_dags/example_kubernetes_executor.py for tasks to queue
[2026-03-15T18:08:09.548+0000] {logging_mixin.py:188} INFO - [2026-03-15T18:08:09.547+0000] {dagbag.py:540} INFO - Filling up the DagBag from /home/airflow/.local/lib/python3.11/site-packages/airflow/example_dags/example_kubernetes_executor.py
[2026-03-15T18:08:09.559+0000] {processor.py:840} INFO - DAG(s) 'example_kubernetes_executor' retrieved from /home/airflow/.local/lib/python3.11/site-packages/airflow/example_dags/example_kubernetes_executor.py
[2026-03-15T18:08:09.590+0000] {logging_mixin.py:188} INFO - [2026-03-15T18:08:09.590+0000] {dag.py:3047} INFO - Sync 1 DAGs
[2026-03-15T18:08:09.602+0000] {logging_mixin.py:188} INFO - [2026-03-15T18:08:09.602+0000] {dag.py:3834} INFO - Setting next_dagrun for example_kubernetes_executor to None, run_after=None
[2026-03-15T18:08:09.619+0000] {processor.py:183} INFO - Processing /home/airflow/.local/lib/python3.11/site-packages/airflow/example_dags/example_kubernetes_executor.py took 0.078 seconds
[2026-03-15T18:08:15.506+0000] {processor.py:161} INFO - Started process (PID=3487) to work on /home/airflow/.local/lib/python3.11/site-packages/airflow/example_dags/example_kubernetes_executor.py
[2026-03-15T18:08:15.507+0000] {processor.py:830} INFO - Processing file /home/airflow/.local/lib/python3.11/site-packages/airflow/example_dags/example_kubernetes_executor.py for tasks to queue
[2026-03-15T18:08:15.509+0000] {logging_mixin.py:188} INFO - [2026-03-15T18:08:15.508+0000] {dagbag.py:540} INFO - Filling up the DagBag from /home/airflow/.local/lib/python3.11/site-packages/airflow/example_dags/example_kubernetes_executor.py
[2026-03-15T18:08:15.519+0000] {processor.py:840} INFO - DAG(s) 'example_kubernetes_executor' retrieved from /home/airflow/.local/lib/python3.11/site-packages/airflow/example_dags/example_kubernetes_executor.py
[2026-03-15T18:08:15.552+0000] {logging_mixin.py:188} INFO - [2026-03-15T18:08:15.552+0000] {dag.py:3047} INFO - Sync 1 DAGs
[2026-03-15T18:08:15.563+0000] {logging_mixin.py:188} INFO - [2026-03-15T18:08:15.562+0000] {dag.py:3834} INFO - Setting next_dagrun for example_kubernetes_executor to None, run_after=None
[2026-03-15T18:08:15.580+0000] {processor.py:183} INFO - Processing /home/airflow/.local/lib/python3.11/site-packages/airflow/example_dags/example_kubernetes_executor.py took 0.077 seconds
[2026-03-15T18:08:45.218+0000] {processor.py:161} INFO - Started process (PID=3543) to work on /home/airflow/.local/lib/python3.11/site-packages/airflow/example_dags/example_kubernetes_executor.py
[2026-03-15T18:08:45.219+0000] {processor.py:830} INFO - Processing file /home/airflow/.local/lib/python3.11/site-packages/airflow/example_dags/example_kubernetes_executor.py for tasks to queue
[2026-03-15T18:08:45.221+0000] {logging_mixin.py:188} INFO - [2026-03-15T18:08:45.221+0000] {dagbag.py:540} INFO - Filling up the DagBag from /home/airflow/.local/lib/python3.11/site-packages/airflow/example_dags/example_kubernetes_executor.py
[2026-03-15T18:08:45.232+0000] {processor.py:840} INFO - DAG(s) 'example_kubernetes_executor' retrieved from /home/airflow/.local/lib/python3.11/site-packages/airflow/example_dags/example_kubernetes_executor.py
[2026-03-15T18:08:45.264+0000] {logging_mixin.py:188} INFO - [2026-03-15T18:08:45.264+0000] {dag.py:3047} INFO - Sync 1 DAGs
[2026-03-15T18:08:45.281+0000] {logging_mixin.py:188} INFO - [2026-03-15T18:08:45.280+0000] {dag.py:3834} INFO - Setting next_dagrun for example_kubernetes_executor to None, run_after=None
[2026-03-15T18:08:45.297+0000] {processor.py:183} INFO - Processing /home/airflow/.local/lib/python3.11/site-packages/airflow/example_dags/example_kubernetes_executor.py took 0.081 seconds
[2026-03-15T18:09:15.270+0000] {processor.py:161} INFO - Started process (PID=3599) to work on /home/airflow/.local/lib/python3.11/site-packages/airflow/example_dags/example_kubernetes_executor.py
[2026-03-15T18:09:15.271+0000] {processor.py:830} INFO - Processing file /home/airflow/.local/lib/python3.11/site-packages/airflow/example_dags/example_kubernetes_executor.py for tasks to queue
[2026-03-15T18:09:15.273+0000] {logging_mixin.py:188} INFO - [2026-03-15T18:09:15.272+0000] {dagbag.py:540} INFO - Filling up the DagBag from /home/airflow/.local/lib/python3.11/site-packages/airflow/example_dags/example_kubernetes_executor.py
[2026-03-15T18:09:15.284+0000] {processor.py:840} INFO - DAG(s) 'example_kubernetes_executor' retrieved from /home/airflow/.local/lib/python3.11/site-packages/airflow/example_dags/example_kubernetes_executor.py
[2026-03-15T18:09:15.315+0000] {logging_mixin.py:188} INFO - [2026-03-15T18:09:15.315+0000] {dag.py:3047} INFO - Sync 1 DAGs
[2026-03-15T18:09:15.325+0000] {logging_mixin.py:188} INFO - [2026-03-15T18:09:15.325+0000] {dag.py:3834} INFO - Setting next_dagrun for example_kubernetes_executor to None, run_after=None
[2026-03-15T18:09:15.344+0000] {processor.py:183} INFO - Processing /home/airflow/.local/lib/python3.11/site-packages/airflow/example_dags/example_kubernetes_executor.py took 0.078 seconds
[2026-03-15T18:09:19.354+0000] {processor.py:161} INFO - Started process (PID=3644) to work on /home/airflow/.local/lib/python3.11/site-packages/airflow/example_dags/example_kubernetes_executor.py
[2026-03-15T18:09:19.355+0000] {processor.py:830} INFO - Processing file /home/airflow/.local/lib/python3.11/site-packages/airflow/example_dags/example_kubernetes_executor.py for tasks to queue
[2026-03-15T18:09:19.357+0000] {logging_mixin.py:188} INFO - [2026-03-15T18:09:19.357+0000] {dagbag.py:540} INFO - Filling up the DagBag from /home/airflow/.local/lib/python3.11/site-packages/airflow/example_dags/example_kubernetes_executor.py
[2026-03-15T18:09:19.367+0000] {processor.py:840} INFO - DAG(s) 'example_kubernetes_executor' retrieved from /home/airflow/.local/lib/python3.11/site-packages/airflow/example_dags/example_kubernetes_executor.py
[2026-03-15T18:09:19.394+0000] {logging_mixin.py:188} INFO - [2026-03-15T18:09:19.394+0000] {dag.py:3047} INFO - Sync 1 DAGs
[2026-03-15T18:09:19.403+0000] {logging_mixin.py:188} INFO - [2026-03-15T18:09:19.403+0000] {dag.py:3834} INFO - Setting next_dagrun for example_kubernetes_executor to None, run_after=None
[2026-03-15T18:09:19.420+0000] {processor.py:183} INFO - Processing /home/airflow/.local/lib/python3.11/site-packages/airflow/example_dags/example_kubernetes_executor.py took 0.069 seconds
[2026-03-15T18:09:34.599+0000] {processor.py:161} INFO - Started process (PID=3692) to work on /home/airflow/.local/lib/python3.11/site-packages/airflow/example_dags/example_kubernetes_executor.py
[2026-03-15T18:09:34.601+0000] {processor.py:830} INFO - Processing file /home/airflow/.local/lib/python3.11/site-packages/airflow/example_dags/example_kubernetes_executor.py for tasks to queue
[2026-03-15T18:09:34.603+0000] {logging_mixin.py:188} INFO - [2026-03-15T18:09:34.603+0000] {dagbag.py:540} INFO - Filling up the DagBag from /home/airflow/.local/lib/python3.11/site-packages/airflow/example_dags/example_kubernetes_executor.py
[2026-03-15T18:09:34.615+0000] {processor.py:840} INFO - DAG(s) 'example_kubernetes_executor' retrieved from /home/airflow/.local/lib/python3.11/site-packages/airflow/example_dags/example_kubernetes_executor.py
[2026-03-15T18:09:34.652+0000] {logging_mixin.py:188} INFO - [2026-03-15T18:09:34.652+0000] {dag.py:3047} INFO - Sync 1 DAGs
[2026-03-15T18:09:34.663+0000] {logging_mixin.py:188} INFO - [2026-03-15T18:09:34.662+0000] {dag.py:3834} INFO - Setting next_dagrun for example_kubernetes_executor to None, run_after=None
[2026-03-15T18:09:34.681+0000] {processor.py:183} INFO - Processing /home/airflow/.local/lib/python3.11/site-packages/airflow/example_dags/example_kubernetes_executor.py took 0.085 seconds
[2026-03-15T18:10:04.908+0000] {processor.py:161} INFO - Started process (PID=3740) to work on /home/airflow/.local/lib/python3.11/site-packages/airflow/example_dags/example_kubernetes_executor.py
[2026-03-15T18:10:04.909+0000] {processor.py:830} INFO - Processing file /home/airflow/.local/lib/python3.11/site-packages/airflow/example_dags/example_kubernetes_executor.py for tasks to queue
[2026-03-15T18:10:04.911+0000] {logging_mixin.py:188} INFO - [2026-03-15T18:10:04.910+0000] {dagbag.py:540} INFO - Filling up the DagBag from /home/airflow/.local/lib/python3.11/site-packages/airflow/example_dags/example_kubernetes_executor.py
[2026-03-15T18:10:04.921+0000] {processor.py:840} INFO - DAG(s) 'example_kubernetes_executor' retrieved from /home/airflow/.local/lib/python3.11/site-packages/airflow/example_dags/example_kubernetes_executor.py
[2026-03-15T18:10:04.950+0000] {logging_mixin.py:188} INFO - [2026-03-15T18:10:04.950+0000] {dag.py:3047} INFO - Sync 1 DAGs
[2026-03-15T18:10:04.960+0000] {logging_mixin.py:188} INFO - [2026-03-15T18:10:04.960+0000] {dag.py:3834} INFO - Setting next_dagrun for example_kubernetes_executor to None, run_after=None
[2026-03-15T18:10:04.975+0000] {processor.py:183} INFO - Processing /home/airflow/.local/lib/python3.11/site-packages/airflow/example_dags/example_kubernetes_executor.py took 0.071 seconds
[2026-03-15T18:10:59.246+0000] {processor.py:161} INFO - Started process (PID=3790) to work on /home/airflow/.local/lib/python3.11/site-packages/airflow/example_dags/example_kubernetes_executor.py
[2026-03-15T18:10:59.248+0000] {processor.py:830} INFO - Processing file /home/airflow/.local/lib/python3.11/site-packages/airflow/example_dags/example_kubernetes_executor.py for tasks to queue
[2026-03-15T18:10:59.250+0000] {logging_mixin.py:188} INFO - [2026-03-15T18:10:59.250+0000] {dagbag.py:540} INFO - Filling up the DagBag from /home/airflow/.local/lib/python3.11/site-packages/airflow/example_dags/example_kubernetes_executor.py
[2026-03-15T18:10:59.262+0000] {processor.py:840} INFO - DAG(s) 'example_kubernetes_executor' retrieved from /home/airflow/.local/lib/python3.11/site-packages/airflow/example_dags/example_kubernetes_executor.py
[2026-03-15T18:10:59.290+0000] {logging_mixin.py:188} INFO - [2026-03-15T18:10:59.290+0000] {dag.py:3047} INFO - Sync 1 DAGs
[2026-03-15T18:10:59.298+0000] {logging_mixin.py:188} INFO - [2026-03-15T18:10:59.298+0000] {dag.py:3834} INFO - Setting next_dagrun for example_kubernetes_executor to None, run_after=None
[2026-03-15T18:10:59.312+0000] {processor.py:183} INFO - Processing /home/airflow/.local/lib/python3.11/site-packages/airflow/example_dags/example_kubernetes_executor.py took 0.069 seconds
[2026-03-15T18:11:29.778+0000] {processor.py:161} INFO - Started process (PID=3846) to work on /home/airflow/.local/lib/python3.11/site-packages/airflow/example_dags/example_kubernetes_executor.py
[2026-03-15T18:11:29.779+0000] {processor.py:830} INFO - Processing file /home/airflow/.local/lib/python3.11/site-packages/airflow/example_dags/example_kubernetes_executor.py for tasks to queue
[2026-03-15T18:11:29.781+0000] {logging_mixin.py:188} INFO - [2026-03-15T18:11:29.781+0000] {dagbag.py:540} INFO - Filling up the DagBag from /home/airflow/.local/lib/python3.11/site-packages/airflow/example_dags/example_kubernetes_executor.py
[2026-03-15T18:11:29.792+0000] {processor.py:840} INFO - DAG(s) 'example_kubernetes_executor' retrieved from /home/airflow/.local/lib/python3.11/site-packages/airflow/example_dags/example_kubernetes_executor.py
[2026-03-15T18:11:29.820+0000] {logging_mixin.py:188} INFO - [2026-03-15T18:11:29.820+0000] {dag.py:3047} INFO - Sync 1 DAGs
[2026-03-15T18:11:29.830+0000] {logging_mixin.py:188} INFO - [2026-03-15T18:11:29.830+0000] {dag.py:3834} INFO - Setting next_dagrun for example_kubernetes_executor to None, run_after=None
[2026-03-15T18:11:29.847+0000] {processor.py:183} INFO - Processing /home/airflow/.local/lib/python3.11/site-packages/airflow/example_dags/example_kubernetes_executor.py took 0.072 seconds
[2026-03-15T18:11:31.284+0000] {processor.py:161} INFO - Started process (PID=79) to work on /home/airflow/.local/lib/python3.11/site-packages/airflow/example_dags/example_kubernetes_executor.py
[2026-03-15T18:11:31.287+0000] {processor.py:830} INFO - Processing file /home/airflow/.local/lib/python3.11/site-packages/airflow/example_dags/example_kubernetes_executor.py for tasks to queue
[2026-03-15T18:11:31.292+0000] {logging_mixin.py:188} INFO - [2026-03-15T18:11:31.291+0000] {dagbag.py:540} INFO - Filling up the DagBag from /home/airflow/.local/lib/python3.11/site-packages/airflow/example_dags/example_kubernetes_executor.py
[2026-03-15T18:11:31.315+0000] {processor.py:840} INFO - DAG(s) 'example_kubernetes_executor' retrieved from /home/airflow/.local/lib/python3.11/site-packages/airflow/example_dags/example_kubernetes_executor.py
[2026-03-15T18:11:31.331+0000] {logging_mixin.py:188} INFO - [2026-03-15T18:11:31.331+0000] {dag.py:3047} INFO - Sync 1 DAGs
[2026-03-15T18:11:31.345+0000] {logging_mixin.py:188} INFO - [2026-03-15T18:11:31.345+0000] {dag.py:3834} INFO - Setting next_dagrun for example_kubernetes_executor to None, run_after=None
[2026-03-15T18:11:31.381+0000] {processor.py:183} INFO - Processing /home/airflow/.local/lib/python3.11/site-packages/airflow/example_dags/example_kubernetes_executor.py took 0.103 seconds
[2026-03-15T18:11:39.997+0000] {processor.py:161} INFO - Started process (PID=129) to work on /home/airflow/.local/lib/python3.11/site-packages/airflow/example_dags/example_kubernetes_executor.py
[2026-03-15T18:11:39.998+0000] {processor.py:830} INFO - Processing file /home/airflow/.local/lib/python3.11/site-packages/airflow/example_dags/example_kubernetes_executor.py for tasks to queue
[2026-03-15T18:11:40.000+0000] {logging_mixin.py:188} INFO - [2026-03-15T18:11:39.999+0000] {dagbag.py:540} INFO - Filling up the DagBag from /home/airflow/.local/lib/python3.11/site-packages/airflow/example_dags/example_kubernetes_executor.py
[2026-03-15T18:11:40.012+0000] {processor.py:840} INFO - DAG(s) 'example_kubernetes_executor' retrieved from /home/airflow/.local/lib/python3.11/site-packages/airflow/example_dags/example_kubernetes_executor.py
[2026-03-15T18:11:40.025+0000] {logging_mixin.py:188} INFO - [2026-03-15T18:11:40.025+0000] {dag.py:3047} INFO - Sync 1 DAGs
[2026-03-15T18:11:40.037+0000] {logging_mixin.py:188} INFO - [2026-03-15T18:11:40.037+0000] {dag.py:3834} INFO - Setting next_dagrun for example_kubernetes_executor to None, run_after=None
[2026-03-15T18:11:40.054+0000] {processor.py:183} INFO - Processing /home/airflow/.local/lib/python3.11/site-packages/airflow/example_dags/example_kubernetes_executor.py took 0.060 seconds
[2026-03-15T18:12:11.841+0000] {processor.py:161} INFO - Started process (PID=185) to work on /home/airflow/.local/lib/python3.11/site-packages/airflow/example_dags/example_kubernetes_executor.py
[2026-03-15T18:12:11.843+0000] {processor.py:830} INFO - Processing file /home/airflow/.local/lib/python3.11/site-packages/airflow/example_dags/example_kubernetes_executor.py for tasks to queue
[2026-03-15T18:12:11.845+0000] {logging_mixin.py:188} INFO - [2026-03-15T18:12:11.845+0000] {dagbag.py:540} INFO - Filling up the DagBag from /home/airflow/.local/lib/python3.11/site-packages/airflow/example_dags/example_kubernetes_executor.py
[2026-03-15T18:12:11.860+0000] {processor.py:840} INFO - DAG(s) 'example_kubernetes_executor' retrieved from /home/airflow/.local/lib/python3.11/site-packages/airflow/example_dags/example_kubernetes_executor.py
[2026-03-15T18:12:11.991+0000] {logging_mixin.py:188} INFO - [2026-03-15T18:12:11.990+0000] {dag.py:3047} INFO - Sync 1 DAGs
[2026-03-15T18:12:12.008+0000] {logging_mixin.py:188} INFO - [2026-03-15T18:12:12.008+0000] {dag.py:3834} INFO - Setting next_dagrun for example_kubernetes_executor to None, run_after=None
[2026-03-15T18:12:12.050+0000] {processor.py:183} INFO - Processing /home/airflow/.local/lib/python3.11/site-packages/airflow/example_dags/example_kubernetes_executor.py took 0.214 seconds
[2026-03-15T18:12:18.641+0000] {processor.py:161} INFO - Started process (PID=242) to work on /home/airflow/.local/lib/python3.11/site-packages/airflow/example_dags/example_kubernetes_executor.py
[2026-03-15T18:12:18.642+0000] {processor.py:830} INFO - Processing file /home/airflow/.local/lib/python3.11/site-packages/airflow/example_dags/example_kubernetes_executor.py for tasks to queue
[2026-03-15T18:12:18.644+0000] {logging_mixin.py:188} INFO - [2026-03-15T18:12:18.644+0000] {dagbag.py:540} INFO - Filling up the DagBag from /home/airflow/.local/lib/python3.11/site-packages/airflow/example_dags/example_kubernetes_executor.py
[2026-03-15T18:12:18.653+0000] {processor.py:840} INFO - DAG(s) 'example_kubernetes_executor' retrieved from /home/airflow/.local/lib/python3.11/site-packages/airflow/example_dags/example_kubernetes_executor.py
[2026-03-15T18:12:18.665+0000] {logging_mixin.py:188} INFO - [2026-03-15T18:12:18.665+0000] {dag.py:3047} INFO - Sync 1 DAGs
[2026-03-15T18:12:18.677+0000] {logging_mixin.py:188} INFO - [2026-03-15T18:12:18.676+0000] {dag.py:3834} INFO - Setting next_dagrun for example_kubernetes_executor to None, run_after=None
[2026-03-15T18:12:18.694+0000] {processor.py:183} INFO - Processing /home/airflow/.local/lib/python3.11/site-packages/airflow/example_dags/example_kubernetes_executor.py took 0.056 seconds
[2026-03-15T18:12:24.504+0000] {processor.py:161} INFO - Started process (PID=284) to work on /home/airflow/.local/lib/python3.11/site-packages/airflow/example_dags/example_kubernetes_executor.py
[2026-03-15T18:12:24.508+0000] {processor.py:830} INFO - Processing file /home/airflow/.local/lib/python3.11/site-packages/airflow/example_dags/example_kubernetes_executor.py for tasks to queue
[2026-03-15T18:12:24.510+0000] {logging_mixin.py:188} INFO - [2026-03-15T18:12:24.510+0000] {dagbag.py:540} INFO - Filling up the DagBag from /home/airflow/.local/lib/python3.11/site-packages/airflow/example_dags/example_kubernetes_executor.py
[2026-03-15T18:12:24.520+0000] {processor.py:840} INFO - DAG(s) 'example_kubernetes_executor' retrieved from /home/airflow/.local/lib/python3.11/site-packages/airflow/example_dags/example_kubernetes_executor.py
[2026-03-15T18:12:24.531+0000] {logging_mixin.py:188} INFO - [2026-03-15T18:12:24.531+0000] {dag.py:3047} INFO - Sync 1 DAGs
[2026-03-15T18:12:24.543+0000] {logging_mixin.py:188} INFO - [2026-03-15T18:12:24.543+0000] {dag.py:3834} INFO - Setting next_dagrun for example_kubernetes_executor to None, run_after=None
[2026-03-15T18:12:24.559+0000] {processor.py:183} INFO - Processing /home/airflow/.local/lib/python3.11/site-packages/airflow/example_dags/example_kubernetes_executor.py took 0.058 seconds
[2026-03-15T18:12:29.629+0000] {processor.py:161} INFO - Started process (PID=324) to work on /home/airflow/.local/lib/python3.11/site-packages/airflow/example_dags/example_kubernetes_executor.py
[2026-03-15T18:12:29.631+0000] {processor.py:830} INFO - Processing file /home/airflow/.local/lib/python3.11/site-packages/airflow/example_dags/example_kubernetes_executor.py for tasks to queue
[2026-03-15T18:12:29.633+0000] {logging_mixin.py:188} INFO - [2026-03-15T18:12:29.633+0000] {dagbag.py:540} INFO - Filling up the DagBag from /home/airflow/.local/lib/python3.11/site-packages/airflow/example_dags/example_kubernetes_executor.py
[2026-03-15T18:12:29.645+0000] {processor.py:840} INFO - DAG(s) 'example_kubernetes_executor' retrieved from /home/airflow/.local/lib/python3.11/site-packages/airflow/example_dags/example_kubernetes_executor.py
[2026-03-15T18:12:29.658+0000] {logging_mixin.py:188} INFO - [2026-03-15T18:12:29.658+0000] {dag.py:3047} INFO - Sync 1 DAGs
[2026-03-15T18:12:29.671+0000] {logging_mixin.py:188} INFO - [2026-03-15T18:12:29.671+0000] {dag.py:3834} INFO - Setting next_dagrun for example_kubernetes_executor to None, run_after=None
[2026-03-15T18:12:29.688+0000] {processor.py:183} INFO - Processing /home/airflow/.local/lib/python3.11/site-packages/airflow/example_dags/example_kubernetes_executor.py took 0.062 seconds
[2026-03-15T18:12:34.372+0000] {processor.py:161} INFO - Started process (PID=364) to work on /home/airflow/.local/lib/python3.11/site-packages/airflow/example_dags/example_kubernetes_executor.py
[2026-03-15T18:12:34.373+0000] {processor.py:830} INFO - Processing file /home/airflow/.local/lib/python3.11/site-packages/airflow/example_dags/example_kubernetes_executor.py for tasks to queue
[2026-03-15T18:12:34.375+0000] {logging_mixin.py:188} INFO - [2026-03-15T18:12:34.374+0000] {dagbag.py:540} INFO - Filling up the DagBag from /home/airflow/.local/lib/python3.11/site-packages/airflow/example_dags/example_kubernetes_executor.py
[2026-03-15T18:12:34.384+0000] {processor.py:840} INFO - DAG(s) 'example_kubernetes_executor' retrieved from /home/airflow/.local/lib/python3.11/site-packages/airflow/example_dags/example_kubernetes_executor.py
[2026-03-15T18:12:34.394+0000] {logging_mixin.py:188} INFO - [2026-03-15T18:12:34.394+0000] {dag.py:3047} INFO - Sync 1 DAGs
[2026-03-15T18:12:34.404+0000] {logging_mixin.py:188} INFO - [2026-03-15T18:12:34.404+0000] {dag.py:3834} INFO - Setting next_dagrun for example_kubernetes_executor to None, run_after=None
[2026-03-15T18:12:34.419+0000] {processor.py:183} INFO - Processing /home/airflow/.local/lib/python3.11/site-packages/airflow/example_dags/example_kubernetes_executor.py took 0.051 seconds
[2026-03-15T18:12:39.405+0000] {processor.py:161} INFO - Started process (PID=402) to work on /home/airflow/.local/lib/python3.11/site-packages/airflow/example_dags/example_kubernetes_executor.py
[2026-03-15T18:12:39.406+0000] {processor.py:830} INFO - Processing file /home/airflow/.local/lib/python3.11/site-packages/airflow/example_dags/example_kubernetes_executor.py for tasks to queue
[2026-03-15T18:12:39.408+0000] {logging_mixin.py:188} INFO - [2026-03-15T18:12:39.408+0000] {dagbag.py:540} INFO - Filling up the DagBag from /home/airflow/.local/lib/python3.11/site-packages/airflow/example_dags/example_kubernetes_executor.py
[2026-03-15T18:12:39.417+0000] {processor.py:840} INFO - DAG(s) 'example_kubernetes_executor' retrieved from /home/airflow/.local/lib/python3.11/site-packages/airflow/example_dags/example_kubernetes_executor.py
[2026-03-15T18:12:39.428+0000] {logging_mixin.py:188} INFO - [2026-03-15T18:12:39.428+0000] {dag.py:3047} INFO - Sync 1 DAGs
[2026-03-15T18:12:39.438+0000] {logging_mixin.py:188} INFO - [2026-03-15T18:12:39.437+0000] {dag.py:3834} INFO - Setting next_dagrun for example_kubernetes_executor to None, run_after=None
[2026-03-15T18:12:39.453+0000] {processor.py:183} INFO - Processing /home/airflow/.local/lib/python3.11/site-packages/airflow/example_dags/example_kubernetes_executor.py took 0.051 seconds
[2026-03-15T18:13:37.257+0000] {processor.py:161} INFO - Started process (PID=445) to work on /home/airflow/.local/lib/python3.11/site-packages/airflow/example_dags/example_kubernetes_executor.py
[2026-03-15T18:13:37.258+0000] {processor.py:830} INFO - Processing file /home/airflow/.local/lib/python3.11/site-packages/airflow/example_dags/example_kubernetes_executor.py for tasks to queue
[2026-03-15T18:13:37.260+0000] {logging_mixin.py:188} INFO - [2026-03-15T18:13:37.260+0000] {dagbag.py:540} INFO - Filling up the DagBag from /home/airflow/.local/lib/python3.11/site-packages/airflow/example_dags/example_kubernetes_executor.py
[2026-03-15T18:13:37.270+0000] {processor.py:840} INFO - DAG(s) 'example_kubernetes_executor' retrieved from /home/airflow/.local/lib/python3.11/site-packages/airflow/example_dags/example_kubernetes_executor.py
[2026-03-15T18:13:37.300+0000] {logging_mixin.py:188} INFO - [2026-03-15T18:13:37.300+0000] {dag.py:3047} INFO - Sync 1 DAGs
[2026-03-15T18:13:37.310+0000] {logging_mixin.py:188} INFO - [2026-03-15T18:13:37.310+0000] {dag.py:3834} INFO - Setting next_dagrun for example_kubernetes_executor to None, run_after=None
[2026-03-15T18:13:37.324+0000] {processor.py:183} INFO - Processing /home/airflow/.local/lib/python3.11/site-packages/airflow/example_dags/example_kubernetes_executor.py took 0.070 seconds
[2026-03-15T18:13:24.813+0000] {processor.py:161} INFO - Started process (PID=539) to work on /home/airflow/.local/lib/python3.11/site-packages/airflow/example_dags/example_kubernetes_executor.py
[2026-03-15T18:13:24.814+0000] {processor.py:830} INFO - Processing file /home/airflow/.local/lib/python3.11/site-packages/airflow/example_dags/example_kubernetes_executor.py for tasks to queue
[2026-03-15T18:13:24.815+0000] {logging_mixin.py:188} INFO - [2026-03-15T18:13:24.815+0000] {dagbag.py:540} INFO - Filling up the DagBag from /home/airflow/.local/lib/python3.11/site-packages/airflow/example_dags/example_kubernetes_executor.py
[2026-03-15T18:13:24.826+0000] {processor.py:840} INFO - DAG(s) 'example_kubernetes_executor' retrieved from /home/airflow/.local/lib/python3.11/site-packages/airflow/example_dags/example_kubernetes_executor.py
[2026-03-15T18:13:24.856+0000] {logging_mixin.py:188} INFO - [2026-03-15T18:13:24.856+0000] {dag.py:3047} INFO - Sync 1 DAGs
[2026-03-15T18:13:24.865+0000] {logging_mixin.py:188} INFO - [2026-03-15T18:13:24.865+0000] {dag.py:3834} INFO - Setting next_dagrun for example_kubernetes_executor to None, run_after=None
[2026-03-15T18:13:24.881+0000] {processor.py:183} INFO - Processing /home/airflow/.local/lib/python3.11/site-packages/airflow/example_dags/example_kubernetes_executor.py took 0.071 seconds
[2026-03-15T18:13:29.826+0000] {processor.py:161} INFO - Started process (PID=579) to work on /home/airflow/.local/lib/python3.11/site-packages/airflow/example_dags/example_kubernetes_executor.py
[2026-03-15T18:13:29.827+0000] {processor.py:830} INFO - Processing file /home/airflow/.local/lib/python3.11/site-packages/airflow/example_dags/example_kubernetes_executor.py for tasks to queue
[2026-03-15T18:13:29.830+0000] {logging_mixin.py:188} INFO - [2026-03-15T18:13:29.830+0000] {dagbag.py:540} INFO - Filling up the DagBag from /home/airflow/.local/lib/python3.11/site-packages/airflow/example_dags/example_kubernetes_executor.py
[2026-03-15T18:13:29.840+0000] {processor.py:840} INFO - DAG(s) 'example_kubernetes_executor' retrieved from /home/airflow/.local/lib/python3.11/site-packages/airflow/example_dags/example_kubernetes_executor.py
[2026-03-15T18:13:29.869+0000] {logging_mixin.py:188} INFO - [2026-03-15T18:13:29.869+0000] {dag.py:3047} INFO - Sync 1 DAGs
[2026-03-15T18:13:29.877+0000] {logging_mixin.py:188} INFO - [2026-03-15T18:13:29.877+0000] {dag.py:3834} INFO - Setting next_dagrun for example_kubernetes_executor to None, run_after=None
[2026-03-15T18:13:29.892+0000] {processor.py:183} INFO - Processing /home/airflow/.local/lib/python3.11/site-packages/airflow/example_dags/example_kubernetes_executor.py took 0.068 seconds
[2026-03-15T18:13:34.496+0000] {processor.py:161} INFO - Started process (PID=617) to work on /home/airflow/.local/lib/python3.11/site-packages/airflow/example_dags/example_kubernetes_executor.py
[2026-03-15T18:13:34.498+0000] {processor.py:830} INFO - Processing file /home/airflow/.local/lib/python3.11/site-packages/airflow/example_dags/example_kubernetes_executor.py for tasks to queue
[2026-03-15T18:13:34.500+0000] {logging_mixin.py:188} INFO - [2026-03-15T18:13:34.499+0000] {dagbag.py:540} INFO - Filling up the DagBag from /home/airflow/.local/lib/python3.11/site-packages/airflow/example_dags/example_kubernetes_executor.py
[2026-03-15T18:13:34.509+0000] {processor.py:840} INFO - DAG(s) 'example_kubernetes_executor' retrieved from /home/airflow/.local/lib/python3.11/site-packages/airflow/example_dags/example_kubernetes_executor.py
[2026-03-15T18:13:34.537+0000] {logging_mixin.py:188} INFO - [2026-03-15T18:13:34.536+0000] {dag.py:3047} INFO - Sync 1 DAGs
[2026-03-15T18:13:34.546+0000] {logging_mixin.py:188} INFO - [2026-03-15T18:13:34.546+0000] {dag.py:3834} INFO - Setting next_dagrun for example_kubernetes_executor to None, run_after=None
[2026-03-15T18:13:34.563+0000] {processor.py:183} INFO - Processing /home/airflow/.local/lib/python3.11/site-packages/airflow/example_dags/example_kubernetes_executor.py took 0.069 seconds
[2026-03-15T18:14:04.901+0000] {processor.py:161} INFO - Started process (PID=671) to work on /home/airflow/.local/lib/python3.11/site-packages/airflow/example_dags/example_kubernetes_executor.py
[2026-03-15T18:14:04.902+0000] {processor.py:830} INFO - Processing file /home/airflow/.local/lib/python3.11/site-packages/airflow/example_dags/example_kubernetes_executor.py for tasks to queue
[2026-03-15T18:14:04.904+0000] {logging_mixin.py:188} INFO - [2026-03-15T18:14:04.904+0000] {dagbag.py:540} INFO - Filling up the DagBag from /home/airflow/.local/lib/python3.11/site-packages/airflow/example_dags/example_kubernetes_executor.py
[2026-03-15T18:14:04.914+0000] {processor.py:840} INFO - DAG(s) 'example_kubernetes_executor' retrieved from /home/airflow/.local/lib/python3.11/site-packages/airflow/example_dags/example_kubernetes_executor.py
[2026-03-15T18:14:04.942+0000] {logging_mixin.py:188} INFO - [2026-03-15T18:14:04.941+0000] {dag.py:3047} INFO - Sync 1 DAGs
[2026-03-15T18:14:04.950+0000] {logging_mixin.py:188} INFO - [2026-03-15T18:14:04.950+0000] {dag.py:3834} INFO - Setting next_dagrun for example_kubernetes_executor to None, run_after=None
[2026-03-15T18:14:04.964+0000] {processor.py:183} INFO - Processing /home/airflow/.local/lib/python3.11/site-packages/airflow/example_dags/example_kubernetes_executor.py took 0.066 seconds
[2026-03-15T18:14:10.013+0000] {processor.py:161} INFO - Started process (PID=718) to work on /home/airflow/.local/lib/python3.11/site-packages/airflow/example_dags/example_kubernetes_executor.py
[2026-03-15T18:14:10.014+0000] {processor.py:830} INFO - Processing file /home/airflow/.local/lib/python3.11/site-packages/airflow/example_dags/example_kubernetes_executor.py for tasks to queue
[2026-03-15T18:14:10.016+0000] {logging_mixin.py:188} INFO - [2026-03-15T18:14:10.016+0000] {dagbag.py:540} INFO - Filling up the DagBag from /home/airflow/.local/lib/python3.11/site-packages/airflow/example_dags/example_kubernetes_executor.py
[2026-03-15T18:14:10.025+0000] {processor.py:840} INFO - DAG(s) 'example_kubernetes_executor' retrieved from /home/airflow/.local/lib/python3.11/site-packages/airflow/example_dags/example_kubernetes_executor.py
[2026-03-15T18:14:10.052+0000] {logging_mixin.py:188} INFO - [2026-03-15T18:14:10.052+0000] {dag.py:3047} INFO - Sync 1 DAGs
[2026-03-15T18:14:10.060+0000] {logging_mixin.py:188} INFO - [2026-03-15T18:14:10.060+0000] {dag.py:3834} INFO - Setting next_dagrun for example_kubernetes_executor to None, run_after=None
[2026-03-15T18:14:10.073+0000] {processor.py:183} INFO - Processing /home/airflow/.local/lib/python3.11/site-packages/airflow/example_dags/example_kubernetes_executor.py took 0.063 seconds
[2026-03-15T18:14:25.595+0000] {processor.py:161} INFO - Started process (PID=771) to work on /home/airflow/.local/lib/python3.11/site-packages/airflow/example_dags/example_kubernetes_executor.py
[2026-03-15T18:14:25.596+0000] {processor.py:830} INFO - Processing file /home/airflow/.local/lib/python3.11/site-packages/airflow/example_dags/example_kubernetes_executor.py for tasks to queue
[2026-03-15T18:14:25.598+0000] {logging_mixin.py:188} INFO - [2026-03-15T18:14:25.598+0000] {dagbag.py:540} INFO - Filling up the DagBag from /home/airflow/.local/lib/python3.11/site-packages/airflow/example_dags/example_kubernetes_executor.py
[2026-03-15T18:14:25.611+0000] {processor.py:840} INFO - DAG(s) 'example_kubernetes_executor' retrieved from /home/airflow/.local/lib/python3.11/site-packages/airflow/example_dags/example_kubernetes_executor.py
[2026-03-15T18:14:25.651+0000] {logging_mixin.py:188} INFO - [2026-03-15T18:14:25.651+0000] {dag.py:3047} INFO - Sync 1 DAGs
[2026-03-15T18:14:25.662+0000] {logging_mixin.py:188} INFO - [2026-03-15T18:14:25.662+0000] {dag.py:3834} INFO - Setting next_dagrun for example_kubernetes_executor to None, run_after=None
[2026-03-15T18:14:25.681+0000] {processor.py:183} INFO - Processing /home/airflow/.local/lib/python3.11/site-packages/airflow/example_dags/example_kubernetes_executor.py took 0.089 seconds
[2026-03-15T18:14:30.223+0000] {processor.py:161} INFO - Started process (PID=818) to work on /home/airflow/.local/lib/python3.11/site-packages/airflow/example_dags/example_kubernetes_executor.py
[2026-03-15T18:14:30.224+0000] {processor.py:830} INFO - Processing file /home/airflow/.local/lib/python3.11/site-packages/airflow/example_dags/example_kubernetes_executor.py for tasks to queue
[2026-03-15T18:14:30.226+0000] {logging_mixin.py:188} INFO - [2026-03-15T18:14:30.226+0000] {dagbag.py:540} INFO - Filling up the DagBag from /home/airflow/.local/lib/python3.11/site-packages/airflow/example_dags/example_kubernetes_executor.py
[2026-03-15T18:14:30.236+0000] {processor.py:840} INFO - DAG(s) 'example_kubernetes_executor' retrieved from /home/airflow/.local/lib/python3.11/site-packages/airflow/example_dags/example_kubernetes_executor.py
[2026-03-15T18:14:30.266+0000] {logging_mixin.py:188} INFO - [2026-03-15T18:14:30.265+0000] {dag.py:3047} INFO - Sync 1 DAGs
[2026-03-15T18:14:30.275+0000] {logging_mixin.py:188} INFO - [2026-03-15T18:14:30.275+0000] {dag.py:3834} INFO - Setting next_dagrun for example_kubernetes_executor to None, run_after=None
[2026-03-15T18:14:30.289+0000] {processor.py:183} INFO - Processing /home/airflow/.local/lib/python3.11/site-packages/airflow/example_dags/example_kubernetes_executor.py took 0.070 seconds
[2026-03-15T18:14:48.754+0000] {processor.py:161} INFO - Started process (PID=872) to work on /home/airflow/.local/lib/python3.11/site-packages/airflow/example_dags/example_kubernetes_executor.py
[2026-03-15T18:14:48.755+0000] {processor.py:830} INFO - Processing file /home/airflow/.local/lib/python3.11/site-packages/airflow/example_dags/example_kubernetes_executor.py for tasks to queue
[2026-03-15T18:14:48.757+0000] {logging_mixin.py:188} INFO - [2026-03-15T18:14:48.757+0000] {dagbag.py:540} INFO - Filling up the DagBag from /home/airflow/.local/lib/python3.11/site-packages/airflow/example_dags/example_kubernetes_executor.py
[2026-03-15T18:14:48.766+0000] {processor.py:840} INFO - DAG(s) 'example_kubernetes_executor' retrieved from /home/airflow/.local/lib/python3.11/site-packages/airflow/example_dags/example_kubernetes_executor.py
[2026-03-15T18:14:48.801+0000] {logging_mixin.py:188} INFO - [2026-03-15T18:14:48.801+0000] {dag.py:3047} INFO - Sync 1 DAGs
[2026-03-15T18:14:48.813+0000] {logging_mixin.py:188} INFO - [2026-03-15T18:14:48.812+0000] {dag.py:3834} INFO - Setting next_dagrun for example_kubernetes_executor to None, run_after=None
[2026-03-15T18:14:48.829+0000] {processor.py:183} INFO - Processing /home/airflow/.local/lib/python3.11/site-packages/airflow/example_dags/example_kubernetes_executor.py took 0.078 seconds
[2026-03-15T18:19:54.144+0000] {processor.py:161} INFO - Started process (PID=91) to work on /home/airflow/.local/lib/python3.11/site-packages/airflow/example_dags/example_kubernetes_executor.py
[2026-03-15T18:19:54.145+0000] {processor.py:830} INFO - Processing file /home/airflow/.local/lib/python3.11/site-packages/airflow/example_dags/example_kubernetes_executor.py for tasks to queue
[2026-03-15T18:19:54.148+0000] {logging_mixin.py:188} INFO - [2026-03-15T18:19:54.147+0000] {dagbag.py:540} INFO - Filling up the DagBag from /home/airflow/.local/lib/python3.11/site-packages/airflow/example_dags/example_kubernetes_executor.py
[2026-03-15T18:19:54.163+0000] {processor.py:840} INFO - DAG(s) 'example_kubernetes_executor' retrieved from /home/airflow/.local/lib/python3.11/site-packages/airflow/example_dags/example_kubernetes_executor.py
[2026-03-15T18:19:54.179+0000] {logging_mixin.py:188} INFO - [2026-03-15T18:19:54.178+0000] {dag.py:3047} INFO - Sync 1 DAGs
[2026-03-15T18:19:54.194+0000] {logging_mixin.py:188} INFO - [2026-03-15T18:19:54.194+0000] {dag.py:3834} INFO - Setting next_dagrun for example_kubernetes_executor to None, run_after=None
[2026-03-15T18:19:54.215+0000] {processor.py:183} INFO - Processing /home/airflow/.local/lib/python3.11/site-packages/airflow/example_dags/example_kubernetes_executor.py took 0.075 seconds
[2026-03-15T18:20:01.031+0000] {processor.py:161} INFO - Started process (PID=146) to work on /home/airflow/.local/lib/python3.11/site-packages/airflow/example_dags/example_kubernetes_executor.py
[2026-03-15T18:20:01.032+0000] {processor.py:830} INFO - Processing file /home/airflow/.local/lib/python3.11/site-packages/airflow/example_dags/example_kubernetes_executor.py for tasks to queue
[2026-03-15T18:20:01.033+0000] {logging_mixin.py:188} INFO - [2026-03-15T18:20:01.033+0000] {dagbag.py:540} INFO - Filling up the DagBag from /home/airflow/.local/lib/python3.11/site-packages/airflow/example_dags/example_kubernetes_executor.py
[2026-03-15T18:20:01.042+0000] {processor.py:840} INFO - DAG(s) 'example_kubernetes_executor' retrieved from /home/airflow/.local/lib/python3.11/site-packages/airflow/example_dags/example_kubernetes_executor.py
[2026-03-15T18:20:01.051+0000] {logging_mixin.py:188} INFO - [2026-03-15T18:20:01.051+0000] {dag.py:3047} INFO - Sync 1 DAGs
[2026-03-15T18:20:01.062+0000] {logging_mixin.py:188} INFO - [2026-03-15T18:20:01.061+0000] {dag.py:3834} INFO - Setting next_dagrun for example_kubernetes_executor to None, run_after=None
[2026-03-15T18:20:01.075+0000] {processor.py:183} INFO - Processing /home/airflow/.local/lib/python3.11/site-packages/airflow/example_dags/example_kubernetes_executor.py took 0.047 seconds
[2026-03-15T18:20:19.315+0000] {processor.py:161} INFO - Started process (PID=195) to work on /home/airflow/.local/lib/python3.11/site-packages/airflow/example_dags/example_kubernetes_executor.py
[2026-03-15T18:20:19.317+0000] {processor.py:830} INFO - Processing file /home/airflow/.local/lib/python3.11/site-packages/airflow/example_dags/example_kubernetes_executor.py for tasks to queue
[2026-03-15T18:20:19.319+0000] {logging_mixin.py:188} INFO - [2026-03-15T18:20:19.318+0000] {dagbag.py:540} INFO - Filling up the DagBag from /home/airflow/.local/lib/python3.11/site-packages/airflow/example_dags/example_kubernetes_executor.py
[2026-03-15T18:20:19.328+0000] {processor.py:840} INFO - DAG(s) 'example_kubernetes_executor' retrieved from /home/airflow/.local/lib/python3.11/site-packages/airflow/example_dags/example_kubernetes_executor.py
[2026-03-15T18:20:19.430+0000] {logging_mixin.py:188} INFO - [2026-03-15T18:20:19.430+0000] {dag.py:3047} INFO - Sync 1 DAGs
[2026-03-15T18:20:19.442+0000] {logging_mixin.py:188} INFO - [2026-03-15T18:20:19.442+0000] {dag.py:3834} INFO - Setting next_dagrun for example_kubernetes_executor to None, run_after=None
[2026-03-15T18:20:19.464+0000] {processor.py:183} INFO - Processing /home/airflow/.local/lib/python3.11/site-packages/airflow/example_dags/example_kubernetes_executor.py took 0.151 seconds
[2026-03-15T18:20:25.722+0000] {processor.py:161} INFO - Started process (PID=245) to work on /home/airflow/.local/lib/python3.11/site-packages/airflow/example_dags/example_kubernetes_executor.py
[2026-03-15T18:20:25.723+0000] {processor.py:830} INFO - Processing file /home/airflow/.local/lib/python3.11/site-packages/airflow/example_dags/example_kubernetes_executor.py for tasks to queue
[2026-03-15T18:20:25.725+0000] {logging_mixin.py:188} INFO - [2026-03-15T18:20:25.725+0000] {dagbag.py:540} INFO - Filling up the DagBag from /home/airflow/.local/lib/python3.11/site-packages/airflow/example_dags/example_kubernetes_executor.py
[2026-03-15T18:20:25.735+0000] {processor.py:840} INFO - DAG(s) 'example_kubernetes_executor' retrieved from /home/airflow/.local/lib/python3.11/site-packages/airflow/example_dags/example_kubernetes_executor.py
[2026-03-15T18:20:25.745+0000] {logging_mixin.py:188} INFO - [2026-03-15T18:20:25.745+0000] {dag.py:3047} INFO - Sync 1 DAGs
[2026-03-15T18:20:25.756+0000] {logging_mixin.py:188} INFO - [2026-03-15T18:20:25.755+0000] {dag.py:3834} INFO - Setting next_dagrun for example_kubernetes_executor to None, run_after=None
[2026-03-15T18:20:25.771+0000] {processor.py:183} INFO - Processing /home/airflow/.local/lib/python3.11/site-packages/airflow/example_dags/example_kubernetes_executor.py took 0.052 seconds
[2026-03-15T18:20:55.837+0000] {processor.py:161} INFO - Started process (PID=295) to work on /home/airflow/.local/lib/python3.11/site-packages/airflow/example_dags/example_kubernetes_executor.py
[2026-03-15T18:20:55.838+0000] {processor.py:830} INFO - Processing file /home/airflow/.local/lib/python3.11/site-packages/airflow/example_dags/example_kubernetes_executor.py for tasks to queue
[2026-03-15T18:20:55.839+0000] {logging_mixin.py:188} INFO - [2026-03-15T18:20:55.839+0000] {dagbag.py:540} INFO - Filling up the DagBag from /home/airflow/.local/lib/python3.11/site-packages/airflow/example_dags/example_kubernetes_executor.py
[2026-03-15T18:20:55.849+0000] {processor.py:840} INFO - DAG(s) 'example_kubernetes_executor' retrieved from /home/airflow/.local/lib/python3.11/site-packages/airflow/example_dags/example_kubernetes_executor.py
[2026-03-15T18:20:55.875+0000] {logging_mixin.py:188} INFO - [2026-03-15T18:20:55.874+0000] {dag.py:3047} INFO - Sync 1 DAGs
[2026-03-15T18:20:55.883+0000] {logging_mixin.py:188} INFO - [2026-03-15T18:20:55.883+0000] {dag.py:3834} INFO - Setting next_dagrun for example_kubernetes_executor to None, run_after=None
[2026-03-15T18:20:55.899+0000] {processor.py:183} INFO - Processing /home/airflow/.local/lib/python3.11/site-packages/airflow/example_dags/example_kubernetes_executor.py took 0.065 seconds
[2026-03-15T18:21:26.426+0000] {processor.py:161} INFO - Started process (PID=345) to work on /home/airflow/.local/lib/python3.11/site-packages/airflow/example_dags/example_kubernetes_executor.py
[2026-03-15T18:21:26.427+0000] {processor.py:830} INFO - Processing file /home/airflow/.local/lib/python3.11/site-packages/airflow/example_dags/example_kubernetes_executor.py for tasks to queue
[2026-03-15T18:21:26.429+0000] {logging_mixin.py:188} INFO - [2026-03-15T18:21:26.429+0000] {dagbag.py:540} INFO - Filling up the DagBag from /home/airflow/.local/lib/python3.11/site-packages/airflow/example_dags/example_kubernetes_executor.py
[2026-03-15T18:21:26.438+0000] {processor.py:840} INFO - DAG(s) 'example_kubernetes_executor' retrieved from /home/airflow/.local/lib/python3.11/site-packages/airflow/example_dags/example_kubernetes_executor.py
[2026-03-15T18:21:26.465+0000] {logging_mixin.py:188} INFO - [2026-03-15T18:21:26.465+0000] {dag.py:3047} INFO - Sync 1 DAGs
[2026-03-15T18:21:26.475+0000] {logging_mixin.py:188} INFO - [2026-03-15T18:21:26.475+0000] {dag.py:3834} INFO - Setting next_dagrun for example_kubernetes_executor to None, run_after=None
[2026-03-15T18:21:26.493+0000] {processor.py:183} INFO - Processing /home/airflow/.local/lib/python3.11/site-packages/airflow/example_dags/example_kubernetes_executor.py took 0.069 seconds
[2026-03-15T18:21:31.066+0000] {processor.py:161} INFO - Started process (PID=395) to work on /home/airflow/.local/lib/python3.11/site-packages/airflow/example_dags/example_kubernetes_executor.py
[2026-03-15T18:21:31.067+0000] {processor.py:830} INFO - Processing file /home/airflow/.local/lib/python3.11/site-packages/airflow/example_dags/example_kubernetes_executor.py for tasks to queue
[2026-03-15T18:21:31.069+0000] {logging_mixin.py:188} INFO - [2026-03-15T18:21:31.069+0000] {dagbag.py:540} INFO - Filling up the DagBag from /home/airflow/.local/lib/python3.11/site-packages/airflow/example_dags/example_kubernetes_executor.py
[2026-03-15T18:21:31.080+0000] {processor.py:840} INFO - DAG(s) 'example_kubernetes_executor' retrieved from /home/airflow/.local/lib/python3.11/site-packages/airflow/example_dags/example_kubernetes_executor.py
[2026-03-15T18:21:31.113+0000] {logging_mixin.py:188} INFO - [2026-03-15T18:21:31.112+0000] {dag.py:3047} INFO - Sync 1 DAGs
[2026-03-15T18:21:31.123+0000] {logging_mixin.py:188} INFO - [2026-03-15T18:21:31.123+0000] {dag.py:3834} INFO - Setting next_dagrun for example_kubernetes_executor to None, run_after=None
[2026-03-15T18:21:31.139+0000] {processor.py:183} INFO - Processing /home/airflow/.local/lib/python3.11/site-packages/airflow/example_dags/example_kubernetes_executor.py took 0.077 seconds
[2026-03-15T18:21:48.562+0000] {processor.py:161} INFO - Started process (PID=441) to work on /home/airflow/.local/lib/python3.11/site-packages/airflow/example_dags/example_kubernetes_executor.py
[2026-03-15T18:21:48.564+0000] {processor.py:830} INFO - Processing file /home/airflow/.local/lib/python3.11/site-packages/airflow/example_dags/example_kubernetes_executor.py for tasks to queue
[2026-03-15T18:21:48.567+0000] {logging_mixin.py:188} INFO - [2026-03-15T18:21:48.567+0000] {dagbag.py:540} INFO - Filling up the DagBag from /home/airflow/.local/lib/python3.11/site-packages/airflow/example_dags/example_kubernetes_executor.py
[2026-03-15T18:21:48.578+0000] {processor.py:840} INFO - DAG(s) 'example_kubernetes_executor' retrieved from /home/airflow/.local/lib/python3.11/site-packages/airflow/example_dags/example_kubernetes_executor.py
[2026-03-15T18:21:48.609+0000] {logging_mixin.py:188} INFO - [2026-03-15T18:21:48.609+0000] {dag.py:3047} INFO - Sync 1 DAGs
[2026-03-15T18:21:48.620+0000] {logging_mixin.py:188} INFO - [2026-03-15T18:21:48.619+0000] {dag.py:3834} INFO - Setting next_dagrun for example_kubernetes_executor to None, run_after=None
[2026-03-15T18:21:48.643+0000] {processor.py:183} INFO - Processing /home/airflow/.local/lib/python3.11/site-packages/airflow/example_dags/example_kubernetes_executor.py took 0.084 seconds
[2026-03-15T18:21:50.685+0000] {processor.py:161} INFO - Started process (PID=485) to work on /home/airflow/.local/lib/python3.11/site-packages/airflow/example_dags/example_kubernetes_executor.py
[2026-03-15T18:21:50.686+0000] {processor.py:830} INFO - Processing file /home/airflow/.local/lib/python3.11/site-packages/airflow/example_dags/example_kubernetes_executor.py for tasks to queue
[2026-03-15T18:21:50.688+0000] {logging_mixin.py:188} INFO - [2026-03-15T18:21:50.687+0000] {dagbag.py:540} INFO - Filling up the DagBag from /home/airflow/.local/lib/python3.11/site-packages/airflow/example_dags/example_kubernetes_executor.py
[2026-03-15T18:21:50.700+0000] {processor.py:840} INFO - DAG(s) 'example_kubernetes_executor' retrieved from /home/airflow/.local/lib/python3.11/site-packages/airflow/example_dags/example_kubernetes_executor.py
[2026-03-15T18:21:50.728+0000] {logging_mixin.py:188} INFO - [2026-03-15T18:21:50.728+0000] {dag.py:3047} INFO - Sync 1 DAGs
[2026-03-15T18:21:50.740+0000] {logging_mixin.py:188} INFO - [2026-03-15T18:21:50.740+0000] {dag.py:3834} INFO - Setting next_dagrun for example_kubernetes_executor to None, run_after=None
[2026-03-15T18:21:50.759+0000] {processor.py:183} INFO - Processing /home/airflow/.local/lib/python3.11/site-packages/airflow/example_dags/example_kubernetes_executor.py took 0.077 seconds
[2026-03-15T18:21:55.704+0000] {processor.py:161} INFO - Started process (PID=533) to work on /home/airflow/.local/lib/python3.11/site-packages/airflow/example_dags/example_kubernetes_executor.py
[2026-03-15T18:21:55.705+0000] {processor.py:830} INFO - Processing file /home/airflow/.local/lib/python3.11/site-packages/airflow/example_dags/example_kubernetes_executor.py for tasks to queue
[2026-03-15T18:21:55.707+0000] {logging_mixin.py:188} INFO - [2026-03-15T18:21:55.707+0000] {dagbag.py:540} INFO - Filling up the DagBag from /home/airflow/.local/lib/python3.11/site-packages/airflow/example_dags/example_kubernetes_executor.py
[2026-03-15T18:21:55.717+0000] {processor.py:840} INFO - DAG(s) 'example_kubernetes_executor' retrieved from /home/airflow/.local/lib/python3.11/site-packages/airflow/example_dags/example_kubernetes_executor.py
[2026-03-15T18:21:55.745+0000] {logging_mixin.py:188} INFO - [2026-03-15T18:21:55.745+0000] {dag.py:3047} INFO - Sync 1 DAGs
[2026-03-15T18:21:55.763+0000] {logging_mixin.py:188} INFO - [2026-03-15T18:21:55.763+0000] {dag.py:3834} INFO - Setting next_dagrun for example_kubernetes_executor to None, run_after=None
[2026-03-15T18:21:55.782+0000] {processor.py:183} INFO - Processing /home/airflow/.local/lib/python3.11/site-packages/airflow/example_dags/example_kubernetes_executor.py took 0.081 seconds
[2026-03-15T18:22:00.912+0000] {processor.py:161} INFO - Started process (PID=573) to work on /home/airflow/.local/lib/python3.11/site-packages/airflow/example_dags/example_kubernetes_executor.py
[2026-03-15T18:22:00.913+0000] {processor.py:830} INFO - Processing file /home/airflow/.local/lib/python3.11/site-packages/airflow/example_dags/example_kubernetes_executor.py for tasks to queue
[2026-03-15T18:22:00.915+0000] {logging_mixin.py:188} INFO - [2026-03-15T18:22:00.915+0000] {dagbag.py:540} INFO - Filling up the DagBag from /home/airflow/.local/lib/python3.11/site-packages/airflow/example_dags/example_kubernetes_executor.py
[2026-03-15T18:22:00.928+0000] {processor.py:840} INFO - DAG(s) 'example_kubernetes_executor' retrieved from /home/airflow/.local/lib/python3.11/site-packages/airflow/example_dags/example_kubernetes_executor.py
[2026-03-15T18:22:00.960+0000] {logging_mixin.py:188} INFO - [2026-03-15T18:22:00.959+0000] {dag.py:3047} INFO - Sync 1 DAGs
[2026-03-15T18:22:00.970+0000] {logging_mixin.py:188} INFO - [2026-03-15T18:22:00.970+0000] {dag.py:3834} INFO - Setting next_dagrun for example_kubernetes_executor to None, run_after=None
[2026-03-15T18:22:00.988+0000] {processor.py:183} INFO - Processing /home/airflow/.local/lib/python3.11/site-packages/airflow/example_dags/example_kubernetes_executor.py took 0.080 seconds
[2026-03-15T18:22:31.171+0000] {processor.py:161} INFO - Started process (PID=617) to work on /home/airflow/.local/lib/python3.11/site-packages/airflow/example_dags/example_kubernetes_executor.py
[2026-03-15T18:22:31.172+0000] {processor.py:830} INFO - Processing file /home/airflow/.local/lib/python3.11/site-packages/airflow/example_dags/example_kubernetes_executor.py for tasks to queue
[2026-03-15T18:22:31.174+0000] {logging_mixin.py:188} INFO - [2026-03-15T18:22:31.174+0000] {dagbag.py:540} INFO - Filling up the DagBag from /home/airflow/.local/lib/python3.11/site-packages/airflow/example_dags/example_kubernetes_executor.py
[2026-03-15T18:22:31.184+0000] {processor.py:840} INFO - DAG(s) 'example_kubernetes_executor' retrieved from /home/airflow/.local/lib/python3.11/site-packages/airflow/example_dags/example_kubernetes_executor.py
[2026-03-15T18:22:31.211+0000] {logging_mixin.py:188} INFO - [2026-03-15T18:22:31.211+0000] {dag.py:3047} INFO - Sync 1 DAGs
[2026-03-15T18:22:31.220+0000] {logging_mixin.py:188} INFO - [2026-03-15T18:22:31.220+0000] {dag.py:3834} INFO - Setting next_dagrun for example_kubernetes_executor to None, run_after=None
[2026-03-15T18:22:31.236+0000] {processor.py:183} INFO - Processing /home/airflow/.local/lib/python3.11/site-packages/airflow/example_dags/example_kubernetes_executor.py took 0.068 seconds
[2026-03-15T18:23:01.291+0000] {processor.py:161} INFO - Started process (PID=665) to work on /home/airflow/.local/lib/python3.11/site-packages/airflow/example_dags/example_kubernetes_executor.py
[2026-03-15T18:23:01.292+0000] {processor.py:830} INFO - Processing file /home/airflow/.local/lib/python3.11/site-packages/airflow/example_dags/example_kubernetes_executor.py for tasks to queue
[2026-03-15T18:23:01.294+0000] {logging_mixin.py:188} INFO - [2026-03-15T18:23:01.293+0000] {dagbag.py:540} INFO - Filling up the DagBag from /home/airflow/.local/lib/python3.11/site-packages/airflow/example_dags/example_kubernetes_executor.py
[2026-03-15T18:23:01.302+0000] {processor.py:840} INFO - DAG(s) 'example_kubernetes_executor' retrieved from /home/airflow/.local/lib/python3.11/site-packages/airflow/example_dags/example_kubernetes_executor.py
[2026-03-15T18:23:01.330+0000] {logging_mixin.py:188} INFO - [2026-03-15T18:23:01.330+0000] {dag.py:3047} INFO - Sync 1 DAGs
[2026-03-15T18:23:01.339+0000] {logging_mixin.py:188} INFO - [2026-03-15T18:23:01.339+0000] {dag.py:3834} INFO - Setting next_dagrun for example_kubernetes_executor to None, run_after=None
[2026-03-15T18:23:01.356+0000] {processor.py:183} INFO - Processing /home/airflow/.local/lib/python3.11/site-packages/airflow/example_dags/example_kubernetes_executor.py took 0.067 seconds
[2026-03-15T18:23:25.962+0000] {processor.py:161} INFO - Started process (PID=727) to work on /home/airflow/.local/lib/python3.11/site-packages/airflow/example_dags/example_kubernetes_executor.py
[2026-03-15T18:23:25.963+0000] {processor.py:830} INFO - Processing file /home/airflow/.local/lib/python3.11/site-packages/airflow/example_dags/example_kubernetes_executor.py for tasks to queue
[2026-03-15T18:23:25.965+0000] {logging_mixin.py:188} INFO - [2026-03-15T18:23:25.965+0000] {dagbag.py:540} INFO - Filling up the DagBag from /home/airflow/.local/lib/python3.11/site-packages/airflow/example_dags/example_kubernetes_executor.py
[2026-03-15T18:23:25.976+0000] {processor.py:840} INFO - DAG(s) 'example_kubernetes_executor' retrieved from /home/airflow/.local/lib/python3.11/site-packages/airflow/example_dags/example_kubernetes_executor.py
[2026-03-15T18:23:26.003+0000] {logging_mixin.py:188} INFO - [2026-03-15T18:23:26.002+0000] {dag.py:3047} INFO - Sync 1 DAGs
[2026-03-15T18:23:26.011+0000] {logging_mixin.py:188} INFO - [2026-03-15T18:23:26.011+0000] {dag.py:3834} INFO - Setting next_dagrun for example_kubernetes_executor to None, run_after=None
[2026-03-15T18:23:26.024+0000] {processor.py:183} INFO - Processing /home/airflow/.local/lib/python3.11/site-packages/airflow/example_dags/example_kubernetes_executor.py took 0.065 seconds
[2026-03-15T18:23:31.509+0000] {processor.py:161} INFO - Started process (PID=771) to work on /home/airflow/.local/lib/python3.11/site-packages/airflow/example_dags/example_kubernetes_executor.py
[2026-03-15T18:23:31.511+0000] {processor.py:830} INFO - Processing file /home/airflow/.local/lib/python3.11/site-packages/airflow/example_dags/example_kubernetes_executor.py for tasks to queue
[2026-03-15T18:23:31.514+0000] {logging_mixin.py:188} INFO - [2026-03-15T18:23:31.514+0000] {dagbag.py:540} INFO - Filling up the DagBag from /home/airflow/.local/lib/python3.11/site-packages/airflow/example_dags/example_kubernetes_executor.py
[2026-03-15T18:23:31.527+0000] {processor.py:840} INFO - DAG(s) 'example_kubernetes_executor' retrieved from /home/airflow/.local/lib/python3.11/site-packages/airflow/example_dags/example_kubernetes_executor.py
[2026-03-15T18:23:31.577+0000] {logging_mixin.py:188} INFO - [2026-03-15T18:23:31.577+0000] {dag.py:3047} INFO - Sync 1 DAGs
[2026-03-15T18:23:31.595+0000] {logging_mixin.py:188} INFO - [2026-03-15T18:23:31.594+0000] {dag.py:3834} INFO - Setting next_dagrun for example_kubernetes_executor to None, run_after=None
[2026-03-15T18:23:31.622+0000] {processor.py:183} INFO - Processing /home/airflow/.local/lib/python3.11/site-packages/airflow/example_dags/example_kubernetes_executor.py took 0.117 seconds
[2026-03-15T18:24:01.961+0000] {processor.py:161} INFO - Started process (PID=821) to work on /home/airflow/.local/lib/python3.11/site-packages/airflow/example_dags/example_kubernetes_executor.py
[2026-03-15T18:24:01.962+0000] {processor.py:830} INFO - Processing file /home/airflow/.local/lib/python3.11/site-packages/airflow/example_dags/example_kubernetes_executor.py for tasks to queue
[2026-03-15T18:24:01.964+0000] {logging_mixin.py:188} INFO - [2026-03-15T18:24:01.964+0000] {dagbag.py:540} INFO - Filling up the DagBag from /home/airflow/.local/lib/python3.11/site-packages/airflow/example_dags/example_kubernetes_executor.py
[2026-03-15T18:24:01.988+0000] {processor.py:840} INFO - DAG(s) 'example_kubernetes_executor' retrieved from /home/airflow/.local/lib/python3.11/site-packages/airflow/example_dags/example_kubernetes_executor.py
[2026-03-15T18:24:02.053+0000] {logging_mixin.py:188} INFO - [2026-03-15T18:24:02.052+0000] {dag.py:3047} INFO - Sync 1 DAGs
[2026-03-15T18:24:02.070+0000] {logging_mixin.py:188} INFO - [2026-03-15T18:24:02.070+0000] {dag.py:3834} INFO - Setting next_dagrun for example_kubernetes_executor to None, run_after=None
[2026-03-15T18:24:02.103+0000] {processor.py:183} INFO - Processing /home/airflow/.local/lib/python3.11/site-packages/airflow/example_dags/example_kubernetes_executor.py took 0.147 seconds
[2026-03-15T18:24:32.816+0000] {processor.py:161} INFO - Started process (PID=871) to work on /home/airflow/.local/lib/python3.11/site-packages/airflow/example_dags/example_kubernetes_executor.py
[2026-03-15T18:24:32.817+0000] {processor.py:830} INFO - Processing file /home/airflow/.local/lib/python3.11/site-packages/airflow/example_dags/example_kubernetes_executor.py for tasks to queue
[2026-03-15T18:24:32.819+0000] {logging_mixin.py:188} INFO - [2026-03-15T18:24:32.819+0000] {dagbag.py:540} INFO - Filling up the DagBag from /home/airflow/.local/lib/python3.11/site-packages/airflow/example_dags/example_kubernetes_executor.py
[2026-03-15T18:24:32.828+0000] {processor.py:840} INFO - DAG(s) 'example_kubernetes_executor' retrieved from /home/airflow/.local/lib/python3.11/site-packages/airflow/example_dags/example_kubernetes_executor.py
[2026-03-15T18:24:32.853+0000] {logging_mixin.py:188} INFO - [2026-03-15T18:24:32.853+0000] {dag.py:3047} INFO - Sync 1 DAGs
[2026-03-15T18:24:32.861+0000] {logging_mixin.py:188} INFO - [2026-03-15T18:24:32.861+0000] {dag.py:3834} INFO - Setting next_dagrun for example_kubernetes_executor to None, run_after=None
[2026-03-15T18:24:32.878+0000] {processor.py:183} INFO - Processing /home/airflow/.local/lib/python3.11/site-packages/airflow/example_dags/example_kubernetes_executor.py took 0.065 seconds
[2026-03-15T18:24:36.130+0000] {processor.py:161} INFO - Started process (PID=921) to work on /home/airflow/.local/lib/python3.11/site-packages/airflow/example_dags/example_kubernetes_executor.py
[2026-03-15T18:24:36.131+0000] {processor.py:830} INFO - Processing file /home/airflow/.local/lib/python3.11/site-packages/airflow/example_dags/example_kubernetes_executor.py for tasks to queue
[2026-03-15T18:24:36.135+0000] {logging_mixin.py:188} INFO - [2026-03-15T18:24:36.134+0000] {dagbag.py:540} INFO - Filling up the DagBag from /home/airflow/.local/lib/python3.11/site-packages/airflow/example_dags/example_kubernetes_executor.py
[2026-03-15T18:24:36.147+0000] {processor.py:840} INFO - DAG(s) 'example_kubernetes_executor' retrieved from /home/airflow/.local/lib/python3.11/site-packages/airflow/example_dags/example_kubernetes_executor.py
[2026-03-15T18:24:36.175+0000] {logging_mixin.py:188} INFO - [2026-03-15T18:24:36.175+0000] {dag.py:3047} INFO - Sync 1 DAGs
[2026-03-15T18:24:36.184+0000] {logging_mixin.py:188} INFO - [2026-03-15T18:24:36.184+0000] {dag.py:3834} INFO - Setting next_dagrun for example_kubernetes_executor to None, run_after=None
[2026-03-15T18:24:36.198+0000] {processor.py:183} INFO - Processing /home/airflow/.local/lib/python3.11/site-packages/airflow/example_dags/example_kubernetes_executor.py took 0.073 seconds
[2026-03-15T18:25:06.613+0000] {processor.py:161} INFO - Started process (PID=974) to work on /home/airflow/.local/lib/python3.11/site-packages/airflow/example_dags/example_kubernetes_executor.py
[2026-03-15T18:25:06.614+0000] {processor.py:830} INFO - Processing file /home/airflow/.local/lib/python3.11/site-packages/airflow/example_dags/example_kubernetes_executor.py for tasks to queue
[2026-03-15T18:25:06.616+0000] {logging_mixin.py:188} INFO - [2026-03-15T18:25:06.616+0000] {dagbag.py:540} INFO - Filling up the DagBag from /home/airflow/.local/lib/python3.11/site-packages/airflow/example_dags/example_kubernetes_executor.py
[2026-03-15T18:25:06.627+0000] {processor.py:840} INFO - DAG(s) 'example_kubernetes_executor' retrieved from /home/airflow/.local/lib/python3.11/site-packages/airflow/example_dags/example_kubernetes_executor.py
[2026-03-15T18:25:06.638+0000] {logging_mixin.py:188} INFO - [2026-03-15T18:25:06.638+0000] {dag.py:3047} INFO - Sync 1 DAGs
[2026-03-15T18:25:06.648+0000] {logging_mixin.py:188} INFO - [2026-03-15T18:25:06.648+0000] {dag.py:3834} INFO - Setting next_dagrun for example_kubernetes_executor to None, run_after=None
[2026-03-15T18:25:06.662+0000] {processor.py:183} INFO - Processing /home/airflow/.local/lib/python3.11/site-packages/airflow/example_dags/example_kubernetes_executor.py took 0.053 seconds
[2026-03-15T18:25:17.906+0000] {processor.py:161} INFO - Started process (PID=1024) to work on /home/airflow/.local/lib/python3.11/site-packages/airflow/example_dags/example_kubernetes_executor.py
[2026-03-15T18:25:17.907+0000] {processor.py:830} INFO - Processing file /home/airflow/.local/lib/python3.11/site-packages/airflow/example_dags/example_kubernetes_executor.py for tasks to queue
[2026-03-15T18:25:17.909+0000] {logging_mixin.py:188} INFO - [2026-03-15T18:25:17.908+0000] {dagbag.py:540} INFO - Filling up the DagBag from /home/airflow/.local/lib/python3.11/site-packages/airflow/example_dags/example_kubernetes_executor.py
[2026-03-15T18:25:17.918+0000] {processor.py:840} INFO - DAG(s) 'example_kubernetes_executor' retrieved from /home/airflow/.local/lib/python3.11/site-packages/airflow/example_dags/example_kubernetes_executor.py
[2026-03-15T18:25:17.996+0000] {logging_mixin.py:188} INFO - [2026-03-15T18:25:17.995+0000] {dag.py:3047} INFO - Sync 1 DAGs
[2026-03-15T18:25:18.002+0000] {logging_mixin.py:188} INFO - [2026-03-15T18:25:18.002+0000] {dag.py:3834} INFO - Setting next_dagrun for example_kubernetes_executor to None, run_after=None
[2026-03-15T18:25:18.018+0000] {processor.py:183} INFO - Processing /home/airflow/.local/lib/python3.11/site-packages/airflow/example_dags/example_kubernetes_executor.py took 0.114 seconds
[2026-03-15T18:25:21.189+0000] {processor.py:161} INFO - Started process (PID=1070) to work on /home/airflow/.local/lib/python3.11/site-packages/airflow/example_dags/example_kubernetes_executor.py
[2026-03-15T18:25:21.190+0000] {processor.py:830} INFO - Processing file /home/airflow/.local/lib/python3.11/site-packages/airflow/example_dags/example_kubernetes_executor.py for tasks to queue
[2026-03-15T18:25:21.192+0000] {logging_mixin.py:188} INFO - [2026-03-15T18:25:21.192+0000] {dagbag.py:540} INFO - Filling up the DagBag from /home/airflow/.local/lib/python3.11/site-packages/airflow/example_dags/example_kubernetes_executor.py
[2026-03-15T18:25:21.201+0000] {processor.py:840} INFO - DAG(s) 'example_kubernetes_executor' retrieved from /home/airflow/.local/lib/python3.11/site-packages/airflow/example_dags/example_kubernetes_executor.py
[2026-03-15T18:25:21.211+0000] {logging_mixin.py:188} INFO - [2026-03-15T18:25:21.211+0000] {dag.py:3047} INFO - Sync 1 DAGs
[2026-03-15T18:25:21.222+0000] {logging_mixin.py:188} INFO - [2026-03-15T18:25:21.222+0000] {dag.py:3834} INFO - Setting next_dagrun for example_kubernetes_executor to None, run_after=None
[2026-03-15T18:25:21.237+0000] {processor.py:183} INFO - Processing /home/airflow/.local/lib/python3.11/site-packages/airflow/example_dags/example_kubernetes_executor.py took 0.050 seconds
[2026-03-15T18:25:25.948+0000] {processor.py:161} INFO - Started process (PID=1122) to work on /home/airflow/.local/lib/python3.11/site-packages/airflow/example_dags/example_kubernetes_executor.py
[2026-03-15T18:25:25.949+0000] {processor.py:830} INFO - Processing file /home/airflow/.local/lib/python3.11/site-packages/airflow/example_dags/example_kubernetes_executor.py for tasks to queue
[2026-03-15T18:25:25.950+0000] {logging_mixin.py:188} INFO - [2026-03-15T18:25:25.950+0000] {dagbag.py:540} INFO - Filling up the DagBag from /home/airflow/.local/lib/python3.11/site-packages/airflow/example_dags/example_kubernetes_executor.py
[2026-03-15T18:25:25.960+0000] {processor.py:840} INFO - DAG(s) 'example_kubernetes_executor' retrieved from /home/airflow/.local/lib/python3.11/site-packages/airflow/example_dags/example_kubernetes_executor.py
[2026-03-15T18:25:25.969+0000] {logging_mixin.py:188} INFO - [2026-03-15T18:25:25.968+0000] {dag.py:3047} INFO - Sync 1 DAGs
[2026-03-15T18:25:25.978+0000] {logging_mixin.py:188} INFO - [2026-03-15T18:25:25.978+0000] {dag.py:3834} INFO - Setting next_dagrun for example_kubernetes_executor to None, run_after=None
[2026-03-15T18:25:25.992+0000] {processor.py:183} INFO - Processing /home/airflow/.local/lib/python3.11/site-packages/airflow/example_dags/example_kubernetes_executor.py took 0.047 seconds
[2026-03-15T18:25:56.402+0000] {processor.py:161} INFO - Started process (PID=1174) to work on /home/airflow/.local/lib/python3.11/site-packages/airflow/example_dags/example_kubernetes_executor.py
[2026-03-15T18:25:56.403+0000] {processor.py:830} INFO - Processing file /home/airflow/.local/lib/python3.11/site-packages/airflow/example_dags/example_kubernetes_executor.py for tasks to queue
[2026-03-15T18:25:56.405+0000] {logging_mixin.py:188} INFO - [2026-03-15T18:25:56.405+0000] {dagbag.py:540} INFO - Filling up the DagBag from /home/airflow/.local/lib/python3.11/site-packages/airflow/example_dags/example_kubernetes_executor.py
[2026-03-15T18:25:56.414+0000] {processor.py:840} INFO - DAG(s) 'example_kubernetes_executor' retrieved from /home/airflow/.local/lib/python3.11/site-packages/airflow/example_dags/example_kubernetes_executor.py
[2026-03-15T18:25:56.441+0000] {logging_mixin.py:188} INFO - [2026-03-15T18:25:56.441+0000] {dag.py:3047} INFO - Sync 1 DAGs
[2026-03-15T18:25:56.450+0000] {logging_mixin.py:188} INFO - [2026-03-15T18:25:56.450+0000] {dag.py:3834} INFO - Setting next_dagrun for example_kubernetes_executor to None, run_after=None
[2026-03-15T18:25:56.468+0000] {processor.py:183} INFO - Processing /home/airflow/.local/lib/python3.11/site-packages/airflow/example_dags/example_kubernetes_executor.py took 0.068 seconds
[2026-03-15T18:26:18.836+0000] {processor.py:161} INFO - Started process (PID=1224) to work on /home/airflow/.local/lib/python3.11/site-packages/airflow/example_dags/example_kubernetes_executor.py
[2026-03-15T18:26:18.838+0000] {processor.py:830} INFO - Processing file /home/airflow/.local/lib/python3.11/site-packages/airflow/example_dags/example_kubernetes_executor.py for tasks to queue
[2026-03-15T18:26:18.840+0000] {logging_mixin.py:188} INFO - [2026-03-15T18:26:18.839+0000] {dagbag.py:540} INFO - Filling up the DagBag from /home/airflow/.local/lib/python3.11/site-packages/airflow/example_dags/example_kubernetes_executor.py
[2026-03-15T18:26:18.850+0000] {processor.py:840} INFO - DAG(s) 'example_kubernetes_executor' retrieved from /home/airflow/.local/lib/python3.11/site-packages/airflow/example_dags/example_kubernetes_executor.py
[2026-03-15T18:26:18.879+0000] {logging_mixin.py:188} INFO - [2026-03-15T18:26:18.879+0000] {dag.py:3047} INFO - Sync 1 DAGs
[2026-03-15T18:26:18.888+0000] {logging_mixin.py:188} INFO - [2026-03-15T18:26:18.888+0000] {dag.py:3834} INFO - Setting next_dagrun for example_kubernetes_executor to None, run_after=None
[2026-03-15T18:26:18.902+0000] {processor.py:183} INFO - Processing /home/airflow/.local/lib/python3.11/site-packages/airflow/example_dags/example_kubernetes_executor.py took 0.069 seconds
[2026-03-15T18:26:21.358+0000] {processor.py:161} INFO - Started process (PID=1274) to work on /home/airflow/.local/lib/python3.11/site-packages/airflow/example_dags/example_kubernetes_executor.py
[2026-03-15T18:26:21.360+0000] {processor.py:830} INFO - Processing file /home/airflow/.local/lib/python3.11/site-packages/airflow/example_dags/example_kubernetes_executor.py for tasks to queue
[2026-03-15T18:26:21.361+0000] {logging_mixin.py:188} INFO - [2026-03-15T18:26:21.361+0000] {dagbag.py:540} INFO - Filling up the DagBag from /home/airflow/.local/lib/python3.11/site-packages/airflow/example_dags/example_kubernetes_executor.py
[2026-03-15T18:26:21.370+0000] {processor.py:840} INFO - DAG(s) 'example_kubernetes_executor' retrieved from /home/airflow/.local/lib/python3.11/site-packages/airflow/example_dags/example_kubernetes_executor.py
[2026-03-15T18:26:21.397+0000] {logging_mixin.py:188} INFO - [2026-03-15T18:26:21.397+0000] {dag.py:3047} INFO - Sync 1 DAGs
[2026-03-15T18:26:21.406+0000] {logging_mixin.py:188} INFO - [2026-03-15T18:26:21.405+0000] {dag.py:3834} INFO - Setting next_dagrun for example_kubernetes_executor to None, run_after=None
[2026-03-15T18:26:21.422+0000] {processor.py:183} INFO - Processing /home/airflow/.local/lib/python3.11/site-packages/airflow/example_dags/example_kubernetes_executor.py took 0.066 seconds
[2026-03-15T18:26:36.593+0000] {processor.py:161} INFO - Started process (PID=1326) to work on /home/airflow/.local/lib/python3.11/site-packages/airflow/example_dags/example_kubernetes_executor.py
[2026-03-15T18:26:36.594+0000] {processor.py:830} INFO - Processing file /home/airflow/.local/lib/python3.11/site-packages/airflow/example_dags/example_kubernetes_executor.py for tasks to queue
[2026-03-15T18:26:36.596+0000] {logging_mixin.py:188} INFO - [2026-03-15T18:26:36.596+0000] {dagbag.py:540} INFO - Filling up the DagBag from /home/airflow/.local/lib/python3.11/site-packages/airflow/example_dags/example_kubernetes_executor.py
[2026-03-15T18:26:36.605+0000] {processor.py:840} INFO - DAG(s) 'example_kubernetes_executor' retrieved from /home/airflow/.local/lib/python3.11/site-packages/airflow/example_dags/example_kubernetes_executor.py
[2026-03-15T18:26:36.632+0000] {logging_mixin.py:188} INFO - [2026-03-15T18:26:36.632+0000] {dag.py:3047} INFO - Sync 1 DAGs
[2026-03-15T18:26:36.640+0000] {logging_mixin.py:188} INFO - [2026-03-15T18:26:36.640+0000] {dag.py:3834} INFO - Setting next_dagrun for example_kubernetes_executor to None, run_after=None
[2026-03-15T18:26:36.656+0000] {processor.py:183} INFO - Processing /home/airflow/.local/lib/python3.11/site-packages/airflow/example_dags/example_kubernetes_executor.py took 0.065 seconds
[2026-03-15T18:27:30.924+0000] {processor.py:161} INFO - Started process (PID=1372) to work on /home/airflow/.local/lib/python3.11/site-packages/airflow/example_dags/example_kubernetes_executor.py
[2026-03-15T18:27:30.925+0000] {processor.py:830} INFO - Processing file /home/airflow/.local/lib/python3.11/site-packages/airflow/example_dags/example_kubernetes_executor.py for tasks to queue
[2026-03-15T18:27:30.927+0000] {logging_mixin.py:188} INFO - [2026-03-15T18:27:30.926+0000] {dagbag.py:540} INFO - Filling up the DagBag from /home/airflow/.local/lib/python3.11/site-packages/airflow/example_dags/example_kubernetes_executor.py
[2026-03-15T18:27:30.936+0000] {processor.py:840} INFO - DAG(s) 'example_kubernetes_executor' retrieved from /home/airflow/.local/lib/python3.11/site-packages/airflow/example_dags/example_kubernetes_executor.py
[2026-03-15T18:27:30.963+0000] {logging_mixin.py:188} INFO - [2026-03-15T18:27:30.963+0000] {dag.py:3047} INFO - Sync 1 DAGs
[2026-03-15T18:27:30.973+0000] {logging_mixin.py:188} INFO - [2026-03-15T18:27:30.972+0000] {dag.py:3834} INFO - Setting next_dagrun for example_kubernetes_executor to None, run_after=None
[2026-03-15T18:27:30.993+0000] {processor.py:183} INFO - Processing /home/airflow/.local/lib/python3.11/site-packages/airflow/example_dags/example_kubernetes_executor.py took 0.071 seconds
[2026-03-15T18:27:41.748+0000] {processor.py:161} INFO - Started process (PID=1436) to work on /home/airflow/.local/lib/python3.11/site-packages/airflow/example_dags/example_kubernetes_executor.py
[2026-03-15T18:27:41.750+0000] {processor.py:830} INFO - Processing file /home/airflow/.local/lib/python3.11/site-packages/airflow/example_dags/example_kubernetes_executor.py for tasks to queue
[2026-03-15T18:27:41.752+0000] {logging_mixin.py:188} INFO - [2026-03-15T18:27:41.751+0000] {dagbag.py:540} INFO - Filling up the DagBag from /home/airflow/.local/lib/python3.11/site-packages/airflow/example_dags/example_kubernetes_executor.py
[2026-03-15T18:27:41.773+0000] {processor.py:840} INFO - DAG(s) 'example_kubernetes_executor' retrieved from /home/airflow/.local/lib/python3.11/site-packages/airflow/example_dags/example_kubernetes_executor.py
[2026-03-15T18:27:41.804+0000] {logging_mixin.py:188} INFO - [2026-03-15T18:27:41.804+0000] {dag.py:3047} INFO - Sync 1 DAGs
[2026-03-15T18:27:41.815+0000] {logging_mixin.py:188} INFO - [2026-03-15T18:27:41.815+0000] {dag.py:3834} INFO - Setting next_dagrun for example_kubernetes_executor to None, run_after=None
[2026-03-15T18:27:41.834+0000] {processor.py:183} INFO - Processing /home/airflow/.local/lib/python3.11/site-packages/airflow/example_dags/example_kubernetes_executor.py took 0.089 seconds
[2026-03-15T18:28:13.844+0000] {processor.py:161} INFO - Started process (PID=1488) to work on /home/airflow/.local/lib/python3.11/site-packages/airflow/example_dags/example_kubernetes_executor.py
[2026-03-15T18:28:13.845+0000] {processor.py:830} INFO - Processing file /home/airflow/.local/lib/python3.11/site-packages/airflow/example_dags/example_kubernetes_executor.py for tasks to queue
[2026-03-15T18:28:13.847+0000] {logging_mixin.py:188} INFO - [2026-03-15T18:28:13.847+0000] {dagbag.py:540} INFO - Filling up the DagBag from /home/airflow/.local/lib/python3.11/site-packages/airflow/example_dags/example_kubernetes_executor.py
[2026-03-15T18:28:13.858+0000] {processor.py:840} INFO - DAG(s) 'example_kubernetes_executor' retrieved from /home/airflow/.local/lib/python3.11/site-packages/airflow/example_dags/example_kubernetes_executor.py
[2026-03-15T18:28:13.890+0000] {logging_mixin.py:188} INFO - [2026-03-15T18:28:13.890+0000] {dag.py:3047} INFO - Sync 1 DAGs
[2026-03-15T18:28:13.899+0000] {logging_mixin.py:188} INFO - [2026-03-15T18:28:13.899+0000] {dag.py:3834} INFO - Setting next_dagrun for example_kubernetes_executor to None, run_after=None
[2026-03-15T18:28:13.915+0000] {processor.py:183} INFO - Processing /home/airflow/.local/lib/python3.11/site-packages/airflow/example_dags/example_kubernetes_executor.py took 0.075 seconds
[2026-03-15T18:28:44.301+0000] {processor.py:161} INFO - Started process (PID=1540) to work on /home/airflow/.local/lib/python3.11/site-packages/airflow/example_dags/example_kubernetes_executor.py
[2026-03-15T18:28:44.302+0000] {processor.py:830} INFO - Processing file /home/airflow/.local/lib/python3.11/site-packages/airflow/example_dags/example_kubernetes_executor.py for tasks to queue
[2026-03-15T18:28:44.305+0000] {logging_mixin.py:188} INFO - [2026-03-15T18:28:44.304+0000] {dagbag.py:540} INFO - Filling up the DagBag from /home/airflow/.local/lib/python3.11/site-packages/airflow/example_dags/example_kubernetes_executor.py
[2026-03-15T18:28:44.315+0000] {processor.py:840} INFO - DAG(s) 'example_kubernetes_executor' retrieved from /home/airflow/.local/lib/python3.11/site-packages/airflow/example_dags/example_kubernetes_executor.py
[2026-03-15T18:28:44.340+0000] {logging_mixin.py:188} INFO - [2026-03-15T18:28:44.340+0000] {dag.py:3047} INFO - Sync 1 DAGs
[2026-03-15T18:28:44.348+0000] {logging_mixin.py:188} INFO - [2026-03-15T18:28:44.348+0000] {dag.py:3834} INFO - Setting next_dagrun for example_kubernetes_executor to None, run_after=None
[2026-03-15T18:28:44.363+0000] {processor.py:183} INFO - Processing /home/airflow/.local/lib/python3.11/site-packages/airflow/example_dags/example_kubernetes_executor.py took 0.065 seconds
[2026-03-15T18:28:46.488+0000] {processor.py:161} INFO - Started process (PID=1588) to work on /home/airflow/.local/lib/python3.11/site-packages/airflow/example_dags/example_kubernetes_executor.py
[2026-03-15T18:28:46.489+0000] {processor.py:830} INFO - Processing file /home/airflow/.local/lib/python3.11/site-packages/airflow/example_dags/example_kubernetes_executor.py for tasks to queue
[2026-03-15T18:28:46.491+0000] {logging_mixin.py:188} INFO - [2026-03-15T18:28:46.490+0000] {dagbag.py:540} INFO - Filling up the DagBag from /home/airflow/.local/lib/python3.11/site-packages/airflow/example_dags/example_kubernetes_executor.py
[2026-03-15T18:28:46.501+0000] {processor.py:840} INFO - DAG(s) 'example_kubernetes_executor' retrieved from /home/airflow/.local/lib/python3.11/site-packages/airflow/example_dags/example_kubernetes_executor.py
[2026-03-15T18:28:46.537+0000] {logging_mixin.py:188} INFO - [2026-03-15T18:28:46.536+0000] {dag.py:3047} INFO - Sync 1 DAGs
[2026-03-15T18:28:46.547+0000] {logging_mixin.py:188} INFO - [2026-03-15T18:28:46.547+0000] {dag.py:3834} INFO - Setting next_dagrun for example_kubernetes_executor to None, run_after=None
[2026-03-15T18:28:46.566+0000] {processor.py:183} INFO - Processing /home/airflow/.local/lib/python3.11/site-packages/airflow/example_dags/example_kubernetes_executor.py took 0.083 seconds
[2026-03-15T18:29:18.612+0000] {processor.py:161} INFO - Started process (PID=1668) to work on /home/airflow/.local/lib/python3.11/site-packages/airflow/example_dags/example_kubernetes_executor.py
[2026-03-15T18:29:18.613+0000] {processor.py:830} INFO - Processing file /home/airflow/.local/lib/python3.11/site-packages/airflow/example_dags/example_kubernetes_executor.py for tasks to queue
[2026-03-15T18:29:18.615+0000] {logging_mixin.py:188} INFO - [2026-03-15T18:29:18.614+0000] {dagbag.py:540} INFO - Filling up the DagBag from /home/airflow/.local/lib/python3.11/site-packages/airflow/example_dags/example_kubernetes_executor.py
[2026-03-15T18:29:18.625+0000] {processor.py:840} INFO - DAG(s) 'example_kubernetes_executor' retrieved from /home/airflow/.local/lib/python3.11/site-packages/airflow/example_dags/example_kubernetes_executor.py
[2026-03-15T18:29:18.654+0000] {logging_mixin.py:188} INFO - [2026-03-15T18:29:18.654+0000] {dag.py:3047} INFO - Sync 1 DAGs
[2026-03-15T18:29:18.663+0000] {logging_mixin.py:188} INFO - [2026-03-15T18:29:18.663+0000] {dag.py:3834} INFO - Setting next_dagrun for example_kubernetes_executor to None, run_after=None
[2026-03-15T18:29:18.677+0000] {processor.py:183} INFO - Processing /home/airflow/.local/lib/python3.11/site-packages/airflow/example_dags/example_kubernetes_executor.py took 0.068 seconds
[2026-03-15T18:29:21.219+0000] {processor.py:161} INFO - Started process (PID=1708) to work on /home/airflow/.local/lib/python3.11/site-packages/airflow/example_dags/example_kubernetes_executor.py
[2026-03-15T18:29:21.220+0000] {processor.py:830} INFO - Processing file /home/airflow/.local/lib/python3.11/site-packages/airflow/example_dags/example_kubernetes_executor.py for tasks to queue
[2026-03-15T18:29:21.222+0000] {logging_mixin.py:188} INFO - [2026-03-15T18:29:21.222+0000] {dagbag.py:540} INFO - Filling up the DagBag from /home/airflow/.local/lib/python3.11/site-packages/airflow/example_dags/example_kubernetes_executor.py
[2026-03-15T18:29:21.231+0000] {processor.py:840} INFO - DAG(s) 'example_kubernetes_executor' retrieved from /home/airflow/.local/lib/python3.11/site-packages/airflow/example_dags/example_kubernetes_executor.py
[2026-03-15T18:29:21.258+0000] {logging_mixin.py:188} INFO - [2026-03-15T18:29:21.258+0000] {dag.py:3047} INFO - Sync 1 DAGs
[2026-03-15T18:29:21.267+0000] {logging_mixin.py:188} INFO - [2026-03-15T18:29:21.267+0000] {dag.py:3834} INFO - Setting next_dagrun for example_kubernetes_executor to None, run_after=None
[2026-03-15T18:29:21.283+0000] {processor.py:183} INFO - Processing /home/airflow/.local/lib/python3.11/site-packages/airflow/example_dags/example_kubernetes_executor.py took 0.067 seconds
[2026-03-15T18:29:51.622+0000] {processor.py:161} INFO - Started process (PID=1755) to work on /home/airflow/.local/lib/python3.11/site-packages/airflow/example_dags/example_kubernetes_executor.py
[2026-03-15T18:29:51.622+0000] {processor.py:830} INFO - Processing file /home/airflow/.local/lib/python3.11/site-packages/airflow/example_dags/example_kubernetes_executor.py for tasks to queue
[2026-03-15T18:29:51.624+0000] {logging_mixin.py:188} INFO - [2026-03-15T18:29:51.624+0000] {dagbag.py:540} INFO - Filling up the DagBag from /home/airflow/.local/lib/python3.11/site-packages/airflow/example_dags/example_kubernetes_executor.py
[2026-03-15T18:29:51.634+0000] {processor.py:840} INFO - DAG(s) 'example_kubernetes_executor' retrieved from /home/airflow/.local/lib/python3.11/site-packages/airflow/example_dags/example_kubernetes_executor.py
[2026-03-15T18:29:51.661+0000] {logging_mixin.py:188} INFO - [2026-03-15T18:29:51.661+0000] {dag.py:3047} INFO - Sync 1 DAGs
[2026-03-15T18:29:51.669+0000] {logging_mixin.py:188} INFO - [2026-03-15T18:29:51.669+0000] {dag.py:3834} INFO - Setting next_dagrun for example_kubernetes_executor to None, run_after=None
[2026-03-15T18:29:51.683+0000] {processor.py:183} INFO - Processing /home/airflow/.local/lib/python3.11/site-packages/airflow/example_dags/example_kubernetes_executor.py took 0.064 seconds
[2026-03-15T18:29:57.005+0000] {processor.py:161} INFO - Started process (PID=1811) to work on /home/airflow/.local/lib/python3.11/site-packages/airflow/example_dags/example_kubernetes_executor.py
[2026-03-15T18:29:57.006+0000] {processor.py:830} INFO - Processing file /home/airflow/.local/lib/python3.11/site-packages/airflow/example_dags/example_kubernetes_executor.py for tasks to queue
[2026-03-15T18:29:57.008+0000] {logging_mixin.py:188} INFO - [2026-03-15T18:29:57.007+0000] {dagbag.py:540} INFO - Filling up the DagBag from /home/airflow/.local/lib/python3.11/site-packages/airflow/example_dags/example_kubernetes_executor.py
[2026-03-15T18:29:57.018+0000] {processor.py:840} INFO - DAG(s) 'example_kubernetes_executor' retrieved from /home/airflow/.local/lib/python3.11/site-packages/airflow/example_dags/example_kubernetes_executor.py
[2026-03-15T18:29:57.050+0000] {logging_mixin.py:188} INFO - [2026-03-15T18:29:57.049+0000] {dag.py:3047} INFO - Sync 1 DAGs
[2026-03-15T18:29:57.059+0000] {logging_mixin.py:188} INFO - [2026-03-15T18:29:57.059+0000] {dag.py:3834} INFO - Setting next_dagrun for example_kubernetes_executor to None, run_after=None
[2026-03-15T18:29:57.074+0000] {processor.py:183} INFO - Processing /home/airflow/.local/lib/python3.11/site-packages/airflow/example_dags/example_kubernetes_executor.py took 0.072 seconds
[2026-03-15T18:31:06.760+0000] {processor.py:161} INFO - Started process (PID=91) to work on /home/airflow/.local/lib/python3.11/site-packages/airflow/example_dags/example_kubernetes_executor.py
[2026-03-15T18:31:06.761+0000] {processor.py:830} INFO - Processing file /home/airflow/.local/lib/python3.11/site-packages/airflow/example_dags/example_kubernetes_executor.py for tasks to queue
[2026-03-15T18:31:06.763+0000] {logging_mixin.py:188} INFO - [2026-03-15T18:31:06.762+0000] {dagbag.py:540} INFO - Filling up the DagBag from /home/airflow/.local/lib/python3.11/site-packages/airflow/example_dags/example_kubernetes_executor.py
[2026-03-15T18:31:06.775+0000] {processor.py:840} INFO - DAG(s) 'example_kubernetes_executor' retrieved from /home/airflow/.local/lib/python3.11/site-packages/airflow/example_dags/example_kubernetes_executor.py
[2026-03-15T18:31:06.788+0000] {logging_mixin.py:188} INFO - [2026-03-15T18:31:06.788+0000] {dag.py:3047} INFO - Sync 1 DAGs
[2026-03-15T18:31:06.804+0000] {logging_mixin.py:188} INFO - [2026-03-15T18:31:06.803+0000] {dag.py:3834} INFO - Setting next_dagrun for example_kubernetes_executor to None, run_after=None
[2026-03-15T18:31:06.827+0000] {processor.py:183} INFO - Processing /home/airflow/.local/lib/python3.11/site-packages/airflow/example_dags/example_kubernetes_executor.py took 0.070 seconds
[2026-03-15T18:32:09.331+0000] {processor.py:161} INFO - Started process (PID=91) to work on /home/airflow/.local/lib/python3.11/site-packages/airflow/example_dags/example_kubernetes_executor.py
[2026-03-15T18:32:09.333+0000] {processor.py:830} INFO - Processing file /home/airflow/.local/lib/python3.11/site-packages/airflow/example_dags/example_kubernetes_executor.py for tasks to queue
[2026-03-15T18:32:09.335+0000] {logging_mixin.py:188} INFO - [2026-03-15T18:32:09.335+0000] {dagbag.py:540} INFO - Filling up the DagBag from /home/airflow/.local/lib/python3.11/site-packages/airflow/example_dags/example_kubernetes_executor.py
[2026-03-15T18:32:09.354+0000] {processor.py:840} INFO - DAG(s) 'example_kubernetes_executor' retrieved from /home/airflow/.local/lib/python3.11/site-packages/airflow/example_dags/example_kubernetes_executor.py
[2026-03-15T18:32:09.371+0000] {logging_mixin.py:188} INFO - [2026-03-15T18:32:09.370+0000] {dag.py:3047} INFO - Sync 1 DAGs
[2026-03-15T18:32:09.389+0000] {logging_mixin.py:188} INFO - [2026-03-15T18:32:09.388+0000] {dag.py:3834} INFO - Setting next_dagrun for example_kubernetes_executor to None, run_after=None
[2026-03-15T18:32:09.416+0000] {processor.py:183} INFO - Processing /home/airflow/.local/lib/python3.11/site-packages/airflow/example_dags/example_kubernetes_executor.py took 0.089 seconds
[2026-03-15T18:32:17.621+0000] {processor.py:161} INFO - Started process (PID=147) to work on /home/airflow/.local/lib/python3.11/site-packages/airflow/example_dags/example_kubernetes_executor.py
[2026-03-15T18:32:17.622+0000] {processor.py:830} INFO - Processing file /home/airflow/.local/lib/python3.11/site-packages/airflow/example_dags/example_kubernetes_executor.py for tasks to queue
[2026-03-15T18:32:17.624+0000] {logging_mixin.py:188} INFO - [2026-03-15T18:32:17.624+0000] {dagbag.py:540} INFO - Filling up the DagBag from /home/airflow/.local/lib/python3.11/site-packages/airflow/example_dags/example_kubernetes_executor.py
[2026-03-15T18:32:17.633+0000] {processor.py:840} INFO - DAG(s) 'example_kubernetes_executor' retrieved from /home/airflow/.local/lib/python3.11/site-packages/airflow/example_dags/example_kubernetes_executor.py
[2026-03-15T18:32:17.645+0000] {logging_mixin.py:188} INFO - [2026-03-15T18:32:17.645+0000] {dag.py:3047} INFO - Sync 1 DAGs
[2026-03-15T18:32:17.657+0000] {logging_mixin.py:188} INFO - [2026-03-15T18:32:17.657+0000] {dag.py:3834} INFO - Setting next_dagrun for example_kubernetes_executor to None, run_after=None
[2026-03-15T18:32:17.676+0000] {processor.py:183} INFO - Processing /home/airflow/.local/lib/python3.11/site-packages/airflow/example_dags/example_kubernetes_executor.py took 0.058 seconds
[2026-03-15T18:33:12.020+0000] {processor.py:161} INFO - Started process (PID=195) to work on /home/airflow/.local/lib/python3.11/site-packages/airflow/example_dags/example_kubernetes_executor.py
[2026-03-15T18:33:12.022+0000] {processor.py:830} INFO - Processing file /home/airflow/.local/lib/python3.11/site-packages/airflow/example_dags/example_kubernetes_executor.py for tasks to queue
[2026-03-15T18:33:12.024+0000] {logging_mixin.py:188} INFO - [2026-03-15T18:33:12.024+0000] {dagbag.py:540} INFO - Filling up the DagBag from /home/airflow/.local/lib/python3.11/site-packages/airflow/example_dags/example_kubernetes_executor.py
[2026-03-15T18:33:12.036+0000] {processor.py:840} INFO - DAG(s) 'example_kubernetes_executor' retrieved from /home/airflow/.local/lib/python3.11/site-packages/airflow/example_dags/example_kubernetes_executor.py
[2026-03-15T18:33:12.124+0000] {logging_mixin.py:188} INFO - [2026-03-15T18:33:12.124+0000] {dag.py:3047} INFO - Sync 1 DAGs
[2026-03-15T18:33:12.131+0000] {logging_mixin.py:188} INFO - [2026-03-15T18:33:12.131+0000] {dag.py:3834} INFO - Setting next_dagrun for example_kubernetes_executor to None, run_after=None
[2026-03-15T18:33:12.146+0000] {processor.py:183} INFO - Processing /home/airflow/.local/lib/python3.11/site-packages/airflow/example_dags/example_kubernetes_executor.py took 0.130 seconds
[2026-03-15T18:33:18.968+0000] {processor.py:161} INFO - Started process (PID=257) to work on /home/airflow/.local/lib/python3.11/site-packages/airflow/example_dags/example_kubernetes_executor.py
[2026-03-15T18:33:18.970+0000] {processor.py:830} INFO - Processing file /home/airflow/.local/lib/python3.11/site-packages/airflow/example_dags/example_kubernetes_executor.py for tasks to queue
[2026-03-15T18:33:18.972+0000] {logging_mixin.py:188} INFO - [2026-03-15T18:33:18.971+0000] {dagbag.py:540} INFO - Filling up the DagBag from /home/airflow/.local/lib/python3.11/site-packages/airflow/example_dags/example_kubernetes_executor.py
[2026-03-15T18:33:18.982+0000] {processor.py:840} INFO - DAG(s) 'example_kubernetes_executor' retrieved from /home/airflow/.local/lib/python3.11/site-packages/airflow/example_dags/example_kubernetes_executor.py
[2026-03-15T18:33:19.001+0000] {logging_mixin.py:188} INFO - [2026-03-15T18:33:19.000+0000] {dag.py:3047} INFO - Sync 1 DAGs
[2026-03-15T18:33:19.017+0000] {logging_mixin.py:188} INFO - [2026-03-15T18:33:19.016+0000] {dag.py:3834} INFO - Setting next_dagrun for example_kubernetes_executor to None, run_after=None
[2026-03-15T18:33:19.041+0000] {processor.py:183} INFO - Processing /home/airflow/.local/lib/python3.11/site-packages/airflow/example_dags/example_kubernetes_executor.py took 0.076 seconds
[2026-03-15T18:33:48.811+0000] {processor.py:161} INFO - Started process (PID=313) to work on /home/airflow/.local/lib/python3.11/site-packages/airflow/example_dags/example_kubernetes_executor.py
[2026-03-15T18:33:48.812+0000] {processor.py:830} INFO - Processing file /home/airflow/.local/lib/python3.11/site-packages/airflow/example_dags/example_kubernetes_executor.py for tasks to queue
[2026-03-15T18:33:48.813+0000] {logging_mixin.py:188} INFO - [2026-03-15T18:33:48.813+0000] {dagbag.py:540} INFO - Filling up the DagBag from /home/airflow/.local/lib/python3.11/site-packages/airflow/example_dags/example_kubernetes_executor.py
[2026-03-15T18:33:48.823+0000] {processor.py:840} INFO - DAG(s) 'example_kubernetes_executor' retrieved from /home/airflow/.local/lib/python3.11/site-packages/airflow/example_dags/example_kubernetes_executor.py
[2026-03-15T18:33:48.856+0000] {logging_mixin.py:188} INFO - [2026-03-15T18:33:48.856+0000] {dag.py:3047} INFO - Sync 1 DAGs
[2026-03-15T18:33:48.864+0000] {logging_mixin.py:188} INFO - [2026-03-15T18:33:48.864+0000] {dag.py:3834} INFO - Setting next_dagrun for example_kubernetes_executor to None, run_after=None
[2026-03-15T18:33:48.877+0000] {processor.py:183} INFO - Processing /home/airflow/.local/lib/python3.11/site-packages/airflow/example_dags/example_kubernetes_executor.py took 0.069 seconds
[2026-03-15T18:34:45.216+0000] {processor.py:161} INFO - Started process (PID=79) to work on /home/airflow/.local/lib/python3.11/site-packages/airflow/example_dags/example_kubernetes_executor.py
[2026-03-15T18:34:45.217+0000] {processor.py:830} INFO - Processing file /home/airflow/.local/lib/python3.11/site-packages/airflow/example_dags/example_kubernetes_executor.py for tasks to queue
[2026-03-15T18:34:45.219+0000] {logging_mixin.py:188} INFO - [2026-03-15T18:34:45.218+0000] {dagbag.py:540} INFO - Filling up the DagBag from /home/airflow/.local/lib/python3.11/site-packages/airflow/example_dags/example_kubernetes_executor.py
[2026-03-15T18:34:45.233+0000] {processor.py:840} INFO - DAG(s) 'example_kubernetes_executor' retrieved from /home/airflow/.local/lib/python3.11/site-packages/airflow/example_dags/example_kubernetes_executor.py
[2026-03-15T18:34:45.248+0000] {logging_mixin.py:188} INFO - [2026-03-15T18:34:45.247+0000] {dag.py:3047} INFO - Sync 1 DAGs
[2026-03-15T18:34:45.263+0000] {logging_mixin.py:188} INFO - [2026-03-15T18:34:45.263+0000] {dag.py:3834} INFO - Setting next_dagrun for example_kubernetes_executor to None, run_after=None
[2026-03-15T18:34:45.290+0000] {processor.py:183} INFO - Processing /home/airflow/.local/lib/python3.11/site-packages/airflow/example_dags/example_kubernetes_executor.py took 0.078 seconds
[2026-03-15T18:34:48.991+0000] {processor.py:161} INFO - Started process (PID=129) to work on /home/airflow/.local/lib/python3.11/site-packages/airflow/example_dags/example_kubernetes_executor.py
[2026-03-15T18:34:48.992+0000] {processor.py:830} INFO - Processing file /home/airflow/.local/lib/python3.11/site-packages/airflow/example_dags/example_kubernetes_executor.py for tasks to queue
[2026-03-15T18:34:48.994+0000] {logging_mixin.py:188} INFO - [2026-03-15T18:34:48.993+0000] {dagbag.py:540} INFO - Filling up the DagBag from /home/airflow/.local/lib/python3.11/site-packages/airflow/example_dags/example_kubernetes_executor.py
[2026-03-15T18:34:49.004+0000] {processor.py:840} INFO - DAG(s) 'example_kubernetes_executor' retrieved from /home/airflow/.local/lib/python3.11/site-packages/airflow/example_dags/example_kubernetes_executor.py
[2026-03-15T18:34:49.015+0000] {logging_mixin.py:188} INFO - [2026-03-15T18:34:49.015+0000] {dag.py:3047} INFO - Sync 1 DAGs
[2026-03-15T18:34:49.025+0000] {logging_mixin.py:188} INFO - [2026-03-15T18:34:49.025+0000] {dag.py:3834} INFO - Setting next_dagrun for example_kubernetes_executor to None, run_after=None
[2026-03-15T18:34:49.040+0000] {processor.py:183} INFO - Processing /home/airflow/.local/lib/python3.11/site-packages/airflow/example_dags/example_kubernetes_executor.py took 0.052 seconds
[2026-03-15T18:35:20.599+0000] {processor.py:161} INFO - Started process (PID=185) to work on /home/airflow/.local/lib/python3.11/site-packages/airflow/example_dags/example_kubernetes_executor.py
[2026-03-15T18:35:20.600+0000] {processor.py:830} INFO - Processing file /home/airflow/.local/lib/python3.11/site-packages/airflow/example_dags/example_kubernetes_executor.py for tasks to queue
[2026-03-15T18:35:20.602+0000] {logging_mixin.py:188} INFO - [2026-03-15T18:35:20.602+0000] {dagbag.py:540} INFO - Filling up the DagBag from /home/airflow/.local/lib/python3.11/site-packages/airflow/example_dags/example_kubernetes_executor.py
[2026-03-15T18:35:20.611+0000] {processor.py:840} INFO - DAG(s) 'example_kubernetes_executor' retrieved from /home/airflow/.local/lib/python3.11/site-packages/airflow/example_dags/example_kubernetes_executor.py
[2026-03-15T18:35:20.702+0000] {logging_mixin.py:188} INFO - [2026-03-15T18:35:20.702+0000] {dag.py:3047} INFO - Sync 1 DAGs
[2026-03-15T18:35:20.710+0000] {logging_mixin.py:188} INFO - [2026-03-15T18:35:20.710+0000] {dag.py:3834} INFO - Setting next_dagrun for example_kubernetes_executor to None, run_after=None
[2026-03-15T18:35:20.727+0000] {processor.py:183} INFO - Processing /home/airflow/.local/lib/python3.11/site-packages/airflow/example_dags/example_kubernetes_executor.py took 0.131 seconds
[2026-03-15T18:39:29.409+0000] {processor.py:161} INFO - Started process (PID=91) to work on /home/airflow/.local/lib/python3.11/site-packages/airflow/example_dags/example_kubernetes_executor.py
[2026-03-15T18:39:29.410+0000] {processor.py:830} INFO - Processing file /home/airflow/.local/lib/python3.11/site-packages/airflow/example_dags/example_kubernetes_executor.py for tasks to queue
[2026-03-15T18:39:29.412+0000] {logging_mixin.py:188} INFO - [2026-03-15T18:39:29.412+0000] {dagbag.py:540} INFO - Filling up the DagBag from /home/airflow/.local/lib/python3.11/site-packages/airflow/example_dags/example_kubernetes_executor.py
[2026-03-15T18:39:29.424+0000] {processor.py:840} INFO - DAG(s) 'example_kubernetes_executor' retrieved from /home/airflow/.local/lib/python3.11/site-packages/airflow/example_dags/example_kubernetes_executor.py
[2026-03-15T18:39:29.436+0000] {logging_mixin.py:188} INFO - [2026-03-15T18:39:29.435+0000] {dag.py:3047} INFO - Sync 1 DAGs
[2026-03-15T18:39:29.447+0000] {logging_mixin.py:188} INFO - [2026-03-15T18:39:29.447+0000] {dag.py:3834} INFO - Setting next_dagrun for example_kubernetes_executor to None, run_after=None
[2026-03-15T18:39:29.464+0000] {processor.py:183} INFO - Processing /home/airflow/.local/lib/python3.11/site-packages/airflow/example_dags/example_kubernetes_executor.py took 0.058 seconds
[2026-03-15T18:40:00.655+0000] {processor.py:161} INFO - Started process (PID=159) to work on /home/airflow/.local/lib/python3.11/site-packages/airflow/example_dags/example_kubernetes_executor.py
[2026-03-15T18:40:00.656+0000] {processor.py:830} INFO - Processing file /home/airflow/.local/lib/python3.11/site-packages/airflow/example_dags/example_kubernetes_executor.py for tasks to queue
[2026-03-15T18:40:00.657+0000] {logging_mixin.py:188} INFO - [2026-03-15T18:40:00.657+0000] {dagbag.py:540} INFO - Filling up the DagBag from /home/airflow/.local/lib/python3.11/site-packages/airflow/example_dags/example_kubernetes_executor.py
[2026-03-15T18:40:00.666+0000] {processor.py:840} INFO - DAG(s) 'example_kubernetes_executor' retrieved from /home/airflow/.local/lib/python3.11/site-packages/airflow/example_dags/example_kubernetes_executor.py
[2026-03-15T18:40:00.759+0000] {logging_mixin.py:188} INFO - [2026-03-15T18:40:00.759+0000] {dag.py:3047} INFO - Sync 1 DAGs
[2026-03-15T18:40:00.767+0000] {logging_mixin.py:188} INFO - [2026-03-15T18:40:00.767+0000] {dag.py:3834} INFO - Setting next_dagrun for example_kubernetes_executor to None, run_after=None
[2026-03-15T18:40:00.782+0000] {processor.py:183} INFO - Processing /home/airflow/.local/lib/python3.11/site-packages/airflow/example_dags/example_kubernetes_executor.py took 0.131 seconds
[2026-03-15T18:40:29.232+0000] {processor.py:161} INFO - Started process (PID=205) to work on /home/airflow/.local/lib/python3.11/site-packages/airflow/example_dags/example_kubernetes_executor.py
[2026-03-15T18:40:29.235+0000] {processor.py:830} INFO - Processing file /home/airflow/.local/lib/python3.11/site-packages/airflow/example_dags/example_kubernetes_executor.py for tasks to queue
[2026-03-15T18:40:29.237+0000] {logging_mixin.py:188} INFO - [2026-03-15T18:40:29.237+0000] {dagbag.py:540} INFO - Filling up the DagBag from /home/airflow/.local/lib/python3.11/site-packages/airflow/example_dags/example_kubernetes_executor.py
[2026-03-15T18:40:29.246+0000] {processor.py:840} INFO - DAG(s) 'example_kubernetes_executor' retrieved from /home/airflow/.local/lib/python3.11/site-packages/airflow/example_dags/example_kubernetes_executor.py
[2026-03-15T18:40:29.255+0000] {logging_mixin.py:188} INFO - [2026-03-15T18:40:29.255+0000] {dag.py:3047} INFO - Sync 1 DAGs
[2026-03-15T18:40:29.265+0000] {logging_mixin.py:188} INFO - [2026-03-15T18:40:29.265+0000] {dag.py:3834} INFO - Setting next_dagrun for example_kubernetes_executor to None, run_after=None
[2026-03-15T18:40:29.278+0000] {processor.py:183} INFO - Processing /home/airflow/.local/lib/python3.11/site-packages/airflow/example_dags/example_kubernetes_executor.py took 0.049 seconds
[2026-03-15T18:40:34.319+0000] {processor.py:161} INFO - Started process (PID=255) to work on /home/airflow/.local/lib/python3.11/site-packages/airflow/example_dags/example_kubernetes_executor.py
[2026-03-15T18:40:34.320+0000] {processor.py:830} INFO - Processing file /home/airflow/.local/lib/python3.11/site-packages/airflow/example_dags/example_kubernetes_executor.py for tasks to queue
[2026-03-15T18:40:34.322+0000] {logging_mixin.py:188} INFO - [2026-03-15T18:40:34.322+0000] {dagbag.py:540} INFO - Filling up the DagBag from /home/airflow/.local/lib/python3.11/site-packages/airflow/example_dags/example_kubernetes_executor.py
[2026-03-15T18:40:34.331+0000] {processor.py:840} INFO - DAG(s) 'example_kubernetes_executor' retrieved from /home/airflow/.local/lib/python3.11/site-packages/airflow/example_dags/example_kubernetes_executor.py
[2026-03-15T18:40:34.361+0000] {logging_mixin.py:188} INFO - [2026-03-15T18:40:34.360+0000] {dag.py:3047} INFO - Sync 1 DAGs
[2026-03-15T18:40:34.371+0000] {logging_mixin.py:188} INFO - [2026-03-15T18:40:34.371+0000] {dag.py:3834} INFO - Setting next_dagrun for example_kubernetes_executor to None, run_after=None
[2026-03-15T18:40:34.384+0000] {processor.py:183} INFO - Processing /home/airflow/.local/lib/python3.11/site-packages/airflow/example_dags/example_kubernetes_executor.py took 0.067 seconds
[2026-03-15T18:40:39.228+0000] {processor.py:161} INFO - Started process (PID=299) to work on /home/airflow/.local/lib/python3.11/site-packages/airflow/example_dags/example_kubernetes_executor.py
[2026-03-15T18:40:39.229+0000] {processor.py:830} INFO - Processing file /home/airflow/.local/lib/python3.11/site-packages/airflow/example_dags/example_kubernetes_executor.py for tasks to queue
[2026-03-15T18:40:39.230+0000] {logging_mixin.py:188} INFO - [2026-03-15T18:40:39.230+0000] {dagbag.py:540} INFO - Filling up the DagBag from /home/airflow/.local/lib/python3.11/site-packages/airflow/example_dags/example_kubernetes_executor.py
[2026-03-15T18:40:39.238+0000] {processor.py:840} INFO - DAG(s) 'example_kubernetes_executor' retrieved from /home/airflow/.local/lib/python3.11/site-packages/airflow/example_dags/example_kubernetes_executor.py
[2026-03-15T18:40:39.262+0000] {logging_mixin.py:188} INFO - [2026-03-15T18:40:39.262+0000] {dag.py:3047} INFO - Sync 1 DAGs
[2026-03-15T18:40:39.271+0000] {logging_mixin.py:188} INFO - [2026-03-15T18:40:39.270+0000] {dag.py:3834} INFO - Setting next_dagrun for example_kubernetes_executor to None, run_after=None
[2026-03-15T18:40:39.294+0000] {processor.py:183} INFO - Processing /home/airflow/.local/lib/python3.11/site-packages/airflow/example_dags/example_kubernetes_executor.py took 0.069 seconds
[2026-03-15T18:40:44.092+0000] {processor.py:161} INFO - Started process (PID=341) to work on /home/airflow/.local/lib/python3.11/site-packages/airflow/example_dags/example_kubernetes_executor.py
[2026-03-15T18:40:44.093+0000] {processor.py:830} INFO - Processing file /home/airflow/.local/lib/python3.11/site-packages/airflow/example_dags/example_kubernetes_executor.py for tasks to queue
[2026-03-15T18:40:44.094+0000] {logging_mixin.py:188} INFO - [2026-03-15T18:40:44.094+0000] {dagbag.py:540} INFO - Filling up the DagBag from /home/airflow/.local/lib/python3.11/site-packages/airflow/example_dags/example_kubernetes_executor.py
[2026-03-15T18:40:44.104+0000] {processor.py:840} INFO - DAG(s) 'example_kubernetes_executor' retrieved from /home/airflow/.local/lib/python3.11/site-packages/airflow/example_dags/example_kubernetes_executor.py
[2026-03-15T18:40:44.134+0000] {logging_mixin.py:188} INFO - [2026-03-15T18:40:44.134+0000] {dag.py:3047} INFO - Sync 1 DAGs
[2026-03-15T18:40:44.143+0000] {logging_mixin.py:188} INFO - [2026-03-15T18:40:44.142+0000] {dag.py:3834} INFO - Setting next_dagrun for example_kubernetes_executor to None, run_after=None
[2026-03-15T18:40:44.156+0000] {processor.py:183} INFO - Processing /home/airflow/.local/lib/python3.11/site-packages/airflow/example_dags/example_kubernetes_executor.py took 0.067 seconds
[2026-03-15T18:40:53.945+0000] {processor.py:161} INFO - Started process (PID=380) to work on /home/airflow/.local/lib/python3.11/site-packages/airflow/example_dags/example_kubernetes_executor.py
[2026-03-15T18:40:53.946+0000] {processor.py:830} INFO - Processing file /home/airflow/.local/lib/python3.11/site-packages/airflow/example_dags/example_kubernetes_executor.py for tasks to queue
[2026-03-15T18:40:53.948+0000] {logging_mixin.py:188} INFO - [2026-03-15T18:40:53.947+0000] {dagbag.py:540} INFO - Filling up the DagBag from /home/airflow/.local/lib/python3.11/site-packages/airflow/example_dags/example_kubernetes_executor.py
[2026-03-15T18:40:53.956+0000] {processor.py:840} INFO - DAG(s) 'example_kubernetes_executor' retrieved from /home/airflow/.local/lib/python3.11/site-packages/airflow/example_dags/example_kubernetes_executor.py
[2026-03-15T18:40:53.980+0000] {logging_mixin.py:188} INFO - [2026-03-15T18:40:53.980+0000] {dag.py:3047} INFO - Sync 1 DAGs
[2026-03-15T18:40:53.987+0000] {logging_mixin.py:188} INFO - [2026-03-15T18:40:53.987+0000] {dag.py:3834} INFO - Setting next_dagrun for example_kubernetes_executor to None, run_after=None
[2026-03-15T18:40:54.000+0000] {processor.py:183} INFO - Processing /home/airflow/.local/lib/python3.11/site-packages/airflow/example_dags/example_kubernetes_executor.py took 0.057 seconds
[2026-03-15T18:41:25.166+0000] {processor.py:161} INFO - Started process (PID=420) to work on /home/airflow/.local/lib/python3.11/site-packages/airflow/example_dags/example_kubernetes_executor.py
[2026-03-15T18:41:25.167+0000] {processor.py:830} INFO - Processing file /home/airflow/.local/lib/python3.11/site-packages/airflow/example_dags/example_kubernetes_executor.py for tasks to queue
[2026-03-15T18:41:25.169+0000] {logging_mixin.py:188} INFO - [2026-03-15T18:41:25.169+0000] {dagbag.py:540} INFO - Filling up the DagBag from /home/airflow/.local/lib/python3.11/site-packages/airflow/example_dags/example_kubernetes_executor.py
[2026-03-15T18:41:25.181+0000] {processor.py:840} INFO - DAG(s) 'example_kubernetes_executor' retrieved from /home/airflow/.local/lib/python3.11/site-packages/airflow/example_dags/example_kubernetes_executor.py
[2026-03-15T18:41:25.219+0000] {logging_mixin.py:188} INFO - [2026-03-15T18:41:25.218+0000] {dag.py:3047} INFO - Sync 1 DAGs
[2026-03-15T18:41:25.230+0000] {logging_mixin.py:188} INFO - [2026-03-15T18:41:25.230+0000] {dag.py:3834} INFO - Setting next_dagrun for example_kubernetes_executor to None, run_after=None
[2026-03-15T18:41:25.246+0000] {processor.py:183} INFO - Processing /home/airflow/.local/lib/python3.11/site-packages/airflow/example_dags/example_kubernetes_executor.py took 0.083 seconds
[2026-03-15T18:41:55.622+0000] {processor.py:161} INFO - Started process (PID=466) to work on /home/airflow/.local/lib/python3.11/site-packages/airflow/example_dags/example_kubernetes_executor.py
[2026-03-15T18:41:55.623+0000] {processor.py:830} INFO - Processing file /home/airflow/.local/lib/python3.11/site-packages/airflow/example_dags/example_kubernetes_executor.py for tasks to queue
[2026-03-15T18:41:55.625+0000] {logging_mixin.py:188} INFO - [2026-03-15T18:41:55.625+0000] {dagbag.py:540} INFO - Filling up the DagBag from /home/airflow/.local/lib/python3.11/site-packages/airflow/example_dags/example_kubernetes_executor.py
[2026-03-15T18:41:55.634+0000] {processor.py:840} INFO - DAG(s) 'example_kubernetes_executor' retrieved from /home/airflow/.local/lib/python3.11/site-packages/airflow/example_dags/example_kubernetes_executor.py
[2026-03-15T18:41:55.661+0000] {logging_mixin.py:188} INFO - [2026-03-15T18:41:55.660+0000] {dag.py:3047} INFO - Sync 1 DAGs
[2026-03-15T18:41:55.671+0000] {logging_mixin.py:188} INFO - [2026-03-15T18:41:55.671+0000] {dag.py:3834} INFO - Setting next_dagrun for example_kubernetes_executor to None, run_after=None
[2026-03-15T18:41:55.686+0000] {processor.py:183} INFO - Processing /home/airflow/.local/lib/python3.11/site-packages/airflow/example_dags/example_kubernetes_executor.py took 0.067 seconds
[2026-03-15T18:42:26.263+0000] {processor.py:161} INFO - Started process (PID=522) to work on /home/airflow/.local/lib/python3.11/site-packages/airflow/example_dags/example_kubernetes_executor.py
[2026-03-15T18:42:26.264+0000] {processor.py:830} INFO - Processing file /home/airflow/.local/lib/python3.11/site-packages/airflow/example_dags/example_kubernetes_executor.py for tasks to queue
[2026-03-15T18:42:26.266+0000] {logging_mixin.py:188} INFO - [2026-03-15T18:42:26.266+0000] {dagbag.py:540} INFO - Filling up the DagBag from /home/airflow/.local/lib/python3.11/site-packages/airflow/example_dags/example_kubernetes_executor.py
[2026-03-15T18:42:26.275+0000] {processor.py:840} INFO - DAG(s) 'example_kubernetes_executor' retrieved from /home/airflow/.local/lib/python3.11/site-packages/airflow/example_dags/example_kubernetes_executor.py
[2026-03-15T18:42:26.304+0000] {logging_mixin.py:188} INFO - [2026-03-15T18:42:26.304+0000] {dag.py:3047} INFO - Sync 1 DAGs
[2026-03-15T18:42:26.313+0000] {logging_mixin.py:188} INFO - [2026-03-15T18:42:26.313+0000] {dag.py:3834} INFO - Setting next_dagrun for example_kubernetes_executor to None, run_after=None
[2026-03-15T18:42:26.328+0000] {processor.py:183} INFO - Processing /home/airflow/.local/lib/python3.11/site-packages/airflow/example_dags/example_kubernetes_executor.py took 0.068 seconds
[2026-03-15T18:42:29.790+0000] {processor.py:161} INFO - Started process (PID=569) to work on /home/airflow/.local/lib/python3.11/site-packages/airflow/example_dags/example_kubernetes_executor.py
[2026-03-15T18:42:29.791+0000] {processor.py:830} INFO - Processing file /home/airflow/.local/lib/python3.11/site-packages/airflow/example_dags/example_kubernetes_executor.py for tasks to queue
[2026-03-15T18:42:29.792+0000] {logging_mixin.py:188} INFO - [2026-03-15T18:42:29.792+0000] {dagbag.py:540} INFO - Filling up the DagBag from /home/airflow/.local/lib/python3.11/site-packages/airflow/example_dags/example_kubernetes_executor.py
[2026-03-15T18:42:29.801+0000] {processor.py:840} INFO - DAG(s) 'example_kubernetes_executor' retrieved from /home/airflow/.local/lib/python3.11/site-packages/airflow/example_dags/example_kubernetes_executor.py
[2026-03-15T18:42:29.830+0000] {logging_mixin.py:188} INFO - [2026-03-15T18:42:29.829+0000] {dag.py:3047} INFO - Sync 1 DAGs
[2026-03-15T18:42:29.839+0000] {logging_mixin.py:188} INFO - [2026-03-15T18:42:29.839+0000] {dag.py:3834} INFO - Setting next_dagrun for example_kubernetes_executor to None, run_after=None
[2026-03-15T18:42:29.854+0000] {processor.py:183} INFO - Processing /home/airflow/.local/lib/python3.11/site-packages/airflow/example_dags/example_kubernetes_executor.py took 0.067 seconds
[2026-03-15T18:42:59.990+0000] {processor.py:161} INFO - Started process (PID=619) to work on /home/airflow/.local/lib/python3.11/site-packages/airflow/example_dags/example_kubernetes_executor.py
[2026-03-15T18:42:59.991+0000] {processor.py:830} INFO - Processing file /home/airflow/.local/lib/python3.11/site-packages/airflow/example_dags/example_kubernetes_executor.py for tasks to queue
[2026-03-15T18:42:59.993+0000] {logging_mixin.py:188} INFO - [2026-03-15T18:42:59.992+0000] {dagbag.py:540} INFO - Filling up the DagBag from /home/airflow/.local/lib/python3.11/site-packages/airflow/example_dags/example_kubernetes_executor.py
[2026-03-15T18:43:00.002+0000] {processor.py:840} INFO - DAG(s) 'example_kubernetes_executor' retrieved from /home/airflow/.local/lib/python3.11/site-packages/airflow/example_dags/example_kubernetes_executor.py
[2026-03-15T18:43:00.030+0000] {logging_mixin.py:188} INFO - [2026-03-15T18:43:00.030+0000] {dag.py:3047} INFO - Sync 1 DAGs
[2026-03-15T18:43:00.039+0000] {logging_mixin.py:188} INFO - [2026-03-15T18:43:00.039+0000] {dag.py:3834} INFO - Setting next_dagrun for example_kubernetes_executor to None, run_after=None
[2026-03-15T18:43:00.052+0000] {processor.py:183} INFO - Processing /home/airflow/.local/lib/python3.11/site-packages/airflow/example_dags/example_kubernetes_executor.py took 0.065 seconds
[2026-03-15T18:43:30.508+0000] {processor.py:161} INFO - Started process (PID=669) to work on /home/airflow/.local/lib/python3.11/site-packages/airflow/example_dags/example_kubernetes_executor.py
[2026-03-15T18:43:30.509+0000] {processor.py:830} INFO - Processing file /home/airflow/.local/lib/python3.11/site-packages/airflow/example_dags/example_kubernetes_executor.py for tasks to queue
[2026-03-15T18:43:30.511+0000] {logging_mixin.py:188} INFO - [2026-03-15T18:43:30.511+0000] {dagbag.py:540} INFO - Filling up the DagBag from /home/airflow/.local/lib/python3.11/site-packages/airflow/example_dags/example_kubernetes_executor.py
[2026-03-15T18:43:30.520+0000] {processor.py:840} INFO - DAG(s) 'example_kubernetes_executor' retrieved from /home/airflow/.local/lib/python3.11/site-packages/airflow/example_dags/example_kubernetes_executor.py
[2026-03-15T18:43:30.549+0000] {logging_mixin.py:188} INFO - [2026-03-15T18:43:30.549+0000] {dag.py:3047} INFO - Sync 1 DAGs
[2026-03-15T18:43:30.559+0000] {logging_mixin.py:188} INFO - [2026-03-15T18:43:30.559+0000] {dag.py:3834} INFO - Setting next_dagrun for example_kubernetes_executor to None, run_after=None
[2026-03-15T18:43:30.575+0000] {processor.py:183} INFO - Processing /home/airflow/.local/lib/python3.11/site-packages/airflow/example_dags/example_kubernetes_executor.py took 0.070 seconds
[2026-03-15T18:43:34.838+0000] {processor.py:161} INFO - Started process (PID=723) to work on /home/airflow/.local/lib/python3.11/site-packages/airflow/example_dags/example_kubernetes_executor.py
[2026-03-15T18:43:34.839+0000] {processor.py:830} INFO - Processing file /home/airflow/.local/lib/python3.11/site-packages/airflow/example_dags/example_kubernetes_executor.py for tasks to queue
[2026-03-15T18:43:34.841+0000] {logging_mixin.py:188} INFO - [2026-03-15T18:43:34.840+0000] {dagbag.py:540} INFO - Filling up the DagBag from /home/airflow/.local/lib/python3.11/site-packages/airflow/example_dags/example_kubernetes_executor.py
[2026-03-15T18:43:34.850+0000] {processor.py:840} INFO - DAG(s) 'example_kubernetes_executor' retrieved from /home/airflow/.local/lib/python3.11/site-packages/airflow/example_dags/example_kubernetes_executor.py
[2026-03-15T18:43:34.877+0000] {logging_mixin.py:188} INFO - [2026-03-15T18:43:34.877+0000] {dag.py:3047} INFO - Sync 1 DAGs
[2026-03-15T18:43:34.886+0000] {logging_mixin.py:188} INFO - [2026-03-15T18:43:34.886+0000] {dag.py:3834} INFO - Setting next_dagrun for example_kubernetes_executor to None, run_after=None
[2026-03-15T18:43:34.899+0000] {processor.py:183} INFO - Processing /home/airflow/.local/lib/python3.11/site-packages/airflow/example_dags/example_kubernetes_executor.py took 0.064 seconds
[2026-03-15T18:44:05.040+0000] {processor.py:161} INFO - Started process (PID=776) to work on /home/airflow/.local/lib/python3.11/site-packages/airflow/example_dags/example_kubernetes_executor.py
[2026-03-15T18:44:05.041+0000] {processor.py:830} INFO - Processing file /home/airflow/.local/lib/python3.11/site-packages/airflow/example_dags/example_kubernetes_executor.py for tasks to queue
[2026-03-15T18:44:05.043+0000] {logging_mixin.py:188} INFO - [2026-03-15T18:44:05.043+0000] {dagbag.py:540} INFO - Filling up the DagBag from /home/airflow/.local/lib/python3.11/site-packages/airflow/example_dags/example_kubernetes_executor.py
[2026-03-15T18:44:05.054+0000] {processor.py:840} INFO - DAG(s) 'example_kubernetes_executor' retrieved from /home/airflow/.local/lib/python3.11/site-packages/airflow/example_dags/example_kubernetes_executor.py
[2026-03-15T18:44:05.083+0000] {logging_mixin.py:188} INFO - [2026-03-15T18:44:05.083+0000] {dag.py:3047} INFO - Sync 1 DAGs
[2026-03-15T18:44:05.092+0000] {logging_mixin.py:188} INFO - [2026-03-15T18:44:05.092+0000] {dag.py:3834} INFO - Setting next_dagrun for example_kubernetes_executor to None, run_after=None
[2026-03-15T18:44:05.106+0000] {processor.py:183} INFO - Processing /home/airflow/.local/lib/python3.11/site-packages/airflow/example_dags/example_kubernetes_executor.py took 0.069 seconds
[2026-03-15T18:44:36.948+0000] {processor.py:161} INFO - Started process (PID=829) to work on /home/airflow/.local/lib/python3.11/site-packages/airflow/example_dags/example_kubernetes_executor.py
[2026-03-15T18:44:36.949+0000] {processor.py:830} INFO - Processing file /home/airflow/.local/lib/python3.11/site-packages/airflow/example_dags/example_kubernetes_executor.py for tasks to queue
[2026-03-15T18:44:36.951+0000] {logging_mixin.py:188} INFO - [2026-03-15T18:44:36.951+0000] {dagbag.py:540} INFO - Filling up the DagBag from /home/airflow/.local/lib/python3.11/site-packages/airflow/example_dags/example_kubernetes_executor.py
[2026-03-15T18:44:36.966+0000] {processor.py:840} INFO - DAG(s) 'example_kubernetes_executor' retrieved from /home/airflow/.local/lib/python3.11/site-packages/airflow/example_dags/example_kubernetes_executor.py
[2026-03-15T18:44:37.022+0000] {logging_mixin.py:188} INFO - [2026-03-15T18:44:37.022+0000] {dag.py:3047} INFO - Sync 1 DAGs
[2026-03-15T18:44:37.033+0000] {logging_mixin.py:188} INFO - [2026-03-15T18:44:37.033+0000] {dag.py:3834} INFO - Setting next_dagrun for example_kubernetes_executor to None, run_after=None
[2026-03-15T18:44:37.055+0000] {processor.py:183} INFO - Processing /home/airflow/.local/lib/python3.11/site-packages/airflow/example_dags/example_kubernetes_executor.py took 0.112 seconds
[2026-03-15T18:44:49.102+0000] {processor.py:161} INFO - Started process (PID=879) to work on /home/airflow/.local/lib/python3.11/site-packages/airflow/example_dags/example_kubernetes_executor.py
[2026-03-15T18:44:49.103+0000] {processor.py:830} INFO - Processing file /home/airflow/.local/lib/python3.11/site-packages/airflow/example_dags/example_kubernetes_executor.py for tasks to queue
[2026-03-15T18:44:49.106+0000] {logging_mixin.py:188} INFO - [2026-03-15T18:44:49.106+0000] {dagbag.py:540} INFO - Filling up the DagBag from /home/airflow/.local/lib/python3.11/site-packages/airflow/example_dags/example_kubernetes_executor.py
[2026-03-15T18:44:49.116+0000] {processor.py:840} INFO - DAG(s) 'example_kubernetes_executor' retrieved from /home/airflow/.local/lib/python3.11/site-packages/airflow/example_dags/example_kubernetes_executor.py
[2026-03-15T18:44:49.145+0000] {logging_mixin.py:188} INFO - [2026-03-15T18:44:49.145+0000] {dag.py:3047} INFO - Sync 1 DAGs
[2026-03-15T18:44:49.153+0000] {logging_mixin.py:188} INFO - [2026-03-15T18:44:49.153+0000] {dag.py:3834} INFO - Setting next_dagrun for example_kubernetes_executor to None, run_after=None
[2026-03-15T18:44:49.167+0000] {processor.py:183} INFO - Processing /home/airflow/.local/lib/python3.11/site-packages/airflow/example_dags/example_kubernetes_executor.py took 0.068 seconds
