[2026-03-15T17:05:00.779+0000] {processor.py:161} INFO - Started process (PID=89) to work on /home/airflow/.local/lib/python3.11/site-packages/airflow/example_dags/tutorial.py
[2026-03-15T17:05:00.780+0000] {processor.py:830} INFO - Processing file /home/airflow/.local/lib/python3.11/site-packages/airflow/example_dags/tutorial.py for tasks to queue
[2026-03-15T17:05:00.782+0000] {logging_mixin.py:188} INFO - [2026-03-15T17:05:00.782+0000] {dagbag.py:540} INFO - Filling up the DagBag from /home/airflow/.local/lib/python3.11/site-packages/airflow/example_dags/tutorial.py
[2026-03-15T17:05:00.790+0000] {processor.py:840} INFO - DAG(s) 'tutorial' retrieved from /home/airflow/.local/lib/python3.11/site-packages/airflow/example_dags/tutorial.py
[2026-03-15T17:05:00.799+0000] {logging_mixin.py:188} INFO - [2026-03-15T17:05:00.799+0000] {dag.py:3047} INFO - Sync 1 DAGs
[2026-03-15T17:05:00.816+0000] {logging_mixin.py:188} INFO - [2026-03-15T17:05:00.816+0000] {dag.py:3834} INFO - Setting next_dagrun for tutorial to 2026-03-14 00:00:00+00:00, run_after=2026-03-15 00:00:00+00:00
[2026-03-15T17:05:00.832+0000] {processor.py:183} INFO - Processing /home/airflow/.local/lib/python3.11/site-packages/airflow/example_dags/tutorial.py took 0.055 seconds
[2026-03-15T17:05:32.574+0000] {processor.py:161} INFO - Started process (PID=151) to work on /home/airflow/.local/lib/python3.11/site-packages/airflow/example_dags/tutorial.py
[2026-03-15T17:05:32.578+0000] {processor.py:830} INFO - Processing file /home/airflow/.local/lib/python3.11/site-packages/airflow/example_dags/tutorial.py for tasks to queue
[2026-03-15T17:05:32.581+0000] {logging_mixin.py:188} INFO - [2026-03-15T17:05:32.580+0000] {dagbag.py:540} INFO - Filling up the DagBag from /home/airflow/.local/lib/python3.11/site-packages/airflow/example_dags/tutorial.py
[2026-03-15T17:05:32.586+0000] {processor.py:840} INFO - DAG(s) 'tutorial' retrieved from /home/airflow/.local/lib/python3.11/site-packages/airflow/example_dags/tutorial.py
[2026-03-15T17:05:32.661+0000] {logging_mixin.py:188} INFO - [2026-03-15T17:05:32.661+0000] {dag.py:3047} INFO - Sync 1 DAGs
[2026-03-15T17:05:32.676+0000] {logging_mixin.py:188} INFO - [2026-03-15T17:05:32.676+0000] {dag.py:3834} INFO - Setting next_dagrun for tutorial to 2026-03-14 00:00:00+00:00, run_after=2026-03-15 00:00:00+00:00
[2026-03-15T17:05:32.697+0000] {processor.py:183} INFO - Processing /home/airflow/.local/lib/python3.11/site-packages/airflow/example_dags/tutorial.py took 0.125 seconds
[2026-03-15T17:06:33.117+0000] {processor.py:161} INFO - Started process (PID=199) to work on /home/airflow/.local/lib/python3.11/site-packages/airflow/example_dags/tutorial.py
[2026-03-15T17:06:33.118+0000] {processor.py:830} INFO - Processing file /home/airflow/.local/lib/python3.11/site-packages/airflow/example_dags/tutorial.py for tasks to queue
[2026-03-15T17:06:33.120+0000] {logging_mixin.py:188} INFO - [2026-03-15T17:06:33.120+0000] {dagbag.py:540} INFO - Filling up the DagBag from /home/airflow/.local/lib/python3.11/site-packages/airflow/example_dags/tutorial.py
[2026-03-15T17:06:33.125+0000] {processor.py:840} INFO - DAG(s) 'tutorial' retrieved from /home/airflow/.local/lib/python3.11/site-packages/airflow/example_dags/tutorial.py
[2026-03-15T17:06:33.140+0000] {logging_mixin.py:188} INFO - [2026-03-15T17:06:33.140+0000] {dag.py:3047} INFO - Sync 1 DAGs
[2026-03-15T17:06:33.155+0000] {logging_mixin.py:188} INFO - [2026-03-15T17:06:33.155+0000] {dag.py:3834} INFO - Setting next_dagrun for tutorial to 2026-03-14 00:00:00+00:00, run_after=2026-03-15 00:00:00+00:00
[2026-03-15T17:06:33.170+0000] {processor.py:183} INFO - Processing /home/airflow/.local/lib/python3.11/site-packages/airflow/example_dags/tutorial.py took 0.056 seconds
[2026-03-15T17:06:14.754+0000] {processor.py:161} INFO - Started process (PID=263) to work on /home/airflow/.local/lib/python3.11/site-packages/airflow/example_dags/tutorial.py
[2026-03-15T17:06:14.755+0000] {processor.py:830} INFO - Processing file /home/airflow/.local/lib/python3.11/site-packages/airflow/example_dags/tutorial.py for tasks to queue
[2026-03-15T17:06:14.757+0000] {logging_mixin.py:188} INFO - [2026-03-15T17:06:14.757+0000] {dagbag.py:540} INFO - Filling up the DagBag from /home/airflow/.local/lib/python3.11/site-packages/airflow/example_dags/tutorial.py
[2026-03-15T17:06:14.762+0000] {processor.py:840} INFO - DAG(s) 'tutorial' retrieved from /home/airflow/.local/lib/python3.11/site-packages/airflow/example_dags/tutorial.py
[2026-03-15T17:06:14.778+0000] {logging_mixin.py:188} INFO - [2026-03-15T17:06:14.778+0000] {dag.py:3047} INFO - Sync 1 DAGs
[2026-03-15T17:06:14.796+0000] {logging_mixin.py:188} INFO - [2026-03-15T17:06:14.796+0000] {dag.py:3834} INFO - Setting next_dagrun for tutorial to 2026-03-14 00:00:00+00:00, run_after=2026-03-15 00:00:00+00:00
[2026-03-15T17:06:14.811+0000] {processor.py:183} INFO - Processing /home/airflow/.local/lib/python3.11/site-packages/airflow/example_dags/tutorial.py took 0.060 seconds
[2026-03-15T17:06:19.786+0000] {processor.py:161} INFO - Started process (PID=309) to work on /home/airflow/.local/lib/python3.11/site-packages/airflow/example_dags/tutorial.py
[2026-03-15T17:06:19.787+0000] {processor.py:830} INFO - Processing file /home/airflow/.local/lib/python3.11/site-packages/airflow/example_dags/tutorial.py for tasks to queue
[2026-03-15T17:06:19.789+0000] {logging_mixin.py:188} INFO - [2026-03-15T17:06:19.789+0000] {dagbag.py:540} INFO - Filling up the DagBag from /home/airflow/.local/lib/python3.11/site-packages/airflow/example_dags/tutorial.py
[2026-03-15T17:06:19.794+0000] {processor.py:840} INFO - DAG(s) 'tutorial' retrieved from /home/airflow/.local/lib/python3.11/site-packages/airflow/example_dags/tutorial.py
[2026-03-15T17:06:19.813+0000] {logging_mixin.py:188} INFO - [2026-03-15T17:06:19.813+0000] {dag.py:3047} INFO - Sync 1 DAGs
[2026-03-15T17:06:19.829+0000] {logging_mixin.py:188} INFO - [2026-03-15T17:06:19.829+0000] {dag.py:3834} INFO - Setting next_dagrun for tutorial to 2026-03-14 00:00:00+00:00, run_after=2026-03-15 00:00:00+00:00
[2026-03-15T17:06:19.847+0000] {processor.py:183} INFO - Processing /home/airflow/.local/lib/python3.11/site-packages/airflow/example_dags/tutorial.py took 0.063 seconds
[2026-03-15T17:06:30.157+0000] {processor.py:161} INFO - Started process (PID=355) to work on /home/airflow/.local/lib/python3.11/site-packages/airflow/example_dags/tutorial.py
[2026-03-15T17:06:30.158+0000] {processor.py:830} INFO - Processing file /home/airflow/.local/lib/python3.11/site-packages/airflow/example_dags/tutorial.py for tasks to queue
[2026-03-15T17:06:30.160+0000] {logging_mixin.py:188} INFO - [2026-03-15T17:06:30.160+0000] {dagbag.py:540} INFO - Filling up the DagBag from /home/airflow/.local/lib/python3.11/site-packages/airflow/example_dags/tutorial.py
[2026-03-15T17:06:30.165+0000] {processor.py:840} INFO - DAG(s) 'tutorial' retrieved from /home/airflow/.local/lib/python3.11/site-packages/airflow/example_dags/tutorial.py
[2026-03-15T17:06:30.186+0000] {logging_mixin.py:188} INFO - [2026-03-15T17:06:30.186+0000] {dag.py:3047} INFO - Sync 1 DAGs
[2026-03-15T17:06:30.204+0000] {logging_mixin.py:188} INFO - [2026-03-15T17:06:30.204+0000] {dag.py:3834} INFO - Setting next_dagrun for tutorial to 2026-03-14 00:00:00+00:00, run_after=2026-03-15 00:00:00+00:00
[2026-03-15T17:06:30.222+0000] {processor.py:183} INFO - Processing /home/airflow/.local/lib/python3.11/site-packages/airflow/example_dags/tutorial.py took 0.068 seconds
[2026-03-15T17:07:34.669+0000] {processor.py:161} INFO - Started process (PID=411) to work on /home/airflow/.local/lib/python3.11/site-packages/airflow/example_dags/tutorial.py
[2026-03-15T17:07:34.670+0000] {processor.py:830} INFO - Processing file /home/airflow/.local/lib/python3.11/site-packages/airflow/example_dags/tutorial.py for tasks to queue
[2026-03-15T17:07:34.672+0000] {logging_mixin.py:188} INFO - [2026-03-15T17:07:34.671+0000] {dagbag.py:540} INFO - Filling up the DagBag from /home/airflow/.local/lib/python3.11/site-packages/airflow/example_dags/tutorial.py
[2026-03-15T17:07:34.677+0000] {processor.py:840} INFO - DAG(s) 'tutorial' retrieved from /home/airflow/.local/lib/python3.11/site-packages/airflow/example_dags/tutorial.py
[2026-03-15T17:07:34.696+0000] {logging_mixin.py:188} INFO - [2026-03-15T17:07:34.696+0000] {dag.py:3047} INFO - Sync 1 DAGs
[2026-03-15T17:07:34.714+0000] {logging_mixin.py:188} INFO - [2026-03-15T17:07:34.714+0000] {dag.py:3834} INFO - Setting next_dagrun for tutorial to 2026-03-14 00:00:00+00:00, run_after=2026-03-15 00:00:00+00:00
[2026-03-15T17:07:34.735+0000] {processor.py:183} INFO - Processing /home/airflow/.local/lib/python3.11/site-packages/airflow/example_dags/tutorial.py took 0.070 seconds
[2026-03-15T17:07:19.922+0000] {processor.py:161} INFO - Started process (PID=467) to work on /home/airflow/.local/lib/python3.11/site-packages/airflow/example_dags/tutorial.py
[2026-03-15T17:07:19.923+0000] {processor.py:830} INFO - Processing file /home/airflow/.local/lib/python3.11/site-packages/airflow/example_dags/tutorial.py for tasks to queue
[2026-03-15T17:07:19.925+0000] {logging_mixin.py:188} INFO - [2026-03-15T17:07:19.924+0000] {dagbag.py:540} INFO - Filling up the DagBag from /home/airflow/.local/lib/python3.11/site-packages/airflow/example_dags/tutorial.py
[2026-03-15T17:07:19.930+0000] {processor.py:840} INFO - DAG(s) 'tutorial' retrieved from /home/airflow/.local/lib/python3.11/site-packages/airflow/example_dags/tutorial.py
[2026-03-15T17:07:19.946+0000] {logging_mixin.py:188} INFO - [2026-03-15T17:07:19.946+0000] {dag.py:3047} INFO - Sync 1 DAGs
[2026-03-15T17:07:19.961+0000] {logging_mixin.py:188} INFO - [2026-03-15T17:07:19.961+0000] {dag.py:3834} INFO - Setting next_dagrun for tutorial to 2026-03-14 00:00:00+00:00, run_after=2026-03-15 00:00:00+00:00
[2026-03-15T17:07:19.974+0000] {processor.py:183} INFO - Processing /home/airflow/.local/lib/python3.11/site-packages/airflow/example_dags/tutorial.py took 0.055 seconds
[2026-03-15T17:07:25.075+0000] {processor.py:161} INFO - Started process (PID=513) to work on /home/airflow/.local/lib/python3.11/site-packages/airflow/example_dags/tutorial.py
[2026-03-15T17:07:25.076+0000] {processor.py:830} INFO - Processing file /home/airflow/.local/lib/python3.11/site-packages/airflow/example_dags/tutorial.py for tasks to queue
[2026-03-15T17:07:25.078+0000] {logging_mixin.py:188} INFO - [2026-03-15T17:07:25.077+0000] {dagbag.py:540} INFO - Filling up the DagBag from /home/airflow/.local/lib/python3.11/site-packages/airflow/example_dags/tutorial.py
[2026-03-15T17:07:25.083+0000] {processor.py:840} INFO - DAG(s) 'tutorial' retrieved from /home/airflow/.local/lib/python3.11/site-packages/airflow/example_dags/tutorial.py
[2026-03-15T17:07:25.101+0000] {logging_mixin.py:188} INFO - [2026-03-15T17:07:25.101+0000] {dag.py:3047} INFO - Sync 1 DAGs
[2026-03-15T17:07:25.117+0000] {logging_mixin.py:188} INFO - [2026-03-15T17:07:25.117+0000] {dag.py:3834} INFO - Setting next_dagrun for tutorial to 2026-03-14 00:00:00+00:00, run_after=2026-03-15 00:00:00+00:00
[2026-03-15T17:07:25.134+0000] {processor.py:183} INFO - Processing /home/airflow/.local/lib/python3.11/site-packages/airflow/example_dags/tutorial.py took 0.062 seconds
[2026-03-15T17:08:19.645+0000] {processor.py:161} INFO - Started process (PID=559) to work on /home/airflow/.local/lib/python3.11/site-packages/airflow/example_dags/tutorial.py
[2026-03-15T17:08:19.646+0000] {processor.py:830} INFO - Processing file /home/airflow/.local/lib/python3.11/site-packages/airflow/example_dags/tutorial.py for tasks to queue
[2026-03-15T17:08:19.650+0000] {logging_mixin.py:188} INFO - [2026-03-15T17:08:19.649+0000] {dagbag.py:540} INFO - Filling up the DagBag from /home/airflow/.local/lib/python3.11/site-packages/airflow/example_dags/tutorial.py
[2026-03-15T17:08:19.658+0000] {processor.py:840} INFO - DAG(s) 'tutorial' retrieved from /home/airflow/.local/lib/python3.11/site-packages/airflow/example_dags/tutorial.py
[2026-03-15T17:08:19.679+0000] {logging_mixin.py:188} INFO - [2026-03-15T17:08:19.679+0000] {dag.py:3047} INFO - Sync 1 DAGs
[2026-03-15T17:08:19.694+0000] {logging_mixin.py:188} INFO - [2026-03-15T17:08:19.694+0000] {dag.py:3834} INFO - Setting next_dagrun for tutorial to 2026-03-14 00:00:00+00:00, run_after=2026-03-15 00:00:00+00:00
[2026-03-15T17:08:19.708+0000] {processor.py:183} INFO - Processing /home/airflow/.local/lib/python3.11/site-packages/airflow/example_dags/tutorial.py took 0.067 seconds
[2026-03-15T17:14:19.144+0000] {processor.py:161} INFO - Started process (PID=86) to work on /home/airflow/.local/lib/python3.11/site-packages/airflow/example_dags/tutorial.py
[2026-03-15T17:14:19.145+0000] {processor.py:830} INFO - Processing file /home/airflow/.local/lib/python3.11/site-packages/airflow/example_dags/tutorial.py for tasks to queue
[2026-03-15T17:14:19.147+0000] {logging_mixin.py:188} INFO - [2026-03-15T17:14:19.147+0000] {dagbag.py:540} INFO - Filling up the DagBag from /home/airflow/.local/lib/python3.11/site-packages/airflow/example_dags/tutorial.py
[2026-03-15T17:14:19.154+0000] {processor.py:840} INFO - DAG(s) 'tutorial' retrieved from /home/airflow/.local/lib/python3.11/site-packages/airflow/example_dags/tutorial.py
[2026-03-15T17:14:19.172+0000] {logging_mixin.py:188} INFO - [2026-03-15T17:14:19.172+0000] {dag.py:3047} INFO - Sync 1 DAGs
[2026-03-15T17:14:19.188+0000] {logging_mixin.py:188} INFO - [2026-03-15T17:14:19.188+0000] {dag.py:3834} INFO - Setting next_dagrun for tutorial to 2026-03-14 00:00:00+00:00, run_after=2026-03-15 00:00:00+00:00
[2026-03-15T17:14:19.203+0000] {processor.py:183} INFO - Processing /home/airflow/.local/lib/python3.11/site-packages/airflow/example_dags/tutorial.py took 0.061 seconds
[2026-03-15T17:14:49.487+0000] {processor.py:161} INFO - Started process (PID=137) to work on /home/airflow/.local/lib/python3.11/site-packages/airflow/example_dags/tutorial.py
[2026-03-15T17:14:49.488+0000] {processor.py:830} INFO - Processing file /home/airflow/.local/lib/python3.11/site-packages/airflow/example_dags/tutorial.py for tasks to queue
[2026-03-15T17:14:49.489+0000] {logging_mixin.py:188} INFO - [2026-03-15T17:14:49.489+0000] {dagbag.py:540} INFO - Filling up the DagBag from /home/airflow/.local/lib/python3.11/site-packages/airflow/example_dags/tutorial.py
[2026-03-15T17:14:49.495+0000] {processor.py:840} INFO - DAG(s) 'tutorial' retrieved from /home/airflow/.local/lib/python3.11/site-packages/airflow/example_dags/tutorial.py
[2026-03-15T17:14:49.513+0000] {logging_mixin.py:188} INFO - [2026-03-15T17:14:49.513+0000] {dag.py:3047} INFO - Sync 1 DAGs
[2026-03-15T17:14:49.527+0000] {logging_mixin.py:188} INFO - [2026-03-15T17:14:49.527+0000] {dag.py:3834} INFO - Setting next_dagrun for tutorial to 2026-03-14 00:00:00+00:00, run_after=2026-03-15 00:00:00+00:00
[2026-03-15T17:14:49.540+0000] {processor.py:183} INFO - Processing /home/airflow/.local/lib/python3.11/site-packages/airflow/example_dags/tutorial.py took 0.056 seconds
[2026-03-15T17:15:06.474+0000] {processor.py:161} INFO - Started process (PID=187) to work on /home/airflow/.local/lib/python3.11/site-packages/airflow/example_dags/tutorial.py
[2026-03-15T17:15:06.475+0000] {processor.py:830} INFO - Processing file /home/airflow/.local/lib/python3.11/site-packages/airflow/example_dags/tutorial.py for tasks to queue
[2026-03-15T17:15:06.476+0000] {logging_mixin.py:188} INFO - [2026-03-15T17:15:06.476+0000] {dagbag.py:540} INFO - Filling up the DagBag from /home/airflow/.local/lib/python3.11/site-packages/airflow/example_dags/tutorial.py
[2026-03-15T17:15:06.482+0000] {processor.py:840} INFO - DAG(s) 'tutorial' retrieved from /home/airflow/.local/lib/python3.11/site-packages/airflow/example_dags/tutorial.py
[2026-03-15T17:15:06.499+0000] {logging_mixin.py:188} INFO - [2026-03-15T17:15:06.499+0000] {dag.py:3047} INFO - Sync 1 DAGs
[2026-03-15T17:15:06.519+0000] {logging_mixin.py:188} INFO - [2026-03-15T17:15:06.519+0000] {dag.py:3834} INFO - Setting next_dagrun for tutorial to 2026-03-14 00:00:00+00:00, run_after=2026-03-15 00:00:00+00:00
[2026-03-15T17:15:06.534+0000] {processor.py:183} INFO - Processing /home/airflow/.local/lib/python3.11/site-packages/airflow/example_dags/tutorial.py took 0.063 seconds
[2026-03-15T17:15:36.269+0000] {processor.py:161} INFO - Started process (PID=240) to work on /home/airflow/.local/lib/python3.11/site-packages/airflow/example_dags/tutorial.py
[2026-03-15T17:15:36.270+0000] {processor.py:830} INFO - Processing file /home/airflow/.local/lib/python3.11/site-packages/airflow/example_dags/tutorial.py for tasks to queue
[2026-03-15T17:15:36.272+0000] {logging_mixin.py:188} INFO - [2026-03-15T17:15:36.272+0000] {dagbag.py:540} INFO - Filling up the DagBag from /home/airflow/.local/lib/python3.11/site-packages/airflow/example_dags/tutorial.py
[2026-03-15T17:15:36.277+0000] {processor.py:840} INFO - DAG(s) 'tutorial' retrieved from /home/airflow/.local/lib/python3.11/site-packages/airflow/example_dags/tutorial.py
[2026-03-15T17:15:36.295+0000] {logging_mixin.py:188} INFO - [2026-03-15T17:15:36.295+0000] {dag.py:3047} INFO - Sync 1 DAGs
[2026-03-15T17:15:36.311+0000] {logging_mixin.py:188} INFO - [2026-03-15T17:15:36.311+0000] {dag.py:3834} INFO - Setting next_dagrun for tutorial to 2026-03-14 00:00:00+00:00, run_after=2026-03-15 00:00:00+00:00
[2026-03-15T17:15:36.326+0000] {processor.py:183} INFO - Processing /home/airflow/.local/lib/python3.11/site-packages/airflow/example_dags/tutorial.py took 0.060 seconds
[2026-03-15T17:16:06.814+0000] {processor.py:161} INFO - Started process (PID=290) to work on /home/airflow/.local/lib/python3.11/site-packages/airflow/example_dags/tutorial.py
[2026-03-15T17:16:06.815+0000] {processor.py:830} INFO - Processing file /home/airflow/.local/lib/python3.11/site-packages/airflow/example_dags/tutorial.py for tasks to queue
[2026-03-15T17:16:06.817+0000] {logging_mixin.py:188} INFO - [2026-03-15T17:16:06.817+0000] {dagbag.py:540} INFO - Filling up the DagBag from /home/airflow/.local/lib/python3.11/site-packages/airflow/example_dags/tutorial.py
[2026-03-15T17:16:06.823+0000] {processor.py:840} INFO - DAG(s) 'tutorial' retrieved from /home/airflow/.local/lib/python3.11/site-packages/airflow/example_dags/tutorial.py
[2026-03-15T17:16:06.844+0000] {logging_mixin.py:188} INFO - [2026-03-15T17:16:06.844+0000] {dag.py:3047} INFO - Sync 1 DAGs
[2026-03-15T17:16:06.867+0000] {logging_mixin.py:188} INFO - [2026-03-15T17:16:06.867+0000] {dag.py:3834} INFO - Setting next_dagrun for tutorial to 2026-03-14 00:00:00+00:00, run_after=2026-03-15 00:00:00+00:00
[2026-03-15T17:16:06.886+0000] {processor.py:183} INFO - Processing /home/airflow/.local/lib/python3.11/site-packages/airflow/example_dags/tutorial.py took 0.075 seconds
[2026-03-15T17:16:36.383+0000] {processor.py:161} INFO - Started process (PID=349) to work on /home/airflow/.local/lib/python3.11/site-packages/airflow/example_dags/tutorial.py
[2026-03-15T17:16:36.384+0000] {processor.py:830} INFO - Processing file /home/airflow/.local/lib/python3.11/site-packages/airflow/example_dags/tutorial.py for tasks to queue
[2026-03-15T17:16:36.386+0000] {logging_mixin.py:188} INFO - [2026-03-15T17:16:36.386+0000] {dagbag.py:540} INFO - Filling up the DagBag from /home/airflow/.local/lib/python3.11/site-packages/airflow/example_dags/tutorial.py
[2026-03-15T17:16:36.391+0000] {processor.py:840} INFO - DAG(s) 'tutorial' retrieved from /home/airflow/.local/lib/python3.11/site-packages/airflow/example_dags/tutorial.py
[2026-03-15T17:16:36.407+0000] {logging_mixin.py:188} INFO - [2026-03-15T17:16:36.407+0000] {dag.py:3047} INFO - Sync 1 DAGs
[2026-03-15T17:16:36.422+0000] {logging_mixin.py:188} INFO - [2026-03-15T17:16:36.422+0000] {dag.py:3834} INFO - Setting next_dagrun for tutorial to 2026-03-14 00:00:00+00:00, run_after=2026-03-15 00:00:00+00:00
[2026-03-15T17:16:36.437+0000] {processor.py:183} INFO - Processing /home/airflow/.local/lib/python3.11/site-packages/airflow/example_dags/tutorial.py took 0.057 seconds
[2026-03-15T17:16:40.366+0000] {processor.py:161} INFO - Started process (PID=399) to work on /home/airflow/.local/lib/python3.11/site-packages/airflow/example_dags/tutorial.py
[2026-03-15T17:16:40.367+0000] {processor.py:830} INFO - Processing file /home/airflow/.local/lib/python3.11/site-packages/airflow/example_dags/tutorial.py for tasks to queue
[2026-03-15T17:16:40.369+0000] {logging_mixin.py:188} INFO - [2026-03-15T17:16:40.368+0000] {dagbag.py:540} INFO - Filling up the DagBag from /home/airflow/.local/lib/python3.11/site-packages/airflow/example_dags/tutorial.py
[2026-03-15T17:16:40.375+0000] {processor.py:840} INFO - DAG(s) 'tutorial' retrieved from /home/airflow/.local/lib/python3.11/site-packages/airflow/example_dags/tutorial.py
[2026-03-15T17:16:40.392+0000] {logging_mixin.py:188} INFO - [2026-03-15T17:16:40.391+0000] {dag.py:3047} INFO - Sync 1 DAGs
[2026-03-15T17:16:40.408+0000] {logging_mixin.py:188} INFO - [2026-03-15T17:16:40.408+0000] {dag.py:3834} INFO - Setting next_dagrun for tutorial to 2026-03-14 00:00:00+00:00, run_after=2026-03-15 00:00:00+00:00
[2026-03-15T17:16:40.428+0000] {processor.py:183} INFO - Processing /home/airflow/.local/lib/python3.11/site-packages/airflow/example_dags/tutorial.py took 0.064 seconds
[2026-03-15T17:17:10.705+0000] {processor.py:161} INFO - Started process (PID=455) to work on /home/airflow/.local/lib/python3.11/site-packages/airflow/example_dags/tutorial.py
[2026-03-15T17:17:10.707+0000] {processor.py:830} INFO - Processing file /home/airflow/.local/lib/python3.11/site-packages/airflow/example_dags/tutorial.py for tasks to queue
[2026-03-15T17:17:10.709+0000] {logging_mixin.py:188} INFO - [2026-03-15T17:17:10.708+0000] {dagbag.py:540} INFO - Filling up the DagBag from /home/airflow/.local/lib/python3.11/site-packages/airflow/example_dags/tutorial.py
[2026-03-15T17:17:10.714+0000] {processor.py:840} INFO - DAG(s) 'tutorial' retrieved from /home/airflow/.local/lib/python3.11/site-packages/airflow/example_dags/tutorial.py
[2026-03-15T17:17:10.736+0000] {logging_mixin.py:188} INFO - [2026-03-15T17:17:10.735+0000] {dag.py:3047} INFO - Sync 1 DAGs
[2026-03-15T17:17:10.759+0000] {logging_mixin.py:188} INFO - [2026-03-15T17:17:10.759+0000] {dag.py:3834} INFO - Setting next_dagrun for tutorial to 2026-03-14 00:00:00+00:00, run_after=2026-03-15 00:00:00+00:00
[2026-03-15T17:17:10.781+0000] {processor.py:183} INFO - Processing /home/airflow/.local/lib/python3.11/site-packages/airflow/example_dags/tutorial.py took 0.079 seconds
[2026-03-15T17:17:15.308+0000] {processor.py:161} INFO - Started process (PID=505) to work on /home/airflow/.local/lib/python3.11/site-packages/airflow/example_dags/tutorial.py
[2026-03-15T17:17:15.310+0000] {processor.py:830} INFO - Processing file /home/airflow/.local/lib/python3.11/site-packages/airflow/example_dags/tutorial.py for tasks to queue
[2026-03-15T17:17:15.316+0000] {logging_mixin.py:188} INFO - [2026-03-15T17:17:15.315+0000] {dagbag.py:540} INFO - Filling up the DagBag from /home/airflow/.local/lib/python3.11/site-packages/airflow/example_dags/tutorial.py
[2026-03-15T17:17:15.330+0000] {processor.py:840} INFO - DAG(s) 'tutorial' retrieved from /home/airflow/.local/lib/python3.11/site-packages/airflow/example_dags/tutorial.py
[2026-03-15T17:17:15.365+0000] {logging_mixin.py:188} INFO - [2026-03-15T17:17:15.365+0000] {dag.py:3047} INFO - Sync 1 DAGs
[2026-03-15T17:17:15.387+0000] {logging_mixin.py:188} INFO - [2026-03-15T17:17:15.386+0000] {dag.py:3834} INFO - Setting next_dagrun for tutorial to 2026-03-14 00:00:00+00:00, run_after=2026-03-15 00:00:00+00:00
[2026-03-15T17:17:15.404+0000] {processor.py:183} INFO - Processing /home/airflow/.local/lib/python3.11/site-packages/airflow/example_dags/tutorial.py took 0.103 seconds
[2026-03-15T17:17:36.368+0000] {processor.py:161} INFO - Started process (PID=561) to work on /home/airflow/.local/lib/python3.11/site-packages/airflow/example_dags/tutorial.py
[2026-03-15T17:17:36.369+0000] {processor.py:830} INFO - Processing file /home/airflow/.local/lib/python3.11/site-packages/airflow/example_dags/tutorial.py for tasks to queue
[2026-03-15T17:17:36.370+0000] {logging_mixin.py:188} INFO - [2026-03-15T17:17:36.370+0000] {dagbag.py:540} INFO - Filling up the DagBag from /home/airflow/.local/lib/python3.11/site-packages/airflow/example_dags/tutorial.py
[2026-03-15T17:17:36.376+0000] {processor.py:840} INFO - DAG(s) 'tutorial' retrieved from /home/airflow/.local/lib/python3.11/site-packages/airflow/example_dags/tutorial.py
[2026-03-15T17:17:36.393+0000] {logging_mixin.py:188} INFO - [2026-03-15T17:17:36.392+0000] {dag.py:3047} INFO - Sync 1 DAGs
[2026-03-15T17:17:36.409+0000] {logging_mixin.py:188} INFO - [2026-03-15T17:17:36.408+0000] {dag.py:3834} INFO - Setting next_dagrun for tutorial to 2026-03-14 00:00:00+00:00, run_after=2026-03-15 00:00:00+00:00
[2026-03-15T17:17:36.426+0000] {processor.py:183} INFO - Processing /home/airflow/.local/lib/python3.11/site-packages/airflow/example_dags/tutorial.py took 0.061 seconds
[2026-03-15T17:18:06.341+0000] {processor.py:161} INFO - Started process (PID=615) to work on /home/airflow/.local/lib/python3.11/site-packages/airflow/example_dags/tutorial.py
[2026-03-15T17:18:06.342+0000] {processor.py:830} INFO - Processing file /home/airflow/.local/lib/python3.11/site-packages/airflow/example_dags/tutorial.py for tasks to queue
[2026-03-15T17:18:06.344+0000] {logging_mixin.py:188} INFO - [2026-03-15T17:18:06.343+0000] {dagbag.py:540} INFO - Filling up the DagBag from /home/airflow/.local/lib/python3.11/site-packages/airflow/example_dags/tutorial.py
[2026-03-15T17:18:06.350+0000] {processor.py:840} INFO - DAG(s) 'tutorial' retrieved from /home/airflow/.local/lib/python3.11/site-packages/airflow/example_dags/tutorial.py
[2026-03-15T17:18:06.368+0000] {logging_mixin.py:188} INFO - [2026-03-15T17:18:06.368+0000] {dag.py:3047} INFO - Sync 1 DAGs
[2026-03-15T17:18:06.387+0000] {logging_mixin.py:188} INFO - [2026-03-15T17:18:06.386+0000] {dag.py:3834} INFO - Setting next_dagrun for tutorial to 2026-03-14 00:00:00+00:00, run_after=2026-03-15 00:00:00+00:00
[2026-03-15T17:18:06.403+0000] {processor.py:183} INFO - Processing /home/airflow/.local/lib/python3.11/site-packages/airflow/example_dags/tutorial.py took 0.065 seconds
[2026-03-15T17:18:37.434+0000] {processor.py:161} INFO - Started process (PID=669) to work on /home/airflow/.local/lib/python3.11/site-packages/airflow/example_dags/tutorial.py
[2026-03-15T17:18:37.436+0000] {processor.py:830} INFO - Processing file /home/airflow/.local/lib/python3.11/site-packages/airflow/example_dags/tutorial.py for tasks to queue
[2026-03-15T17:18:37.438+0000] {logging_mixin.py:188} INFO - [2026-03-15T17:18:37.438+0000] {dagbag.py:540} INFO - Filling up the DagBag from /home/airflow/.local/lib/python3.11/site-packages/airflow/example_dags/tutorial.py
[2026-03-15T17:18:37.450+0000] {processor.py:840} INFO - DAG(s) 'tutorial' retrieved from /home/airflow/.local/lib/python3.11/site-packages/airflow/example_dags/tutorial.py
[2026-03-15T17:18:37.489+0000] {logging_mixin.py:188} INFO - [2026-03-15T17:18:37.489+0000] {dag.py:3047} INFO - Sync 1 DAGs
[2026-03-15T17:18:37.526+0000] {logging_mixin.py:188} INFO - [2026-03-15T17:18:37.526+0000] {dag.py:3834} INFO - Setting next_dagrun for tutorial to 2026-03-14 00:00:00+00:00, run_after=2026-03-15 00:00:00+00:00
[2026-03-15T17:18:37.567+0000] {processor.py:183} INFO - Processing /home/airflow/.local/lib/python3.11/site-packages/airflow/example_dags/tutorial.py took 0.139 seconds
[2026-03-15T17:19:06.511+0000] {processor.py:161} INFO - Started process (PID=727) to work on /home/airflow/.local/lib/python3.11/site-packages/airflow/example_dags/tutorial.py
[2026-03-15T17:19:06.512+0000] {processor.py:830} INFO - Processing file /home/airflow/.local/lib/python3.11/site-packages/airflow/example_dags/tutorial.py for tasks to queue
[2026-03-15T17:19:06.514+0000] {logging_mixin.py:188} INFO - [2026-03-15T17:19:06.514+0000] {dagbag.py:540} INFO - Filling up the DagBag from /home/airflow/.local/lib/python3.11/site-packages/airflow/example_dags/tutorial.py
[2026-03-15T17:19:06.520+0000] {processor.py:840} INFO - DAG(s) 'tutorial' retrieved from /home/airflow/.local/lib/python3.11/site-packages/airflow/example_dags/tutorial.py
[2026-03-15T17:19:06.531+0000] {logging_mixin.py:188} INFO - [2026-03-15T17:19:06.531+0000] {dag.py:3047} INFO - Sync 1 DAGs
[2026-03-15T17:19:06.550+0000] {logging_mixin.py:188} INFO - [2026-03-15T17:19:06.550+0000] {dag.py:3834} INFO - Setting next_dagrun for tutorial to 2026-03-14 00:00:00+00:00, run_after=2026-03-15 00:00:00+00:00
[2026-03-15T17:19:06.568+0000] {processor.py:183} INFO - Processing /home/airflow/.local/lib/python3.11/site-packages/airflow/example_dags/tutorial.py took 0.060 seconds
[2026-03-15T17:19:09.672+0000] {processor.py:161} INFO - Started process (PID=772) to work on /home/airflow/.local/lib/python3.11/site-packages/airflow/example_dags/tutorial.py
[2026-03-15T17:19:09.673+0000] {processor.py:830} INFO - Processing file /home/airflow/.local/lib/python3.11/site-packages/airflow/example_dags/tutorial.py for tasks to queue
[2026-03-15T17:19:09.675+0000] {logging_mixin.py:188} INFO - [2026-03-15T17:19:09.675+0000] {dagbag.py:540} INFO - Filling up the DagBag from /home/airflow/.local/lib/python3.11/site-packages/airflow/example_dags/tutorial.py
[2026-03-15T17:19:09.680+0000] {processor.py:840} INFO - DAG(s) 'tutorial' retrieved from /home/airflow/.local/lib/python3.11/site-packages/airflow/example_dags/tutorial.py
[2026-03-15T17:19:09.689+0000] {logging_mixin.py:188} INFO - [2026-03-15T17:19:09.689+0000] {dag.py:3047} INFO - Sync 1 DAGs
[2026-03-15T17:19:09.708+0000] {logging_mixin.py:188} INFO - [2026-03-15T17:19:09.707+0000] {dag.py:3834} INFO - Setting next_dagrun for tutorial to 2026-03-14 00:00:00+00:00, run_after=2026-03-15 00:00:00+00:00
[2026-03-15T17:19:09.723+0000] {processor.py:183} INFO - Processing /home/airflow/.local/lib/python3.11/site-packages/airflow/example_dags/tutorial.py took 0.053 seconds
[2026-03-15T17:19:14.792+0000] {processor.py:161} INFO - Started process (PID=816) to work on /home/airflow/.local/lib/python3.11/site-packages/airflow/example_dags/tutorial.py
[2026-03-15T17:19:14.792+0000] {processor.py:830} INFO - Processing file /home/airflow/.local/lib/python3.11/site-packages/airflow/example_dags/tutorial.py for tasks to queue
[2026-03-15T17:19:14.794+0000] {logging_mixin.py:188} INFO - [2026-03-15T17:19:14.794+0000] {dagbag.py:540} INFO - Filling up the DagBag from /home/airflow/.local/lib/python3.11/site-packages/airflow/example_dags/tutorial.py
[2026-03-15T17:19:14.798+0000] {processor.py:840} INFO - DAG(s) 'tutorial' retrieved from /home/airflow/.local/lib/python3.11/site-packages/airflow/example_dags/tutorial.py
[2026-03-15T17:19:14.809+0000] {logging_mixin.py:188} INFO - [2026-03-15T17:19:14.808+0000] {dag.py:3047} INFO - Sync 1 DAGs
[2026-03-15T17:19:14.826+0000] {logging_mixin.py:188} INFO - [2026-03-15T17:19:14.826+0000] {dag.py:3834} INFO - Setting next_dagrun for tutorial to 2026-03-14 00:00:00+00:00, run_after=2026-03-15 00:00:00+00:00
[2026-03-15T17:19:14.838+0000] {processor.py:183} INFO - Processing /home/airflow/.local/lib/python3.11/site-packages/airflow/example_dags/tutorial.py took 0.049 seconds
[2026-03-15T17:19:19.564+0000] {processor.py:161} INFO - Started process (PID=866) to work on /home/airflow/.local/lib/python3.11/site-packages/airflow/example_dags/tutorial.py
[2026-03-15T17:19:19.564+0000] {processor.py:830} INFO - Processing file /home/airflow/.local/lib/python3.11/site-packages/airflow/example_dags/tutorial.py for tasks to queue
[2026-03-15T17:19:19.566+0000] {logging_mixin.py:188} INFO - [2026-03-15T17:19:19.566+0000] {dagbag.py:540} INFO - Filling up the DagBag from /home/airflow/.local/lib/python3.11/site-packages/airflow/example_dags/tutorial.py
[2026-03-15T17:19:19.571+0000] {processor.py:840} INFO - DAG(s) 'tutorial' retrieved from /home/airflow/.local/lib/python3.11/site-packages/airflow/example_dags/tutorial.py
[2026-03-15T17:19:19.582+0000] {logging_mixin.py:188} INFO - [2026-03-15T17:19:19.582+0000] {dag.py:3047} INFO - Sync 1 DAGs
[2026-03-15T17:19:19.597+0000] {logging_mixin.py:188} INFO - [2026-03-15T17:19:19.597+0000] {dag.py:3834} INFO - Setting next_dagrun for tutorial to 2026-03-14 00:00:00+00:00, run_after=2026-03-15 00:00:00+00:00
[2026-03-15T17:19:19.610+0000] {processor.py:183} INFO - Processing /home/airflow/.local/lib/python3.11/site-packages/airflow/example_dags/tutorial.py took 0.049 seconds
[2026-03-15T17:19:24.839+0000] {processor.py:161} INFO - Started process (PID=909) to work on /home/airflow/.local/lib/python3.11/site-packages/airflow/example_dags/tutorial.py
[2026-03-15T17:19:24.840+0000] {processor.py:830} INFO - Processing file /home/airflow/.local/lib/python3.11/site-packages/airflow/example_dags/tutorial.py for tasks to queue
[2026-03-15T17:19:24.842+0000] {logging_mixin.py:188} INFO - [2026-03-15T17:19:24.842+0000] {dagbag.py:540} INFO - Filling up the DagBag from /home/airflow/.local/lib/python3.11/site-packages/airflow/example_dags/tutorial.py
[2026-03-15T17:19:24.847+0000] {processor.py:840} INFO - DAG(s) 'tutorial' retrieved from /home/airflow/.local/lib/python3.11/site-packages/airflow/example_dags/tutorial.py
[2026-03-15T17:19:24.859+0000] {logging_mixin.py:188} INFO - [2026-03-15T17:19:24.858+0000] {dag.py:3047} INFO - Sync 1 DAGs
[2026-03-15T17:19:24.876+0000] {logging_mixin.py:188} INFO - [2026-03-15T17:19:24.875+0000] {dag.py:3834} INFO - Setting next_dagrun for tutorial to 2026-03-14 00:00:00+00:00, run_after=2026-03-15 00:00:00+00:00
[2026-03-15T17:19:24.889+0000] {processor.py:183} INFO - Processing /home/airflow/.local/lib/python3.11/site-packages/airflow/example_dags/tutorial.py took 0.053 seconds
[2026-03-15T17:19:51.306+0000] {processor.py:161} INFO - Started process (PID=89) to work on /home/airflow/.local/lib/python3.11/site-packages/airflow/example_dags/tutorial.py
[2026-03-15T17:19:51.307+0000] {processor.py:830} INFO - Processing file /home/airflow/.local/lib/python3.11/site-packages/airflow/example_dags/tutorial.py for tasks to queue
[2026-03-15T17:19:51.309+0000] {logging_mixin.py:188} INFO - [2026-03-15T17:19:51.309+0000] {dagbag.py:540} INFO - Filling up the DagBag from /home/airflow/.local/lib/python3.11/site-packages/airflow/example_dags/tutorial.py
[2026-03-15T17:19:51.316+0000] {processor.py:840} INFO - DAG(s) 'tutorial' retrieved from /home/airflow/.local/lib/python3.11/site-packages/airflow/example_dags/tutorial.py
[2026-03-15T17:19:51.332+0000] {logging_mixin.py:188} INFO - [2026-03-15T17:19:51.331+0000] {dag.py:3047} INFO - Sync 1 DAGs
[2026-03-15T17:19:51.356+0000] {logging_mixin.py:188} INFO - [2026-03-15T17:19:51.356+0000] {dag.py:3834} INFO - Setting next_dagrun for tutorial to 2026-03-14 00:00:00+00:00, run_after=2026-03-15 00:00:00+00:00
[2026-03-15T17:19:51.372+0000] {processor.py:183} INFO - Processing /home/airflow/.local/lib/python3.11/site-packages/airflow/example_dags/tutorial.py took 0.068 seconds
[2026-03-15T17:19:54.932+0000] {processor.py:161} INFO - Started process (PID=146) to work on /home/airflow/.local/lib/python3.11/site-packages/airflow/example_dags/tutorial.py
[2026-03-15T17:19:54.933+0000] {processor.py:830} INFO - Processing file /home/airflow/.local/lib/python3.11/site-packages/airflow/example_dags/tutorial.py for tasks to queue
[2026-03-15T17:19:54.934+0000] {logging_mixin.py:188} INFO - [2026-03-15T17:19:54.934+0000] {dagbag.py:540} INFO - Filling up the DagBag from /home/airflow/.local/lib/python3.11/site-packages/airflow/example_dags/tutorial.py
[2026-03-15T17:19:54.940+0000] {processor.py:840} INFO - DAG(s) 'tutorial' retrieved from /home/airflow/.local/lib/python3.11/site-packages/airflow/example_dags/tutorial.py
[2026-03-15T17:19:54.950+0000] {logging_mixin.py:188} INFO - [2026-03-15T17:19:54.950+0000] {dag.py:3047} INFO - Sync 1 DAGs
[2026-03-15T17:19:54.966+0000] {logging_mixin.py:188} INFO - [2026-03-15T17:19:54.966+0000] {dag.py:3834} INFO - Setting next_dagrun for tutorial to 2026-03-14 00:00:00+00:00, run_after=2026-03-15 00:00:00+00:00
[2026-03-15T17:19:54.980+0000] {processor.py:183} INFO - Processing /home/airflow/.local/lib/python3.11/site-packages/airflow/example_dags/tutorial.py took 0.052 seconds
[2026-03-15T17:20:06.617+0000] {processor.py:161} INFO - Started process (PID=194) to work on /home/airflow/.local/lib/python3.11/site-packages/airflow/example_dags/tutorial.py
[2026-03-15T17:20:06.618+0000] {processor.py:830} INFO - Processing file /home/airflow/.local/lib/python3.11/site-packages/airflow/example_dags/tutorial.py for tasks to queue
[2026-03-15T17:20:06.619+0000] {logging_mixin.py:188} INFO - [2026-03-15T17:20:06.619+0000] {dagbag.py:540} INFO - Filling up the DagBag from /home/airflow/.local/lib/python3.11/site-packages/airflow/example_dags/tutorial.py
[2026-03-15T17:20:06.625+0000] {processor.py:840} INFO - DAG(s) 'tutorial' retrieved from /home/airflow/.local/lib/python3.11/site-packages/airflow/example_dags/tutorial.py
[2026-03-15T17:20:06.696+0000] {logging_mixin.py:188} INFO - [2026-03-15T17:20:06.696+0000] {dag.py:3047} INFO - Sync 1 DAGs
[2026-03-15T17:20:06.709+0000] {logging_mixin.py:188} INFO - [2026-03-15T17:20:06.709+0000] {dag.py:3834} INFO - Setting next_dagrun for tutorial to 2026-03-14 00:00:00+00:00, run_after=2026-03-15 00:00:00+00:00
[2026-03-15T17:20:06.723+0000] {processor.py:183} INFO - Processing /home/airflow/.local/lib/python3.11/site-packages/airflow/example_dags/tutorial.py took 0.110 seconds
[2026-03-15T17:20:37.722+0000] {processor.py:161} INFO - Started process (PID=249) to work on /home/airflow/.local/lib/python3.11/site-packages/airflow/example_dags/tutorial.py
[2026-03-15T17:20:37.723+0000] {processor.py:830} INFO - Processing file /home/airflow/.local/lib/python3.11/site-packages/airflow/example_dags/tutorial.py for tasks to queue
[2026-03-15T17:20:37.724+0000] {logging_mixin.py:188} INFO - [2026-03-15T17:20:37.724+0000] {dagbag.py:540} INFO - Filling up the DagBag from /home/airflow/.local/lib/python3.11/site-packages/airflow/example_dags/tutorial.py
[2026-03-15T17:20:37.729+0000] {processor.py:840} INFO - DAG(s) 'tutorial' retrieved from /home/airflow/.local/lib/python3.11/site-packages/airflow/example_dags/tutorial.py
[2026-03-15T17:20:37.744+0000] {logging_mixin.py:188} INFO - [2026-03-15T17:20:37.744+0000] {dag.py:3047} INFO - Sync 1 DAGs
[2026-03-15T17:20:37.760+0000] {logging_mixin.py:188} INFO - [2026-03-15T17:20:37.759+0000] {dag.py:3834} INFO - Setting next_dagrun for tutorial to 2026-03-14 00:00:00+00:00, run_after=2026-03-15 00:00:00+00:00
[2026-03-15T17:20:37.773+0000] {processor.py:183} INFO - Processing /home/airflow/.local/lib/python3.11/site-packages/airflow/example_dags/tutorial.py took 0.053 seconds
[2026-03-15T17:20:40.183+0000] {processor.py:161} INFO - Started process (PID=299) to work on /home/airflow/.local/lib/python3.11/site-packages/airflow/example_dags/tutorial.py
[2026-03-15T17:20:40.184+0000] {processor.py:830} INFO - Processing file /home/airflow/.local/lib/python3.11/site-packages/airflow/example_dags/tutorial.py for tasks to queue
[2026-03-15T17:20:40.186+0000] {logging_mixin.py:188} INFO - [2026-03-15T17:20:40.185+0000] {dagbag.py:540} INFO - Filling up the DagBag from /home/airflow/.local/lib/python3.11/site-packages/airflow/example_dags/tutorial.py
[2026-03-15T17:20:40.191+0000] {processor.py:840} INFO - DAG(s) 'tutorial' retrieved from /home/airflow/.local/lib/python3.11/site-packages/airflow/example_dags/tutorial.py
[2026-03-15T17:20:40.207+0000] {logging_mixin.py:188} INFO - [2026-03-15T17:20:40.207+0000] {dag.py:3047} INFO - Sync 1 DAGs
[2026-03-15T17:20:40.221+0000] {logging_mixin.py:188} INFO - [2026-03-15T17:20:40.221+0000] {dag.py:3834} INFO - Setting next_dagrun for tutorial to 2026-03-14 00:00:00+00:00, run_after=2026-03-15 00:00:00+00:00
[2026-03-15T17:20:40.234+0000] {processor.py:183} INFO - Processing /home/airflow/.local/lib/python3.11/site-packages/airflow/example_dags/tutorial.py took 0.054 seconds
[2026-03-15T17:21:10.662+0000] {processor.py:161} INFO - Started process (PID=353) to work on /home/airflow/.local/lib/python3.11/site-packages/airflow/example_dags/tutorial.py
[2026-03-15T17:21:10.663+0000] {processor.py:830} INFO - Processing file /home/airflow/.local/lib/python3.11/site-packages/airflow/example_dags/tutorial.py for tasks to queue
[2026-03-15T17:21:10.665+0000] {logging_mixin.py:188} INFO - [2026-03-15T17:21:10.665+0000] {dagbag.py:540} INFO - Filling up the DagBag from /home/airflow/.local/lib/python3.11/site-packages/airflow/example_dags/tutorial.py
[2026-03-15T17:21:10.670+0000] {processor.py:840} INFO - DAG(s) 'tutorial' retrieved from /home/airflow/.local/lib/python3.11/site-packages/airflow/example_dags/tutorial.py
[2026-03-15T17:21:10.685+0000] {logging_mixin.py:188} INFO - [2026-03-15T17:21:10.685+0000] {dag.py:3047} INFO - Sync 1 DAGs
[2026-03-15T17:21:10.700+0000] {logging_mixin.py:188} INFO - [2026-03-15T17:21:10.700+0000] {dag.py:3834} INFO - Setting next_dagrun for tutorial to 2026-03-14 00:00:00+00:00, run_after=2026-03-15 00:00:00+00:00
[2026-03-15T17:21:10.715+0000] {processor.py:183} INFO - Processing /home/airflow/.local/lib/python3.11/site-packages/airflow/example_dags/tutorial.py took 0.056 seconds
[2026-03-15T17:21:15.083+0000] {processor.py:161} INFO - Started process (PID=401) to work on /home/airflow/.local/lib/python3.11/site-packages/airflow/example_dags/tutorial.py
[2026-03-15T17:21:15.084+0000] {processor.py:830} INFO - Processing file /home/airflow/.local/lib/python3.11/site-packages/airflow/example_dags/tutorial.py for tasks to queue
[2026-03-15T17:21:15.086+0000] {logging_mixin.py:188} INFO - [2026-03-15T17:21:15.086+0000] {dagbag.py:540} INFO - Filling up the DagBag from /home/airflow/.local/lib/python3.11/site-packages/airflow/example_dags/tutorial.py
[2026-03-15T17:21:15.091+0000] {processor.py:840} INFO - DAG(s) 'tutorial' retrieved from /home/airflow/.local/lib/python3.11/site-packages/airflow/example_dags/tutorial.py
[2026-03-15T17:21:15.106+0000] {logging_mixin.py:188} INFO - [2026-03-15T17:21:15.106+0000] {dag.py:3047} INFO - Sync 1 DAGs
[2026-03-15T17:21:15.122+0000] {logging_mixin.py:188} INFO - [2026-03-15T17:21:15.122+0000] {dag.py:3834} INFO - Setting next_dagrun for tutorial to 2026-03-14 00:00:00+00:00, run_after=2026-03-15 00:00:00+00:00
[2026-03-15T17:21:15.135+0000] {processor.py:183} INFO - Processing /home/airflow/.local/lib/python3.11/site-packages/airflow/example_dags/tutorial.py took 0.055 seconds
[2026-03-15T17:21:36.436+0000] {processor.py:161} INFO - Started process (PID=456) to work on /home/airflow/.local/lib/python3.11/site-packages/airflow/example_dags/tutorial.py
[2026-03-15T17:21:36.437+0000] {processor.py:830} INFO - Processing file /home/airflow/.local/lib/python3.11/site-packages/airflow/example_dags/tutorial.py for tasks to queue
[2026-03-15T17:21:36.439+0000] {logging_mixin.py:188} INFO - [2026-03-15T17:21:36.438+0000] {dagbag.py:540} INFO - Filling up the DagBag from /home/airflow/.local/lib/python3.11/site-packages/airflow/example_dags/tutorial.py
[2026-03-15T17:21:36.444+0000] {processor.py:840} INFO - DAG(s) 'tutorial' retrieved from /home/airflow/.local/lib/python3.11/site-packages/airflow/example_dags/tutorial.py
[2026-03-15T17:21:36.460+0000] {logging_mixin.py:188} INFO - [2026-03-15T17:21:36.460+0000] {dag.py:3047} INFO - Sync 1 DAGs
[2026-03-15T17:21:36.477+0000] {logging_mixin.py:188} INFO - [2026-03-15T17:21:36.477+0000] {dag.py:3834} INFO - Setting next_dagrun for tutorial to 2026-03-14 00:00:00+00:00, run_after=2026-03-15 00:00:00+00:00
[2026-03-15T17:21:36.493+0000] {processor.py:183} INFO - Processing /home/airflow/.local/lib/python3.11/site-packages/airflow/example_dags/tutorial.py took 0.060 seconds
[2026-03-15T17:22:06.780+0000] {processor.py:161} INFO - Started process (PID=510) to work on /home/airflow/.local/lib/python3.11/site-packages/airflow/example_dags/tutorial.py
[2026-03-15T17:22:06.782+0000] {processor.py:830} INFO - Processing file /home/airflow/.local/lib/python3.11/site-packages/airflow/example_dags/tutorial.py for tasks to queue
[2026-03-15T17:22:06.784+0000] {logging_mixin.py:188} INFO - [2026-03-15T17:22:06.784+0000] {dagbag.py:540} INFO - Filling up the DagBag from /home/airflow/.local/lib/python3.11/site-packages/airflow/example_dags/tutorial.py
[2026-03-15T17:22:06.789+0000] {processor.py:840} INFO - DAG(s) 'tutorial' retrieved from /home/airflow/.local/lib/python3.11/site-packages/airflow/example_dags/tutorial.py
[2026-03-15T17:22:06.806+0000] {logging_mixin.py:188} INFO - [2026-03-15T17:22:06.805+0000] {dag.py:3047} INFO - Sync 1 DAGs
[2026-03-15T17:22:06.822+0000] {logging_mixin.py:188} INFO - [2026-03-15T17:22:06.822+0000] {dag.py:3834} INFO - Setting next_dagrun for tutorial to 2026-03-14 00:00:00+00:00, run_after=2026-03-15 00:00:00+00:00
[2026-03-15T17:22:06.838+0000] {processor.py:183} INFO - Processing /home/airflow/.local/lib/python3.11/site-packages/airflow/example_dags/tutorial.py took 0.061 seconds
[2026-03-15T17:22:10.242+0000] {processor.py:161} INFO - Started process (PID=560) to work on /home/airflow/.local/lib/python3.11/site-packages/airflow/example_dags/tutorial.py
[2026-03-15T17:22:10.243+0000] {processor.py:830} INFO - Processing file /home/airflow/.local/lib/python3.11/site-packages/airflow/example_dags/tutorial.py for tasks to queue
[2026-03-15T17:22:10.246+0000] {logging_mixin.py:188} INFO - [2026-03-15T17:22:10.245+0000] {dagbag.py:540} INFO - Filling up the DagBag from /home/airflow/.local/lib/python3.11/site-packages/airflow/example_dags/tutorial.py
[2026-03-15T17:22:10.250+0000] {processor.py:840} INFO - DAG(s) 'tutorial' retrieved from /home/airflow/.local/lib/python3.11/site-packages/airflow/example_dags/tutorial.py
[2026-03-15T17:22:10.266+0000] {logging_mixin.py:188} INFO - [2026-03-15T17:22:10.266+0000] {dag.py:3047} INFO - Sync 1 DAGs
[2026-03-15T17:22:10.280+0000] {logging_mixin.py:188} INFO - [2026-03-15T17:22:10.280+0000] {dag.py:3834} INFO - Setting next_dagrun for tutorial to 2026-03-14 00:00:00+00:00, run_after=2026-03-15 00:00:00+00:00
[2026-03-15T17:22:10.294+0000] {processor.py:183} INFO - Processing /home/airflow/.local/lib/python3.11/site-packages/airflow/example_dags/tutorial.py took 0.054 seconds
[2026-03-15T17:22:40.481+0000] {processor.py:161} INFO - Started process (PID=613) to work on /home/airflow/.local/lib/python3.11/site-packages/airflow/example_dags/tutorial.py
[2026-03-15T17:22:40.482+0000] {processor.py:830} INFO - Processing file /home/airflow/.local/lib/python3.11/site-packages/airflow/example_dags/tutorial.py for tasks to queue
[2026-03-15T17:22:40.483+0000] {logging_mixin.py:188} INFO - [2026-03-15T17:22:40.483+0000] {dagbag.py:540} INFO - Filling up the DagBag from /home/airflow/.local/lib/python3.11/site-packages/airflow/example_dags/tutorial.py
[2026-03-15T17:22:40.488+0000] {processor.py:840} INFO - DAG(s) 'tutorial' retrieved from /home/airflow/.local/lib/python3.11/site-packages/airflow/example_dags/tutorial.py
[2026-03-15T17:22:40.503+0000] {logging_mixin.py:188} INFO - [2026-03-15T17:22:40.503+0000] {dag.py:3047} INFO - Sync 1 DAGs
[2026-03-15T17:22:40.519+0000] {logging_mixin.py:188} INFO - [2026-03-15T17:22:40.519+0000] {dag.py:3834} INFO - Setting next_dagrun for tutorial to 2026-03-14 00:00:00+00:00, run_after=2026-03-15 00:00:00+00:00
[2026-03-15T17:22:40.533+0000] {processor.py:183} INFO - Processing /home/airflow/.local/lib/python3.11/site-packages/airflow/example_dags/tutorial.py took 0.055 seconds
[2026-03-15T17:23:10.880+0000] {processor.py:161} INFO - Started process (PID=667) to work on /home/airflow/.local/lib/python3.11/site-packages/airflow/example_dags/tutorial.py
[2026-03-15T17:23:10.881+0000] {processor.py:830} INFO - Processing file /home/airflow/.local/lib/python3.11/site-packages/airflow/example_dags/tutorial.py for tasks to queue
[2026-03-15T17:23:10.883+0000] {logging_mixin.py:188} INFO - [2026-03-15T17:23:10.883+0000] {dagbag.py:540} INFO - Filling up the DagBag from /home/airflow/.local/lib/python3.11/site-packages/airflow/example_dags/tutorial.py
[2026-03-15T17:23:10.889+0000] {processor.py:840} INFO - DAG(s) 'tutorial' retrieved from /home/airflow/.local/lib/python3.11/site-packages/airflow/example_dags/tutorial.py
[2026-03-15T17:23:10.905+0000] {logging_mixin.py:188} INFO - [2026-03-15T17:23:10.904+0000] {dag.py:3047} INFO - Sync 1 DAGs
[2026-03-15T17:23:10.920+0000] {logging_mixin.py:188} INFO - [2026-03-15T17:23:10.920+0000] {dag.py:3834} INFO - Setting next_dagrun for tutorial to 2026-03-14 00:00:00+00:00, run_after=2026-03-15 00:00:00+00:00
[2026-03-15T17:23:10.934+0000] {processor.py:183} INFO - Processing /home/airflow/.local/lib/python3.11/site-packages/airflow/example_dags/tutorial.py took 0.057 seconds
[2026-03-15T17:23:15.201+0000] {processor.py:161} INFO - Started process (PID=717) to work on /home/airflow/.local/lib/python3.11/site-packages/airflow/example_dags/tutorial.py
[2026-03-15T17:23:15.202+0000] {processor.py:830} INFO - Processing file /home/airflow/.local/lib/python3.11/site-packages/airflow/example_dags/tutorial.py for tasks to queue
[2026-03-15T17:23:15.206+0000] {logging_mixin.py:188} INFO - [2026-03-15T17:23:15.205+0000] {dagbag.py:540} INFO - Filling up the DagBag from /home/airflow/.local/lib/python3.11/site-packages/airflow/example_dags/tutorial.py
[2026-03-15T17:23:15.216+0000] {processor.py:840} INFO - DAG(s) 'tutorial' retrieved from /home/airflow/.local/lib/python3.11/site-packages/airflow/example_dags/tutorial.py
[2026-03-15T17:23:15.232+0000] {logging_mixin.py:188} INFO - [2026-03-15T17:23:15.232+0000] {dag.py:3047} INFO - Sync 1 DAGs
[2026-03-15T17:23:15.247+0000] {logging_mixin.py:188} INFO - [2026-03-15T17:23:15.247+0000] {dag.py:3834} INFO - Setting next_dagrun for tutorial to 2026-03-14 00:00:00+00:00, run_after=2026-03-15 00:00:00+00:00
[2026-03-15T17:23:15.260+0000] {processor.py:183} INFO - Processing /home/airflow/.local/lib/python3.11/site-packages/airflow/example_dags/tutorial.py took 0.062 seconds
[2026-03-15T17:23:20.577+0000] {processor.py:161} INFO - Started process (PID=764) to work on /home/airflow/.local/lib/python3.11/site-packages/airflow/example_dags/tutorial.py
[2026-03-15T17:23:20.578+0000] {processor.py:830} INFO - Processing file /home/airflow/.local/lib/python3.11/site-packages/airflow/example_dags/tutorial.py for tasks to queue
[2026-03-15T17:23:20.580+0000] {logging_mixin.py:188} INFO - [2026-03-15T17:23:20.580+0000] {dagbag.py:540} INFO - Filling up the DagBag from /home/airflow/.local/lib/python3.11/site-packages/airflow/example_dags/tutorial.py
[2026-03-15T17:23:20.586+0000] {processor.py:840} INFO - DAG(s) 'tutorial' retrieved from /home/airflow/.local/lib/python3.11/site-packages/airflow/example_dags/tutorial.py
[2026-03-15T17:23:20.604+0000] {logging_mixin.py:188} INFO - [2026-03-15T17:23:20.604+0000] {dag.py:3047} INFO - Sync 1 DAGs
[2026-03-15T17:23:20.623+0000] {logging_mixin.py:188} INFO - [2026-03-15T17:23:20.623+0000] {dag.py:3834} INFO - Setting next_dagrun for tutorial to 2026-03-14 00:00:00+00:00, run_after=2026-03-15 00:00:00+00:00
[2026-03-15T17:23:20.639+0000] {processor.py:183} INFO - Processing /home/airflow/.local/lib/python3.11/site-packages/airflow/example_dags/tutorial.py took 0.066 seconds
[2026-03-15T17:23:50.838+0000] {processor.py:161} INFO - Started process (PID=817) to work on /home/airflow/.local/lib/python3.11/site-packages/airflow/example_dags/tutorial.py
[2026-03-15T17:23:50.839+0000] {processor.py:830} INFO - Processing file /home/airflow/.local/lib/python3.11/site-packages/airflow/example_dags/tutorial.py for tasks to queue
[2026-03-15T17:23:50.843+0000] {logging_mixin.py:188} INFO - [2026-03-15T17:23:50.842+0000] {dagbag.py:540} INFO - Filling up the DagBag from /home/airflow/.local/lib/python3.11/site-packages/airflow/example_dags/tutorial.py
[2026-03-15T17:23:50.849+0000] {processor.py:840} INFO - DAG(s) 'tutorial' retrieved from /home/airflow/.local/lib/python3.11/site-packages/airflow/example_dags/tutorial.py
[2026-03-15T17:23:50.863+0000] {logging_mixin.py:188} INFO - [2026-03-15T17:23:50.863+0000] {dag.py:3047} INFO - Sync 1 DAGs
[2026-03-15T17:23:50.879+0000] {logging_mixin.py:188} INFO - [2026-03-15T17:23:50.879+0000] {dag.py:3834} INFO - Setting next_dagrun for tutorial to 2026-03-14 00:00:00+00:00, run_after=2026-03-15 00:00:00+00:00
[2026-03-15T17:23:50.893+0000] {processor.py:183} INFO - Processing /home/airflow/.local/lib/python3.11/site-packages/airflow/example_dags/tutorial.py took 0.057 seconds
[2026-03-15T17:23:55.290+0000] {processor.py:161} INFO - Started process (PID=873) to work on /home/airflow/.local/lib/python3.11/site-packages/airflow/example_dags/tutorial.py
[2026-03-15T17:23:55.291+0000] {processor.py:830} INFO - Processing file /home/airflow/.local/lib/python3.11/site-packages/airflow/example_dags/tutorial.py for tasks to queue
[2026-03-15T17:23:55.293+0000] {logging_mixin.py:188} INFO - [2026-03-15T17:23:55.293+0000] {dagbag.py:540} INFO - Filling up the DagBag from /home/airflow/.local/lib/python3.11/site-packages/airflow/example_dags/tutorial.py
[2026-03-15T17:23:55.298+0000] {processor.py:840} INFO - DAG(s) 'tutorial' retrieved from /home/airflow/.local/lib/python3.11/site-packages/airflow/example_dags/tutorial.py
[2026-03-15T17:23:55.315+0000] {logging_mixin.py:188} INFO - [2026-03-15T17:23:55.315+0000] {dag.py:3047} INFO - Sync 1 DAGs
[2026-03-15T17:23:55.332+0000] {logging_mixin.py:188} INFO - [2026-03-15T17:23:55.332+0000] {dag.py:3834} INFO - Setting next_dagrun for tutorial to 2026-03-14 00:00:00+00:00, run_after=2026-03-15 00:00:00+00:00
[2026-03-15T17:23:55.347+0000] {processor.py:183} INFO - Processing /home/airflow/.local/lib/python3.11/site-packages/airflow/example_dags/tutorial.py took 0.059 seconds
[2026-03-15T17:24:25.636+0000] {processor.py:161} INFO - Started process (PID=925) to work on /home/airflow/.local/lib/python3.11/site-packages/airflow/example_dags/tutorial.py
[2026-03-15T17:24:25.638+0000] {processor.py:830} INFO - Processing file /home/airflow/.local/lib/python3.11/site-packages/airflow/example_dags/tutorial.py for tasks to queue
[2026-03-15T17:24:25.640+0000] {logging_mixin.py:188} INFO - [2026-03-15T17:24:25.640+0000] {dagbag.py:540} INFO - Filling up the DagBag from /home/airflow/.local/lib/python3.11/site-packages/airflow/example_dags/tutorial.py
[2026-03-15T17:24:25.645+0000] {processor.py:840} INFO - DAG(s) 'tutorial' retrieved from /home/airflow/.local/lib/python3.11/site-packages/airflow/example_dags/tutorial.py
[2026-03-15T17:24:25.660+0000] {logging_mixin.py:188} INFO - [2026-03-15T17:24:25.660+0000] {dag.py:3047} INFO - Sync 1 DAGs
[2026-03-15T17:24:25.676+0000] {logging_mixin.py:188} INFO - [2026-03-15T17:24:25.676+0000] {dag.py:3834} INFO - Setting next_dagrun for tutorial to 2026-03-14 00:00:00+00:00, run_after=2026-03-15 00:00:00+00:00
[2026-03-15T17:24:25.690+0000] {processor.py:183} INFO - Processing /home/airflow/.local/lib/python3.11/site-packages/airflow/example_dags/tutorial.py took 0.056 seconds
[2026-03-15T17:24:30.533+0000] {processor.py:161} INFO - Started process (PID=975) to work on /home/airflow/.local/lib/python3.11/site-packages/airflow/example_dags/tutorial.py
[2026-03-15T17:24:30.534+0000] {processor.py:830} INFO - Processing file /home/airflow/.local/lib/python3.11/site-packages/airflow/example_dags/tutorial.py for tasks to queue
[2026-03-15T17:24:30.536+0000] {logging_mixin.py:188} INFO - [2026-03-15T17:24:30.535+0000] {dagbag.py:540} INFO - Filling up the DagBag from /home/airflow/.local/lib/python3.11/site-packages/airflow/example_dags/tutorial.py
[2026-03-15T17:24:30.541+0000] {processor.py:840} INFO - DAG(s) 'tutorial' retrieved from /home/airflow/.local/lib/python3.11/site-packages/airflow/example_dags/tutorial.py
[2026-03-15T17:24:30.558+0000] {logging_mixin.py:188} INFO - [2026-03-15T17:24:30.558+0000] {dag.py:3047} INFO - Sync 1 DAGs
[2026-03-15T17:24:30.578+0000] {logging_mixin.py:188} INFO - [2026-03-15T17:24:30.578+0000] {dag.py:3834} INFO - Setting next_dagrun for tutorial to 2026-03-14 00:00:00+00:00, run_after=2026-03-15 00:00:00+00:00
[2026-03-15T17:24:30.598+0000] {processor.py:183} INFO - Processing /home/airflow/.local/lib/python3.11/site-packages/airflow/example_dags/tutorial.py took 0.067 seconds
[2026-03-15T17:25:18.878+0000] {processor.py:161} INFO - Started process (PID=95) to work on /home/airflow/.local/lib/python3.11/site-packages/airflow/example_dags/tutorial.py
[2026-03-15T17:25:18.879+0000] {processor.py:830} INFO - Processing file /home/airflow/.local/lib/python3.11/site-packages/airflow/example_dags/tutorial.py for tasks to queue
[2026-03-15T17:25:18.882+0000] {logging_mixin.py:188} INFO - [2026-03-15T17:25:18.881+0000] {dagbag.py:540} INFO - Filling up the DagBag from /home/airflow/.local/lib/python3.11/site-packages/airflow/example_dags/tutorial.py
[2026-03-15T17:25:18.894+0000] {processor.py:840} INFO - DAG(s) 'tutorial' retrieved from /home/airflow/.local/lib/python3.11/site-packages/airflow/example_dags/tutorial.py
[2026-03-15T17:25:18.910+0000] {logging_mixin.py:188} INFO - [2026-03-15T17:25:18.909+0000] {dag.py:3047} INFO - Sync 1 DAGs
[2026-03-15T17:25:18.933+0000] {logging_mixin.py:188} INFO - [2026-03-15T17:25:18.932+0000] {dag.py:3834} INFO - Setting next_dagrun for tutorial to 2026-03-14 00:00:00+00:00, run_after=2026-03-15 00:00:00+00:00
[2026-03-15T17:25:18.952+0000] {processor.py:183} INFO - Processing /home/airflow/.local/lib/python3.11/site-packages/airflow/example_dags/tutorial.py took 0.078 seconds
[2026-03-15T17:25:36.632+0000] {processor.py:161} INFO - Started process (PID=145) to work on /home/airflow/.local/lib/python3.11/site-packages/airflow/example_dags/tutorial.py
[2026-03-15T17:25:36.633+0000] {processor.py:830} INFO - Processing file /home/airflow/.local/lib/python3.11/site-packages/airflow/example_dags/tutorial.py for tasks to queue
[2026-03-15T17:25:36.634+0000] {logging_mixin.py:188} INFO - [2026-03-15T17:25:36.634+0000] {dagbag.py:540} INFO - Filling up the DagBag from /home/airflow/.local/lib/python3.11/site-packages/airflow/example_dags/tutorial.py
[2026-03-15T17:25:36.639+0000] {processor.py:840} INFO - DAG(s) 'tutorial' retrieved from /home/airflow/.local/lib/python3.11/site-packages/airflow/example_dags/tutorial.py
[2026-03-15T17:25:36.709+0000] {logging_mixin.py:188} INFO - [2026-03-15T17:25:36.709+0000] {dag.py:3047} INFO - Sync 1 DAGs
[2026-03-15T17:25:36.721+0000] {logging_mixin.py:188} INFO - [2026-03-15T17:25:36.721+0000] {dag.py:3834} INFO - Setting next_dagrun for tutorial to 2026-03-14 00:00:00+00:00, run_after=2026-03-15 00:00:00+00:00
[2026-03-15T17:25:36.735+0000] {processor.py:183} INFO - Processing /home/airflow/.local/lib/python3.11/site-packages/airflow/example_dags/tutorial.py took 0.107 seconds
[2026-03-15T17:25:40.329+0000] {processor.py:161} INFO - Started process (PID=191) to work on /home/airflow/.local/lib/python3.11/site-packages/airflow/example_dags/tutorial.py
[2026-03-15T17:25:40.330+0000] {processor.py:830} INFO - Processing file /home/airflow/.local/lib/python3.11/site-packages/airflow/example_dags/tutorial.py for tasks to queue
[2026-03-15T17:25:40.331+0000] {logging_mixin.py:188} INFO - [2026-03-15T17:25:40.331+0000] {dagbag.py:540} INFO - Filling up the DagBag from /home/airflow/.local/lib/python3.11/site-packages/airflow/example_dags/tutorial.py
[2026-03-15T17:25:40.336+0000] {processor.py:840} INFO - DAG(s) 'tutorial' retrieved from /home/airflow/.local/lib/python3.11/site-packages/airflow/example_dags/tutorial.py
[2026-03-15T17:25:40.346+0000] {logging_mixin.py:188} INFO - [2026-03-15T17:25:40.346+0000] {dag.py:3047} INFO - Sync 1 DAGs
[2026-03-15T17:25:40.363+0000] {logging_mixin.py:188} INFO - [2026-03-15T17:25:40.363+0000] {dag.py:3834} INFO - Setting next_dagrun for tutorial to 2026-03-14 00:00:00+00:00, run_after=2026-03-15 00:00:00+00:00
[2026-03-15T17:25:40.378+0000] {processor.py:183} INFO - Processing /home/airflow/.local/lib/python3.11/site-packages/airflow/example_dags/tutorial.py took 0.052 seconds
[2026-03-15T17:25:45.483+0000] {processor.py:161} INFO - Started process (PID=234) to work on /home/airflow/.local/lib/python3.11/site-packages/airflow/example_dags/tutorial.py
[2026-03-15T17:25:45.484+0000] {processor.py:830} INFO - Processing file /home/airflow/.local/lib/python3.11/site-packages/airflow/example_dags/tutorial.py for tasks to queue
[2026-03-15T17:25:45.486+0000] {logging_mixin.py:188} INFO - [2026-03-15T17:25:45.486+0000] {dagbag.py:540} INFO - Filling up the DagBag from /home/airflow/.local/lib/python3.11/site-packages/airflow/example_dags/tutorial.py
[2026-03-15T17:25:45.492+0000] {processor.py:840} INFO - DAG(s) 'tutorial' retrieved from /home/airflow/.local/lib/python3.11/site-packages/airflow/example_dags/tutorial.py
[2026-03-15T17:25:45.505+0000] {logging_mixin.py:188} INFO - [2026-03-15T17:25:45.505+0000] {dag.py:3047} INFO - Sync 1 DAGs
[2026-03-15T17:25:45.521+0000] {logging_mixin.py:188} INFO - [2026-03-15T17:25:45.521+0000] {dag.py:3834} INFO - Setting next_dagrun for tutorial to 2026-03-14 00:00:00+00:00, run_after=2026-03-15 00:00:00+00:00
[2026-03-15T17:25:45.539+0000] {processor.py:183} INFO - Processing /home/airflow/.local/lib/python3.11/site-packages/airflow/example_dags/tutorial.py took 0.063 seconds
[2026-03-15T17:25:50.477+0000] {processor.py:161} INFO - Started process (PID=283) to work on /home/airflow/.local/lib/python3.11/site-packages/airflow/example_dags/tutorial.py
[2026-03-15T17:25:50.478+0000] {processor.py:830} INFO - Processing file /home/airflow/.local/lib/python3.11/site-packages/airflow/example_dags/tutorial.py for tasks to queue
[2026-03-15T17:25:50.479+0000] {logging_mixin.py:188} INFO - [2026-03-15T17:25:50.479+0000] {dagbag.py:540} INFO - Filling up the DagBag from /home/airflow/.local/lib/python3.11/site-packages/airflow/example_dags/tutorial.py
[2026-03-15T17:25:50.484+0000] {processor.py:840} INFO - DAG(s) 'tutorial' retrieved from /home/airflow/.local/lib/python3.11/site-packages/airflow/example_dags/tutorial.py
[2026-03-15T17:25:50.494+0000] {logging_mixin.py:188} INFO - [2026-03-15T17:25:50.494+0000] {dag.py:3047} INFO - Sync 1 DAGs
[2026-03-15T17:25:50.511+0000] {logging_mixin.py:188} INFO - [2026-03-15T17:25:50.511+0000] {dag.py:3834} INFO - Setting next_dagrun for tutorial to 2026-03-14 00:00:00+00:00, run_after=2026-03-15 00:00:00+00:00
[2026-03-15T17:25:50.528+0000] {processor.py:183} INFO - Processing /home/airflow/.local/lib/python3.11/site-packages/airflow/example_dags/tutorial.py took 0.054 seconds
[2026-03-15T17:26:20.750+0000] {processor.py:161} INFO - Started process (PID=334) to work on /home/airflow/.local/lib/python3.11/site-packages/airflow/example_dags/tutorial.py
[2026-03-15T17:26:20.751+0000] {processor.py:830} INFO - Processing file /home/airflow/.local/lib/python3.11/site-packages/airflow/example_dags/tutorial.py for tasks to queue
[2026-03-15T17:26:20.754+0000] {logging_mixin.py:188} INFO - [2026-03-15T17:26:20.753+0000] {dagbag.py:540} INFO - Filling up the DagBag from /home/airflow/.local/lib/python3.11/site-packages/airflow/example_dags/tutorial.py
[2026-03-15T17:26:20.760+0000] {processor.py:840} INFO - DAG(s) 'tutorial' retrieved from /home/airflow/.local/lib/python3.11/site-packages/airflow/example_dags/tutorial.py
[2026-03-15T17:26:20.778+0000] {logging_mixin.py:188} INFO - [2026-03-15T17:26:20.778+0000] {dag.py:3047} INFO - Sync 1 DAGs
[2026-03-15T17:26:20.796+0000] {logging_mixin.py:188} INFO - [2026-03-15T17:26:20.796+0000] {dag.py:3834} INFO - Setting next_dagrun for tutorial to 2026-03-14 00:00:00+00:00, run_after=2026-03-15 00:00:00+00:00
[2026-03-15T17:26:20.810+0000] {processor.py:183} INFO - Processing /home/airflow/.local/lib/python3.11/site-packages/airflow/example_dags/tutorial.py took 0.063 seconds
[2026-03-15T17:26:51.091+0000] {processor.py:161} INFO - Started process (PID=385) to work on /home/airflow/.local/lib/python3.11/site-packages/airflow/example_dags/tutorial.py
[2026-03-15T17:26:51.093+0000] {processor.py:830} INFO - Processing file /home/airflow/.local/lib/python3.11/site-packages/airflow/example_dags/tutorial.py for tasks to queue
[2026-03-15T17:26:51.096+0000] {logging_mixin.py:188} INFO - [2026-03-15T17:26:51.095+0000] {dagbag.py:540} INFO - Filling up the DagBag from /home/airflow/.local/lib/python3.11/site-packages/airflow/example_dags/tutorial.py
[2026-03-15T17:26:51.103+0000] {processor.py:840} INFO - DAG(s) 'tutorial' retrieved from /home/airflow/.local/lib/python3.11/site-packages/airflow/example_dags/tutorial.py
[2026-03-15T17:26:51.122+0000] {logging_mixin.py:188} INFO - [2026-03-15T17:26:51.122+0000] {dag.py:3047} INFO - Sync 1 DAGs
[2026-03-15T17:26:51.139+0000] {logging_mixin.py:188} INFO - [2026-03-15T17:26:51.139+0000] {dag.py:3834} INFO - Setting next_dagrun for tutorial to 2026-03-14 00:00:00+00:00, run_after=2026-03-15 00:00:00+00:00
[2026-03-15T17:26:51.159+0000] {processor.py:183} INFO - Processing /home/airflow/.local/lib/python3.11/site-packages/airflow/example_dags/tutorial.py took 0.070 seconds
[2026-03-15T17:26:56.038+0000] {processor.py:161} INFO - Started process (PID=435) to work on /home/airflow/.local/lib/python3.11/site-packages/airflow/example_dags/tutorial.py
[2026-03-15T17:26:56.039+0000] {processor.py:830} INFO - Processing file /home/airflow/.local/lib/python3.11/site-packages/airflow/example_dags/tutorial.py for tasks to queue
[2026-03-15T17:26:56.041+0000] {logging_mixin.py:188} INFO - [2026-03-15T17:26:56.041+0000] {dagbag.py:540} INFO - Filling up the DagBag from /home/airflow/.local/lib/python3.11/site-packages/airflow/example_dags/tutorial.py
[2026-03-15T17:26:56.049+0000] {processor.py:840} INFO - DAG(s) 'tutorial' retrieved from /home/airflow/.local/lib/python3.11/site-packages/airflow/example_dags/tutorial.py
[2026-03-15T17:26:56.065+0000] {logging_mixin.py:188} INFO - [2026-03-15T17:26:56.065+0000] {dag.py:3047} INFO - Sync 1 DAGs
[2026-03-15T17:26:56.084+0000] {logging_mixin.py:188} INFO - [2026-03-15T17:26:56.084+0000] {dag.py:3834} INFO - Setting next_dagrun for tutorial to 2026-03-14 00:00:00+00:00, run_after=2026-03-15 00:00:00+00:00
[2026-03-15T17:26:56.103+0000] {processor.py:183} INFO - Processing /home/airflow/.local/lib/python3.11/site-packages/airflow/example_dags/tutorial.py took 0.068 seconds
[2026-03-15T17:27:06.467+0000] {processor.py:161} INFO - Started process (PID=485) to work on /home/airflow/.local/lib/python3.11/site-packages/airflow/example_dags/tutorial.py
[2026-03-15T17:27:06.468+0000] {processor.py:830} INFO - Processing file /home/airflow/.local/lib/python3.11/site-packages/airflow/example_dags/tutorial.py for tasks to queue
[2026-03-15T17:27:06.471+0000] {logging_mixin.py:188} INFO - [2026-03-15T17:27:06.470+0000] {dagbag.py:540} INFO - Filling up the DagBag from /home/airflow/.local/lib/python3.11/site-packages/airflow/example_dags/tutorial.py
[2026-03-15T17:27:06.476+0000] {processor.py:840} INFO - DAG(s) 'tutorial' retrieved from /home/airflow/.local/lib/python3.11/site-packages/airflow/example_dags/tutorial.py
[2026-03-15T17:27:06.492+0000] {logging_mixin.py:188} INFO - [2026-03-15T17:27:06.492+0000] {dag.py:3047} INFO - Sync 1 DAGs
[2026-03-15T17:27:06.508+0000] {logging_mixin.py:188} INFO - [2026-03-15T17:27:06.508+0000] {dag.py:3834} INFO - Setting next_dagrun for tutorial to 2026-03-14 00:00:00+00:00, run_after=2026-03-15 00:00:00+00:00
[2026-03-15T17:27:06.523+0000] {processor.py:183} INFO - Processing /home/airflow/.local/lib/python3.11/site-packages/airflow/example_dags/tutorial.py took 0.059 seconds
[2026-03-15T17:27:10.736+0000] {processor.py:161} INFO - Started process (PID=534) to work on /home/airflow/.local/lib/python3.11/site-packages/airflow/example_dags/tutorial.py
[2026-03-15T17:27:10.737+0000] {processor.py:830} INFO - Processing file /home/airflow/.local/lib/python3.11/site-packages/airflow/example_dags/tutorial.py for tasks to queue
[2026-03-15T17:27:10.739+0000] {logging_mixin.py:188} INFO - [2026-03-15T17:27:10.739+0000] {dagbag.py:540} INFO - Filling up the DagBag from /home/airflow/.local/lib/python3.11/site-packages/airflow/example_dags/tutorial.py
[2026-03-15T17:27:10.744+0000] {processor.py:840} INFO - DAG(s) 'tutorial' retrieved from /home/airflow/.local/lib/python3.11/site-packages/airflow/example_dags/tutorial.py
[2026-03-15T17:27:10.760+0000] {logging_mixin.py:188} INFO - [2026-03-15T17:27:10.760+0000] {dag.py:3047} INFO - Sync 1 DAGs
[2026-03-15T17:27:10.775+0000] {logging_mixin.py:188} INFO - [2026-03-15T17:27:10.775+0000] {dag.py:3834} INFO - Setting next_dagrun for tutorial to 2026-03-14 00:00:00+00:00, run_after=2026-03-15 00:00:00+00:00
[2026-03-15T17:27:10.790+0000] {processor.py:183} INFO - Processing /home/airflow/.local/lib/python3.11/site-packages/airflow/example_dags/tutorial.py took 0.056 seconds
[2026-03-15T17:27:59.582+0000] {processor.py:161} INFO - Started process (PID=96) to work on /home/airflow/.local/lib/python3.11/site-packages/airflow/example_dags/tutorial.py
[2026-03-15T17:27:59.584+0000] {processor.py:830} INFO - Processing file /home/airflow/.local/lib/python3.11/site-packages/airflow/example_dags/tutorial.py for tasks to queue
[2026-03-15T17:27:59.586+0000] {logging_mixin.py:188} INFO - [2026-03-15T17:27:59.586+0000] {dagbag.py:540} INFO - Filling up the DagBag from /home/airflow/.local/lib/python3.11/site-packages/airflow/example_dags/tutorial.py
[2026-03-15T17:27:59.594+0000] {processor.py:840} INFO - DAG(s) 'tutorial' retrieved from /home/airflow/.local/lib/python3.11/site-packages/airflow/example_dags/tutorial.py
[2026-03-15T17:27:59.680+0000] {logging_mixin.py:188} INFO - [2026-03-15T17:27:59.679+0000] {override.py:1769} INFO - Created Permission View: can edit on DAG:tutorial
[2026-03-15T17:27:59.689+0000] {logging_mixin.py:188} INFO - [2026-03-15T17:27:59.689+0000] {override.py:1769} INFO - Created Permission View: can read on DAG:tutorial
[2026-03-15T17:27:59.698+0000] {logging_mixin.py:188} INFO - [2026-03-15T17:27:59.697+0000] {override.py:1769} INFO - Created Permission View: can delete on DAG:tutorial
[2026-03-15T17:27:59.698+0000] {logging_mixin.py:188} INFO - [2026-03-15T17:27:59.698+0000] {dag.py:3047} INFO - Sync 1 DAGs
[2026-03-15T17:27:59.708+0000] {logging_mixin.py:188} INFO - [2026-03-15T17:27:59.708+0000] {dag.py:3069} INFO - Creating ORM DAG for tutorial
[2026-03-15T17:27:59.721+0000] {logging_mixin.py:188} INFO - [2026-03-15T17:27:59.721+0000] {dag.py:3834} INFO - Setting next_dagrun for tutorial to 2026-03-14 00:00:00+00:00, run_after=2026-03-15 00:00:00+00:00
[2026-03-15T17:27:59.736+0000] {processor.py:183} INFO - Processing /home/airflow/.local/lib/python3.11/site-packages/airflow/example_dags/tutorial.py took 0.158 seconds
[2026-03-15T17:28:30.376+0000] {processor.py:161} INFO - Started process (PID=152) to work on /home/airflow/.local/lib/python3.11/site-packages/airflow/example_dags/tutorial.py
[2026-03-15T17:28:30.377+0000] {processor.py:830} INFO - Processing file /home/airflow/.local/lib/python3.11/site-packages/airflow/example_dags/tutorial.py for tasks to queue
[2026-03-15T17:28:30.379+0000] {logging_mixin.py:188} INFO - [2026-03-15T17:28:30.379+0000] {dagbag.py:540} INFO - Filling up the DagBag from /home/airflow/.local/lib/python3.11/site-packages/airflow/example_dags/tutorial.py
[2026-03-15T17:28:30.384+0000] {processor.py:840} INFO - DAG(s) 'tutorial' retrieved from /home/airflow/.local/lib/python3.11/site-packages/airflow/example_dags/tutorial.py
[2026-03-15T17:28:30.400+0000] {logging_mixin.py:188} INFO - [2026-03-15T17:28:30.399+0000] {dag.py:3047} INFO - Sync 1 DAGs
[2026-03-15T17:28:30.414+0000] {logging_mixin.py:188} INFO - [2026-03-15T17:28:30.414+0000] {dag.py:3834} INFO - Setting next_dagrun for tutorial to 2026-03-14 00:00:00+00:00, run_after=2026-03-15 00:00:00+00:00
[2026-03-15T17:28:30.431+0000] {processor.py:183} INFO - Processing /home/airflow/.local/lib/python3.11/site-packages/airflow/example_dags/tutorial.py took 0.058 seconds
[2026-03-15T17:28:33.545+0000] {processor.py:161} INFO - Started process (PID=193) to work on /home/airflow/.local/lib/python3.11/site-packages/airflow/example_dags/tutorial.py
[2026-03-15T17:28:33.546+0000] {processor.py:830} INFO - Processing file /home/airflow/.local/lib/python3.11/site-packages/airflow/example_dags/tutorial.py for tasks to queue
[2026-03-15T17:28:33.548+0000] {logging_mixin.py:188} INFO - [2026-03-15T17:28:33.547+0000] {dagbag.py:540} INFO - Filling up the DagBag from /home/airflow/.local/lib/python3.11/site-packages/airflow/example_dags/tutorial.py
[2026-03-15T17:28:33.553+0000] {processor.py:840} INFO - DAG(s) 'tutorial' retrieved from /home/airflow/.local/lib/python3.11/site-packages/airflow/example_dags/tutorial.py
[2026-03-15T17:28:33.567+0000] {logging_mixin.py:188} INFO - [2026-03-15T17:28:33.567+0000] {dag.py:3047} INFO - Sync 1 DAGs
[2026-03-15T17:28:33.582+0000] {logging_mixin.py:188} INFO - [2026-03-15T17:28:33.582+0000] {dag.py:3834} INFO - Setting next_dagrun for tutorial to 2026-03-14 00:00:00+00:00, run_after=2026-03-15 00:00:00+00:00
[2026-03-15T17:28:33.595+0000] {processor.py:183} INFO - Processing /home/airflow/.local/lib/python3.11/site-packages/airflow/example_dags/tutorial.py took 0.053 seconds
[2026-03-15T17:29:26.832+0000] {processor.py:161} INFO - Started process (PID=235) to work on /home/airflow/.local/lib/python3.11/site-packages/airflow/example_dags/tutorial.py
[2026-03-15T17:29:26.834+0000] {processor.py:830} INFO - Processing file /home/airflow/.local/lib/python3.11/site-packages/airflow/example_dags/tutorial.py for tasks to queue
[2026-03-15T17:29:26.836+0000] {logging_mixin.py:188} INFO - [2026-03-15T17:29:26.836+0000] {dagbag.py:540} INFO - Filling up the DagBag from /home/airflow/.local/lib/python3.11/site-packages/airflow/example_dags/tutorial.py
[2026-03-15T17:29:26.843+0000] {processor.py:840} INFO - DAG(s) 'tutorial' retrieved from /home/airflow/.local/lib/python3.11/site-packages/airflow/example_dags/tutorial.py
[2026-03-15T17:29:26.865+0000] {logging_mixin.py:188} INFO - [2026-03-15T17:29:26.864+0000] {dag.py:3047} INFO - Sync 1 DAGs
[2026-03-15T17:29:26.880+0000] {logging_mixin.py:188} INFO - [2026-03-15T17:29:26.880+0000] {dag.py:3834} INFO - Setting next_dagrun for tutorial to 2026-03-14 00:00:00+00:00, run_after=2026-03-15 00:00:00+00:00
[2026-03-15T17:29:26.896+0000] {processor.py:183} INFO - Processing /home/airflow/.local/lib/python3.11/site-packages/airflow/example_dags/tutorial.py took 0.068 seconds
[2026-03-15T17:29:57.335+0000] {processor.py:161} INFO - Started process (PID=376) to work on /home/airflow/.local/lib/python3.11/site-packages/airflow/example_dags/tutorial.py
[2026-03-15T17:29:57.336+0000] {processor.py:830} INFO - Processing file /home/airflow/.local/lib/python3.11/site-packages/airflow/example_dags/tutorial.py for tasks to queue
[2026-03-15T17:29:57.338+0000] {logging_mixin.py:188} INFO - [2026-03-15T17:29:57.338+0000] {dagbag.py:540} INFO - Filling up the DagBag from /home/airflow/.local/lib/python3.11/site-packages/airflow/example_dags/tutorial.py
[2026-03-15T17:29:57.345+0000] {processor.py:840} INFO - DAG(s) 'tutorial' retrieved from /home/airflow/.local/lib/python3.11/site-packages/airflow/example_dags/tutorial.py
[2026-03-15T17:29:57.363+0000] {logging_mixin.py:188} INFO - [2026-03-15T17:29:57.363+0000] {dag.py:3047} INFO - Sync 1 DAGs
[2026-03-15T17:29:57.379+0000] {logging_mixin.py:188} INFO - [2026-03-15T17:29:57.379+0000] {dag.py:3834} INFO - Setting next_dagrun for tutorial to 2026-03-14 00:00:00+00:00, run_after=2026-03-15 00:00:00+00:00
[2026-03-15T17:29:57.394+0000] {processor.py:183} INFO - Processing /home/airflow/.local/lib/python3.11/site-packages/airflow/example_dags/tutorial.py took 0.063 seconds
[2026-03-15T17:30:27.638+0000] {processor.py:161} INFO - Started process (PID=432) to work on /home/airflow/.local/lib/python3.11/site-packages/airflow/example_dags/tutorial.py
[2026-03-15T17:30:27.640+0000] {processor.py:830} INFO - Processing file /home/airflow/.local/lib/python3.11/site-packages/airflow/example_dags/tutorial.py for tasks to queue
[2026-03-15T17:30:27.642+0000] {logging_mixin.py:188} INFO - [2026-03-15T17:30:27.641+0000] {dagbag.py:540} INFO - Filling up the DagBag from /home/airflow/.local/lib/python3.11/site-packages/airflow/example_dags/tutorial.py
[2026-03-15T17:30:27.647+0000] {processor.py:840} INFO - DAG(s) 'tutorial' retrieved from /home/airflow/.local/lib/python3.11/site-packages/airflow/example_dags/tutorial.py
[2026-03-15T17:30:27.666+0000] {logging_mixin.py:188} INFO - [2026-03-15T17:30:27.666+0000] {dag.py:3047} INFO - Sync 1 DAGs
[2026-03-15T17:30:27.682+0000] {logging_mixin.py:188} INFO - [2026-03-15T17:30:27.682+0000] {dag.py:3834} INFO - Setting next_dagrun for tutorial to 2026-03-14 00:00:00+00:00, run_after=2026-03-15 00:00:00+00:00
[2026-03-15T17:30:27.696+0000] {processor.py:183} INFO - Processing /home/airflow/.local/lib/python3.11/site-packages/airflow/example_dags/tutorial.py took 0.061 seconds
[2026-03-15T17:30:33.974+0000] {processor.py:161} INFO - Started process (PID=458) to work on /home/airflow/.local/lib/python3.11/site-packages/airflow/example_dags/tutorial.py
[2026-03-15T17:30:33.976+0000] {processor.py:830} INFO - Processing file /home/airflow/.local/lib/python3.11/site-packages/airflow/example_dags/tutorial.py for tasks to queue
[2026-03-15T17:30:33.979+0000] {logging_mixin.py:188} INFO - [2026-03-15T17:30:33.979+0000] {dagbag.py:540} INFO - Filling up the DagBag from /home/airflow/.local/lib/python3.11/site-packages/airflow/example_dags/tutorial.py
[2026-03-15T17:30:33.985+0000] {processor.py:840} INFO - DAG(s) 'tutorial' retrieved from /home/airflow/.local/lib/python3.11/site-packages/airflow/example_dags/tutorial.py
[2026-03-15T17:30:34.013+0000] {logging_mixin.py:188} INFO - [2026-03-15T17:30:34.012+0000] {dag.py:3047} INFO - Sync 1 DAGs
[2026-03-15T17:30:34.043+0000] {logging_mixin.py:188} INFO - [2026-03-15T17:30:34.043+0000] {dag.py:3834} INFO - Setting next_dagrun for tutorial to 2026-03-14 00:00:00+00:00, run_after=2026-03-15 00:00:00+00:00
[2026-03-15T17:30:34.073+0000] {processor.py:183} INFO - Processing /home/airflow/.local/lib/python3.11/site-packages/airflow/example_dags/tutorial.py took 0.102 seconds
[2026-03-15T17:31:26.941+0000] {processor.py:161} INFO - Started process (PID=506) to work on /home/airflow/.local/lib/python3.11/site-packages/airflow/example_dags/tutorial.py
[2026-03-15T17:31:26.942+0000] {processor.py:830} INFO - Processing file /home/airflow/.local/lib/python3.11/site-packages/airflow/example_dags/tutorial.py for tasks to queue
[2026-03-15T17:31:26.944+0000] {logging_mixin.py:188} INFO - [2026-03-15T17:31:26.943+0000] {dagbag.py:540} INFO - Filling up the DagBag from /home/airflow/.local/lib/python3.11/site-packages/airflow/example_dags/tutorial.py
[2026-03-15T17:31:26.949+0000] {processor.py:840} INFO - DAG(s) 'tutorial' retrieved from /home/airflow/.local/lib/python3.11/site-packages/airflow/example_dags/tutorial.py
[2026-03-15T17:31:26.964+0000] {logging_mixin.py:188} INFO - [2026-03-15T17:31:26.964+0000] {dag.py:3047} INFO - Sync 1 DAGs
[2026-03-15T17:31:26.980+0000] {logging_mixin.py:188} INFO - [2026-03-15T17:31:26.980+0000] {dag.py:3834} INFO - Setting next_dagrun for tutorial to 2026-03-14 00:00:00+00:00, run_after=2026-03-15 00:00:00+00:00
[2026-03-15T17:31:26.996+0000] {processor.py:183} INFO - Processing /home/airflow/.local/lib/python3.11/site-packages/airflow/example_dags/tutorial.py took 0.058 seconds
[2026-03-15T17:31:08.804+0000] {processor.py:161} INFO - Started process (PID=567) to work on /home/airflow/.local/lib/python3.11/site-packages/airflow/example_dags/tutorial.py
[2026-03-15T17:31:08.805+0000] {processor.py:830} INFO - Processing file /home/airflow/.local/lib/python3.11/site-packages/airflow/example_dags/tutorial.py for tasks to queue
[2026-03-15T17:31:08.807+0000] {logging_mixin.py:188} INFO - [2026-03-15T17:31:08.807+0000] {dagbag.py:540} INFO - Filling up the DagBag from /home/airflow/.local/lib/python3.11/site-packages/airflow/example_dags/tutorial.py
[2026-03-15T17:31:08.812+0000] {processor.py:840} INFO - DAG(s) 'tutorial' retrieved from /home/airflow/.local/lib/python3.11/site-packages/airflow/example_dags/tutorial.py
[2026-03-15T17:31:08.832+0000] {logging_mixin.py:188} INFO - [2026-03-15T17:31:08.832+0000] {dag.py:3047} INFO - Sync 1 DAGs
[2026-03-15T17:31:08.850+0000] {logging_mixin.py:188} INFO - [2026-03-15T17:31:08.850+0000] {dag.py:3834} INFO - Setting next_dagrun for tutorial to 2026-03-14 00:00:00+00:00, run_after=2026-03-15 00:00:00+00:00
[2026-03-15T17:31:08.865+0000] {processor.py:183} INFO - Processing /home/airflow/.local/lib/python3.11/site-packages/airflow/example_dags/tutorial.py took 0.065 seconds
[2026-03-15T17:31:39.169+0000] {processor.py:161} INFO - Started process (PID=619) to work on /home/airflow/.local/lib/python3.11/site-packages/airflow/example_dags/tutorial.py
[2026-03-15T17:31:39.170+0000] {processor.py:830} INFO - Processing file /home/airflow/.local/lib/python3.11/site-packages/airflow/example_dags/tutorial.py for tasks to queue
[2026-03-15T17:31:39.171+0000] {logging_mixin.py:188} INFO - [2026-03-15T17:31:39.171+0000] {dagbag.py:540} INFO - Filling up the DagBag from /home/airflow/.local/lib/python3.11/site-packages/airflow/example_dags/tutorial.py
[2026-03-15T17:31:39.177+0000] {processor.py:840} INFO - DAG(s) 'tutorial' retrieved from /home/airflow/.local/lib/python3.11/site-packages/airflow/example_dags/tutorial.py
[2026-03-15T17:31:39.194+0000] {logging_mixin.py:188} INFO - [2026-03-15T17:31:39.194+0000] {dag.py:3047} INFO - Sync 1 DAGs
[2026-03-15T17:31:39.210+0000] {logging_mixin.py:188} INFO - [2026-03-15T17:31:39.209+0000] {dag.py:3834} INFO - Setting next_dagrun for tutorial to 2026-03-14 00:00:00+00:00, run_after=2026-03-15 00:00:00+00:00
[2026-03-15T17:31:39.225+0000] {processor.py:183} INFO - Processing /home/airflow/.local/lib/python3.11/site-packages/airflow/example_dags/tutorial.py took 0.059 seconds
[2026-03-15T17:31:43.733+0000] {processor.py:161} INFO - Started process (PID=669) to work on /home/airflow/.local/lib/python3.11/site-packages/airflow/example_dags/tutorial.py
[2026-03-15T17:31:43.736+0000] {processor.py:830} INFO - Processing file /home/airflow/.local/lib/python3.11/site-packages/airflow/example_dags/tutorial.py for tasks to queue
[2026-03-15T17:31:43.739+0000] {logging_mixin.py:188} INFO - [2026-03-15T17:31:43.739+0000] {dagbag.py:540} INFO - Filling up the DagBag from /home/airflow/.local/lib/python3.11/site-packages/airflow/example_dags/tutorial.py
[2026-03-15T17:31:43.745+0000] {processor.py:840} INFO - DAG(s) 'tutorial' retrieved from /home/airflow/.local/lib/python3.11/site-packages/airflow/example_dags/tutorial.py
[2026-03-15T17:31:43.760+0000] {logging_mixin.py:188} INFO - [2026-03-15T17:31:43.760+0000] {dag.py:3047} INFO - Sync 1 DAGs
[2026-03-15T17:31:43.776+0000] {logging_mixin.py:188} INFO - [2026-03-15T17:31:43.775+0000] {dag.py:3834} INFO - Setting next_dagrun for tutorial to 2026-03-14 00:00:00+00:00, run_after=2026-03-15 00:00:00+00:00
[2026-03-15T17:31:43.789+0000] {processor.py:183} INFO - Processing /home/airflow/.local/lib/python3.11/site-packages/airflow/example_dags/tutorial.py took 0.060 seconds
[2026-03-15T17:32:14.792+0000] {processor.py:161} INFO - Started process (PID=726) to work on /home/airflow/.local/lib/python3.11/site-packages/airflow/example_dags/tutorial.py
[2026-03-15T17:32:14.793+0000] {processor.py:830} INFO - Processing file /home/airflow/.local/lib/python3.11/site-packages/airflow/example_dags/tutorial.py for tasks to queue
[2026-03-15T17:32:14.795+0000] {logging_mixin.py:188} INFO - [2026-03-15T17:32:14.795+0000] {dagbag.py:540} INFO - Filling up the DagBag from /home/airflow/.local/lib/python3.11/site-packages/airflow/example_dags/tutorial.py
[2026-03-15T17:32:14.800+0000] {processor.py:840} INFO - DAG(s) 'tutorial' retrieved from /home/airflow/.local/lib/python3.11/site-packages/airflow/example_dags/tutorial.py
[2026-03-15T17:32:14.819+0000] {logging_mixin.py:188} INFO - [2026-03-15T17:32:14.818+0000] {dag.py:3047} INFO - Sync 1 DAGs
[2026-03-15T17:32:14.834+0000] {logging_mixin.py:188} INFO - [2026-03-15T17:32:14.834+0000] {dag.py:3834} INFO - Setting next_dagrun for tutorial to 2026-03-14 00:00:00+00:00, run_after=2026-03-15 00:00:00+00:00
[2026-03-15T17:32:14.849+0000] {processor.py:183} INFO - Processing /home/airflow/.local/lib/python3.11/site-packages/airflow/example_dags/tutorial.py took 0.059 seconds
[2026-03-15T17:32:45.253+0000] {processor.py:161} INFO - Started process (PID=779) to work on /home/airflow/.local/lib/python3.11/site-packages/airflow/example_dags/tutorial.py
[2026-03-15T17:32:45.254+0000] {processor.py:830} INFO - Processing file /home/airflow/.local/lib/python3.11/site-packages/airflow/example_dags/tutorial.py for tasks to queue
[2026-03-15T17:32:45.255+0000] {logging_mixin.py:188} INFO - [2026-03-15T17:32:45.255+0000] {dagbag.py:540} INFO - Filling up the DagBag from /home/airflow/.local/lib/python3.11/site-packages/airflow/example_dags/tutorial.py
[2026-03-15T17:32:45.260+0000] {processor.py:840} INFO - DAG(s) 'tutorial' retrieved from /home/airflow/.local/lib/python3.11/site-packages/airflow/example_dags/tutorial.py
[2026-03-15T17:32:45.276+0000] {logging_mixin.py:188} INFO - [2026-03-15T17:32:45.276+0000] {dag.py:3047} INFO - Sync 1 DAGs
[2026-03-15T17:32:45.292+0000] {logging_mixin.py:188} INFO - [2026-03-15T17:32:45.291+0000] {dag.py:3834} INFO - Setting next_dagrun for tutorial to 2026-03-14 00:00:00+00:00, run_after=2026-03-15 00:00:00+00:00
[2026-03-15T17:32:45.307+0000] {processor.py:183} INFO - Processing /home/airflow/.local/lib/python3.11/site-packages/airflow/example_dags/tutorial.py took 0.057 seconds
[2026-03-15T17:32:58.819+0000] {processor.py:161} INFO - Started process (PID=829) to work on /home/airflow/.local/lib/python3.11/site-packages/airflow/example_dags/tutorial.py
[2026-03-15T17:32:58.820+0000] {processor.py:830} INFO - Processing file /home/airflow/.local/lib/python3.11/site-packages/airflow/example_dags/tutorial.py for tasks to queue
[2026-03-15T17:32:58.822+0000] {logging_mixin.py:188} INFO - [2026-03-15T17:32:58.822+0000] {dagbag.py:540} INFO - Filling up the DagBag from /home/airflow/.local/lib/python3.11/site-packages/airflow/example_dags/tutorial.py
[2026-03-15T17:32:58.829+0000] {processor.py:840} INFO - DAG(s) 'tutorial' retrieved from /home/airflow/.local/lib/python3.11/site-packages/airflow/example_dags/tutorial.py
[2026-03-15T17:32:58.846+0000] {logging_mixin.py:188} INFO - [2026-03-15T17:32:58.846+0000] {dag.py:3047} INFO - Sync 1 DAGs
[2026-03-15T17:32:58.863+0000] {logging_mixin.py:188} INFO - [2026-03-15T17:32:58.862+0000] {dag.py:3834} INFO - Setting next_dagrun for tutorial to 2026-03-14 00:00:00+00:00, run_after=2026-03-15 00:00:00+00:00
[2026-03-15T17:32:58.878+0000] {processor.py:183} INFO - Processing /home/airflow/.local/lib/python3.11/site-packages/airflow/example_dags/tutorial.py took 0.062 seconds
[2026-03-15T17:33:14.082+0000] {processor.py:161} INFO - Started process (PID=882) to work on /home/airflow/.local/lib/python3.11/site-packages/airflow/example_dags/tutorial.py
[2026-03-15T17:33:14.083+0000] {processor.py:830} INFO - Processing file /home/airflow/.local/lib/python3.11/site-packages/airflow/example_dags/tutorial.py for tasks to queue
[2026-03-15T17:33:14.085+0000] {logging_mixin.py:188} INFO - [2026-03-15T17:33:14.085+0000] {dagbag.py:540} INFO - Filling up the DagBag from /home/airflow/.local/lib/python3.11/site-packages/airflow/example_dags/tutorial.py
[2026-03-15T17:33:14.090+0000] {processor.py:840} INFO - DAG(s) 'tutorial' retrieved from /home/airflow/.local/lib/python3.11/site-packages/airflow/example_dags/tutorial.py
[2026-03-15T17:33:14.106+0000] {logging_mixin.py:188} INFO - [2026-03-15T17:33:14.106+0000] {dag.py:3047} INFO - Sync 1 DAGs
[2026-03-15T17:33:14.124+0000] {logging_mixin.py:188} INFO - [2026-03-15T17:33:14.124+0000] {dag.py:3834} INFO - Setting next_dagrun for tutorial to 2026-03-14 00:00:00+00:00, run_after=2026-03-15 00:00:00+00:00
[2026-03-15T17:33:14.139+0000] {processor.py:183} INFO - Processing /home/airflow/.local/lib/python3.11/site-packages/airflow/example_dags/tutorial.py took 0.061 seconds
[2026-03-15T17:33:44.491+0000] {processor.py:161} INFO - Started process (PID=939) to work on /home/airflow/.local/lib/python3.11/site-packages/airflow/example_dags/tutorial.py
[2026-03-15T17:33:44.492+0000] {processor.py:830} INFO - Processing file /home/airflow/.local/lib/python3.11/site-packages/airflow/example_dags/tutorial.py for tasks to queue
[2026-03-15T17:33:44.494+0000] {logging_mixin.py:188} INFO - [2026-03-15T17:33:44.494+0000] {dagbag.py:540} INFO - Filling up the DagBag from /home/airflow/.local/lib/python3.11/site-packages/airflow/example_dags/tutorial.py
[2026-03-15T17:33:44.500+0000] {processor.py:840} INFO - DAG(s) 'tutorial' retrieved from /home/airflow/.local/lib/python3.11/site-packages/airflow/example_dags/tutorial.py
[2026-03-15T17:33:44.518+0000] {logging_mixin.py:188} INFO - [2026-03-15T17:33:44.518+0000] {dag.py:3047} INFO - Sync 1 DAGs
[2026-03-15T17:33:44.535+0000] {logging_mixin.py:188} INFO - [2026-03-15T17:33:44.535+0000] {dag.py:3834} INFO - Setting next_dagrun for tutorial to 2026-03-14 00:00:00+00:00, run_after=2026-03-15 00:00:00+00:00
[2026-03-15T17:33:44.551+0000] {processor.py:183} INFO - Processing /home/airflow/.local/lib/python3.11/site-packages/airflow/example_dags/tutorial.py took 0.062 seconds
[2026-03-15T17:33:49.043+0000] {processor.py:161} INFO - Started process (PID=989) to work on /home/airflow/.local/lib/python3.11/site-packages/airflow/example_dags/tutorial.py
[2026-03-15T17:33:49.044+0000] {processor.py:830} INFO - Processing file /home/airflow/.local/lib/python3.11/site-packages/airflow/example_dags/tutorial.py for tasks to queue
[2026-03-15T17:33:49.046+0000] {logging_mixin.py:188} INFO - [2026-03-15T17:33:49.046+0000] {dagbag.py:540} INFO - Filling up the DagBag from /home/airflow/.local/lib/python3.11/site-packages/airflow/example_dags/tutorial.py
[2026-03-15T17:33:49.051+0000] {processor.py:840} INFO - DAG(s) 'tutorial' retrieved from /home/airflow/.local/lib/python3.11/site-packages/airflow/example_dags/tutorial.py
[2026-03-15T17:33:49.066+0000] {logging_mixin.py:188} INFO - [2026-03-15T17:33:49.066+0000] {dag.py:3047} INFO - Sync 1 DAGs
[2026-03-15T17:33:49.081+0000] {logging_mixin.py:188} INFO - [2026-03-15T17:33:49.081+0000] {dag.py:3834} INFO - Setting next_dagrun for tutorial to 2026-03-14 00:00:00+00:00, run_after=2026-03-15 00:00:00+00:00
[2026-03-15T17:33:49.099+0000] {processor.py:183} INFO - Processing /home/airflow/.local/lib/python3.11/site-packages/airflow/example_dags/tutorial.py took 0.059 seconds
[2026-03-15T17:34:07.842+0000] {processor.py:161} INFO - Started process (PID=1045) to work on /home/airflow/.local/lib/python3.11/site-packages/airflow/example_dags/tutorial.py
[2026-03-15T17:34:07.843+0000] {processor.py:830} INFO - Processing file /home/airflow/.local/lib/python3.11/site-packages/airflow/example_dags/tutorial.py for tasks to queue
[2026-03-15T17:34:07.845+0000] {logging_mixin.py:188} INFO - [2026-03-15T17:34:07.845+0000] {dagbag.py:540} INFO - Filling up the DagBag from /home/airflow/.local/lib/python3.11/site-packages/airflow/example_dags/tutorial.py
[2026-03-15T17:34:07.851+0000] {processor.py:840} INFO - DAG(s) 'tutorial' retrieved from /home/airflow/.local/lib/python3.11/site-packages/airflow/example_dags/tutorial.py
[2026-03-15T17:34:07.868+0000] {logging_mixin.py:188} INFO - [2026-03-15T17:34:07.867+0000] {dag.py:3047} INFO - Sync 1 DAGs
[2026-03-15T17:34:07.884+0000] {logging_mixin.py:188} INFO - [2026-03-15T17:34:07.884+0000] {dag.py:3834} INFO - Setting next_dagrun for tutorial to 2026-03-14 00:00:00+00:00, run_after=2026-03-15 00:00:00+00:00
[2026-03-15T17:34:07.897+0000] {processor.py:183} INFO - Processing /home/airflow/.local/lib/python3.11/site-packages/airflow/example_dags/tutorial.py took 0.058 seconds
[2026-03-15T17:34:13.979+0000] {processor.py:161} INFO - Started process (PID=1093) to work on /home/airflow/.local/lib/python3.11/site-packages/airflow/example_dags/tutorial.py
[2026-03-15T17:34:13.979+0000] {processor.py:830} INFO - Processing file /home/airflow/.local/lib/python3.11/site-packages/airflow/example_dags/tutorial.py for tasks to queue
[2026-03-15T17:34:13.981+0000] {logging_mixin.py:188} INFO - [2026-03-15T17:34:13.981+0000] {dagbag.py:540} INFO - Filling up the DagBag from /home/airflow/.local/lib/python3.11/site-packages/airflow/example_dags/tutorial.py
[2026-03-15T17:34:13.986+0000] {processor.py:840} INFO - DAG(s) 'tutorial' retrieved from /home/airflow/.local/lib/python3.11/site-packages/airflow/example_dags/tutorial.py
[2026-03-15T17:34:14.001+0000] {logging_mixin.py:188} INFO - [2026-03-15T17:34:14.001+0000] {dag.py:3047} INFO - Sync 1 DAGs
[2026-03-15T17:34:14.017+0000] {logging_mixin.py:188} INFO - [2026-03-15T17:34:14.017+0000] {dag.py:3834} INFO - Setting next_dagrun for tutorial to 2026-03-14 00:00:00+00:00, run_after=2026-03-15 00:00:00+00:00
[2026-03-15T17:34:14.036+0000] {processor.py:183} INFO - Processing /home/airflow/.local/lib/python3.11/site-packages/airflow/example_dags/tutorial.py took 0.060 seconds
[2026-03-15T17:34:18.980+0000] {processor.py:161} INFO - Started process (PID=1134) to work on /home/airflow/.local/lib/python3.11/site-packages/airflow/example_dags/tutorial.py
[2026-03-15T17:34:18.981+0000] {processor.py:830} INFO - Processing file /home/airflow/.local/lib/python3.11/site-packages/airflow/example_dags/tutorial.py for tasks to queue
[2026-03-15T17:34:18.983+0000] {logging_mixin.py:188} INFO - [2026-03-15T17:34:18.983+0000] {dagbag.py:540} INFO - Filling up the DagBag from /home/airflow/.local/lib/python3.11/site-packages/airflow/example_dags/tutorial.py
[2026-03-15T17:34:18.989+0000] {processor.py:840} INFO - DAG(s) 'tutorial' retrieved from /home/airflow/.local/lib/python3.11/site-packages/airflow/example_dags/tutorial.py
[2026-03-15T17:34:19.005+0000] {logging_mixin.py:188} INFO - [2026-03-15T17:34:19.004+0000] {dag.py:3047} INFO - Sync 1 DAGs
[2026-03-15T17:34:19.022+0000] {logging_mixin.py:188} INFO - [2026-03-15T17:34:19.022+0000] {dag.py:3834} INFO - Setting next_dagrun for tutorial to 2026-03-14 00:00:00+00:00, run_after=2026-03-15 00:00:00+00:00
[2026-03-15T17:34:19.040+0000] {processor.py:183} INFO - Processing /home/airflow/.local/lib/python3.11/site-packages/airflow/example_dags/tutorial.py took 0.062 seconds
[2026-03-15T17:34:23.939+0000] {processor.py:161} INFO - Started process (PID=1173) to work on /home/airflow/.local/lib/python3.11/site-packages/airflow/example_dags/tutorial.py
[2026-03-15T17:34:23.940+0000] {processor.py:830} INFO - Processing file /home/airflow/.local/lib/python3.11/site-packages/airflow/example_dags/tutorial.py for tasks to queue
[2026-03-15T17:34:23.942+0000] {logging_mixin.py:188} INFO - [2026-03-15T17:34:23.941+0000] {dagbag.py:540} INFO - Filling up the DagBag from /home/airflow/.local/lib/python3.11/site-packages/airflow/example_dags/tutorial.py
[2026-03-15T17:34:23.947+0000] {processor.py:840} INFO - DAG(s) 'tutorial' retrieved from /home/airflow/.local/lib/python3.11/site-packages/airflow/example_dags/tutorial.py
[2026-03-15T17:34:23.962+0000] {logging_mixin.py:188} INFO - [2026-03-15T17:34:23.962+0000] {dag.py:3047} INFO - Sync 1 DAGs
[2026-03-15T17:34:23.979+0000] {logging_mixin.py:188} INFO - [2026-03-15T17:34:23.978+0000] {dag.py:3834} INFO - Setting next_dagrun for tutorial to 2026-03-14 00:00:00+00:00, run_after=2026-03-15 00:00:00+00:00
[2026-03-15T17:34:23.996+0000] {processor.py:183} INFO - Processing /home/airflow/.local/lib/python3.11/site-packages/airflow/example_dags/tutorial.py took 0.059 seconds
[2026-03-15T17:34:38.709+0000] {processor.py:161} INFO - Started process (PID=1218) to work on /home/airflow/.local/lib/python3.11/site-packages/airflow/example_dags/tutorial.py
[2026-03-15T17:34:38.710+0000] {processor.py:830} INFO - Processing file /home/airflow/.local/lib/python3.11/site-packages/airflow/example_dags/tutorial.py for tasks to queue
[2026-03-15T17:34:38.712+0000] {logging_mixin.py:188} INFO - [2026-03-15T17:34:38.712+0000] {dagbag.py:540} INFO - Filling up the DagBag from /home/airflow/.local/lib/python3.11/site-packages/airflow/example_dags/tutorial.py
[2026-03-15T17:34:38.717+0000] {processor.py:840} INFO - DAG(s) 'tutorial' retrieved from /home/airflow/.local/lib/python3.11/site-packages/airflow/example_dags/tutorial.py
[2026-03-15T17:34:38.733+0000] {logging_mixin.py:188} INFO - [2026-03-15T17:34:38.733+0000] {dag.py:3047} INFO - Sync 1 DAGs
[2026-03-15T17:34:38.748+0000] {logging_mixin.py:188} INFO - [2026-03-15T17:34:38.748+0000] {dag.py:3834} INFO - Setting next_dagrun for tutorial to 2026-03-14 00:00:00+00:00, run_after=2026-03-15 00:00:00+00:00
[2026-03-15T17:34:38.761+0000] {processor.py:183} INFO - Processing /home/airflow/.local/lib/python3.11/site-packages/airflow/example_dags/tutorial.py took 0.055 seconds
[2026-03-15T17:34:43.624+0000] {processor.py:161} INFO - Started process (PID=1255) to work on /home/airflow/.local/lib/python3.11/site-packages/airflow/example_dags/tutorial.py
[2026-03-15T17:34:43.625+0000] {processor.py:830} INFO - Processing file /home/airflow/.local/lib/python3.11/site-packages/airflow/example_dags/tutorial.py for tasks to queue
[2026-03-15T17:34:43.627+0000] {logging_mixin.py:188} INFO - [2026-03-15T17:34:43.626+0000] {dagbag.py:540} INFO - Filling up the DagBag from /home/airflow/.local/lib/python3.11/site-packages/airflow/example_dags/tutorial.py
[2026-03-15T17:34:43.632+0000] {processor.py:840} INFO - DAG(s) 'tutorial' retrieved from /home/airflow/.local/lib/python3.11/site-packages/airflow/example_dags/tutorial.py
[2026-03-15T17:34:43.648+0000] {logging_mixin.py:188} INFO - [2026-03-15T17:34:43.648+0000] {dag.py:3047} INFO - Sync 1 DAGs
[2026-03-15T17:34:43.663+0000] {logging_mixin.py:188} INFO - [2026-03-15T17:34:43.663+0000] {dag.py:3834} INFO - Setting next_dagrun for tutorial to 2026-03-14 00:00:00+00:00, run_after=2026-03-15 00:00:00+00:00
[2026-03-15T17:34:43.676+0000] {processor.py:183} INFO - Processing /home/airflow/.local/lib/python3.11/site-packages/airflow/example_dags/tutorial.py took 0.055 seconds
[2026-03-15T17:34:48.704+0000] {processor.py:161} INFO - Started process (PID=1295) to work on /home/airflow/.local/lib/python3.11/site-packages/airflow/example_dags/tutorial.py
[2026-03-15T17:34:48.705+0000] {processor.py:830} INFO - Processing file /home/airflow/.local/lib/python3.11/site-packages/airflow/example_dags/tutorial.py for tasks to queue
[2026-03-15T17:34:48.708+0000] {logging_mixin.py:188} INFO - [2026-03-15T17:34:48.708+0000] {dagbag.py:540} INFO - Filling up the DagBag from /home/airflow/.local/lib/python3.11/site-packages/airflow/example_dags/tutorial.py
[2026-03-15T17:34:48.715+0000] {processor.py:840} INFO - DAG(s) 'tutorial' retrieved from /home/airflow/.local/lib/python3.11/site-packages/airflow/example_dags/tutorial.py
[2026-03-15T17:34:48.733+0000] {logging_mixin.py:188} INFO - [2026-03-15T17:34:48.732+0000] {dag.py:3047} INFO - Sync 1 DAGs
[2026-03-15T17:34:48.750+0000] {logging_mixin.py:188} INFO - [2026-03-15T17:34:48.750+0000] {dag.py:3834} INFO - Setting next_dagrun for tutorial to 2026-03-14 00:00:00+00:00, run_after=2026-03-15 00:00:00+00:00
[2026-03-15T17:34:48.763+0000] {processor.py:183} INFO - Processing /home/airflow/.local/lib/python3.11/site-packages/airflow/example_dags/tutorial.py took 0.062 seconds
[2026-03-15T17:34:53.780+0000] {processor.py:161} INFO - Started process (PID=1335) to work on /home/airflow/.local/lib/python3.11/site-packages/airflow/example_dags/tutorial.py
[2026-03-15T17:34:53.781+0000] {processor.py:830} INFO - Processing file /home/airflow/.local/lib/python3.11/site-packages/airflow/example_dags/tutorial.py for tasks to queue
[2026-03-15T17:34:53.783+0000] {logging_mixin.py:188} INFO - [2026-03-15T17:34:53.783+0000] {dagbag.py:540} INFO - Filling up the DagBag from /home/airflow/.local/lib/python3.11/site-packages/airflow/example_dags/tutorial.py
[2026-03-15T17:34:53.787+0000] {processor.py:840} INFO - DAG(s) 'tutorial' retrieved from /home/airflow/.local/lib/python3.11/site-packages/airflow/example_dags/tutorial.py
[2026-03-15T17:34:53.801+0000] {logging_mixin.py:188} INFO - [2026-03-15T17:34:53.801+0000] {dag.py:3047} INFO - Sync 1 DAGs
[2026-03-15T17:34:53.815+0000] {logging_mixin.py:188} INFO - [2026-03-15T17:34:53.815+0000] {dag.py:3834} INFO - Setting next_dagrun for tutorial to 2026-03-14 00:00:00+00:00, run_after=2026-03-15 00:00:00+00:00
[2026-03-15T17:34:53.828+0000] {processor.py:183} INFO - Processing /home/airflow/.local/lib/python3.11/site-packages/airflow/example_dags/tutorial.py took 0.050 seconds
[2026-03-15T17:34:58.748+0000] {processor.py:161} INFO - Started process (PID=1375) to work on /home/airflow/.local/lib/python3.11/site-packages/airflow/example_dags/tutorial.py
[2026-03-15T17:34:58.749+0000] {processor.py:830} INFO - Processing file /home/airflow/.local/lib/python3.11/site-packages/airflow/example_dags/tutorial.py for tasks to queue
[2026-03-15T17:34:58.750+0000] {logging_mixin.py:188} INFO - [2026-03-15T17:34:58.750+0000] {dagbag.py:540} INFO - Filling up the DagBag from /home/airflow/.local/lib/python3.11/site-packages/airflow/example_dags/tutorial.py
[2026-03-15T17:34:58.755+0000] {processor.py:840} INFO - DAG(s) 'tutorial' retrieved from /home/airflow/.local/lib/python3.11/site-packages/airflow/example_dags/tutorial.py
[2026-03-15T17:34:58.770+0000] {logging_mixin.py:188} INFO - [2026-03-15T17:34:58.770+0000] {dag.py:3047} INFO - Sync 1 DAGs
[2026-03-15T17:34:58.785+0000] {logging_mixin.py:188} INFO - [2026-03-15T17:34:58.785+0000] {dag.py:3834} INFO - Setting next_dagrun for tutorial to 2026-03-14 00:00:00+00:00, run_after=2026-03-15 00:00:00+00:00
[2026-03-15T17:34:58.798+0000] {processor.py:183} INFO - Processing /home/airflow/.local/lib/python3.11/site-packages/airflow/example_dags/tutorial.py took 0.053 seconds
[2026-03-15T17:35:07.807+0000] {processor.py:161} INFO - Started process (PID=1418) to work on /home/airflow/.local/lib/python3.11/site-packages/airflow/example_dags/tutorial.py
[2026-03-15T17:35:07.808+0000] {processor.py:830} INFO - Processing file /home/airflow/.local/lib/python3.11/site-packages/airflow/example_dags/tutorial.py for tasks to queue
[2026-03-15T17:35:07.811+0000] {logging_mixin.py:188} INFO - [2026-03-15T17:35:07.810+0000] {dagbag.py:540} INFO - Filling up the DagBag from /home/airflow/.local/lib/python3.11/site-packages/airflow/example_dags/tutorial.py
[2026-03-15T17:35:07.816+0000] {processor.py:840} INFO - DAG(s) 'tutorial' retrieved from /home/airflow/.local/lib/python3.11/site-packages/airflow/example_dags/tutorial.py
[2026-03-15T17:35:07.837+0000] {logging_mixin.py:188} INFO - [2026-03-15T17:35:07.836+0000] {dag.py:3047} INFO - Sync 1 DAGs
[2026-03-15T17:35:07.857+0000] {logging_mixin.py:188} INFO - [2026-03-15T17:35:07.857+0000] {dag.py:3834} INFO - Setting next_dagrun for tutorial to 2026-03-14 00:00:00+00:00, run_after=2026-03-15 00:00:00+00:00
[2026-03-15T17:35:07.875+0000] {processor.py:183} INFO - Processing /home/airflow/.local/lib/python3.11/site-packages/airflow/example_dags/tutorial.py took 0.071 seconds
[2026-03-15T17:35:38.331+0000] {processor.py:161} INFO - Started process (PID=1471) to work on /home/airflow/.local/lib/python3.11/site-packages/airflow/example_dags/tutorial.py
[2026-03-15T17:35:38.332+0000] {processor.py:830} INFO - Processing file /home/airflow/.local/lib/python3.11/site-packages/airflow/example_dags/tutorial.py for tasks to queue
[2026-03-15T17:35:38.334+0000] {logging_mixin.py:188} INFO - [2026-03-15T17:35:38.334+0000] {dagbag.py:540} INFO - Filling up the DagBag from /home/airflow/.local/lib/python3.11/site-packages/airflow/example_dags/tutorial.py
[2026-03-15T17:35:38.340+0000] {processor.py:840} INFO - DAG(s) 'tutorial' retrieved from /home/airflow/.local/lib/python3.11/site-packages/airflow/example_dags/tutorial.py
[2026-03-15T17:35:38.358+0000] {logging_mixin.py:188} INFO - [2026-03-15T17:35:38.358+0000] {dag.py:3047} INFO - Sync 1 DAGs
[2026-03-15T17:35:38.376+0000] {logging_mixin.py:188} INFO - [2026-03-15T17:35:38.376+0000] {dag.py:3834} INFO - Setting next_dagrun for tutorial to 2026-03-14 00:00:00+00:00, run_after=2026-03-15 00:00:00+00:00
[2026-03-15T17:35:38.394+0000] {processor.py:183} INFO - Processing /home/airflow/.local/lib/python3.11/site-packages/airflow/example_dags/tutorial.py took 0.066 seconds
[2026-03-15T17:35:49.421+0000] {processor.py:161} INFO - Started process (PID=1514) to work on /home/airflow/.local/lib/python3.11/site-packages/airflow/example_dags/tutorial.py
[2026-03-15T17:35:49.422+0000] {processor.py:830} INFO - Processing file /home/airflow/.local/lib/python3.11/site-packages/airflow/example_dags/tutorial.py for tasks to queue
[2026-03-15T17:35:49.424+0000] {logging_mixin.py:188} INFO - [2026-03-15T17:35:49.423+0000] {dagbag.py:540} INFO - Filling up the DagBag from /home/airflow/.local/lib/python3.11/site-packages/airflow/example_dags/tutorial.py
[2026-03-15T17:35:49.428+0000] {processor.py:840} INFO - DAG(s) 'tutorial' retrieved from /home/airflow/.local/lib/python3.11/site-packages/airflow/example_dags/tutorial.py
[2026-03-15T17:35:49.444+0000] {logging_mixin.py:188} INFO - [2026-03-15T17:35:49.444+0000] {dag.py:3047} INFO - Sync 1 DAGs
[2026-03-15T17:35:49.459+0000] {logging_mixin.py:188} INFO - [2026-03-15T17:35:49.459+0000] {dag.py:3834} INFO - Setting next_dagrun for tutorial to 2026-03-14 00:00:00+00:00, run_after=2026-03-15 00:00:00+00:00
[2026-03-15T17:35:49.472+0000] {processor.py:183} INFO - Processing /home/airflow/.local/lib/python3.11/site-packages/airflow/example_dags/tutorial.py took 0.053 seconds
[2026-03-15T17:35:54.321+0000] {processor.py:161} INFO - Started process (PID=1552) to work on /home/airflow/.local/lib/python3.11/site-packages/airflow/example_dags/tutorial.py
[2026-03-15T17:35:54.321+0000] {processor.py:830} INFO - Processing file /home/airflow/.local/lib/python3.11/site-packages/airflow/example_dags/tutorial.py for tasks to queue
[2026-03-15T17:35:54.323+0000] {logging_mixin.py:188} INFO - [2026-03-15T17:35:54.323+0000] {dagbag.py:540} INFO - Filling up the DagBag from /home/airflow/.local/lib/python3.11/site-packages/airflow/example_dags/tutorial.py
[2026-03-15T17:35:54.327+0000] {processor.py:840} INFO - DAG(s) 'tutorial' retrieved from /home/airflow/.local/lib/python3.11/site-packages/airflow/example_dags/tutorial.py
[2026-03-15T17:35:54.341+0000] {logging_mixin.py:188} INFO - [2026-03-15T17:35:54.341+0000] {dag.py:3047} INFO - Sync 1 DAGs
[2026-03-15T17:35:54.355+0000] {logging_mixin.py:188} INFO - [2026-03-15T17:35:54.355+0000] {dag.py:3834} INFO - Setting next_dagrun for tutorial to 2026-03-14 00:00:00+00:00, run_after=2026-03-15 00:00:00+00:00
[2026-03-15T17:35:54.369+0000] {processor.py:183} INFO - Processing /home/airflow/.local/lib/python3.11/site-packages/airflow/example_dags/tutorial.py took 0.051 seconds
[2026-03-15T17:36:08.272+0000] {processor.py:161} INFO - Started process (PID=1596) to work on /home/airflow/.local/lib/python3.11/site-packages/airflow/example_dags/tutorial.py
[2026-03-15T17:36:08.273+0000] {processor.py:830} INFO - Processing file /home/airflow/.local/lib/python3.11/site-packages/airflow/example_dags/tutorial.py for tasks to queue
[2026-03-15T17:36:08.275+0000] {logging_mixin.py:188} INFO - [2026-03-15T17:36:08.274+0000] {dagbag.py:540} INFO - Filling up the DagBag from /home/airflow/.local/lib/python3.11/site-packages/airflow/example_dags/tutorial.py
[2026-03-15T17:36:08.279+0000] {processor.py:840} INFO - DAG(s) 'tutorial' retrieved from /home/airflow/.local/lib/python3.11/site-packages/airflow/example_dags/tutorial.py
[2026-03-15T17:36:08.293+0000] {logging_mixin.py:188} INFO - [2026-03-15T17:36:08.293+0000] {dag.py:3047} INFO - Sync 1 DAGs
[2026-03-15T17:36:08.307+0000] {logging_mixin.py:188} INFO - [2026-03-15T17:36:08.307+0000] {dag.py:3834} INFO - Setting next_dagrun for tutorial to 2026-03-14 00:00:00+00:00, run_after=2026-03-15 00:00:00+00:00
[2026-03-15T17:36:08.322+0000] {processor.py:183} INFO - Processing /home/airflow/.local/lib/python3.11/site-packages/airflow/example_dags/tutorial.py took 0.052 seconds
[2026-03-15T17:36:14.256+0000] {processor.py:161} INFO - Started process (PID=1634) to work on /home/airflow/.local/lib/python3.11/site-packages/airflow/example_dags/tutorial.py
[2026-03-15T17:36:14.257+0000] {processor.py:830} INFO - Processing file /home/airflow/.local/lib/python3.11/site-packages/airflow/example_dags/tutorial.py for tasks to queue
[2026-03-15T17:36:14.259+0000] {logging_mixin.py:188} INFO - [2026-03-15T17:36:14.259+0000] {dagbag.py:540} INFO - Filling up the DagBag from /home/airflow/.local/lib/python3.11/site-packages/airflow/example_dags/tutorial.py
[2026-03-15T17:36:14.264+0000] {processor.py:840} INFO - DAG(s) 'tutorial' retrieved from /home/airflow/.local/lib/python3.11/site-packages/airflow/example_dags/tutorial.py
[2026-03-15T17:36:14.280+0000] {logging_mixin.py:188} INFO - [2026-03-15T17:36:14.280+0000] {dag.py:3047} INFO - Sync 1 DAGs
[2026-03-15T17:36:14.296+0000] {logging_mixin.py:188} INFO - [2026-03-15T17:36:14.296+0000] {dag.py:3834} INFO - Setting next_dagrun for tutorial to 2026-03-14 00:00:00+00:00, run_after=2026-03-15 00:00:00+00:00
[2026-03-15T17:36:14.311+0000] {processor.py:183} INFO - Processing /home/airflow/.local/lib/python3.11/site-packages/airflow/example_dags/tutorial.py took 0.058 seconds
[2026-03-15T17:36:44.638+0000] {processor.py:161} INFO - Started process (PID=1678) to work on /home/airflow/.local/lib/python3.11/site-packages/airflow/example_dags/tutorial.py
[2026-03-15T17:36:44.639+0000] {processor.py:830} INFO - Processing file /home/airflow/.local/lib/python3.11/site-packages/airflow/example_dags/tutorial.py for tasks to queue
[2026-03-15T17:36:44.641+0000] {logging_mixin.py:188} INFO - [2026-03-15T17:36:44.641+0000] {dagbag.py:540} INFO - Filling up the DagBag from /home/airflow/.local/lib/python3.11/site-packages/airflow/example_dags/tutorial.py
[2026-03-15T17:36:44.646+0000] {processor.py:840} INFO - DAG(s) 'tutorial' retrieved from /home/airflow/.local/lib/python3.11/site-packages/airflow/example_dags/tutorial.py
[2026-03-15T17:36:44.661+0000] {logging_mixin.py:188} INFO - [2026-03-15T17:36:44.661+0000] {dag.py:3047} INFO - Sync 1 DAGs
[2026-03-15T17:36:44.678+0000] {logging_mixin.py:188} INFO - [2026-03-15T17:36:44.678+0000] {dag.py:3834} INFO - Setting next_dagrun for tutorial to 2026-03-14 00:00:00+00:00, run_after=2026-03-15 00:00:00+00:00
[2026-03-15T17:36:44.692+0000] {processor.py:183} INFO - Processing /home/airflow/.local/lib/python3.11/site-packages/airflow/example_dags/tutorial.py took 0.056 seconds
[2026-03-15T17:37:15.714+0000] {processor.py:161} INFO - Started process (PID=1726) to work on /home/airflow/.local/lib/python3.11/site-packages/airflow/example_dags/tutorial.py
[2026-03-15T17:37:15.715+0000] {processor.py:830} INFO - Processing file /home/airflow/.local/lib/python3.11/site-packages/airflow/example_dags/tutorial.py for tasks to queue
[2026-03-15T17:37:15.717+0000] {logging_mixin.py:188} INFO - [2026-03-15T17:37:15.717+0000] {dagbag.py:540} INFO - Filling up the DagBag from /home/airflow/.local/lib/python3.11/site-packages/airflow/example_dags/tutorial.py
[2026-03-15T17:37:15.722+0000] {processor.py:840} INFO - DAG(s) 'tutorial' retrieved from /home/airflow/.local/lib/python3.11/site-packages/airflow/example_dags/tutorial.py
[2026-03-15T17:37:15.737+0000] {logging_mixin.py:188} INFO - [2026-03-15T17:37:15.737+0000] {dag.py:3047} INFO - Sync 1 DAGs
[2026-03-15T17:37:15.758+0000] {logging_mixin.py:188} INFO - [2026-03-15T17:37:15.758+0000] {dag.py:3834} INFO - Setting next_dagrun for tutorial to 2026-03-14 00:00:00+00:00, run_after=2026-03-15 00:00:00+00:00
[2026-03-15T17:37:15.773+0000] {processor.py:183} INFO - Processing /home/airflow/.local/lib/python3.11/site-packages/airflow/example_dags/tutorial.py took 0.061 seconds
[2026-03-15T17:37:19.754+0000] {processor.py:161} INFO - Started process (PID=1772) to work on /home/airflow/.local/lib/python3.11/site-packages/airflow/example_dags/tutorial.py
[2026-03-15T17:37:19.755+0000] {processor.py:830} INFO - Processing file /home/airflow/.local/lib/python3.11/site-packages/airflow/example_dags/tutorial.py for tasks to queue
[2026-03-15T17:37:19.757+0000] {logging_mixin.py:188} INFO - [2026-03-15T17:37:19.756+0000] {dagbag.py:540} INFO - Filling up the DagBag from /home/airflow/.local/lib/python3.11/site-packages/airflow/example_dags/tutorial.py
[2026-03-15T17:37:19.763+0000] {processor.py:840} INFO - DAG(s) 'tutorial' retrieved from /home/airflow/.local/lib/python3.11/site-packages/airflow/example_dags/tutorial.py
[2026-03-15T17:37:19.778+0000] {logging_mixin.py:188} INFO - [2026-03-15T17:37:19.778+0000] {dag.py:3047} INFO - Sync 1 DAGs
[2026-03-15T17:37:19.792+0000] {logging_mixin.py:188} INFO - [2026-03-15T17:37:19.792+0000] {dag.py:3834} INFO - Setting next_dagrun for tutorial to 2026-03-14 00:00:00+00:00, run_after=2026-03-15 00:00:00+00:00
[2026-03-15T17:37:19.806+0000] {processor.py:183} INFO - Processing /home/airflow/.local/lib/python3.11/site-packages/airflow/example_dags/tutorial.py took 0.056 seconds
[2026-03-15T17:37:38.263+0000] {processor.py:161} INFO - Started process (PID=1827) to work on /home/airflow/.local/lib/python3.11/site-packages/airflow/example_dags/tutorial.py
[2026-03-15T17:37:38.264+0000] {processor.py:830} INFO - Processing file /home/airflow/.local/lib/python3.11/site-packages/airflow/example_dags/tutorial.py for tasks to queue
[2026-03-15T17:37:38.266+0000] {logging_mixin.py:188} INFO - [2026-03-15T17:37:38.265+0000] {dagbag.py:540} INFO - Filling up the DagBag from /home/airflow/.local/lib/python3.11/site-packages/airflow/example_dags/tutorial.py
[2026-03-15T17:37:38.270+0000] {processor.py:840} INFO - DAG(s) 'tutorial' retrieved from /home/airflow/.local/lib/python3.11/site-packages/airflow/example_dags/tutorial.py
[2026-03-15T17:37:38.285+0000] {logging_mixin.py:188} INFO - [2026-03-15T17:37:38.285+0000] {dag.py:3047} INFO - Sync 1 DAGs
[2026-03-15T17:37:38.300+0000] {logging_mixin.py:188} INFO - [2026-03-15T17:37:38.300+0000] {dag.py:3834} INFO - Setting next_dagrun for tutorial to 2026-03-14 00:00:00+00:00, run_after=2026-03-15 00:00:00+00:00
[2026-03-15T17:37:38.314+0000] {processor.py:183} INFO - Processing /home/airflow/.local/lib/python3.11/site-packages/airflow/example_dags/tutorial.py took 0.054 seconds
[2026-03-15T17:37:44.915+0000] {processor.py:161} INFO - Started process (PID=1871) to work on /home/airflow/.local/lib/python3.11/site-packages/airflow/example_dags/tutorial.py
[2026-03-15T17:37:44.916+0000] {processor.py:830} INFO - Processing file /home/airflow/.local/lib/python3.11/site-packages/airflow/example_dags/tutorial.py for tasks to queue
[2026-03-15T17:37:44.918+0000] {logging_mixin.py:188} INFO - [2026-03-15T17:37:44.918+0000] {dagbag.py:540} INFO - Filling up the DagBag from /home/airflow/.local/lib/python3.11/site-packages/airflow/example_dags/tutorial.py
[2026-03-15T17:37:44.926+0000] {processor.py:840} INFO - DAG(s) 'tutorial' retrieved from /home/airflow/.local/lib/python3.11/site-packages/airflow/example_dags/tutorial.py
[2026-03-15T17:37:44.944+0000] {logging_mixin.py:188} INFO - [2026-03-15T17:37:44.944+0000] {dag.py:3047} INFO - Sync 1 DAGs
[2026-03-15T17:37:44.961+0000] {logging_mixin.py:188} INFO - [2026-03-15T17:37:44.961+0000] {dag.py:3834} INFO - Setting next_dagrun for tutorial to 2026-03-14 00:00:00+00:00, run_after=2026-03-15 00:00:00+00:00
[2026-03-15T17:37:44.977+0000] {processor.py:183} INFO - Processing /home/airflow/.local/lib/python3.11/site-packages/airflow/example_dags/tutorial.py took 0.065 seconds
[2026-03-15T17:38:08.129+0000] {processor.py:161} INFO - Started process (PID=1916) to work on /home/airflow/.local/lib/python3.11/site-packages/airflow/example_dags/tutorial.py
[2026-03-15T17:38:08.130+0000] {processor.py:830} INFO - Processing file /home/airflow/.local/lib/python3.11/site-packages/airflow/example_dags/tutorial.py for tasks to queue
[2026-03-15T17:38:08.131+0000] {logging_mixin.py:188} INFO - [2026-03-15T17:38:08.131+0000] {dagbag.py:540} INFO - Filling up the DagBag from /home/airflow/.local/lib/python3.11/site-packages/airflow/example_dags/tutorial.py
[2026-03-15T17:38:08.136+0000] {processor.py:840} INFO - DAG(s) 'tutorial' retrieved from /home/airflow/.local/lib/python3.11/site-packages/airflow/example_dags/tutorial.py
[2026-03-15T17:38:08.153+0000] {logging_mixin.py:188} INFO - [2026-03-15T17:38:08.152+0000] {dag.py:3047} INFO - Sync 1 DAGs
[2026-03-15T17:38:08.166+0000] {logging_mixin.py:188} INFO - [2026-03-15T17:38:08.166+0000] {dag.py:3834} INFO - Setting next_dagrun for tutorial to 2026-03-14 00:00:00+00:00, run_after=2026-03-15 00:00:00+00:00
[2026-03-15T17:38:08.179+0000] {processor.py:183} INFO - Processing /home/airflow/.local/lib/python3.11/site-packages/airflow/example_dags/tutorial.py took 0.052 seconds
[2026-03-15T17:38:38.345+0000] {processor.py:161} INFO - Started process (PID=1964) to work on /home/airflow/.local/lib/python3.11/site-packages/airflow/example_dags/tutorial.py
[2026-03-15T17:38:38.347+0000] {processor.py:830} INFO - Processing file /home/airflow/.local/lib/python3.11/site-packages/airflow/example_dags/tutorial.py for tasks to queue
[2026-03-15T17:38:38.349+0000] {logging_mixin.py:188} INFO - [2026-03-15T17:38:38.348+0000] {dagbag.py:540} INFO - Filling up the DagBag from /home/airflow/.local/lib/python3.11/site-packages/airflow/example_dags/tutorial.py
[2026-03-15T17:38:38.353+0000] {processor.py:840} INFO - DAG(s) 'tutorial' retrieved from /home/airflow/.local/lib/python3.11/site-packages/airflow/example_dags/tutorial.py
[2026-03-15T17:38:38.370+0000] {logging_mixin.py:188} INFO - [2026-03-15T17:38:38.370+0000] {dag.py:3047} INFO - Sync 1 DAGs
[2026-03-15T17:38:38.386+0000] {logging_mixin.py:188} INFO - [2026-03-15T17:38:38.386+0000] {dag.py:3834} INFO - Setting next_dagrun for tutorial to 2026-03-14 00:00:00+00:00, run_after=2026-03-15 00:00:00+00:00
[2026-03-15T17:38:38.400+0000] {processor.py:183} INFO - Processing /home/airflow/.local/lib/python3.11/site-packages/airflow/example_dags/tutorial.py took 0.058 seconds
[2026-03-15T17:38:44.901+0000] {processor.py:161} INFO - Started process (PID=2007) to work on /home/airflow/.local/lib/python3.11/site-packages/airflow/example_dags/tutorial.py
[2026-03-15T17:38:44.901+0000] {processor.py:830} INFO - Processing file /home/airflow/.local/lib/python3.11/site-packages/airflow/example_dags/tutorial.py for tasks to queue
[2026-03-15T17:38:44.904+0000] {logging_mixin.py:188} INFO - [2026-03-15T17:38:44.904+0000] {dagbag.py:540} INFO - Filling up the DagBag from /home/airflow/.local/lib/python3.11/site-packages/airflow/example_dags/tutorial.py
[2026-03-15T17:38:44.909+0000] {processor.py:840} INFO - DAG(s) 'tutorial' retrieved from /home/airflow/.local/lib/python3.11/site-packages/airflow/example_dags/tutorial.py
[2026-03-15T17:38:44.928+0000] {logging_mixin.py:188} INFO - [2026-03-15T17:38:44.927+0000] {dag.py:3047} INFO - Sync 1 DAGs
[2026-03-15T17:38:44.944+0000] {logging_mixin.py:188} INFO - [2026-03-15T17:38:44.944+0000] {dag.py:3834} INFO - Setting next_dagrun for tutorial to 2026-03-14 00:00:00+00:00, run_after=2026-03-15 00:00:00+00:00
[2026-03-15T17:38:44.960+0000] {processor.py:183} INFO - Processing /home/airflow/.local/lib/python3.11/site-packages/airflow/example_dags/tutorial.py took 0.063 seconds
[2026-03-15T17:39:08.679+0000] {processor.py:161} INFO - Started process (PID=2057) to work on /home/airflow/.local/lib/python3.11/site-packages/airflow/example_dags/tutorial.py
[2026-03-15T17:39:08.680+0000] {processor.py:830} INFO - Processing file /home/airflow/.local/lib/python3.11/site-packages/airflow/example_dags/tutorial.py for tasks to queue
[2026-03-15T17:39:08.682+0000] {logging_mixin.py:188} INFO - [2026-03-15T17:39:08.681+0000] {dagbag.py:540} INFO - Filling up the DagBag from /home/airflow/.local/lib/python3.11/site-packages/airflow/example_dags/tutorial.py
[2026-03-15T17:39:08.687+0000] {processor.py:840} INFO - DAG(s) 'tutorial' retrieved from /home/airflow/.local/lib/python3.11/site-packages/airflow/example_dags/tutorial.py
[2026-03-15T17:39:08.704+0000] {logging_mixin.py:188} INFO - [2026-03-15T17:39:08.704+0000] {dag.py:3047} INFO - Sync 1 DAGs
[2026-03-15T17:39:08.721+0000] {logging_mixin.py:188} INFO - [2026-03-15T17:39:08.720+0000] {dag.py:3834} INFO - Setting next_dagrun for tutorial to 2026-03-14 00:00:00+00:00, run_after=2026-03-15 00:00:00+00:00
[2026-03-15T17:39:08.737+0000] {processor.py:183} INFO - Processing /home/airflow/.local/lib/python3.11/site-packages/airflow/example_dags/tutorial.py took 0.061 seconds
[2026-03-15T17:39:15.140+0000] {processor.py:161} INFO - Started process (PID=2101) to work on /home/airflow/.local/lib/python3.11/site-packages/airflow/example_dags/tutorial.py
[2026-03-15T17:39:15.145+0000] {processor.py:830} INFO - Processing file /home/airflow/.local/lib/python3.11/site-packages/airflow/example_dags/tutorial.py for tasks to queue
[2026-03-15T17:39:15.147+0000] {logging_mixin.py:188} INFO - [2026-03-15T17:39:15.147+0000] {dagbag.py:540} INFO - Filling up the DagBag from /home/airflow/.local/lib/python3.11/site-packages/airflow/example_dags/tutorial.py
[2026-03-15T17:39:15.153+0000] {processor.py:840} INFO - DAG(s) 'tutorial' retrieved from /home/airflow/.local/lib/python3.11/site-packages/airflow/example_dags/tutorial.py
[2026-03-15T17:39:15.169+0000] {logging_mixin.py:188} INFO - [2026-03-15T17:39:15.168+0000] {dag.py:3047} INFO - Sync 1 DAGs
[2026-03-15T17:39:15.185+0000] {logging_mixin.py:188} INFO - [2026-03-15T17:39:15.185+0000] {dag.py:3834} INFO - Setting next_dagrun for tutorial to 2026-03-14 00:00:00+00:00, run_after=2026-03-15 00:00:00+00:00
[2026-03-15T17:39:15.200+0000] {processor.py:183} INFO - Processing /home/airflow/.local/lib/python3.11/site-packages/airflow/example_dags/tutorial.py took 0.063 seconds
[2026-03-15T17:40:13.039+0000] {processor.py:161} INFO - Started process (PID=69) to work on /home/airflow/.local/lib/python3.11/site-packages/airflow/example_dags/tutorial.py
[2026-03-15T17:40:13.040+0000] {processor.py:830} INFO - Processing file /home/airflow/.local/lib/python3.11/site-packages/airflow/example_dags/tutorial.py for tasks to queue
[2026-03-15T17:40:13.043+0000] {logging_mixin.py:188} INFO - [2026-03-15T17:40:13.043+0000] {dagbag.py:540} INFO - Filling up the DagBag from /home/airflow/.local/lib/python3.11/site-packages/airflow/example_dags/tutorial.py
[2026-03-15T17:40:13.054+0000] {processor.py:840} INFO - DAG(s) 'tutorial' retrieved from /home/airflow/.local/lib/python3.11/site-packages/airflow/example_dags/tutorial.py
[2026-03-15T17:40:13.072+0000] {logging_mixin.py:188} INFO - [2026-03-15T17:40:13.072+0000] {dag.py:3047} INFO - Sync 1 DAGs
[2026-03-15T17:40:13.095+0000] {logging_mixin.py:188} INFO - [2026-03-15T17:40:13.095+0000] {dag.py:3834} INFO - Setting next_dagrun for tutorial to 2026-03-14 00:00:00+00:00, run_after=2026-03-15 00:00:00+00:00
[2026-03-15T17:40:13.117+0000] {processor.py:183} INFO - Processing /home/airflow/.local/lib/python3.11/site-packages/airflow/example_dags/tutorial.py took 0.082 seconds
[2026-03-15T17:40:20.114+0000] {processor.py:161} INFO - Started process (PID=125) to work on /home/airflow/.local/lib/python3.11/site-packages/airflow/example_dags/tutorial.py
[2026-03-15T17:40:20.115+0000] {processor.py:830} INFO - Processing file /home/airflow/.local/lib/python3.11/site-packages/airflow/example_dags/tutorial.py for tasks to queue
[2026-03-15T17:40:20.117+0000] {logging_mixin.py:188} INFO - [2026-03-15T17:40:20.116+0000] {dagbag.py:540} INFO - Filling up the DagBag from /home/airflow/.local/lib/python3.11/site-packages/airflow/example_dags/tutorial.py
[2026-03-15T17:40:20.123+0000] {processor.py:840} INFO - DAG(s) 'tutorial' retrieved from /home/airflow/.local/lib/python3.11/site-packages/airflow/example_dags/tutorial.py
[2026-03-15T17:40:20.133+0000] {logging_mixin.py:188} INFO - [2026-03-15T17:40:20.133+0000] {dag.py:3047} INFO - Sync 1 DAGs
[2026-03-15T17:40:20.151+0000] {logging_mixin.py:188} INFO - [2026-03-15T17:40:20.150+0000] {dag.py:3834} INFO - Setting next_dagrun for tutorial to 2026-03-14 00:00:00+00:00, run_after=2026-03-15 00:00:00+00:00
[2026-03-15T17:40:20.169+0000] {processor.py:183} INFO - Processing /home/airflow/.local/lib/python3.11/site-packages/airflow/example_dags/tutorial.py took 0.058 seconds
[2026-03-15T17:40:51.294+0000] {processor.py:161} INFO - Started process (PID=180) to work on /home/airflow/.local/lib/python3.11/site-packages/airflow/example_dags/tutorial.py
[2026-03-15T17:40:51.296+0000] {processor.py:830} INFO - Processing file /home/airflow/.local/lib/python3.11/site-packages/airflow/example_dags/tutorial.py for tasks to queue
[2026-03-15T17:40:51.298+0000] {logging_mixin.py:188} INFO - [2026-03-15T17:40:51.298+0000] {dagbag.py:540} INFO - Filling up the DagBag from /home/airflow/.local/lib/python3.11/site-packages/airflow/example_dags/tutorial.py
[2026-03-15T17:40:51.305+0000] {processor.py:840} INFO - DAG(s) 'tutorial' retrieved from /home/airflow/.local/lib/python3.11/site-packages/airflow/example_dags/tutorial.py
[2026-03-15T17:40:51.398+0000] {logging_mixin.py:188} INFO - [2026-03-15T17:40:51.397+0000] {dag.py:3047} INFO - Sync 1 DAGs
[2026-03-15T17:40:51.419+0000] {logging_mixin.py:188} INFO - [2026-03-15T17:40:51.419+0000] {dag.py:3834} INFO - Setting next_dagrun for tutorial to 2026-03-14 00:00:00+00:00, run_after=2026-03-15 00:00:00+00:00
[2026-03-15T17:40:51.438+0000] {processor.py:183} INFO - Processing /home/airflow/.local/lib/python3.11/site-packages/airflow/example_dags/tutorial.py took 0.148 seconds
[2026-03-15T17:41:08.539+0000] {processor.py:161} INFO - Started process (PID=229) to work on /home/airflow/.local/lib/python3.11/site-packages/airflow/example_dags/tutorial.py
[2026-03-15T17:41:08.540+0000] {processor.py:830} INFO - Processing file /home/airflow/.local/lib/python3.11/site-packages/airflow/example_dags/tutorial.py for tasks to queue
[2026-03-15T17:41:08.542+0000] {logging_mixin.py:188} INFO - [2026-03-15T17:41:08.542+0000] {dagbag.py:540} INFO - Filling up the DagBag from /home/airflow/.local/lib/python3.11/site-packages/airflow/example_dags/tutorial.py
[2026-03-15T17:41:08.548+0000] {processor.py:840} INFO - DAG(s) 'tutorial' retrieved from /home/airflow/.local/lib/python3.11/site-packages/airflow/example_dags/tutorial.py
[2026-03-15T17:41:08.557+0000] {logging_mixin.py:188} INFO - [2026-03-15T17:41:08.557+0000] {dag.py:3047} INFO - Sync 1 DAGs
[2026-03-15T17:41:08.573+0000] {logging_mixin.py:188} INFO - [2026-03-15T17:41:08.573+0000] {dag.py:3834} INFO - Setting next_dagrun for tutorial to 2026-03-14 00:00:00+00:00, run_after=2026-03-15 00:00:00+00:00
[2026-03-15T17:41:08.587+0000] {processor.py:183} INFO - Processing /home/airflow/.local/lib/python3.11/site-packages/airflow/example_dags/tutorial.py took 0.051 seconds
[2026-03-15T17:41:15.038+0000] {processor.py:161} INFO - Started process (PID=279) to work on /home/airflow/.local/lib/python3.11/site-packages/airflow/example_dags/tutorial.py
[2026-03-15T17:41:15.039+0000] {processor.py:830} INFO - Processing file /home/airflow/.local/lib/python3.11/site-packages/airflow/example_dags/tutorial.py for tasks to queue
[2026-03-15T17:41:15.041+0000] {logging_mixin.py:188} INFO - [2026-03-15T17:41:15.041+0000] {dagbag.py:540} INFO - Filling up the DagBag from /home/airflow/.local/lib/python3.11/site-packages/airflow/example_dags/tutorial.py
[2026-03-15T17:41:15.046+0000] {processor.py:840} INFO - DAG(s) 'tutorial' retrieved from /home/airflow/.local/lib/python3.11/site-packages/airflow/example_dags/tutorial.py
[2026-03-15T17:41:15.057+0000] {logging_mixin.py:188} INFO - [2026-03-15T17:41:15.056+0000] {dag.py:3047} INFO - Sync 1 DAGs
[2026-03-15T17:41:15.075+0000] {logging_mixin.py:188} INFO - [2026-03-15T17:41:15.075+0000] {dag.py:3834} INFO - Setting next_dagrun for tutorial to 2026-03-14 00:00:00+00:00, run_after=2026-03-15 00:00:00+00:00
[2026-03-15T17:41:15.090+0000] {processor.py:183} INFO - Processing /home/airflow/.local/lib/python3.11/site-packages/airflow/example_dags/tutorial.py took 0.055 seconds
[2026-03-15T17:41:19.897+0000] {processor.py:161} INFO - Started process (PID=327) to work on /home/airflow/.local/lib/python3.11/site-packages/airflow/example_dags/tutorial.py
[2026-03-15T17:41:19.898+0000] {processor.py:830} INFO - Processing file /home/airflow/.local/lib/python3.11/site-packages/airflow/example_dags/tutorial.py for tasks to queue
[2026-03-15T17:41:19.900+0000] {logging_mixin.py:188} INFO - [2026-03-15T17:41:19.900+0000] {dagbag.py:540} INFO - Filling up the DagBag from /home/airflow/.local/lib/python3.11/site-packages/airflow/example_dags/tutorial.py
[2026-03-15T17:41:19.905+0000] {processor.py:840} INFO - DAG(s) 'tutorial' retrieved from /home/airflow/.local/lib/python3.11/site-packages/airflow/example_dags/tutorial.py
[2026-03-15T17:41:19.915+0000] {logging_mixin.py:188} INFO - [2026-03-15T17:41:19.915+0000] {dag.py:3047} INFO - Sync 1 DAGs
[2026-03-15T17:41:19.932+0000] {logging_mixin.py:188} INFO - [2026-03-15T17:41:19.932+0000] {dag.py:3834} INFO - Setting next_dagrun for tutorial to 2026-03-14 00:00:00+00:00, run_after=2026-03-15 00:00:00+00:00
[2026-03-15T17:41:19.947+0000] {processor.py:183} INFO - Processing /home/airflow/.local/lib/python3.11/site-packages/airflow/example_dags/tutorial.py took 0.053 seconds
[2026-03-15T17:41:50.636+0000] {processor.py:161} INFO - Started process (PID=373) to work on /home/airflow/.local/lib/python3.11/site-packages/airflow/example_dags/tutorial.py
[2026-03-15T17:41:50.637+0000] {processor.py:830} INFO - Processing file /home/airflow/.local/lib/python3.11/site-packages/airflow/example_dags/tutorial.py for tasks to queue
[2026-03-15T17:41:50.639+0000] {logging_mixin.py:188} INFO - [2026-03-15T17:41:50.639+0000] {dagbag.py:540} INFO - Filling up the DagBag from /home/airflow/.local/lib/python3.11/site-packages/airflow/example_dags/tutorial.py
[2026-03-15T17:41:50.644+0000] {processor.py:840} INFO - DAG(s) 'tutorial' retrieved from /home/airflow/.local/lib/python3.11/site-packages/airflow/example_dags/tutorial.py
[2026-03-15T17:41:50.659+0000] {logging_mixin.py:188} INFO - [2026-03-15T17:41:50.659+0000] {dag.py:3047} INFO - Sync 1 DAGs
[2026-03-15T17:41:50.673+0000] {logging_mixin.py:188} INFO - [2026-03-15T17:41:50.673+0000] {dag.py:3834} INFO - Setting next_dagrun for tutorial to 2026-03-14 00:00:00+00:00, run_after=2026-03-15 00:00:00+00:00
[2026-03-15T17:41:50.688+0000] {processor.py:183} INFO - Processing /home/airflow/.local/lib/python3.11/site-packages/airflow/example_dags/tutorial.py took 0.055 seconds
[2026-03-15T17:42:14.332+0000] {processor.py:161} INFO - Started process (PID=418) to work on /home/airflow/.local/lib/python3.11/site-packages/airflow/example_dags/tutorial.py
[2026-03-15T17:42:14.333+0000] {processor.py:830} INFO - Processing file /home/airflow/.local/lib/python3.11/site-packages/airflow/example_dags/tutorial.py for tasks to queue
[2026-03-15T17:42:14.335+0000] {logging_mixin.py:188} INFO - [2026-03-15T17:42:14.335+0000] {dagbag.py:540} INFO - Filling up the DagBag from /home/airflow/.local/lib/python3.11/site-packages/airflow/example_dags/tutorial.py
[2026-03-15T17:42:14.340+0000] {processor.py:840} INFO - DAG(s) 'tutorial' retrieved from /home/airflow/.local/lib/python3.11/site-packages/airflow/example_dags/tutorial.py
[2026-03-15T17:42:14.357+0000] {logging_mixin.py:188} INFO - [2026-03-15T17:42:14.357+0000] {dag.py:3047} INFO - Sync 1 DAGs
[2026-03-15T17:42:14.373+0000] {logging_mixin.py:188} INFO - [2026-03-15T17:42:14.373+0000] {dag.py:3834} INFO - Setting next_dagrun for tutorial to 2026-03-14 00:00:00+00:00, run_after=2026-03-15 00:00:00+00:00
[2026-03-15T17:42:14.387+0000] {processor.py:183} INFO - Processing /home/airflow/.local/lib/python3.11/site-packages/airflow/example_dags/tutorial.py took 0.058 seconds
[2026-03-15T17:42:44.566+0000] {processor.py:161} INFO - Started process (PID=470) to work on /home/airflow/.local/lib/python3.11/site-packages/airflow/example_dags/tutorial.py
[2026-03-15T17:42:44.567+0000] {processor.py:830} INFO - Processing file /home/airflow/.local/lib/python3.11/site-packages/airflow/example_dags/tutorial.py for tasks to queue
[2026-03-15T17:42:44.569+0000] {logging_mixin.py:188} INFO - [2026-03-15T17:42:44.569+0000] {dagbag.py:540} INFO - Filling up the DagBag from /home/airflow/.local/lib/python3.11/site-packages/airflow/example_dags/tutorial.py
[2026-03-15T17:42:44.574+0000] {processor.py:840} INFO - DAG(s) 'tutorial' retrieved from /home/airflow/.local/lib/python3.11/site-packages/airflow/example_dags/tutorial.py
[2026-03-15T17:42:44.590+0000] {logging_mixin.py:188} INFO - [2026-03-15T17:42:44.590+0000] {dag.py:3047} INFO - Sync 1 DAGs
[2026-03-15T17:42:44.607+0000] {logging_mixin.py:188} INFO - [2026-03-15T17:42:44.607+0000] {dag.py:3834} INFO - Setting next_dagrun for tutorial to 2026-03-14 00:00:00+00:00, run_after=2026-03-15 00:00:00+00:00
[2026-03-15T17:42:44.621+0000] {processor.py:183} INFO - Processing /home/airflow/.local/lib/python3.11/site-packages/airflow/example_dags/tutorial.py took 0.058 seconds
[2026-03-15T17:43:14.679+0000] {processor.py:161} INFO - Started process (PID=522) to work on /home/airflow/.local/lib/python3.11/site-packages/airflow/example_dags/tutorial.py
[2026-03-15T17:43:14.680+0000] {processor.py:830} INFO - Processing file /home/airflow/.local/lib/python3.11/site-packages/airflow/example_dags/tutorial.py for tasks to queue
[2026-03-15T17:43:14.682+0000] {logging_mixin.py:188} INFO - [2026-03-15T17:43:14.682+0000] {dagbag.py:540} INFO - Filling up the DagBag from /home/airflow/.local/lib/python3.11/site-packages/airflow/example_dags/tutorial.py
[2026-03-15T17:43:14.687+0000] {processor.py:840} INFO - DAG(s) 'tutorial' retrieved from /home/airflow/.local/lib/python3.11/site-packages/airflow/example_dags/tutorial.py
[2026-03-15T17:43:14.704+0000] {logging_mixin.py:188} INFO - [2026-03-15T17:43:14.704+0000] {dag.py:3047} INFO - Sync 1 DAGs
[2026-03-15T17:43:14.719+0000] {logging_mixin.py:188} INFO - [2026-03-15T17:43:14.719+0000] {dag.py:3834} INFO - Setting next_dagrun for tutorial to 2026-03-14 00:00:00+00:00, run_after=2026-03-15 00:00:00+00:00
[2026-03-15T17:43:14.732+0000] {processor.py:183} INFO - Processing /home/airflow/.local/lib/python3.11/site-packages/airflow/example_dags/tutorial.py took 0.056 seconds
[2026-03-15T17:43:19.477+0000] {processor.py:161} INFO - Started process (PID=578) to work on /home/airflow/.local/lib/python3.11/site-packages/airflow/example_dags/tutorial.py
[2026-03-15T17:43:19.478+0000] {processor.py:830} INFO - Processing file /home/airflow/.local/lib/python3.11/site-packages/airflow/example_dags/tutorial.py for tasks to queue
[2026-03-15T17:43:19.480+0000] {logging_mixin.py:188} INFO - [2026-03-15T17:43:19.480+0000] {dagbag.py:540} INFO - Filling up the DagBag from /home/airflow/.local/lib/python3.11/site-packages/airflow/example_dags/tutorial.py
[2026-03-15T17:43:19.485+0000] {processor.py:840} INFO - DAG(s) 'tutorial' retrieved from /home/airflow/.local/lib/python3.11/site-packages/airflow/example_dags/tutorial.py
[2026-03-15T17:43:19.502+0000] {logging_mixin.py:188} INFO - [2026-03-15T17:43:19.502+0000] {dag.py:3047} INFO - Sync 1 DAGs
[2026-03-15T17:43:19.517+0000] {logging_mixin.py:188} INFO - [2026-03-15T17:43:19.517+0000] {dag.py:3834} INFO - Setting next_dagrun for tutorial to 2026-03-14 00:00:00+00:00, run_after=2026-03-15 00:00:00+00:00
[2026-03-15T17:43:19.531+0000] {processor.py:183} INFO - Processing /home/airflow/.local/lib/python3.11/site-packages/airflow/example_dags/tutorial.py took 0.057 seconds
[2026-03-15T17:43:49.594+0000] {processor.py:161} INFO - Started process (PID=632) to work on /home/airflow/.local/lib/python3.11/site-packages/airflow/example_dags/tutorial.py
[2026-03-15T17:43:49.595+0000] {processor.py:830} INFO - Processing file /home/airflow/.local/lib/python3.11/site-packages/airflow/example_dags/tutorial.py for tasks to queue
[2026-03-15T17:43:49.597+0000] {logging_mixin.py:188} INFO - [2026-03-15T17:43:49.597+0000] {dagbag.py:540} INFO - Filling up the DagBag from /home/airflow/.local/lib/python3.11/site-packages/airflow/example_dags/tutorial.py
[2026-03-15T17:43:49.602+0000] {processor.py:840} INFO - DAG(s) 'tutorial' retrieved from /home/airflow/.local/lib/python3.11/site-packages/airflow/example_dags/tutorial.py
[2026-03-15T17:43:49.619+0000] {logging_mixin.py:188} INFO - [2026-03-15T17:43:49.619+0000] {dag.py:3047} INFO - Sync 1 DAGs
[2026-03-15T17:43:49.635+0000] {logging_mixin.py:188} INFO - [2026-03-15T17:43:49.634+0000] {dag.py:3834} INFO - Setting next_dagrun for tutorial to 2026-03-14 00:00:00+00:00, run_after=2026-03-15 00:00:00+00:00
[2026-03-15T17:43:49.649+0000] {processor.py:183} INFO - Processing /home/airflow/.local/lib/python3.11/site-packages/airflow/example_dags/tutorial.py took 0.057 seconds
[2026-03-15T17:44:14.353+0000] {processor.py:161} INFO - Started process (PID=682) to work on /home/airflow/.local/lib/python3.11/site-packages/airflow/example_dags/tutorial.py
[2026-03-15T17:44:14.354+0000] {processor.py:830} INFO - Processing file /home/airflow/.local/lib/python3.11/site-packages/airflow/example_dags/tutorial.py for tasks to queue
[2026-03-15T17:44:14.356+0000] {logging_mixin.py:188} INFO - [2026-03-15T17:44:14.355+0000] {dagbag.py:540} INFO - Filling up the DagBag from /home/airflow/.local/lib/python3.11/site-packages/airflow/example_dags/tutorial.py
[2026-03-15T17:44:14.361+0000] {processor.py:840} INFO - DAG(s) 'tutorial' retrieved from /home/airflow/.local/lib/python3.11/site-packages/airflow/example_dags/tutorial.py
[2026-03-15T17:44:14.377+0000] {logging_mixin.py:188} INFO - [2026-03-15T17:44:14.377+0000] {dag.py:3047} INFO - Sync 1 DAGs
[2026-03-15T17:44:14.392+0000] {logging_mixin.py:188} INFO - [2026-03-15T17:44:14.392+0000] {dag.py:3834} INFO - Setting next_dagrun for tutorial to 2026-03-14 00:00:00+00:00, run_after=2026-03-15 00:00:00+00:00
[2026-03-15T17:44:14.407+0000] {processor.py:183} INFO - Processing /home/airflow/.local/lib/python3.11/site-packages/airflow/example_dags/tutorial.py took 0.057 seconds
[2026-03-15T17:44:44.978+0000] {processor.py:161} INFO - Started process (PID=738) to work on /home/airflow/.local/lib/python3.11/site-packages/airflow/example_dags/tutorial.py
[2026-03-15T17:44:44.979+0000] {processor.py:830} INFO - Processing file /home/airflow/.local/lib/python3.11/site-packages/airflow/example_dags/tutorial.py for tasks to queue
[2026-03-15T17:44:44.981+0000] {logging_mixin.py:188} INFO - [2026-03-15T17:44:44.981+0000] {dagbag.py:540} INFO - Filling up the DagBag from /home/airflow/.local/lib/python3.11/site-packages/airflow/example_dags/tutorial.py
[2026-03-15T17:44:44.987+0000] {processor.py:840} INFO - DAG(s) 'tutorial' retrieved from /home/airflow/.local/lib/python3.11/site-packages/airflow/example_dags/tutorial.py
[2026-03-15T17:44:45.003+0000] {logging_mixin.py:188} INFO - [2026-03-15T17:44:45.002+0000] {dag.py:3047} INFO - Sync 1 DAGs
[2026-03-15T17:44:45.019+0000] {logging_mixin.py:188} INFO - [2026-03-15T17:44:45.019+0000] {dag.py:3834} INFO - Setting next_dagrun for tutorial to 2026-03-14 00:00:00+00:00, run_after=2026-03-15 00:00:00+00:00
[2026-03-15T17:44:45.034+0000] {processor.py:183} INFO - Processing /home/airflow/.local/lib/python3.11/site-packages/airflow/example_dags/tutorial.py took 0.058 seconds
[2026-03-15T17:44:49.466+0000] {processor.py:161} INFO - Started process (PID=794) to work on /home/airflow/.local/lib/python3.11/site-packages/airflow/example_dags/tutorial.py
[2026-03-15T17:44:49.467+0000] {processor.py:830} INFO - Processing file /home/airflow/.local/lib/python3.11/site-packages/airflow/example_dags/tutorial.py for tasks to queue
[2026-03-15T17:44:49.469+0000] {logging_mixin.py:188} INFO - [2026-03-15T17:44:49.469+0000] {dagbag.py:540} INFO - Filling up the DagBag from /home/airflow/.local/lib/python3.11/site-packages/airflow/example_dags/tutorial.py
[2026-03-15T17:44:49.475+0000] {processor.py:840} INFO - DAG(s) 'tutorial' retrieved from /home/airflow/.local/lib/python3.11/site-packages/airflow/example_dags/tutorial.py
[2026-03-15T17:44:49.494+0000] {logging_mixin.py:188} INFO - [2026-03-15T17:44:49.493+0000] {dag.py:3047} INFO - Sync 1 DAGs
[2026-03-15T17:44:49.509+0000] {logging_mixin.py:188} INFO - [2026-03-15T17:44:49.509+0000] {dag.py:3834} INFO - Setting next_dagrun for tutorial to 2026-03-14 00:00:00+00:00, run_after=2026-03-15 00:00:00+00:00
[2026-03-15T17:44:49.523+0000] {processor.py:183} INFO - Processing /home/airflow/.local/lib/python3.11/site-packages/airflow/example_dags/tutorial.py took 0.060 seconds
[2026-03-15T17:45:19.741+0000] {processor.py:161} INFO - Started process (PID=847) to work on /home/airflow/.local/lib/python3.11/site-packages/airflow/example_dags/tutorial.py
[2026-03-15T17:45:19.742+0000] {processor.py:830} INFO - Processing file /home/airflow/.local/lib/python3.11/site-packages/airflow/example_dags/tutorial.py for tasks to queue
[2026-03-15T17:45:19.744+0000] {logging_mixin.py:188} INFO - [2026-03-15T17:45:19.743+0000] {dagbag.py:540} INFO - Filling up the DagBag from /home/airflow/.local/lib/python3.11/site-packages/airflow/example_dags/tutorial.py
[2026-03-15T17:45:19.748+0000] {processor.py:840} INFO - DAG(s) 'tutorial' retrieved from /home/airflow/.local/lib/python3.11/site-packages/airflow/example_dags/tutorial.py
[2026-03-15T17:45:19.763+0000] {logging_mixin.py:188} INFO - [2026-03-15T17:45:19.763+0000] {dag.py:3047} INFO - Sync 1 DAGs
[2026-03-15T17:45:19.778+0000] {logging_mixin.py:188} INFO - [2026-03-15T17:45:19.778+0000] {dag.py:3834} INFO - Setting next_dagrun for tutorial to 2026-03-14 00:00:00+00:00, run_after=2026-03-15 00:00:00+00:00
[2026-03-15T17:45:19.792+0000] {processor.py:183} INFO - Processing /home/airflow/.local/lib/python3.11/site-packages/airflow/example_dags/tutorial.py took 0.054 seconds
[2026-03-15T17:45:24.391+0000] {processor.py:161} INFO - Started process (PID=897) to work on /home/airflow/.local/lib/python3.11/site-packages/airflow/example_dags/tutorial.py
[2026-03-15T17:45:24.392+0000] {processor.py:830} INFO - Processing file /home/airflow/.local/lib/python3.11/site-packages/airflow/example_dags/tutorial.py for tasks to queue
[2026-03-15T17:45:24.393+0000] {logging_mixin.py:188} INFO - [2026-03-15T17:45:24.393+0000] {dagbag.py:540} INFO - Filling up the DagBag from /home/airflow/.local/lib/python3.11/site-packages/airflow/example_dags/tutorial.py
[2026-03-15T17:45:24.398+0000] {processor.py:840} INFO - DAG(s) 'tutorial' retrieved from /home/airflow/.local/lib/python3.11/site-packages/airflow/example_dags/tutorial.py
[2026-03-15T17:45:24.413+0000] {logging_mixin.py:188} INFO - [2026-03-15T17:45:24.413+0000] {dag.py:3047} INFO - Sync 1 DAGs
[2026-03-15T17:45:24.429+0000] {logging_mixin.py:188} INFO - [2026-03-15T17:45:24.428+0000] {dag.py:3834} INFO - Setting next_dagrun for tutorial to 2026-03-14 00:00:00+00:00, run_after=2026-03-15 00:00:00+00:00
[2026-03-15T17:45:24.442+0000] {processor.py:183} INFO - Processing /home/airflow/.local/lib/python3.11/site-packages/airflow/example_dags/tutorial.py took 0.054 seconds
[2026-03-15T17:45:54.730+0000] {processor.py:161} INFO - Started process (PID=949) to work on /home/airflow/.local/lib/python3.11/site-packages/airflow/example_dags/tutorial.py
[2026-03-15T17:45:54.731+0000] {processor.py:830} INFO - Processing file /home/airflow/.local/lib/python3.11/site-packages/airflow/example_dags/tutorial.py for tasks to queue
[2026-03-15T17:45:54.733+0000] {logging_mixin.py:188} INFO - [2026-03-15T17:45:54.732+0000] {dagbag.py:540} INFO - Filling up the DagBag from /home/airflow/.local/lib/python3.11/site-packages/airflow/example_dags/tutorial.py
[2026-03-15T17:45:54.738+0000] {processor.py:840} INFO - DAG(s) 'tutorial' retrieved from /home/airflow/.local/lib/python3.11/site-packages/airflow/example_dags/tutorial.py
[2026-03-15T17:45:54.753+0000] {logging_mixin.py:188} INFO - [2026-03-15T17:45:54.753+0000] {dag.py:3047} INFO - Sync 1 DAGs
[2026-03-15T17:45:54.769+0000] {logging_mixin.py:188} INFO - [2026-03-15T17:45:54.769+0000] {dag.py:3834} INFO - Setting next_dagrun for tutorial to 2026-03-14 00:00:00+00:00, run_after=2026-03-15 00:00:00+00:00
[2026-03-15T17:45:54.783+0000] {processor.py:183} INFO - Processing /home/airflow/.local/lib/python3.11/site-packages/airflow/example_dags/tutorial.py took 0.055 seconds
[2026-03-15T17:46:14.321+0000] {processor.py:161} INFO - Started process (PID=999) to work on /home/airflow/.local/lib/python3.11/site-packages/airflow/example_dags/tutorial.py
[2026-03-15T17:46:14.322+0000] {processor.py:830} INFO - Processing file /home/airflow/.local/lib/python3.11/site-packages/airflow/example_dags/tutorial.py for tasks to queue
[2026-03-15T17:46:14.324+0000] {logging_mixin.py:188} INFO - [2026-03-15T17:46:14.323+0000] {dagbag.py:540} INFO - Filling up the DagBag from /home/airflow/.local/lib/python3.11/site-packages/airflow/example_dags/tutorial.py
[2026-03-15T17:46:14.328+0000] {processor.py:840} INFO - DAG(s) 'tutorial' retrieved from /home/airflow/.local/lib/python3.11/site-packages/airflow/example_dags/tutorial.py
[2026-03-15T17:46:14.342+0000] {logging_mixin.py:188} INFO - [2026-03-15T17:46:14.342+0000] {dag.py:3047} INFO - Sync 1 DAGs
[2026-03-15T17:46:14.357+0000] {logging_mixin.py:188} INFO - [2026-03-15T17:46:14.357+0000] {dag.py:3834} INFO - Setting next_dagrun for tutorial to 2026-03-14 00:00:00+00:00, run_after=2026-03-15 00:00:00+00:00
[2026-03-15T17:46:14.370+0000] {processor.py:183} INFO - Processing /home/airflow/.local/lib/python3.11/site-packages/airflow/example_dags/tutorial.py took 0.051 seconds
[2026-03-15T17:46:19.275+0000] {processor.py:161} INFO - Started process (PID=1049) to work on /home/airflow/.local/lib/python3.11/site-packages/airflow/example_dags/tutorial.py
[2026-03-15T17:46:19.275+0000] {processor.py:830} INFO - Processing file /home/airflow/.local/lib/python3.11/site-packages/airflow/example_dags/tutorial.py for tasks to queue
[2026-03-15T17:46:19.277+0000] {logging_mixin.py:188} INFO - [2026-03-15T17:46:19.277+0000] {dagbag.py:540} INFO - Filling up the DagBag from /home/airflow/.local/lib/python3.11/site-packages/airflow/example_dags/tutorial.py
[2026-03-15T17:46:19.282+0000] {processor.py:840} INFO - DAG(s) 'tutorial' retrieved from /home/airflow/.local/lib/python3.11/site-packages/airflow/example_dags/tutorial.py
[2026-03-15T17:46:19.297+0000] {logging_mixin.py:188} INFO - [2026-03-15T17:46:19.297+0000] {dag.py:3047} INFO - Sync 1 DAGs
[2026-03-15T17:46:19.311+0000] {logging_mixin.py:188} INFO - [2026-03-15T17:46:19.311+0000] {dag.py:3834} INFO - Setting next_dagrun for tutorial to 2026-03-14 00:00:00+00:00, run_after=2026-03-15 00:00:00+00:00
[2026-03-15T17:46:19.325+0000] {processor.py:183} INFO - Processing /home/airflow/.local/lib/python3.11/site-packages/airflow/example_dags/tutorial.py took 0.053 seconds
[2026-03-15T17:46:24.145+0000] {processor.py:161} INFO - Started process (PID=1090) to work on /home/airflow/.local/lib/python3.11/site-packages/airflow/example_dags/tutorial.py
[2026-03-15T17:46:24.147+0000] {processor.py:830} INFO - Processing file /home/airflow/.local/lib/python3.11/site-packages/airflow/example_dags/tutorial.py for tasks to queue
[2026-03-15T17:46:24.148+0000] {logging_mixin.py:188} INFO - [2026-03-15T17:46:24.148+0000] {dagbag.py:540} INFO - Filling up the DagBag from /home/airflow/.local/lib/python3.11/site-packages/airflow/example_dags/tutorial.py
[2026-03-15T17:46:24.153+0000] {processor.py:840} INFO - DAG(s) 'tutorial' retrieved from /home/airflow/.local/lib/python3.11/site-packages/airflow/example_dags/tutorial.py
[2026-03-15T17:46:24.170+0000] {logging_mixin.py:188} INFO - [2026-03-15T17:46:24.170+0000] {dag.py:3047} INFO - Sync 1 DAGs
[2026-03-15T17:46:24.187+0000] {logging_mixin.py:188} INFO - [2026-03-15T17:46:24.187+0000] {dag.py:3834} INFO - Setting next_dagrun for tutorial to 2026-03-14 00:00:00+00:00, run_after=2026-03-15 00:00:00+00:00
[2026-03-15T17:46:24.202+0000] {processor.py:183} INFO - Processing /home/airflow/.local/lib/python3.11/site-packages/airflow/example_dags/tutorial.py took 0.059 seconds
[2026-03-15T17:46:54.554+0000] {processor.py:161} INFO - Started process (PID=1144) to work on /home/airflow/.local/lib/python3.11/site-packages/airflow/example_dags/tutorial.py
[2026-03-15T17:46:54.555+0000] {processor.py:830} INFO - Processing file /home/airflow/.local/lib/python3.11/site-packages/airflow/example_dags/tutorial.py for tasks to queue
[2026-03-15T17:46:54.557+0000] {logging_mixin.py:188} INFO - [2026-03-15T17:46:54.557+0000] {dagbag.py:540} INFO - Filling up the DagBag from /home/airflow/.local/lib/python3.11/site-packages/airflow/example_dags/tutorial.py
[2026-03-15T17:46:54.562+0000] {processor.py:840} INFO - DAG(s) 'tutorial' retrieved from /home/airflow/.local/lib/python3.11/site-packages/airflow/example_dags/tutorial.py
[2026-03-15T17:46:54.579+0000] {logging_mixin.py:188} INFO - [2026-03-15T17:46:54.578+0000] {dag.py:3047} INFO - Sync 1 DAGs
[2026-03-15T17:46:54.594+0000] {logging_mixin.py:188} INFO - [2026-03-15T17:46:54.594+0000] {dag.py:3834} INFO - Setting next_dagrun for tutorial to 2026-03-14 00:00:00+00:00, run_after=2026-03-15 00:00:00+00:00
[2026-03-15T17:46:54.609+0000] {processor.py:183} INFO - Processing /home/airflow/.local/lib/python3.11/site-packages/airflow/example_dags/tutorial.py took 0.058 seconds
[2026-03-15T17:47:14.251+0000] {processor.py:161} INFO - Started process (PID=1191) to work on /home/airflow/.local/lib/python3.11/site-packages/airflow/example_dags/tutorial.py
[2026-03-15T17:47:14.251+0000] {processor.py:830} INFO - Processing file /home/airflow/.local/lib/python3.11/site-packages/airflow/example_dags/tutorial.py for tasks to queue
[2026-03-15T17:47:14.253+0000] {logging_mixin.py:188} INFO - [2026-03-15T17:47:14.253+0000] {dagbag.py:540} INFO - Filling up the DagBag from /home/airflow/.local/lib/python3.11/site-packages/airflow/example_dags/tutorial.py
[2026-03-15T17:47:14.258+0000] {processor.py:840} INFO - DAG(s) 'tutorial' retrieved from /home/airflow/.local/lib/python3.11/site-packages/airflow/example_dags/tutorial.py
[2026-03-15T17:47:14.272+0000] {logging_mixin.py:188} INFO - [2026-03-15T17:47:14.271+0000] {dag.py:3047} INFO - Sync 1 DAGs
[2026-03-15T17:47:14.285+0000] {logging_mixin.py:188} INFO - [2026-03-15T17:47:14.285+0000] {dag.py:3834} INFO - Setting next_dagrun for tutorial to 2026-03-14 00:00:00+00:00, run_after=2026-03-15 00:00:00+00:00
[2026-03-15T17:47:14.298+0000] {processor.py:183} INFO - Processing /home/airflow/.local/lib/python3.11/site-packages/airflow/example_dags/tutorial.py took 0.050 seconds
[2026-03-15T17:47:19.370+0000] {processor.py:161} INFO - Started process (PID=1237) to work on /home/airflow/.local/lib/python3.11/site-packages/airflow/example_dags/tutorial.py
[2026-03-15T17:47:19.372+0000] {processor.py:830} INFO - Processing file /home/airflow/.local/lib/python3.11/site-packages/airflow/example_dags/tutorial.py for tasks to queue
[2026-03-15T17:47:19.374+0000] {logging_mixin.py:188} INFO - [2026-03-15T17:47:19.374+0000] {dagbag.py:540} INFO - Filling up the DagBag from /home/airflow/.local/lib/python3.11/site-packages/airflow/example_dags/tutorial.py
[2026-03-15T17:47:19.380+0000] {processor.py:840} INFO - DAG(s) 'tutorial' retrieved from /home/airflow/.local/lib/python3.11/site-packages/airflow/example_dags/tutorial.py
[2026-03-15T17:47:19.402+0000] {logging_mixin.py:188} INFO - [2026-03-15T17:47:19.402+0000] {dag.py:3047} INFO - Sync 1 DAGs
[2026-03-15T17:47:19.423+0000] {logging_mixin.py:188} INFO - [2026-03-15T17:47:19.423+0000] {dag.py:3834} INFO - Setting next_dagrun for tutorial to 2026-03-14 00:00:00+00:00, run_after=2026-03-15 00:00:00+00:00
[2026-03-15T17:47:19.440+0000] {processor.py:183} INFO - Processing /home/airflow/.local/lib/python3.11/site-packages/airflow/example_dags/tutorial.py took 0.075 seconds
[2026-03-15T17:47:24.744+0000] {processor.py:161} INFO - Started process (PID=1279) to work on /home/airflow/.local/lib/python3.11/site-packages/airflow/example_dags/tutorial.py
[2026-03-15T17:47:24.745+0000] {processor.py:830} INFO - Processing file /home/airflow/.local/lib/python3.11/site-packages/airflow/example_dags/tutorial.py for tasks to queue
[2026-03-15T17:47:24.748+0000] {logging_mixin.py:188} INFO - [2026-03-15T17:47:24.748+0000] {dagbag.py:540} INFO - Filling up the DagBag from /home/airflow/.local/lib/python3.11/site-packages/airflow/example_dags/tutorial.py
[2026-03-15T17:47:24.754+0000] {processor.py:840} INFO - DAG(s) 'tutorial' retrieved from /home/airflow/.local/lib/python3.11/site-packages/airflow/example_dags/tutorial.py
[2026-03-15T17:47:24.780+0000] {logging_mixin.py:188} INFO - [2026-03-15T17:47:24.779+0000] {dag.py:3047} INFO - Sync 1 DAGs
[2026-03-15T17:47:24.797+0000] {logging_mixin.py:188} INFO - [2026-03-15T17:47:24.797+0000] {dag.py:3834} INFO - Setting next_dagrun for tutorial to 2026-03-14 00:00:00+00:00, run_after=2026-03-15 00:00:00+00:00
[2026-03-15T17:47:24.823+0000] {processor.py:183} INFO - Processing /home/airflow/.local/lib/python3.11/site-packages/airflow/example_dags/tutorial.py took 0.082 seconds
[2026-03-15T17:47:29.553+0000] {processor.py:161} INFO - Started process (PID=1322) to work on /home/airflow/.local/lib/python3.11/site-packages/airflow/example_dags/tutorial.py
[2026-03-15T17:47:29.554+0000] {processor.py:830} INFO - Processing file /home/airflow/.local/lib/python3.11/site-packages/airflow/example_dags/tutorial.py for tasks to queue
[2026-03-15T17:47:29.556+0000] {logging_mixin.py:188} INFO - [2026-03-15T17:47:29.556+0000] {dagbag.py:540} INFO - Filling up the DagBag from /home/airflow/.local/lib/python3.11/site-packages/airflow/example_dags/tutorial.py
[2026-03-15T17:47:29.561+0000] {processor.py:840} INFO - DAG(s) 'tutorial' retrieved from /home/airflow/.local/lib/python3.11/site-packages/airflow/example_dags/tutorial.py
[2026-03-15T17:47:29.577+0000] {logging_mixin.py:188} INFO - [2026-03-15T17:47:29.576+0000] {dag.py:3047} INFO - Sync 1 DAGs
[2026-03-15T17:47:29.594+0000] {logging_mixin.py:188} INFO - [2026-03-15T17:47:29.594+0000] {dag.py:3834} INFO - Setting next_dagrun for tutorial to 2026-03-14 00:00:00+00:00, run_after=2026-03-15 00:00:00+00:00
[2026-03-15T17:47:29.608+0000] {processor.py:183} INFO - Processing /home/airflow/.local/lib/python3.11/site-packages/airflow/example_dags/tutorial.py took 0.058 seconds
[2026-03-15T17:48:33.029+0000] {processor.py:161} INFO - Started process (PID=1363) to work on /home/airflow/.local/lib/python3.11/site-packages/airflow/example_dags/tutorial.py
[2026-03-15T17:48:33.030+0000] {processor.py:830} INFO - Processing file /home/airflow/.local/lib/python3.11/site-packages/airflow/example_dags/tutorial.py for tasks to queue
[2026-03-15T17:48:33.032+0000] {logging_mixin.py:188} INFO - [2026-03-15T17:48:33.031+0000] {dagbag.py:540} INFO - Filling up the DagBag from /home/airflow/.local/lib/python3.11/site-packages/airflow/example_dags/tutorial.py
[2026-03-15T17:48:33.037+0000] {processor.py:840} INFO - DAG(s) 'tutorial' retrieved from /home/airflow/.local/lib/python3.11/site-packages/airflow/example_dags/tutorial.py
[2026-03-15T17:48:33.052+0000] {logging_mixin.py:188} INFO - [2026-03-15T17:48:33.052+0000] {dag.py:3047} INFO - Sync 1 DAGs
[2026-03-15T17:48:33.070+0000] {logging_mixin.py:188} INFO - [2026-03-15T17:48:33.070+0000] {dag.py:3834} INFO - Setting next_dagrun for tutorial to 2026-03-14 00:00:00+00:00, run_after=2026-03-15 00:00:00+00:00
[2026-03-15T17:48:33.087+0000] {processor.py:183} INFO - Processing /home/airflow/.local/lib/python3.11/site-packages/airflow/example_dags/tutorial.py took 0.060 seconds
[2026-03-15T17:49:33.251+0000] {processor.py:161} INFO - Started process (PID=1464) to work on /home/airflow/.local/lib/python3.11/site-packages/airflow/example_dags/tutorial.py
[2026-03-15T17:49:33.253+0000] {processor.py:830} INFO - Processing file /home/airflow/.local/lib/python3.11/site-packages/airflow/example_dags/tutorial.py for tasks to queue
[2026-03-15T17:49:33.255+0000] {logging_mixin.py:188} INFO - [2026-03-15T17:49:33.255+0000] {dagbag.py:540} INFO - Filling up the DagBag from /home/airflow/.local/lib/python3.11/site-packages/airflow/example_dags/tutorial.py
[2026-03-15T17:49:33.261+0000] {processor.py:840} INFO - DAG(s) 'tutorial' retrieved from /home/airflow/.local/lib/python3.11/site-packages/airflow/example_dags/tutorial.py
[2026-03-15T17:48:44.091+0000] {logging_mixin.py:188} INFO - [2026-03-15T17:48:44.090+0000] {dag.py:3047} INFO - Sync 1 DAGs
[2026-03-15T17:48:44.107+0000] {logging_mixin.py:188} INFO - [2026-03-15T17:48:44.107+0000] {dag.py:3834} INFO - Setting next_dagrun for tutorial to 2026-03-14 00:00:00+00:00, run_after=2026-03-15 00:00:00+00:00
[2026-03-15T17:48:44.123+0000] {processor.py:183} INFO - Processing /home/airflow/.local/lib/python3.11/site-packages/airflow/example_dags/tutorial.py took 0.064 seconds
[2026-03-15T17:49:14.793+0000] {processor.py:161} INFO - Started process (PID=1520) to work on /home/airflow/.local/lib/python3.11/site-packages/airflow/example_dags/tutorial.py
[2026-03-15T17:49:14.794+0000] {processor.py:830} INFO - Processing file /home/airflow/.local/lib/python3.11/site-packages/airflow/example_dags/tutorial.py for tasks to queue
[2026-03-15T17:49:14.796+0000] {logging_mixin.py:188} INFO - [2026-03-15T17:49:14.795+0000] {dagbag.py:540} INFO - Filling up the DagBag from /home/airflow/.local/lib/python3.11/site-packages/airflow/example_dags/tutorial.py
[2026-03-15T17:49:14.801+0000] {processor.py:840} INFO - DAG(s) 'tutorial' retrieved from /home/airflow/.local/lib/python3.11/site-packages/airflow/example_dags/tutorial.py
[2026-03-15T17:49:14.816+0000] {logging_mixin.py:188} INFO - [2026-03-15T17:49:14.816+0000] {dag.py:3047} INFO - Sync 1 DAGs
[2026-03-15T17:49:14.831+0000] {logging_mixin.py:188} INFO - [2026-03-15T17:49:14.831+0000] {dag.py:3834} INFO - Setting next_dagrun for tutorial to 2026-03-14 00:00:00+00:00, run_after=2026-03-15 00:00:00+00:00
[2026-03-15T17:49:14.844+0000] {processor.py:183} INFO - Processing /home/airflow/.local/lib/python3.11/site-packages/airflow/example_dags/tutorial.py took 0.054 seconds
[2026-03-15T17:49:19.699+0000] {processor.py:161} INFO - Started process (PID=1571) to work on /home/airflow/.local/lib/python3.11/site-packages/airflow/example_dags/tutorial.py
[2026-03-15T17:49:19.701+0000] {processor.py:830} INFO - Processing file /home/airflow/.local/lib/python3.11/site-packages/airflow/example_dags/tutorial.py for tasks to queue
[2026-03-15T17:49:19.703+0000] {logging_mixin.py:188} INFO - [2026-03-15T17:49:19.702+0000] {dagbag.py:540} INFO - Filling up the DagBag from /home/airflow/.local/lib/python3.11/site-packages/airflow/example_dags/tutorial.py
[2026-03-15T17:49:19.709+0000] {processor.py:840} INFO - DAG(s) 'tutorial' retrieved from /home/airflow/.local/lib/python3.11/site-packages/airflow/example_dags/tutorial.py
[2026-03-15T17:49:19.726+0000] {logging_mixin.py:188} INFO - [2026-03-15T17:49:19.726+0000] {dag.py:3047} INFO - Sync 1 DAGs
[2026-03-15T17:49:19.743+0000] {logging_mixin.py:188} INFO - [2026-03-15T17:49:19.743+0000] {dag.py:3834} INFO - Setting next_dagrun for tutorial to 2026-03-14 00:00:00+00:00, run_after=2026-03-15 00:00:00+00:00
[2026-03-15T17:49:19.760+0000] {processor.py:183} INFO - Processing /home/airflow/.local/lib/python3.11/site-packages/airflow/example_dags/tutorial.py took 0.064 seconds
[2026-03-15T17:49:58.409+0000] {processor.py:161} INFO - Started process (PID=69) to work on /home/airflow/.local/lib/python3.11/site-packages/airflow/example_dags/tutorial.py
[2026-03-15T17:49:58.410+0000] {processor.py:830} INFO - Processing file /home/airflow/.local/lib/python3.11/site-packages/airflow/example_dags/tutorial.py for tasks to queue
[2026-03-15T17:49:58.412+0000] {logging_mixin.py:188} INFO - [2026-03-15T17:49:58.412+0000] {dagbag.py:540} INFO - Filling up the DagBag from /home/airflow/.local/lib/python3.11/site-packages/airflow/example_dags/tutorial.py
[2026-03-15T17:49:58.420+0000] {processor.py:840} INFO - DAG(s) 'tutorial' retrieved from /home/airflow/.local/lib/python3.11/site-packages/airflow/example_dags/tutorial.py
[2026-03-15T17:49:58.433+0000] {logging_mixin.py:188} INFO - [2026-03-15T17:49:58.433+0000] {dag.py:3047} INFO - Sync 1 DAGs
[2026-03-15T17:49:58.454+0000] {logging_mixin.py:188} INFO - [2026-03-15T17:49:58.453+0000] {dag.py:3834} INFO - Setting next_dagrun for tutorial to 2026-03-14 00:00:00+00:00, run_after=2026-03-15 00:00:00+00:00
[2026-03-15T17:49:58.472+0000] {processor.py:183} INFO - Processing /home/airflow/.local/lib/python3.11/site-packages/airflow/example_dags/tutorial.py took 0.067 seconds
[2026-03-15T17:50:14.700+0000] {processor.py:161} INFO - Started process (PID=125) to work on /home/airflow/.local/lib/python3.11/site-packages/airflow/example_dags/tutorial.py
[2026-03-15T17:50:14.701+0000] {processor.py:830} INFO - Processing file /home/airflow/.local/lib/python3.11/site-packages/airflow/example_dags/tutorial.py for tasks to queue
[2026-03-15T17:50:14.702+0000] {logging_mixin.py:188} INFO - [2026-03-15T17:50:14.702+0000] {dagbag.py:540} INFO - Filling up the DagBag from /home/airflow/.local/lib/python3.11/site-packages/airflow/example_dags/tutorial.py
[2026-03-15T17:50:14.708+0000] {processor.py:840} INFO - DAG(s) 'tutorial' retrieved from /home/airflow/.local/lib/python3.11/site-packages/airflow/example_dags/tutorial.py
[2026-03-15T17:50:14.776+0000] {logging_mixin.py:188} INFO - [2026-03-15T17:50:14.776+0000] {dag.py:3047} INFO - Sync 1 DAGs
[2026-03-15T17:50:14.789+0000] {logging_mixin.py:188} INFO - [2026-03-15T17:50:14.788+0000] {dag.py:3834} INFO - Setting next_dagrun for tutorial to 2026-03-14 00:00:00+00:00, run_after=2026-03-15 00:00:00+00:00
[2026-03-15T17:50:14.804+0000] {processor.py:183} INFO - Processing /home/airflow/.local/lib/python3.11/site-packages/airflow/example_dags/tutorial.py took 0.107 seconds
[2026-03-15T17:50:19.835+0000] {processor.py:161} INFO - Started process (PID=170) to work on /home/airflow/.local/lib/python3.11/site-packages/airflow/example_dags/tutorial.py
[2026-03-15T17:50:19.836+0000] {processor.py:830} INFO - Processing file /home/airflow/.local/lib/python3.11/site-packages/airflow/example_dags/tutorial.py for tasks to queue
[2026-03-15T17:50:19.837+0000] {logging_mixin.py:188} INFO - [2026-03-15T17:50:19.837+0000] {dagbag.py:540} INFO - Filling up the DagBag from /home/airflow/.local/lib/python3.11/site-packages/airflow/example_dags/tutorial.py
[2026-03-15T17:50:19.842+0000] {processor.py:840} INFO - DAG(s) 'tutorial' retrieved from /home/airflow/.local/lib/python3.11/site-packages/airflow/example_dags/tutorial.py
[2026-03-15T17:50:19.852+0000] {logging_mixin.py:188} INFO - [2026-03-15T17:50:19.852+0000] {dag.py:3047} INFO - Sync 1 DAGs
[2026-03-15T17:50:19.869+0000] {logging_mixin.py:188} INFO - [2026-03-15T17:50:19.869+0000] {dag.py:3834} INFO - Setting next_dagrun for tutorial to 2026-03-14 00:00:00+00:00, run_after=2026-03-15 00:00:00+00:00
[2026-03-15T17:50:19.886+0000] {processor.py:183} INFO - Processing /home/airflow/.local/lib/python3.11/site-packages/airflow/example_dags/tutorial.py took 0.054 seconds
[2026-03-15T17:50:24.793+0000] {processor.py:161} INFO - Started process (PID=212) to work on /home/airflow/.local/lib/python3.11/site-packages/airflow/example_dags/tutorial.py
[2026-03-15T17:50:24.794+0000] {processor.py:830} INFO - Processing file /home/airflow/.local/lib/python3.11/site-packages/airflow/example_dags/tutorial.py for tasks to queue
[2026-03-15T17:50:24.796+0000] {logging_mixin.py:188} INFO - [2026-03-15T17:50:24.796+0000] {dagbag.py:540} INFO - Filling up the DagBag from /home/airflow/.local/lib/python3.11/site-packages/airflow/example_dags/tutorial.py
[2026-03-15T17:50:24.803+0000] {processor.py:840} INFO - DAG(s) 'tutorial' retrieved from /home/airflow/.local/lib/python3.11/site-packages/airflow/example_dags/tutorial.py
[2026-03-15T17:50:24.812+0000] {logging_mixin.py:188} INFO - [2026-03-15T17:50:24.812+0000] {dag.py:3047} INFO - Sync 1 DAGs
[2026-03-15T17:50:24.831+0000] {logging_mixin.py:188} INFO - [2026-03-15T17:50:24.830+0000] {dag.py:3834} INFO - Setting next_dagrun for tutorial to 2026-03-14 00:00:00+00:00, run_after=2026-03-15 00:00:00+00:00
[2026-03-15T17:50:24.846+0000] {processor.py:183} INFO - Processing /home/airflow/.local/lib/python3.11/site-packages/airflow/example_dags/tutorial.py took 0.056 seconds
[2026-03-15T17:50:29.889+0000] {processor.py:161} INFO - Started process (PID=254) to work on /home/airflow/.local/lib/python3.11/site-packages/airflow/example_dags/tutorial.py
[2026-03-15T17:50:29.890+0000] {processor.py:830} INFO - Processing file /home/airflow/.local/lib/python3.11/site-packages/airflow/example_dags/tutorial.py for tasks to queue
[2026-03-15T17:50:29.891+0000] {logging_mixin.py:188} INFO - [2026-03-15T17:50:29.891+0000] {dagbag.py:540} INFO - Filling up the DagBag from /home/airflow/.local/lib/python3.11/site-packages/airflow/example_dags/tutorial.py
[2026-03-15T17:50:29.897+0000] {processor.py:840} INFO - DAG(s) 'tutorial' retrieved from /home/airflow/.local/lib/python3.11/site-packages/airflow/example_dags/tutorial.py
[2026-03-15T17:50:29.907+0000] {logging_mixin.py:188} INFO - [2026-03-15T17:50:29.907+0000] {dag.py:3047} INFO - Sync 1 DAGs
[2026-03-15T17:50:29.925+0000] {logging_mixin.py:188} INFO - [2026-03-15T17:50:29.924+0000] {dag.py:3834} INFO - Setting next_dagrun for tutorial to 2026-03-14 00:00:00+00:00, run_after=2026-03-15 00:00:00+00:00
[2026-03-15T17:50:29.944+0000] {processor.py:183} INFO - Processing /home/airflow/.local/lib/python3.11/site-packages/airflow/example_dags/tutorial.py took 0.058 seconds
[2026-03-15T17:51:00.385+0000] {processor.py:161} INFO - Started process (PID=310) to work on /home/airflow/.local/lib/python3.11/site-packages/airflow/example_dags/tutorial.py
[2026-03-15T17:51:00.386+0000] {processor.py:830} INFO - Processing file /home/airflow/.local/lib/python3.11/site-packages/airflow/example_dags/tutorial.py for tasks to queue
[2026-03-15T17:51:00.388+0000] {logging_mixin.py:188} INFO - [2026-03-15T17:51:00.387+0000] {dagbag.py:540} INFO - Filling up the DagBag from /home/airflow/.local/lib/python3.11/site-packages/airflow/example_dags/tutorial.py
[2026-03-15T17:51:00.393+0000] {processor.py:840} INFO - DAG(s) 'tutorial' retrieved from /home/airflow/.local/lib/python3.11/site-packages/airflow/example_dags/tutorial.py
[2026-03-15T17:51:00.412+0000] {logging_mixin.py:188} INFO - [2026-03-15T17:51:00.412+0000] {dag.py:3047} INFO - Sync 1 DAGs
[2026-03-15T17:51:00.430+0000] {logging_mixin.py:188} INFO - [2026-03-15T17:51:00.429+0000] {dag.py:3834} INFO - Setting next_dagrun for tutorial to 2026-03-14 00:00:00+00:00, run_after=2026-03-15 00:00:00+00:00
[2026-03-15T17:51:00.443+0000] {processor.py:183} INFO - Processing /home/airflow/.local/lib/python3.11/site-packages/airflow/example_dags/tutorial.py took 0.061 seconds
[2026-03-15T17:51:30.745+0000] {processor.py:161} INFO - Started process (PID=361) to work on /home/airflow/.local/lib/python3.11/site-packages/airflow/example_dags/tutorial.py
[2026-03-15T17:51:30.746+0000] {processor.py:830} INFO - Processing file /home/airflow/.local/lib/python3.11/site-packages/airflow/example_dags/tutorial.py for tasks to queue
[2026-03-15T17:51:30.748+0000] {logging_mixin.py:188} INFO - [2026-03-15T17:51:30.747+0000] {dagbag.py:540} INFO - Filling up the DagBag from /home/airflow/.local/lib/python3.11/site-packages/airflow/example_dags/tutorial.py
[2026-03-15T17:51:30.752+0000] {processor.py:840} INFO - DAG(s) 'tutorial' retrieved from /home/airflow/.local/lib/python3.11/site-packages/airflow/example_dags/tutorial.py
[2026-03-15T17:51:30.767+0000] {logging_mixin.py:188} INFO - [2026-03-15T17:51:30.767+0000] {dag.py:3047} INFO - Sync 1 DAGs
[2026-03-15T17:51:30.780+0000] {logging_mixin.py:188} INFO - [2026-03-15T17:51:30.780+0000] {dag.py:3834} INFO - Setting next_dagrun for tutorial to 2026-03-14 00:00:00+00:00, run_after=2026-03-15 00:00:00+00:00
[2026-03-15T17:51:30.794+0000] {processor.py:183} INFO - Processing /home/airflow/.local/lib/python3.11/site-packages/airflow/example_dags/tutorial.py took 0.052 seconds
[2026-03-15T17:51:35.567+0000] {processor.py:161} INFO - Started process (PID=414) to work on /home/airflow/.local/lib/python3.11/site-packages/airflow/example_dags/tutorial.py
[2026-03-15T17:51:35.568+0000] {processor.py:830} INFO - Processing file /home/airflow/.local/lib/python3.11/site-packages/airflow/example_dags/tutorial.py for tasks to queue
[2026-03-15T17:51:35.569+0000] {logging_mixin.py:188} INFO - [2026-03-15T17:51:35.569+0000] {dagbag.py:540} INFO - Filling up the DagBag from /home/airflow/.local/lib/python3.11/site-packages/airflow/example_dags/tutorial.py
[2026-03-15T17:51:35.574+0000] {processor.py:840} INFO - DAG(s) 'tutorial' retrieved from /home/airflow/.local/lib/python3.11/site-packages/airflow/example_dags/tutorial.py
[2026-03-15T17:51:35.590+0000] {logging_mixin.py:188} INFO - [2026-03-15T17:51:35.590+0000] {dag.py:3047} INFO - Sync 1 DAGs
[2026-03-15T17:51:35.606+0000] {logging_mixin.py:188} INFO - [2026-03-15T17:51:35.605+0000] {dag.py:3834} INFO - Setting next_dagrun for tutorial to 2026-03-14 00:00:00+00:00, run_after=2026-03-15 00:00:00+00:00
[2026-03-15T17:51:35.620+0000] {processor.py:183} INFO - Processing /home/airflow/.local/lib/python3.11/site-packages/airflow/example_dags/tutorial.py took 0.056 seconds
[2026-03-15T17:51:40.292+0000] {processor.py:161} INFO - Started process (PID=464) to work on /home/airflow/.local/lib/python3.11/site-packages/airflow/example_dags/tutorial.py
[2026-03-15T17:51:40.293+0000] {processor.py:830} INFO - Processing file /home/airflow/.local/lib/python3.11/site-packages/airflow/example_dags/tutorial.py for tasks to queue
[2026-03-15T17:51:40.294+0000] {logging_mixin.py:188} INFO - [2026-03-15T17:51:40.294+0000] {dagbag.py:540} INFO - Filling up the DagBag from /home/airflow/.local/lib/python3.11/site-packages/airflow/example_dags/tutorial.py
[2026-03-15T17:51:40.299+0000] {processor.py:840} INFO - DAG(s) 'tutorial' retrieved from /home/airflow/.local/lib/python3.11/site-packages/airflow/example_dags/tutorial.py
[2026-03-15T17:51:40.314+0000] {logging_mixin.py:188} INFO - [2026-03-15T17:51:40.313+0000] {dag.py:3047} INFO - Sync 1 DAGs
[2026-03-15T17:51:40.327+0000] {logging_mixin.py:188} INFO - [2026-03-15T17:51:40.327+0000] {dag.py:3834} INFO - Setting next_dagrun for tutorial to 2026-03-14 00:00:00+00:00, run_after=2026-03-15 00:00:00+00:00
[2026-03-15T17:51:40.340+0000] {processor.py:183} INFO - Processing /home/airflow/.local/lib/python3.11/site-packages/airflow/example_dags/tutorial.py took 0.050 seconds
[2026-03-15T17:52:10.460+0000] {processor.py:161} INFO - Started process (PID=518) to work on /home/airflow/.local/lib/python3.11/site-packages/airflow/example_dags/tutorial.py
[2026-03-15T17:52:10.461+0000] {processor.py:830} INFO - Processing file /home/airflow/.local/lib/python3.11/site-packages/airflow/example_dags/tutorial.py for tasks to queue
[2026-03-15T17:52:10.463+0000] {logging_mixin.py:188} INFO - [2026-03-15T17:52:10.462+0000] {dagbag.py:540} INFO - Filling up the DagBag from /home/airflow/.local/lib/python3.11/site-packages/airflow/example_dags/tutorial.py
[2026-03-15T17:52:10.468+0000] {processor.py:840} INFO - DAG(s) 'tutorial' retrieved from /home/airflow/.local/lib/python3.11/site-packages/airflow/example_dags/tutorial.py
[2026-03-15T17:52:10.484+0000] {logging_mixin.py:188} INFO - [2026-03-15T17:52:10.484+0000] {dag.py:3047} INFO - Sync 1 DAGs
[2026-03-15T17:52:10.500+0000] {logging_mixin.py:188} INFO - [2026-03-15T17:52:10.500+0000] {dag.py:3834} INFO - Setting next_dagrun for tutorial to 2026-03-14 00:00:00+00:00, run_after=2026-03-15 00:00:00+00:00
[2026-03-15T17:52:10.516+0000] {processor.py:183} INFO - Processing /home/airflow/.local/lib/python3.11/site-packages/airflow/example_dags/tutorial.py took 0.060 seconds
[2026-03-15T17:52:14.112+0000] {processor.py:161} INFO - Started process (PID=568) to work on /home/airflow/.local/lib/python3.11/site-packages/airflow/example_dags/tutorial.py
[2026-03-15T17:52:14.113+0000] {processor.py:830} INFO - Processing file /home/airflow/.local/lib/python3.11/site-packages/airflow/example_dags/tutorial.py for tasks to queue
[2026-03-15T17:52:14.115+0000] {logging_mixin.py:188} INFO - [2026-03-15T17:52:14.115+0000] {dagbag.py:540} INFO - Filling up the DagBag from /home/airflow/.local/lib/python3.11/site-packages/airflow/example_dags/tutorial.py
[2026-03-15T17:52:14.120+0000] {processor.py:840} INFO - DAG(s) 'tutorial' retrieved from /home/airflow/.local/lib/python3.11/site-packages/airflow/example_dags/tutorial.py
[2026-03-15T17:52:14.137+0000] {logging_mixin.py:188} INFO - [2026-03-15T17:52:14.137+0000] {dag.py:3047} INFO - Sync 1 DAGs
[2026-03-15T17:52:14.151+0000] {logging_mixin.py:188} INFO - [2026-03-15T17:52:14.151+0000] {dag.py:3834} INFO - Setting next_dagrun for tutorial to 2026-03-14 00:00:00+00:00, run_after=2026-03-15 00:00:00+00:00
[2026-03-15T17:52:14.166+0000] {processor.py:183} INFO - Processing /home/airflow/.local/lib/python3.11/site-packages/airflow/example_dags/tutorial.py took 0.058 seconds
[2026-03-15T17:52:20.266+0000] {processor.py:161} INFO - Started process (PID=616) to work on /home/airflow/.local/lib/python3.11/site-packages/airflow/example_dags/tutorial.py
[2026-03-15T17:52:20.267+0000] {processor.py:830} INFO - Processing file /home/airflow/.local/lib/python3.11/site-packages/airflow/example_dags/tutorial.py for tasks to queue
[2026-03-15T17:52:20.268+0000] {logging_mixin.py:188} INFO - [2026-03-15T17:52:20.268+0000] {dagbag.py:540} INFO - Filling up the DagBag from /home/airflow/.local/lib/python3.11/site-packages/airflow/example_dags/tutorial.py
[2026-03-15T17:52:20.274+0000] {processor.py:840} INFO - DAG(s) 'tutorial' retrieved from /home/airflow/.local/lib/python3.11/site-packages/airflow/example_dags/tutorial.py
[2026-03-15T17:52:20.290+0000] {logging_mixin.py:188} INFO - [2026-03-15T17:52:20.290+0000] {dag.py:3047} INFO - Sync 1 DAGs
[2026-03-15T17:52:20.306+0000] {logging_mixin.py:188} INFO - [2026-03-15T17:52:20.306+0000] {dag.py:3834} INFO - Setting next_dagrun for tutorial to 2026-03-14 00:00:00+00:00, run_after=2026-03-15 00:00:00+00:00
[2026-03-15T17:52:20.320+0000] {processor.py:183} INFO - Processing /home/airflow/.local/lib/python3.11/site-packages/airflow/example_dags/tutorial.py took 0.057 seconds
[2026-03-15T17:52:25.024+0000] {processor.py:161} INFO - Started process (PID=656) to work on /home/airflow/.local/lib/python3.11/site-packages/airflow/example_dags/tutorial.py
[2026-03-15T17:52:25.025+0000] {processor.py:830} INFO - Processing file /home/airflow/.local/lib/python3.11/site-packages/airflow/example_dags/tutorial.py for tasks to queue
[2026-03-15T17:52:25.027+0000] {logging_mixin.py:188} INFO - [2026-03-15T17:52:25.026+0000] {dagbag.py:540} INFO - Filling up the DagBag from /home/airflow/.local/lib/python3.11/site-packages/airflow/example_dags/tutorial.py
[2026-03-15T17:52:25.032+0000] {processor.py:840} INFO - DAG(s) 'tutorial' retrieved from /home/airflow/.local/lib/python3.11/site-packages/airflow/example_dags/tutorial.py
[2026-03-15T17:52:25.047+0000] {logging_mixin.py:188} INFO - [2026-03-15T17:52:25.047+0000] {dag.py:3047} INFO - Sync 1 DAGs
[2026-03-15T17:52:25.063+0000] {logging_mixin.py:188} INFO - [2026-03-15T17:52:25.063+0000] {dag.py:3834} INFO - Setting next_dagrun for tutorial to 2026-03-14 00:00:00+00:00, run_after=2026-03-15 00:00:00+00:00
[2026-03-15T17:52:25.081+0000] {processor.py:183} INFO - Processing /home/airflow/.local/lib/python3.11/site-packages/airflow/example_dags/tutorial.py took 0.060 seconds
[2026-03-15T17:52:43.699+0000] {processor.py:161} INFO - Started process (PID=700) to work on /home/airflow/.local/lib/python3.11/site-packages/airflow/example_dags/tutorial.py
[2026-03-15T17:52:43.700+0000] {processor.py:830} INFO - Processing file /home/airflow/.local/lib/python3.11/site-packages/airflow/example_dags/tutorial.py for tasks to queue
[2026-03-15T17:52:43.702+0000] {logging_mixin.py:188} INFO - [2026-03-15T17:52:43.702+0000] {dagbag.py:540} INFO - Filling up the DagBag from /home/airflow/.local/lib/python3.11/site-packages/airflow/example_dags/tutorial.py
[2026-03-15T17:52:43.707+0000] {processor.py:840} INFO - DAG(s) 'tutorial' retrieved from /home/airflow/.local/lib/python3.11/site-packages/airflow/example_dags/tutorial.py
[2026-03-15T17:52:43.722+0000] {logging_mixin.py:188} INFO - [2026-03-15T17:52:43.722+0000] {dag.py:3047} INFO - Sync 1 DAGs
[2026-03-15T17:52:43.738+0000] {logging_mixin.py:188} INFO - [2026-03-15T17:52:43.738+0000] {dag.py:3834} INFO - Setting next_dagrun for tutorial to 2026-03-14 00:00:00+00:00, run_after=2026-03-15 00:00:00+00:00
[2026-03-15T17:52:43.752+0000] {processor.py:183} INFO - Processing /home/airflow/.local/lib/python3.11/site-packages/airflow/example_dags/tutorial.py took 0.056 seconds
[2026-03-15T17:53:14.392+0000] {processor.py:161} INFO - Started process (PID=740) to work on /home/airflow/.local/lib/python3.11/site-packages/airflow/example_dags/tutorial.py
[2026-03-15T17:53:14.393+0000] {processor.py:830} INFO - Processing file /home/airflow/.local/lib/python3.11/site-packages/airflow/example_dags/tutorial.py for tasks to queue
[2026-03-15T17:53:14.395+0000] {logging_mixin.py:188} INFO - [2026-03-15T17:53:14.395+0000] {dagbag.py:540} INFO - Filling up the DagBag from /home/airflow/.local/lib/python3.11/site-packages/airflow/example_dags/tutorial.py
[2026-03-15T17:53:14.400+0000] {processor.py:840} INFO - DAG(s) 'tutorial' retrieved from /home/airflow/.local/lib/python3.11/site-packages/airflow/example_dags/tutorial.py
[2026-03-15T17:54:03.603+0000] {logging_mixin.py:188} INFO - [2026-03-15T17:54:03.603+0000] {dag.py:3047} INFO - Sync 1 DAGs
[2026-03-15T17:54:03.618+0000] {logging_mixin.py:188} INFO - [2026-03-15T17:54:03.618+0000] {dag.py:3834} INFO - Setting next_dagrun for tutorial to 2026-03-14 00:00:00+00:00, run_after=2026-03-15 00:00:00+00:00
[2026-03-15T17:54:03.631+0000] {processor.py:183} INFO - Processing /home/airflow/.local/lib/python3.11/site-packages/airflow/example_dags/tutorial.py took 0.057 seconds
[2026-03-15T17:54:16.770+0000] {processor.py:161} INFO - Started process (PID=866) to work on /home/airflow/.local/lib/python3.11/site-packages/airflow/example_dags/tutorial.py
[2026-03-15T17:54:16.771+0000] {processor.py:830} INFO - Processing file /home/airflow/.local/lib/python3.11/site-packages/airflow/example_dags/tutorial.py for tasks to queue
[2026-03-15T17:54:16.773+0000] {logging_mixin.py:188} INFO - [2026-03-15T17:54:16.773+0000] {dagbag.py:540} INFO - Filling up the DagBag from /home/airflow/.local/lib/python3.11/site-packages/airflow/example_dags/tutorial.py
[2026-03-15T17:54:16.779+0000] {processor.py:840} INFO - DAG(s) 'tutorial' retrieved from /home/airflow/.local/lib/python3.11/site-packages/airflow/example_dags/tutorial.py
[2026-03-15T17:54:16.794+0000] {logging_mixin.py:188} INFO - [2026-03-15T17:54:16.794+0000] {dag.py:3047} INFO - Sync 1 DAGs
[2026-03-15T17:54:16.810+0000] {logging_mixin.py:188} INFO - [2026-03-15T17:54:16.809+0000] {dag.py:3834} INFO - Setting next_dagrun for tutorial to 2026-03-14 00:00:00+00:00, run_after=2026-03-15 00:00:00+00:00
[2026-03-15T17:54:16.823+0000] {processor.py:183} INFO - Processing /home/airflow/.local/lib/python3.11/site-packages/airflow/example_dags/tutorial.py took 0.055 seconds
[2026-03-15T17:54:21.846+0000] {processor.py:161} INFO - Started process (PID=911) to work on /home/airflow/.local/lib/python3.11/site-packages/airflow/example_dags/tutorial.py
[2026-03-15T17:54:21.847+0000] {processor.py:830} INFO - Processing file /home/airflow/.local/lib/python3.11/site-packages/airflow/example_dags/tutorial.py for tasks to queue
[2026-03-15T17:54:21.849+0000] {logging_mixin.py:188} INFO - [2026-03-15T17:54:21.849+0000] {dagbag.py:540} INFO - Filling up the DagBag from /home/airflow/.local/lib/python3.11/site-packages/airflow/example_dags/tutorial.py
[2026-03-15T17:54:21.855+0000] {processor.py:840} INFO - DAG(s) 'tutorial' retrieved from /home/airflow/.local/lib/python3.11/site-packages/airflow/example_dags/tutorial.py
[2026-03-15T17:54:21.872+0000] {logging_mixin.py:188} INFO - [2026-03-15T17:54:21.872+0000] {dag.py:3047} INFO - Sync 1 DAGs
[2026-03-15T17:54:21.890+0000] {logging_mixin.py:188} INFO - [2026-03-15T17:54:21.890+0000] {dag.py:3834} INFO - Setting next_dagrun for tutorial to 2026-03-14 00:00:00+00:00, run_after=2026-03-15 00:00:00+00:00
[2026-03-15T17:54:21.910+0000] {processor.py:183} INFO - Processing /home/airflow/.local/lib/python3.11/site-packages/airflow/example_dags/tutorial.py took 0.067 seconds
[2026-03-15T17:54:52.133+0000] {processor.py:161} INFO - Started process (PID=960) to work on /home/airflow/.local/lib/python3.11/site-packages/airflow/example_dags/tutorial.py
[2026-03-15T17:54:52.134+0000] {processor.py:830} INFO - Processing file /home/airflow/.local/lib/python3.11/site-packages/airflow/example_dags/tutorial.py for tasks to queue
[2026-03-15T17:54:52.136+0000] {logging_mixin.py:188} INFO - [2026-03-15T17:54:52.136+0000] {dagbag.py:540} INFO - Filling up the DagBag from /home/airflow/.local/lib/python3.11/site-packages/airflow/example_dags/tutorial.py
[2026-03-15T17:54:52.142+0000] {processor.py:840} INFO - DAG(s) 'tutorial' retrieved from /home/airflow/.local/lib/python3.11/site-packages/airflow/example_dags/tutorial.py
[2026-03-15T17:54:52.163+0000] {logging_mixin.py:188} INFO - [2026-03-15T17:54:52.163+0000] {dag.py:3047} INFO - Sync 1 DAGs
[2026-03-15T17:54:52.182+0000] {logging_mixin.py:188} INFO - [2026-03-15T17:54:52.181+0000] {dag.py:3834} INFO - Setting next_dagrun for tutorial to 2026-03-14 00:00:00+00:00, run_after=2026-03-15 00:00:00+00:00
[2026-03-15T17:54:52.201+0000] {processor.py:183} INFO - Processing /home/airflow/.local/lib/python3.11/site-packages/airflow/example_dags/tutorial.py took 0.071 seconds
[2026-03-15T17:54:57.239+0000] {processor.py:161} INFO - Started process (PID=1010) to work on /home/airflow/.local/lib/python3.11/site-packages/airflow/example_dags/tutorial.py
[2026-03-15T17:54:57.240+0000] {processor.py:830} INFO - Processing file /home/airflow/.local/lib/python3.11/site-packages/airflow/example_dags/tutorial.py for tasks to queue
[2026-03-15T17:54:57.243+0000] {logging_mixin.py:188} INFO - [2026-03-15T17:54:57.242+0000] {dagbag.py:540} INFO - Filling up the DagBag from /home/airflow/.local/lib/python3.11/site-packages/airflow/example_dags/tutorial.py
[2026-03-15T17:54:57.249+0000] {processor.py:840} INFO - DAG(s) 'tutorial' retrieved from /home/airflow/.local/lib/python3.11/site-packages/airflow/example_dags/tutorial.py
[2026-03-15T17:54:57.270+0000] {logging_mixin.py:188} INFO - [2026-03-15T17:54:57.270+0000] {dag.py:3047} INFO - Sync 1 DAGs
[2026-03-15T17:54:57.286+0000] {logging_mixin.py:188} INFO - [2026-03-15T17:54:57.286+0000] {dag.py:3834} INFO - Setting next_dagrun for tutorial to 2026-03-14 00:00:00+00:00, run_after=2026-03-15 00:00:00+00:00
[2026-03-15T17:54:57.306+0000] {processor.py:183} INFO - Processing /home/airflow/.local/lib/python3.11/site-packages/airflow/example_dags/tutorial.py took 0.071 seconds
[2026-03-15T17:55:02.090+0000] {processor.py:161} INFO - Started process (PID=1064) to work on /home/airflow/.local/lib/python3.11/site-packages/airflow/example_dags/tutorial.py
[2026-03-15T17:55:02.091+0000] {processor.py:830} INFO - Processing file /home/airflow/.local/lib/python3.11/site-packages/airflow/example_dags/tutorial.py for tasks to queue
[2026-03-15T17:55:02.093+0000] {logging_mixin.py:188} INFO - [2026-03-15T17:55:02.093+0000] {dagbag.py:540} INFO - Filling up the DagBag from /home/airflow/.local/lib/python3.11/site-packages/airflow/example_dags/tutorial.py
[2026-03-15T17:55:02.100+0000] {processor.py:840} INFO - DAG(s) 'tutorial' retrieved from /home/airflow/.local/lib/python3.11/site-packages/airflow/example_dags/tutorial.py
[2026-03-15T17:55:02.122+0000] {logging_mixin.py:188} INFO - [2026-03-15T17:55:02.122+0000] {dag.py:3047} INFO - Sync 1 DAGs
[2026-03-15T17:55:02.142+0000] {logging_mixin.py:188} INFO - [2026-03-15T17:55:02.142+0000] {dag.py:3834} INFO - Setting next_dagrun for tutorial to 2026-03-14 00:00:00+00:00, run_after=2026-03-15 00:00:00+00:00
[2026-03-15T17:55:02.160+0000] {processor.py:183} INFO - Processing /home/airflow/.local/lib/python3.11/site-packages/airflow/example_dags/tutorial.py took 0.075 seconds
[2026-03-15T17:55:14.152+0000] {processor.py:161} INFO - Started process (PID=1110) to work on /home/airflow/.local/lib/python3.11/site-packages/airflow/example_dags/tutorial.py
[2026-03-15T17:55:14.154+0000] {processor.py:830} INFO - Processing file /home/airflow/.local/lib/python3.11/site-packages/airflow/example_dags/tutorial.py for tasks to queue
[2026-03-15T17:55:14.156+0000] {logging_mixin.py:188} INFO - [2026-03-15T17:55:14.155+0000] {dagbag.py:540} INFO - Filling up the DagBag from /home/airflow/.local/lib/python3.11/site-packages/airflow/example_dags/tutorial.py
[2026-03-15T17:55:14.162+0000] {processor.py:840} INFO - DAG(s) 'tutorial' retrieved from /home/airflow/.local/lib/python3.11/site-packages/airflow/example_dags/tutorial.py
[2026-03-15T17:55:14.188+0000] {logging_mixin.py:188} INFO - [2026-03-15T17:55:14.188+0000] {dag.py:3047} INFO - Sync 1 DAGs
[2026-03-15T17:55:14.209+0000] {logging_mixin.py:188} INFO - [2026-03-15T17:55:14.208+0000] {dag.py:3834} INFO - Setting next_dagrun for tutorial to 2026-03-14 00:00:00+00:00, run_after=2026-03-15 00:00:00+00:00
[2026-03-15T17:55:14.230+0000] {processor.py:183} INFO - Processing /home/airflow/.local/lib/python3.11/site-packages/airflow/example_dags/tutorial.py took 0.081 seconds
[2026-03-15T17:55:16.988+0000] {processor.py:161} INFO - Started process (PID=1154) to work on /home/airflow/.local/lib/python3.11/site-packages/airflow/example_dags/tutorial.py
[2026-03-15T17:55:16.989+0000] {processor.py:830} INFO - Processing file /home/airflow/.local/lib/python3.11/site-packages/airflow/example_dags/tutorial.py for tasks to queue
[2026-03-15T17:55:16.991+0000] {logging_mixin.py:188} INFO - [2026-03-15T17:55:16.991+0000] {dagbag.py:540} INFO - Filling up the DagBag from /home/airflow/.local/lib/python3.11/site-packages/airflow/example_dags/tutorial.py
[2026-03-15T17:55:16.997+0000] {processor.py:840} INFO - DAG(s) 'tutorial' retrieved from /home/airflow/.local/lib/python3.11/site-packages/airflow/example_dags/tutorial.py
[2026-03-15T17:55:17.017+0000] {logging_mixin.py:188} INFO - [2026-03-15T17:55:17.016+0000] {dag.py:3047} INFO - Sync 1 DAGs
[2026-03-15T17:55:17.036+0000] {logging_mixin.py:188} INFO - [2026-03-15T17:55:17.036+0000] {dag.py:3834} INFO - Setting next_dagrun for tutorial to 2026-03-14 00:00:00+00:00, run_after=2026-03-15 00:00:00+00:00
[2026-03-15T17:55:17.058+0000] {processor.py:183} INFO - Processing /home/airflow/.local/lib/python3.11/site-packages/airflow/example_dags/tutorial.py took 0.073 seconds
[2026-03-15T17:55:47.379+0000] {processor.py:161} INFO - Started process (PID=1202) to work on /home/airflow/.local/lib/python3.11/site-packages/airflow/example_dags/tutorial.py
[2026-03-15T17:55:47.381+0000] {processor.py:830} INFO - Processing file /home/airflow/.local/lib/python3.11/site-packages/airflow/example_dags/tutorial.py for tasks to queue
[2026-03-15T17:55:47.384+0000] {logging_mixin.py:188} INFO - [2026-03-15T17:55:47.383+0000] {dagbag.py:540} INFO - Filling up the DagBag from /home/airflow/.local/lib/python3.11/site-packages/airflow/example_dags/tutorial.py
[2026-03-15T17:55:47.390+0000] {processor.py:840} INFO - DAG(s) 'tutorial' retrieved from /home/airflow/.local/lib/python3.11/site-packages/airflow/example_dags/tutorial.py
[2026-03-15T17:55:47.417+0000] {logging_mixin.py:188} INFO - [2026-03-15T17:55:47.417+0000] {dag.py:3047} INFO - Sync 1 DAGs
[2026-03-15T17:55:47.442+0000] {logging_mixin.py:188} INFO - [2026-03-15T17:55:47.442+0000] {dag.py:3834} INFO - Setting next_dagrun for tutorial to 2026-03-14 00:00:00+00:00, run_after=2026-03-15 00:00:00+00:00
[2026-03-15T17:55:47.468+0000] {processor.py:183} INFO - Processing /home/airflow/.local/lib/python3.11/site-packages/airflow/example_dags/tutorial.py took 0.094 seconds
[2026-03-15T17:55:52.388+0000] {processor.py:161} INFO - Started process (PID=1250) to work on /home/airflow/.local/lib/python3.11/site-packages/airflow/example_dags/tutorial.py
[2026-03-15T17:55:52.389+0000] {processor.py:830} INFO - Processing file /home/airflow/.local/lib/python3.11/site-packages/airflow/example_dags/tutorial.py for tasks to queue
[2026-03-15T17:55:52.391+0000] {logging_mixin.py:188} INFO - [2026-03-15T17:55:52.391+0000] {dagbag.py:540} INFO - Filling up the DagBag from /home/airflow/.local/lib/python3.11/site-packages/airflow/example_dags/tutorial.py
[2026-03-15T17:55:52.397+0000] {processor.py:840} INFO - DAG(s) 'tutorial' retrieved from /home/airflow/.local/lib/python3.11/site-packages/airflow/example_dags/tutorial.py
[2026-03-15T17:55:52.413+0000] {logging_mixin.py:188} INFO - [2026-03-15T17:55:52.413+0000] {dag.py:3047} INFO - Sync 1 DAGs
[2026-03-15T17:55:52.429+0000] {logging_mixin.py:188} INFO - [2026-03-15T17:55:52.429+0000] {dag.py:3834} INFO - Setting next_dagrun for tutorial to 2026-03-14 00:00:00+00:00, run_after=2026-03-15 00:00:00+00:00
[2026-03-15T17:55:52.446+0000] {processor.py:183} INFO - Processing /home/airflow/.local/lib/python3.11/site-packages/airflow/example_dags/tutorial.py took 0.062 seconds
[2026-03-15T17:55:57.107+0000] {processor.py:161} INFO - Started process (PID=1298) to work on /home/airflow/.local/lib/python3.11/site-packages/airflow/example_dags/tutorial.py
[2026-03-15T17:55:57.108+0000] {processor.py:830} INFO - Processing file /home/airflow/.local/lib/python3.11/site-packages/airflow/example_dags/tutorial.py for tasks to queue
[2026-03-15T17:55:57.110+0000] {logging_mixin.py:188} INFO - [2026-03-15T17:55:57.110+0000] {dagbag.py:540} INFO - Filling up the DagBag from /home/airflow/.local/lib/python3.11/site-packages/airflow/example_dags/tutorial.py
[2026-03-15T17:55:57.115+0000] {processor.py:840} INFO - DAG(s) 'tutorial' retrieved from /home/airflow/.local/lib/python3.11/site-packages/airflow/example_dags/tutorial.py
[2026-03-15T17:55:57.134+0000] {logging_mixin.py:188} INFO - [2026-03-15T17:55:57.133+0000] {dag.py:3047} INFO - Sync 1 DAGs
[2026-03-15T17:55:57.149+0000] {logging_mixin.py:188} INFO - [2026-03-15T17:55:57.149+0000] {dag.py:3834} INFO - Setting next_dagrun for tutorial to 2026-03-14 00:00:00+00:00, run_after=2026-03-15 00:00:00+00:00
[2026-03-15T17:55:57.163+0000] {processor.py:183} INFO - Processing /home/airflow/.local/lib/python3.11/site-packages/airflow/example_dags/tutorial.py took 0.059 seconds
[2026-03-15T17:56:27.327+0000] {processor.py:161} INFO - Started process (PID=1348) to work on /home/airflow/.local/lib/python3.11/site-packages/airflow/example_dags/tutorial.py
[2026-03-15T17:56:27.329+0000] {processor.py:830} INFO - Processing file /home/airflow/.local/lib/python3.11/site-packages/airflow/example_dags/tutorial.py for tasks to queue
[2026-03-15T17:56:27.331+0000] {logging_mixin.py:188} INFO - [2026-03-15T17:56:27.330+0000] {dagbag.py:540} INFO - Filling up the DagBag from /home/airflow/.local/lib/python3.11/site-packages/airflow/example_dags/tutorial.py
[2026-03-15T17:56:27.336+0000] {processor.py:840} INFO - DAG(s) 'tutorial' retrieved from /home/airflow/.local/lib/python3.11/site-packages/airflow/example_dags/tutorial.py
[2026-03-15T17:56:27.351+0000] {logging_mixin.py:188} INFO - [2026-03-15T17:56:27.351+0000] {dag.py:3047} INFO - Sync 1 DAGs
[2026-03-15T17:56:27.367+0000] {logging_mixin.py:188} INFO - [2026-03-15T17:56:27.367+0000] {dag.py:3834} INFO - Setting next_dagrun for tutorial to 2026-03-14 00:00:00+00:00, run_after=2026-03-15 00:00:00+00:00
[2026-03-15T17:56:27.382+0000] {processor.py:183} INFO - Processing /home/airflow/.local/lib/python3.11/site-packages/airflow/example_dags/tutorial.py took 0.058 seconds
[2026-03-15T17:56:44.031+0000] {processor.py:161} INFO - Started process (PID=1404) to work on /home/airflow/.local/lib/python3.11/site-packages/airflow/example_dags/tutorial.py
[2026-03-15T17:56:44.032+0000] {processor.py:830} INFO - Processing file /home/airflow/.local/lib/python3.11/site-packages/airflow/example_dags/tutorial.py for tasks to queue
[2026-03-15T17:56:44.034+0000] {logging_mixin.py:188} INFO - [2026-03-15T17:56:44.034+0000] {dagbag.py:540} INFO - Filling up the DagBag from /home/airflow/.local/lib/python3.11/site-packages/airflow/example_dags/tutorial.py
[2026-03-15T17:56:44.039+0000] {processor.py:840} INFO - DAG(s) 'tutorial' retrieved from /home/airflow/.local/lib/python3.11/site-packages/airflow/example_dags/tutorial.py
[2026-03-15T17:56:44.054+0000] {logging_mixin.py:188} INFO - [2026-03-15T17:56:44.054+0000] {dag.py:3047} INFO - Sync 1 DAGs
[2026-03-15T17:56:44.069+0000] {logging_mixin.py:188} INFO - [2026-03-15T17:56:44.069+0000] {dag.py:3834} INFO - Setting next_dagrun for tutorial to 2026-03-14 00:00:00+00:00, run_after=2026-03-15 00:00:00+00:00
[2026-03-15T17:56:44.083+0000] {processor.py:183} INFO - Processing /home/airflow/.local/lib/python3.11/site-packages/airflow/example_dags/tutorial.py took 0.054 seconds
[2026-03-15T17:56:47.262+0000] {processor.py:161} INFO - Started process (PID=1452) to work on /home/airflow/.local/lib/python3.11/site-packages/airflow/example_dags/tutorial.py
[2026-03-15T17:56:47.263+0000] {processor.py:830} INFO - Processing file /home/airflow/.local/lib/python3.11/site-packages/airflow/example_dags/tutorial.py for tasks to queue
[2026-03-15T17:56:47.264+0000] {logging_mixin.py:188} INFO - [2026-03-15T17:56:47.264+0000] {dagbag.py:540} INFO - Filling up the DagBag from /home/airflow/.local/lib/python3.11/site-packages/airflow/example_dags/tutorial.py
[2026-03-15T17:56:47.270+0000] {processor.py:840} INFO - DAG(s) 'tutorial' retrieved from /home/airflow/.local/lib/python3.11/site-packages/airflow/example_dags/tutorial.py
[2026-03-15T17:56:47.286+0000] {logging_mixin.py:188} INFO - [2026-03-15T17:56:47.286+0000] {dag.py:3047} INFO - Sync 1 DAGs
[2026-03-15T17:56:47.303+0000] {logging_mixin.py:188} INFO - [2026-03-15T17:56:47.303+0000] {dag.py:3834} INFO - Setting next_dagrun for tutorial to 2026-03-14 00:00:00+00:00, run_after=2026-03-15 00:00:00+00:00
[2026-03-15T17:56:47.316+0000] {processor.py:183} INFO - Processing /home/airflow/.local/lib/python3.11/site-packages/airflow/example_dags/tutorial.py took 0.058 seconds
[2026-03-15T17:57:17.786+0000] {processor.py:161} INFO - Started process (PID=1506) to work on /home/airflow/.local/lib/python3.11/site-packages/airflow/example_dags/tutorial.py
[2026-03-15T17:57:17.788+0000] {processor.py:830} INFO - Processing file /home/airflow/.local/lib/python3.11/site-packages/airflow/example_dags/tutorial.py for tasks to queue
[2026-03-15T17:57:17.789+0000] {logging_mixin.py:188} INFO - [2026-03-15T17:57:17.789+0000] {dagbag.py:540} INFO - Filling up the DagBag from /home/airflow/.local/lib/python3.11/site-packages/airflow/example_dags/tutorial.py
[2026-03-15T17:57:17.795+0000] {processor.py:840} INFO - DAG(s) 'tutorial' retrieved from /home/airflow/.local/lib/python3.11/site-packages/airflow/example_dags/tutorial.py
[2026-03-15T17:57:17.813+0000] {logging_mixin.py:188} INFO - [2026-03-15T17:57:17.813+0000] {dag.py:3047} INFO - Sync 1 DAGs
[2026-03-15T17:57:17.831+0000] {logging_mixin.py:188} INFO - [2026-03-15T17:57:17.831+0000] {dag.py:3834} INFO - Setting next_dagrun for tutorial to 2026-03-14 00:00:00+00:00, run_after=2026-03-15 00:00:00+00:00
[2026-03-15T17:57:17.851+0000] {processor.py:183} INFO - Processing /home/airflow/.local/lib/python3.11/site-packages/airflow/example_dags/tutorial.py took 0.068 seconds
[2026-03-15T17:57:22.401+0000] {processor.py:161} INFO - Started process (PID=1556) to work on /home/airflow/.local/lib/python3.11/site-packages/airflow/example_dags/tutorial.py
[2026-03-15T17:57:22.402+0000] {processor.py:830} INFO - Processing file /home/airflow/.local/lib/python3.11/site-packages/airflow/example_dags/tutorial.py for tasks to queue
[2026-03-15T17:57:22.404+0000] {logging_mixin.py:188} INFO - [2026-03-15T17:57:22.403+0000] {dagbag.py:540} INFO - Filling up the DagBag from /home/airflow/.local/lib/python3.11/site-packages/airflow/example_dags/tutorial.py
[2026-03-15T17:57:22.410+0000] {processor.py:840} INFO - DAG(s) 'tutorial' retrieved from /home/airflow/.local/lib/python3.11/site-packages/airflow/example_dags/tutorial.py
[2026-03-15T17:57:22.432+0000] {logging_mixin.py:188} INFO - [2026-03-15T17:57:22.432+0000] {dag.py:3047} INFO - Sync 1 DAGs
[2026-03-15T17:57:22.450+0000] {logging_mixin.py:188} INFO - [2026-03-15T17:57:22.450+0000] {dag.py:3834} INFO - Setting next_dagrun for tutorial to 2026-03-14 00:00:00+00:00, run_after=2026-03-15 00:00:00+00:00
[2026-03-15T17:57:22.467+0000] {processor.py:183} INFO - Processing /home/airflow/.local/lib/python3.11/site-packages/airflow/example_dags/tutorial.py took 0.069 seconds
[2026-03-15T17:57:43.833+0000] {processor.py:161} INFO - Started process (PID=1608) to work on /home/airflow/.local/lib/python3.11/site-packages/airflow/example_dags/tutorial.py
[2026-03-15T17:57:43.834+0000] {processor.py:830} INFO - Processing file /home/airflow/.local/lib/python3.11/site-packages/airflow/example_dags/tutorial.py for tasks to queue
[2026-03-15T17:57:43.836+0000] {logging_mixin.py:188} INFO - [2026-03-15T17:57:43.836+0000] {dagbag.py:540} INFO - Filling up the DagBag from /home/airflow/.local/lib/python3.11/site-packages/airflow/example_dags/tutorial.py
[2026-03-15T17:57:43.841+0000] {processor.py:840} INFO - DAG(s) 'tutorial' retrieved from /home/airflow/.local/lib/python3.11/site-packages/airflow/example_dags/tutorial.py
[2026-03-15T17:57:43.859+0000] {logging_mixin.py:188} INFO - [2026-03-15T17:57:43.858+0000] {dag.py:3047} INFO - Sync 1 DAGs
[2026-03-15T17:57:43.875+0000] {logging_mixin.py:188} INFO - [2026-03-15T17:57:43.875+0000] {dag.py:3834} INFO - Setting next_dagrun for tutorial to 2026-03-14 00:00:00+00:00, run_after=2026-03-15 00:00:00+00:00
[2026-03-15T17:57:43.890+0000] {processor.py:183} INFO - Processing /home/airflow/.local/lib/python3.11/site-packages/airflow/example_dags/tutorial.py took 0.060 seconds
[2026-03-15T17:57:46.994+0000] {processor.py:161} INFO - Started process (PID=1651) to work on /home/airflow/.local/lib/python3.11/site-packages/airflow/example_dags/tutorial.py
[2026-03-15T17:57:46.995+0000] {processor.py:830} INFO - Processing file /home/airflow/.local/lib/python3.11/site-packages/airflow/example_dags/tutorial.py for tasks to queue
[2026-03-15T17:57:46.998+0000] {logging_mixin.py:188} INFO - [2026-03-15T17:57:46.997+0000] {dagbag.py:540} INFO - Filling up the DagBag from /home/airflow/.local/lib/python3.11/site-packages/airflow/example_dags/tutorial.py
[2026-03-15T17:57:47.003+0000] {processor.py:840} INFO - DAG(s) 'tutorial' retrieved from /home/airflow/.local/lib/python3.11/site-packages/airflow/example_dags/tutorial.py
[2026-03-15T17:57:47.021+0000] {logging_mixin.py:188} INFO - [2026-03-15T17:57:47.020+0000] {dag.py:3047} INFO - Sync 1 DAGs
[2026-03-15T17:57:47.038+0000] {logging_mixin.py:188} INFO - [2026-03-15T17:57:47.038+0000] {dag.py:3834} INFO - Setting next_dagrun for tutorial to 2026-03-14 00:00:00+00:00, run_after=2026-03-15 00:00:00+00:00
[2026-03-15T17:57:47.052+0000] {processor.py:183} INFO - Processing /home/airflow/.local/lib/python3.11/site-packages/airflow/example_dags/tutorial.py took 0.061 seconds
[2026-03-15T17:58:12.079+0000] {processor.py:161} INFO - Started process (PID=1702) to work on /home/airflow/.local/lib/python3.11/site-packages/airflow/example_dags/tutorial.py
[2026-03-15T17:58:12.080+0000] {processor.py:830} INFO - Processing file /home/airflow/.local/lib/python3.11/site-packages/airflow/example_dags/tutorial.py for tasks to queue
[2026-03-15T17:58:12.082+0000] {logging_mixin.py:188} INFO - [2026-03-15T17:58:12.082+0000] {dagbag.py:540} INFO - Filling up the DagBag from /home/airflow/.local/lib/python3.11/site-packages/airflow/example_dags/tutorial.py
[2026-03-15T17:58:12.088+0000] {processor.py:840} INFO - DAG(s) 'tutorial' retrieved from /home/airflow/.local/lib/python3.11/site-packages/airflow/example_dags/tutorial.py
[2026-03-15T17:58:12.103+0000] {logging_mixin.py:188} INFO - [2026-03-15T17:58:12.103+0000] {dag.py:3047} INFO - Sync 1 DAGs
[2026-03-15T17:58:12.118+0000] {logging_mixin.py:188} INFO - [2026-03-15T17:58:12.118+0000] {dag.py:3834} INFO - Setting next_dagrun for tutorial to 2026-03-14 00:00:00+00:00, run_after=2026-03-15 00:00:00+00:00
[2026-03-15T17:58:12.130+0000] {processor.py:183} INFO - Processing /home/airflow/.local/lib/python3.11/site-packages/airflow/example_dags/tutorial.py took 0.054 seconds
[2026-03-15T17:58:17.111+0000] {processor.py:161} INFO - Started process (PID=1747) to work on /home/airflow/.local/lib/python3.11/site-packages/airflow/example_dags/tutorial.py
[2026-03-15T17:58:17.112+0000] {processor.py:830} INFO - Processing file /home/airflow/.local/lib/python3.11/site-packages/airflow/example_dags/tutorial.py for tasks to queue
[2026-03-15T17:58:17.115+0000] {logging_mixin.py:188} INFO - [2026-03-15T17:58:17.114+0000] {dagbag.py:540} INFO - Filling up the DagBag from /home/airflow/.local/lib/python3.11/site-packages/airflow/example_dags/tutorial.py
[2026-03-15T17:58:17.120+0000] {processor.py:840} INFO - DAG(s) 'tutorial' retrieved from /home/airflow/.local/lib/python3.11/site-packages/airflow/example_dags/tutorial.py
[2026-03-15T17:58:17.138+0000] {logging_mixin.py:188} INFO - [2026-03-15T17:58:17.138+0000] {dag.py:3047} INFO - Sync 1 DAGs
[2026-03-15T17:58:17.156+0000] {logging_mixin.py:188} INFO - [2026-03-15T17:58:17.155+0000] {dag.py:3834} INFO - Setting next_dagrun for tutorial to 2026-03-14 00:00:00+00:00, run_after=2026-03-15 00:00:00+00:00
[2026-03-15T17:58:17.172+0000] {processor.py:183} INFO - Processing /home/airflow/.local/lib/python3.11/site-packages/airflow/example_dags/tutorial.py took 0.064 seconds
[2026-03-15T17:58:22.193+0000] {processor.py:161} INFO - Started process (PID=1788) to work on /home/airflow/.local/lib/python3.11/site-packages/airflow/example_dags/tutorial.py
[2026-03-15T17:58:22.194+0000] {processor.py:830} INFO - Processing file /home/airflow/.local/lib/python3.11/site-packages/airflow/example_dags/tutorial.py for tasks to queue
[2026-03-15T17:58:22.197+0000] {logging_mixin.py:188} INFO - [2026-03-15T17:58:22.196+0000] {dagbag.py:540} INFO - Filling up the DagBag from /home/airflow/.local/lib/python3.11/site-packages/airflow/example_dags/tutorial.py
[2026-03-15T17:58:22.202+0000] {processor.py:840} INFO - DAG(s) 'tutorial' retrieved from /home/airflow/.local/lib/python3.11/site-packages/airflow/example_dags/tutorial.py
[2026-03-15T17:58:22.218+0000] {logging_mixin.py:188} INFO - [2026-03-15T17:58:22.217+0000] {dag.py:3047} INFO - Sync 1 DAGs
[2026-03-15T17:58:22.232+0000] {logging_mixin.py:188} INFO - [2026-03-15T17:58:22.232+0000] {dag.py:3834} INFO - Setting next_dagrun for tutorial to 2026-03-14 00:00:00+00:00, run_after=2026-03-15 00:00:00+00:00
[2026-03-15T17:58:22.247+0000] {processor.py:183} INFO - Processing /home/airflow/.local/lib/python3.11/site-packages/airflow/example_dags/tutorial.py took 0.057 seconds
[2026-03-15T17:58:36.996+0000] {processor.py:161} INFO - Started process (PID=1833) to work on /home/airflow/.local/lib/python3.11/site-packages/airflow/example_dags/tutorial.py
[2026-03-15T17:58:36.997+0000] {processor.py:830} INFO - Processing file /home/airflow/.local/lib/python3.11/site-packages/airflow/example_dags/tutorial.py for tasks to queue
[2026-03-15T17:58:36.998+0000] {logging_mixin.py:188} INFO - [2026-03-15T17:58:36.998+0000] {dagbag.py:540} INFO - Filling up the DagBag from /home/airflow/.local/lib/python3.11/site-packages/airflow/example_dags/tutorial.py
[2026-03-15T17:58:37.004+0000] {processor.py:840} INFO - DAG(s) 'tutorial' retrieved from /home/airflow/.local/lib/python3.11/site-packages/airflow/example_dags/tutorial.py
[2026-03-15T17:58:37.020+0000] {logging_mixin.py:188} INFO - [2026-03-15T17:58:37.020+0000] {dag.py:3047} INFO - Sync 1 DAGs
[2026-03-15T17:58:37.036+0000] {logging_mixin.py:188} INFO - [2026-03-15T17:58:37.036+0000] {dag.py:3834} INFO - Setting next_dagrun for tutorial to 2026-03-14 00:00:00+00:00, run_after=2026-03-15 00:00:00+00:00
[2026-03-15T17:58:37.049+0000] {processor.py:183} INFO - Processing /home/airflow/.local/lib/python3.11/site-packages/airflow/example_dags/tutorial.py took 0.056 seconds
[2026-03-15T17:58:41.898+0000] {processor.py:161} INFO - Started process (PID=1870) to work on /home/airflow/.local/lib/python3.11/site-packages/airflow/example_dags/tutorial.py
[2026-03-15T17:58:41.899+0000] {processor.py:830} INFO - Processing file /home/airflow/.local/lib/python3.11/site-packages/airflow/example_dags/tutorial.py for tasks to queue
[2026-03-15T17:58:41.901+0000] {logging_mixin.py:188} INFO - [2026-03-15T17:58:41.901+0000] {dagbag.py:540} INFO - Filling up the DagBag from /home/airflow/.local/lib/python3.11/site-packages/airflow/example_dags/tutorial.py
[2026-03-15T17:58:41.906+0000] {processor.py:840} INFO - DAG(s) 'tutorial' retrieved from /home/airflow/.local/lib/python3.11/site-packages/airflow/example_dags/tutorial.py
[2026-03-15T17:58:41.922+0000] {logging_mixin.py:188} INFO - [2026-03-15T17:58:41.922+0000] {dag.py:3047} INFO - Sync 1 DAGs
[2026-03-15T17:58:41.937+0000] {logging_mixin.py:188} INFO - [2026-03-15T17:58:41.937+0000] {dag.py:3834} INFO - Setting next_dagrun for tutorial to 2026-03-14 00:00:00+00:00, run_after=2026-03-15 00:00:00+00:00
[2026-03-15T17:58:41.951+0000] {processor.py:183} INFO - Processing /home/airflow/.local/lib/python3.11/site-packages/airflow/example_dags/tutorial.py took 0.056 seconds
[2026-03-15T17:58:43.775+0000] {processor.py:161} INFO - Started process (PID=1907) to work on /home/airflow/.local/lib/python3.11/site-packages/airflow/example_dags/tutorial.py
[2026-03-15T17:58:43.777+0000] {processor.py:830} INFO - Processing file /home/airflow/.local/lib/python3.11/site-packages/airflow/example_dags/tutorial.py for tasks to queue
[2026-03-15T17:58:43.783+0000] {logging_mixin.py:188} INFO - [2026-03-15T17:58:43.782+0000] {dagbag.py:540} INFO - Filling up the DagBag from /home/airflow/.local/lib/python3.11/site-packages/airflow/example_dags/tutorial.py
[2026-03-15T17:58:43.794+0000] {processor.py:840} INFO - DAG(s) 'tutorial' retrieved from /home/airflow/.local/lib/python3.11/site-packages/airflow/example_dags/tutorial.py
[2026-03-15T17:58:43.817+0000] {logging_mixin.py:188} INFO - [2026-03-15T17:58:43.817+0000] {dag.py:3047} INFO - Sync 1 DAGs
[2026-03-15T17:58:43.835+0000] {logging_mixin.py:188} INFO - [2026-03-15T17:58:43.835+0000] {dag.py:3834} INFO - Setting next_dagrun for tutorial to 2026-03-14 00:00:00+00:00, run_after=2026-03-15 00:00:00+00:00
[2026-03-15T17:58:43.862+0000] {processor.py:183} INFO - Processing /home/airflow/.local/lib/python3.11/site-packages/airflow/example_dags/tutorial.py took 0.091 seconds
[2026-03-15T17:59:14.009+0000] {processor.py:161} INFO - Started process (PID=1947) to work on /home/airflow/.local/lib/python3.11/site-packages/airflow/example_dags/tutorial.py
[2026-03-15T17:59:14.010+0000] {processor.py:830} INFO - Processing file /home/airflow/.local/lib/python3.11/site-packages/airflow/example_dags/tutorial.py for tasks to queue
[2026-03-15T17:59:14.013+0000] {logging_mixin.py:188} INFO - [2026-03-15T17:59:14.013+0000] {dagbag.py:540} INFO - Filling up the DagBag from /home/airflow/.local/lib/python3.11/site-packages/airflow/example_dags/tutorial.py
[2026-03-15T17:59:14.018+0000] {processor.py:840} INFO - DAG(s) 'tutorial' retrieved from /home/airflow/.local/lib/python3.11/site-packages/airflow/example_dags/tutorial.py
[2026-03-15T17:59:14.034+0000] {logging_mixin.py:188} INFO - [2026-03-15T17:59:14.034+0000] {dag.py:3047} INFO - Sync 1 DAGs
[2026-03-15T17:59:14.050+0000] {logging_mixin.py:188} INFO - [2026-03-15T17:59:14.050+0000] {dag.py:3834} INFO - Setting next_dagrun for tutorial to 2026-03-14 00:00:00+00:00, run_after=2026-03-15 00:00:00+00:00
[2026-03-15T17:59:14.064+0000] {processor.py:183} INFO - Processing /home/airflow/.local/lib/python3.11/site-packages/airflow/example_dags/tutorial.py took 0.058 seconds
[2026-03-15T17:59:44.713+0000] {processor.py:161} INFO - Started process (PID=1992) to work on /home/airflow/.local/lib/python3.11/site-packages/airflow/example_dags/tutorial.py
[2026-03-15T17:59:44.714+0000] {processor.py:830} INFO - Processing file /home/airflow/.local/lib/python3.11/site-packages/airflow/example_dags/tutorial.py for tasks to queue
[2026-03-15T17:59:44.716+0000] {logging_mixin.py:188} INFO - [2026-03-15T17:59:44.716+0000] {dagbag.py:540} INFO - Filling up the DagBag from /home/airflow/.local/lib/python3.11/site-packages/airflow/example_dags/tutorial.py
[2026-03-15T17:59:44.721+0000] {processor.py:840} INFO - DAG(s) 'tutorial' retrieved from /home/airflow/.local/lib/python3.11/site-packages/airflow/example_dags/tutorial.py
[2026-03-15T17:59:44.738+0000] {logging_mixin.py:188} INFO - [2026-03-15T17:59:44.737+0000] {dag.py:3047} INFO - Sync 1 DAGs
[2026-03-15T17:59:44.753+0000] {logging_mixin.py:188} INFO - [2026-03-15T17:59:44.752+0000] {dag.py:3834} INFO - Setting next_dagrun for tutorial to 2026-03-14 00:00:00+00:00, run_after=2026-03-15 00:00:00+00:00
[2026-03-15T17:59:44.767+0000] {processor.py:183} INFO - Processing /home/airflow/.local/lib/python3.11/site-packages/airflow/example_dags/tutorial.py took 0.057 seconds
[2026-03-15T18:00:07.433+0000] {processor.py:161} INFO - Started process (PID=2056) to work on /home/airflow/.local/lib/python3.11/site-packages/airflow/example_dags/tutorial.py
[2026-03-15T18:00:07.434+0000] {processor.py:830} INFO - Processing file /home/airflow/.local/lib/python3.11/site-packages/airflow/example_dags/tutorial.py for tasks to queue
[2026-03-15T18:00:07.437+0000] {logging_mixin.py:188} INFO - [2026-03-15T18:00:07.436+0000] {dagbag.py:540} INFO - Filling up the DagBag from /home/airflow/.local/lib/python3.11/site-packages/airflow/example_dags/tutorial.py
[2026-03-15T18:00:07.442+0000] {processor.py:840} INFO - DAG(s) 'tutorial' retrieved from /home/airflow/.local/lib/python3.11/site-packages/airflow/example_dags/tutorial.py
[2026-03-15T18:00:07.459+0000] {logging_mixin.py:188} INFO - [2026-03-15T18:00:07.458+0000] {dag.py:3047} INFO - Sync 1 DAGs
[2026-03-15T18:00:07.473+0000] {logging_mixin.py:188} INFO - [2026-03-15T18:00:07.473+0000] {dag.py:3834} INFO - Setting next_dagrun for tutorial to 2026-03-14 00:00:00+00:00, run_after=2026-03-15 00:00:00+00:00
[2026-03-15T18:00:07.487+0000] {processor.py:183} INFO - Processing /home/airflow/.local/lib/python3.11/site-packages/airflow/example_dags/tutorial.py took 0.056 seconds
[2026-03-15T18:00:12.489+0000] {processor.py:161} INFO - Started process (PID=2097) to work on /home/airflow/.local/lib/python3.11/site-packages/airflow/example_dags/tutorial.py
[2026-03-15T18:00:12.490+0000] {processor.py:830} INFO - Processing file /home/airflow/.local/lib/python3.11/site-packages/airflow/example_dags/tutorial.py for tasks to queue
[2026-03-15T18:00:12.492+0000] {logging_mixin.py:188} INFO - [2026-03-15T18:00:12.492+0000] {dagbag.py:540} INFO - Filling up the DagBag from /home/airflow/.local/lib/python3.11/site-packages/airflow/example_dags/tutorial.py
[2026-03-15T18:00:12.498+0000] {processor.py:840} INFO - DAG(s) 'tutorial' retrieved from /home/airflow/.local/lib/python3.11/site-packages/airflow/example_dags/tutorial.py
[2026-03-15T18:00:12.516+0000] {logging_mixin.py:188} INFO - [2026-03-15T18:00:12.516+0000] {dag.py:3047} INFO - Sync 1 DAGs
[2026-03-15T18:00:12.534+0000] {logging_mixin.py:188} INFO - [2026-03-15T18:00:12.534+0000] {dag.py:3834} INFO - Setting next_dagrun for tutorial to 2026-03-14 00:00:00+00:00, run_after=2026-03-15 00:00:00+00:00
[2026-03-15T18:00:12.554+0000] {processor.py:183} INFO - Processing /home/airflow/.local/lib/python3.11/site-packages/airflow/example_dags/tutorial.py took 0.068 seconds
[2026-03-15T18:00:42.856+0000] {processor.py:161} INFO - Started process (PID=2144) to work on /home/airflow/.local/lib/python3.11/site-packages/airflow/example_dags/tutorial.py
[2026-03-15T18:00:42.857+0000] {processor.py:830} INFO - Processing file /home/airflow/.local/lib/python3.11/site-packages/airflow/example_dags/tutorial.py for tasks to queue
[2026-03-15T18:00:42.859+0000] {logging_mixin.py:188} INFO - [2026-03-15T18:00:42.858+0000] {dagbag.py:540} INFO - Filling up the DagBag from /home/airflow/.local/lib/python3.11/site-packages/airflow/example_dags/tutorial.py
[2026-03-15T18:00:42.863+0000] {processor.py:840} INFO - DAG(s) 'tutorial' retrieved from /home/airflow/.local/lib/python3.11/site-packages/airflow/example_dags/tutorial.py
[2026-03-15T18:00:42.878+0000] {logging_mixin.py:188} INFO - [2026-03-15T18:00:42.878+0000] {dag.py:3047} INFO - Sync 1 DAGs
[2026-03-15T18:00:42.892+0000] {logging_mixin.py:188} INFO - [2026-03-15T18:00:42.892+0000] {dag.py:3834} INFO - Setting next_dagrun for tutorial to 2026-03-14 00:00:00+00:00, run_after=2026-03-15 00:00:00+00:00
[2026-03-15T18:00:42.905+0000] {processor.py:183} INFO - Processing /home/airflow/.local/lib/python3.11/site-packages/airflow/example_dags/tutorial.py took 0.051 seconds
[2026-03-15T18:00:44.008+0000] {processor.py:161} INFO - Started process (PID=2169) to work on /home/airflow/.local/lib/python3.11/site-packages/airflow/example_dags/tutorial.py
[2026-03-15T18:00:44.009+0000] {processor.py:830} INFO - Processing file /home/airflow/.local/lib/python3.11/site-packages/airflow/example_dags/tutorial.py for tasks to queue
[2026-03-15T18:00:44.011+0000] {logging_mixin.py:188} INFO - [2026-03-15T18:00:44.011+0000] {dagbag.py:540} INFO - Filling up the DagBag from /home/airflow/.local/lib/python3.11/site-packages/airflow/example_dags/tutorial.py
[2026-03-15T18:00:44.017+0000] {processor.py:840} INFO - DAG(s) 'tutorial' retrieved from /home/airflow/.local/lib/python3.11/site-packages/airflow/example_dags/tutorial.py
[2026-03-15T18:00:44.034+0000] {logging_mixin.py:188} INFO - [2026-03-15T18:00:44.034+0000] {dag.py:3047} INFO - Sync 1 DAGs
[2026-03-15T18:00:44.050+0000] {logging_mixin.py:188} INFO - [2026-03-15T18:00:44.050+0000] {dag.py:3834} INFO - Setting next_dagrun for tutorial to 2026-03-14 00:00:00+00:00, run_after=2026-03-15 00:00:00+00:00
[2026-03-15T18:00:44.063+0000] {processor.py:183} INFO - Processing /home/airflow/.local/lib/python3.11/site-packages/airflow/example_dags/tutorial.py took 0.059 seconds
[2026-03-15T18:01:13.754+0000] {processor.py:161} INFO - Started process (PID=2215) to work on /home/airflow/.local/lib/python3.11/site-packages/airflow/example_dags/tutorial.py
[2026-03-15T18:01:13.754+0000] {processor.py:830} INFO - Processing file /home/airflow/.local/lib/python3.11/site-packages/airflow/example_dags/tutorial.py for tasks to queue
[2026-03-15T18:01:13.756+0000] {logging_mixin.py:188} INFO - [2026-03-15T18:01:13.756+0000] {dagbag.py:540} INFO - Filling up the DagBag from /home/airflow/.local/lib/python3.11/site-packages/airflow/example_dags/tutorial.py
[2026-03-15T18:01:13.761+0000] {processor.py:840} INFO - DAG(s) 'tutorial' retrieved from /home/airflow/.local/lib/python3.11/site-packages/airflow/example_dags/tutorial.py
[2026-03-15T18:01:13.777+0000] {logging_mixin.py:188} INFO - [2026-03-15T18:01:13.777+0000] {dag.py:3047} INFO - Sync 1 DAGs
[2026-03-15T18:01:13.795+0000] {logging_mixin.py:188} INFO - [2026-03-15T18:01:13.795+0000] {dag.py:3834} INFO - Setting next_dagrun for tutorial to 2026-03-14 00:00:00+00:00, run_after=2026-03-15 00:00:00+00:00
[2026-03-15T18:01:13.808+0000] {processor.py:183} INFO - Processing /home/airflow/.local/lib/python3.11/site-packages/airflow/example_dags/tutorial.py took 0.058 seconds
[2026-03-15T18:01:44.284+0000] {processor.py:161} INFO - Started process (PID=2265) to work on /home/airflow/.local/lib/python3.11/site-packages/airflow/example_dags/tutorial.py
[2026-03-15T18:01:44.285+0000] {processor.py:830} INFO - Processing file /home/airflow/.local/lib/python3.11/site-packages/airflow/example_dags/tutorial.py for tasks to queue
[2026-03-15T18:01:44.287+0000] {logging_mixin.py:188} INFO - [2026-03-15T18:01:44.287+0000] {dagbag.py:540} INFO - Filling up the DagBag from /home/airflow/.local/lib/python3.11/site-packages/airflow/example_dags/tutorial.py
[2026-03-15T18:01:44.293+0000] {processor.py:840} INFO - DAG(s) 'tutorial' retrieved from /home/airflow/.local/lib/python3.11/site-packages/airflow/example_dags/tutorial.py
[2026-03-15T18:01:44.309+0000] {logging_mixin.py:188} INFO - [2026-03-15T18:01:44.309+0000] {dag.py:3047} INFO - Sync 1 DAGs
[2026-03-15T18:01:44.326+0000] {logging_mixin.py:188} INFO - [2026-03-15T18:01:44.326+0000] {dag.py:3834} INFO - Setting next_dagrun for tutorial to 2026-03-14 00:00:00+00:00, run_after=2026-03-15 00:00:00+00:00
[2026-03-15T18:01:44.339+0000] {processor.py:183} INFO - Processing /home/airflow/.local/lib/python3.11/site-packages/airflow/example_dags/tutorial.py took 0.059 seconds
[2026-03-15T18:01:47.762+0000] {processor.py:161} INFO - Started process (PID=2315) to work on /home/airflow/.local/lib/python3.11/site-packages/airflow/example_dags/tutorial.py
[2026-03-15T18:01:47.763+0000] {processor.py:830} INFO - Processing file /home/airflow/.local/lib/python3.11/site-packages/airflow/example_dags/tutorial.py for tasks to queue
[2026-03-15T18:01:47.765+0000] {logging_mixin.py:188} INFO - [2026-03-15T18:01:47.765+0000] {dagbag.py:540} INFO - Filling up the DagBag from /home/airflow/.local/lib/python3.11/site-packages/airflow/example_dags/tutorial.py
[2026-03-15T18:01:47.770+0000] {processor.py:840} INFO - DAG(s) 'tutorial' retrieved from /home/airflow/.local/lib/python3.11/site-packages/airflow/example_dags/tutorial.py
[2026-03-15T18:01:47.794+0000] {logging_mixin.py:188} INFO - [2026-03-15T18:01:47.794+0000] {dag.py:3047} INFO - Sync 1 DAGs
[2026-03-15T18:01:47.816+0000] {logging_mixin.py:188} INFO - [2026-03-15T18:01:47.816+0000] {dag.py:3834} INFO - Setting next_dagrun for tutorial to 2026-03-14 00:00:00+00:00, run_after=2026-03-15 00:00:00+00:00
[2026-03-15T18:01:47.830+0000] {processor.py:183} INFO - Processing /home/airflow/.local/lib/python3.11/site-packages/airflow/example_dags/tutorial.py took 0.071 seconds
[2026-03-15T18:02:13.998+0000] {processor.py:161} INFO - Started process (PID=2367) to work on /home/airflow/.local/lib/python3.11/site-packages/airflow/example_dags/tutorial.py
[2026-03-15T18:02:14.002+0000] {processor.py:830} INFO - Processing file /home/airflow/.local/lib/python3.11/site-packages/airflow/example_dags/tutorial.py for tasks to queue
[2026-03-15T18:02:14.004+0000] {logging_mixin.py:188} INFO - [2026-03-15T18:02:14.004+0000] {dagbag.py:540} INFO - Filling up the DagBag from /home/airflow/.local/lib/python3.11/site-packages/airflow/example_dags/tutorial.py
[2026-03-15T18:02:14.010+0000] {processor.py:840} INFO - DAG(s) 'tutorial' retrieved from /home/airflow/.local/lib/python3.11/site-packages/airflow/example_dags/tutorial.py
[2026-03-15T18:02:14.029+0000] {logging_mixin.py:188} INFO - [2026-03-15T18:02:14.028+0000] {dag.py:3047} INFO - Sync 1 DAGs
[2026-03-15T18:02:14.046+0000] {logging_mixin.py:188} INFO - [2026-03-15T18:02:14.046+0000] {dag.py:3834} INFO - Setting next_dagrun for tutorial to 2026-03-14 00:00:00+00:00, run_after=2026-03-15 00:00:00+00:00
[2026-03-15T18:02:14.058+0000] {processor.py:183} INFO - Processing /home/airflow/.local/lib/python3.11/site-packages/airflow/example_dags/tutorial.py took 0.064 seconds
[2026-03-15T18:02:45.119+0000] {processor.py:161} INFO - Started process (PID=2417) to work on /home/airflow/.local/lib/python3.11/site-packages/airflow/example_dags/tutorial.py
[2026-03-15T18:02:45.119+0000] {processor.py:830} INFO - Processing file /home/airflow/.local/lib/python3.11/site-packages/airflow/example_dags/tutorial.py for tasks to queue
[2026-03-15T18:02:45.121+0000] {logging_mixin.py:188} INFO - [2026-03-15T18:02:45.121+0000] {dagbag.py:540} INFO - Filling up the DagBag from /home/airflow/.local/lib/python3.11/site-packages/airflow/example_dags/tutorial.py
[2026-03-15T18:02:45.127+0000] {processor.py:840} INFO - DAG(s) 'tutorial' retrieved from /home/airflow/.local/lib/python3.11/site-packages/airflow/example_dags/tutorial.py
[2026-03-15T18:02:45.143+0000] {logging_mixin.py:188} INFO - [2026-03-15T18:02:45.143+0000] {dag.py:3047} INFO - Sync 1 DAGs
[2026-03-15T18:02:45.158+0000] {logging_mixin.py:188} INFO - [2026-03-15T18:02:45.158+0000] {dag.py:3834} INFO - Setting next_dagrun for tutorial to 2026-03-14 00:00:00+00:00, run_after=2026-03-15 00:00:00+00:00
[2026-03-15T18:02:45.172+0000] {processor.py:183} INFO - Processing /home/airflow/.local/lib/python3.11/site-packages/airflow/example_dags/tutorial.py took 0.056 seconds
[2026-03-15T18:03:15.738+0000] {processor.py:161} INFO - Started process (PID=2471) to work on /home/airflow/.local/lib/python3.11/site-packages/airflow/example_dags/tutorial.py
[2026-03-15T18:03:15.739+0000] {processor.py:830} INFO - Processing file /home/airflow/.local/lib/python3.11/site-packages/airflow/example_dags/tutorial.py for tasks to queue
[2026-03-15T18:03:15.741+0000] {logging_mixin.py:188} INFO - [2026-03-15T18:03:15.741+0000] {dagbag.py:540} INFO - Filling up the DagBag from /home/airflow/.local/lib/python3.11/site-packages/airflow/example_dags/tutorial.py
[2026-03-15T18:03:15.746+0000] {processor.py:840} INFO - DAG(s) 'tutorial' retrieved from /home/airflow/.local/lib/python3.11/site-packages/airflow/example_dags/tutorial.py
[2026-03-15T18:03:15.763+0000] {logging_mixin.py:188} INFO - [2026-03-15T18:03:15.763+0000] {dag.py:3047} INFO - Sync 1 DAGs
[2026-03-15T18:03:15.779+0000] {logging_mixin.py:188} INFO - [2026-03-15T18:03:15.779+0000] {dag.py:3834} INFO - Setting next_dagrun for tutorial to 2026-03-14 00:00:00+00:00, run_after=2026-03-15 00:00:00+00:00
[2026-03-15T18:03:15.792+0000] {processor.py:183} INFO - Processing /home/airflow/.local/lib/python3.11/site-packages/airflow/example_dags/tutorial.py took 0.057 seconds
[2026-03-15T18:03:17.918+0000] {processor.py:161} INFO - Started process (PID=2519) to work on /home/airflow/.local/lib/python3.11/site-packages/airflow/example_dags/tutorial.py
[2026-03-15T18:03:17.919+0000] {processor.py:830} INFO - Processing file /home/airflow/.local/lib/python3.11/site-packages/airflow/example_dags/tutorial.py for tasks to queue
[2026-03-15T18:03:17.921+0000] {logging_mixin.py:188} INFO - [2026-03-15T18:03:17.921+0000] {dagbag.py:540} INFO - Filling up the DagBag from /home/airflow/.local/lib/python3.11/site-packages/airflow/example_dags/tutorial.py
[2026-03-15T18:03:17.926+0000] {processor.py:840} INFO - DAG(s) 'tutorial' retrieved from /home/airflow/.local/lib/python3.11/site-packages/airflow/example_dags/tutorial.py
[2026-03-15T18:03:17.944+0000] {logging_mixin.py:188} INFO - [2026-03-15T18:03:17.944+0000] {dag.py:3047} INFO - Sync 1 DAGs
[2026-03-15T18:03:17.959+0000] {logging_mixin.py:188} INFO - [2026-03-15T18:03:17.958+0000] {dag.py:3834} INFO - Setting next_dagrun for tutorial to 2026-03-14 00:00:00+00:00, run_after=2026-03-15 00:00:00+00:00
[2026-03-15T18:03:17.972+0000] {processor.py:183} INFO - Processing /home/airflow/.local/lib/python3.11/site-packages/airflow/example_dags/tutorial.py took 0.057 seconds
[2026-03-15T18:03:23.041+0000] {processor.py:161} INFO - Started process (PID=2563) to work on /home/airflow/.local/lib/python3.11/site-packages/airflow/example_dags/tutorial.py
[2026-03-15T18:03:23.043+0000] {processor.py:830} INFO - Processing file /home/airflow/.local/lib/python3.11/site-packages/airflow/example_dags/tutorial.py for tasks to queue
[2026-03-15T18:03:23.044+0000] {logging_mixin.py:188} INFO - [2026-03-15T18:03:23.044+0000] {dagbag.py:540} INFO - Filling up the DagBag from /home/airflow/.local/lib/python3.11/site-packages/airflow/example_dags/tutorial.py
[2026-03-15T18:03:23.049+0000] {processor.py:840} INFO - DAG(s) 'tutorial' retrieved from /home/airflow/.local/lib/python3.11/site-packages/airflow/example_dags/tutorial.py
[2026-03-15T18:03:23.065+0000] {logging_mixin.py:188} INFO - [2026-03-15T18:03:23.065+0000] {dag.py:3047} INFO - Sync 1 DAGs
[2026-03-15T18:03:23.080+0000] {logging_mixin.py:188} INFO - [2026-03-15T18:03:23.080+0000] {dag.py:3834} INFO - Setting next_dagrun for tutorial to 2026-03-14 00:00:00+00:00, run_after=2026-03-15 00:00:00+00:00
[2026-03-15T18:03:23.092+0000] {processor.py:183} INFO - Processing /home/airflow/.local/lib/python3.11/site-packages/airflow/example_dags/tutorial.py took 0.053 seconds
[2026-03-15T18:03:44.331+0000] {processor.py:161} INFO - Started process (PID=2614) to work on /home/airflow/.local/lib/python3.11/site-packages/airflow/example_dags/tutorial.py
[2026-03-15T18:03:44.332+0000] {processor.py:830} INFO - Processing file /home/airflow/.local/lib/python3.11/site-packages/airflow/example_dags/tutorial.py for tasks to queue
[2026-03-15T18:03:44.334+0000] {logging_mixin.py:188} INFO - [2026-03-15T18:03:44.334+0000] {dagbag.py:540} INFO - Filling up the DagBag from /home/airflow/.local/lib/python3.11/site-packages/airflow/example_dags/tutorial.py
[2026-03-15T18:03:44.339+0000] {processor.py:840} INFO - DAG(s) 'tutorial' retrieved from /home/airflow/.local/lib/python3.11/site-packages/airflow/example_dags/tutorial.py
[2026-03-15T18:03:44.356+0000] {logging_mixin.py:188} INFO - [2026-03-15T18:03:44.355+0000] {dag.py:3047} INFO - Sync 1 DAGs
[2026-03-15T18:03:44.370+0000] {logging_mixin.py:188} INFO - [2026-03-15T18:03:44.370+0000] {dag.py:3834} INFO - Setting next_dagrun for tutorial to 2026-03-14 00:00:00+00:00, run_after=2026-03-15 00:00:00+00:00
[2026-03-15T18:03:44.382+0000] {processor.py:183} INFO - Processing /home/airflow/.local/lib/python3.11/site-packages/airflow/example_dags/tutorial.py took 0.054 seconds
[2026-03-15T18:04:14.465+0000] {processor.py:161} INFO - Started process (PID=2665) to work on /home/airflow/.local/lib/python3.11/site-packages/airflow/example_dags/tutorial.py
[2026-03-15T18:04:14.466+0000] {processor.py:830} INFO - Processing file /home/airflow/.local/lib/python3.11/site-packages/airflow/example_dags/tutorial.py for tasks to queue
[2026-03-15T18:04:14.468+0000] {logging_mixin.py:188} INFO - [2026-03-15T18:04:14.468+0000] {dagbag.py:540} INFO - Filling up the DagBag from /home/airflow/.local/lib/python3.11/site-packages/airflow/example_dags/tutorial.py
[2026-03-15T18:04:14.473+0000] {processor.py:840} INFO - DAG(s) 'tutorial' retrieved from /home/airflow/.local/lib/python3.11/site-packages/airflow/example_dags/tutorial.py
[2026-03-15T18:04:14.488+0000] {logging_mixin.py:188} INFO - [2026-03-15T18:04:14.488+0000] {dag.py:3047} INFO - Sync 1 DAGs
[2026-03-15T18:04:14.503+0000] {logging_mixin.py:188} INFO - [2026-03-15T18:04:14.503+0000] {dag.py:3834} INFO - Setting next_dagrun for tutorial to 2026-03-14 00:00:00+00:00, run_after=2026-03-15 00:00:00+00:00
[2026-03-15T18:04:14.516+0000] {processor.py:183} INFO - Processing /home/airflow/.local/lib/python3.11/site-packages/airflow/example_dags/tutorial.py took 0.054 seconds
[2026-03-15T18:04:17.965+0000] {processor.py:161} INFO - Started process (PID=2710) to work on /home/airflow/.local/lib/python3.11/site-packages/airflow/example_dags/tutorial.py
[2026-03-15T18:04:17.966+0000] {processor.py:830} INFO - Processing file /home/airflow/.local/lib/python3.11/site-packages/airflow/example_dags/tutorial.py for tasks to queue
[2026-03-15T18:04:17.967+0000] {logging_mixin.py:188} INFO - [2026-03-15T18:04:17.967+0000] {dagbag.py:540} INFO - Filling up the DagBag from /home/airflow/.local/lib/python3.11/site-packages/airflow/example_dags/tutorial.py
[2026-03-15T18:04:17.973+0000] {processor.py:840} INFO - DAG(s) 'tutorial' retrieved from /home/airflow/.local/lib/python3.11/site-packages/airflow/example_dags/tutorial.py
[2026-03-15T18:04:17.988+0000] {logging_mixin.py:188} INFO - [2026-03-15T18:04:17.988+0000] {dag.py:3047} INFO - Sync 1 DAGs
[2026-03-15T18:04:18.004+0000] {logging_mixin.py:188} INFO - [2026-03-15T18:04:18.004+0000] {dag.py:3834} INFO - Setting next_dagrun for tutorial to 2026-03-14 00:00:00+00:00, run_after=2026-03-15 00:00:00+00:00
[2026-03-15T18:04:18.018+0000] {processor.py:183} INFO - Processing /home/airflow/.local/lib/python3.11/site-packages/airflow/example_dags/tutorial.py took 0.056 seconds
[2026-03-15T18:04:22.971+0000] {processor.py:161} INFO - Started process (PID=2754) to work on /home/airflow/.local/lib/python3.11/site-packages/airflow/example_dags/tutorial.py
[2026-03-15T18:04:22.971+0000] {processor.py:830} INFO - Processing file /home/airflow/.local/lib/python3.11/site-packages/airflow/example_dags/tutorial.py for tasks to queue
[2026-03-15T18:04:22.973+0000] {logging_mixin.py:188} INFO - [2026-03-15T18:04:22.973+0000] {dagbag.py:540} INFO - Filling up the DagBag from /home/airflow/.local/lib/python3.11/site-packages/airflow/example_dags/tutorial.py
[2026-03-15T18:04:22.978+0000] {processor.py:840} INFO - DAG(s) 'tutorial' retrieved from /home/airflow/.local/lib/python3.11/site-packages/airflow/example_dags/tutorial.py
[2026-03-15T18:04:22.995+0000] {logging_mixin.py:188} INFO - [2026-03-15T18:04:22.995+0000] {dag.py:3047} INFO - Sync 1 DAGs
[2026-03-15T18:04:23.011+0000] {logging_mixin.py:188} INFO - [2026-03-15T18:04:23.011+0000] {dag.py:3834} INFO - Setting next_dagrun for tutorial to 2026-03-14 00:00:00+00:00, run_after=2026-03-15 00:00:00+00:00
[2026-03-15T18:04:23.023+0000] {processor.py:183} INFO - Processing /home/airflow/.local/lib/python3.11/site-packages/airflow/example_dags/tutorial.py took 0.055 seconds
[2026-03-15T18:04:27.738+0000] {processor.py:161} INFO - Started process (PID=2798) to work on /home/airflow/.local/lib/python3.11/site-packages/airflow/example_dags/tutorial.py
[2026-03-15T18:04:27.739+0000] {processor.py:830} INFO - Processing file /home/airflow/.local/lib/python3.11/site-packages/airflow/example_dags/tutorial.py for tasks to queue
[2026-03-15T18:04:27.741+0000] {logging_mixin.py:188} INFO - [2026-03-15T18:04:27.740+0000] {dagbag.py:540} INFO - Filling up the DagBag from /home/airflow/.local/lib/python3.11/site-packages/airflow/example_dags/tutorial.py
[2026-03-15T18:04:27.746+0000] {processor.py:840} INFO - DAG(s) 'tutorial' retrieved from /home/airflow/.local/lib/python3.11/site-packages/airflow/example_dags/tutorial.py
[2026-03-15T18:04:27.761+0000] {logging_mixin.py:188} INFO - [2026-03-15T18:04:27.761+0000] {dag.py:3047} INFO - Sync 1 DAGs
[2026-03-15T18:04:27.776+0000] {logging_mixin.py:188} INFO - [2026-03-15T18:04:27.776+0000] {dag.py:3834} INFO - Setting next_dagrun for tutorial to 2026-03-14 00:00:00+00:00, run_after=2026-03-15 00:00:00+00:00
[2026-03-15T18:04:27.789+0000] {processor.py:183} INFO - Processing /home/airflow/.local/lib/python3.11/site-packages/airflow/example_dags/tutorial.py took 0.055 seconds
[2026-03-15T18:04:58.641+0000] {processor.py:161} INFO - Started process (PID=2845) to work on /home/airflow/.local/lib/python3.11/site-packages/airflow/example_dags/tutorial.py
[2026-03-15T18:04:58.642+0000] {processor.py:830} INFO - Processing file /home/airflow/.local/lib/python3.11/site-packages/airflow/example_dags/tutorial.py for tasks to queue
[2026-03-15T18:04:58.643+0000] {logging_mixin.py:188} INFO - [2026-03-15T18:04:58.643+0000] {dagbag.py:540} INFO - Filling up the DagBag from /home/airflow/.local/lib/python3.11/site-packages/airflow/example_dags/tutorial.py
[2026-03-15T18:04:58.648+0000] {processor.py:840} INFO - DAG(s) 'tutorial' retrieved from /home/airflow/.local/lib/python3.11/site-packages/airflow/example_dags/tutorial.py
[2026-03-15T18:04:58.665+0000] {logging_mixin.py:188} INFO - [2026-03-15T18:04:58.664+0000] {dag.py:3047} INFO - Sync 1 DAGs
[2026-03-15T18:04:58.680+0000] {logging_mixin.py:188} INFO - [2026-03-15T18:04:58.680+0000] {dag.py:3834} INFO - Setting next_dagrun for tutorial to 2026-03-14 00:00:00+00:00, run_after=2026-03-15 00:00:00+00:00
[2026-03-15T18:04:58.693+0000] {processor.py:183} INFO - Processing /home/airflow/.local/lib/python3.11/site-packages/airflow/example_dags/tutorial.py took 0.055 seconds
[2026-03-15T18:05:14.138+0000] {processor.py:161} INFO - Started process (PID=2899) to work on /home/airflow/.local/lib/python3.11/site-packages/airflow/example_dags/tutorial.py
[2026-03-15T18:05:14.141+0000] {processor.py:830} INFO - Processing file /home/airflow/.local/lib/python3.11/site-packages/airflow/example_dags/tutorial.py for tasks to queue
[2026-03-15T18:05:14.144+0000] {logging_mixin.py:188} INFO - [2026-03-15T18:05:14.143+0000] {dagbag.py:540} INFO - Filling up the DagBag from /home/airflow/.local/lib/python3.11/site-packages/airflow/example_dags/tutorial.py
[2026-03-15T18:05:14.154+0000] {processor.py:840} INFO - DAG(s) 'tutorial' retrieved from /home/airflow/.local/lib/python3.11/site-packages/airflow/example_dags/tutorial.py
[2026-03-15T18:05:14.170+0000] {logging_mixin.py:188} INFO - [2026-03-15T18:05:14.170+0000] {dag.py:3047} INFO - Sync 1 DAGs
[2026-03-15T18:05:14.187+0000] {logging_mixin.py:188} INFO - [2026-03-15T18:05:14.187+0000] {dag.py:3834} INFO - Setting next_dagrun for tutorial to 2026-03-14 00:00:00+00:00, run_after=2026-03-15 00:00:00+00:00
[2026-03-15T18:05:14.204+0000] {processor.py:183} INFO - Processing /home/airflow/.local/lib/python3.11/site-packages/airflow/example_dags/tutorial.py took 0.070 seconds
[2026-03-15T18:05:43.950+0000] {processor.py:161} INFO - Started process (PID=2953) to work on /home/airflow/.local/lib/python3.11/site-packages/airflow/example_dags/tutorial.py
[2026-03-15T18:05:43.952+0000] {processor.py:830} INFO - Processing file /home/airflow/.local/lib/python3.11/site-packages/airflow/example_dags/tutorial.py for tasks to queue
[2026-03-15T18:05:43.954+0000] {logging_mixin.py:188} INFO - [2026-03-15T18:05:43.954+0000] {dagbag.py:540} INFO - Filling up the DagBag from /home/airflow/.local/lib/python3.11/site-packages/airflow/example_dags/tutorial.py
[2026-03-15T18:05:43.959+0000] {processor.py:840} INFO - DAG(s) 'tutorial' retrieved from /home/airflow/.local/lib/python3.11/site-packages/airflow/example_dags/tutorial.py
[2026-03-15T18:05:43.975+0000] {logging_mixin.py:188} INFO - [2026-03-15T18:05:43.974+0000] {dag.py:3047} INFO - Sync 1 DAGs
[2026-03-15T18:05:43.992+0000] {logging_mixin.py:188} INFO - [2026-03-15T18:05:43.991+0000] {dag.py:3834} INFO - Setting next_dagrun for tutorial to 2026-03-14 00:00:00+00:00, run_after=2026-03-15 00:00:00+00:00
[2026-03-15T18:05:44.007+0000] {processor.py:183} INFO - Processing /home/airflow/.local/lib/python3.11/site-packages/airflow/example_dags/tutorial.py took 0.060 seconds
[2026-03-15T18:06:14.629+0000] {processor.py:161} INFO - Started process (PID=3003) to work on /home/airflow/.local/lib/python3.11/site-packages/airflow/example_dags/tutorial.py
[2026-03-15T18:06:14.630+0000] {processor.py:830} INFO - Processing file /home/airflow/.local/lib/python3.11/site-packages/airflow/example_dags/tutorial.py for tasks to queue
[2026-03-15T18:06:14.632+0000] {logging_mixin.py:188} INFO - [2026-03-15T18:06:14.631+0000] {dagbag.py:540} INFO - Filling up the DagBag from /home/airflow/.local/lib/python3.11/site-packages/airflow/example_dags/tutorial.py
[2026-03-15T18:06:14.636+0000] {processor.py:840} INFO - DAG(s) 'tutorial' retrieved from /home/airflow/.local/lib/python3.11/site-packages/airflow/example_dags/tutorial.py
[2026-03-15T18:06:14.652+0000] {logging_mixin.py:188} INFO - [2026-03-15T18:06:14.652+0000] {dag.py:3047} INFO - Sync 1 DAGs
[2026-03-15T18:06:14.666+0000] {logging_mixin.py:188} INFO - [2026-03-15T18:06:14.666+0000] {dag.py:3834} INFO - Setting next_dagrun for tutorial to 2026-03-14 00:00:00+00:00, run_after=2026-03-15 00:00:00+00:00
[2026-03-15T18:06:14.680+0000] {processor.py:183} INFO - Processing /home/airflow/.local/lib/python3.11/site-packages/airflow/example_dags/tutorial.py took 0.054 seconds
[2026-03-15T18:06:18.482+0000] {processor.py:161} INFO - Started process (PID=3053) to work on /home/airflow/.local/lib/python3.11/site-packages/airflow/example_dags/tutorial.py
[2026-03-15T18:06:18.483+0000] {processor.py:830} INFO - Processing file /home/airflow/.local/lib/python3.11/site-packages/airflow/example_dags/tutorial.py for tasks to queue
[2026-03-15T18:06:18.485+0000] {logging_mixin.py:188} INFO - [2026-03-15T18:06:18.485+0000] {dagbag.py:540} INFO - Filling up the DagBag from /home/airflow/.local/lib/python3.11/site-packages/airflow/example_dags/tutorial.py
[2026-03-15T18:06:18.491+0000] {processor.py:840} INFO - DAG(s) 'tutorial' retrieved from /home/airflow/.local/lib/python3.11/site-packages/airflow/example_dags/tutorial.py
[2026-03-15T18:06:18.517+0000] {logging_mixin.py:188} INFO - [2026-03-15T18:06:18.516+0000] {dag.py:3047} INFO - Sync 1 DAGs
[2026-03-15T18:06:18.537+0000] {logging_mixin.py:188} INFO - [2026-03-15T18:06:18.536+0000] {dag.py:3834} INFO - Setting next_dagrun for tutorial to 2026-03-14 00:00:00+00:00, run_after=2026-03-15 00:00:00+00:00
[2026-03-15T18:06:18.553+0000] {processor.py:183} INFO - Processing /home/airflow/.local/lib/python3.11/site-packages/airflow/example_dags/tutorial.py took 0.075 seconds
[2026-03-15T18:06:23.412+0000] {processor.py:161} INFO - Started process (PID=3103) to work on /home/airflow/.local/lib/python3.11/site-packages/airflow/example_dags/tutorial.py
[2026-03-15T18:06:23.413+0000] {processor.py:830} INFO - Processing file /home/airflow/.local/lib/python3.11/site-packages/airflow/example_dags/tutorial.py for tasks to queue
[2026-03-15T18:06:23.415+0000] {logging_mixin.py:188} INFO - [2026-03-15T18:06:23.415+0000] {dagbag.py:540} INFO - Filling up the DagBag from /home/airflow/.local/lib/python3.11/site-packages/airflow/example_dags/tutorial.py
[2026-03-15T18:06:23.421+0000] {processor.py:840} INFO - DAG(s) 'tutorial' retrieved from /home/airflow/.local/lib/python3.11/site-packages/airflow/example_dags/tutorial.py
[2026-03-15T18:06:23.438+0000] {logging_mixin.py:188} INFO - [2026-03-15T18:06:23.438+0000] {dag.py:3047} INFO - Sync 1 DAGs
[2026-03-15T18:06:23.454+0000] {logging_mixin.py:188} INFO - [2026-03-15T18:06:23.454+0000] {dag.py:3834} INFO - Setting next_dagrun for tutorial to 2026-03-14 00:00:00+00:00, run_after=2026-03-15 00:00:00+00:00
[2026-03-15T18:06:23.470+0000] {processor.py:183} INFO - Processing /home/airflow/.local/lib/python3.11/site-packages/airflow/example_dags/tutorial.py took 0.061 seconds
[2026-03-15T18:06:28.232+0000] {processor.py:161} INFO - Started process (PID=3151) to work on /home/airflow/.local/lib/python3.11/site-packages/airflow/example_dags/tutorial.py
[2026-03-15T18:06:28.233+0000] {processor.py:830} INFO - Processing file /home/airflow/.local/lib/python3.11/site-packages/airflow/example_dags/tutorial.py for tasks to queue
[2026-03-15T18:06:28.235+0000] {logging_mixin.py:188} INFO - [2026-03-15T18:06:28.234+0000] {dagbag.py:540} INFO - Filling up the DagBag from /home/airflow/.local/lib/python3.11/site-packages/airflow/example_dags/tutorial.py
[2026-03-15T18:06:28.241+0000] {processor.py:840} INFO - DAG(s) 'tutorial' retrieved from /home/airflow/.local/lib/python3.11/site-packages/airflow/example_dags/tutorial.py
[2026-03-15T18:06:28.258+0000] {logging_mixin.py:188} INFO - [2026-03-15T18:06:28.258+0000] {dag.py:3047} INFO - Sync 1 DAGs
[2026-03-15T18:06:28.274+0000] {logging_mixin.py:188} INFO - [2026-03-15T18:06:28.274+0000] {dag.py:3834} INFO - Setting next_dagrun for tutorial to 2026-03-14 00:00:00+00:00, run_after=2026-03-15 00:00:00+00:00
[2026-03-15T18:06:28.288+0000] {processor.py:183} INFO - Processing /home/airflow/.local/lib/python3.11/site-packages/airflow/example_dags/tutorial.py took 0.059 seconds
[2026-03-15T18:06:58.408+0000] {processor.py:161} INFO - Started process (PID=3201) to work on /home/airflow/.local/lib/python3.11/site-packages/airflow/example_dags/tutorial.py
[2026-03-15T18:06:58.409+0000] {processor.py:830} INFO - Processing file /home/airflow/.local/lib/python3.11/site-packages/airflow/example_dags/tutorial.py for tasks to queue
[2026-03-15T18:06:58.410+0000] {logging_mixin.py:188} INFO - [2026-03-15T18:06:58.410+0000] {dagbag.py:540} INFO - Filling up the DagBag from /home/airflow/.local/lib/python3.11/site-packages/airflow/example_dags/tutorial.py
[2026-03-15T18:06:58.415+0000] {processor.py:840} INFO - DAG(s) 'tutorial' retrieved from /home/airflow/.local/lib/python3.11/site-packages/airflow/example_dags/tutorial.py
[2026-03-15T18:06:58.431+0000] {logging_mixin.py:188} INFO - [2026-03-15T18:06:58.431+0000] {dag.py:3047} INFO - Sync 1 DAGs
[2026-03-15T18:06:58.447+0000] {logging_mixin.py:188} INFO - [2026-03-15T18:06:58.447+0000] {dag.py:3834} INFO - Setting next_dagrun for tutorial to 2026-03-14 00:00:00+00:00, run_after=2026-03-15 00:00:00+00:00
[2026-03-15T18:06:58.462+0000] {processor.py:183} INFO - Processing /home/airflow/.local/lib/python3.11/site-packages/airflow/example_dags/tutorial.py took 0.057 seconds
[2026-03-15T18:07:03.324+0000] {processor.py:161} INFO - Started process (PID=3257) to work on /home/airflow/.local/lib/python3.11/site-packages/airflow/example_dags/tutorial.py
[2026-03-15T18:07:03.325+0000] {processor.py:830} INFO - Processing file /home/airflow/.local/lib/python3.11/site-packages/airflow/example_dags/tutorial.py for tasks to queue
[2026-03-15T18:07:03.327+0000] {logging_mixin.py:188} INFO - [2026-03-15T18:07:03.327+0000] {dagbag.py:540} INFO - Filling up the DagBag from /home/airflow/.local/lib/python3.11/site-packages/airflow/example_dags/tutorial.py
[2026-03-15T18:07:03.332+0000] {processor.py:840} INFO - DAG(s) 'tutorial' retrieved from /home/airflow/.local/lib/python3.11/site-packages/airflow/example_dags/tutorial.py
[2026-03-15T18:07:03.348+0000] {logging_mixin.py:188} INFO - [2026-03-15T18:07:03.348+0000] {dag.py:3047} INFO - Sync 1 DAGs
[2026-03-15T18:07:03.363+0000] {logging_mixin.py:188} INFO - [2026-03-15T18:07:03.363+0000] {dag.py:3834} INFO - Setting next_dagrun for tutorial to 2026-03-14 00:00:00+00:00, run_after=2026-03-15 00:00:00+00:00
[2026-03-15T18:07:03.378+0000] {processor.py:183} INFO - Processing /home/airflow/.local/lib/python3.11/site-packages/airflow/example_dags/tutorial.py took 0.057 seconds
[2026-03-15T18:07:33.769+0000] {processor.py:161} INFO - Started process (PID=3311) to work on /home/airflow/.local/lib/python3.11/site-packages/airflow/example_dags/tutorial.py
[2026-03-15T18:07:33.770+0000] {processor.py:830} INFO - Processing file /home/airflow/.local/lib/python3.11/site-packages/airflow/example_dags/tutorial.py for tasks to queue
[2026-03-15T18:07:33.772+0000] {logging_mixin.py:188} INFO - [2026-03-15T18:07:33.772+0000] {dagbag.py:540} INFO - Filling up the DagBag from /home/airflow/.local/lib/python3.11/site-packages/airflow/example_dags/tutorial.py
[2026-03-15T18:07:33.777+0000] {processor.py:840} INFO - DAG(s) 'tutorial' retrieved from /home/airflow/.local/lib/python3.11/site-packages/airflow/example_dags/tutorial.py
[2026-03-15T18:07:33.793+0000] {logging_mixin.py:188} INFO - [2026-03-15T18:07:33.792+0000] {dag.py:3047} INFO - Sync 1 DAGs
[2026-03-15T18:07:33.807+0000] {logging_mixin.py:188} INFO - [2026-03-15T18:07:33.807+0000] {dag.py:3834} INFO - Setting next_dagrun for tutorial to 2026-03-14 00:00:00+00:00, run_after=2026-03-15 00:00:00+00:00
[2026-03-15T18:07:33.819+0000] {processor.py:183} INFO - Processing /home/airflow/.local/lib/python3.11/site-packages/airflow/example_dags/tutorial.py took 0.053 seconds
[2026-03-15T18:08:03.956+0000] {processor.py:161} INFO - Started process (PID=3365) to work on /home/airflow/.local/lib/python3.11/site-packages/airflow/example_dags/tutorial.py
[2026-03-15T18:08:03.957+0000] {processor.py:830} INFO - Processing file /home/airflow/.local/lib/python3.11/site-packages/airflow/example_dags/tutorial.py for tasks to queue
[2026-03-15T18:08:03.959+0000] {logging_mixin.py:188} INFO - [2026-03-15T18:08:03.958+0000] {dagbag.py:540} INFO - Filling up the DagBag from /home/airflow/.local/lib/python3.11/site-packages/airflow/example_dags/tutorial.py
[2026-03-15T18:08:03.965+0000] {processor.py:840} INFO - DAG(s) 'tutorial' retrieved from /home/airflow/.local/lib/python3.11/site-packages/airflow/example_dags/tutorial.py
[2026-03-15T18:08:03.982+0000] {logging_mixin.py:188} INFO - [2026-03-15T18:08:03.981+0000] {dag.py:3047} INFO - Sync 1 DAGs
[2026-03-15T18:08:03.998+0000] {logging_mixin.py:188} INFO - [2026-03-15T18:08:03.998+0000] {dag.py:3834} INFO - Setting next_dagrun for tutorial to 2026-03-14 00:00:00+00:00, run_after=2026-03-15 00:00:00+00:00
[2026-03-15T18:08:04.013+0000] {processor.py:183} INFO - Processing /home/airflow/.local/lib/python3.11/site-packages/airflow/example_dags/tutorial.py took 0.060 seconds
[2026-03-15T18:08:08.527+0000] {processor.py:161} INFO - Started process (PID=3415) to work on /home/airflow/.local/lib/python3.11/site-packages/airflow/example_dags/tutorial.py
[2026-03-15T18:08:08.528+0000] {processor.py:830} INFO - Processing file /home/airflow/.local/lib/python3.11/site-packages/airflow/example_dags/tutorial.py for tasks to queue
[2026-03-15T18:08:08.530+0000] {logging_mixin.py:188} INFO - [2026-03-15T18:08:08.530+0000] {dagbag.py:540} INFO - Filling up the DagBag from /home/airflow/.local/lib/python3.11/site-packages/airflow/example_dags/tutorial.py
[2026-03-15T18:08:08.535+0000] {processor.py:840} INFO - DAG(s) 'tutorial' retrieved from /home/airflow/.local/lib/python3.11/site-packages/airflow/example_dags/tutorial.py
[2026-03-15T18:08:08.552+0000] {logging_mixin.py:188} INFO - [2026-03-15T18:08:08.552+0000] {dag.py:3047} INFO - Sync 1 DAGs
[2026-03-15T18:08:08.570+0000] {logging_mixin.py:188} INFO - [2026-03-15T18:08:08.570+0000] {dag.py:3834} INFO - Setting next_dagrun for tutorial to 2026-03-14 00:00:00+00:00, run_after=2026-03-15 00:00:00+00:00
[2026-03-15T18:08:08.586+0000] {processor.py:183} INFO - Processing /home/airflow/.local/lib/python3.11/site-packages/airflow/example_dags/tutorial.py took 0.064 seconds
[2026-03-15T18:08:14.182+0000] {processor.py:161} INFO - Started process (PID=3465) to work on /home/airflow/.local/lib/python3.11/site-packages/airflow/example_dags/tutorial.py
[2026-03-15T18:08:14.183+0000] {processor.py:830} INFO - Processing file /home/airflow/.local/lib/python3.11/site-packages/airflow/example_dags/tutorial.py for tasks to queue
[2026-03-15T18:08:14.185+0000] {logging_mixin.py:188} INFO - [2026-03-15T18:08:14.184+0000] {dagbag.py:540} INFO - Filling up the DagBag from /home/airflow/.local/lib/python3.11/site-packages/airflow/example_dags/tutorial.py
[2026-03-15T18:08:14.190+0000] {processor.py:840} INFO - DAG(s) 'tutorial' retrieved from /home/airflow/.local/lib/python3.11/site-packages/airflow/example_dags/tutorial.py
[2026-03-15T18:08:14.207+0000] {logging_mixin.py:188} INFO - [2026-03-15T18:08:14.207+0000] {dag.py:3047} INFO - Sync 1 DAGs
[2026-03-15T18:08:14.223+0000] {logging_mixin.py:188} INFO - [2026-03-15T18:08:14.222+0000] {dag.py:3834} INFO - Setting next_dagrun for tutorial to 2026-03-14 00:00:00+00:00, run_after=2026-03-15 00:00:00+00:00
[2026-03-15T18:08:14.247+0000] {processor.py:183} INFO - Processing /home/airflow/.local/lib/python3.11/site-packages/airflow/example_dags/tutorial.py took 0.067 seconds
[2026-03-15T18:08:44.246+0000] {processor.py:161} INFO - Started process (PID=3521) to work on /home/airflow/.local/lib/python3.11/site-packages/airflow/example_dags/tutorial.py
[2026-03-15T18:08:44.247+0000] {processor.py:830} INFO - Processing file /home/airflow/.local/lib/python3.11/site-packages/airflow/example_dags/tutorial.py for tasks to queue
[2026-03-15T18:08:44.248+0000] {logging_mixin.py:188} INFO - [2026-03-15T18:08:44.248+0000] {dagbag.py:540} INFO - Filling up the DagBag from /home/airflow/.local/lib/python3.11/site-packages/airflow/example_dags/tutorial.py
[2026-03-15T18:08:44.254+0000] {processor.py:840} INFO - DAG(s) 'tutorial' retrieved from /home/airflow/.local/lib/python3.11/site-packages/airflow/example_dags/tutorial.py
[2026-03-15T18:08:44.269+0000] {logging_mixin.py:188} INFO - [2026-03-15T18:08:44.269+0000] {dag.py:3047} INFO - Sync 1 DAGs
[2026-03-15T18:08:44.285+0000] {logging_mixin.py:188} INFO - [2026-03-15T18:08:44.285+0000] {dag.py:3834} INFO - Setting next_dagrun for tutorial to 2026-03-14 00:00:00+00:00, run_after=2026-03-15 00:00:00+00:00
[2026-03-15T18:08:44.300+0000] {processor.py:183} INFO - Processing /home/airflow/.local/lib/python3.11/site-packages/airflow/example_dags/tutorial.py took 0.058 seconds
[2026-03-15T18:09:14.074+0000] {processor.py:161} INFO - Started process (PID=3577) to work on /home/airflow/.local/lib/python3.11/site-packages/airflow/example_dags/tutorial.py
[2026-03-15T18:09:14.075+0000] {processor.py:830} INFO - Processing file /home/airflow/.local/lib/python3.11/site-packages/airflow/example_dags/tutorial.py for tasks to queue
[2026-03-15T18:09:14.077+0000] {logging_mixin.py:188} INFO - [2026-03-15T18:09:14.077+0000] {dagbag.py:540} INFO - Filling up the DagBag from /home/airflow/.local/lib/python3.11/site-packages/airflow/example_dags/tutorial.py
[2026-03-15T18:09:14.082+0000] {processor.py:840} INFO - DAG(s) 'tutorial' retrieved from /home/airflow/.local/lib/python3.11/site-packages/airflow/example_dags/tutorial.py
[2026-03-15T18:09:14.097+0000] {logging_mixin.py:188} INFO - [2026-03-15T18:09:14.096+0000] {dag.py:3047} INFO - Sync 1 DAGs
[2026-03-15T18:09:14.111+0000] {logging_mixin.py:188} INFO - [2026-03-15T18:09:14.110+0000] {dag.py:3834} INFO - Setting next_dagrun for tutorial to 2026-03-14 00:00:00+00:00, run_after=2026-03-15 00:00:00+00:00
[2026-03-15T18:09:14.123+0000] {processor.py:183} INFO - Processing /home/airflow/.local/lib/python3.11/site-packages/airflow/example_dags/tutorial.py took 0.052 seconds
[2026-03-15T18:09:18.351+0000] {processor.py:161} INFO - Started process (PID=3622) to work on /home/airflow/.local/lib/python3.11/site-packages/airflow/example_dags/tutorial.py
[2026-03-15T18:09:18.352+0000] {processor.py:830} INFO - Processing file /home/airflow/.local/lib/python3.11/site-packages/airflow/example_dags/tutorial.py for tasks to queue
[2026-03-15T18:09:18.354+0000] {logging_mixin.py:188} INFO - [2026-03-15T18:09:18.354+0000] {dagbag.py:540} INFO - Filling up the DagBag from /home/airflow/.local/lib/python3.11/site-packages/airflow/example_dags/tutorial.py
[2026-03-15T18:09:18.360+0000] {processor.py:840} INFO - DAG(s) 'tutorial' retrieved from /home/airflow/.local/lib/python3.11/site-packages/airflow/example_dags/tutorial.py
[2026-03-15T18:09:18.378+0000] {logging_mixin.py:188} INFO - [2026-03-15T18:09:18.377+0000] {dag.py:3047} INFO - Sync 1 DAGs
[2026-03-15T18:09:18.393+0000] {logging_mixin.py:188} INFO - [2026-03-15T18:09:18.392+0000] {dag.py:3834} INFO - Setting next_dagrun for tutorial to 2026-03-14 00:00:00+00:00, run_after=2026-03-15 00:00:00+00:00
[2026-03-15T18:09:18.408+0000] {processor.py:183} INFO - Processing /home/airflow/.local/lib/python3.11/site-packages/airflow/example_dags/tutorial.py took 0.059 seconds
[2026-03-15T18:09:33.541+0000] {processor.py:161} INFO - Started process (PID=3670) to work on /home/airflow/.local/lib/python3.11/site-packages/airflow/example_dags/tutorial.py
[2026-03-15T18:09:33.542+0000] {processor.py:830} INFO - Processing file /home/airflow/.local/lib/python3.11/site-packages/airflow/example_dags/tutorial.py for tasks to queue
[2026-03-15T18:09:33.544+0000] {logging_mixin.py:188} INFO - [2026-03-15T18:09:33.544+0000] {dagbag.py:540} INFO - Filling up the DagBag from /home/airflow/.local/lib/python3.11/site-packages/airflow/example_dags/tutorial.py
[2026-03-15T18:09:33.549+0000] {processor.py:840} INFO - DAG(s) 'tutorial' retrieved from /home/airflow/.local/lib/python3.11/site-packages/airflow/example_dags/tutorial.py
[2026-03-15T18:09:33.566+0000] {logging_mixin.py:188} INFO - [2026-03-15T18:09:33.566+0000] {dag.py:3047} INFO - Sync 1 DAGs
[2026-03-15T18:09:33.583+0000] {logging_mixin.py:188} INFO - [2026-03-15T18:09:33.583+0000] {dag.py:3834} INFO - Setting next_dagrun for tutorial to 2026-03-14 00:00:00+00:00, run_after=2026-03-15 00:00:00+00:00
[2026-03-15T18:09:33.599+0000] {processor.py:183} INFO - Processing /home/airflow/.local/lib/python3.11/site-packages/airflow/example_dags/tutorial.py took 0.061 seconds
[2026-03-15T18:10:03.846+0000] {processor.py:161} INFO - Started process (PID=3718) to work on /home/airflow/.local/lib/python3.11/site-packages/airflow/example_dags/tutorial.py
[2026-03-15T18:10:03.848+0000] {processor.py:830} INFO - Processing file /home/airflow/.local/lib/python3.11/site-packages/airflow/example_dags/tutorial.py for tasks to queue
[2026-03-15T18:10:03.850+0000] {logging_mixin.py:188} INFO - [2026-03-15T18:10:03.850+0000] {dagbag.py:540} INFO - Filling up the DagBag from /home/airflow/.local/lib/python3.11/site-packages/airflow/example_dags/tutorial.py
[2026-03-15T18:10:03.859+0000] {processor.py:840} INFO - DAG(s) 'tutorial' retrieved from /home/airflow/.local/lib/python3.11/site-packages/airflow/example_dags/tutorial.py
[2026-03-15T18:10:03.886+0000] {logging_mixin.py:188} INFO - [2026-03-15T18:10:03.886+0000] {dag.py:3047} INFO - Sync 1 DAGs
[2026-03-15T18:10:03.901+0000] {logging_mixin.py:188} INFO - [2026-03-15T18:10:03.901+0000] {dag.py:3834} INFO - Setting next_dagrun for tutorial to 2026-03-14 00:00:00+00:00, run_after=2026-03-15 00:00:00+00:00
[2026-03-15T18:10:03.916+0000] {processor.py:183} INFO - Processing /home/airflow/.local/lib/python3.11/site-packages/airflow/example_dags/tutorial.py took 0.076 seconds
[2026-03-15T18:10:58.299+0000] {processor.py:161} INFO - Started process (PID=3768) to work on /home/airflow/.local/lib/python3.11/site-packages/airflow/example_dags/tutorial.py
[2026-03-15T18:10:58.301+0000] {processor.py:830} INFO - Processing file /home/airflow/.local/lib/python3.11/site-packages/airflow/example_dags/tutorial.py for tasks to queue
[2026-03-15T18:10:58.303+0000] {logging_mixin.py:188} INFO - [2026-03-15T18:10:58.302+0000] {dagbag.py:540} INFO - Filling up the DagBag from /home/airflow/.local/lib/python3.11/site-packages/airflow/example_dags/tutorial.py
[2026-03-15T18:10:58.308+0000] {processor.py:840} INFO - DAG(s) 'tutorial' retrieved from /home/airflow/.local/lib/python3.11/site-packages/airflow/example_dags/tutorial.py
[2026-03-15T18:10:58.324+0000] {logging_mixin.py:188} INFO - [2026-03-15T18:10:58.323+0000] {dag.py:3047} INFO - Sync 1 DAGs
[2026-03-15T18:10:58.339+0000] {logging_mixin.py:188} INFO - [2026-03-15T18:10:58.339+0000] {dag.py:3834} INFO - Setting next_dagrun for tutorial to 2026-03-14 00:00:00+00:00, run_after=2026-03-15 00:00:00+00:00
[2026-03-15T18:10:58.352+0000] {processor.py:183} INFO - Processing /home/airflow/.local/lib/python3.11/site-packages/airflow/example_dags/tutorial.py took 0.056 seconds
[2026-03-15T18:11:28.732+0000] {processor.py:161} INFO - Started process (PID=3824) to work on /home/airflow/.local/lib/python3.11/site-packages/airflow/example_dags/tutorial.py
[2026-03-15T18:11:28.733+0000] {processor.py:830} INFO - Processing file /home/airflow/.local/lib/python3.11/site-packages/airflow/example_dags/tutorial.py for tasks to queue
[2026-03-15T18:11:28.735+0000] {logging_mixin.py:188} INFO - [2026-03-15T18:11:28.735+0000] {dagbag.py:540} INFO - Filling up the DagBag from /home/airflow/.local/lib/python3.11/site-packages/airflow/example_dags/tutorial.py
[2026-03-15T18:11:28.740+0000] {processor.py:840} INFO - DAG(s) 'tutorial' retrieved from /home/airflow/.local/lib/python3.11/site-packages/airflow/example_dags/tutorial.py
[2026-03-15T18:11:28.756+0000] {logging_mixin.py:188} INFO - [2026-03-15T18:11:28.756+0000] {dag.py:3047} INFO - Sync 1 DAGs
[2026-03-15T18:11:28.773+0000] {logging_mixin.py:188} INFO - [2026-03-15T18:11:28.772+0000] {dag.py:3834} INFO - Setting next_dagrun for tutorial to 2026-03-14 00:00:00+00:00, run_after=2026-03-15 00:00:00+00:00
[2026-03-15T18:11:28.790+0000] {processor.py:183} INFO - Processing /home/airflow/.local/lib/python3.11/site-packages/airflow/example_dags/tutorial.py took 0.060 seconds
[2026-03-15T18:11:29.718+0000] {processor.py:161} INFO - Started process (PID=57) to work on /home/airflow/.local/lib/python3.11/site-packages/airflow/example_dags/tutorial.py
[2026-03-15T18:11:29.720+0000] {processor.py:830} INFO - Processing file /home/airflow/.local/lib/python3.11/site-packages/airflow/example_dags/tutorial.py for tasks to queue
[2026-03-15T18:11:29.727+0000] {logging_mixin.py:188} INFO - [2026-03-15T18:11:29.726+0000] {dagbag.py:540} INFO - Filling up the DagBag from /home/airflow/.local/lib/python3.11/site-packages/airflow/example_dags/tutorial.py
[2026-03-15T18:11:29.748+0000] {processor.py:840} INFO - DAG(s) 'tutorial' retrieved from /home/airflow/.local/lib/python3.11/site-packages/airflow/example_dags/tutorial.py
[2026-03-15T18:11:29.770+0000] {logging_mixin.py:188} INFO - [2026-03-15T18:11:29.770+0000] {dag.py:3047} INFO - Sync 1 DAGs
[2026-03-15T18:11:29.797+0000] {logging_mixin.py:188} INFO - [2026-03-15T18:11:29.797+0000] {dag.py:3834} INFO - Setting next_dagrun for tutorial to 2026-03-14 00:00:00+00:00, run_after=2026-03-15 00:00:00+00:00
[2026-03-15T18:11:29.817+0000] {processor.py:183} INFO - Processing /home/airflow/.local/lib/python3.11/site-packages/airflow/example_dags/tutorial.py took 0.109 seconds
[2026-03-15T18:11:38.980+0000] {processor.py:161} INFO - Started process (PID=107) to work on /home/airflow/.local/lib/python3.11/site-packages/airflow/example_dags/tutorial.py
[2026-03-15T18:11:38.981+0000] {processor.py:830} INFO - Processing file /home/airflow/.local/lib/python3.11/site-packages/airflow/example_dags/tutorial.py for tasks to queue
[2026-03-15T18:11:38.983+0000] {logging_mixin.py:188} INFO - [2026-03-15T18:11:38.983+0000] {dagbag.py:540} INFO - Filling up the DagBag from /home/airflow/.local/lib/python3.11/site-packages/airflow/example_dags/tutorial.py
[2026-03-15T18:11:38.991+0000] {processor.py:840} INFO - DAG(s) 'tutorial' retrieved from /home/airflow/.local/lib/python3.11/site-packages/airflow/example_dags/tutorial.py
[2026-03-15T18:11:39.003+0000] {logging_mixin.py:188} INFO - [2026-03-15T18:11:39.002+0000] {dag.py:3047} INFO - Sync 1 DAGs
[2026-03-15T18:11:39.023+0000] {logging_mixin.py:188} INFO - [2026-03-15T18:11:39.023+0000] {dag.py:3834} INFO - Setting next_dagrun for tutorial to 2026-03-14 00:00:00+00:00, run_after=2026-03-15 00:00:00+00:00
[2026-03-15T18:11:39.043+0000] {processor.py:183} INFO - Processing /home/airflow/.local/lib/python3.11/site-packages/airflow/example_dags/tutorial.py took 0.067 seconds
[2026-03-15T18:12:09.983+0000] {processor.py:161} INFO - Started process (PID=163) to work on /home/airflow/.local/lib/python3.11/site-packages/airflow/example_dags/tutorial.py
[2026-03-15T18:12:09.984+0000] {processor.py:830} INFO - Processing file /home/airflow/.local/lib/python3.11/site-packages/airflow/example_dags/tutorial.py for tasks to queue
[2026-03-15T18:12:09.986+0000] {logging_mixin.py:188} INFO - [2026-03-15T18:12:09.986+0000] {dagbag.py:540} INFO - Filling up the DagBag from /home/airflow/.local/lib/python3.11/site-packages/airflow/example_dags/tutorial.py
[2026-03-15T18:12:09.992+0000] {processor.py:840} INFO - DAG(s) 'tutorial' retrieved from /home/airflow/.local/lib/python3.11/site-packages/airflow/example_dags/tutorial.py
[2026-03-15T18:12:10.068+0000] {logging_mixin.py:188} INFO - [2026-03-15T18:12:10.068+0000] {dag.py:3047} INFO - Sync 1 DAGs
[2026-03-15T18:12:10.088+0000] {logging_mixin.py:188} INFO - [2026-03-15T18:12:10.088+0000] {dag.py:3834} INFO - Setting next_dagrun for tutorial to 2026-03-14 00:00:00+00:00, run_after=2026-03-15 00:00:00+00:00
[2026-03-15T18:12:10.111+0000] {processor.py:183} INFO - Processing /home/airflow/.local/lib/python3.11/site-packages/airflow/example_dags/tutorial.py took 0.131 seconds
[2026-03-15T18:12:17.623+0000] {processor.py:161} INFO - Started process (PID=220) to work on /home/airflow/.local/lib/python3.11/site-packages/airflow/example_dags/tutorial.py
[2026-03-15T18:12:17.624+0000] {processor.py:830} INFO - Processing file /home/airflow/.local/lib/python3.11/site-packages/airflow/example_dags/tutorial.py for tasks to queue
[2026-03-15T18:12:17.625+0000] {logging_mixin.py:188} INFO - [2026-03-15T18:12:17.625+0000] {dagbag.py:540} INFO - Filling up the DagBag from /home/airflow/.local/lib/python3.11/site-packages/airflow/example_dags/tutorial.py
[2026-03-15T18:12:17.630+0000] {processor.py:840} INFO - DAG(s) 'tutorial' retrieved from /home/airflow/.local/lib/python3.11/site-packages/airflow/example_dags/tutorial.py
[2026-03-15T18:12:17.639+0000] {logging_mixin.py:188} INFO - [2026-03-15T18:12:17.639+0000] {dag.py:3047} INFO - Sync 1 DAGs
[2026-03-15T18:12:17.654+0000] {logging_mixin.py:188} INFO - [2026-03-15T18:12:17.654+0000] {dag.py:3834} INFO - Setting next_dagrun for tutorial to 2026-03-14 00:00:00+00:00, run_after=2026-03-15 00:00:00+00:00
[2026-03-15T18:12:17.669+0000] {processor.py:183} INFO - Processing /home/airflow/.local/lib/python3.11/site-packages/airflow/example_dags/tutorial.py took 0.049 seconds
[2026-03-15T18:12:23.784+0000] {processor.py:161} INFO - Started process (PID=268) to work on /home/airflow/.local/lib/python3.11/site-packages/airflow/example_dags/tutorial.py
[2026-03-15T18:12:23.785+0000] {processor.py:830} INFO - Processing file /home/airflow/.local/lib/python3.11/site-packages/airflow/example_dags/tutorial.py for tasks to queue
[2026-03-15T18:12:23.787+0000] {logging_mixin.py:188} INFO - [2026-03-15T18:12:23.787+0000] {dagbag.py:540} INFO - Filling up the DagBag from /home/airflow/.local/lib/python3.11/site-packages/airflow/example_dags/tutorial.py
[2026-03-15T18:12:23.792+0000] {processor.py:840} INFO - DAG(s) 'tutorial' retrieved from /home/airflow/.local/lib/python3.11/site-packages/airflow/example_dags/tutorial.py
[2026-03-15T18:12:23.801+0000] {logging_mixin.py:188} INFO - [2026-03-15T18:12:23.801+0000] {dag.py:3047} INFO - Sync 1 DAGs
[2026-03-15T18:12:23.818+0000] {logging_mixin.py:188} INFO - [2026-03-15T18:12:23.817+0000] {dag.py:3834} INFO - Setting next_dagrun for tutorial to 2026-03-14 00:00:00+00:00, run_after=2026-03-15 00:00:00+00:00
[2026-03-15T18:12:23.833+0000] {processor.py:183} INFO - Processing /home/airflow/.local/lib/python3.11/site-packages/airflow/example_dags/tutorial.py took 0.051 seconds
[2026-03-15T18:12:28.810+0000] {processor.py:161} INFO - Started process (PID=308) to work on /home/airflow/.local/lib/python3.11/site-packages/airflow/example_dags/tutorial.py
[2026-03-15T18:12:28.811+0000] {processor.py:830} INFO - Processing file /home/airflow/.local/lib/python3.11/site-packages/airflow/example_dags/tutorial.py for tasks to queue
[2026-03-15T18:12:28.813+0000] {logging_mixin.py:188} INFO - [2026-03-15T18:12:28.813+0000] {dagbag.py:540} INFO - Filling up the DagBag from /home/airflow/.local/lib/python3.11/site-packages/airflow/example_dags/tutorial.py
[2026-03-15T18:12:28.818+0000] {processor.py:840} INFO - DAG(s) 'tutorial' retrieved from /home/airflow/.local/lib/python3.11/site-packages/airflow/example_dags/tutorial.py
[2026-03-15T18:12:28.829+0000] {logging_mixin.py:188} INFO - [2026-03-15T18:12:28.829+0000] {dag.py:3047} INFO - Sync 1 DAGs
[2026-03-15T18:12:28.848+0000] {logging_mixin.py:188} INFO - [2026-03-15T18:12:28.848+0000] {dag.py:3834} INFO - Setting next_dagrun for tutorial to 2026-03-14 00:00:00+00:00, run_after=2026-03-15 00:00:00+00:00
[2026-03-15T18:12:28.876+0000] {processor.py:183} INFO - Processing /home/airflow/.local/lib/python3.11/site-packages/airflow/example_dags/tutorial.py took 0.069 seconds
[2026-03-15T18:12:33.739+0000] {processor.py:161} INFO - Started process (PID=348) to work on /home/airflow/.local/lib/python3.11/site-packages/airflow/example_dags/tutorial.py
[2026-03-15T18:12:33.740+0000] {processor.py:830} INFO - Processing file /home/airflow/.local/lib/python3.11/site-packages/airflow/example_dags/tutorial.py for tasks to queue
[2026-03-15T18:12:33.742+0000] {logging_mixin.py:188} INFO - [2026-03-15T18:12:33.741+0000] {dagbag.py:540} INFO - Filling up the DagBag from /home/airflow/.local/lib/python3.11/site-packages/airflow/example_dags/tutorial.py
[2026-03-15T18:12:33.747+0000] {processor.py:840} INFO - DAG(s) 'tutorial' retrieved from /home/airflow/.local/lib/python3.11/site-packages/airflow/example_dags/tutorial.py
[2026-03-15T18:12:33.757+0000] {logging_mixin.py:188} INFO - [2026-03-15T18:12:33.757+0000] {dag.py:3047} INFO - Sync 1 DAGs
[2026-03-15T18:12:33.773+0000] {logging_mixin.py:188} INFO - [2026-03-15T18:12:33.773+0000] {dag.py:3834} INFO - Setting next_dagrun for tutorial to 2026-03-14 00:00:00+00:00, run_after=2026-03-15 00:00:00+00:00
[2026-03-15T18:12:33.788+0000] {processor.py:183} INFO - Processing /home/airflow/.local/lib/python3.11/site-packages/airflow/example_dags/tutorial.py took 0.052 seconds
[2026-03-15T18:12:38.582+0000] {processor.py:161} INFO - Started process (PID=386) to work on /home/airflow/.local/lib/python3.11/site-packages/airflow/example_dags/tutorial.py
[2026-03-15T18:12:38.584+0000] {processor.py:830} INFO - Processing file /home/airflow/.local/lib/python3.11/site-packages/airflow/example_dags/tutorial.py for tasks to queue
[2026-03-15T18:12:38.585+0000] {logging_mixin.py:188} INFO - [2026-03-15T18:12:38.585+0000] {dagbag.py:540} INFO - Filling up the DagBag from /home/airflow/.local/lib/python3.11/site-packages/airflow/example_dags/tutorial.py
[2026-03-15T18:12:38.591+0000] {processor.py:840} INFO - DAG(s) 'tutorial' retrieved from /home/airflow/.local/lib/python3.11/site-packages/airflow/example_dags/tutorial.py
[2026-03-15T18:12:38.601+0000] {logging_mixin.py:188} INFO - [2026-03-15T18:12:38.601+0000] {dag.py:3047} INFO - Sync 1 DAGs
[2026-03-15T18:12:38.620+0000] {logging_mixin.py:188} INFO - [2026-03-15T18:12:38.620+0000] {dag.py:3834} INFO - Setting next_dagrun for tutorial to 2026-03-14 00:00:00+00:00, run_after=2026-03-15 00:00:00+00:00
[2026-03-15T18:12:38.637+0000] {processor.py:183} INFO - Processing /home/airflow/.local/lib/python3.11/site-packages/airflow/example_dags/tutorial.py took 0.057 seconds
[2026-03-15T18:12:47.435+0000] {processor.py:161} INFO - Started process (PID=429) to work on /home/airflow/.local/lib/python3.11/site-packages/airflow/example_dags/tutorial.py
[2026-03-15T18:12:47.437+0000] {processor.py:830} INFO - Processing file /home/airflow/.local/lib/python3.11/site-packages/airflow/example_dags/tutorial.py for tasks to queue
[2026-03-15T18:12:47.439+0000] {logging_mixin.py:188} INFO - [2026-03-15T18:12:47.438+0000] {dagbag.py:540} INFO - Filling up the DagBag from /home/airflow/.local/lib/python3.11/site-packages/airflow/example_dags/tutorial.py
[2026-03-15T18:12:47.445+0000] {processor.py:840} INFO - DAG(s) 'tutorial' retrieved from /home/airflow/.local/lib/python3.11/site-packages/airflow/example_dags/tutorial.py
[2026-03-15T18:12:47.462+0000] {logging_mixin.py:188} INFO - [2026-03-15T18:12:47.462+0000] {dag.py:3047} INFO - Sync 1 DAGs
[2026-03-15T18:12:47.479+0000] {logging_mixin.py:188} INFO - [2026-03-15T18:12:47.478+0000] {dag.py:3834} INFO - Setting next_dagrun for tutorial to 2026-03-14 00:00:00+00:00, run_after=2026-03-15 00:00:00+00:00
[2026-03-15T18:12:47.493+0000] {processor.py:183} INFO - Processing /home/airflow/.local/lib/python3.11/site-packages/airflow/example_dags/tutorial.py took 0.060 seconds
[2026-03-15T18:13:17.730+0000] {processor.py:161} INFO - Started process (PID=479) to work on /home/airflow/.local/lib/python3.11/site-packages/airflow/example_dags/tutorial.py
[2026-03-15T18:13:17.731+0000] {processor.py:830} INFO - Processing file /home/airflow/.local/lib/python3.11/site-packages/airflow/example_dags/tutorial.py for tasks to queue
[2026-03-15T18:13:17.733+0000] {logging_mixin.py:188} INFO - [2026-03-15T18:13:17.733+0000] {dagbag.py:540} INFO - Filling up the DagBag from /home/airflow/.local/lib/python3.11/site-packages/airflow/example_dags/tutorial.py
[2026-03-15T18:13:17.738+0000] {processor.py:840} INFO - DAG(s) 'tutorial' retrieved from /home/airflow/.local/lib/python3.11/site-packages/airflow/example_dags/tutorial.py
[2026-03-15T18:13:17.755+0000] {logging_mixin.py:188} INFO - [2026-03-15T18:13:17.754+0000] {dag.py:3047} INFO - Sync 1 DAGs
[2026-03-15T18:13:17.771+0000] {logging_mixin.py:188} INFO - [2026-03-15T18:13:17.771+0000] {dag.py:3834} INFO - Setting next_dagrun for tutorial to 2026-03-14 00:00:00+00:00, run_after=2026-03-15 00:00:00+00:00
[2026-03-15T18:13:17.786+0000] {processor.py:183} INFO - Processing /home/airflow/.local/lib/python3.11/site-packages/airflow/example_dags/tutorial.py took 0.059 seconds
[2026-03-15T18:13:24.070+0000] {processor.py:161} INFO - Started process (PID=524) to work on /home/airflow/.local/lib/python3.11/site-packages/airflow/example_dags/tutorial.py
[2026-03-15T18:13:24.071+0000] {processor.py:830} INFO - Processing file /home/airflow/.local/lib/python3.11/site-packages/airflow/example_dags/tutorial.py for tasks to queue
[2026-03-15T18:13:24.073+0000] {logging_mixin.py:188} INFO - [2026-03-15T18:13:24.073+0000] {dagbag.py:540} INFO - Filling up the DagBag from /home/airflow/.local/lib/python3.11/site-packages/airflow/example_dags/tutorial.py
[2026-03-15T18:13:24.079+0000] {processor.py:840} INFO - DAG(s) 'tutorial' retrieved from /home/airflow/.local/lib/python3.11/site-packages/airflow/example_dags/tutorial.py
[2026-03-15T18:13:24.096+0000] {logging_mixin.py:188} INFO - [2026-03-15T18:13:24.095+0000] {dag.py:3047} INFO - Sync 1 DAGs
[2026-03-15T18:13:24.114+0000] {logging_mixin.py:188} INFO - [2026-03-15T18:13:24.113+0000] {dag.py:3834} INFO - Setting next_dagrun for tutorial to 2026-03-14 00:00:00+00:00, run_after=2026-03-15 00:00:00+00:00
[2026-03-15T18:13:24.130+0000] {processor.py:183} INFO - Processing /home/airflow/.local/lib/python3.11/site-packages/airflow/example_dags/tutorial.py took 0.062 seconds
[2026-03-15T18:13:28.918+0000] {processor.py:161} INFO - Started process (PID=564) to work on /home/airflow/.local/lib/python3.11/site-packages/airflow/example_dags/tutorial.py
[2026-03-15T18:13:28.919+0000] {processor.py:830} INFO - Processing file /home/airflow/.local/lib/python3.11/site-packages/airflow/example_dags/tutorial.py for tasks to queue
[2026-03-15T18:13:28.921+0000] {logging_mixin.py:188} INFO - [2026-03-15T18:13:28.921+0000] {dagbag.py:540} INFO - Filling up the DagBag from /home/airflow/.local/lib/python3.11/site-packages/airflow/example_dags/tutorial.py
[2026-03-15T18:13:28.927+0000] {processor.py:840} INFO - DAG(s) 'tutorial' retrieved from /home/airflow/.local/lib/python3.11/site-packages/airflow/example_dags/tutorial.py
[2026-03-15T18:13:28.944+0000] {logging_mixin.py:188} INFO - [2026-03-15T18:13:28.944+0000] {dag.py:3047} INFO - Sync 1 DAGs
[2026-03-15T18:13:28.960+0000] {logging_mixin.py:188} INFO - [2026-03-15T18:13:28.960+0000] {dag.py:3834} INFO - Setting next_dagrun for tutorial to 2026-03-14 00:00:00+00:00, run_after=2026-03-15 00:00:00+00:00
[2026-03-15T18:13:28.974+0000] {processor.py:183} INFO - Processing /home/airflow/.local/lib/python3.11/site-packages/airflow/example_dags/tutorial.py took 0.058 seconds
[2026-03-15T18:13:33.805+0000] {processor.py:161} INFO - Started process (PID=602) to work on /home/airflow/.local/lib/python3.11/site-packages/airflow/example_dags/tutorial.py
[2026-03-15T18:13:33.806+0000] {processor.py:830} INFO - Processing file /home/airflow/.local/lib/python3.11/site-packages/airflow/example_dags/tutorial.py for tasks to queue
[2026-03-15T18:13:33.808+0000] {logging_mixin.py:188} INFO - [2026-03-15T18:13:33.808+0000] {dagbag.py:540} INFO - Filling up the DagBag from /home/airflow/.local/lib/python3.11/site-packages/airflow/example_dags/tutorial.py
[2026-03-15T18:13:33.814+0000] {processor.py:840} INFO - DAG(s) 'tutorial' retrieved from /home/airflow/.local/lib/python3.11/site-packages/airflow/example_dags/tutorial.py
[2026-03-15T18:13:33.831+0000] {logging_mixin.py:188} INFO - [2026-03-15T18:13:33.831+0000] {dag.py:3047} INFO - Sync 1 DAGs
[2026-03-15T18:13:33.849+0000] {logging_mixin.py:188} INFO - [2026-03-15T18:13:33.849+0000] {dag.py:3834} INFO - Setting next_dagrun for tutorial to 2026-03-14 00:00:00+00:00, run_after=2026-03-15 00:00:00+00:00
[2026-03-15T18:13:33.863+0000] {processor.py:183} INFO - Processing /home/airflow/.local/lib/python3.11/site-packages/airflow/example_dags/tutorial.py took 0.061 seconds
[2026-03-15T18:14:03.878+0000] {processor.py:161} INFO - Started process (PID=649) to work on /home/airflow/.local/lib/python3.11/site-packages/airflow/example_dags/tutorial.py
[2026-03-15T18:14:03.880+0000] {processor.py:830} INFO - Processing file /home/airflow/.local/lib/python3.11/site-packages/airflow/example_dags/tutorial.py for tasks to queue
[2026-03-15T18:14:03.881+0000] {logging_mixin.py:188} INFO - [2026-03-15T18:14:03.881+0000] {dagbag.py:540} INFO - Filling up the DagBag from /home/airflow/.local/lib/python3.11/site-packages/airflow/example_dags/tutorial.py
[2026-03-15T18:14:03.886+0000] {processor.py:840} INFO - DAG(s) 'tutorial' retrieved from /home/airflow/.local/lib/python3.11/site-packages/airflow/example_dags/tutorial.py
[2026-03-15T18:14:03.902+0000] {logging_mixin.py:188} INFO - [2026-03-15T18:14:03.902+0000] {dag.py:3047} INFO - Sync 1 DAGs
[2026-03-15T18:14:03.916+0000] {logging_mixin.py:188} INFO - [2026-03-15T18:14:03.916+0000] {dag.py:3834} INFO - Setting next_dagrun for tutorial to 2026-03-14 00:00:00+00:00, run_after=2026-03-15 00:00:00+00:00
[2026-03-15T18:14:03.930+0000] {processor.py:183} INFO - Processing /home/airflow/.local/lib/python3.11/site-packages/airflow/example_dags/tutorial.py took 0.055 seconds
[2026-03-15T18:14:08.935+0000] {processor.py:161} INFO - Started process (PID=696) to work on /home/airflow/.local/lib/python3.11/site-packages/airflow/example_dags/tutorial.py
[2026-03-15T18:14:08.937+0000] {processor.py:830} INFO - Processing file /home/airflow/.local/lib/python3.11/site-packages/airflow/example_dags/tutorial.py for tasks to queue
[2026-03-15T18:14:08.938+0000] {logging_mixin.py:188} INFO - [2026-03-15T18:14:08.938+0000] {dagbag.py:540} INFO - Filling up the DagBag from /home/airflow/.local/lib/python3.11/site-packages/airflow/example_dags/tutorial.py
[2026-03-15T18:14:08.943+0000] {processor.py:840} INFO - DAG(s) 'tutorial' retrieved from /home/airflow/.local/lib/python3.11/site-packages/airflow/example_dags/tutorial.py
[2026-03-15T18:14:08.963+0000] {logging_mixin.py:188} INFO - [2026-03-15T18:14:08.963+0000] {dag.py:3047} INFO - Sync 1 DAGs
[2026-03-15T18:14:08.978+0000] {logging_mixin.py:188} INFO - [2026-03-15T18:14:08.978+0000] {dag.py:3834} INFO - Setting next_dagrun for tutorial to 2026-03-14 00:00:00+00:00, run_after=2026-03-15 00:00:00+00:00
[2026-03-15T18:14:08.991+0000] {processor.py:183} INFO - Processing /home/airflow/.local/lib/python3.11/site-packages/airflow/example_dags/tutorial.py took 0.059 seconds
[2026-03-15T18:14:24.368+0000] {processor.py:161} INFO - Started process (PID=749) to work on /home/airflow/.local/lib/python3.11/site-packages/airflow/example_dags/tutorial.py
[2026-03-15T18:14:24.369+0000] {processor.py:830} INFO - Processing file /home/airflow/.local/lib/python3.11/site-packages/airflow/example_dags/tutorial.py for tasks to queue
[2026-03-15T18:14:24.371+0000] {logging_mixin.py:188} INFO - [2026-03-15T18:14:24.371+0000] {dagbag.py:540} INFO - Filling up the DagBag from /home/airflow/.local/lib/python3.11/site-packages/airflow/example_dags/tutorial.py
[2026-03-15T18:14:24.377+0000] {processor.py:840} INFO - DAG(s) 'tutorial' retrieved from /home/airflow/.local/lib/python3.11/site-packages/airflow/example_dags/tutorial.py
[2026-03-15T18:14:24.395+0000] {logging_mixin.py:188} INFO - [2026-03-15T18:14:24.395+0000] {dag.py:3047} INFO - Sync 1 DAGs
[2026-03-15T18:14:24.416+0000] {logging_mixin.py:188} INFO - [2026-03-15T18:14:24.416+0000] {dag.py:3834} INFO - Setting next_dagrun for tutorial to 2026-03-14 00:00:00+00:00, run_after=2026-03-15 00:00:00+00:00
[2026-03-15T18:14:24.437+0000] {processor.py:183} INFO - Processing /home/airflow/.local/lib/python3.11/site-packages/airflow/example_dags/tutorial.py took 0.073 seconds
[2026-03-15T18:14:29.076+0000] {processor.py:161} INFO - Started process (PID=796) to work on /home/airflow/.local/lib/python3.11/site-packages/airflow/example_dags/tutorial.py
[2026-03-15T18:14:29.077+0000] {processor.py:830} INFO - Processing file /home/airflow/.local/lib/python3.11/site-packages/airflow/example_dags/tutorial.py for tasks to queue
[2026-03-15T18:14:29.079+0000] {logging_mixin.py:188} INFO - [2026-03-15T18:14:29.079+0000] {dagbag.py:540} INFO - Filling up the DagBag from /home/airflow/.local/lib/python3.11/site-packages/airflow/example_dags/tutorial.py
[2026-03-15T18:14:29.085+0000] {processor.py:840} INFO - DAG(s) 'tutorial' retrieved from /home/airflow/.local/lib/python3.11/site-packages/airflow/example_dags/tutorial.py
[2026-03-15T18:14:29.102+0000] {logging_mixin.py:188} INFO - [2026-03-15T18:14:29.101+0000] {dag.py:3047} INFO - Sync 1 DAGs
[2026-03-15T18:14:29.119+0000] {logging_mixin.py:188} INFO - [2026-03-15T18:14:29.119+0000] {dag.py:3834} INFO - Setting next_dagrun for tutorial to 2026-03-14 00:00:00+00:00, run_after=2026-03-15 00:00:00+00:00
[2026-03-15T18:14:29.136+0000] {processor.py:183} INFO - Processing /home/airflow/.local/lib/python3.11/site-packages/airflow/example_dags/tutorial.py took 0.063 seconds
[2026-03-15T18:14:47.484+0000] {processor.py:161} INFO - Started process (PID=850) to work on /home/airflow/.local/lib/python3.11/site-packages/airflow/example_dags/tutorial.py
[2026-03-15T18:14:47.486+0000] {processor.py:830} INFO - Processing file /home/airflow/.local/lib/python3.11/site-packages/airflow/example_dags/tutorial.py for tasks to queue
[2026-03-15T18:14:47.488+0000] {logging_mixin.py:188} INFO - [2026-03-15T18:14:47.488+0000] {dagbag.py:540} INFO - Filling up the DagBag from /home/airflow/.local/lib/python3.11/site-packages/airflow/example_dags/tutorial.py
[2026-03-15T18:14:47.494+0000] {processor.py:840} INFO - DAG(s) 'tutorial' retrieved from /home/airflow/.local/lib/python3.11/site-packages/airflow/example_dags/tutorial.py
[2026-03-15T18:14:47.513+0000] {logging_mixin.py:188} INFO - [2026-03-15T18:14:47.513+0000] {dag.py:3047} INFO - Sync 1 DAGs
[2026-03-15T18:14:47.531+0000] {logging_mixin.py:188} INFO - [2026-03-15T18:14:47.531+0000] {dag.py:3834} INFO - Setting next_dagrun for tutorial to 2026-03-14 00:00:00+00:00, run_after=2026-03-15 00:00:00+00:00
[2026-03-15T18:14:47.548+0000] {processor.py:183} INFO - Processing /home/airflow/.local/lib/python3.11/site-packages/airflow/example_dags/tutorial.py took 0.068 seconds
[2026-03-15T18:19:52.488+0000] {processor.py:161} INFO - Started process (PID=69) to work on /home/airflow/.local/lib/python3.11/site-packages/airflow/example_dags/tutorial.py
[2026-03-15T18:19:52.489+0000] {processor.py:830} INFO - Processing file /home/airflow/.local/lib/python3.11/site-packages/airflow/example_dags/tutorial.py for tasks to queue
[2026-03-15T18:19:52.492+0000] {logging_mixin.py:188} INFO - [2026-03-15T18:19:52.492+0000] {dagbag.py:540} INFO - Filling up the DagBag from /home/airflow/.local/lib/python3.11/site-packages/airflow/example_dags/tutorial.py
[2026-03-15T18:19:52.507+0000] {processor.py:840} INFO - DAG(s) 'tutorial' retrieved from /home/airflow/.local/lib/python3.11/site-packages/airflow/example_dags/tutorial.py
[2026-03-15T18:19:52.524+0000] {logging_mixin.py:188} INFO - [2026-03-15T18:19:52.524+0000] {dag.py:3047} INFO - Sync 1 DAGs
[2026-03-15T18:19:52.550+0000] {logging_mixin.py:188} INFO - [2026-03-15T18:19:52.550+0000] {dag.py:3834} INFO - Setting next_dagrun for tutorial to 2026-03-14 00:00:00+00:00, run_after=2026-03-15 00:00:00+00:00
[2026-03-15T18:19:52.573+0000] {processor.py:183} INFO - Processing /home/airflow/.local/lib/python3.11/site-packages/airflow/example_dags/tutorial.py took 0.089 seconds
[2026-03-15T18:19:59.864+0000] {processor.py:161} INFO - Started process (PID=125) to work on /home/airflow/.local/lib/python3.11/site-packages/airflow/example_dags/tutorial.py
[2026-03-15T18:19:59.865+0000] {processor.py:830} INFO - Processing file /home/airflow/.local/lib/python3.11/site-packages/airflow/example_dags/tutorial.py for tasks to queue
[2026-03-15T18:19:59.868+0000] {logging_mixin.py:188} INFO - [2026-03-15T18:19:59.867+0000] {dagbag.py:540} INFO - Filling up the DagBag from /home/airflow/.local/lib/python3.11/site-packages/airflow/example_dags/tutorial.py
[2026-03-15T18:19:59.875+0000] {processor.py:840} INFO - DAG(s) 'tutorial' retrieved from /home/airflow/.local/lib/python3.11/site-packages/airflow/example_dags/tutorial.py
[2026-03-15T18:19:59.885+0000] {logging_mixin.py:188} INFO - [2026-03-15T18:19:59.885+0000] {dag.py:3047} INFO - Sync 1 DAGs
[2026-03-15T18:19:59.901+0000] {logging_mixin.py:188} INFO - [2026-03-15T18:19:59.900+0000] {dag.py:3834} INFO - Setting next_dagrun for tutorial to 2026-03-14 00:00:00+00:00, run_after=2026-03-15 00:00:00+00:00
[2026-03-15T18:19:59.915+0000] {processor.py:183} INFO - Processing /home/airflow/.local/lib/python3.11/site-packages/airflow/example_dags/tutorial.py took 0.055 seconds
[2026-03-15T18:20:17.980+0000] {processor.py:161} INFO - Started process (PID=174) to work on /home/airflow/.local/lib/python3.11/site-packages/airflow/example_dags/tutorial.py
[2026-03-15T18:20:17.981+0000] {processor.py:830} INFO - Processing file /home/airflow/.local/lib/python3.11/site-packages/airflow/example_dags/tutorial.py for tasks to queue
[2026-03-15T18:20:17.983+0000] {logging_mixin.py:188} INFO - [2026-03-15T18:20:17.983+0000] {dagbag.py:540} INFO - Filling up the DagBag from /home/airflow/.local/lib/python3.11/site-packages/airflow/example_dags/tutorial.py
[2026-03-15T18:20:17.988+0000] {processor.py:840} INFO - DAG(s) 'tutorial' retrieved from /home/airflow/.local/lib/python3.11/site-packages/airflow/example_dags/tutorial.py
[2026-03-15T18:20:18.057+0000] {logging_mixin.py:188} INFO - [2026-03-15T18:20:18.057+0000] {dag.py:3047} INFO - Sync 1 DAGs
[2026-03-15T18:20:18.071+0000] {logging_mixin.py:188} INFO - [2026-03-15T18:20:18.071+0000] {dag.py:3834} INFO - Setting next_dagrun for tutorial to 2026-03-14 00:00:00+00:00, run_after=2026-03-15 00:00:00+00:00
[2026-03-15T18:20:18.083+0000] {processor.py:183} INFO - Processing /home/airflow/.local/lib/python3.11/site-packages/airflow/example_dags/tutorial.py took 0.106 seconds
[2026-03-15T18:20:24.767+0000] {processor.py:161} INFO - Started process (PID=220) to work on /home/airflow/.local/lib/python3.11/site-packages/airflow/example_dags/tutorial.py
[2026-03-15T18:20:24.768+0000] {processor.py:830} INFO - Processing file /home/airflow/.local/lib/python3.11/site-packages/airflow/example_dags/tutorial.py for tasks to queue
[2026-03-15T18:20:24.770+0000] {logging_mixin.py:188} INFO - [2026-03-15T18:20:24.770+0000] {dagbag.py:540} INFO - Filling up the DagBag from /home/airflow/.local/lib/python3.11/site-packages/airflow/example_dags/tutorial.py
[2026-03-15T18:20:24.775+0000] {processor.py:840} INFO - DAG(s) 'tutorial' retrieved from /home/airflow/.local/lib/python3.11/site-packages/airflow/example_dags/tutorial.py
[2026-03-15T18:20:24.784+0000] {logging_mixin.py:188} INFO - [2026-03-15T18:20:24.784+0000] {dag.py:3047} INFO - Sync 1 DAGs
[2026-03-15T18:20:24.800+0000] {logging_mixin.py:188} INFO - [2026-03-15T18:20:24.800+0000] {dag.py:3834} INFO - Setting next_dagrun for tutorial to 2026-03-14 00:00:00+00:00, run_after=2026-03-15 00:00:00+00:00
[2026-03-15T18:20:24.815+0000] {processor.py:183} INFO - Processing /home/airflow/.local/lib/python3.11/site-packages/airflow/example_dags/tutorial.py took 0.050 seconds
[2026-03-15T18:20:55.002+0000] {processor.py:161} INFO - Started process (PID=270) to work on /home/airflow/.local/lib/python3.11/site-packages/airflow/example_dags/tutorial.py
[2026-03-15T18:20:55.004+0000] {processor.py:830} INFO - Processing file /home/airflow/.local/lib/python3.11/site-packages/airflow/example_dags/tutorial.py for tasks to queue
[2026-03-15T18:20:55.005+0000] {logging_mixin.py:188} INFO - [2026-03-15T18:20:55.005+0000] {dagbag.py:540} INFO - Filling up the DagBag from /home/airflow/.local/lib/python3.11/site-packages/airflow/example_dags/tutorial.py
[2026-03-15T18:20:55.011+0000] {processor.py:840} INFO - DAG(s) 'tutorial' retrieved from /home/airflow/.local/lib/python3.11/site-packages/airflow/example_dags/tutorial.py
[2026-03-15T18:20:55.028+0000] {logging_mixin.py:188} INFO - [2026-03-15T18:20:55.027+0000] {dag.py:3047} INFO - Sync 1 DAGs
[2026-03-15T18:20:55.045+0000] {logging_mixin.py:188} INFO - [2026-03-15T18:20:55.045+0000] {dag.py:3834} INFO - Setting next_dagrun for tutorial to 2026-03-14 00:00:00+00:00, run_after=2026-03-15 00:00:00+00:00
[2026-03-15T18:20:55.060+0000] {processor.py:183} INFO - Processing /home/airflow/.local/lib/python3.11/site-packages/airflow/example_dags/tutorial.py took 0.061 seconds
[2026-03-15T18:21:25.285+0000] {processor.py:161} INFO - Started process (PID=326) to work on /home/airflow/.local/lib/python3.11/site-packages/airflow/example_dags/tutorial.py
[2026-03-15T18:21:25.286+0000] {processor.py:830} INFO - Processing file /home/airflow/.local/lib/python3.11/site-packages/airflow/example_dags/tutorial.py for tasks to queue
[2026-03-15T18:21:25.287+0000] {logging_mixin.py:188} INFO - [2026-03-15T18:21:25.287+0000] {dagbag.py:540} INFO - Filling up the DagBag from /home/airflow/.local/lib/python3.11/site-packages/airflow/example_dags/tutorial.py
[2026-03-15T18:21:25.292+0000] {processor.py:840} INFO - DAG(s) 'tutorial' retrieved from /home/airflow/.local/lib/python3.11/site-packages/airflow/example_dags/tutorial.py
[2026-03-15T18:21:25.312+0000] {logging_mixin.py:188} INFO - [2026-03-15T18:21:25.312+0000] {dag.py:3047} INFO - Sync 1 DAGs
[2026-03-15T18:21:25.332+0000] {logging_mixin.py:188} INFO - [2026-03-15T18:21:25.332+0000] {dag.py:3834} INFO - Setting next_dagrun for tutorial to 2026-03-14 00:00:00+00:00, run_after=2026-03-15 00:00:00+00:00
[2026-03-15T18:21:25.348+0000] {processor.py:183} INFO - Processing /home/airflow/.local/lib/python3.11/site-packages/airflow/example_dags/tutorial.py took 0.066 seconds
[2026-03-15T18:21:29.946+0000] {processor.py:161} INFO - Started process (PID=373) to work on /home/airflow/.local/lib/python3.11/site-packages/airflow/example_dags/tutorial.py
[2026-03-15T18:21:29.947+0000] {processor.py:830} INFO - Processing file /home/airflow/.local/lib/python3.11/site-packages/airflow/example_dags/tutorial.py for tasks to queue
[2026-03-15T18:21:29.949+0000] {logging_mixin.py:188} INFO - [2026-03-15T18:21:29.948+0000] {dagbag.py:540} INFO - Filling up the DagBag from /home/airflow/.local/lib/python3.11/site-packages/airflow/example_dags/tutorial.py
[2026-03-15T18:21:29.953+0000] {processor.py:840} INFO - DAG(s) 'tutorial' retrieved from /home/airflow/.local/lib/python3.11/site-packages/airflow/example_dags/tutorial.py
[2026-03-15T18:21:29.969+0000] {logging_mixin.py:188} INFO - [2026-03-15T18:21:29.969+0000] {dag.py:3047} INFO - Sync 1 DAGs
[2026-03-15T18:21:29.989+0000] {logging_mixin.py:188} INFO - [2026-03-15T18:21:29.989+0000] {dag.py:3834} INFO - Setting next_dagrun for tutorial to 2026-03-14 00:00:00+00:00, run_after=2026-03-15 00:00:00+00:00
[2026-03-15T18:21:30.003+0000] {processor.py:183} INFO - Processing /home/airflow/.local/lib/python3.11/site-packages/airflow/example_dags/tutorial.py took 0.060 seconds
[2026-03-15T18:21:47.414+0000] {processor.py:161} INFO - Started process (PID=419) to work on /home/airflow/.local/lib/python3.11/site-packages/airflow/example_dags/tutorial.py
[2026-03-15T18:21:47.417+0000] {processor.py:830} INFO - Processing file /home/airflow/.local/lib/python3.11/site-packages/airflow/example_dags/tutorial.py for tasks to queue
[2026-03-15T18:21:47.419+0000] {logging_mixin.py:188} INFO - [2026-03-15T18:21:47.419+0000] {dagbag.py:540} INFO - Filling up the DagBag from /home/airflow/.local/lib/python3.11/site-packages/airflow/example_dags/tutorial.py
[2026-03-15T18:21:47.424+0000] {processor.py:840} INFO - DAG(s) 'tutorial' retrieved from /home/airflow/.local/lib/python3.11/site-packages/airflow/example_dags/tutorial.py
[2026-03-15T18:21:47.440+0000] {logging_mixin.py:188} INFO - [2026-03-15T18:21:47.440+0000] {dag.py:3047} INFO - Sync 1 DAGs
[2026-03-15T18:21:47.458+0000] {logging_mixin.py:188} INFO - [2026-03-15T18:21:47.458+0000] {dag.py:3834} INFO - Setting next_dagrun for tutorial to 2026-03-14 00:00:00+00:00, run_after=2026-03-15 00:00:00+00:00
[2026-03-15T18:21:47.474+0000] {processor.py:183} INFO - Processing /home/airflow/.local/lib/python3.11/site-packages/airflow/example_dags/tutorial.py took 0.062 seconds
[2026-03-15T18:21:49.695+0000] {processor.py:161} INFO - Started process (PID=463) to work on /home/airflow/.local/lib/python3.11/site-packages/airflow/example_dags/tutorial.py
[2026-03-15T18:21:49.697+0000] {processor.py:830} INFO - Processing file /home/airflow/.local/lib/python3.11/site-packages/airflow/example_dags/tutorial.py for tasks to queue
[2026-03-15T18:21:49.699+0000] {logging_mixin.py:188} INFO - [2026-03-15T18:21:49.699+0000] {dagbag.py:540} INFO - Filling up the DagBag from /home/airflow/.local/lib/python3.11/site-packages/airflow/example_dags/tutorial.py
[2026-03-15T18:21:49.704+0000] {processor.py:840} INFO - DAG(s) 'tutorial' retrieved from /home/airflow/.local/lib/python3.11/site-packages/airflow/example_dags/tutorial.py
[2026-03-15T18:21:49.721+0000] {logging_mixin.py:188} INFO - [2026-03-15T18:21:49.721+0000] {dag.py:3047} INFO - Sync 1 DAGs
[2026-03-15T18:21:49.738+0000] {logging_mixin.py:188} INFO - [2026-03-15T18:21:49.738+0000] {dag.py:3834} INFO - Setting next_dagrun for tutorial to 2026-03-14 00:00:00+00:00, run_after=2026-03-15 00:00:00+00:00
[2026-03-15T18:21:49.754+0000] {processor.py:183} INFO - Processing /home/airflow/.local/lib/python3.11/site-packages/airflow/example_dags/tutorial.py took 0.063 seconds
[2026-03-15T18:21:54.610+0000] {processor.py:161} INFO - Started process (PID=505) to work on /home/airflow/.local/lib/python3.11/site-packages/airflow/example_dags/tutorial.py
[2026-03-15T18:21:54.612+0000] {processor.py:830} INFO - Processing file /home/airflow/.local/lib/python3.11/site-packages/airflow/example_dags/tutorial.py for tasks to queue
[2026-03-15T18:21:54.614+0000] {logging_mixin.py:188} INFO - [2026-03-15T18:21:54.613+0000] {dagbag.py:540} INFO - Filling up the DagBag from /home/airflow/.local/lib/python3.11/site-packages/airflow/example_dags/tutorial.py
[2026-03-15T18:21:54.619+0000] {processor.py:840} INFO - DAG(s) 'tutorial' retrieved from /home/airflow/.local/lib/python3.11/site-packages/airflow/example_dags/tutorial.py
[2026-03-15T18:21:54.635+0000] {logging_mixin.py:188} INFO - [2026-03-15T18:21:54.635+0000] {dag.py:3047} INFO - Sync 1 DAGs
[2026-03-15T18:21:54.650+0000] {logging_mixin.py:188} INFO - [2026-03-15T18:21:54.650+0000] {dag.py:3834} INFO - Setting next_dagrun for tutorial to 2026-03-14 00:00:00+00:00, run_after=2026-03-15 00:00:00+00:00
[2026-03-15T18:21:54.665+0000] {processor.py:183} INFO - Processing /home/airflow/.local/lib/python3.11/site-packages/airflow/example_dags/tutorial.py took 0.058 seconds
[2026-03-15T18:21:59.544+0000] {processor.py:161} INFO - Started process (PID=551) to work on /home/airflow/.local/lib/python3.11/site-packages/airflow/example_dags/tutorial.py
[2026-03-15T18:21:59.545+0000] {processor.py:830} INFO - Processing file /home/airflow/.local/lib/python3.11/site-packages/airflow/example_dags/tutorial.py for tasks to queue
[2026-03-15T18:21:59.547+0000] {logging_mixin.py:188} INFO - [2026-03-15T18:21:59.547+0000] {dagbag.py:540} INFO - Filling up the DagBag from /home/airflow/.local/lib/python3.11/site-packages/airflow/example_dags/tutorial.py
[2026-03-15T18:21:59.552+0000] {processor.py:840} INFO - DAG(s) 'tutorial' retrieved from /home/airflow/.local/lib/python3.11/site-packages/airflow/example_dags/tutorial.py
[2026-03-15T18:21:59.571+0000] {logging_mixin.py:188} INFO - [2026-03-15T18:21:59.570+0000] {dag.py:3047} INFO - Sync 1 DAGs
[2026-03-15T18:21:59.589+0000] {logging_mixin.py:188} INFO - [2026-03-15T18:21:59.589+0000] {dag.py:3834} INFO - Setting next_dagrun for tutorial to 2026-03-14 00:00:00+00:00, run_after=2026-03-15 00:00:00+00:00
[2026-03-15T18:21:59.607+0000] {processor.py:183} INFO - Processing /home/airflow/.local/lib/python3.11/site-packages/airflow/example_dags/tutorial.py took 0.067 seconds
[2026-03-15T18:22:29.862+0000] {processor.py:161} INFO - Started process (PID=595) to work on /home/airflow/.local/lib/python3.11/site-packages/airflow/example_dags/tutorial.py
[2026-03-15T18:22:29.863+0000] {processor.py:830} INFO - Processing file /home/airflow/.local/lib/python3.11/site-packages/airflow/example_dags/tutorial.py for tasks to queue
[2026-03-15T18:22:29.865+0000] {logging_mixin.py:188} INFO - [2026-03-15T18:22:29.864+0000] {dagbag.py:540} INFO - Filling up the DagBag from /home/airflow/.local/lib/python3.11/site-packages/airflow/example_dags/tutorial.py
[2026-03-15T18:22:29.870+0000] {processor.py:840} INFO - DAG(s) 'tutorial' retrieved from /home/airflow/.local/lib/python3.11/site-packages/airflow/example_dags/tutorial.py
[2026-03-15T18:22:29.886+0000] {logging_mixin.py:188} INFO - [2026-03-15T18:22:29.885+0000] {dag.py:3047} INFO - Sync 1 DAGs
[2026-03-15T18:22:29.903+0000] {logging_mixin.py:188} INFO - [2026-03-15T18:22:29.902+0000] {dag.py:3834} INFO - Setting next_dagrun for tutorial to 2026-03-14 00:00:00+00:00, run_after=2026-03-15 00:00:00+00:00
[2026-03-15T18:22:29.919+0000] {processor.py:183} INFO - Processing /home/airflow/.local/lib/python3.11/site-packages/airflow/example_dags/tutorial.py took 0.061 seconds
[2026-03-15T18:23:00.152+0000] {processor.py:161} INFO - Started process (PID=643) to work on /home/airflow/.local/lib/python3.11/site-packages/airflow/example_dags/tutorial.py
[2026-03-15T18:23:00.153+0000] {processor.py:830} INFO - Processing file /home/airflow/.local/lib/python3.11/site-packages/airflow/example_dags/tutorial.py for tasks to queue
[2026-03-15T18:23:00.155+0000] {logging_mixin.py:188} INFO - [2026-03-15T18:23:00.155+0000] {dagbag.py:540} INFO - Filling up the DagBag from /home/airflow/.local/lib/python3.11/site-packages/airflow/example_dags/tutorial.py
[2026-03-15T18:23:00.161+0000] {processor.py:840} INFO - DAG(s) 'tutorial' retrieved from /home/airflow/.local/lib/python3.11/site-packages/airflow/example_dags/tutorial.py
[2026-03-15T18:23:00.177+0000] {logging_mixin.py:188} INFO - [2026-03-15T18:23:00.177+0000] {dag.py:3047} INFO - Sync 1 DAGs
[2026-03-15T18:23:00.195+0000] {logging_mixin.py:188} INFO - [2026-03-15T18:23:00.195+0000] {dag.py:3834} INFO - Setting next_dagrun for tutorial to 2026-03-14 00:00:00+00:00, run_after=2026-03-15 00:00:00+00:00
[2026-03-15T18:23:00.209+0000] {processor.py:183} INFO - Processing /home/airflow/.local/lib/python3.11/site-packages/airflow/example_dags/tutorial.py took 0.060 seconds
[2026-03-15T18:23:25.010+0000] {processor.py:161} INFO - Started process (PID=699) to work on /home/airflow/.local/lib/python3.11/site-packages/airflow/example_dags/tutorial.py
[2026-03-15T18:23:25.011+0000] {processor.py:830} INFO - Processing file /home/airflow/.local/lib/python3.11/site-packages/airflow/example_dags/tutorial.py for tasks to queue
[2026-03-15T18:23:25.013+0000] {logging_mixin.py:188} INFO - [2026-03-15T18:23:25.012+0000] {dagbag.py:540} INFO - Filling up the DagBag from /home/airflow/.local/lib/python3.11/site-packages/airflow/example_dags/tutorial.py
[2026-03-15T18:23:25.018+0000] {processor.py:840} INFO - DAG(s) 'tutorial' retrieved from /home/airflow/.local/lib/python3.11/site-packages/airflow/example_dags/tutorial.py
[2026-03-15T18:23:25.036+0000] {logging_mixin.py:188} INFO - [2026-03-15T18:23:25.036+0000] {dag.py:3047} INFO - Sync 1 DAGs
[2026-03-15T18:23:25.053+0000] {logging_mixin.py:188} INFO - [2026-03-15T18:23:25.053+0000] {dag.py:3834} INFO - Setting next_dagrun for tutorial to 2026-03-14 00:00:00+00:00, run_after=2026-03-15 00:00:00+00:00
[2026-03-15T18:23:25.068+0000] {processor.py:183} INFO - Processing /home/airflow/.local/lib/python3.11/site-packages/airflow/example_dags/tutorial.py took 0.061 seconds
[2026-03-15T18:23:30.021+0000] {processor.py:161} INFO - Started process (PID=749) to work on /home/airflow/.local/lib/python3.11/site-packages/airflow/example_dags/tutorial.py
[2026-03-15T18:23:30.022+0000] {processor.py:830} INFO - Processing file /home/airflow/.local/lib/python3.11/site-packages/airflow/example_dags/tutorial.py for tasks to queue
[2026-03-15T18:23:30.024+0000] {logging_mixin.py:188} INFO - [2026-03-15T18:23:30.024+0000] {dagbag.py:540} INFO - Filling up the DagBag from /home/airflow/.local/lib/python3.11/site-packages/airflow/example_dags/tutorial.py
[2026-03-15T18:23:30.029+0000] {processor.py:840} INFO - DAG(s) 'tutorial' retrieved from /home/airflow/.local/lib/python3.11/site-packages/airflow/example_dags/tutorial.py
[2026-03-15T18:23:30.044+0000] {logging_mixin.py:188} INFO - [2026-03-15T18:23:30.044+0000] {dag.py:3047} INFO - Sync 1 DAGs
[2026-03-15T18:23:30.059+0000] {logging_mixin.py:188} INFO - [2026-03-15T18:23:30.059+0000] {dag.py:3834} INFO - Setting next_dagrun for tutorial to 2026-03-14 00:00:00+00:00, run_after=2026-03-15 00:00:00+00:00
[2026-03-15T18:23:30.073+0000] {processor.py:183} INFO - Processing /home/airflow/.local/lib/python3.11/site-packages/airflow/example_dags/tutorial.py took 0.055 seconds
[2026-03-15T18:24:00.367+0000] {processor.py:161} INFO - Started process (PID=799) to work on /home/airflow/.local/lib/python3.11/site-packages/airflow/example_dags/tutorial.py
[2026-03-15T18:24:00.368+0000] {processor.py:830} INFO - Processing file /home/airflow/.local/lib/python3.11/site-packages/airflow/example_dags/tutorial.py for tasks to queue
[2026-03-15T18:24:00.370+0000] {logging_mixin.py:188} INFO - [2026-03-15T18:24:00.370+0000] {dagbag.py:540} INFO - Filling up the DagBag from /home/airflow/.local/lib/python3.11/site-packages/airflow/example_dags/tutorial.py
[2026-03-15T18:24:00.376+0000] {processor.py:840} INFO - DAG(s) 'tutorial' retrieved from /home/airflow/.local/lib/python3.11/site-packages/airflow/example_dags/tutorial.py
[2026-03-15T18:24:00.394+0000] {logging_mixin.py:188} INFO - [2026-03-15T18:24:00.394+0000] {dag.py:3047} INFO - Sync 1 DAGs
[2026-03-15T18:24:00.411+0000] {logging_mixin.py:188} INFO - [2026-03-15T18:24:00.410+0000] {dag.py:3834} INFO - Setting next_dagrun for tutorial to 2026-03-14 00:00:00+00:00, run_after=2026-03-15 00:00:00+00:00
[2026-03-15T18:24:00.427+0000] {processor.py:183} INFO - Processing /home/airflow/.local/lib/python3.11/site-packages/airflow/example_dags/tutorial.py took 0.063 seconds
[2026-03-15T18:24:30.717+0000] {processor.py:161} INFO - Started process (PID=849) to work on /home/airflow/.local/lib/python3.11/site-packages/airflow/example_dags/tutorial.py
[2026-03-15T18:24:30.718+0000] {processor.py:830} INFO - Processing file /home/airflow/.local/lib/python3.11/site-packages/airflow/example_dags/tutorial.py for tasks to queue
[2026-03-15T18:24:30.719+0000] {logging_mixin.py:188} INFO - [2026-03-15T18:24:30.719+0000] {dagbag.py:540} INFO - Filling up the DagBag from /home/airflow/.local/lib/python3.11/site-packages/airflow/example_dags/tutorial.py
[2026-03-15T18:24:30.723+0000] {processor.py:840} INFO - DAG(s) 'tutorial' retrieved from /home/airflow/.local/lib/python3.11/site-packages/airflow/example_dags/tutorial.py
[2026-03-15T18:24:30.737+0000] {logging_mixin.py:188} INFO - [2026-03-15T18:24:30.737+0000] {dag.py:3047} INFO - Sync 1 DAGs
[2026-03-15T18:24:30.750+0000] {logging_mixin.py:188} INFO - [2026-03-15T18:24:30.750+0000] {dag.py:3834} INFO - Setting next_dagrun for tutorial to 2026-03-14 00:00:00+00:00, run_after=2026-03-15 00:00:00+00:00
[2026-03-15T18:24:30.764+0000] {processor.py:183} INFO - Processing /home/airflow/.local/lib/python3.11/site-packages/airflow/example_dags/tutorial.py took 0.050 seconds
[2026-03-15T18:24:35.124+0000] {processor.py:161} INFO - Started process (PID=899) to work on /home/airflow/.local/lib/python3.11/site-packages/airflow/example_dags/tutorial.py
[2026-03-15T18:24:35.126+0000] {processor.py:830} INFO - Processing file /home/airflow/.local/lib/python3.11/site-packages/airflow/example_dags/tutorial.py for tasks to queue
[2026-03-15T18:24:35.128+0000] {logging_mixin.py:188} INFO - [2026-03-15T18:24:35.127+0000] {dagbag.py:540} INFO - Filling up the DagBag from /home/airflow/.local/lib/python3.11/site-packages/airflow/example_dags/tutorial.py
[2026-03-15T18:24:35.133+0000] {processor.py:840} INFO - DAG(s) 'tutorial' retrieved from /home/airflow/.local/lib/python3.11/site-packages/airflow/example_dags/tutorial.py
[2026-03-15T18:24:35.149+0000] {logging_mixin.py:188} INFO - [2026-03-15T18:24:35.149+0000] {dag.py:3047} INFO - Sync 1 DAGs
[2026-03-15T18:24:35.164+0000] {logging_mixin.py:188} INFO - [2026-03-15T18:24:35.163+0000] {dag.py:3834} INFO - Setting next_dagrun for tutorial to 2026-03-14 00:00:00+00:00, run_after=2026-03-15 00:00:00+00:00
[2026-03-15T18:24:35.178+0000] {processor.py:183} INFO - Processing /home/airflow/.local/lib/python3.11/site-packages/airflow/example_dags/tutorial.py took 0.058 seconds
[2026-03-15T18:25:05.457+0000] {processor.py:161} INFO - Started process (PID=952) to work on /home/airflow/.local/lib/python3.11/site-packages/airflow/example_dags/tutorial.py
[2026-03-15T18:25:05.458+0000] {processor.py:830} INFO - Processing file /home/airflow/.local/lib/python3.11/site-packages/airflow/example_dags/tutorial.py for tasks to queue
[2026-03-15T18:25:05.460+0000] {logging_mixin.py:188} INFO - [2026-03-15T18:25:05.460+0000] {dagbag.py:540} INFO - Filling up the DagBag from /home/airflow/.local/lib/python3.11/site-packages/airflow/example_dags/tutorial.py
[2026-03-15T18:25:05.465+0000] {processor.py:840} INFO - DAG(s) 'tutorial' retrieved from /home/airflow/.local/lib/python3.11/site-packages/airflow/example_dags/tutorial.py
[2026-03-15T18:25:05.475+0000] {logging_mixin.py:188} INFO - [2026-03-15T18:25:05.475+0000] {dag.py:3047} INFO - Sync 1 DAGs
[2026-03-15T18:25:05.492+0000] {logging_mixin.py:188} INFO - [2026-03-15T18:25:05.492+0000] {dag.py:3834} INFO - Setting next_dagrun for tutorial to 2026-03-14 00:00:00+00:00, run_after=2026-03-15 00:00:00+00:00
[2026-03-15T18:25:05.509+0000] {processor.py:183} INFO - Processing /home/airflow/.local/lib/python3.11/site-packages/airflow/example_dags/tutorial.py took 0.055 seconds
[2026-03-15T18:25:15.994+0000] {processor.py:161} INFO - Started process (PID=1002) to work on /home/airflow/.local/lib/python3.11/site-packages/airflow/example_dags/tutorial.py
[2026-03-15T18:25:15.995+0000] {processor.py:830} INFO - Processing file /home/airflow/.local/lib/python3.11/site-packages/airflow/example_dags/tutorial.py for tasks to queue
[2026-03-15T18:25:15.997+0000] {logging_mixin.py:188} INFO - [2026-03-15T18:25:15.996+0000] {dagbag.py:540} INFO - Filling up the DagBag from /home/airflow/.local/lib/python3.11/site-packages/airflow/example_dags/tutorial.py
[2026-03-15T18:25:16.002+0000] {processor.py:840} INFO - DAG(s) 'tutorial' retrieved from /home/airflow/.local/lib/python3.11/site-packages/airflow/example_dags/tutorial.py
[2026-03-15T18:25:16.077+0000] {logging_mixin.py:188} INFO - [2026-03-15T18:25:16.076+0000] {dag.py:3047} INFO - Sync 1 DAGs
[2026-03-15T18:25:16.090+0000] {logging_mixin.py:188} INFO - [2026-03-15T18:25:16.089+0000] {dag.py:3834} INFO - Setting next_dagrun for tutorial to 2026-03-14 00:00:00+00:00, run_after=2026-03-15 00:00:00+00:00
[2026-03-15T18:25:16.108+0000] {processor.py:183} INFO - Processing /home/airflow/.local/lib/python3.11/site-packages/airflow/example_dags/tutorial.py took 0.118 seconds
[2026-03-15T18:25:20.218+0000] {processor.py:161} INFO - Started process (PID=1050) to work on /home/airflow/.local/lib/python3.11/site-packages/airflow/example_dags/tutorial.py
[2026-03-15T18:25:20.219+0000] {processor.py:830} INFO - Processing file /home/airflow/.local/lib/python3.11/site-packages/airflow/example_dags/tutorial.py for tasks to queue
[2026-03-15T18:25:20.220+0000] {logging_mixin.py:188} INFO - [2026-03-15T18:25:20.220+0000] {dagbag.py:540} INFO - Filling up the DagBag from /home/airflow/.local/lib/python3.11/site-packages/airflow/example_dags/tutorial.py
[2026-03-15T18:25:20.225+0000] {processor.py:840} INFO - DAG(s) 'tutorial' retrieved from /home/airflow/.local/lib/python3.11/site-packages/airflow/example_dags/tutorial.py
[2026-03-15T18:25:20.234+0000] {logging_mixin.py:188} INFO - [2026-03-15T18:25:20.234+0000] {dag.py:3047} INFO - Sync 1 DAGs
[2026-03-15T18:25:20.249+0000] {logging_mixin.py:188} INFO - [2026-03-15T18:25:20.249+0000] {dag.py:3834} INFO - Setting next_dagrun for tutorial to 2026-03-14 00:00:00+00:00, run_after=2026-03-15 00:00:00+00:00
[2026-03-15T18:25:20.264+0000] {processor.py:183} INFO - Processing /home/airflow/.local/lib/python3.11/site-packages/airflow/example_dags/tutorial.py took 0.049 seconds
[2026-03-15T18:25:25.206+0000] {processor.py:161} INFO - Started process (PID=1096) to work on /home/airflow/.local/lib/python3.11/site-packages/airflow/example_dags/tutorial.py
[2026-03-15T18:25:25.207+0000] {processor.py:830} INFO - Processing file /home/airflow/.local/lib/python3.11/site-packages/airflow/example_dags/tutorial.py for tasks to queue
[2026-03-15T18:25:25.208+0000] {logging_mixin.py:188} INFO - [2026-03-15T18:25:25.208+0000] {dagbag.py:540} INFO - Filling up the DagBag from /home/airflow/.local/lib/python3.11/site-packages/airflow/example_dags/tutorial.py
[2026-03-15T18:25:25.213+0000] {processor.py:840} INFO - DAG(s) 'tutorial' retrieved from /home/airflow/.local/lib/python3.11/site-packages/airflow/example_dags/tutorial.py
[2026-03-15T18:25:25.222+0000] {logging_mixin.py:188} INFO - [2026-03-15T18:25:25.222+0000] {dag.py:3047} INFO - Sync 1 DAGs
[2026-03-15T18:25:25.238+0000] {logging_mixin.py:188} INFO - [2026-03-15T18:25:25.237+0000] {dag.py:3834} INFO - Setting next_dagrun for tutorial to 2026-03-14 00:00:00+00:00, run_after=2026-03-15 00:00:00+00:00
[2026-03-15T18:25:25.250+0000] {processor.py:183} INFO - Processing /home/airflow/.local/lib/python3.11/site-packages/airflow/example_dags/tutorial.py took 0.047 seconds
[2026-03-15T18:25:55.459+0000] {processor.py:161} INFO - Started process (PID=1148) to work on /home/airflow/.local/lib/python3.11/site-packages/airflow/example_dags/tutorial.py
[2026-03-15T18:25:55.460+0000] {processor.py:830} INFO - Processing file /home/airflow/.local/lib/python3.11/site-packages/airflow/example_dags/tutorial.py for tasks to queue
[2026-03-15T18:25:55.461+0000] {logging_mixin.py:188} INFO - [2026-03-15T18:25:55.461+0000] {dagbag.py:540} INFO - Filling up the DagBag from /home/airflow/.local/lib/python3.11/site-packages/airflow/example_dags/tutorial.py
[2026-03-15T18:25:55.466+0000] {processor.py:840} INFO - DAG(s) 'tutorial' retrieved from /home/airflow/.local/lib/python3.11/site-packages/airflow/example_dags/tutorial.py
[2026-03-15T18:25:55.483+0000] {logging_mixin.py:188} INFO - [2026-03-15T18:25:55.482+0000] {dag.py:3047} INFO - Sync 1 DAGs
[2026-03-15T18:25:55.498+0000] {logging_mixin.py:188} INFO - [2026-03-15T18:25:55.498+0000] {dag.py:3834} INFO - Setting next_dagrun for tutorial to 2026-03-14 00:00:00+00:00, run_after=2026-03-15 00:00:00+00:00
[2026-03-15T18:25:55.513+0000] {processor.py:183} INFO - Processing /home/airflow/.local/lib/python3.11/site-packages/airflow/example_dags/tutorial.py took 0.057 seconds
[2026-03-15T18:26:17.860+0000] {processor.py:161} INFO - Started process (PID=1202) to work on /home/airflow/.local/lib/python3.11/site-packages/airflow/example_dags/tutorial.py
[2026-03-15T18:26:17.861+0000] {processor.py:830} INFO - Processing file /home/airflow/.local/lib/python3.11/site-packages/airflow/example_dags/tutorial.py for tasks to queue
[2026-03-15T18:26:17.864+0000] {logging_mixin.py:188} INFO - [2026-03-15T18:26:17.863+0000] {dagbag.py:540} INFO - Filling up the DagBag from /home/airflow/.local/lib/python3.11/site-packages/airflow/example_dags/tutorial.py
[2026-03-15T18:26:17.869+0000] {processor.py:840} INFO - DAG(s) 'tutorial' retrieved from /home/airflow/.local/lib/python3.11/site-packages/airflow/example_dags/tutorial.py
[2026-03-15T18:26:17.887+0000] {logging_mixin.py:188} INFO - [2026-03-15T18:26:17.887+0000] {dag.py:3047} INFO - Sync 1 DAGs
[2026-03-15T18:26:17.904+0000] {logging_mixin.py:188} INFO - [2026-03-15T18:26:17.904+0000] {dag.py:3834} INFO - Setting next_dagrun for tutorial to 2026-03-14 00:00:00+00:00, run_after=2026-03-15 00:00:00+00:00
[2026-03-15T18:26:17.932+0000] {processor.py:183} INFO - Processing /home/airflow/.local/lib/python3.11/site-packages/airflow/example_dags/tutorial.py took 0.076 seconds
[2026-03-15T18:26:20.361+0000] {processor.py:161} INFO - Started process (PID=1252) to work on /home/airflow/.local/lib/python3.11/site-packages/airflow/example_dags/tutorial.py
[2026-03-15T18:26:20.362+0000] {processor.py:830} INFO - Processing file /home/airflow/.local/lib/python3.11/site-packages/airflow/example_dags/tutorial.py for tasks to queue
[2026-03-15T18:26:20.363+0000] {logging_mixin.py:188} INFO - [2026-03-15T18:26:20.363+0000] {dagbag.py:540} INFO - Filling up the DagBag from /home/airflow/.local/lib/python3.11/site-packages/airflow/example_dags/tutorial.py
[2026-03-15T18:26:20.369+0000] {processor.py:840} INFO - DAG(s) 'tutorial' retrieved from /home/airflow/.local/lib/python3.11/site-packages/airflow/example_dags/tutorial.py
[2026-03-15T18:26:20.384+0000] {logging_mixin.py:188} INFO - [2026-03-15T18:26:20.384+0000] {dag.py:3047} INFO - Sync 1 DAGs
[2026-03-15T18:26:20.398+0000] {logging_mixin.py:188} INFO - [2026-03-15T18:26:20.398+0000] {dag.py:3834} INFO - Setting next_dagrun for tutorial to 2026-03-14 00:00:00+00:00, run_after=2026-03-15 00:00:00+00:00
[2026-03-15T18:26:20.417+0000] {processor.py:183} INFO - Processing /home/airflow/.local/lib/python3.11/site-packages/airflow/example_dags/tutorial.py took 0.059 seconds
[2026-03-15T18:26:35.544+0000] {processor.py:161} INFO - Started process (PID=1304) to work on /home/airflow/.local/lib/python3.11/site-packages/airflow/example_dags/tutorial.py
[2026-03-15T18:26:35.545+0000] {processor.py:830} INFO - Processing file /home/airflow/.local/lib/python3.11/site-packages/airflow/example_dags/tutorial.py for tasks to queue
[2026-03-15T18:26:35.547+0000] {logging_mixin.py:188} INFO - [2026-03-15T18:26:35.547+0000] {dagbag.py:540} INFO - Filling up the DagBag from /home/airflow/.local/lib/python3.11/site-packages/airflow/example_dags/tutorial.py
[2026-03-15T18:26:35.552+0000] {processor.py:840} INFO - DAG(s) 'tutorial' retrieved from /home/airflow/.local/lib/python3.11/site-packages/airflow/example_dags/tutorial.py
[2026-03-15T18:26:35.568+0000] {logging_mixin.py:188} INFO - [2026-03-15T18:26:35.568+0000] {dag.py:3047} INFO - Sync 1 DAGs
[2026-03-15T18:26:35.582+0000] {logging_mixin.py:188} INFO - [2026-03-15T18:26:35.582+0000] {dag.py:3834} INFO - Setting next_dagrun for tutorial to 2026-03-14 00:00:00+00:00, run_after=2026-03-15 00:00:00+00:00
[2026-03-15T18:26:35.598+0000] {processor.py:183} INFO - Processing /home/airflow/.local/lib/python3.11/site-packages/airflow/example_dags/tutorial.py took 0.057 seconds
[2026-03-15T18:27:29.885+0000] {processor.py:161} INFO - Started process (PID=1350) to work on /home/airflow/.local/lib/python3.11/site-packages/airflow/example_dags/tutorial.py
[2026-03-15T18:27:29.886+0000] {processor.py:830} INFO - Processing file /home/airflow/.local/lib/python3.11/site-packages/airflow/example_dags/tutorial.py for tasks to queue
[2026-03-15T18:27:29.888+0000] {logging_mixin.py:188} INFO - [2026-03-15T18:27:29.888+0000] {dagbag.py:540} INFO - Filling up the DagBag from /home/airflow/.local/lib/python3.11/site-packages/airflow/example_dags/tutorial.py
[2026-03-15T18:27:29.893+0000] {processor.py:840} INFO - DAG(s) 'tutorial' retrieved from /home/airflow/.local/lib/python3.11/site-packages/airflow/example_dags/tutorial.py
[2026-03-15T18:27:29.907+0000] {logging_mixin.py:188} INFO - [2026-03-15T18:27:29.907+0000] {dag.py:3047} INFO - Sync 1 DAGs
[2026-03-15T18:27:29.921+0000] {logging_mixin.py:188} INFO - [2026-03-15T18:27:29.921+0000] {dag.py:3834} INFO - Setting next_dagrun for tutorial to 2026-03-14 00:00:00+00:00, run_after=2026-03-15 00:00:00+00:00
[2026-03-15T18:27:29.936+0000] {processor.py:183} INFO - Processing /home/airflow/.local/lib/python3.11/site-packages/airflow/example_dags/tutorial.py took 0.054 seconds
[2026-03-15T18:27:40.613+0000] {processor.py:161} INFO - Started process (PID=1414) to work on /home/airflow/.local/lib/python3.11/site-packages/airflow/example_dags/tutorial.py
[2026-03-15T18:27:40.614+0000] {processor.py:830} INFO - Processing file /home/airflow/.local/lib/python3.11/site-packages/airflow/example_dags/tutorial.py for tasks to queue
[2026-03-15T18:27:40.616+0000] {logging_mixin.py:188} INFO - [2026-03-15T18:27:40.616+0000] {dagbag.py:540} INFO - Filling up the DagBag from /home/airflow/.local/lib/python3.11/site-packages/airflow/example_dags/tutorial.py
[2026-03-15T18:27:40.622+0000] {processor.py:840} INFO - DAG(s) 'tutorial' retrieved from /home/airflow/.local/lib/python3.11/site-packages/airflow/example_dags/tutorial.py
[2026-03-15T18:27:40.643+0000] {logging_mixin.py:188} INFO - [2026-03-15T18:27:40.643+0000] {dag.py:3047} INFO - Sync 1 DAGs
[2026-03-15T18:27:40.670+0000] {logging_mixin.py:188} INFO - [2026-03-15T18:27:40.670+0000] {dag.py:3834} INFO - Setting next_dagrun for tutorial to 2026-03-14 00:00:00+00:00, run_after=2026-03-15 00:00:00+00:00
[2026-03-15T18:27:40.688+0000] {processor.py:183} INFO - Processing /home/airflow/.local/lib/python3.11/site-packages/airflow/example_dags/tutorial.py took 0.078 seconds
[2026-03-15T18:28:12.058+0000] {processor.py:161} INFO - Started process (PID=1466) to work on /home/airflow/.local/lib/python3.11/site-packages/airflow/example_dags/tutorial.py
[2026-03-15T18:28:12.060+0000] {processor.py:830} INFO - Processing file /home/airflow/.local/lib/python3.11/site-packages/airflow/example_dags/tutorial.py for tasks to queue
[2026-03-15T18:28:12.063+0000] {logging_mixin.py:188} INFO - [2026-03-15T18:28:12.063+0000] {dagbag.py:540} INFO - Filling up the DagBag from /home/airflow/.local/lib/python3.11/site-packages/airflow/example_dags/tutorial.py
[2026-03-15T18:28:12.074+0000] {processor.py:840} INFO - DAG(s) 'tutorial' retrieved from /home/airflow/.local/lib/python3.11/site-packages/airflow/example_dags/tutorial.py
[2026-03-15T18:28:12.109+0000] {logging_mixin.py:188} INFO - [2026-03-15T18:28:12.109+0000] {dag.py:3047} INFO - Sync 1 DAGs
[2026-03-15T18:28:12.144+0000] {logging_mixin.py:188} INFO - [2026-03-15T18:28:12.143+0000] {dag.py:3834} INFO - Setting next_dagrun for tutorial to 2026-03-14 00:00:00+00:00, run_after=2026-03-15 00:00:00+00:00
[2026-03-15T18:28:12.193+0000] {processor.py:183} INFO - Processing /home/airflow/.local/lib/python3.11/site-packages/airflow/example_dags/tutorial.py took 0.139 seconds
[2026-03-15T18:28:42.346+0000] {processor.py:161} INFO - Started process (PID=1518) to work on /home/airflow/.local/lib/python3.11/site-packages/airflow/example_dags/tutorial.py
[2026-03-15T18:28:42.346+0000] {processor.py:830} INFO - Processing file /home/airflow/.local/lib/python3.11/site-packages/airflow/example_dags/tutorial.py for tasks to queue
[2026-03-15T18:28:42.348+0000] {logging_mixin.py:188} INFO - [2026-03-15T18:28:42.348+0000] {dagbag.py:540} INFO - Filling up the DagBag from /home/airflow/.local/lib/python3.11/site-packages/airflow/example_dags/tutorial.py
[2026-03-15T18:28:42.353+0000] {processor.py:840} INFO - DAG(s) 'tutorial' retrieved from /home/airflow/.local/lib/python3.11/site-packages/airflow/example_dags/tutorial.py
[2026-03-15T18:28:42.368+0000] {logging_mixin.py:188} INFO - [2026-03-15T18:28:42.368+0000] {dag.py:3047} INFO - Sync 1 DAGs
[2026-03-15T18:28:42.385+0000] {logging_mixin.py:188} INFO - [2026-03-15T18:28:42.385+0000] {dag.py:3834} INFO - Setting next_dagrun for tutorial to 2026-03-14 00:00:00+00:00, run_after=2026-03-15 00:00:00+00:00
[2026-03-15T18:28:42.399+0000] {processor.py:183} INFO - Processing /home/airflow/.local/lib/python3.11/site-packages/airflow/example_dags/tutorial.py took 0.057 seconds
[2026-03-15T18:28:45.532+0000] {processor.py:161} INFO - Started process (PID=1566) to work on /home/airflow/.local/lib/python3.11/site-packages/airflow/example_dags/tutorial.py
[2026-03-15T18:28:45.533+0000] {processor.py:830} INFO - Processing file /home/airflow/.local/lib/python3.11/site-packages/airflow/example_dags/tutorial.py for tasks to queue
[2026-03-15T18:28:45.535+0000] {logging_mixin.py:188} INFO - [2026-03-15T18:28:45.535+0000] {dagbag.py:540} INFO - Filling up the DagBag from /home/airflow/.local/lib/python3.11/site-packages/airflow/example_dags/tutorial.py
[2026-03-15T18:28:45.540+0000] {processor.py:840} INFO - DAG(s) 'tutorial' retrieved from /home/airflow/.local/lib/python3.11/site-packages/airflow/example_dags/tutorial.py
[2026-03-15T18:28:45.555+0000] {logging_mixin.py:188} INFO - [2026-03-15T18:28:45.555+0000] {dag.py:3047} INFO - Sync 1 DAGs
[2026-03-15T18:28:45.570+0000] {logging_mixin.py:188} INFO - [2026-03-15T18:28:45.570+0000] {dag.py:3834} INFO - Setting next_dagrun for tutorial to 2026-03-14 00:00:00+00:00, run_after=2026-03-15 00:00:00+00:00
[2026-03-15T18:28:45.584+0000] {processor.py:183} INFO - Processing /home/airflow/.local/lib/python3.11/site-packages/airflow/example_dags/tutorial.py took 0.054 seconds
[2026-03-15T18:29:16.056+0000] {processor.py:161} INFO - Started process (PID=1618) to work on /home/airflow/.local/lib/python3.11/site-packages/airflow/example_dags/tutorial.py
[2026-03-15T18:29:16.057+0000] {processor.py:830} INFO - Processing file /home/airflow/.local/lib/python3.11/site-packages/airflow/example_dags/tutorial.py for tasks to queue
[2026-03-15T18:29:16.060+0000] {logging_mixin.py:188} INFO - [2026-03-15T18:29:16.059+0000] {dagbag.py:540} INFO - Filling up the DagBag from /home/airflow/.local/lib/python3.11/site-packages/airflow/example_dags/tutorial.py
[2026-03-15T18:29:16.065+0000] {processor.py:840} INFO - DAG(s) 'tutorial' retrieved from /home/airflow/.local/lib/python3.11/site-packages/airflow/example_dags/tutorial.py
[2026-03-15T18:29:16.082+0000] {logging_mixin.py:188} INFO - [2026-03-15T18:29:16.082+0000] {dag.py:3047} INFO - Sync 1 DAGs
[2026-03-15T18:29:16.101+0000] {logging_mixin.py:188} INFO - [2026-03-15T18:29:16.100+0000] {dag.py:3834} INFO - Setting next_dagrun for tutorial to 2026-03-14 00:00:00+00:00, run_after=2026-03-15 00:00:00+00:00
[2026-03-15T18:29:16.124+0000] {processor.py:183} INFO - Processing /home/airflow/.local/lib/python3.11/site-packages/airflow/example_dags/tutorial.py took 0.071 seconds
[2026-03-15T18:29:17.587+0000] {processor.py:161} INFO - Started process (PID=1649) to work on /home/airflow/.local/lib/python3.11/site-packages/airflow/example_dags/tutorial.py
[2026-03-15T18:29:17.588+0000] {processor.py:830} INFO - Processing file /home/airflow/.local/lib/python3.11/site-packages/airflow/example_dags/tutorial.py for tasks to queue
[2026-03-15T18:29:17.590+0000] {logging_mixin.py:188} INFO - [2026-03-15T18:29:17.589+0000] {dagbag.py:540} INFO - Filling up the DagBag from /home/airflow/.local/lib/python3.11/site-packages/airflow/example_dags/tutorial.py
[2026-03-15T18:29:17.595+0000] {processor.py:840} INFO - DAG(s) 'tutorial' retrieved from /home/airflow/.local/lib/python3.11/site-packages/airflow/example_dags/tutorial.py
[2026-03-15T18:29:17.611+0000] {logging_mixin.py:188} INFO - [2026-03-15T18:29:17.611+0000] {dag.py:3047} INFO - Sync 1 DAGs
[2026-03-15T18:29:17.626+0000] {logging_mixin.py:188} INFO - [2026-03-15T18:29:17.626+0000] {dag.py:3834} INFO - Setting next_dagrun for tutorial to 2026-03-14 00:00:00+00:00, run_after=2026-03-15 00:00:00+00:00
[2026-03-15T18:29:17.640+0000] {processor.py:183} INFO - Processing /home/airflow/.local/lib/python3.11/site-packages/airflow/example_dags/tutorial.py took 0.056 seconds
[2026-03-15T18:29:20.403+0000] {processor.py:161} INFO - Started process (PID=1689) to work on /home/airflow/.local/lib/python3.11/site-packages/airflow/example_dags/tutorial.py
[2026-03-15T18:29:20.404+0000] {processor.py:830} INFO - Processing file /home/airflow/.local/lib/python3.11/site-packages/airflow/example_dags/tutorial.py for tasks to queue
[2026-03-15T18:29:20.406+0000] {logging_mixin.py:188} INFO - [2026-03-15T18:29:20.406+0000] {dagbag.py:540} INFO - Filling up the DagBag from /home/airflow/.local/lib/python3.11/site-packages/airflow/example_dags/tutorial.py
[2026-03-15T18:29:20.411+0000] {processor.py:840} INFO - DAG(s) 'tutorial' retrieved from /home/airflow/.local/lib/python3.11/site-packages/airflow/example_dags/tutorial.py
[2026-03-15T18:29:20.427+0000] {logging_mixin.py:188} INFO - [2026-03-15T18:29:20.427+0000] {dag.py:3047} INFO - Sync 1 DAGs
[2026-03-15T18:29:20.442+0000] {logging_mixin.py:188} INFO - [2026-03-15T18:29:20.442+0000] {dag.py:3834} INFO - Setting next_dagrun for tutorial to 2026-03-14 00:00:00+00:00, run_after=2026-03-15 00:00:00+00:00
[2026-03-15T18:29:20.457+0000] {processor.py:183} INFO - Processing /home/airflow/.local/lib/python3.11/site-packages/airflow/example_dags/tutorial.py took 0.057 seconds
[2026-03-15T18:29:50.731+0000] {processor.py:161} INFO - Started process (PID=1736) to work on /home/airflow/.local/lib/python3.11/site-packages/airflow/example_dags/tutorial.py
[2026-03-15T18:29:50.732+0000] {processor.py:830} INFO - Processing file /home/airflow/.local/lib/python3.11/site-packages/airflow/example_dags/tutorial.py for tasks to queue
[2026-03-15T18:29:50.733+0000] {logging_mixin.py:188} INFO - [2026-03-15T18:29:50.733+0000] {dagbag.py:540} INFO - Filling up the DagBag from /home/airflow/.local/lib/python3.11/site-packages/airflow/example_dags/tutorial.py
[2026-03-15T18:29:50.738+0000] {processor.py:840} INFO - DAG(s) 'tutorial' retrieved from /home/airflow/.local/lib/python3.11/site-packages/airflow/example_dags/tutorial.py
[2026-03-15T18:29:50.751+0000] {logging_mixin.py:188} INFO - [2026-03-15T18:29:50.751+0000] {dag.py:3047} INFO - Sync 1 DAGs
[2026-03-15T18:29:50.764+0000] {logging_mixin.py:188} INFO - [2026-03-15T18:29:50.764+0000] {dag.py:3834} INFO - Setting next_dagrun for tutorial to 2026-03-14 00:00:00+00:00, run_after=2026-03-15 00:00:00+00:00
[2026-03-15T18:29:50.777+0000] {processor.py:183} INFO - Processing /home/airflow/.local/lib/python3.11/site-packages/airflow/example_dags/tutorial.py took 0.048 seconds
[2026-03-15T18:29:55.864+0000] {processor.py:161} INFO - Started process (PID=1783) to work on /home/airflow/.local/lib/python3.11/site-packages/airflow/example_dags/tutorial.py
[2026-03-15T18:29:55.865+0000] {processor.py:830} INFO - Processing file /home/airflow/.local/lib/python3.11/site-packages/airflow/example_dags/tutorial.py for tasks to queue
[2026-03-15T18:29:55.867+0000] {logging_mixin.py:188} INFO - [2026-03-15T18:29:55.867+0000] {dagbag.py:540} INFO - Filling up the DagBag from /home/airflow/.local/lib/python3.11/site-packages/airflow/example_dags/tutorial.py
[2026-03-15T18:29:55.872+0000] {processor.py:840} INFO - DAG(s) 'tutorial' retrieved from /home/airflow/.local/lib/python3.11/site-packages/airflow/example_dags/tutorial.py
[2026-03-15T18:29:55.887+0000] {logging_mixin.py:188} INFO - [2026-03-15T18:29:55.887+0000] {dag.py:3047} INFO - Sync 1 DAGs
[2026-03-15T18:29:55.903+0000] {logging_mixin.py:188} INFO - [2026-03-15T18:29:55.903+0000] {dag.py:3834} INFO - Setting next_dagrun for tutorial to 2026-03-14 00:00:00+00:00, run_after=2026-03-15 00:00:00+00:00
[2026-03-15T18:29:55.918+0000] {processor.py:183} INFO - Processing /home/airflow/.local/lib/python3.11/site-packages/airflow/example_dags/tutorial.py took 0.056 seconds
[2026-03-15T18:31:05.332+0000] {processor.py:161} INFO - Started process (PID=69) to work on /home/airflow/.local/lib/python3.11/site-packages/airflow/example_dags/tutorial.py
[2026-03-15T18:31:05.334+0000] {processor.py:830} INFO - Processing file /home/airflow/.local/lib/python3.11/site-packages/airflow/example_dags/tutorial.py for tasks to queue
[2026-03-15T18:31:05.336+0000] {logging_mixin.py:188} INFO - [2026-03-15T18:31:05.336+0000] {dagbag.py:540} INFO - Filling up the DagBag from /home/airflow/.local/lib/python3.11/site-packages/airflow/example_dags/tutorial.py
[2026-03-15T18:31:05.347+0000] {processor.py:840} INFO - DAG(s) 'tutorial' retrieved from /home/airflow/.local/lib/python3.11/site-packages/airflow/example_dags/tutorial.py
[2026-03-15T18:31:05.363+0000] {logging_mixin.py:188} INFO - [2026-03-15T18:31:05.363+0000] {dag.py:3047} INFO - Sync 1 DAGs
[2026-03-15T18:31:05.389+0000] {logging_mixin.py:188} INFO - [2026-03-15T18:31:05.388+0000] {dag.py:3834} INFO - Setting next_dagrun for tutorial to 2026-03-14 00:00:00+00:00, run_after=2026-03-15 00:00:00+00:00
[2026-03-15T18:31:05.407+0000] {processor.py:183} INFO - Processing /home/airflow/.local/lib/python3.11/site-packages/airflow/example_dags/tutorial.py took 0.078 seconds
[2026-03-15T18:32:07.645+0000] {processor.py:161} INFO - Started process (PID=69) to work on /home/airflow/.local/lib/python3.11/site-packages/airflow/example_dags/tutorial.py
[2026-03-15T18:32:07.646+0000] {processor.py:830} INFO - Processing file /home/airflow/.local/lib/python3.11/site-packages/airflow/example_dags/tutorial.py for tasks to queue
[2026-03-15T18:32:07.649+0000] {logging_mixin.py:188} INFO - [2026-03-15T18:32:07.648+0000] {dagbag.py:540} INFO - Filling up the DagBag from /home/airflow/.local/lib/python3.11/site-packages/airflow/example_dags/tutorial.py
[2026-03-15T18:32:07.661+0000] {processor.py:840} INFO - DAG(s) 'tutorial' retrieved from /home/airflow/.local/lib/python3.11/site-packages/airflow/example_dags/tutorial.py
[2026-03-15T18:32:07.675+0000] {logging_mixin.py:188} INFO - [2026-03-15T18:32:07.675+0000] {dag.py:3047} INFO - Sync 1 DAGs
[2026-03-15T18:32:07.696+0000] {logging_mixin.py:188} INFO - [2026-03-15T18:32:07.696+0000] {dag.py:3834} INFO - Setting next_dagrun for tutorial to 2026-03-14 00:00:00+00:00, run_after=2026-03-15 00:00:00+00:00
[2026-03-15T18:32:07.716+0000] {processor.py:183} INFO - Processing /home/airflow/.local/lib/python3.11/site-packages/airflow/example_dags/tutorial.py took 0.075 seconds
[2026-03-15T18:32:16.306+0000] {processor.py:161} INFO - Started process (PID=125) to work on /home/airflow/.local/lib/python3.11/site-packages/airflow/example_dags/tutorial.py
[2026-03-15T18:32:16.307+0000] {processor.py:830} INFO - Processing file /home/airflow/.local/lib/python3.11/site-packages/airflow/example_dags/tutorial.py for tasks to queue
[2026-03-15T18:32:16.309+0000] {logging_mixin.py:188} INFO - [2026-03-15T18:32:16.309+0000] {dagbag.py:540} INFO - Filling up the DagBag from /home/airflow/.local/lib/python3.11/site-packages/airflow/example_dags/tutorial.py
[2026-03-15T18:32:16.315+0000] {processor.py:840} INFO - DAG(s) 'tutorial' retrieved from /home/airflow/.local/lib/python3.11/site-packages/airflow/example_dags/tutorial.py
[2026-03-15T18:32:16.326+0000] {logging_mixin.py:188} INFO - [2026-03-15T18:32:16.326+0000] {dag.py:3047} INFO - Sync 1 DAGs
[2026-03-15T18:32:16.345+0000] {logging_mixin.py:188} INFO - [2026-03-15T18:32:16.345+0000] {dag.py:3834} INFO - Setting next_dagrun for tutorial to 2026-03-14 00:00:00+00:00, run_after=2026-03-15 00:00:00+00:00
[2026-03-15T18:32:16.363+0000] {processor.py:183} INFO - Processing /home/airflow/.local/lib/python3.11/site-packages/airflow/example_dags/tutorial.py took 0.060 seconds
[2026-03-15T18:33:10.671+0000] {processor.py:161} INFO - Started process (PID=175) to work on /home/airflow/.local/lib/python3.11/site-packages/airflow/example_dags/tutorial.py
[2026-03-15T18:33:10.672+0000] {processor.py:830} INFO - Processing file /home/airflow/.local/lib/python3.11/site-packages/airflow/example_dags/tutorial.py for tasks to queue
[2026-03-15T18:33:10.674+0000] {logging_mixin.py:188} INFO - [2026-03-15T18:33:10.673+0000] {dagbag.py:540} INFO - Filling up the DagBag from /home/airflow/.local/lib/python3.11/site-packages/airflow/example_dags/tutorial.py
[2026-03-15T18:33:10.679+0000] {processor.py:840} INFO - DAG(s) 'tutorial' retrieved from /home/airflow/.local/lib/python3.11/site-packages/airflow/example_dags/tutorial.py
[2026-03-15T18:33:10.746+0000] {logging_mixin.py:188} INFO - [2026-03-15T18:33:10.745+0000] {dag.py:3047} INFO - Sync 1 DAGs
[2026-03-15T18:33:10.759+0000] {logging_mixin.py:188} INFO - [2026-03-15T18:33:10.758+0000] {dag.py:3834} INFO - Setting next_dagrun for tutorial to 2026-03-14 00:00:00+00:00, run_after=2026-03-15 00:00:00+00:00
[2026-03-15T18:33:10.773+0000] {processor.py:183} INFO - Processing /home/airflow/.local/lib/python3.11/site-packages/airflow/example_dags/tutorial.py took 0.104 seconds
[2026-03-15T18:33:17.693+0000] {processor.py:161} INFO - Started process (PID=235) to work on /home/airflow/.local/lib/python3.11/site-packages/airflow/example_dags/tutorial.py
[2026-03-15T18:33:17.694+0000] {processor.py:830} INFO - Processing file /home/airflow/.local/lib/python3.11/site-packages/airflow/example_dags/tutorial.py for tasks to queue
[2026-03-15T18:33:17.696+0000] {logging_mixin.py:188} INFO - [2026-03-15T18:33:17.696+0000] {dagbag.py:540} INFO - Filling up the DagBag from /home/airflow/.local/lib/python3.11/site-packages/airflow/example_dags/tutorial.py
[2026-03-15T18:33:17.701+0000] {processor.py:840} INFO - DAG(s) 'tutorial' retrieved from /home/airflow/.local/lib/python3.11/site-packages/airflow/example_dags/tutorial.py
[2026-03-15T18:33:17.712+0000] {logging_mixin.py:188} INFO - [2026-03-15T18:33:17.712+0000] {dag.py:3047} INFO - Sync 1 DAGs
[2026-03-15T18:33:17.729+0000] {logging_mixin.py:188} INFO - [2026-03-15T18:33:17.728+0000] {dag.py:3834} INFO - Setting next_dagrun for tutorial to 2026-03-14 00:00:00+00:00, run_after=2026-03-15 00:00:00+00:00
[2026-03-15T18:33:17.744+0000] {processor.py:183} INFO - Processing /home/airflow/.local/lib/python3.11/site-packages/airflow/example_dags/tutorial.py took 0.054 seconds
[2026-03-15T18:33:47.834+0000] {processor.py:161} INFO - Started process (PID=291) to work on /home/airflow/.local/lib/python3.11/site-packages/airflow/example_dags/tutorial.py
[2026-03-15T18:33:47.835+0000] {processor.py:830} INFO - Processing file /home/airflow/.local/lib/python3.11/site-packages/airflow/example_dags/tutorial.py for tasks to queue
[2026-03-15T18:33:47.838+0000] {logging_mixin.py:188} INFO - [2026-03-15T18:33:47.837+0000] {dagbag.py:540} INFO - Filling up the DagBag from /home/airflow/.local/lib/python3.11/site-packages/airflow/example_dags/tutorial.py
[2026-03-15T18:33:47.844+0000] {processor.py:840} INFO - DAG(s) 'tutorial' retrieved from /home/airflow/.local/lib/python3.11/site-packages/airflow/example_dags/tutorial.py
[2026-03-15T18:33:47.861+0000] {logging_mixin.py:188} INFO - [2026-03-15T18:33:47.860+0000] {dag.py:3047} INFO - Sync 1 DAGs
[2026-03-15T18:33:47.876+0000] {logging_mixin.py:188} INFO - [2026-03-15T18:33:47.876+0000] {dag.py:3834} INFO - Setting next_dagrun for tutorial to 2026-03-14 00:00:00+00:00, run_after=2026-03-15 00:00:00+00:00
[2026-03-15T18:33:47.894+0000] {processor.py:183} INFO - Processing /home/airflow/.local/lib/python3.11/site-packages/airflow/example_dags/tutorial.py took 0.063 seconds
[2026-03-15T18:34:43.862+0000] {processor.py:161} INFO - Started process (PID=57) to work on /home/airflow/.local/lib/python3.11/site-packages/airflow/example_dags/tutorial.py
[2026-03-15T18:34:43.863+0000] {processor.py:830} INFO - Processing file /home/airflow/.local/lib/python3.11/site-packages/airflow/example_dags/tutorial.py for tasks to queue
[2026-03-15T18:34:43.866+0000] {logging_mixin.py:188} INFO - [2026-03-15T18:34:43.866+0000] {dagbag.py:540} INFO - Filling up the DagBag from /home/airflow/.local/lib/python3.11/site-packages/airflow/example_dags/tutorial.py
[2026-03-15T18:34:43.877+0000] {processor.py:840} INFO - DAG(s) 'tutorial' retrieved from /home/airflow/.local/lib/python3.11/site-packages/airflow/example_dags/tutorial.py
[2026-03-15T18:34:43.890+0000] {logging_mixin.py:188} INFO - [2026-03-15T18:34:43.890+0000] {dag.py:3047} INFO - Sync 1 DAGs
[2026-03-15T18:34:43.911+0000] {logging_mixin.py:188} INFO - [2026-03-15T18:34:43.911+0000] {dag.py:3834} INFO - Setting next_dagrun for tutorial to 2026-03-14 00:00:00+00:00, run_after=2026-03-15 00:00:00+00:00
[2026-03-15T18:34:43.935+0000] {processor.py:183} INFO - Processing /home/airflow/.local/lib/python3.11/site-packages/airflow/example_dags/tutorial.py took 0.080 seconds
[2026-03-15T18:34:48.089+0000] {processor.py:161} INFO - Started process (PID=107) to work on /home/airflow/.local/lib/python3.11/site-packages/airflow/example_dags/tutorial.py
[2026-03-15T18:34:48.093+0000] {processor.py:830} INFO - Processing file /home/airflow/.local/lib/python3.11/site-packages/airflow/example_dags/tutorial.py for tasks to queue
[2026-03-15T18:34:48.095+0000] {logging_mixin.py:188} INFO - [2026-03-15T18:34:48.095+0000] {dagbag.py:540} INFO - Filling up the DagBag from /home/airflow/.local/lib/python3.11/site-packages/airflow/example_dags/tutorial.py
[2026-03-15T18:34:48.101+0000] {processor.py:840} INFO - DAG(s) 'tutorial' retrieved from /home/airflow/.local/lib/python3.11/site-packages/airflow/example_dags/tutorial.py
[2026-03-15T18:34:48.113+0000] {logging_mixin.py:188} INFO - [2026-03-15T18:34:48.113+0000] {dag.py:3047} INFO - Sync 1 DAGs
[2026-03-15T18:34:48.133+0000] {logging_mixin.py:188} INFO - [2026-03-15T18:34:48.132+0000] {dag.py:3834} INFO - Setting next_dagrun for tutorial to 2026-03-14 00:00:00+00:00, run_after=2026-03-15 00:00:00+00:00
[2026-03-15T18:34:48.149+0000] {processor.py:183} INFO - Processing /home/airflow/.local/lib/python3.11/site-packages/airflow/example_dags/tutorial.py took 0.062 seconds
[2026-03-15T18:35:18.982+0000] {processor.py:161} INFO - Started process (PID=163) to work on /home/airflow/.local/lib/python3.11/site-packages/airflow/example_dags/tutorial.py
[2026-03-15T18:35:18.985+0000] {processor.py:830} INFO - Processing file /home/airflow/.local/lib/python3.11/site-packages/airflow/example_dags/tutorial.py for tasks to queue
[2026-03-15T18:35:18.987+0000] {logging_mixin.py:188} INFO - [2026-03-15T18:35:18.987+0000] {dagbag.py:540} INFO - Filling up the DagBag from /home/airflow/.local/lib/python3.11/site-packages/airflow/example_dags/tutorial.py
[2026-03-15T18:35:18.992+0000] {processor.py:840} INFO - DAG(s) 'tutorial' retrieved from /home/airflow/.local/lib/python3.11/site-packages/airflow/example_dags/tutorial.py
[2026-03-15T18:35:19.063+0000] {logging_mixin.py:188} INFO - [2026-03-15T18:35:19.063+0000] {dag.py:3047} INFO - Sync 1 DAGs
[2026-03-15T18:35:19.076+0000] {logging_mixin.py:188} INFO - [2026-03-15T18:35:19.076+0000] {dag.py:3834} INFO - Setting next_dagrun for tutorial to 2026-03-14 00:00:00+00:00, run_after=2026-03-15 00:00:00+00:00
[2026-03-15T18:35:19.091+0000] {processor.py:183} INFO - Processing /home/airflow/.local/lib/python3.11/site-packages/airflow/example_dags/tutorial.py took 0.111 seconds
[2026-03-15T18:39:28.127+0000] {processor.py:161} INFO - Started process (PID=69) to work on /home/airflow/.local/lib/python3.11/site-packages/airflow/example_dags/tutorial.py
[2026-03-15T18:39:28.128+0000] {processor.py:830} INFO - Processing file /home/airflow/.local/lib/python3.11/site-packages/airflow/example_dags/tutorial.py for tasks to queue
[2026-03-15T18:39:28.130+0000] {logging_mixin.py:188} INFO - [2026-03-15T18:39:28.130+0000] {dagbag.py:540} INFO - Filling up the DagBag from /home/airflow/.local/lib/python3.11/site-packages/airflow/example_dags/tutorial.py
[2026-03-15T18:39:28.141+0000] {processor.py:840} INFO - DAG(s) 'tutorial' retrieved from /home/airflow/.local/lib/python3.11/site-packages/airflow/example_dags/tutorial.py
[2026-03-15T18:39:28.154+0000] {logging_mixin.py:188} INFO - [2026-03-15T18:39:28.153+0000] {dag.py:3047} INFO - Sync 1 DAGs
[2026-03-15T18:39:28.173+0000] {logging_mixin.py:188} INFO - [2026-03-15T18:39:28.173+0000] {dag.py:3834} INFO - Setting next_dagrun for tutorial to 2026-03-14 00:00:00+00:00, run_after=2026-03-15 00:00:00+00:00
[2026-03-15T18:39:28.187+0000] {processor.py:183} INFO - Processing /home/airflow/.local/lib/python3.11/site-packages/airflow/example_dags/tutorial.py took 0.065 seconds
[2026-03-15T18:39:58.646+0000] {processor.py:161} INFO - Started process (PID=131) to work on /home/airflow/.local/lib/python3.11/site-packages/airflow/example_dags/tutorial.py
[2026-03-15T18:39:58.647+0000] {processor.py:830} INFO - Processing file /home/airflow/.local/lib/python3.11/site-packages/airflow/example_dags/tutorial.py for tasks to queue
[2026-03-15T18:39:58.649+0000] {logging_mixin.py:188} INFO - [2026-03-15T18:39:58.649+0000] {dagbag.py:540} INFO - Filling up the DagBag from /home/airflow/.local/lib/python3.11/site-packages/airflow/example_dags/tutorial.py
[2026-03-15T18:39:58.656+0000] {processor.py:840} INFO - DAG(s) 'tutorial' retrieved from /home/airflow/.local/lib/python3.11/site-packages/airflow/example_dags/tutorial.py
[2026-03-15T18:39:58.736+0000] {logging_mixin.py:188} INFO - [2026-03-15T18:39:58.736+0000] {dag.py:3047} INFO - Sync 1 DAGs
[2026-03-15T18:39:58.754+0000] {logging_mixin.py:188} INFO - [2026-03-15T18:39:58.754+0000] {dag.py:3834} INFO - Setting next_dagrun for tutorial to 2026-03-14 00:00:00+00:00, run_after=2026-03-15 00:00:00+00:00
[2026-03-15T18:39:58.779+0000] {processor.py:183} INFO - Processing /home/airflow/.local/lib/python3.11/site-packages/airflow/example_dags/tutorial.py took 0.138 seconds
[2026-03-15T18:40:28.272+0000] {processor.py:161} INFO - Started process (PID=183) to work on /home/airflow/.local/lib/python3.11/site-packages/airflow/example_dags/tutorial.py
[2026-03-15T18:40:28.273+0000] {processor.py:830} INFO - Processing file /home/airflow/.local/lib/python3.11/site-packages/airflow/example_dags/tutorial.py for tasks to queue
[2026-03-15T18:40:28.275+0000] {logging_mixin.py:188} INFO - [2026-03-15T18:40:28.274+0000] {dagbag.py:540} INFO - Filling up the DagBag from /home/airflow/.local/lib/python3.11/site-packages/airflow/example_dags/tutorial.py
[2026-03-15T18:40:28.280+0000] {processor.py:840} INFO - DAG(s) 'tutorial' retrieved from /home/airflow/.local/lib/python3.11/site-packages/airflow/example_dags/tutorial.py
[2026-03-15T18:40:28.290+0000] {logging_mixin.py:188} INFO - [2026-03-15T18:40:28.290+0000] {dag.py:3047} INFO - Sync 1 DAGs
[2026-03-15T18:40:28.309+0000] {logging_mixin.py:188} INFO - [2026-03-15T18:40:28.309+0000] {dag.py:3834} INFO - Setting next_dagrun for tutorial to 2026-03-14 00:00:00+00:00, run_after=2026-03-15 00:00:00+00:00
[2026-03-15T18:40:28.323+0000] {processor.py:183} INFO - Processing /home/airflow/.local/lib/python3.11/site-packages/airflow/example_dags/tutorial.py took 0.054 seconds
[2026-03-15T18:40:33.323+0000] {processor.py:161} INFO - Started process (PID=233) to work on /home/airflow/.local/lib/python3.11/site-packages/airflow/example_dags/tutorial.py
[2026-03-15T18:40:33.323+0000] {processor.py:830} INFO - Processing file /home/airflow/.local/lib/python3.11/site-packages/airflow/example_dags/tutorial.py for tasks to queue
[2026-03-15T18:40:33.325+0000] {logging_mixin.py:188} INFO - [2026-03-15T18:40:33.325+0000] {dagbag.py:540} INFO - Filling up the DagBag from /home/airflow/.local/lib/python3.11/site-packages/airflow/example_dags/tutorial.py
[2026-03-15T18:40:33.329+0000] {processor.py:840} INFO - DAG(s) 'tutorial' retrieved from /home/airflow/.local/lib/python3.11/site-packages/airflow/example_dags/tutorial.py
[2026-03-15T18:40:33.344+0000] {logging_mixin.py:188} INFO - [2026-03-15T18:40:33.343+0000] {dag.py:3047} INFO - Sync 1 DAGs
[2026-03-15T18:40:33.359+0000] {logging_mixin.py:188} INFO - [2026-03-15T18:40:33.358+0000] {dag.py:3834} INFO - Setting next_dagrun for tutorial to 2026-03-14 00:00:00+00:00, run_after=2026-03-15 00:00:00+00:00
[2026-03-15T18:40:33.377+0000] {processor.py:183} INFO - Processing /home/airflow/.local/lib/python3.11/site-packages/airflow/example_dags/tutorial.py took 0.057 seconds
[2026-03-15T18:40:38.328+0000] {processor.py:161} INFO - Started process (PID=277) to work on /home/airflow/.local/lib/python3.11/site-packages/airflow/example_dags/tutorial.py
[2026-03-15T18:40:38.329+0000] {processor.py:830} INFO - Processing file /home/airflow/.local/lib/python3.11/site-packages/airflow/example_dags/tutorial.py for tasks to queue
[2026-03-15T18:40:38.331+0000] {logging_mixin.py:188} INFO - [2026-03-15T18:40:38.330+0000] {dagbag.py:540} INFO - Filling up the DagBag from /home/airflow/.local/lib/python3.11/site-packages/airflow/example_dags/tutorial.py
[2026-03-15T18:40:38.336+0000] {processor.py:840} INFO - DAG(s) 'tutorial' retrieved from /home/airflow/.local/lib/python3.11/site-packages/airflow/example_dags/tutorial.py
[2026-03-15T18:40:38.351+0000] {logging_mixin.py:188} INFO - [2026-03-15T18:40:38.351+0000] {dag.py:3047} INFO - Sync 1 DAGs
[2026-03-15T18:40:38.365+0000] {logging_mixin.py:188} INFO - [2026-03-15T18:40:38.365+0000] {dag.py:3834} INFO - Setting next_dagrun for tutorial to 2026-03-14 00:00:00+00:00, run_after=2026-03-15 00:00:00+00:00
[2026-03-15T18:40:38.378+0000] {processor.py:183} INFO - Processing /home/airflow/.local/lib/python3.11/site-packages/airflow/example_dags/tutorial.py took 0.053 seconds
[2026-03-15T18:40:43.064+0000] {processor.py:161} INFO - Started process (PID=319) to work on /home/airflow/.local/lib/python3.11/site-packages/airflow/example_dags/tutorial.py
[2026-03-15T18:40:43.065+0000] {processor.py:830} INFO - Processing file /home/airflow/.local/lib/python3.11/site-packages/airflow/example_dags/tutorial.py for tasks to queue
[2026-03-15T18:40:43.067+0000] {logging_mixin.py:188} INFO - [2026-03-15T18:40:43.066+0000] {dagbag.py:540} INFO - Filling up the DagBag from /home/airflow/.local/lib/python3.11/site-packages/airflow/example_dags/tutorial.py
[2026-03-15T18:40:43.071+0000] {processor.py:840} INFO - DAG(s) 'tutorial' retrieved from /home/airflow/.local/lib/python3.11/site-packages/airflow/example_dags/tutorial.py
[2026-03-15T18:40:43.085+0000] {logging_mixin.py:188} INFO - [2026-03-15T18:40:43.085+0000] {dag.py:3047} INFO - Sync 1 DAGs
[2026-03-15T18:40:43.099+0000] {logging_mixin.py:188} INFO - [2026-03-15T18:40:43.099+0000] {dag.py:3834} INFO - Setting next_dagrun for tutorial to 2026-03-14 00:00:00+00:00, run_after=2026-03-15 00:00:00+00:00
[2026-03-15T18:40:43.111+0000] {processor.py:183} INFO - Processing /home/airflow/.local/lib/python3.11/site-packages/airflow/example_dags/tutorial.py took 0.050 seconds
[2026-03-15T18:40:52.954+0000] {processor.py:161} INFO - Started process (PID=358) to work on /home/airflow/.local/lib/python3.11/site-packages/airflow/example_dags/tutorial.py
[2026-03-15T18:40:52.955+0000] {processor.py:830} INFO - Processing file /home/airflow/.local/lib/python3.11/site-packages/airflow/example_dags/tutorial.py for tasks to queue
[2026-03-15T18:40:52.957+0000] {logging_mixin.py:188} INFO - [2026-03-15T18:40:52.957+0000] {dagbag.py:540} INFO - Filling up the DagBag from /home/airflow/.local/lib/python3.11/site-packages/airflow/example_dags/tutorial.py
[2026-03-15T18:40:52.962+0000] {processor.py:840} INFO - DAG(s) 'tutorial' retrieved from /home/airflow/.local/lib/python3.11/site-packages/airflow/example_dags/tutorial.py
[2026-03-15T18:40:52.978+0000] {logging_mixin.py:188} INFO - [2026-03-15T18:40:52.977+0000] {dag.py:3047} INFO - Sync 1 DAGs
[2026-03-15T18:40:52.993+0000] {logging_mixin.py:188} INFO - [2026-03-15T18:40:52.993+0000] {dag.py:3834} INFO - Setting next_dagrun for tutorial to 2026-03-14 00:00:00+00:00, run_after=2026-03-15 00:00:00+00:00
[2026-03-15T18:40:53.007+0000] {processor.py:183} INFO - Processing /home/airflow/.local/lib/python3.11/site-packages/airflow/example_dags/tutorial.py took 0.056 seconds
[2026-03-15T18:41:23.645+0000] {processor.py:161} INFO - Started process (PID=398) to work on /home/airflow/.local/lib/python3.11/site-packages/airflow/example_dags/tutorial.py
[2026-03-15T18:41:23.646+0000] {processor.py:830} INFO - Processing file /home/airflow/.local/lib/python3.11/site-packages/airflow/example_dags/tutorial.py for tasks to queue
[2026-03-15T18:41:23.648+0000] {logging_mixin.py:188} INFO - [2026-03-15T18:41:23.647+0000] {dagbag.py:540} INFO - Filling up the DagBag from /home/airflow/.local/lib/python3.11/site-packages/airflow/example_dags/tutorial.py
[2026-03-15T18:41:23.653+0000] {processor.py:840} INFO - DAG(s) 'tutorial' retrieved from /home/airflow/.local/lib/python3.11/site-packages/airflow/example_dags/tutorial.py
[2026-03-15T18:41:23.678+0000] {logging_mixin.py:188} INFO - [2026-03-15T18:41:23.678+0000] {dag.py:3047} INFO - Sync 1 DAGs
[2026-03-15T18:41:23.697+0000] {logging_mixin.py:188} INFO - [2026-03-15T18:41:23.697+0000] {dag.py:3834} INFO - Setting next_dagrun for tutorial to 2026-03-14 00:00:00+00:00, run_after=2026-03-15 00:00:00+00:00
[2026-03-15T18:41:23.715+0000] {processor.py:183} INFO - Processing /home/airflow/.local/lib/python3.11/site-packages/airflow/example_dags/tutorial.py took 0.073 seconds
[2026-03-15T18:41:54.544+0000] {processor.py:161} INFO - Started process (PID=444) to work on /home/airflow/.local/lib/python3.11/site-packages/airflow/example_dags/tutorial.py
[2026-03-15T18:41:54.545+0000] {processor.py:830} INFO - Processing file /home/airflow/.local/lib/python3.11/site-packages/airflow/example_dags/tutorial.py for tasks to queue
[2026-03-15T18:41:54.547+0000] {logging_mixin.py:188} INFO - [2026-03-15T18:41:54.547+0000] {dagbag.py:540} INFO - Filling up the DagBag from /home/airflow/.local/lib/python3.11/site-packages/airflow/example_dags/tutorial.py
[2026-03-15T18:41:54.552+0000] {processor.py:840} INFO - DAG(s) 'tutorial' retrieved from /home/airflow/.local/lib/python3.11/site-packages/airflow/example_dags/tutorial.py
[2026-03-15T18:41:54.568+0000] {logging_mixin.py:188} INFO - [2026-03-15T18:41:54.567+0000] {dag.py:3047} INFO - Sync 1 DAGs
[2026-03-15T18:41:54.581+0000] {logging_mixin.py:188} INFO - [2026-03-15T18:41:54.581+0000] {dag.py:3834} INFO - Setting next_dagrun for tutorial to 2026-03-14 00:00:00+00:00, run_after=2026-03-15 00:00:00+00:00
[2026-03-15T18:41:54.594+0000] {processor.py:183} INFO - Processing /home/airflow/.local/lib/python3.11/site-packages/airflow/example_dags/tutorial.py took 0.052 seconds
[2026-03-15T18:42:25.199+0000] {processor.py:161} INFO - Started process (PID=500) to work on /home/airflow/.local/lib/python3.11/site-packages/airflow/example_dags/tutorial.py
[2026-03-15T18:42:25.200+0000] {processor.py:830} INFO - Processing file /home/airflow/.local/lib/python3.11/site-packages/airflow/example_dags/tutorial.py for tasks to queue
[2026-03-15T18:42:25.203+0000] {logging_mixin.py:188} INFO - [2026-03-15T18:42:25.203+0000] {dagbag.py:540} INFO - Filling up the DagBag from /home/airflow/.local/lib/python3.11/site-packages/airflow/example_dags/tutorial.py
[2026-03-15T18:42:25.211+0000] {processor.py:840} INFO - DAG(s) 'tutorial' retrieved from /home/airflow/.local/lib/python3.11/site-packages/airflow/example_dags/tutorial.py
[2026-03-15T18:42:25.237+0000] {logging_mixin.py:188} INFO - [2026-03-15T18:42:25.237+0000] {dag.py:3047} INFO - Sync 1 DAGs
[2026-03-15T18:42:25.258+0000] {logging_mixin.py:188} INFO - [2026-03-15T18:42:25.258+0000] {dag.py:3834} INFO - Setting next_dagrun for tutorial to 2026-03-14 00:00:00+00:00, run_after=2026-03-15 00:00:00+00:00
[2026-03-15T18:42:25.278+0000] {processor.py:183} INFO - Processing /home/airflow/.local/lib/python3.11/site-packages/airflow/example_dags/tutorial.py took 0.084 seconds
[2026-03-15T18:42:28.711+0000] {processor.py:161} INFO - Started process (PID=547) to work on /home/airflow/.local/lib/python3.11/site-packages/airflow/example_dags/tutorial.py
[2026-03-15T18:42:28.712+0000] {processor.py:830} INFO - Processing file /home/airflow/.local/lib/python3.11/site-packages/airflow/example_dags/tutorial.py for tasks to queue
[2026-03-15T18:42:28.713+0000] {logging_mixin.py:188} INFO - [2026-03-15T18:42:28.713+0000] {dagbag.py:540} INFO - Filling up the DagBag from /home/airflow/.local/lib/python3.11/site-packages/airflow/example_dags/tutorial.py
[2026-03-15T18:42:28.719+0000] {processor.py:840} INFO - DAG(s) 'tutorial' retrieved from /home/airflow/.local/lib/python3.11/site-packages/airflow/example_dags/tutorial.py
[2026-03-15T18:42:28.736+0000] {logging_mixin.py:188} INFO - [2026-03-15T18:42:28.735+0000] {dag.py:3047} INFO - Sync 1 DAGs
[2026-03-15T18:42:28.754+0000] {logging_mixin.py:188} INFO - [2026-03-15T18:42:28.754+0000] {dag.py:3834} INFO - Setting next_dagrun for tutorial to 2026-03-14 00:00:00+00:00, run_after=2026-03-15 00:00:00+00:00
[2026-03-15T18:42:28.770+0000] {processor.py:183} INFO - Processing /home/airflow/.local/lib/python3.11/site-packages/airflow/example_dags/tutorial.py took 0.062 seconds
[2026-03-15T18:42:58.976+0000] {processor.py:161} INFO - Started process (PID=597) to work on /home/airflow/.local/lib/python3.11/site-packages/airflow/example_dags/tutorial.py
[2026-03-15T18:42:58.977+0000] {processor.py:830} INFO - Processing file /home/airflow/.local/lib/python3.11/site-packages/airflow/example_dags/tutorial.py for tasks to queue
[2026-03-15T18:42:58.979+0000] {logging_mixin.py:188} INFO - [2026-03-15T18:42:58.978+0000] {dagbag.py:540} INFO - Filling up the DagBag from /home/airflow/.local/lib/python3.11/site-packages/airflow/example_dags/tutorial.py
[2026-03-15T18:42:58.984+0000] {processor.py:840} INFO - DAG(s) 'tutorial' retrieved from /home/airflow/.local/lib/python3.11/site-packages/airflow/example_dags/tutorial.py
[2026-03-15T18:42:58.999+0000] {logging_mixin.py:188} INFO - [2026-03-15T18:42:58.999+0000] {dag.py:3047} INFO - Sync 1 DAGs
[2026-03-15T18:42:59.014+0000] {logging_mixin.py:188} INFO - [2026-03-15T18:42:59.013+0000] {dag.py:3834} INFO - Setting next_dagrun for tutorial to 2026-03-14 00:00:00+00:00, run_after=2026-03-15 00:00:00+00:00
[2026-03-15T18:42:59.025+0000] {processor.py:183} INFO - Processing /home/airflow/.local/lib/python3.11/site-packages/airflow/example_dags/tutorial.py took 0.052 seconds
[2026-03-15T18:43:29.456+0000] {processor.py:161} INFO - Started process (PID=647) to work on /home/airflow/.local/lib/python3.11/site-packages/airflow/example_dags/tutorial.py
[2026-03-15T18:43:29.457+0000] {processor.py:830} INFO - Processing file /home/airflow/.local/lib/python3.11/site-packages/airflow/example_dags/tutorial.py for tasks to queue
[2026-03-15T18:43:29.460+0000] {logging_mixin.py:188} INFO - [2026-03-15T18:43:29.459+0000] {dagbag.py:540} INFO - Filling up the DagBag from /home/airflow/.local/lib/python3.11/site-packages/airflow/example_dags/tutorial.py
[2026-03-15T18:43:29.465+0000] {processor.py:840} INFO - DAG(s) 'tutorial' retrieved from /home/airflow/.local/lib/python3.11/site-packages/airflow/example_dags/tutorial.py
[2026-03-15T18:43:29.484+0000] {logging_mixin.py:188} INFO - [2026-03-15T18:43:29.484+0000] {dag.py:3047} INFO - Sync 1 DAGs
[2026-03-15T18:43:29.502+0000] {logging_mixin.py:188} INFO - [2026-03-15T18:43:29.501+0000] {dag.py:3834} INFO - Setting next_dagrun for tutorial to 2026-03-14 00:00:00+00:00, run_after=2026-03-15 00:00:00+00:00
[2026-03-15T18:43:29.519+0000] {processor.py:183} INFO - Processing /home/airflow/.local/lib/python3.11/site-packages/airflow/example_dags/tutorial.py took 0.067 seconds
[2026-03-15T18:43:33.784+0000] {processor.py:161} INFO - Started process (PID=701) to work on /home/airflow/.local/lib/python3.11/site-packages/airflow/example_dags/tutorial.py
[2026-03-15T18:43:33.785+0000] {processor.py:830} INFO - Processing file /home/airflow/.local/lib/python3.11/site-packages/airflow/example_dags/tutorial.py for tasks to queue
[2026-03-15T18:43:33.787+0000] {logging_mixin.py:188} INFO - [2026-03-15T18:43:33.787+0000] {dagbag.py:540} INFO - Filling up the DagBag from /home/airflow/.local/lib/python3.11/site-packages/airflow/example_dags/tutorial.py
[2026-03-15T18:43:33.792+0000] {processor.py:840} INFO - DAG(s) 'tutorial' retrieved from /home/airflow/.local/lib/python3.11/site-packages/airflow/example_dags/tutorial.py
[2026-03-15T18:43:33.809+0000] {logging_mixin.py:188} INFO - [2026-03-15T18:43:33.809+0000] {dag.py:3047} INFO - Sync 1 DAGs
[2026-03-15T18:43:33.827+0000] {logging_mixin.py:188} INFO - [2026-03-15T18:43:33.827+0000] {dag.py:3834} INFO - Setting next_dagrun for tutorial to 2026-03-14 00:00:00+00:00, run_after=2026-03-15 00:00:00+00:00
[2026-03-15T18:43:33.841+0000] {processor.py:183} INFO - Processing /home/airflow/.local/lib/python3.11/site-packages/airflow/example_dags/tutorial.py took 0.060 seconds
[2026-03-15T18:44:04.132+0000] {processor.py:161} INFO - Started process (PID=754) to work on /home/airflow/.local/lib/python3.11/site-packages/airflow/example_dags/tutorial.py
[2026-03-15T18:44:04.133+0000] {processor.py:830} INFO - Processing file /home/airflow/.local/lib/python3.11/site-packages/airflow/example_dags/tutorial.py for tasks to queue
[2026-03-15T18:44:04.134+0000] {logging_mixin.py:188} INFO - [2026-03-15T18:44:04.134+0000] {dagbag.py:540} INFO - Filling up the DagBag from /home/airflow/.local/lib/python3.11/site-packages/airflow/example_dags/tutorial.py
[2026-03-15T18:44:04.139+0000] {processor.py:840} INFO - DAG(s) 'tutorial' retrieved from /home/airflow/.local/lib/python3.11/site-packages/airflow/example_dags/tutorial.py
[2026-03-15T18:44:04.156+0000] {logging_mixin.py:188} INFO - [2026-03-15T18:44:04.155+0000] {dag.py:3047} INFO - Sync 1 DAGs
[2026-03-15T18:44:04.172+0000] {logging_mixin.py:188} INFO - [2026-03-15T18:44:04.172+0000] {dag.py:3834} INFO - Setting next_dagrun for tutorial to 2026-03-14 00:00:00+00:00, run_after=2026-03-15 00:00:00+00:00
[2026-03-15T18:44:04.188+0000] {processor.py:183} INFO - Processing /home/airflow/.local/lib/python3.11/site-packages/airflow/example_dags/tutorial.py took 0.059 seconds
[2026-03-15T18:44:34.525+0000] {processor.py:161} INFO - Started process (PID=807) to work on /home/airflow/.local/lib/python3.11/site-packages/airflow/example_dags/tutorial.py
[2026-03-15T18:44:34.526+0000] {processor.py:830} INFO - Processing file /home/airflow/.local/lib/python3.11/site-packages/airflow/example_dags/tutorial.py for tasks to queue
[2026-03-15T18:44:34.528+0000] {logging_mixin.py:188} INFO - [2026-03-15T18:44:34.528+0000] {dagbag.py:540} INFO - Filling up the DagBag from /home/airflow/.local/lib/python3.11/site-packages/airflow/example_dags/tutorial.py
[2026-03-15T18:44:34.533+0000] {processor.py:840} INFO - DAG(s) 'tutorial' retrieved from /home/airflow/.local/lib/python3.11/site-packages/airflow/example_dags/tutorial.py
[2026-03-15T18:44:34.554+0000] {logging_mixin.py:188} INFO - [2026-03-15T18:44:34.554+0000] {dag.py:3047} INFO - Sync 1 DAGs
[2026-03-15T18:44:34.577+0000] {logging_mixin.py:188} INFO - [2026-03-15T18:44:34.577+0000] {dag.py:3834} INFO - Setting next_dagrun for tutorial to 2026-03-14 00:00:00+00:00, run_after=2026-03-15 00:00:00+00:00
[2026-03-15T18:44:34.604+0000] {processor.py:183} INFO - Processing /home/airflow/.local/lib/python3.11/site-packages/airflow/example_dags/tutorial.py took 0.083 seconds
[2026-03-15T18:45:37.223+0000] {processor.py:161} INFO - Started process (PID=857) to work on /home/airflow/.local/lib/python3.11/site-packages/airflow/example_dags/tutorial.py
[2026-03-15T18:45:37.224+0000] {processor.py:830} INFO - Processing file /home/airflow/.local/lib/python3.11/site-packages/airflow/example_dags/tutorial.py for tasks to queue
[2026-03-15T18:45:37.226+0000] {logging_mixin.py:188} INFO - [2026-03-15T18:45:37.226+0000] {dagbag.py:540} INFO - Filling up the DagBag from /home/airflow/.local/lib/python3.11/site-packages/airflow/example_dags/tutorial.py
[2026-03-15T18:45:37.231+0000] {processor.py:840} INFO - DAG(s) 'tutorial' retrieved from /home/airflow/.local/lib/python3.11/site-packages/airflow/example_dags/tutorial.py
[2026-03-15T18:45:37.250+0000] {logging_mixin.py:188} INFO - [2026-03-15T18:45:37.250+0000] {dag.py:3047} INFO - Sync 1 DAGs
[2026-03-15T18:45:37.267+0000] {logging_mixin.py:188} INFO - [2026-03-15T18:45:37.267+0000] {dag.py:3834} INFO - Setting next_dagrun for tutorial to 2026-03-14 00:00:00+00:00, run_after=2026-03-15 00:00:00+00:00
[2026-03-15T18:45:37.287+0000] {processor.py:183} INFO - Processing /home/airflow/.local/lib/python3.11/site-packages/airflow/example_dags/tutorial.py took 0.067 seconds
